,equity
2020-01-01 00:00:00+00:00,10000.0
2020-01-01 04:00:00+00:00,10000.0
2020-01-01 08:00:00+00:00,10000.0
2020-01-01 12:00:00+00:00,10000.0
2020-01-01 16:00:00+00:00,10000.0
2020-01-01 20:00:00+00:00,10000.0
2020-01-02 00:00:00+00:00,10000.0
2020-01-02 04:00:00+00:00,10000.0
2020-01-02 08:00:00+00:00,10000.0
2020-01-02 12:00:00+00:00,10000.0
2020-01-02 16:00:00+00:00,10000.0
2020-01-02 20:00:00+00:00,10000.0
2020-01-03 00:00:00+00:00,10000.0
2020-01-03 04:00:00+00:00,10000.0
2020-01-03 08:00:00+00:00,10000.0
2020-01-03 12:00:00+00:00,10000.0
2020-01-03 16:00:00+00:00,10000.0
2020-01-03 20:00:00+00:00,10000.0
2020-01-04 00:00:00+00:00,10000.0
2020-01-04 04:00:00+00:00,10000.0
2020-01-04 08:00:00+00:00,10000.0
2020-01-04 12:00:00+00:00,10000.0
2020-01-04 16:00:00+00:00,10000.0
2020-01-04 20:00:00+00:00,10000.0
2020-01-05 00:00:00+00:00,10000.0
2020-01-05 04:00:00+00:00,10000.0
2020-01-05 08:00:00+00:00,10000.0
2020-01-05 12:00:00+00:00,10000.0
2020-01-05 16:00:00+00:00,10000.0
2020-01-05 20:00:00+00:00,10000.0
2020-01-06 00:00:00+00:00,10000.0
2020-01-06 04:00:00+00:00,10000.0
2020-01-06 08:00:00+00:00,10000.0
2020-01-06 12:00:00+00:00,10000.0
2020-01-06 16:00:00+00:00,10000.0
2020-01-06 20:00:00+00:00,10000.0
2020-01-07 00:00:00+00:00,10000.0
2020-01-07 04:00:00+00:00,10000.0
2020-01-07 08:00:00+00:00,10000.0
2020-01-07 12:00:00+00:00,10000.0
2020-01-07 16:00:00+00:00,10000.0
2020-01-07 20:00:00+00:00,10000.0
2020-01-08 00:00:00+00:00,10000.0
2020-01-08 04:00:00+00:00,10000.0
2020-01-08 08:00:00+00:00,10000.0
2020-01-08 12:00:00+00:00,10000.0
2020-01-08 16:00:00+00:00,10000.0
2020-01-08 20:00:00+00:00,10000.0
2020-01-09 00:00:00+00:00,10000.0
2020-01-09 04:00:00+00:00,10000.0
2020-01-09 08:00:00+00:00,10000.0
2020-01-09 12:00:00+00:00,10000.0
2020-01-09 16:00:00+00:00,10000.0
2020-01-09 20:00:00+00:00,10000.0
2020-01-10 00:00:00+00:00,10000.0
2020-01-10 04:00:00+00:00,10000.0
2020-01-10 08:00:00+00:00,10000.0
2020-01-10 12:00:00+00:00,10000.0
2020-01-10 16:00:00+00:00,10000.0
2020-01-10 20:00:00+00:00,10000.0
2020-01-11 00:00:00+00:00,10000.0
2020-01-11 04:00:00+00:00,10000.0
2020-01-11 08:00:00+00:00,10000.0
2020-01-11 12:00:00+00:00,10000.0
2020-01-11 16:00:00+00:00,10000.0
2020-01-11 20:00:00+00:00,10000.0
2020-01-12 00:00:00+00:00,10000.0
2020-01-12 04:00:00+00:00,10000.0
2020-01-12 08:00:00+00:00,10000.0
2020-01-12 12:00:00+00:00,10000.0
2020-01-12 16:00:00+00:00,10000.0
2020-01-12 20:00:00+00:00,10000.0
2020-01-13 00:00:00+00:00,10000.0
2020-01-13 04:00:00+00:00,10000.0
2020-01-13 08:00:00+00:00,10000.0
2020-01-13 12:00:00+00:00,10000.0
2020-01-13 16:00:00+00:00,10000.0
2020-01-13 20:00:00+00:00,10000.0
2020-01-14 00:00:00+00:00,10000.0
2020-01-14 04:00:00+00:00,10000.0
2020-01-14 08:00:00+00:00,10000.0
2020-01-14 12:00:00+00:00,10000.0
2020-01-14 16:00:00+00:00,10000.0
2020-01-14 20:00:00+00:00,10000.0
2020-01-15 00:00:00+00:00,10000.0
2020-01-15 04:00:00+00:00,10000.0
2020-01-15 08:00:00+00:00,10000.0
2020-01-15 12:00:00+00:00,10000.0
2020-01-15 16:00:00+00:00,10000.0
2020-01-15 20:00:00+00:00,10000.0
2020-01-16 00:00:00+00:00,10000.0
2020-01-16 04:00:00+00:00,10000.0
2020-01-16 08:00:00+00:00,10000.0
2020-01-16 12:00:00+00:00,10000.0
2020-01-16 16:00:00+00:00,10000.0
2020-01-16 20:00:00+00:00,10000.0
2020-01-17 00:00:00+00:00,10000.0
2020-01-17 04:00:00+00:00,10000.0
2020-01-17 08:00:00+00:00,10000.0
2020-01-17 12:00:00+00:00,10000.0
2020-01-17 16:00:00+00:00,10000.0
2020-01-17 20:00:00+00:00,10000.0
2020-01-18 00:00:00+00:00,10000.0
2020-01-18 04:00:00+00:00,10000.0
2020-01-18 08:00:00+00:00,10000.0
2020-01-18 12:00:00+00:00,10000.0
2020-01-18 16:00:00+00:00,10000.0
2020-01-18 20:00:00+00:00,10000.0
2020-01-19 00:00:00+00:00,10000.0
2020-01-19 04:00:00+00:00,10000.0
2020-01-19 08:00:00+00:00,10000.0
2020-01-19 12:00:00+00:00,10000.0
2020-01-19 16:00:00+00:00,10000.0
2020-01-19 20:00:00+00:00,10000.0
2020-01-20 00:00:00+00:00,10000.0
2020-01-20 04:00:00+00:00,10000.0
2020-01-20 08:00:00+00:00,10000.0
2020-01-20 12:00:00+00:00,10000.0
2020-01-20 16:00:00+00:00,10000.0
2020-01-20 20:00:00+00:00,10000.0
2020-01-21 00:00:00+00:00,10000.0
2020-01-21 04:00:00+00:00,10000.0
2020-01-21 08:00:00+00:00,10000.0
2020-01-21 12:00:00+00:00,10000.0
2020-01-21 16:00:00+00:00,10000.0
2020-01-21 20:00:00+00:00,10000.0
2020-01-22 00:00:00+00:00,10000.0
2020-01-22 04:00:00+00:00,10000.0
2020-01-22 08:00:00+00:00,10000.0
2020-01-22 12:00:00+00:00,10000.0
2020-01-22 16:00:00+00:00,10000.0
2020-01-22 20:00:00+00:00,10000.0
2020-01-23 00:00:00+00:00,10000.0
2020-01-23 04:00:00+00:00,10000.0
2020-01-23 08:00:00+00:00,10000.0
2020-01-23 12:00:00+00:00,10000.0
2020-01-23 16:00:00+00:00,10000.0
2020-01-23 20:00:00+00:00,10000.0
2020-01-24 00:00:00+00:00,10000.0
2020-01-24 04:00:00+00:00,10000.0
2020-01-24 08:00:00+00:00,10000.0
2020-01-24 12:00:00+00:00,10000.0
2020-01-24 16:00:00+00:00,10000.0
2020-01-24 20:00:00+00:00,10000.0
2020-01-25 00:00:00+00:00,10000.0
2020-01-25 04:00:00+00:00,10000.0
2020-01-25 08:00:00+00:00,10000.0
2020-01-25 12:00:00+00:00,10000.0
2020-01-25 16:00:00+00:00,10000.0
2020-01-25 20:00:00+00:00,10000.0
2020-01-26 00:00:00+00:00,10000.0
2020-01-26 04:00:00+00:00,10000.0
2020-01-26 08:00:00+00:00,10000.0
2020-01-26 12:00:00+00:00,10000.0
2020-01-26 16:00:00+00:00,10000.0
2020-01-26 20:00:00+00:00,10037.598002263965
2020-01-27 00:00:00+00:00,10086.923492889879
2020-01-27 04:00:00+00:00,10076.99665282715
2020-01-27 08:00:00+00:00,10149.33843186865
2020-01-27 12:00:00+00:00,10253.940485964511
2020-01-27 16:00:00+00:00,10658.92603619143
2020-01-27 20:00:00+00:00,10603.637543792573
2020-01-28 00:00:00+00:00,11170.37326777593
2020-01-28 04:00:00+00:00,10904.070685109431
2020-01-28 08:00:00+00:00,10988.672764319816
2020-01-28 12:00:00+00:00,10908.227703869632
2020-01-28 16:00:00+00:00,10869.779650474848
2020-01-28 20:00:00+00:00,11304.61433804688
2020-01-29 00:00:00+00:00,11165.41870414625
2020-01-29 04:00:00+00:00,11177.119088711042
2020-01-29 08:00:00+00:00,11078.578935030988
2020-01-29 12:00:00+00:00,11049.467025219239
2020-01-29 16:00:00+00:00,11194.311218669027
2020-01-29 20:00:00+00:00,11067.772816037233
2020-01-30 00:00:00+00:00,11031.203059705273
2020-01-30 04:00:00+00:00,11188.037633192813
2020-01-30 08:00:00+00:00,11034.812537595
2020-01-30 12:00:00+00:00,11090.114165763222
2020-01-30 16:00:00+00:00,11437.515436926275
2020-01-30 20:00:00+00:00,11444.7861346007
2020-01-31 00:00:00+00:00,11217.82408710223
2020-01-31 04:00:00+00:00,11128.984199040262
2020-01-31 08:00:00+00:00,11017.524030608447
2020-01-31 12:00:00+00:00,11021.819140630947
2020-01-31 16:00:00+00:00,10985.298211472327
2020-01-31 20:00:00+00:00,11036.304559096943
2020-02-01 00:00:00+00:00,11111.229435496929
2020-02-01 04:00:00+00:00,11103.771943074036
2020-02-01 08:00:00+00:00,11022.679107138567
2020-02-01 12:00:00+00:00,10996.926510219666
2020-02-01 16:00:00+00:00,11028.027395829316
2020-02-01 20:00:00+00:00,11047.550407211978
2020-02-02 00:00:00+00:00,10918.319426954771
2020-02-02 04:00:00+00:00,10959.561491895758
2020-02-02 08:00:00+00:00,10957.59638129994
2020-02-02 12:00:00+00:00,10957.59638129994
2020-02-02 16:00:00+00:00,10913.084121533057
2020-02-02 20:00:00+00:00,10771.95217912751
2020-02-03 00:00:00+00:00,10766.288612930724
2020-02-03 04:00:00+00:00,10755.6374753265
2020-02-03 08:00:00+00:00,10748.095257368419
2020-02-03 12:00:00+00:00,10719.80475308809
2020-02-03 16:00:00+00:00,10755.58590009124
2020-02-03 20:00:00+00:00,10751.850425392206
2020-02-04 00:00:00+00:00,10751.850425392206
2020-02-04 04:00:00+00:00,10751.850425392206
2020-02-04 08:00:00+00:00,10751.850425392206
2020-02-04 12:00:00+00:00,10751.850425392206
2020-02-04 16:00:00+00:00,10751.850425392206
2020-02-04 20:00:00+00:00,10751.850425392206
2020-02-05 00:00:00+00:00,10751.850425392206
2020-02-05 04:00:00+00:00,10751.850425392206
2020-02-05 08:00:00+00:00,10751.850425392206
2020-02-05 12:00:00+00:00,10751.850425392206
2020-02-05 16:00:00+00:00,10751.850425392206
2020-02-05 20:00:00+00:00,10751.850425392206
2020-02-06 00:00:00+00:00,10751.850425392206
2020-02-06 04:00:00+00:00,10751.850425392206
2020-02-06 08:00:00+00:00,10751.850425392206
2020-02-06 12:00:00+00:00,10751.850425392206
2020-02-06 16:00:00+00:00,10751.850425392206
2020-02-06 20:00:00+00:00,10772.769483136886
2020-02-07 00:00:00+00:00,10780.376391737465
2020-02-07 04:00:00+00:00,10799.55852431729
2020-02-07 08:00:00+00:00,10814.165706981603
2020-02-07 12:00:00+00:00,10803.440792093415
2020-02-07 16:00:00+00:00,10726.03373390613
2020-02-07 20:00:00+00:00,10766.480846808572
2020-02-08 00:00:00+00:00,10515.024031941073
2020-02-08 04:00:00+00:00,10573.006694459835
2020-02-08 08:00:00+00:00,10662.715505893892
2020-02-08 12:00:00+00:00,10672.798113807168
2020-02-08 16:00:00+00:00,10700.24290968093
2020-02-08 20:00:00+00:00,10744.923063315357
2020-02-09 00:00:00+00:00,10928.59812093518
2020-02-09 04:00:00+00:00,11025.385177639988
2020-02-09 08:00:00+00:00,11007.3875494018
2020-02-09 12:00:00+00:00,10978.195077988445
2020-02-09 16:00:00+00:00,10945.041825185814
2020-02-09 20:00:00+00:00,11038.731019408426
2020-02-10 00:00:00+00:00,10910.981424982365
2020-02-10 04:00:00+00:00,10750.636536829727
2020-02-10 08:00:00+00:00,10744.147470002765
2020-02-10 12:00:00+00:00,10744.147470002765
2020-02-10 16:00:00+00:00,10744.147470002765
2020-02-10 20:00:00+00:00,10744.147470002765
2020-02-11 00:00:00+00:00,10744.147470002765
2020-02-11 04:00:00+00:00,10744.147470002765
2020-02-11 08:00:00+00:00,10744.147470002765
2020-02-11 12:00:00+00:00,10744.147470002765
2020-02-11 16:00:00+00:00,10822.422265688658
2020-02-11 20:00:00+00:00,10759.695358137804
2020-02-12 00:00:00+00:00,10780.758783899606
2020-02-12 04:00:00+00:00,10880.161057502815
2020-02-12 08:00:00+00:00,10858.315147785672
2020-02-12 12:00:00+00:00,10821.867140234874
2020-02-12 16:00:00+00:00,10808.837793748322
2020-02-12 20:00:00+00:00,10822.205800654572
2020-02-13 00:00:00+00:00,10871.25152745031
2020-02-13 04:00:00+00:00,10820.118535378577
2020-02-13 08:00:00+00:00,10615.805292830968
2020-02-13 12:00:00+00:00,10721.824959336891
2020-02-13 16:00:00+00:00,10713.530198543267
2020-02-13 20:00:00+00:00,10687.654435828774
2020-02-14 00:00:00+00:00,10709.859025542382
2020-02-14 04:00:00+00:00,10570.317130384981
2020-02-14 08:00:00+00:00,10612.744389641373
2020-02-14 12:00:00+00:00,10591.15726786799
2020-02-14 16:00:00+00:00,10673.396308888572
2020-02-14 20:00:00+00:00,10677.937670158755
2020-02-15 00:00:00+00:00,10607.493838748254
2020-02-15 04:00:00+00:00,10556.192071439433
2020-02-15 08:00:00+00:00,10553.430609703486
2020-02-15 12:00:00+00:00,10460.09691580049
2020-02-15 16:00:00+00:00,10458.307346427222
2020-02-15 20:00:00+00:00,10458.307346427222
2020-02-16 00:00:00+00:00,10458.307346427222
2020-02-16 04:00:00+00:00,10458.307346427222
2020-02-16 08:00:00+00:00,10458.307346427222
2020-02-16 12:00:00+00:00,10458.307346427222
2020-02-16 16:00:00+00:00,10458.307346427222
2020-02-16 20:00:00+00:00,10458.307346427222
2020-02-17 00:00:00+00:00,10458.307346427222
2020-02-17 04:00:00+00:00,10458.307346427222
2020-02-17 08:00:00+00:00,10458.307346427222
2020-02-17 12:00:00+00:00,10458.307346427222
2020-02-17 16:00:00+00:00,10458.307346427222
2020-02-17 20:00:00+00:00,10458.307346427222
2020-02-18 00:00:00+00:00,10458.307346427222
2020-02-18 04:00:00+00:00,10458.307346427222
2020-02-18 08:00:00+00:00,10458.307346427222
2020-02-18 12:00:00+00:00,10458.307346427222
2020-02-18 16:00:00+00:00,10458.307346427222
2020-02-18 20:00:00+00:00,10458.307346427222
2020-02-19 00:00:00+00:00,10447.663922898237
2020-02-19 04:00:00+00:00,10426.999302953918
2020-02-19 08:00:00+00:00,10487.25171996811
2020-02-19 12:00:00+00:00,10407.869533777055
2020-02-19 16:00:00+00:00,10442.160389133556
2020-02-19 20:00:00+00:00,9964.217151247653
2020-02-20 00:00:00+00:00,9960.097090947203
2020-02-20 04:00:00+00:00,9960.097090947203
2020-02-20 08:00:00+00:00,9960.097090947203
2020-02-20 12:00:00+00:00,9960.097090947203
2020-02-20 16:00:00+00:00,9960.097090947203
2020-02-20 20:00:00+00:00,9960.097090947203
2020-02-21 00:00:00+00:00,9960.097090947203
2020-02-21 04:00:00+00:00,9960.097090947203
2020-02-21 08:00:00+00:00,9960.097090947203
2020-02-21 12:00:00+00:00,9960.097090947203
2020-02-21 16:00:00+00:00,9960.097090947203
2020-02-21 20:00:00+00:00,9960.097090947203
2020-02-22 00:00:00+00:00,9960.097090947203
2020-02-22 04:00:00+00:00,9960.097090947203
2020-02-22 08:00:00+00:00,9960.097090947203
2020-02-22 12:00:00+00:00,9960.097090947203
2020-02-22 16:00:00+00:00,9960.097090947203
2020-02-22 20:00:00+00:00,9960.097090947203
2020-02-23 00:00:00+00:00,9960.097090947203
2020-02-23 04:00:00+00:00,9960.097090947203
2020-02-23 08:00:00+00:00,9960.097090947203
2020-02-23 12:00:00+00:00,9978.017559329553
2020-02-23 16:00:00+00:00,9979.091263541799
2020-02-23 20:00:00+00:00,9999.034242160118
2020-02-24 00:00:00+00:00,9863.550224490195
2020-02-24 04:00:00+00:00,9860.075471885519
2020-02-24 08:00:00+00:00,9860.075471885519
2020-02-24 12:00:00+00:00,9860.075471885519
2020-02-24 16:00:00+00:00,9860.075471885519
2020-02-24 20:00:00+00:00,9860.075471885519
2020-02-25 00:00:00+00:00,9860.075471885519
2020-02-25 04:00:00+00:00,9860.075471885519
2020-02-25 08:00:00+00:00,9860.075471885519
2020-02-25 12:00:00+00:00,9860.075471885519
2020-02-25 16:00:00+00:00,9860.075471885519
2020-02-25 20:00:00+00:00,9860.075471885519
2020-02-26 00:00:00+00:00,9860.075471885519
2020-02-26 04:00:00+00:00,9860.075471885519
2020-02-26 08:00:00+00:00,9860.075471885519
2020-02-26 12:00:00+00:00,9860.075471885519
2020-02-26 16:00:00+00:00,9860.075471885519
2020-02-26 20:00:00+00:00,9860.075471885519
2020-02-27 00:00:00+00:00,9860.075471885519
2020-02-27 04:00:00+00:00,9860.075471885519
2020-02-27 08:00:00+00:00,9860.075471885519
2020-02-27 12:00:00+00:00,9860.075471885519
2020-02-27 16:00:00+00:00,9860.075471885519
2020-02-27 20:00:00+00:00,9860.075471885519
2020-02-28 00:00:00+00:00,9860.075471885519
2020-02-28 04:00:00+00:00,9860.075471885519
2020-02-28 08:00:00+00:00,9860.075471885519
2020-02-28 12:00:00+00:00,9860.075471885519
2020-02-28 16:00:00+00:00,9860.075471885519
2020-02-28 20:00:00+00:00,9860.075471885519
2020-02-29 00:00:00+00:00,9860.075471885519
2020-02-29 04:00:00+00:00,9860.075471885519
2020-02-29 08:00:00+00:00,9860.075471885519
2020-02-29 12:00:00+00:00,9860.075471885519
2020-02-29 16:00:00+00:00,9860.075471885519
2020-02-29 20:00:00+00:00,9860.075471885519
2020-03-01 00:00:00+00:00,9860.075471885519
2020-03-01 04:00:00+00:00,9860.075471885519
2020-03-01 08:00:00+00:00,9860.075471885519
2020-03-01 12:00:00+00:00,9860.075471885519
2020-03-01 16:00:00+00:00,9860.075471885519
2020-03-01 20:00:00+00:00,9860.075471885519
2020-03-02 00:00:00+00:00,9860.075471885519
2020-03-02 04:00:00+00:00,9860.075471885519
2020-03-02 08:00:00+00:00,9860.075471885519
2020-03-02 12:00:00+00:00,9860.075471885519
2020-03-02 16:00:00+00:00,9860.075471885519
2020-03-02 20:00:00+00:00,9860.075471885519
2020-03-03 00:00:00+00:00,9860.075471885519
2020-03-03 04:00:00+00:00,9860.075471885519
2020-03-03 08:00:00+00:00,9860.075471885519
2020-03-03 12:00:00+00:00,9860.075471885519
2020-03-03 16:00:00+00:00,9860.075471885519
2020-03-03 20:00:00+00:00,9860.075471885519
2020-03-04 00:00:00+00:00,9860.075471885519
2020-03-04 04:00:00+00:00,9860.075471885519
2020-03-04 08:00:00+00:00,9860.075471885519
2020-03-04 12:00:00+00:00,9860.075471885519
2020-03-04 16:00:00+00:00,9860.075471885519
2020-03-04 20:00:00+00:00,9860.075471885519
2020-03-05 00:00:00+00:00,9860.075471885519
2020-03-05 04:00:00+00:00,9860.075471885519
2020-03-05 08:00:00+00:00,9860.075471885519
2020-03-05 12:00:00+00:00,9860.075471885519
2020-03-05 16:00:00+00:00,9860.075471885519
2020-03-05 20:00:00+00:00,9860.075471885519
2020-03-06 00:00:00+00:00,9860.075471885519
2020-03-06 04:00:00+00:00,9860.075471885519
2020-03-06 08:00:00+00:00,9860.075471885519
2020-03-06 12:00:00+00:00,9860.075471885519
2020-03-06 16:00:00+00:00,9860.075471885519
2020-03-06 20:00:00+00:00,9860.075471885519
2020-03-07 00:00:00+00:00,9860.075471885519
2020-03-07 04:00:00+00:00,9860.075471885519
2020-03-07 08:00:00+00:00,9860.075471885519
2020-03-07 12:00:00+00:00,9860.075471885519
2020-03-07 16:00:00+00:00,9860.075471885519
2020-03-07 20:00:00+00:00,9860.075471885519
2020-03-08 00:00:00+00:00,9860.075471885519
2020-03-08 04:00:00+00:00,9860.075471885519
2020-03-08 08:00:00+00:00,9860.075471885519
2020-03-08 12:00:00+00:00,9860.075471885519
2020-03-08 16:00:00+00:00,9860.075471885519
2020-03-08 20:00:00+00:00,9860.075471885519
2020-03-09 00:00:00+00:00,9860.075471885519
2020-03-09 04:00:00+00:00,9860.075471885519
2020-03-09 08:00:00+00:00,9860.075471885519
2020-03-09 12:00:00+00:00,9860.075471885519
2020-03-09 16:00:00+00:00,9860.075471885519
2020-03-09 20:00:00+00:00,9860.075471885519
2020-03-10 00:00:00+00:00,9860.075471885519
2020-03-10 04:00:00+00:00,9860.075471885519
2020-03-10 08:00:00+00:00,9860.075471885519
2020-03-10 12:00:00+00:00,9860.075471885519
2020-03-10 16:00:00+00:00,9860.075471885519
2020-03-10 20:00:00+00:00,9860.075471885519
2020-03-11 00:00:00+00:00,9860.075471885519
2020-03-11 04:00:00+00:00,9860.075471885519
2020-03-11 08:00:00+00:00,9860.075471885519
2020-03-11 12:00:00+00:00,9860.075471885519
2020-03-11 16:00:00+00:00,9860.075471885519
2020-03-11 20:00:00+00:00,9860.075471885519
2020-03-12 00:00:00+00:00,9860.075471885519
2020-03-12 04:00:00+00:00,9860.075471885519
2020-03-12 08:00:00+00:00,9860.075471885519
2020-03-12 12:00:00+00:00,9860.075471885519
2020-03-12 16:00:00+00:00,9860.075471885519
2020-03-12 20:00:00+00:00,9860.075471885519
2020-03-13 00:00:00+00:00,9860.075471885519
2020-03-13 04:00:00+00:00,9860.075471885519
2020-03-13 08:00:00+00:00,9860.075471885519
2020-03-13 12:00:00+00:00,9860.075471885519
2020-03-13 16:00:00+00:00,9860.075471885519
2020-03-13 20:00:00+00:00,9860.075471885519
2020-03-14 00:00:00+00:00,9860.075471885519
2020-03-14 04:00:00+00:00,9860.075471885519
2020-03-14 08:00:00+00:00,9860.075471885519
2020-03-14 12:00:00+00:00,9860.075471885519
2020-03-14 16:00:00+00:00,9860.075471885519
2020-03-14 20:00:00+00:00,9860.075471885519
2020-03-15 00:00:00+00:00,9860.075471885519
2020-03-15 04:00:00+00:00,9860.075471885519
2020-03-15 08:00:00+00:00,9860.075471885519
2020-03-15 12:00:00+00:00,9860.075471885519
2020-03-15 16:00:00+00:00,9860.075471885519
2020-03-15 20:00:00+00:00,9860.075471885519
2020-03-16 00:00:00+00:00,9860.075471885519
2020-03-16 04:00:00+00:00,9860.075471885519
2020-03-16 08:00:00+00:00,9860.075471885519
2020-03-16 12:00:00+00:00,9860.075471885519
2020-03-16 16:00:00+00:00,9860.075471885519
2020-03-16 20:00:00+00:00,9860.075471885519
2020-03-17 00:00:00+00:00,9860.075471885519
2020-03-17 04:00:00+00:00,9860.075471885519
2020-03-17 08:00:00+00:00,9860.075471885519
2020-03-17 12:00:00+00:00,9860.075471885519
2020-03-17 16:00:00+00:00,9860.075471885519
2020-03-17 20:00:00+00:00,9860.075471885519
2020-03-18 00:00:00+00:00,9860.075471885519
2020-03-18 04:00:00+00:00,9860.075471885519
2020-03-18 08:00:00+00:00,9860.075471885519
2020-03-18 12:00:00+00:00,9860.075471885519
2020-03-18 16:00:00+00:00,9860.075471885519
2020-03-18 20:00:00+00:00,9860.075471885519
2020-03-19 00:00:00+00:00,9860.075471885519
2020-03-19 04:00:00+00:00,9860.075471885519
2020-03-19 08:00:00+00:00,9860.075471885519
2020-03-19 12:00:00+00:00,9860.075471885519
2020-03-19 16:00:00+00:00,9860.075471885519
2020-03-19 20:00:00+00:00,9860.075471885519
2020-03-20 00:00:00+00:00,9860.075471885519
2020-03-20 04:00:00+00:00,9860.075471885519
2020-03-20 08:00:00+00:00,9860.075471885519
2020-03-20 12:00:00+00:00,9860.075471885519
2020-03-20 16:00:00+00:00,9860.075471885519
2020-03-20 20:00:00+00:00,9860.075471885519
2020-03-21 00:00:00+00:00,9860.075471885519
2020-03-21 04:00:00+00:00,9860.075471885519
2020-03-21 08:00:00+00:00,9860.075471885519
2020-03-21 12:00:00+00:00,9860.075471885519
2020-03-21 16:00:00+00:00,9860.075471885519
2020-03-21 20:00:00+00:00,9860.075471885519
2020-03-22 00:00:00+00:00,9860.075471885519
2020-03-22 04:00:00+00:00,9860.075471885519
2020-03-22 08:00:00+00:00,9860.075471885519
2020-03-22 12:00:00+00:00,9860.075471885519
2020-03-22 16:00:00+00:00,9860.075471885519
2020-03-22 20:00:00+00:00,9860.075471885519
2020-03-23 00:00:00+00:00,9860.075471885519
2020-03-23 04:00:00+00:00,9860.075471885519
2020-03-23 08:00:00+00:00,9860.075471885519
2020-03-23 12:00:00+00:00,9860.075471885519
2020-03-23 16:00:00+00:00,9860.075471885519
2020-03-23 20:00:00+00:00,9860.075471885519
2020-03-24 00:00:00+00:00,9860.075471885519
2020-03-24 04:00:00+00:00,9860.075471885519
2020-03-24 08:00:00+00:00,9860.075471885519
2020-03-24 12:00:00+00:00,9860.075471885519
2020-03-24 16:00:00+00:00,9860.075471885519
2020-03-24 20:00:00+00:00,9860.075471885519
2020-03-25 00:00:00+00:00,9860.075471885519
2020-03-25 04:00:00+00:00,9860.075471885519
2020-03-25 08:00:00+00:00,9860.075471885519
2020-03-25 12:00:00+00:00,9860.075471885519
2020-03-25 16:00:00+00:00,9860.075471885519
2020-03-25 20:00:00+00:00,9860.075471885519
2020-03-26 00:00:00+00:00,9860.075471885519
2020-03-26 04:00:00+00:00,9860.075471885519
2020-03-26 08:00:00+00:00,9860.075471885519
2020-03-26 12:00:00+00:00,9860.075471885519
2020-03-26 16:00:00+00:00,9860.075471885519
2020-03-26 20:00:00+00:00,9860.075471885519
2020-03-27 00:00:00+00:00,9860.075471885519
2020-03-27 04:00:00+00:00,9860.075471885519
2020-03-27 08:00:00+00:00,9860.075471885519
2020-03-27 12:00:00+00:00,9860.075471885519
2020-03-27 16:00:00+00:00,9860.075471885519
2020-03-27 20:00:00+00:00,9860.075471885519
2020-03-28 00:00:00+00:00,9860.075471885519
2020-03-28 04:00:00+00:00,9860.075471885519
2020-03-28 08:00:00+00:00,9860.075471885519
2020-03-28 12:00:00+00:00,9860.075471885519
2020-03-28 16:00:00+00:00,9860.075471885519
2020-03-28 20:00:00+00:00,9860.075471885519
2020-03-29 00:00:00+00:00,9860.075471885519
2020-03-29 04:00:00+00:00,9860.075471885519
2020-03-29 08:00:00+00:00,9860.075471885519
2020-03-29 12:00:00+00:00,9860.075471885519
2020-03-29 16:00:00+00:00,9860.075471885519
2020-03-29 20:00:00+00:00,9860.075471885519
2020-03-30 00:00:00+00:00,9860.075471885519
2020-03-30 04:00:00+00:00,9860.075471885519
2020-03-30 08:00:00+00:00,9860.075471885519
2020-03-30 12:00:00+00:00,9860.075471885519
2020-03-30 16:00:00+00:00,9860.075471885519
2020-03-30 20:00:00+00:00,9860.075471885519
2020-03-31 00:00:00+00:00,9860.075471885519
2020-03-31 04:00:00+00:00,9860.075471885519
2020-03-31 08:00:00+00:00,9860.075471885519
2020-03-31 12:00:00+00:00,9860.075471885519
2020-03-31 16:00:00+00:00,9860.075471885519
2020-03-31 20:00:00+00:00,9860.075471885519
2020-04-01 00:00:00+00:00,9860.075471885519
2020-04-01 04:00:00+00:00,9860.075471885519
2020-04-01 08:00:00+00:00,9860.075471885519
2020-04-01 12:00:00+00:00,9860.075471885519
2020-04-01 16:00:00+00:00,9860.075471885519
2020-04-01 20:00:00+00:00,9860.075471885519
2020-04-02 00:00:00+00:00,9860.075471885519
2020-04-02 04:00:00+00:00,9860.075471885519
2020-04-02 08:00:00+00:00,9860.075471885519
2020-04-02 12:00:00+00:00,9860.075471885519
2020-04-02 16:00:00+00:00,9860.075471885519
2020-04-02 20:00:00+00:00,9860.075471885519
2020-04-03 00:00:00+00:00,9860.075471885519
2020-04-03 04:00:00+00:00,9860.075471885519
2020-04-03 08:00:00+00:00,9860.075471885519
2020-04-03 12:00:00+00:00,9860.075471885519
2020-04-03 16:00:00+00:00,9860.075471885519
2020-04-03 20:00:00+00:00,9860.075471885519
2020-04-04 00:00:00+00:00,9860.075471885519
2020-04-04 04:00:00+00:00,9860.075471885519
2020-04-04 08:00:00+00:00,9841.104763193274
2020-04-04 12:00:00+00:00,9857.962966801308
2020-04-04 16:00:00+00:00,9866.480590250167
2020-04-04 20:00:00+00:00,9923.158373672937
2020-04-05 00:00:00+00:00,9833.309994808818
2020-04-05 04:00:00+00:00,9817.78394396693
2020-04-05 08:00:00+00:00,9820.235246821385
2020-04-05 12:00:00+00:00,9823.172771907744
2020-04-05 16:00:00+00:00,9827.55217614595
2020-04-05 20:00:00+00:00,9817.297776494524
2020-04-06 00:00:00+00:00,9855.16654184055
2020-04-06 04:00:00+00:00,10160.226069760178
2020-04-06 08:00:00+00:00,10281.036194222846
2020-04-06 12:00:00+00:00,10355.33320386118
2020-04-06 16:00:00+00:00,10568.271284021981
2020-04-06 20:00:00+00:00,10673.756233963657
2020-04-07 00:00:00+00:00,10662.787545144407
2020-04-07 04:00:00+00:00,10754.836686568053
2020-04-07 08:00:00+00:00,10768.380085111026
2020-04-07 12:00:00+00:00,10653.530087530979
2020-04-07 16:00:00+00:00,10604.971596000136
2020-04-07 20:00:00+00:00,10448.852300728942
2020-04-08 00:00:00+00:00,10714.340872702283
2020-04-08 04:00:00+00:00,10664.535728201483
2020-04-08 08:00:00+00:00,10608.241184735023
2020-04-08 12:00:00+00:00,10585.202142529044
2020-04-08 16:00:00+00:00,10633.386870646073
2020-04-08 20:00:00+00:00,10727.410976969875
2020-04-09 00:00:00+00:00,10595.86814778452
2020-04-09 04:00:00+00:00,10671.200093597383
2020-04-09 08:00:00+00:00,10423.644333888165
2020-04-09 12:00:00+00:00,10484.101699455241
2020-04-09 16:00:00+00:00,10471.594770958867
2020-04-09 20:00:00+00:00,10485.028112523078
2020-04-10 00:00:00+00:00,10416.604763258923
2020-04-10 04:00:00+00:00,10414.256405130607
2020-04-10 08:00:00+00:00,10414.256405130607
2020-04-10 12:00:00+00:00,10414.256405130607
2020-04-10 16:00:00+00:00,10414.256405130607
2020-04-10 20:00:00+00:00,10414.256405130607
2020-04-11 00:00:00+00:00,10414.256405130607
2020-04-11 04:00:00+00:00,10414.256405130607
2020-04-11 08:00:00+00:00,10414.256405130607
2020-04-11 12:00:00+00:00,10414.256405130607
2020-04-11 16:00:00+00:00,10414.256405130607
2020-04-11 20:00:00+00:00,10414.256405130607
2020-04-12 00:00:00+00:00,10414.256405130607
2020-04-12 04:00:00+00:00,10414.256405130607
2020-04-12 08:00:00+00:00,10414.256405130607
2020-04-12 12:00:00+00:00,10414.256405130607
2020-04-12 16:00:00+00:00,10483.789964869195
2020-04-12 20:00:00+00:00,10324.765117877449
2020-04-13 00:00:00+00:00,10146.405779926334
2020-04-13 04:00:00+00:00,10143.77719588547
2020-04-13 08:00:00+00:00,10143.77719588547
2020-04-13 12:00:00+00:00,10143.77719588547
2020-04-13 16:00:00+00:00,10143.77719588547
2020-04-13 20:00:00+00:00,10143.77719588547
2020-04-14 00:00:00+00:00,10143.77719588547
2020-04-14 04:00:00+00:00,10143.77719588547
2020-04-14 08:00:00+00:00,10143.77719588547
2020-04-14 12:00:00+00:00,10143.77719588547
2020-04-14 16:00:00+00:00,10143.77719588547
2020-04-14 20:00:00+00:00,10143.77719588547
2020-04-15 00:00:00+00:00,10143.77719588547
2020-04-15 04:00:00+00:00,10143.77719588547
2020-04-15 08:00:00+00:00,10143.77719588547
2020-04-15 12:00:00+00:00,10143.77719588547
2020-04-15 16:00:00+00:00,10143.77719588547
2020-04-15 20:00:00+00:00,10143.77719588547
2020-04-16 00:00:00+00:00,10143.77719588547
2020-04-16 04:00:00+00:00,10143.77719588547
2020-04-16 08:00:00+00:00,10143.77719588547
2020-04-16 12:00:00+00:00,10143.77719588547
2020-04-16 16:00:00+00:00,10143.77719588547
2020-04-16 20:00:00+00:00,10143.77719588547
2020-04-17 00:00:00+00:00,10143.77719588547
2020-04-17 04:00:00+00:00,10143.77719588547
2020-04-17 08:00:00+00:00,10143.77719588547
2020-04-17 12:00:00+00:00,10143.77719588547
2020-04-17 16:00:00+00:00,10143.77719588547
2020-04-17 20:00:00+00:00,10143.77719588547
2020-04-18 00:00:00+00:00,10143.77719588547
2020-04-18 04:00:00+00:00,10143.77719588547
2020-04-18 08:00:00+00:00,10143.77719588547
2020-04-18 12:00:00+00:00,10143.77719588547
2020-04-18 16:00:00+00:00,10143.77719588547
2020-04-18 20:00:00+00:00,10143.77719588547
2020-04-19 00:00:00+00:00,10143.77719588547
2020-04-19 04:00:00+00:00,10143.77719588547
2020-04-19 08:00:00+00:00,10143.77719588547
2020-04-19 12:00:00+00:00,10143.77719588547
2020-04-19 16:00:00+00:00,10143.77719588547
2020-04-19 20:00:00+00:00,10143.77719588547
2020-04-20 00:00:00+00:00,10143.77719588547
2020-04-20 04:00:00+00:00,10143.77719588547
2020-04-20 08:00:00+00:00,10143.77719588547
2020-04-20 12:00:00+00:00,10143.77719588547
2020-04-20 16:00:00+00:00,10143.77719588547
2020-04-20 20:00:00+00:00,10143.77719588547
2020-04-21 00:00:00+00:00,10143.77719588547
2020-04-21 04:00:00+00:00,10143.77719588547
2020-04-21 08:00:00+00:00,10143.77719588547
2020-04-21 12:00:00+00:00,10143.77719588547
2020-04-21 16:00:00+00:00,10143.77719588547
2020-04-21 20:00:00+00:00,10143.77719588547
2020-04-22 00:00:00+00:00,10143.77719588547
2020-04-22 04:00:00+00:00,10143.77719588547
2020-04-22 08:00:00+00:00,10143.77719588547
2020-04-22 12:00:00+00:00,10143.77719588547
2020-04-22 16:00:00+00:00,10143.77719588547
2020-04-22 20:00:00+00:00,10143.77719588547
2020-04-23 00:00:00+00:00,10143.77719588547
2020-04-23 04:00:00+00:00,10143.77719588547
2020-04-23 08:00:00+00:00,10143.77719588547
2020-04-23 12:00:00+00:00,10143.77719588547
2020-04-23 16:00:00+00:00,10143.77719588547
2020-04-23 20:00:00+00:00,10143.77719588547
2020-04-24 00:00:00+00:00,10213.097419862832
2020-04-24 04:00:00+00:00,10299.278104452567
2020-04-24 08:00:00+00:00,10151.713202623358
2020-04-24 12:00:00+00:00,10173.880550382071
2020-04-24 16:00:00+00:00,10202.515655151
2020-04-24 20:00:00+00:00,10172.336612846
2020-04-25 00:00:00+00:00,10200.493875770957
2020-04-25 04:00:00+00:00,10278.180348240965
2020-04-25 08:00:00+00:00,10224.882564033487
2020-04-25 12:00:00+00:00,10222.847278317322
2020-04-25 16:00:00+00:00,10238.371535493316
2020-04-25 20:00:00+00:00,10226.768757222586
2020-04-26 00:00:00+00:00,10283.431465359485
2020-04-26 04:00:00+00:00,10241.790396585688
2020-04-26 08:00:00+00:00,10466.403608495819
2020-04-26 12:00:00+00:00,10241.989038635744
2020-04-26 16:00:00+00:00,10446.644856187673
2020-04-26 20:00:00+00:00,10538.185576319103
2020-04-27 00:00:00+00:00,10614.585620986429
2020-04-27 04:00:00+00:00,10542.137742445473
2020-04-27 08:00:00+00:00,10580.796613603316
2020-04-27 12:00:00+00:00,10494.158679506147
2020-04-27 16:00:00+00:00,10542.875392289454
2020-04-27 20:00:00+00:00,10692.396299605514
2020-04-28 00:00:00+00:00,10547.749052236888
2020-04-28 04:00:00+00:00,10558.632750002573
2020-04-28 08:00:00+00:00,10594.403420285935
2020-04-28 12:00:00+00:00,10573.526252548663
2020-04-28 16:00:00+00:00,10566.721180589517
2020-04-28 20:00:00+00:00,10610.889848826693
2020-04-29 00:00:00+00:00,10764.606520817946
2020-04-29 04:00:00+00:00,11024.792159390674
2020-04-29 08:00:00+00:00,11390.105638345756
2020-04-29 12:00:00+00:00,12201.49815792832
2020-04-29 16:00:00+00:00,13590.145215912435
2020-04-29 20:00:00+00:00,13814.063164666155
2020-04-30 00:00:00+00:00,15900.66530521673
2020-04-30 04:00:00+00:00,15475.975306873028
2020-04-30 08:00:00+00:00,14354.26424997194
2020-04-30 12:00:00+00:00,14282.57228758661
2020-04-30 16:00:00+00:00,14342.48534092273
2020-04-30 20:00:00+00:00,13952.75810347895
2020-05-01 00:00:00+00:00,14047.743084136051
2020-05-01 04:00:00+00:00,14210.842371870413
2020-05-01 08:00:00+00:00,14613.068038234565
2020-05-01 12:00:00+00:00,14130.913026538128
2020-05-01 16:00:00+00:00,14134.7133229837
2020-05-01 20:00:00+00:00,14305.75079079834
2020-05-02 00:00:00+00:00,14317.161234015979
2020-05-02 04:00:00+00:00,14256.27904260342
2020-05-02 08:00:00+00:00,14319.341039700821
2020-05-02 12:00:00+00:00,14500.703140285976
2020-05-02 16:00:00+00:00,14392.761677739609
2020-05-02 20:00:00+00:00,14555.783013101336
2020-05-03 00:00:00+00:00,14843.959658494072
2020-05-03 04:00:00+00:00,14589.929379012214
2020-05-03 08:00:00+00:00,14686.03060526755
2020-05-03 12:00:00+00:00,14272.850125621126
2020-05-03 16:00:00+00:00,14307.949866223838
2020-05-03 20:00:00+00:00,14321.845423897981
2020-05-04 00:00:00+00:00,14211.377048060522
2020-05-04 04:00:00+00:00,14157.222509853407
2020-05-04 08:00:00+00:00,14154.3103087115
2020-05-04 12:00:00+00:00,14154.3103087115
2020-05-04 16:00:00+00:00,14139.228437505535
2020-05-04 20:00:00+00:00,14168.358736404118
2020-05-05 00:00:00+00:00,14152.634277750421
2020-05-05 04:00:00+00:00,14267.123816085312
2020-05-05 08:00:00+00:00,14151.59409477254
2020-05-05 12:00:00+00:00,14148.563098710505
2020-05-05 16:00:00+00:00,14189.432773208053
2020-05-05 20:00:00+00:00,14268.44649586375
2020-05-06 00:00:00+00:00,14240.276512152786
2020-05-06 04:00:00+00:00,14265.842448057507
2020-05-06 08:00:00+00:00,14467.591781695872
2020-05-06 12:00:00+00:00,14369.863601375246
2020-05-06 16:00:00+00:00,14289.719358852117
2020-05-06 20:00:00+00:00,14091.926388411986
2020-05-07 00:00:00+00:00,14389.754922755477
2020-05-07 04:00:00+00:00,14431.097851186287
2020-05-07 08:00:00+00:00,14372.68663512902
2020-05-07 12:00:00+00:00,14860.57120164613
2020-05-07 16:00:00+00:00,15603.257266786455
2020-05-07 20:00:00+00:00,15930.367450684636
2020-05-08 00:00:00+00:00,15777.14527098394
2020-05-08 04:00:00+00:00,15451.04442490057
2020-05-08 08:00:00+00:00,15625.305122213194
2020-05-08 12:00:00+00:00,15697.012451454604
2020-05-08 16:00:00+00:00,15696.851520652452
2020-05-08 20:00:00+00:00,15540.729790359332
2020-05-09 00:00:00+00:00,15663.5300779942
2020-05-09 04:00:00+00:00,15386.375778771144
2020-05-09 08:00:00+00:00,15408.457807496705
2020-05-09 12:00:00+00:00,15423.102146905972
2020-05-09 16:00:00+00:00,15440.33164321693
2020-05-09 20:00:00+00:00,15370.35489847886
2020-05-10 00:00:00+00:00,15042.84701357411
2020-05-10 04:00:00+00:00,15041.20657092886
2020-05-10 08:00:00+00:00,15041.20657092886
2020-05-10 12:00:00+00:00,15041.20657092886
2020-05-10 16:00:00+00:00,15041.20657092886
2020-05-10 20:00:00+00:00,15041.20657092886
2020-05-11 00:00:00+00:00,15041.20657092886
2020-05-11 04:00:00+00:00,15041.20657092886
2020-05-11 08:00:00+00:00,15041.20657092886
2020-05-11 12:00:00+00:00,15041.20657092886
2020-05-11 16:00:00+00:00,15041.20657092886
2020-05-11 20:00:00+00:00,15041.20657092886
2020-05-12 00:00:00+00:00,15041.20657092886
2020-05-12 04:00:00+00:00,15041.20657092886
2020-05-12 08:00:00+00:00,15041.20657092886
2020-05-12 12:00:00+00:00,15041.20657092886
2020-05-12 16:00:00+00:00,15041.20657092886
2020-05-12 20:00:00+00:00,15041.20657092886
2020-05-13 00:00:00+00:00,15041.20657092886
2020-05-13 04:00:00+00:00,15041.20657092886
2020-05-13 08:00:00+00:00,15041.20657092886
2020-05-13 12:00:00+00:00,15041.20657092886
2020-05-13 16:00:00+00:00,15041.20657092886
2020-05-13 20:00:00+00:00,15041.20657092886
2020-05-14 00:00:00+00:00,15061.630910388496
2020-05-14 04:00:00+00:00,15151.383170646499
2020-05-14 08:00:00+00:00,15252.558028501728
2020-05-14 12:00:00+00:00,15287.740952288359
2020-05-14 16:00:00+00:00,15238.942205965246
2020-05-14 20:00:00+00:00,15311.842234003543
2020-05-15 00:00:00+00:00,15134.673934727864
2020-05-15 04:00:00+00:00,15248.339783106474
2020-05-15 08:00:00+00:00,15202.993471642223
2020-05-15 12:00:00+00:00,15136.400180553883
2020-05-15 16:00:00+00:00,15058.664386198667
2020-05-15 20:00:00+00:00,15043.340709091508
2020-05-16 00:00:00+00:00,15040.651914443051
2020-05-16 04:00:00+00:00,15040.651914443051
2020-05-16 08:00:00+00:00,15050.758932313387
2020-05-16 12:00:00+00:00,15048.193971170464
2020-05-16 16:00:00+00:00,15048.193971170464
2020-05-16 20:00:00+00:00,15048.193971170464
2020-05-17 00:00:00+00:00,15048.193971170464
2020-05-17 04:00:00+00:00,15048.193971170464
2020-05-17 08:00:00+00:00,15048.193971170464
2020-05-17 12:00:00+00:00,15048.193971170464
2020-05-17 16:00:00+00:00,15048.193971170464
2020-05-17 20:00:00+00:00,15048.193971170464
2020-05-18 00:00:00+00:00,15048.193971170464
2020-05-18 04:00:00+00:00,15048.193971170464
2020-05-18 08:00:00+00:00,15048.193971170464
2020-05-18 12:00:00+00:00,15048.193971170464
2020-05-18 16:00:00+00:00,15048.193971170464
2020-05-18 20:00:00+00:00,15048.193971170464
2020-05-19 00:00:00+00:00,15048.193971170464
2020-05-19 04:00:00+00:00,15048.193971170464
2020-05-19 08:00:00+00:00,15048.193971170464
2020-05-19 12:00:00+00:00,15048.193971170464
2020-05-19 16:00:00+00:00,15048.193971170464
2020-05-19 20:00:00+00:00,15048.193971170464
2020-05-20 00:00:00+00:00,15048.193971170464
2020-05-20 04:00:00+00:00,15048.193971170464
2020-05-20 08:00:00+00:00,15048.193971170464
2020-05-20 12:00:00+00:00,15048.193971170464
2020-05-20 16:00:00+00:00,15048.193971170464
2020-05-20 20:00:00+00:00,15048.193971170464
2020-05-21 00:00:00+00:00,15048.193971170464
2020-05-21 04:00:00+00:00,15048.193971170464
2020-05-21 08:00:00+00:00,15048.193971170464
2020-05-21 12:00:00+00:00,15048.193971170464
2020-05-21 16:00:00+00:00,15048.193971170464
2020-05-21 20:00:00+00:00,15048.193971170464
2020-05-22 00:00:00+00:00,15048.193971170464
2020-05-22 04:00:00+00:00,15048.193971170464
2020-05-22 08:00:00+00:00,15048.193971170464
2020-05-22 12:00:00+00:00,15048.193971170464
2020-05-22 16:00:00+00:00,15048.193971170464
2020-05-22 20:00:00+00:00,15048.193971170464
2020-05-23 00:00:00+00:00,15048.193971170464
2020-05-23 04:00:00+00:00,15048.193971170464
2020-05-23 08:00:00+00:00,15048.193971170464
2020-05-23 12:00:00+00:00,15048.193971170464
2020-05-23 16:00:00+00:00,15048.193971170464
2020-05-23 20:00:00+00:00,15048.193971170464
2020-05-24 00:00:00+00:00,15048.193971170464
2020-05-24 04:00:00+00:00,15048.193971170464
2020-05-24 08:00:00+00:00,15048.193971170464
2020-05-24 12:00:00+00:00,15048.193971170464
2020-05-24 16:00:00+00:00,15048.193971170464
2020-05-24 20:00:00+00:00,15048.193971170464
2020-05-25 00:00:00+00:00,15048.193971170464
2020-05-25 04:00:00+00:00,15048.193971170464
2020-05-25 08:00:00+00:00,15048.193971170464
2020-05-25 12:00:00+00:00,15048.193971170464
2020-05-25 16:00:00+00:00,15048.193971170464
2020-05-25 20:00:00+00:00,15048.193971170464
2020-05-26 00:00:00+00:00,15048.193971170464
2020-05-26 04:00:00+00:00,15048.193971170464
2020-05-26 08:00:00+00:00,15048.193971170464
2020-05-26 12:00:00+00:00,15048.193971170464
2020-05-26 16:00:00+00:00,15048.193971170464
2020-05-26 20:00:00+00:00,15048.193971170464
2020-05-27 00:00:00+00:00,15048.193971170464
2020-05-27 04:00:00+00:00,15048.193971170464
2020-05-27 08:00:00+00:00,15048.193971170464
2020-05-27 12:00:00+00:00,15048.193971170464
2020-05-27 16:00:00+00:00,15048.193971170464
2020-05-27 20:00:00+00:00,15048.193971170464
2020-05-28 00:00:00+00:00,15048.193971170464
2020-05-28 04:00:00+00:00,15048.193971170464
2020-05-28 08:00:00+00:00,15048.193971170464
2020-05-28 12:00:00+00:00,15048.193971170464
2020-05-28 16:00:00+00:00,15048.193971170464
2020-05-28 20:00:00+00:00,15048.193971170464
2020-05-29 00:00:00+00:00,14890.380922063252
2020-05-29 04:00:00+00:00,14896.315907646765
2020-05-29 08:00:00+00:00,14582.079755590466
2020-05-29 12:00:00+00:00,14611.118785195815
2020-05-29 16:00:00+00:00,14597.41910948146
2020-05-29 20:00:00+00:00,14650.021448565596
2020-05-30 00:00:00+00:00,14571.5291875061
2020-05-30 04:00:00+00:00,14908.689735217038
2020-05-30 08:00:00+00:00,14975.338968404149
2020-05-30 12:00:00+00:00,14941.538071528921
2020-05-30 16:00:00+00:00,14925.477022883022
2020-05-30 20:00:00+00:00,15350.248962593287
2020-05-31 00:00:00+00:00,15035.60882553295
2020-05-31 04:00:00+00:00,15000.66874608324
2020-05-31 08:00:00+00:00,15059.718749836156
2020-05-31 12:00:00+00:00,14776.311810311188
2020-05-31 16:00:00+00:00,14864.373586499443
2020-05-31 20:00:00+00:00,14691.006448254297
2020-06-01 00:00:00+00:00,14785.884401949428
2020-06-01 04:00:00+00:00,14813.238977858873
2020-06-01 08:00:00+00:00,14656.42250416326
2020-06-01 12:00:00+00:00,14751.353388696387
2020-06-01 16:00:00+00:00,14824.425165115832
2020-06-01 20:00:00+00:00,16718.575736745675
2020-06-02 00:00:00+00:00,16263.800508784598
2020-06-02 04:00:00+00:00,16321.206988569456
2020-06-02 08:00:00+00:00,16276.991130213391
2020-06-02 12:00:00+00:00,15060.401865724429
2020-06-02 16:00:00+00:00,15051.744660732966
2020-06-02 20:00:00+00:00,15051.744660732966
2020-06-03 00:00:00+00:00,15051.744660732966
2020-06-03 04:00:00+00:00,15051.744660732966
2020-06-03 08:00:00+00:00,15051.744660732966
2020-06-03 12:00:00+00:00,15051.744660732966
2020-06-03 16:00:00+00:00,15051.744660732966
2020-06-03 20:00:00+00:00,15051.744660732966
2020-06-04 00:00:00+00:00,15047.261210770363
2020-06-04 04:00:00+00:00,15031.222197245334
2020-06-04 08:00:00+00:00,15027.19210536271
2020-06-04 12:00:00+00:00,15027.19210536271
2020-06-04 16:00:00+00:00,15027.19210536271
2020-06-04 20:00:00+00:00,15027.19210536271
2020-06-05 00:00:00+00:00,15027.19210536271
2020-06-05 04:00:00+00:00,15027.19210536271
2020-06-05 08:00:00+00:00,15027.19210536271
2020-06-05 12:00:00+00:00,15027.19210536271
2020-06-05 16:00:00+00:00,15027.19210536271
2020-06-05 20:00:00+00:00,15027.19210536271
2020-06-06 00:00:00+00:00,15027.19210536271
2020-06-06 04:00:00+00:00,15027.19210536271
2020-06-06 08:00:00+00:00,15027.19210536271
2020-06-06 12:00:00+00:00,15027.19210536271
2020-06-06 16:00:00+00:00,15027.19210536271
2020-06-06 20:00:00+00:00,15027.19210536271
2020-06-07 00:00:00+00:00,15027.19210536271
2020-06-07 04:00:00+00:00,15027.19210536271
2020-06-07 08:00:00+00:00,15027.19210536271
2020-06-07 12:00:00+00:00,15027.19210536271
2020-06-07 16:00:00+00:00,15027.19210536271
2020-06-07 20:00:00+00:00,15027.19210536271
2020-06-08 00:00:00+00:00,15027.19210536271
2020-06-08 04:00:00+00:00,15027.19210536271
2020-06-08 08:00:00+00:00,15027.19210536271
2020-06-08 12:00:00+00:00,15027.19210536271
2020-06-08 16:00:00+00:00,15027.19210536271
2020-06-08 20:00:00+00:00,15027.19210536271
2020-06-09 00:00:00+00:00,15027.19210536271
2020-06-09 04:00:00+00:00,15027.19210536271
2020-06-09 08:00:00+00:00,15027.19210536271
2020-06-09 12:00:00+00:00,15027.19210536271
2020-06-09 16:00:00+00:00,15027.19210536271
2020-06-09 20:00:00+00:00,15027.19210536271
2020-06-10 00:00:00+00:00,15027.19210536271
2020-06-10 04:00:00+00:00,15027.19210536271
2020-06-10 08:00:00+00:00,15027.19210536271
2020-06-10 12:00:00+00:00,15027.19210536271
2020-06-10 16:00:00+00:00,15027.19210536271
2020-06-10 20:00:00+00:00,15027.19210536271
2020-06-11 00:00:00+00:00,15027.19210536271
2020-06-11 04:00:00+00:00,15027.19210536271
2020-06-11 08:00:00+00:00,15027.19210536271
2020-06-11 12:00:00+00:00,15027.19210536271
2020-06-11 16:00:00+00:00,15027.19210536271
2020-06-11 20:00:00+00:00,15026.236721570893
2020-06-12 00:00:00+00:00,15036.378719650731
2020-06-12 04:00:00+00:00,15045.615652150864
2020-06-12 08:00:00+00:00,15052.459135677474
2020-06-12 12:00:00+00:00,15043.505504313564
2020-06-12 16:00:00+00:00,15046.946974394636
2020-06-12 20:00:00+00:00,15063.410946740096
2020-06-13 00:00:00+00:00,15036.435736561572
2020-06-13 04:00:00+00:00,15049.64937253411
2020-06-13 08:00:00+00:00,15032.803300837606
2020-06-13 12:00:00+00:00,15050.391261339857
2020-06-13 16:00:00+00:00,15047.955709832891
2020-06-13 20:00:00+00:00,15047.955709832891
2020-06-14 00:00:00+00:00,15047.955709832891
2020-06-14 04:00:00+00:00,15047.955709832891
2020-06-14 08:00:00+00:00,15047.955709832891
2020-06-14 12:00:00+00:00,15047.955709832891
2020-06-14 16:00:00+00:00,15047.955709832891
2020-06-14 20:00:00+00:00,15047.955709832891
2020-06-15 00:00:00+00:00,15047.955709832891
2020-06-15 04:00:00+00:00,15047.955709832891
2020-06-15 08:00:00+00:00,15047.955709832891
2020-06-15 12:00:00+00:00,15047.955709832891
2020-06-15 16:00:00+00:00,15047.955709832891
2020-06-15 20:00:00+00:00,15047.955709832891
2020-06-16 00:00:00+00:00,15047.955709832891
2020-06-16 04:00:00+00:00,15047.955709832891
2020-06-16 08:00:00+00:00,15047.955709832891
2020-06-16 12:00:00+00:00,15047.955709832891
2020-06-16 16:00:00+00:00,15047.955709832891
2020-06-16 20:00:00+00:00,15047.955709832891
2020-06-17 00:00:00+00:00,15047.955709832891
2020-06-17 04:00:00+00:00,15047.955709832891
2020-06-17 08:00:00+00:00,15047.955709832891
2020-06-17 12:00:00+00:00,15047.955709832891
2020-06-17 16:00:00+00:00,15047.955709832891
2020-06-17 20:00:00+00:00,15047.955709832891
2020-06-18 00:00:00+00:00,15047.955709832891
2020-06-18 04:00:00+00:00,15047.955709832891
2020-06-18 08:00:00+00:00,15047.955709832891
2020-06-18 12:00:00+00:00,15047.955709832891
2020-06-18 16:00:00+00:00,15047.955709832891
2020-06-18 20:00:00+00:00,15047.955709832891
2020-06-19 00:00:00+00:00,15047.955709832891
2020-06-19 04:00:00+00:00,15047.955709832891
2020-06-19 08:00:00+00:00,15047.955709832891
2020-06-19 12:00:00+00:00,15047.955709832891
2020-06-19 16:00:00+00:00,15047.955709832891
2020-06-19 20:00:00+00:00,15047.955709832891
2020-06-20 00:00:00+00:00,15047.955709832891
2020-06-20 04:00:00+00:00,15047.955709832891
2020-06-20 08:00:00+00:00,15047.955709832891
2020-06-20 12:00:00+00:00,15047.955709832891
2020-06-20 16:00:00+00:00,15047.955709832891
2020-06-20 20:00:00+00:00,15047.955709832891
2020-06-21 00:00:00+00:00,15047.955709832891
2020-06-21 04:00:00+00:00,15047.955709832891
2020-06-21 08:00:00+00:00,15047.955709832891
2020-06-21 12:00:00+00:00,15047.955709832891
2020-06-21 16:00:00+00:00,15047.955709832891
2020-06-21 20:00:00+00:00,15047.955709832891
2020-06-22 00:00:00+00:00,15047.955709832891
2020-06-22 04:00:00+00:00,15047.955709832891
2020-06-22 08:00:00+00:00,15047.955709832891
2020-06-22 12:00:00+00:00,15047.955709832891
2020-06-22 16:00:00+00:00,15047.955709832891
2020-06-22 20:00:00+00:00,15047.955709832891
2020-06-23 00:00:00+00:00,15047.955709832891
2020-06-23 04:00:00+00:00,15047.955709832891
2020-06-23 08:00:00+00:00,15047.955709832891
2020-06-23 12:00:00+00:00,15047.955709832891
2020-06-23 16:00:00+00:00,14819.325506706688
2020-06-23 20:00:00+00:00,14755.778426790921
2020-06-24 00:00:00+00:00,14856.022252301525
2020-06-24 04:00:00+00:00,14285.01508041012
2020-06-24 08:00:00+00:00,14013.732209042411
2020-06-24 12:00:00+00:00,14007.111360840014
2020-06-24 16:00:00+00:00,14007.111360840014
2020-06-24 20:00:00+00:00,14007.111360840014
2020-06-25 00:00:00+00:00,14007.111360840014
2020-06-25 04:00:00+00:00,14007.111360840014
2020-06-25 08:00:00+00:00,14007.111360840014
2020-06-25 12:00:00+00:00,14007.111360840014
2020-06-25 16:00:00+00:00,14007.111360840014
2020-06-25 20:00:00+00:00,14007.111360840014
2020-06-26 00:00:00+00:00,14007.111360840014
2020-06-26 04:00:00+00:00,14007.111360840014
2020-06-26 08:00:00+00:00,14007.111360840014
2020-06-26 12:00:00+00:00,14007.111360840014
2020-06-26 16:00:00+00:00,14007.111360840014
2020-06-26 20:00:00+00:00,14007.111360840014
2020-06-27 00:00:00+00:00,14007.111360840014
2020-06-27 04:00:00+00:00,14007.111360840014
2020-06-27 08:00:00+00:00,14007.111360840014
2020-06-27 12:00:00+00:00,14007.111360840014
2020-06-27 16:00:00+00:00,14007.111360840014
2020-06-27 20:00:00+00:00,14007.111360840014
2020-06-28 00:00:00+00:00,14007.111360840014
2020-06-28 04:00:00+00:00,14007.111360840014
2020-06-28 08:00:00+00:00,14007.111360840014
2020-06-28 12:00:00+00:00,14007.111360840014
2020-06-28 16:00:00+00:00,14007.111360840014
2020-06-28 20:00:00+00:00,14007.111360840014
2020-06-29 00:00:00+00:00,14007.111360840014
2020-06-29 04:00:00+00:00,14007.111360840014
2020-06-29 08:00:00+00:00,14007.111360840014
2020-06-29 12:00:00+00:00,14007.111360840014
2020-06-29 16:00:00+00:00,14007.111360840014
2020-06-29 20:00:00+00:00,14007.111360840014
2020-06-30 00:00:00+00:00,14007.111360840014
2020-06-30 04:00:00+00:00,14007.111360840014
2020-06-30 08:00:00+00:00,14007.111360840014
2020-06-30 12:00:00+00:00,14007.111360840014
2020-06-30 16:00:00+00:00,14007.111360840014
2020-06-30 20:00:00+00:00,14007.111360840014
2020-07-01 00:00:00+00:00,14007.111360840014
2020-07-01 04:00:00+00:00,14007.111360840014
2020-07-01 08:00:00+00:00,14007.111360840014
2020-07-01 12:00:00+00:00,14007.111360840014
2020-07-01 16:00:00+00:00,14007.111360840014
2020-07-01 20:00:00+00:00,14007.111360840014
2020-07-02 00:00:00+00:00,14007.111360840014
2020-07-02 04:00:00+00:00,14007.111360840014
2020-07-02 08:00:00+00:00,14007.111360840014
2020-07-02 12:00:00+00:00,14007.111360840014
2020-07-02 16:00:00+00:00,14007.111360840014
2020-07-02 20:00:00+00:00,14007.111360840014
2020-07-03 00:00:00+00:00,14007.111360840014
2020-07-03 04:00:00+00:00,14007.111360840014
2020-07-03 08:00:00+00:00,14007.111360840014
2020-07-03 12:00:00+00:00,14007.111360840014
2020-07-03 16:00:00+00:00,14007.111360840014
2020-07-03 20:00:00+00:00,14007.111360840014
2020-07-04 00:00:00+00:00,14007.111360840014
2020-07-04 04:00:00+00:00,14007.111360840014
2020-07-04 08:00:00+00:00,14007.111360840014
2020-07-04 12:00:00+00:00,14007.111360840014
2020-07-04 16:00:00+00:00,14007.111360840014
2020-07-04 20:00:00+00:00,14007.111360840014
2020-07-05 00:00:00+00:00,14007.111360840014
2020-07-05 04:00:00+00:00,14007.111360840014
2020-07-05 08:00:00+00:00,14007.111360840014
2020-07-05 12:00:00+00:00,14007.111360840014
2020-07-05 16:00:00+00:00,14007.111360840014
2020-07-05 20:00:00+00:00,14007.111360840014
2020-07-06 00:00:00+00:00,14007.111360840014
2020-07-06 04:00:00+00:00,14007.111360840014
2020-07-06 08:00:00+00:00,14007.111360840014
2020-07-06 12:00:00+00:00,14007.111360840014
2020-07-06 16:00:00+00:00,14007.111360840014
2020-07-06 20:00:00+00:00,14007.111360840014
2020-07-07 00:00:00+00:00,14007.111360840014
2020-07-07 04:00:00+00:00,14007.111360840014
2020-07-07 08:00:00+00:00,14007.111360840014
2020-07-07 12:00:00+00:00,14007.111360840014
2020-07-07 16:00:00+00:00,14007.111360840014
2020-07-07 20:00:00+00:00,14007.111360840014
2020-07-08 00:00:00+00:00,14007.111360840014
2020-07-08 04:00:00+00:00,14007.111360840014
2020-07-08 08:00:00+00:00,14007.111360840014
2020-07-08 12:00:00+00:00,14007.111360840014
2020-07-08 16:00:00+00:00,14007.111360840014
2020-07-08 20:00:00+00:00,14007.111360840014
2020-07-09 00:00:00+00:00,14007.111360840014
2020-07-09 04:00:00+00:00,14007.111360840014
2020-07-09 08:00:00+00:00,14007.111360840014
2020-07-09 12:00:00+00:00,14007.111360840014
2020-07-09 16:00:00+00:00,14007.111360840014
2020-07-09 20:00:00+00:00,14007.111360840014
2020-07-10 00:00:00+00:00,14007.111360840014
2020-07-10 04:00:00+00:00,14007.111360840014
2020-07-10 08:00:00+00:00,14007.111360840014
2020-07-10 12:00:00+00:00,14007.111360840014
2020-07-10 16:00:00+00:00,14007.111360840014
2020-07-10 20:00:00+00:00,14007.111360840014
2020-07-11 00:00:00+00:00,14007.111360840014
2020-07-11 04:00:00+00:00,14007.111360840014
2020-07-11 08:00:00+00:00,14007.111360840014
2020-07-11 12:00:00+00:00,14007.111360840014
2020-07-11 16:00:00+00:00,14007.111360840014
2020-07-11 20:00:00+00:00,14007.111360840014
2020-07-12 00:00:00+00:00,14007.111360840014
2020-07-12 04:00:00+00:00,14007.111360840014
2020-07-12 08:00:00+00:00,14007.111360840014
2020-07-12 12:00:00+00:00,14007.111360840014
2020-07-12 16:00:00+00:00,14007.111360840014
2020-07-12 20:00:00+00:00,14007.111360840014
2020-07-13 00:00:00+00:00,14007.111360840014
2020-07-13 04:00:00+00:00,14007.111360840014
2020-07-13 08:00:00+00:00,14007.111360840014
2020-07-13 12:00:00+00:00,14007.111360840014
2020-07-13 16:00:00+00:00,14007.111360840014
2020-07-13 20:00:00+00:00,14007.111360840014
2020-07-14 00:00:00+00:00,14007.111360840014
2020-07-14 04:00:00+00:00,14007.111360840014
2020-07-14 08:00:00+00:00,14007.111360840014
2020-07-14 12:00:00+00:00,14007.111360840014
2020-07-14 16:00:00+00:00,14007.111360840014
2020-07-14 20:00:00+00:00,14007.111360840014
2020-07-15 00:00:00+00:00,14007.111360840014
2020-07-15 04:00:00+00:00,14007.111360840014
2020-07-15 08:00:00+00:00,14007.111360840014
2020-07-15 12:00:00+00:00,14007.111360840014
2020-07-15 16:00:00+00:00,14007.111360840014
2020-07-15 20:00:00+00:00,14007.111360840014
2020-07-16 00:00:00+00:00,14007.111360840014
2020-07-16 04:00:00+00:00,14007.111360840014
2020-07-16 08:00:00+00:00,14007.111360840014
2020-07-16 12:00:00+00:00,14007.111360840014
2020-07-16 16:00:00+00:00,14007.111360840014
2020-07-16 20:00:00+00:00,14007.111360840014
2020-07-17 00:00:00+00:00,14007.111360840014
2020-07-17 04:00:00+00:00,14007.111360840014
2020-07-17 08:00:00+00:00,14007.111360840014
2020-07-17 12:00:00+00:00,14007.111360840014
2020-07-17 16:00:00+00:00,14007.111360840014
2020-07-17 20:00:00+00:00,14007.111360840014
2020-07-18 00:00:00+00:00,14007.111360840014
2020-07-18 04:00:00+00:00,14007.111360840014
2020-07-18 08:00:00+00:00,14007.111360840014
2020-07-18 12:00:00+00:00,14007.111360840014
2020-07-18 16:00:00+00:00,14007.111360840014
2020-07-18 20:00:00+00:00,14007.111360840014
2020-07-19 00:00:00+00:00,14007.111360840014
2020-07-19 04:00:00+00:00,14007.111360840014
2020-07-19 08:00:00+00:00,14007.111360840014
2020-07-19 12:00:00+00:00,14007.111360840014
2020-07-19 16:00:00+00:00,14007.111360840014
2020-07-19 20:00:00+00:00,14007.111360840014
2020-07-20 00:00:00+00:00,14007.111360840014
2020-07-20 04:00:00+00:00,14007.111360840014
2020-07-20 08:00:00+00:00,14007.111360840014
2020-07-20 12:00:00+00:00,14007.111360840014
2020-07-20 16:00:00+00:00,14007.111360840014
2020-07-20 20:00:00+00:00,14007.111360840014
2020-07-21 00:00:00+00:00,14007.111360840014
2020-07-21 04:00:00+00:00,14007.111360840014
2020-07-21 08:00:00+00:00,14007.111360840014
2020-07-21 12:00:00+00:00,14007.111360840014
2020-07-21 16:00:00+00:00,14007.111360840014
2020-07-21 20:00:00+00:00,14007.111360840014
2020-07-22 00:00:00+00:00,14007.111360840014
2020-07-22 04:00:00+00:00,14007.111360840014
2020-07-22 08:00:00+00:00,14252.935413824625
2020-07-22 12:00:00+00:00,14215.38113510958
2020-07-22 16:00:00+00:00,14435.520008780091
2020-07-22 20:00:00+00:00,15427.791431940359
2020-07-23 00:00:00+00:00,15191.623359240028
2020-07-23 04:00:00+00:00,15205.177631421833
2020-07-23 08:00:00+00:00,15309.428864064283
2020-07-23 12:00:00+00:00,15481.065512373661
2020-07-23 16:00:00+00:00,16095.828247372725
2020-07-23 20:00:00+00:00,16161.464648953533
2020-07-24 00:00:00+00:00,15778.98357440765
2020-07-24 04:00:00+00:00,15329.35842435324
2020-07-24 08:00:00+00:00,15430.539021874178
2020-07-24 12:00:00+00:00,15547.092207798942
2020-07-24 16:00:00+00:00,15718.527435712087
2020-07-24 20:00:00+00:00,15452.573501002442
2020-07-25 00:00:00+00:00,15716.5829146638
2020-07-25 04:00:00+00:00,15655.177540276363
2020-07-25 08:00:00+00:00,15663.638373522905
2020-07-25 12:00:00+00:00,15771.230209287953
2020-07-25 16:00:00+00:00,16245.960307379926
2020-07-25 20:00:00+00:00,16415.60271916429
2020-07-26 00:00:00+00:00,16283.252722800711
2020-07-26 04:00:00+00:00,16523.591254950083
2020-07-26 08:00:00+00:00,18142.943426365233
2020-07-26 12:00:00+00:00,18064.87435380771
2020-07-26 16:00:00+00:00,17401.177409044805
2020-07-26 20:00:00+00:00,17578.25810040239
2020-07-27 00:00:00+00:00,19642.390850703632
2020-07-27 04:00:00+00:00,19292.192615525884
2020-07-27 08:00:00+00:00,19815.44142899633
2020-07-27 12:00:00+00:00,19916.359590060052
2020-07-27 16:00:00+00:00,21329.306053315937
2020-07-27 20:00:00+00:00,22038.002486853125
2020-07-28 00:00:00+00:00,21835.95395333926
2020-07-28 04:00:00+00:00,21546.853042154096
2020-07-28 08:00:00+00:00,21813.15460478588
2020-07-28 12:00:00+00:00,22297.788123552553
2020-07-28 16:00:00+00:00,21800.73073410834
2020-07-28 20:00:00+00:00,21538.417120388393
2020-07-29 00:00:00+00:00,21717.272777912032
2020-07-29 04:00:00+00:00,21828.210677184114
2020-07-29 08:00:00+00:00,22049.037364857188
2020-07-29 12:00:00+00:00,22240.355424801637
2020-07-29 16:00:00+00:00,22347.069588271395
2020-07-29 20:00:00+00:00,22036.51202658535
2020-07-30 00:00:00+00:00,21861.307788446793
2020-07-30 04:00:00+00:00,21798.829842025745
2020-07-30 08:00:00+00:00,21773.006231405932
2020-07-30 12:00:00+00:00,21880.640506026513
2020-07-30 16:00:00+00:00,22021.583785656898
2020-07-30 20:00:00+00:00,21995.98426833443
2020-07-31 00:00:00+00:00,21814.71896747518
2020-07-31 04:00:00+00:00,22023.259354801176
2020-07-31 08:00:00+00:00,22141.84723206283
2020-07-31 12:00:00+00:00,22309.59993183135
2020-07-31 16:00:00+00:00,22264.846701052833
2020-07-31 20:00:00+00:00,22288.36710479715
2020-08-01 00:00:00+00:00,22325.210982450775
2020-08-01 04:00:00+00:00,22721.60186173457
2020-08-01 08:00:00+00:00,22702.746110894397
2020-08-01 12:00:00+00:00,22637.584315540662
2020-08-01 16:00:00+00:00,23197.036945427157
2020-08-01 20:00:00+00:00,23226.41822519165
2020-08-02 00:00:00+00:00,24034.633827626996
2020-08-02 04:00:00+00:00,22587.752095644664
2020-08-02 08:00:00+00:00,22576.14290311515
2020-08-02 12:00:00+00:00,22576.14290311515
2020-08-02 16:00:00+00:00,22576.14290311515
2020-08-02 20:00:00+00:00,22576.14290311515
2020-08-03 00:00:00+00:00,22576.14290311515
2020-08-03 04:00:00+00:00,22576.14290311515
2020-08-03 08:00:00+00:00,22576.14290311515
2020-08-03 12:00:00+00:00,22576.14290311515
2020-08-03 16:00:00+00:00,22576.14290311515
2020-08-03 20:00:00+00:00,22576.14290311515
2020-08-04 00:00:00+00:00,22576.14290311515
2020-08-04 04:00:00+00:00,22576.14290311515
2020-08-04 08:00:00+00:00,22576.14290311515
2020-08-04 12:00:00+00:00,22576.14290311515
2020-08-04 16:00:00+00:00,22576.14290311515
2020-08-04 20:00:00+00:00,22576.14290311515
2020-08-05 00:00:00+00:00,22576.14290311515
2020-08-05 04:00:00+00:00,22576.14290311515
2020-08-05 08:00:00+00:00,22576.14290311515
2020-08-05 12:00:00+00:00,22576.14290311515
2020-08-05 16:00:00+00:00,22553.000842959264
2020-08-05 20:00:00+00:00,22646.61396998091
2020-08-06 00:00:00+00:00,22547.354899671125
2020-08-06 04:00:00+00:00,22533.702469902764
2020-08-06 08:00:00+00:00,22588.271619795247
2020-08-06 12:00:00+00:00,22733.14197679958
2020-08-06 16:00:00+00:00,22754.028591299073
2020-08-06 20:00:00+00:00,22694.592189167008
2020-08-07 00:00:00+00:00,22691.390743381235
2020-08-07 04:00:00+00:00,22691.390743381235
2020-08-07 08:00:00+00:00,22691.390743381235
2020-08-07 12:00:00+00:00,22691.390743381235
2020-08-07 16:00:00+00:00,22691.390743381235
2020-08-07 20:00:00+00:00,22691.390743381235
2020-08-08 00:00:00+00:00,22691.390743381235
2020-08-08 04:00:00+00:00,22691.390743381235
2020-08-08 08:00:00+00:00,22691.390743381235
2020-08-08 12:00:00+00:00,22691.390743381235
2020-08-08 16:00:00+00:00,22691.390743381235
2020-08-08 20:00:00+00:00,22691.390743381235
2020-08-09 00:00:00+00:00,22691.390743381235
2020-08-09 04:00:00+00:00,22691.390743381235
2020-08-09 08:00:00+00:00,22691.390743381235
2020-08-09 12:00:00+00:00,22691.390743381235
2020-08-09 16:00:00+00:00,22691.390743381235
2020-08-09 20:00:00+00:00,22691.390743381235
2020-08-10 00:00:00+00:00,22691.390743381235
2020-08-10 04:00:00+00:00,22691.390743381235
2020-08-10 08:00:00+00:00,22691.390743381235
2020-08-10 12:00:00+00:00,22691.390743381235
2020-08-10 16:00:00+00:00,22691.390743381235
2020-08-10 20:00:00+00:00,22691.390743381235
2020-08-11 00:00:00+00:00,22691.390743381235
2020-08-11 04:00:00+00:00,22691.390743381235
2020-08-11 08:00:00+00:00,22691.390743381235
2020-08-11 12:00:00+00:00,22691.390743381235
2020-08-11 16:00:00+00:00,22691.390743381235
2020-08-11 20:00:00+00:00,22691.390743381235
2020-08-12 00:00:00+00:00,22691.390743381235
2020-08-12 04:00:00+00:00,22691.390743381235
2020-08-12 08:00:00+00:00,22691.390743381235
2020-08-12 12:00:00+00:00,22691.390743381235
2020-08-12 16:00:00+00:00,22691.390743381235
2020-08-12 20:00:00+00:00,22691.390743381235
2020-08-13 00:00:00+00:00,22691.390743381235
2020-08-13 04:00:00+00:00,22691.390743381235
2020-08-13 08:00:00+00:00,22691.390743381235
2020-08-13 12:00:00+00:00,22691.390743381235
2020-08-13 16:00:00+00:00,22691.390743381235
2020-08-13 20:00:00+00:00,22691.390743381235
2020-08-14 00:00:00+00:00,22691.390743381235
2020-08-14 04:00:00+00:00,22691.390743381235
2020-08-14 08:00:00+00:00,22691.390743381235
2020-08-14 12:00:00+00:00,22691.390743381235
2020-08-14 16:00:00+00:00,22691.390743381235
2020-08-14 20:00:00+00:00,22691.390743381235
2020-08-15 00:00:00+00:00,22691.390743381235
2020-08-15 04:00:00+00:00,22674.659340054255
2020-08-15 08:00:00+00:00,22491.95557489263
2020-08-15 12:00:00+00:00,22507.363069336665
2020-08-15 16:00:00+00:00,22486.96593703118
2020-08-15 20:00:00+00:00,22486.96593703118
2020-08-16 00:00:00+00:00,22751.64508151641
2020-08-16 04:00:00+00:00,22730.55762967775
2020-08-16 08:00:00+00:00,22730.55762967775
2020-08-16 12:00:00+00:00,22730.55762967775
2020-08-16 16:00:00+00:00,22730.55762967775
2020-08-16 20:00:00+00:00,22730.55762967775
2020-08-17 00:00:00+00:00,22730.55762967775
2020-08-17 04:00:00+00:00,22730.55762967775
2020-08-17 08:00:00+00:00,22730.55762967775
2020-08-17 12:00:00+00:00,22730.55762967775
2020-08-17 16:00:00+00:00,22730.55762967775
2020-08-17 20:00:00+00:00,22730.55762967775
2020-08-18 00:00:00+00:00,22730.55762967775
2020-08-18 04:00:00+00:00,22730.55762967775
2020-08-18 08:00:00+00:00,22730.55762967775
2020-08-18 12:00:00+00:00,22730.55762967775
2020-08-18 16:00:00+00:00,22730.55762967775
2020-08-18 20:00:00+00:00,22730.55762967775
2020-08-19 00:00:00+00:00,22730.55762967775
2020-08-19 04:00:00+00:00,22730.55762967775
2020-08-19 08:00:00+00:00,22730.55762967775
2020-08-19 12:00:00+00:00,22730.55762967775
2020-08-19 16:00:00+00:00,22730.55762967775
2020-08-19 20:00:00+00:00,22730.55762967775
2020-08-20 00:00:00+00:00,22730.55762967775
2020-08-20 04:00:00+00:00,22730.55762967775
2020-08-20 08:00:00+00:00,22730.55762967775
2020-08-20 12:00:00+00:00,22730.55762967775
2020-08-20 16:00:00+00:00,22730.55762967775
2020-08-20 20:00:00+00:00,22730.55762967775
2020-08-21 00:00:00+00:00,22730.55762967775
2020-08-21 04:00:00+00:00,22730.55762967775
2020-08-21 08:00:00+00:00,22730.55762967775
2020-08-21 12:00:00+00:00,22730.55762967775
2020-08-21 16:00:00+00:00,22730.55762967775
2020-08-21 20:00:00+00:00,22730.55762967775
2020-08-22 00:00:00+00:00,22730.55762967775
2020-08-22 04:00:00+00:00,22730.55762967775
2020-08-22 08:00:00+00:00,22730.55762967775
2020-08-22 12:00:00+00:00,22730.55762967775
2020-08-22 16:00:00+00:00,22730.55762967775
2020-08-22 20:00:00+00:00,22730.55762967775
2020-08-23 00:00:00+00:00,22730.55762967775
2020-08-23 04:00:00+00:00,22730.55762967775
2020-08-23 08:00:00+00:00,22730.55762967775
2020-08-23 12:00:00+00:00,22730.55762967775
2020-08-23 16:00:00+00:00,22730.55762967775
2020-08-23 20:00:00+00:00,22730.55762967775
2020-08-24 00:00:00+00:00,22730.55762967775
2020-08-24 04:00:00+00:00,22730.55762967775
2020-08-24 08:00:00+00:00,22730.55762967775
2020-08-24 12:00:00+00:00,22666.033291264655
2020-08-24 16:00:00+00:00,22655.74248502192
2020-08-24 20:00:00+00:00,22655.74248502192
2020-08-25 00:00:00+00:00,22655.74248502192
2020-08-25 04:00:00+00:00,22655.74248502192
2020-08-25 08:00:00+00:00,22655.74248502192
2020-08-25 12:00:00+00:00,22655.74248502192
2020-08-25 16:00:00+00:00,22655.74248502192
2020-08-25 20:00:00+00:00,22655.74248502192
2020-08-26 00:00:00+00:00,22655.74248502192
2020-08-26 04:00:00+00:00,22655.74248502192
2020-08-26 08:00:00+00:00,22655.74248502192
2020-08-26 12:00:00+00:00,22655.74248502192
2020-08-26 16:00:00+00:00,22655.74248502192
2020-08-26 20:00:00+00:00,22655.74248502192
2020-08-27 00:00:00+00:00,22655.74248502192
2020-08-27 04:00:00+00:00,22655.74248502192
2020-08-27 08:00:00+00:00,22655.74248502192
2020-08-27 12:00:00+00:00,22655.74248502192
2020-08-27 16:00:00+00:00,22655.74248502192
2020-08-27 20:00:00+00:00,22655.74248502192
2020-08-28 00:00:00+00:00,22655.74248502192
2020-08-28 04:00:00+00:00,22655.74248502192
2020-08-28 08:00:00+00:00,22655.74248502192
2020-08-28 12:00:00+00:00,22655.74248502192
2020-08-28 16:00:00+00:00,22655.74248502192
2020-08-28 20:00:00+00:00,22655.74248502192
2020-08-29 00:00:00+00:00,22655.74248502192
2020-08-29 04:00:00+00:00,22655.74248502192
2020-08-29 08:00:00+00:00,22655.74248502192
2020-08-29 12:00:00+00:00,22655.74248502192
2020-08-29 16:00:00+00:00,22655.74248502192
2020-08-29 20:00:00+00:00,22655.74248502192
2020-08-30 00:00:00+00:00,22655.74248502192
2020-08-30 04:00:00+00:00,22655.74248502192
2020-08-30 08:00:00+00:00,22655.74248502192
2020-08-30 12:00:00+00:00,22655.74248502192
2020-08-30 16:00:00+00:00,22655.74248502192
2020-08-30 20:00:00+00:00,22655.74248502192
2020-08-31 00:00:00+00:00,22655.74248502192
2020-08-31 04:00:00+00:00,22655.74248502192
2020-08-31 08:00:00+00:00,22655.74248502192
2020-08-31 12:00:00+00:00,22655.74248502192
2020-08-31 16:00:00+00:00,22655.74248502192
2020-08-31 20:00:00+00:00,22655.74248502192
2020-09-01 00:00:00+00:00,22655.74248502192
2020-09-01 04:00:00+00:00,22655.74248502192
2020-09-01 08:00:00+00:00,22655.74248502192
2020-09-01 12:00:00+00:00,22655.74248502192
2020-09-01 16:00:00+00:00,22655.74248502192
2020-09-01 20:00:00+00:00,22655.74248502192
2020-09-02 00:00:00+00:00,22655.74248502192
2020-09-02 04:00:00+00:00,22655.74248502192
2020-09-02 08:00:00+00:00,22655.74248502192
2020-09-02 12:00:00+00:00,22655.74248502192
2020-09-02 16:00:00+00:00,22655.74248502192
2020-09-02 20:00:00+00:00,22655.74248502192
2020-09-03 00:00:00+00:00,22655.74248502192
2020-09-03 04:00:00+00:00,22655.74248502192
2020-09-03 08:00:00+00:00,22655.74248502192
2020-09-03 12:00:00+00:00,22655.74248502192
2020-09-03 16:00:00+00:00,22655.74248502192
2020-09-03 20:00:00+00:00,22655.74248502192
2020-09-04 00:00:00+00:00,22655.74248502192
2020-09-04 04:00:00+00:00,22655.74248502192
2020-09-04 08:00:00+00:00,22655.74248502192
2020-09-04 12:00:00+00:00,22655.74248502192
2020-09-04 16:00:00+00:00,22655.74248502192
2020-09-04 20:00:00+00:00,22655.74248502192
2020-09-05 00:00:00+00:00,22655.74248502192
2020-09-05 04:00:00+00:00,22655.74248502192
2020-09-05 08:00:00+00:00,22655.74248502192
2020-09-05 12:00:00+00:00,22655.74248502192
2020-09-05 16:00:00+00:00,22655.74248502192
2020-09-05 20:00:00+00:00,22655.74248502192
2020-09-06 00:00:00+00:00,22655.74248502192
2020-09-06 04:00:00+00:00,22655.74248502192
2020-09-06 08:00:00+00:00,22655.74248502192
2020-09-06 12:00:00+00:00,22655.74248502192
2020-09-06 16:00:00+00:00,22655.74248502192
2020-09-06 20:00:00+00:00,22655.74248502192
2020-09-07 00:00:00+00:00,22655.74248502192
2020-09-07 04:00:00+00:00,22655.74248502192
2020-09-07 08:00:00+00:00,22655.74248502192
2020-09-07 12:00:00+00:00,22655.74248502192
2020-09-07 16:00:00+00:00,22655.74248502192
2020-09-07 20:00:00+00:00,22655.74248502192
2020-09-08 00:00:00+00:00,22655.74248502192
2020-09-08 04:00:00+00:00,22655.74248502192
2020-09-08 08:00:00+00:00,22655.74248502192
2020-09-08 12:00:00+00:00,22655.74248502192
2020-09-08 16:00:00+00:00,22655.74248502192
2020-09-08 20:00:00+00:00,22655.74248502192
2020-09-09 00:00:00+00:00,22655.74248502192
2020-09-09 04:00:00+00:00,22655.74248502192
2020-09-09 08:00:00+00:00,22655.74248502192
2020-09-09 12:00:00+00:00,22655.74248502192
2020-09-09 16:00:00+00:00,22655.74248502192
2020-09-09 20:00:00+00:00,22655.74248502192
2020-09-10 00:00:00+00:00,22655.74248502192
2020-09-10 04:00:00+00:00,22655.74248502192
2020-09-10 08:00:00+00:00,22655.74248502192
2020-09-10 12:00:00+00:00,22655.74248502192
2020-09-10 16:00:00+00:00,22655.74248502192
2020-09-10 20:00:00+00:00,22655.74248502192
2020-09-11 00:00:00+00:00,22655.74248502192
2020-09-11 04:00:00+00:00,22655.74248502192
2020-09-11 08:00:00+00:00,22655.74248502192
2020-09-11 12:00:00+00:00,22655.74248502192
2020-09-11 16:00:00+00:00,22655.74248502192
2020-09-11 20:00:00+00:00,22655.74248502192
2020-09-12 00:00:00+00:00,22655.74248502192
2020-09-12 04:00:00+00:00,22655.74248502192
2020-09-12 08:00:00+00:00,22655.74248502192
2020-09-12 12:00:00+00:00,22655.74248502192
2020-09-12 16:00:00+00:00,22655.74248502192
2020-09-12 20:00:00+00:00,22655.74248502192
2020-09-13 00:00:00+00:00,22655.74248502192
2020-09-13 04:00:00+00:00,22655.74248502192
2020-09-13 08:00:00+00:00,22655.74248502192
2020-09-13 12:00:00+00:00,22655.74248502192
2020-09-13 16:00:00+00:00,22655.74248502192
2020-09-13 20:00:00+00:00,22655.74248502192
2020-09-14 00:00:00+00:00,22655.74248502192
2020-09-14 04:00:00+00:00,22655.74248502192
2020-09-14 08:00:00+00:00,22655.74248502192
2020-09-14 12:00:00+00:00,22655.74248502192
2020-09-14 16:00:00+00:00,22655.74248502192
2020-09-14 20:00:00+00:00,22655.74248502192
2020-09-15 00:00:00+00:00,22655.74248502192
2020-09-15 04:00:00+00:00,22655.74248502192
2020-09-15 08:00:00+00:00,22655.74248502192
2020-09-15 12:00:00+00:00,22655.74248502192
2020-09-15 16:00:00+00:00,22655.74248502192
2020-09-15 20:00:00+00:00,22655.74248502192
2020-09-16 00:00:00+00:00,22655.74248502192
2020-09-16 04:00:00+00:00,22655.74248502192
2020-09-16 08:00:00+00:00,22655.74248502192
2020-09-16 12:00:00+00:00,22655.74248502192
2020-09-16 16:00:00+00:00,22655.74248502192
2020-09-16 20:00:00+00:00,22655.74248502192
2020-09-17 00:00:00+00:00,22655.74248502192
2020-09-17 04:00:00+00:00,22655.74248502192
2020-09-17 08:00:00+00:00,22655.74248502192
2020-09-17 12:00:00+00:00,22655.74248502192
2020-09-17 16:00:00+00:00,22655.74248502192
2020-09-17 20:00:00+00:00,22655.74248502192
2020-09-18 00:00:00+00:00,22655.74248502192
2020-09-18 04:00:00+00:00,22655.74248502192
2020-09-18 08:00:00+00:00,22655.74248502192
2020-09-18 12:00:00+00:00,22655.74248502192
2020-09-18 16:00:00+00:00,22655.74248502192
2020-09-18 20:00:00+00:00,22655.74248502192
2020-09-19 00:00:00+00:00,22655.74248502192
2020-09-19 04:00:00+00:00,22655.74248502192
2020-09-19 08:00:00+00:00,22655.74248502192
2020-09-19 12:00:00+00:00,22655.74248502192
2020-09-19 16:00:00+00:00,22655.74248502192
2020-09-19 20:00:00+00:00,22655.74248502192
2020-09-20 00:00:00+00:00,22655.74248502192
2020-09-20 04:00:00+00:00,22655.74248502192
2020-09-20 08:00:00+00:00,22655.74248502192
2020-09-20 12:00:00+00:00,22655.74248502192
2020-09-20 16:00:00+00:00,22655.74248502192
2020-09-20 20:00:00+00:00,22655.74248502192
2020-09-21 00:00:00+00:00,22655.74248502192
2020-09-21 04:00:00+00:00,22655.74248502192
2020-09-21 08:00:00+00:00,22655.74248502192
2020-09-21 12:00:00+00:00,22655.74248502192
2020-09-21 16:00:00+00:00,22655.74248502192
2020-09-21 20:00:00+00:00,22655.74248502192
2020-09-22 00:00:00+00:00,22655.74248502192
2020-09-22 04:00:00+00:00,22655.74248502192
2020-09-22 08:00:00+00:00,22655.74248502192
2020-09-22 12:00:00+00:00,22655.74248502192
2020-09-22 16:00:00+00:00,22655.74248502192
2020-09-22 20:00:00+00:00,22655.74248502192
2020-09-23 00:00:00+00:00,22655.74248502192
2020-09-23 04:00:00+00:00,22655.74248502192
2020-09-23 08:00:00+00:00,22655.74248502192
2020-09-23 12:00:00+00:00,22655.74248502192
2020-09-23 16:00:00+00:00,22655.74248502192
2020-09-23 20:00:00+00:00,22655.74248502192
2020-09-24 00:00:00+00:00,22655.74248502192
2020-09-24 04:00:00+00:00,22655.74248502192
2020-09-24 08:00:00+00:00,22655.74248502192
2020-09-24 12:00:00+00:00,22655.74248502192
2020-09-24 16:00:00+00:00,22655.74248502192
2020-09-24 20:00:00+00:00,22655.74248502192
2020-09-25 00:00:00+00:00,22655.74248502192
2020-09-25 04:00:00+00:00,22655.74248502192
2020-09-25 08:00:00+00:00,22655.74248502192
2020-09-25 12:00:00+00:00,22655.74248502192
2020-09-25 16:00:00+00:00,22655.74248502192
2020-09-25 20:00:00+00:00,22655.74248502192
2020-09-26 00:00:00+00:00,22655.74248502192
2020-09-26 04:00:00+00:00,22655.74248502192
2020-09-26 08:00:00+00:00,22655.74248502192
2020-09-26 12:00:00+00:00,22655.74248502192
2020-09-26 16:00:00+00:00,22655.74248502192
2020-09-26 20:00:00+00:00,22655.74248502192
2020-09-27 00:00:00+00:00,22655.74248502192
2020-09-27 04:00:00+00:00,22655.74248502192
2020-09-27 08:00:00+00:00,22655.74248502192
2020-09-27 12:00:00+00:00,22655.74248502192
2020-09-27 16:00:00+00:00,22655.74248502192
2020-09-27 20:00:00+00:00,22655.74248502192
2020-09-28 00:00:00+00:00,22655.74248502192
2020-09-28 04:00:00+00:00,22655.74248502192
2020-09-28 08:00:00+00:00,22655.74248502192
2020-09-28 12:00:00+00:00,22655.74248502192
2020-09-28 16:00:00+00:00,22655.74248502192
2020-09-28 20:00:00+00:00,22655.74248502192
2020-09-29 00:00:00+00:00,22655.74248502192
2020-09-29 04:00:00+00:00,22655.74248502192
2020-09-29 08:00:00+00:00,22655.74248502192
2020-09-29 12:00:00+00:00,22655.74248502192
2020-09-29 16:00:00+00:00,22655.74248502192
2020-09-29 20:00:00+00:00,22655.74248502192
2020-09-30 00:00:00+00:00,22655.74248502192
2020-09-30 04:00:00+00:00,22655.74248502192
2020-09-30 08:00:00+00:00,22655.74248502192
2020-09-30 12:00:00+00:00,22655.74248502192
2020-09-30 16:00:00+00:00,22655.74248502192
2020-09-30 20:00:00+00:00,22655.74248502192
2020-10-01 00:00:00+00:00,22655.74248502192
2020-10-01 04:00:00+00:00,22655.74248502192
2020-10-01 08:00:00+00:00,22655.74248502192
2020-10-01 12:00:00+00:00,22655.74248502192
2020-10-01 16:00:00+00:00,22655.74248502192
2020-10-01 20:00:00+00:00,22655.74248502192
2020-10-02 00:00:00+00:00,22655.74248502192
2020-10-02 04:00:00+00:00,22655.74248502192
2020-10-02 08:00:00+00:00,22655.74248502192
2020-10-02 12:00:00+00:00,22655.74248502192
2020-10-02 16:00:00+00:00,22655.74248502192
2020-10-02 20:00:00+00:00,22655.74248502192
2020-10-03 00:00:00+00:00,22655.74248502192
2020-10-03 04:00:00+00:00,22655.74248502192
2020-10-03 08:00:00+00:00,22655.74248502192
2020-10-03 12:00:00+00:00,22655.74248502192
2020-10-03 16:00:00+00:00,22655.74248502192
2020-10-03 20:00:00+00:00,22655.74248502192
2020-10-04 00:00:00+00:00,22655.74248502192
2020-10-04 04:00:00+00:00,22655.74248502192
2020-10-04 08:00:00+00:00,22655.74248502192
2020-10-04 12:00:00+00:00,22655.74248502192
2020-10-04 16:00:00+00:00,22655.74248502192
2020-10-04 20:00:00+00:00,22655.74248502192
2020-10-05 00:00:00+00:00,22655.74248502192
2020-10-05 04:00:00+00:00,22655.74248502192
2020-10-05 08:00:00+00:00,22655.74248502192
2020-10-05 12:00:00+00:00,22655.74248502192
2020-10-05 16:00:00+00:00,22655.74248502192
2020-10-05 20:00:00+00:00,22655.74248502192
2020-10-06 00:00:00+00:00,22655.74248502192
2020-10-06 04:00:00+00:00,22655.74248502192
2020-10-06 08:00:00+00:00,22655.74248502192
2020-10-06 12:00:00+00:00,22655.74248502192
2020-10-06 16:00:00+00:00,22655.74248502192
2020-10-06 20:00:00+00:00,22655.74248502192
2020-10-07 00:00:00+00:00,22655.74248502192
2020-10-07 04:00:00+00:00,22655.74248502192
2020-10-07 08:00:00+00:00,22655.74248502192
2020-10-07 12:00:00+00:00,22655.74248502192
2020-10-07 16:00:00+00:00,22655.74248502192
2020-10-07 20:00:00+00:00,22655.74248502192
2020-10-08 00:00:00+00:00,22655.74248502192
2020-10-08 04:00:00+00:00,22655.74248502192
2020-10-08 08:00:00+00:00,22655.74248502192
2020-10-08 12:00:00+00:00,22655.74248502192
2020-10-08 16:00:00+00:00,22655.74248502192
2020-10-08 20:00:00+00:00,22655.74248502192
2020-10-09 00:00:00+00:00,22655.74248502192
2020-10-09 04:00:00+00:00,22655.74248502192
2020-10-09 08:00:00+00:00,22655.74248502192
2020-10-09 12:00:00+00:00,22655.74248502192
2020-10-09 16:00:00+00:00,22655.74248502192
2020-10-09 20:00:00+00:00,22655.74248502192
2020-10-10 00:00:00+00:00,22655.74248502192
2020-10-10 04:00:00+00:00,22388.478705845435
2020-10-10 08:00:00+00:00,21916.167771591077
2020-10-10 12:00:00+00:00,22167.44527136592
2020-10-10 16:00:00+00:00,22167.051813749604
2020-10-10 20:00:00+00:00,21746.206067649142
2020-10-11 00:00:00+00:00,22000.595747423453
2020-10-11 04:00:00+00:00,22154.7865566889
2020-10-11 08:00:00+00:00,22299.62240832129
2020-10-11 12:00:00+00:00,22508.473742766222
2020-10-11 16:00:00+00:00,21998.95216892216
2020-10-11 20:00:00+00:00,22243.639188173307
2020-10-12 00:00:00+00:00,22327.44829004212
2020-10-12 04:00:00+00:00,22283.335222607046
2020-10-12 08:00:00+00:00,21347.16917047195
2020-10-12 12:00:00+00:00,22934.631294237264
2020-10-12 16:00:00+00:00,22897.536796775785
2020-10-12 20:00:00+00:00,22775.547262718603
2020-10-13 00:00:00+00:00,22298.87376146187
2020-10-13 04:00:00+00:00,22252.053365297383
2020-10-13 08:00:00+00:00,22405.831480536403
2020-10-13 12:00:00+00:00,21918.762961098022
2020-10-13 16:00:00+00:00,21927.61576366307
2020-10-13 20:00:00+00:00,22077.585162850064
2020-10-14 00:00:00+00:00,21918.307490022034
2020-10-14 04:00:00+00:00,22037.81372098491
2020-10-14 08:00:00+00:00,21794.039079649916
2020-10-14 12:00:00+00:00,21595.210442988217
2020-10-14 16:00:00+00:00,21690.44315103601
2020-10-14 20:00:00+00:00,22046.946546985484
2020-10-15 00:00:00+00:00,21857.211316612207
2020-10-15 04:00:00+00:00,21933.49529341266
2020-10-15 08:00:00+00:00,21536.99717619939
2020-10-15 12:00:00+00:00,21930.516189435522
2020-10-15 16:00:00+00:00,22533.722896533523
2020-10-15 20:00:00+00:00,22450.839785672848
2020-10-16 00:00:00+00:00,22470.710045115702
2020-10-16 04:00:00+00:00,21476.20711827012
2020-10-16 08:00:00+00:00,21448.601425712397
2020-10-16 12:00:00+00:00,21448.601425712397
2020-10-16 16:00:00+00:00,21448.601425712397
2020-10-16 20:00:00+00:00,21448.601425712397
2020-10-17 00:00:00+00:00,21448.601425712397
2020-10-17 04:00:00+00:00,21448.601425712397
2020-10-17 08:00:00+00:00,21448.601425712397
2020-10-17 12:00:00+00:00,21448.601425712397
2020-10-17 16:00:00+00:00,21448.601425712397
2020-10-17 20:00:00+00:00,21448.601425712397
2020-10-18 00:00:00+00:00,21448.601425712397
2020-10-18 04:00:00+00:00,21448.601425712397
2020-10-18 08:00:00+00:00,21448.601425712397
2020-10-18 12:00:00+00:00,21448.601425712397
2020-10-18 16:00:00+00:00,21448.601425712397
2020-10-18 20:00:00+00:00,21448.601425712397
2020-10-19 00:00:00+00:00,21448.601425712397
2020-10-19 04:00:00+00:00,21448.601425712397
2020-10-19 08:00:00+00:00,21448.601425712397
2020-10-19 12:00:00+00:00,21448.601425712397
2020-10-19 16:00:00+00:00,21448.601425712397
2020-10-19 20:00:00+00:00,21708.036149693417
2020-10-20 00:00:00+00:00,21666.013259982752
2020-10-20 04:00:00+00:00,21625.897305021306
2020-10-20 08:00:00+00:00,21844.078681706702
2020-10-20 12:00:00+00:00,22592.26279595558
2020-10-20 16:00:00+00:00,22509.018458829996
2020-10-20 20:00:00+00:00,22481.76319379865
2020-10-21 00:00:00+00:00,23897.35879641261
2020-10-21 04:00:00+00:00,24022.50255197096
2020-10-21 08:00:00+00:00,24885.960880325296
2020-10-21 12:00:00+00:00,27491.14728359292
2020-10-21 16:00:00+00:00,27134.99988676214
2020-10-21 20:00:00+00:00,27936.886850705567
2020-10-22 00:00:00+00:00,27425.04252360913
2020-10-22 04:00:00+00:00,27613.950878452328
2020-10-22 08:00:00+00:00,29133.120518210388
2020-10-22 12:00:00+00:00,28856.62949841076
2020-10-22 16:00:00+00:00,29854.669204222315
2020-10-22 20:00:00+00:00,29093.033146876885
2020-10-23 00:00:00+00:00,29017.66457222133
2020-10-23 04:00:00+00:00,28508.778277443078
2020-10-23 08:00:00+00:00,29087.525035675168
2020-10-23 12:00:00+00:00,28751.335119087238
2020-10-23 16:00:00+00:00,28689.91711058321
2020-10-23 20:00:00+00:00,28745.98618213709
2020-10-24 00:00:00+00:00,29064.52756588604
2020-10-24 04:00:00+00:00,28737.061101741452
2020-10-24 08:00:00+00:00,29199.89852650955
2020-10-24 12:00:00+00:00,30009.79644186604
2020-10-24 16:00:00+00:00,30113.89535826744
2020-10-24 20:00:00+00:00,30053.72191930989
2020-10-25 00:00:00+00:00,31448.077410177506
2020-10-25 04:00:00+00:00,29300.48402124303
2020-10-25 08:00:00+00:00,29159.411449375883
2020-10-25 12:00:00+00:00,29147.740981872033
2020-10-25 16:00:00+00:00,29285.960658512628
2020-10-25 20:00:00+00:00,29265.446828988668
2020-10-26 00:00:00+00:00,29351.682488564762
2020-10-26 04:00:00+00:00,29277.703799748353
2020-10-26 08:00:00+00:00,29425.567682188852
2020-10-26 12:00:00+00:00,28684.132349928943
2020-10-26 16:00:00+00:00,28696.86482694301
2020-10-26 20:00:00+00:00,28687.489321023804
2020-10-27 00:00:00+00:00,28721.930493352193
2020-10-27 04:00:00+00:00,28810.126667653363
2020-10-27 08:00:00+00:00,29268.88886096188
2020-10-27 12:00:00+00:00,29901.298560742212
2020-10-27 16:00:00+00:00,30083.712557494233
2020-10-27 20:00:00+00:00,29996.801052390172
2020-10-28 00:00:00+00:00,30612.432914261786
2020-10-28 04:00:00+00:00,30109.946602670712
2020-10-28 08:00:00+00:00,28658.219036453287
2020-10-28 12:00:00+00:00,28504.839569936794
2020-10-28 16:00:00+00:00,28496.461803705144
2020-10-28 20:00:00+00:00,28496.461803705144
2020-10-29 00:00:00+00:00,28496.461803705144
2020-10-29 04:00:00+00:00,28496.461803705144
2020-10-29 08:00:00+00:00,28496.461803705144
2020-10-29 12:00:00+00:00,28496.461803705144
2020-10-29 16:00:00+00:00,28651.548859236605
2020-10-29 20:00:00+00:00,28533.791389634174
2020-10-30 00:00:00+00:00,28470.506012697362
2020-10-30 04:00:00+00:00,27770.987977589186
2020-10-30 08:00:00+00:00,27892.644341540683
2020-10-30 12:00:00+00:00,28112.157166473437
2020-10-30 16:00:00+00:00,28060.493673303314
2020-10-30 20:00:00+00:00,28132.52454119441
2020-10-31 00:00:00+00:00,27940.1571158692
2020-10-31 04:00:00+00:00,28192.444729536972
2020-10-31 08:00:00+00:00,29348.296952996163
2020-10-31 12:00:00+00:00,29066.1817477209
2020-10-31 16:00:00+00:00,28844.728895190372
2020-10-31 20:00:00+00:00,28878.153578630878
2020-11-01 00:00:00+00:00,28552.278254707722
2020-11-01 04:00:00+00:00,28882.795366829352
2020-11-01 08:00:00+00:00,28580.859061362902
2020-11-01 12:00:00+00:00,28902.672423596385
2020-11-01 16:00:00+00:00,28877.04755861351
2020-11-01 20:00:00+00:00,28784.593738824646
2020-11-02 00:00:00+00:00,28577.27829887631
2020-11-02 04:00:00+00:00,28715.140404642454
2020-11-02 08:00:00+00:00,27683.902320428882
2020-11-02 12:00:00+00:00,27662.94228166057
2020-11-02 16:00:00+00:00,27662.94228166057
2020-11-02 20:00:00+00:00,27662.94228166057
2020-11-03 00:00:00+00:00,27662.94228166057
2020-11-03 04:00:00+00:00,27662.94228166057
2020-11-03 08:00:00+00:00,27662.94228166057
2020-11-03 12:00:00+00:00,27662.94228166057
2020-11-03 16:00:00+00:00,27668.224444098785
2020-11-03 20:00:00+00:00,28027.56943701399
2020-11-04 00:00:00+00:00,27590.548174940428
2020-11-04 04:00:00+00:00,26597.65606027216
2020-11-04 08:00:00+00:00,26709.328789175815
2020-11-04 12:00:00+00:00,26905.418988105663
2020-11-04 16:00:00+00:00,27115.46453226205
2020-11-04 20:00:00+00:00,27154.605588631617
2020-11-05 00:00:00+00:00,27327.180049896022
2020-11-05 04:00:00+00:00,27816.37049520128
2020-11-05 08:00:00+00:00,28550.133119125363
2020-11-05 12:00:00+00:00,29663.773483305737
2020-11-05 16:00:00+00:00,29785.589266205392
2020-11-05 20:00:00+00:00,31268.192262633376
2020-11-06 00:00:00+00:00,30720.62867036141
2020-11-06 04:00:00+00:00,31459.782061086058
2020-11-06 08:00:00+00:00,30909.692735371384
2020-11-06 12:00:00+00:00,30464.477425300982
2020-11-06 16:00:00+00:00,30523.527860488713
2020-11-06 20:00:00+00:00,30895.093489746698
2020-11-07 00:00:00+00:00,30794.57968629617
2020-11-07 04:00:00+00:00,30545.763651204783
2020-11-07 08:00:00+00:00,30708.21867381352
2020-11-07 12:00:00+00:00,30254.379771130316
2020-11-07 16:00:00+00:00,28449.76976344683
2020-11-07 20:00:00+00:00,28431.240167027026
2020-11-08 00:00:00+00:00,28431.240167027026
2020-11-08 04:00:00+00:00,28431.240167027026
2020-11-08 08:00:00+00:00,28431.240167027026
2020-11-08 12:00:00+00:00,28431.240167027026
2020-11-08 16:00:00+00:00,28416.01044995174
2020-11-08 20:00:00+00:00,28523.126249691522
2020-11-09 00:00:00+00:00,28490.13126895683
2020-11-09 04:00:00+00:00,28388.419931087974
2020-11-09 08:00:00+00:00,28789.860658648257
2020-11-09 12:00:00+00:00,26949.20956673274
2020-11-09 16:00:00+00:00,27182.838021333115
2020-11-09 20:00:00+00:00,27161.59296174225
2020-11-10 00:00:00+00:00,27163.494010779854
2020-11-10 04:00:00+00:00,27126.427193676856
2020-11-10 08:00:00+00:00,27127.837942806196
2020-11-10 12:00:00+00:00,27048.45404473224
2020-11-10 16:00:00+00:00,27137.783608848906
2020-11-10 20:00:00+00:00,27135.402155005137
2020-11-11 00:00:00+00:00,27130.122648708148
2020-11-11 04:00:00+00:00,27130.122648708148
2020-11-11 08:00:00+00:00,27130.122648708148
2020-11-11 12:00:00+00:00,27130.122648708148
2020-11-11 16:00:00+00:00,27130.122648708148
2020-11-11 20:00:00+00:00,27130.122648708148
2020-11-12 00:00:00+00:00,27130.122648708148
2020-11-12 04:00:00+00:00,27130.122648708148
2020-11-12 08:00:00+00:00,27130.122648708148
2020-11-12 12:00:00+00:00,27130.122648708148
2020-11-12 16:00:00+00:00,27130.122648708148
2020-11-12 20:00:00+00:00,27130.122648708148
2020-11-13 00:00:00+00:00,27434.777623314378
2020-11-13 04:00:00+00:00,27021.61088497601
2020-11-13 08:00:00+00:00,26984.04711328213
2020-11-13 12:00:00+00:00,26885.70284952254
2020-11-13 16:00:00+00:00,27032.3902970913
2020-11-13 20:00:00+00:00,27111.342905873396
2020-11-14 00:00:00+00:00,26765.680809386766
2020-11-14 04:00:00+00:00,26674.532859203464
2020-11-14 08:00:00+00:00,26527.599924528233
2020-11-14 12:00:00+00:00,26520.69001482335
2020-11-14 16:00:00+00:00,26520.69001482335
2020-11-14 20:00:00+00:00,26520.69001482335
2020-11-15 00:00:00+00:00,26520.69001482335
2020-11-15 04:00:00+00:00,26520.69001482335
2020-11-15 08:00:00+00:00,26520.69001482335
2020-11-15 12:00:00+00:00,26578.687137007844
2020-11-15 16:00:00+00:00,26571.444956385098
2020-11-15 20:00:00+00:00,26571.444956385098
2020-11-16 00:00:00+00:00,26571.444956385098
2020-11-16 04:00:00+00:00,26571.444956385098
2020-11-16 08:00:00+00:00,26571.444956385098
2020-11-16 12:00:00+00:00,26571.444956385098
2020-11-16 16:00:00+00:00,26571.444956385098
2020-11-16 20:00:00+00:00,26571.444956385098
2020-11-17 00:00:00+00:00,26571.444956385098
2020-11-17 04:00:00+00:00,26571.444956385098
2020-11-17 08:00:00+00:00,26571.444956385098
2020-11-17 12:00:00+00:00,26571.444956385098
2020-11-17 16:00:00+00:00,27505.87747621972
2020-11-17 20:00:00+00:00,27420.2931088659
2020-11-18 00:00:00+00:00,28757.89129174069
2020-11-18 04:00:00+00:00,28777.88882306682
2020-11-18 08:00:00+00:00,29371.873949814046
2020-11-18 12:00:00+00:00,28779.76726458079
2020-11-18 16:00:00+00:00,28337.87765496088
2020-11-18 20:00:00+00:00,28580.383343893525
2020-11-19 00:00:00+00:00,28879.06330860536
2020-11-19 04:00:00+00:00,28318.507445623614
2020-11-19 08:00:00+00:00,28555.248911136427
2020-11-19 12:00:00+00:00,29134.27817569764
2020-11-19 16:00:00+00:00,28928.247961729106
2020-11-19 20:00:00+00:00,28751.87360410063
2020-11-20 00:00:00+00:00,29049.00707396602
2020-11-20 04:00:00+00:00,29305.108043018943
2020-11-20 08:00:00+00:00,29407.385189299424
2020-11-20 12:00:00+00:00,29816.585778836896
2020-11-20 16:00:00+00:00,29710.55833430334
2020-11-20 20:00:00+00:00,29726.154401229498
2020-11-21 00:00:00+00:00,29724.049929509478
2020-11-21 04:00:00+00:00,29748.957601558322
2020-11-21 08:00:00+00:00,29448.320982733363
2020-11-21 12:00:00+00:00,30023.037487541547
2020-11-21 16:00:00+00:00,29778.768689386507
2020-11-21 20:00:00+00:00,29782.267279746455
2020-11-22 00:00:00+00:00,29437.300194879146
2020-11-22 04:00:00+00:00,29360.602850933094
2020-11-22 08:00:00+00:00,28690.3689739622
2020-11-22 12:00:00+00:00,28680.509907891847
2020-11-22 16:00:00+00:00,28680.509907891847
2020-11-22 20:00:00+00:00,28617.032549674117
2020-11-23 00:00:00+00:00,28594.725456318556
2020-11-23 04:00:00+00:00,28591.486710422818
2020-11-23 08:00:00+00:00,28591.486710422818
2020-11-23 12:00:00+00:00,28591.486710422818
2020-11-23 16:00:00+00:00,28591.486710422818
2020-11-23 20:00:00+00:00,28591.486710422818
2020-11-24 00:00:00+00:00,28591.486710422818
2020-11-24 04:00:00+00:00,28591.486710422818
2020-11-24 08:00:00+00:00,28591.486710422818
2020-11-24 12:00:00+00:00,28856.859588366187
2020-11-24 16:00:00+00:00,28659.589910053484
2020-11-24 20:00:00+00:00,28656.058686641732
2020-11-25 00:00:00+00:00,28292.323182408072
2020-11-25 04:00:00+00:00,28456.173462567982
2020-11-25 08:00:00+00:00,28446.831864298445
2020-11-25 12:00:00+00:00,28446.831864298445
2020-11-25 16:00:00+00:00,28446.831864298445
2020-11-25 20:00:00+00:00,28446.831864298445
2020-11-26 00:00:00+00:00,28446.831864298445
2020-11-26 04:00:00+00:00,28446.831864298445
2020-11-26 08:00:00+00:00,28446.831864298445
2020-11-26 12:00:00+00:00,28446.831864298445
2020-11-26 16:00:00+00:00,28446.831864298445
2020-11-26 20:00:00+00:00,28486.918108728838
2020-11-27 00:00:00+00:00,28486.374113774527
2020-11-27 04:00:00+00:00,28486.374113774527
2020-11-27 08:00:00+00:00,28486.374113774527
2020-11-27 12:00:00+00:00,28486.374113774527
2020-11-27 16:00:00+00:00,28486.374113774527
2020-11-27 20:00:00+00:00,28486.374113774527
2020-11-28 00:00:00+00:00,28486.374113774527
2020-11-28 04:00:00+00:00,28486.374113774527
2020-11-28 08:00:00+00:00,28486.374113774527
2020-11-28 12:00:00+00:00,28486.374113774527
2020-11-28 16:00:00+00:00,28486.374113774527
2020-11-28 20:00:00+00:00,28486.374113774527
2020-11-29 00:00:00+00:00,28486.374113774527
2020-11-29 04:00:00+00:00,28486.374113774527
2020-11-29 08:00:00+00:00,28486.374113774527
2020-11-29 12:00:00+00:00,28497.496409053707
2020-11-29 16:00:00+00:00,28450.026996420762
2020-11-29 20:00:00+00:00,28538.264605981567
2020-11-30 00:00:00+00:00,28778.567062902846
2020-11-30 04:00:00+00:00,28849.080862331648
2020-11-30 08:00:00+00:00,28813.316177419718
2020-11-30 12:00:00+00:00,30212.989980983322
2020-11-30 16:00:00+00:00,30079.798129209707
2020-11-30 20:00:00+00:00,30928.730928571884
2020-12-01 00:00:00+00:00,30361.891099234334
2020-12-01 04:00:00+00:00,30564.065325303247
2020-12-01 08:00:00+00:00,30357.49641992455
2020-12-01 12:00:00+00:00,30203.380751968518
2020-12-01 16:00:00+00:00,30194.88113406641
2020-12-01 20:00:00+00:00,30194.88113406641
2020-12-02 00:00:00+00:00,30194.88113406641
2020-12-02 04:00:00+00:00,30194.88113406641
2020-12-02 08:00:00+00:00,30194.88113406641
2020-12-02 12:00:00+00:00,29818.028689819923
2020-12-02 16:00:00+00:00,29803.227230206383
2020-12-02 20:00:00+00:00,29803.227230206383
2020-12-03 00:00:00+00:00,29803.227230206383
2020-12-03 04:00:00+00:00,29803.227230206383
2020-12-03 08:00:00+00:00,29803.227230206383
2020-12-03 12:00:00+00:00,29803.227230206383
2020-12-03 16:00:00+00:00,29803.227230206383
2020-12-03 20:00:00+00:00,29803.227230206383
2020-12-04 00:00:00+00:00,29803.227230206383
2020-12-04 04:00:00+00:00,29803.227230206383
2020-12-04 08:00:00+00:00,29803.227230206383
2020-12-04 12:00:00+00:00,29803.227230206383
2020-12-04 16:00:00+00:00,29803.227230206383
2020-12-04 20:00:00+00:00,29803.227230206383
2020-12-05 00:00:00+00:00,29803.227230206383
2020-12-05 04:00:00+00:00,29803.227230206383
2020-12-05 08:00:00+00:00,29803.227230206383
2020-12-05 12:00:00+00:00,29803.227230206383
2020-12-05 16:00:00+00:00,29803.227230206383
2020-12-05 20:00:00+00:00,29803.227230206383
2020-12-06 00:00:00+00:00,29803.227230206383
2020-12-06 04:00:00+00:00,29803.227230206383
2020-12-06 08:00:00+00:00,29803.227230206383
2020-12-06 12:00:00+00:00,29803.227230206383
2020-12-06 16:00:00+00:00,29803.227230206383
2020-12-06 20:00:00+00:00,29803.227230206383
2020-12-07 00:00:00+00:00,29803.227230206383
2020-12-07 04:00:00+00:00,29803.227230206383
2020-12-07 08:00:00+00:00,29803.227230206383
2020-12-07 12:00:00+00:00,29803.227230206383
2020-12-07 16:00:00+00:00,29803.227230206383
2020-12-07 20:00:00+00:00,29803.227230206383
2020-12-08 00:00:00+00:00,29803.227230206383
2020-12-08 04:00:00+00:00,29803.227230206383
2020-12-08 08:00:00+00:00,29803.227230206383
2020-12-08 12:00:00+00:00,29803.227230206383
2020-12-08 16:00:00+00:00,29803.227230206383
2020-12-08 20:00:00+00:00,29803.227230206383
2020-12-09 00:00:00+00:00,29803.227230206383
2020-12-09 04:00:00+00:00,29803.227230206383
2020-12-09 08:00:00+00:00,29803.227230206383
2020-12-09 12:00:00+00:00,29803.227230206383
2020-12-09 16:00:00+00:00,29803.227230206383
2020-12-09 20:00:00+00:00,29803.227230206383
2020-12-10 00:00:00+00:00,29803.227230206383
2020-12-10 04:00:00+00:00,29803.227230206383
2020-12-10 08:00:00+00:00,29803.227230206383
2020-12-10 12:00:00+00:00,29803.227230206383
2020-12-10 16:00:00+00:00,29803.227230206383
2020-12-10 20:00:00+00:00,29803.227230206383
2020-12-11 00:00:00+00:00,29803.227230206383
2020-12-11 04:00:00+00:00,29803.227230206383
2020-12-11 08:00:00+00:00,29803.227230206383
2020-12-11 12:00:00+00:00,29803.227230206383
2020-12-11 16:00:00+00:00,29803.227230206383
2020-12-11 20:00:00+00:00,29803.227230206383
2020-12-12 00:00:00+00:00,29803.227230206383
2020-12-12 04:00:00+00:00,29803.227230206383
2020-12-12 08:00:00+00:00,29803.227230206383
2020-12-12 12:00:00+00:00,29803.227230206383
2020-12-12 16:00:00+00:00,29803.227230206383
2020-12-12 20:00:00+00:00,29789.774778946685
2020-12-13 00:00:00+00:00,29717.892048143447
2020-12-13 04:00:00+00:00,30888.001708896853
2020-12-13 08:00:00+00:00,31059.286919886963
2020-12-13 12:00:00+00:00,30832.216031404416
2020-12-13 16:00:00+00:00,30767.966546157717
2020-12-13 20:00:00+00:00,30705.313617663393
2020-12-14 00:00:00+00:00,30920.98409233028
2020-12-14 04:00:00+00:00,30630.5941205544
2020-12-14 08:00:00+00:00,30491.431300230957
2020-12-14 12:00:00+00:00,30736.553119314638
2020-12-14 16:00:00+00:00,30644.292860053243
2020-12-14 20:00:00+00:00,30928.503103335333
2020-12-15 00:00:00+00:00,31517.990520352967
2020-12-15 04:00:00+00:00,30716.5543971377
2020-12-15 08:00:00+00:00,30973.538938410584
2020-12-15 12:00:00+00:00,31279.693307072434
2020-12-15 16:00:00+00:00,31623.323867412597
2020-12-15 20:00:00+00:00,31325.42093655518
2020-12-16 00:00:00+00:00,31097.81543752968
2020-12-16 04:00:00+00:00,31304.6549579432
2020-12-16 08:00:00+00:00,32201.51704021757
2020-12-16 12:00:00+00:00,34744.296706922345
2020-12-16 16:00:00+00:00,34972.7159065212
2020-12-16 20:00:00+00:00,37337.739240187926
2020-12-17 00:00:00+00:00,39026.91283569824
2020-12-17 04:00:00+00:00,42026.66032395718
2020-12-17 08:00:00+00:00,43224.5750950041
2020-12-17 12:00:00+00:00,45715.498467089405
2020-12-17 16:00:00+00:00,43685.04233707615
2020-12-17 20:00:00+00:00,43506.28818277236
2020-12-18 00:00:00+00:00,43518.811744957915
2020-12-18 04:00:00+00:00,44275.39894395926
2020-12-18 08:00:00+00:00,43711.23284574944
2020-12-18 12:00:00+00:00,43171.93181510249
2020-12-18 16:00:00+00:00,43603.316116395974
2020-12-18 20:00:00+00:00,43990.495805457365
2020-12-19 00:00:00+00:00,43966.26967957111
2020-12-19 04:00:00+00:00,43399.96894268809
2020-12-19 08:00:00+00:00,43453.22368442176
2020-12-19 12:00:00+00:00,44972.14850600057
2020-12-19 16:00:00+00:00,45727.9853878322
2020-12-19 20:00:00+00:00,45743.82687565419
2020-12-20 00:00:00+00:00,44954.96184574847
2020-12-20 04:00:00+00:00,45287.12460759078
2020-12-20 08:00:00+00:00,45184.589781327035
2020-12-20 12:00:00+00:00,45565.756855453496
2020-12-20 16:00:00+00:00,45617.39540809967
2020-12-20 20:00:00+00:00,45056.05315355869
2020-12-21 00:00:00+00:00,46122.81502973289
2020-12-21 04:00:00+00:00,46146.70689902085
2020-12-21 08:00:00+00:00,43055.741493132875
2020-12-21 12:00:00+00:00,43030.029303715695
2020-12-21 16:00:00+00:00,43030.029303715695
2020-12-21 20:00:00+00:00,43030.029303715695
2020-12-22 00:00:00+00:00,43030.029303715695
2020-12-22 04:00:00+00:00,43030.029303715695
2020-12-22 08:00:00+00:00,43030.029303715695
2020-12-22 12:00:00+00:00,43030.029303715695
2020-12-22 16:00:00+00:00,43030.029303715695
2020-12-22 20:00:00+00:00,43030.029303715695
2020-12-23 00:00:00+00:00,42940.066604607055
2020-12-23 04:00:00+00:00,42848.89300736214
2020-12-23 08:00:00+00:00,42505.31706505876
2020-12-23 12:00:00+00:00,42497.271349347204
2020-12-23 16:00:00+00:00,42549.15627231764
2020-12-23 20:00:00+00:00,42339.22333901849
2020-12-24 00:00:00+00:00,42331.712781296694
2020-12-24 04:00:00+00:00,42331.712781296694
2020-12-24 08:00:00+00:00,42331.712781296694
2020-12-24 12:00:00+00:00,42331.712781296694
2020-12-24 16:00:00+00:00,42331.712781296694
2020-12-24 20:00:00+00:00,42331.712781296694
2020-12-25 00:00:00+00:00,42150.28318143862
2020-12-25 04:00:00+00:00,42142.06941082384
2020-12-25 08:00:00+00:00,42142.06941082384
2020-12-25 12:00:00+00:00,42142.06941082384
2020-12-25 16:00:00+00:00,42142.06941082384
2020-12-25 20:00:00+00:00,42142.06941082384
2020-12-26 00:00:00+00:00,42142.06941082384
2020-12-26 04:00:00+00:00,42142.06941082384
2020-12-26 08:00:00+00:00,42142.06941082384
2020-12-26 12:00:00+00:00,42142.06941082384
2020-12-26 16:00:00+00:00,42142.06941082384
2020-12-26 20:00:00+00:00,43241.32919938604
2020-12-27 00:00:00+00:00,43395.26237276957
2020-12-27 04:00:00+00:00,45528.255426815565
2020-12-27 08:00:00+00:00,45564.136827033384
2020-12-27 12:00:00+00:00,44826.49918527275
2020-12-27 16:00:00+00:00,44276.55280720708
2020-12-27 20:00:00+00:00,43560.31220188759
2020-12-28 00:00:00+00:00,45146.26624711269
2020-12-28 04:00:00+00:00,44922.09031053025
2020-12-28 08:00:00+00:00,44668.72201065042
2020-12-28 12:00:00+00:00,44700.0565339755
2020-12-28 16:00:00+00:00,44794.53624227137
2020-12-28 20:00:00+00:00,44848.847332448284
2020-12-29 00:00:00+00:00,44301.54050947126
2020-12-29 04:00:00+00:00,44288.02131283959
2020-12-29 08:00:00+00:00,45023.00296536297
2020-12-29 12:00:00+00:00,44772.71512689101
2020-12-29 16:00:00+00:00,45306.524425694755
2020-12-29 20:00:00+00:00,45692.842360501905
2020-12-30 00:00:00+00:00,46938.793824163804
2020-12-30 04:00:00+00:00,47225.55691074488
2020-12-30 08:00:00+00:00,46143.60113121761
2020-12-30 12:00:00+00:00,46397.07635648616
2020-12-30 16:00:00+00:00,46917.81992877053
2020-12-30 20:00:00+00:00,47002.868393819976
2020-12-31 00:00:00+00:00,47119.50361140157
2020-12-31 04:00:00+00:00,47229.36818831895
2020-12-31 08:00:00+00:00,47008.72039424964
2020-12-31 12:00:00+00:00,46878.85707818579
2020-12-31 16:00:00+00:00,46975.538034581085
2020-12-31 20:00:00+00:00,47004.83591633884
2021-01-01 00:00:00+00:00,47295.82137084315
2021-01-01 04:00:00+00:00,47132.266706172486
2021-01-01 08:00:00+00:00,47518.548061248184
2021-01-01 12:00:00+00:00,47287.14299838661
2021-01-01 16:00:00+00:00,46983.015376279676
2021-01-01 20:00:00+00:00,47491.73715246083
2021-01-02 00:00:00+00:00,47535.082966877824
2021-01-02 04:00:00+00:00,48262.8836680329
2021-01-02 08:00:00+00:00,48249.0914723941
2021-01-02 12:00:00+00:00,51676.73703709017
2021-01-02 16:00:00+00:00,55098.76036140122
2021-01-02 20:00:00+00:00,53919.57109711083
2021-01-03 00:00:00+00:00,54379.909026166504
2021-01-03 04:00:00+00:00,56752.01011276894
2021-01-03 08:00:00+00:00,56692.27034796174
2021-01-03 12:00:00+00:00,55537.33480434751
2021-01-03 16:00:00+00:00,54943.71865254479
2021-01-03 20:00:00+00:00,55121.39182243531
2021-01-04 00:00:00+00:00,55469.12406728944
2021-01-04 04:00:00+00:00,54423.579853727846
2021-01-04 08:00:00+00:00,53255.40595137138
2021-01-04 12:00:00+00:00,53243.16061601966
2021-01-04 16:00:00+00:00,53243.16061601966
2021-01-04 20:00:00+00:00,53243.16061601966
2021-01-05 00:00:00+00:00,53243.16061601966
2021-01-05 04:00:00+00:00,53243.16061601966
2021-01-05 08:00:00+00:00,53243.16061601966
2021-01-05 12:00:00+00:00,53243.16061601966
2021-01-05 16:00:00+00:00,53243.16061601966
2021-01-05 20:00:00+00:00,53371.88803074548
2021-01-06 00:00:00+00:00,53447.85187577989
2021-01-06 04:00:00+00:00,53738.14873002425
2021-01-06 08:00:00+00:00,53847.035179139304
2021-01-06 12:00:00+00:00,53640.142722370816
2021-01-06 16:00:00+00:00,53749.4571738286
2021-01-06 20:00:00+00:00,54797.02484228311
2021-01-07 00:00:00+00:00,55155.14318391277
2021-01-07 04:00:00+00:00,54797.26599349694
2021-01-07 08:00:00+00:00,55331.74538682428
2021-01-07 12:00:00+00:00,55949.59017302183
2021-01-07 16:00:00+00:00,55970.56708112289
2021-01-07 20:00:00+00:00,56169.35589914074
2021-01-08 00:00:00+00:00,55525.36981992895
2021-01-08 04:00:00+00:00,55845.8264931366
2021-01-08 08:00:00+00:00,57133.83777350539
2021-01-08 12:00:00+00:00,56864.63502483698
2021-01-08 16:00:00+00:00,56600.43139479171
2021-01-08 20:00:00+00:00,56711.018118444765
2021-01-09 00:00:00+00:00,56508.66436432615
2021-01-09 04:00:00+00:00,56197.180583851405
2021-01-09 08:00:00+00:00,56690.205947751034
2021-01-09 12:00:00+00:00,56669.7992304415
2021-01-09 16:00:00+00:00,56727.2075201486
2021-01-09 20:00:00+00:00,56396.97490576684
2021-01-10 00:00:00+00:00,56501.764330025864
2021-01-10 04:00:00+00:00,56849.37030895076
2021-01-10 08:00:00+00:00,55877.9680895261
2021-01-10 12:00:00+00:00,55951.758120951825
2021-01-10 16:00:00+00:00,55589.28368140861
2021-01-10 20:00:00+00:00,55586.05031834586
2021-01-11 00:00:00+00:00,55586.05031834586
2021-01-11 04:00:00+00:00,55586.05031834586
2021-01-11 08:00:00+00:00,55586.05031834586
2021-01-11 12:00:00+00:00,55586.05031834586
2021-01-11 16:00:00+00:00,55586.05031834586
2021-01-11 20:00:00+00:00,55586.05031834586
2021-01-12 00:00:00+00:00,55586.05031834586
2021-01-12 04:00:00+00:00,55586.05031834586
2021-01-12 08:00:00+00:00,55586.05031834586
2021-01-12 12:00:00+00:00,55586.05031834586
2021-01-12 16:00:00+00:00,55586.05031834586
2021-01-12 20:00:00+00:00,55586.05031834586
2021-01-13 00:00:00+00:00,55586.05031834586
2021-01-13 04:00:00+00:00,55586.05031834586
2021-01-13 08:00:00+00:00,55586.05031834586
2021-01-13 12:00:00+00:00,55586.05031834586
2021-01-13 16:00:00+00:00,55586.05031834586
2021-01-13 20:00:00+00:00,55586.05031834586
2021-01-14 00:00:00+00:00,55586.05031834586
2021-01-14 04:00:00+00:00,55623.74602436247
2021-01-14 08:00:00+00:00,55641.7781482659
2021-01-14 12:00:00+00:00,55799.004344497116
2021-01-14 16:00:00+00:00,55919.26042944587
2021-01-14 20:00:00+00:00,55619.88667641237
2021-01-15 00:00:00+00:00,55552.3497127941
2021-01-15 04:00:00+00:00,55517.77191928082
2021-01-15 08:00:00+00:00,55514.968273359125
2021-01-15 12:00:00+00:00,55514.968273359125
2021-01-15 16:00:00+00:00,55514.968273359125
2021-01-15 20:00:00+00:00,55514.968273359125
2021-01-16 00:00:00+00:00,55514.968273359125
2021-01-16 04:00:00+00:00,55514.968273359125
2021-01-16 08:00:00+00:00,55514.968273359125
2021-01-16 12:00:00+00:00,55514.968273359125
2021-01-16 16:00:00+00:00,55514.968273359125
2021-01-16 20:00:00+00:00,55514.968273359125
2021-01-17 00:00:00+00:00,55514.968273359125
2021-01-17 04:00:00+00:00,55514.968273359125
2021-01-17 08:00:00+00:00,55514.968273359125
2021-01-17 12:00:00+00:00,55514.968273359125
2021-01-17 16:00:00+00:00,55514.968273359125
2021-01-17 20:00:00+00:00,55514.968273359125
2021-01-18 00:00:00+00:00,55514.968273359125
2021-01-18 04:00:00+00:00,55514.968273359125
2021-01-18 08:00:00+00:00,55514.968273359125
2021-01-18 12:00:00+00:00,55514.968273359125
2021-01-18 16:00:00+00:00,55514.968273359125
2021-01-18 20:00:00+00:00,55514.968273359125
2021-01-19 00:00:00+00:00,55514.968273359125
2021-01-19 04:00:00+00:00,55514.968273359125
2021-01-19 08:00:00+00:00,55514.968273359125
2021-01-19 12:00:00+00:00,55514.968273359125
2021-01-19 16:00:00+00:00,55514.968273359125
2021-01-19 20:00:00+00:00,55514.968273359125
2021-01-20 00:00:00+00:00,55514.968273359125
2021-01-20 04:00:00+00:00,55514.968273359125
2021-01-20 08:00:00+00:00,55514.968273359125
2021-01-20 12:00:00+00:00,55514.968273359125
2021-01-20 16:00:00+00:00,55514.968273359125
2021-01-20 20:00:00+00:00,55514.968273359125
2021-01-21 00:00:00+00:00,55514.968273359125
2021-01-21 04:00:00+00:00,55514.968273359125
2021-01-21 08:00:00+00:00,55514.968273359125
2021-01-21 12:00:00+00:00,55514.968273359125
2021-01-21 16:00:00+00:00,55514.968273359125
2021-01-21 20:00:00+00:00,55514.968273359125
2021-01-22 00:00:00+00:00,55514.968273359125
2021-01-22 04:00:00+00:00,55514.968273359125
2021-01-22 08:00:00+00:00,55514.968273359125
2021-01-22 12:00:00+00:00,55514.968273359125
2021-01-22 16:00:00+00:00,55514.968273359125
2021-01-22 20:00:00+00:00,55514.968273359125
2021-01-23 00:00:00+00:00,55514.968273359125
2021-01-23 04:00:00+00:00,55514.968273359125
2021-01-23 08:00:00+00:00,55514.968273359125
2021-01-23 12:00:00+00:00,55514.968273359125
2021-01-23 16:00:00+00:00,55514.968273359125
2021-01-23 20:00:00+00:00,55514.968273359125
2021-01-24 00:00:00+00:00,55514.968273359125
2021-01-24 04:00:00+00:00,55514.968273359125
2021-01-24 08:00:00+00:00,55514.968273359125
2021-01-24 12:00:00+00:00,55514.968273359125
2021-01-24 16:00:00+00:00,55514.968273359125
2021-01-24 20:00:00+00:00,55514.968273359125
2021-01-25 00:00:00+00:00,55514.968273359125
2021-01-25 04:00:00+00:00,55514.968273359125
2021-01-25 08:00:00+00:00,55514.968273359125
2021-01-25 12:00:00+00:00,55514.968273359125
2021-01-25 16:00:00+00:00,55514.968273359125
2021-01-25 20:00:00+00:00,55514.968273359125
2021-01-26 00:00:00+00:00,55514.968273359125
2021-01-26 04:00:00+00:00,55514.968273359125
2021-01-26 08:00:00+00:00,55514.968273359125
2021-01-26 12:00:00+00:00,55514.968273359125
2021-01-26 16:00:00+00:00,55514.968273359125
2021-01-26 20:00:00+00:00,55514.968273359125
2021-01-27 00:00:00+00:00,55514.968273359125
2021-01-27 04:00:00+00:00,55514.968273359125
2021-01-27 08:00:00+00:00,55514.968273359125
2021-01-27 12:00:00+00:00,55514.968273359125
2021-01-27 16:00:00+00:00,55514.968273359125
2021-01-27 20:00:00+00:00,55514.968273359125
2021-01-28 00:00:00+00:00,55514.968273359125
2021-01-28 04:00:00+00:00,55514.968273359125
2021-01-28 08:00:00+00:00,55514.968273359125
2021-01-28 12:00:00+00:00,55514.968273359125
2021-01-28 16:00:00+00:00,55514.968273359125
2021-01-28 20:00:00+00:00,55514.968273359125
2021-01-29 00:00:00+00:00,55514.968273359125
2021-01-29 04:00:00+00:00,55514.968273359125
2021-01-29 08:00:00+00:00,55514.968273359125
2021-01-29 12:00:00+00:00,55514.968273359125
2021-01-29 16:00:00+00:00,55514.968273359125
2021-01-29 20:00:00+00:00,55514.968273359125
2021-01-30 00:00:00+00:00,55514.968273359125
2021-01-30 04:00:00+00:00,55514.968273359125
2021-01-30 08:00:00+00:00,55514.968273359125
2021-01-30 12:00:00+00:00,55514.968273359125
2021-01-30 16:00:00+00:00,55514.968273359125
2021-01-30 20:00:00+00:00,55514.968273359125
2021-01-31 00:00:00+00:00,55514.968273359125
2021-01-31 04:00:00+00:00,55514.968273359125
2021-01-31 08:00:00+00:00,55514.968273359125
2021-01-31 12:00:00+00:00,55514.968273359125
2021-01-31 16:00:00+00:00,55514.968273359125
2021-01-31 20:00:00+00:00,55514.968273359125
2021-02-01 00:00:00+00:00,55514.968273359125
2021-02-01 04:00:00+00:00,55514.968273359125
2021-02-01 08:00:00+00:00,55514.968273359125
2021-02-01 12:00:00+00:00,55514.968273359125
2021-02-01 16:00:00+00:00,55514.968273359125
2021-02-01 20:00:00+00:00,55514.968273359125
2021-02-02 00:00:00+00:00,55514.968273359125
2021-02-02 04:00:00+00:00,55514.968273359125
2021-02-02 08:00:00+00:00,55514.968273359125
2021-02-02 12:00:00+00:00,55514.968273359125
2021-02-02 16:00:00+00:00,55514.968273359125
2021-02-02 20:00:00+00:00,55514.968273359125
2021-02-03 00:00:00+00:00,55514.968273359125
2021-02-03 04:00:00+00:00,55514.968273359125
2021-02-03 08:00:00+00:00,55514.968273359125
2021-02-03 12:00:00+00:00,55514.968273359125
2021-02-03 16:00:00+00:00,55514.968273359125
2021-02-03 20:00:00+00:00,55514.968273359125
2021-02-04 00:00:00+00:00,55514.968273359125
2021-02-04 04:00:00+00:00,55514.968273359125
2021-02-04 08:00:00+00:00,55514.968273359125
2021-02-04 12:00:00+00:00,54980.81635384544
2021-02-04 16:00:00+00:00,55594.429214759715
2021-02-04 20:00:00+00:00,55229.283606736164
2021-02-05 00:00:00+00:00,55524.86791895666
2021-02-05 04:00:00+00:00,55720.23621569421
2021-02-05 08:00:00+00:00,55726.21920256377
2021-02-05 12:00:00+00:00,55905.09885222437
2021-02-05 16:00:00+00:00,55628.03948146204
2021-02-05 20:00:00+00:00,56124.635871496335
2021-02-06 00:00:00+00:00,56847.51573395711
2021-02-06 04:00:00+00:00,56827.03952232096
2021-02-06 08:00:00+00:00,57379.546258396316
2021-02-06 12:00:00+00:00,57791.04372682635
2021-02-06 16:00:00+00:00,57351.9588267083
2021-02-06 20:00:00+00:00,56684.97908059075
2021-02-07 00:00:00+00:00,56412.658590760315
2021-02-07 04:00:00+00:00,56515.10804476899
2021-02-07 08:00:00+00:00,56544.749807605745
2021-02-07 12:00:00+00:00,55767.07392732634
2021-02-07 16:00:00+00:00,55784.34463093408
2021-02-07 20:00:00+00:00,55967.630620305055
2021-02-08 00:00:00+00:00,55784.58381580582
2021-02-08 04:00:00+00:00,56078.28906655335
2021-02-08 08:00:00+00:00,56118.03804903068
2021-02-08 12:00:00+00:00,57148.84406289441
2021-02-08 16:00:00+00:00,56541.94953861795
2021-02-08 20:00:00+00:00,59179.6546192447
2021-02-09 00:00:00+00:00,59321.82409425916
2021-02-09 04:00:00+00:00,60031.495270730535
2021-02-09 08:00:00+00:00,59085.415984925596
2021-02-09 12:00:00+00:00,59369.120279220726
2021-02-09 16:00:00+00:00,59563.13790308281
2021-02-09 20:00:00+00:00,59047.69342896722
2021-02-10 00:00:00+00:00,58877.21178172203
2021-02-10 04:00:00+00:00,59145.78742810738
2021-02-10 08:00:00+00:00,59088.85196079734
2021-02-10 12:00:00+00:00,57324.883098832404
2021-02-10 16:00:00+00:00,57723.08520300128
2021-02-10 20:00:00+00:00,57526.25325733605
2021-02-11 00:00:00+00:00,57847.27820458463
2021-02-11 04:00:00+00:00,57461.93835897677
2021-02-11 08:00:00+00:00,58150.32376977795
2021-02-11 12:00:00+00:00,59107.0160669236
2021-02-11 16:00:00+00:00,58957.6368680479
2021-02-11 20:00:00+00:00,59061.52649423318
2021-02-12 00:00:00+00:00,58852.474997517966
2021-02-12 04:00:00+00:00,58704.372373699305
2021-02-12 08:00:00+00:00,58807.122281257325
2021-02-12 12:00:00+00:00,58515.43756296265
2021-02-12 16:00:00+00:00,58627.34864966623
2021-02-12 20:00:00+00:00,58631.423691450414
2021-02-13 00:00:00+00:00,58884.46400417266
2021-02-13 04:00:00+00:00,58436.599351339915
2021-02-13 08:00:00+00:00,58209.66864316762
2021-02-13 12:00:00+00:00,58450.0717053496
2021-02-13 16:00:00+00:00,58335.902153184485
2021-02-13 20:00:00+00:00,58480.08097866242
2021-02-14 00:00:00+00:00,58534.332307821256
2021-02-14 04:00:00+00:00,59270.407955365794
2021-02-14 08:00:00+00:00,59394.53427222926
2021-02-14 12:00:00+00:00,59139.78480048821
2021-02-14 16:00:00+00:00,59186.21589448285
2021-02-14 20:00:00+00:00,59116.282422078126
2021-02-15 00:00:00+00:00,58346.626671739235
2021-02-15 04:00:00+00:00,58334.68379564383
2021-02-15 08:00:00+00:00,58334.68379564383
2021-02-15 12:00:00+00:00,58334.68379564383
2021-02-15 16:00:00+00:00,58334.68379564383
2021-02-15 20:00:00+00:00,58171.30262582084
2021-02-16 00:00:00+00:00,58166.11688850407
2021-02-16 04:00:00+00:00,58166.11688850407
2021-02-16 08:00:00+00:00,58166.11688850407
2021-02-16 12:00:00+00:00,58166.11688850407
2021-02-16 16:00:00+00:00,58166.11688850407
2021-02-16 20:00:00+00:00,58166.11688850407
2021-02-17 00:00:00+00:00,58166.11688850407
2021-02-17 04:00:00+00:00,58166.11688850407
2021-02-17 08:00:00+00:00,58166.11688850407
2021-02-17 12:00:00+00:00,58166.11688850407
2021-02-17 16:00:00+00:00,58166.11688850407
2021-02-17 20:00:00+00:00,58166.11688850407
2021-02-18 00:00:00+00:00,58074.09103556136
2021-02-18 04:00:00+00:00,57993.034109389475
2021-02-18 08:00:00+00:00,57654.218522793315
2021-02-18 12:00:00+00:00,57754.28542537551
2021-02-18 16:00:00+00:00,57807.669553344895
2021-02-18 20:00:00+00:00,57690.771654211094
2021-02-19 00:00:00+00:00,57492.093629159135
2021-02-19 04:00:00+00:00,57776.35057248722
2021-02-19 08:00:00+00:00,58346.220458055344
2021-02-19 12:00:00+00:00,58989.46303966232
2021-02-19 16:00:00+00:00,59637.37634940216
2021-02-19 20:00:00+00:00,60349.68979897752
2021-02-20 00:00:00+00:00,60136.12990136048
2021-02-20 04:00:00+00:00,59699.34763925507
2021-02-20 08:00:00+00:00,60594.13833453604
2021-02-20 12:00:00+00:00,60410.830232083914
2021-02-20 16:00:00+00:00,61050.93182888821
2021-02-20 20:00:00+00:00,60099.87726387339
2021-02-21 00:00:00+00:00,60461.83917984953
2021-02-21 04:00:00+00:00,60210.328171210116
2021-02-21 08:00:00+00:00,60910.09634925904
2021-02-21 12:00:00+00:00,60906.05141988729
2021-02-21 16:00:00+00:00,61313.84835872524
2021-02-21 20:00:00+00:00,60912.658764907545
2021-02-22 00:00:00+00:00,59982.34172631551
2021-02-22 04:00:00+00:00,60082.40600429783
2021-02-22 08:00:00+00:00,59685.303277654835
2021-02-22 12:00:00+00:00,59679.54696413787
2021-02-22 16:00:00+00:00,59679.54696413787
2021-02-22 20:00:00+00:00,59679.54696413787
2021-02-23 00:00:00+00:00,59679.54696413787
2021-02-23 04:00:00+00:00,59679.54696413787
2021-02-23 08:00:00+00:00,59679.54696413787
2021-02-23 12:00:00+00:00,59679.54696413787
2021-02-23 16:00:00+00:00,59679.54696413787
2021-02-23 20:00:00+00:00,59679.54696413787
2021-02-24 00:00:00+00:00,59679.54696413787
2021-02-24 04:00:00+00:00,59679.54696413787
2021-02-24 08:00:00+00:00,59679.54696413787
2021-02-24 12:00:00+00:00,59679.54696413787
2021-02-24 16:00:00+00:00,59679.54696413787
2021-02-24 20:00:00+00:00,59679.54696413787
2021-02-25 00:00:00+00:00,59679.54696413787
2021-02-25 04:00:00+00:00,59679.54696413787
2021-02-25 08:00:00+00:00,59679.54696413787
2021-02-25 12:00:00+00:00,59679.54696413787
2021-02-25 16:00:00+00:00,59679.54696413787
2021-02-25 20:00:00+00:00,59679.54696413787
2021-02-26 00:00:00+00:00,59679.54696413787
2021-02-26 04:00:00+00:00,59679.54696413787
2021-02-26 08:00:00+00:00,59679.54696413787
2021-02-26 12:00:00+00:00,59679.54696413787
2021-02-26 16:00:00+00:00,59679.54696413787
2021-02-26 20:00:00+00:00,59679.54696413787
2021-02-27 00:00:00+00:00,59679.54696413787
2021-02-27 04:00:00+00:00,59679.54696413787
2021-02-27 08:00:00+00:00,59679.54696413787
2021-02-27 12:00:00+00:00,59679.54696413787
2021-02-27 16:00:00+00:00,59679.54696413787
2021-02-27 20:00:00+00:00,59679.54696413787
2021-02-28 00:00:00+00:00,59679.54696413787
2021-02-28 04:00:00+00:00,59679.54696413787
2021-02-28 08:00:00+00:00,59679.54696413787
2021-02-28 12:00:00+00:00,59679.54696413787
2021-02-28 16:00:00+00:00,59679.54696413787
2021-02-28 20:00:00+00:00,59679.54696413787
2021-03-01 00:00:00+00:00,59679.54696413787
2021-03-01 04:00:00+00:00,59679.54696413787
2021-03-01 08:00:00+00:00,59679.54696413787
2021-03-01 12:00:00+00:00,59679.54696413787
2021-03-01 16:00:00+00:00,59679.54696413787
2021-03-01 20:00:00+00:00,59679.54696413787
2021-03-02 00:00:00+00:00,59679.54696413787
2021-03-02 04:00:00+00:00,59679.54696413787
2021-03-02 08:00:00+00:00,59679.54696413787
2021-03-02 12:00:00+00:00,59679.54696413787
2021-03-02 16:00:00+00:00,59679.54696413787
2021-03-02 20:00:00+00:00,59679.54696413787
2021-03-03 00:00:00+00:00,59679.54696413787
2021-03-03 04:00:00+00:00,59679.54696413787
2021-03-03 08:00:00+00:00,59679.54696413787
2021-03-03 12:00:00+00:00,58727.61908690979
2021-03-03 16:00:00+00:00,58788.42363099985
2021-03-03 20:00:00+00:00,58281.061564808486
2021-03-04 00:00:00+00:00,57997.6733444617
2021-03-04 04:00:00+00:00,58031.86424216859
2021-03-04 08:00:00+00:00,57904.24479739458
2021-03-04 12:00:00+00:00,57935.3639944288
2021-03-04 16:00:00+00:00,57433.51907385817
2021-03-04 20:00:00+00:00,57565.18621214857
2021-03-05 00:00:00+00:00,57175.011992389234
2021-03-05 04:00:00+00:00,57166.41363936743
2021-03-05 08:00:00+00:00,57166.41363936743
2021-03-05 12:00:00+00:00,57166.41363936743
2021-03-05 16:00:00+00:00,57166.41363936743
2021-03-05 20:00:00+00:00,57166.41363936743
2021-03-06 00:00:00+00:00,57166.41363936743
2021-03-06 04:00:00+00:00,57166.41363936743
2021-03-06 08:00:00+00:00,57166.41363936743
2021-03-06 12:00:00+00:00,57166.41363936743
2021-03-06 16:00:00+00:00,57166.41363936743
2021-03-06 20:00:00+00:00,57166.41363936743
2021-03-07 00:00:00+00:00,57166.41363936743
2021-03-07 04:00:00+00:00,57166.41363936743
2021-03-07 08:00:00+00:00,57166.41363936743
2021-03-07 12:00:00+00:00,57166.41363936743
2021-03-07 16:00:00+00:00,57166.41363936743
2021-03-07 20:00:00+00:00,57166.41363936743
2021-03-08 00:00:00+00:00,57166.41363936743
2021-03-08 04:00:00+00:00,57166.41363936743
2021-03-08 08:00:00+00:00,57166.41363936743
2021-03-08 12:00:00+00:00,57166.41363936743
2021-03-08 16:00:00+00:00,57166.41363936743
2021-03-08 20:00:00+00:00,57166.41363936743
2021-03-09 00:00:00+00:00,57166.41363936743
2021-03-09 04:00:00+00:00,57166.41363936743
2021-03-09 08:00:00+00:00,57166.41363936743
2021-03-09 12:00:00+00:00,57166.41363936743
2021-03-09 16:00:00+00:00,57166.41363936743
2021-03-09 20:00:00+00:00,57166.41363936743
2021-03-10 00:00:00+00:00,56312.04210682608
2021-03-10 04:00:00+00:00,56427.92621399865
2021-03-10 08:00:00+00:00,57214.7790513439
2021-03-10 12:00:00+00:00,58041.97449586493
2021-03-10 16:00:00+00:00,58522.458573920565
2021-03-10 20:00:00+00:00,57984.33278901354
2021-03-11 00:00:00+00:00,58032.843876691295
2021-03-11 04:00:00+00:00,57452.28340297945
2021-03-11 08:00:00+00:00,57669.84908665765
2021-03-11 12:00:00+00:00,57742.42844975354
2021-03-11 16:00:00+00:00,57986.30251412725
2021-03-11 20:00:00+00:00,58520.52028641964
2021-03-12 00:00:00+00:00,58110.17846531748
2021-03-12 04:00:00+00:00,57850.58123154522
2021-03-12 08:00:00+00:00,57739.435246425644
2021-03-12 12:00:00+00:00,57997.395693314254
2021-03-12 16:00:00+00:00,57975.23709617918
2021-03-12 20:00:00+00:00,58137.76217293424
2021-03-13 00:00:00+00:00,57819.684271598744
2021-03-13 04:00:00+00:00,58179.655754932566
2021-03-13 08:00:00+00:00,59583.10538628829
2021-03-13 12:00:00+00:00,59491.4610993519
2021-03-13 16:00:00+00:00,60063.673541460535
2021-03-13 20:00:00+00:00,60410.43776627047
2021-03-14 00:00:00+00:00,60497.96754835128
2021-03-14 04:00:00+00:00,59864.85978688651
2021-03-14 08:00:00+00:00,59719.97501435627
2021-03-14 12:00:00+00:00,59328.08206082171
2021-03-14 16:00:00+00:00,59441.182796259236
2021-03-14 20:00:00+00:00,58853.21967651534
2021-03-15 00:00:00+00:00,59698.429250823916
2021-03-15 04:00:00+00:00,58112.89107221228
2021-03-15 08:00:00+00:00,57781.74331708493
2021-03-15 12:00:00+00:00,57776.377340984014
2021-03-15 16:00:00+00:00,57776.377340984014
2021-03-15 20:00:00+00:00,57776.377340984014
2021-03-16 00:00:00+00:00,57776.377340984014
2021-03-16 04:00:00+00:00,57776.377340984014
2021-03-16 08:00:00+00:00,57776.377340984014
2021-03-16 12:00:00+00:00,57776.377340984014
2021-03-16 16:00:00+00:00,57776.377340984014
2021-03-16 20:00:00+00:00,57776.377340984014
2021-03-17 00:00:00+00:00,57776.377340984014
2021-03-17 04:00:00+00:00,57776.377340984014
2021-03-17 08:00:00+00:00,57776.377340984014
2021-03-17 12:00:00+00:00,57776.377340984014
2021-03-17 16:00:00+00:00,57776.377340984014
2021-03-17 20:00:00+00:00,58780.181141118206
2021-03-18 00:00:00+00:00,58582.63475183447
2021-03-18 04:00:00+00:00,58218.2252648674
2021-03-18 08:00:00+00:00,58052.418241975756
2021-03-18 12:00:00+00:00,59361.50001473187
2021-03-18 16:00:00+00:00,57175.51213599339
2021-03-18 20:00:00+00:00,57272.54231387798
2021-03-19 00:00:00+00:00,57298.69549696664
2021-03-19 04:00:00+00:00,57328.76235009714
2021-03-19 08:00:00+00:00,57661.24291313478
2021-03-19 12:00:00+00:00,57706.08471819108
2021-03-19 16:00:00+00:00,57652.91603059736
2021-03-19 20:00:00+00:00,57391.33765343988
2021-03-20 00:00:00+00:00,57498.45266866036
2021-03-20 04:00:00+00:00,57500.77706455303
2021-03-20 08:00:00+00:00,57820.31449442577
2021-03-20 12:00:00+00:00,57804.157608735855
2021-03-20 16:00:00+00:00,57805.4418086069
2021-03-20 20:00:00+00:00,57556.24100925996
2021-03-21 00:00:00+00:00,57407.22162492351
2021-03-21 04:00:00+00:00,57235.973726572054
2021-03-21 08:00:00+00:00,57230.035444424975
2021-03-21 12:00:00+00:00,57230.035444424975
2021-03-21 16:00:00+00:00,57230.035444424975
2021-03-21 20:00:00+00:00,57230.035444424975
2021-03-22 00:00:00+00:00,57230.035444424975
2021-03-22 04:00:00+00:00,57230.035444424975
2021-03-22 08:00:00+00:00,57230.035444424975
2021-03-22 12:00:00+00:00,57230.035444424975
2021-03-22 16:00:00+00:00,57230.035444424975
2021-03-22 20:00:00+00:00,57230.035444424975
2021-03-23 00:00:00+00:00,57230.035444424975
2021-03-23 04:00:00+00:00,57230.035444424975
2021-03-23 08:00:00+00:00,57230.035444424975
2021-03-23 12:00:00+00:00,57230.035444424975
2021-03-23 16:00:00+00:00,57230.035444424975
2021-03-23 20:00:00+00:00,57230.035444424975
2021-03-24 00:00:00+00:00,57230.035444424975
2021-03-24 04:00:00+00:00,57230.035444424975
2021-03-24 08:00:00+00:00,57230.035444424975
2021-03-24 12:00:00+00:00,57230.035444424975
2021-03-24 16:00:00+00:00,57230.035444424975
2021-03-24 20:00:00+00:00,57230.035444424975
2021-03-25 00:00:00+00:00,57230.035444424975
2021-03-25 04:00:00+00:00,57230.035444424975
2021-03-25 08:00:00+00:00,57230.035444424975
2021-03-25 12:00:00+00:00,57230.035444424975
2021-03-25 16:00:00+00:00,57230.035444424975
2021-03-25 20:00:00+00:00,57230.035444424975
2021-03-26 00:00:00+00:00,57230.035444424975
2021-03-26 04:00:00+00:00,57230.035444424975
2021-03-26 08:00:00+00:00,57230.035444424975
2021-03-26 12:00:00+00:00,57230.035444424975
2021-03-26 16:00:00+00:00,57230.035444424975
2021-03-26 20:00:00+00:00,57230.035444424975
2021-03-27 00:00:00+00:00,57230.035444424975
2021-03-27 04:00:00+00:00,57230.035444424975
2021-03-27 08:00:00+00:00,57230.035444424975
2021-03-27 12:00:00+00:00,57230.035444424975
2021-03-27 16:00:00+00:00,57230.035444424975
2021-03-27 20:00:00+00:00,57230.035444424975
2021-03-28 00:00:00+00:00,57230.035444424975
2021-03-28 04:00:00+00:00,57230.035444424975
2021-03-28 08:00:00+00:00,57230.035444424975
2021-03-28 12:00:00+00:00,57230.035444424975
2021-03-28 16:00:00+00:00,57230.035444424975
2021-03-28 20:00:00+00:00,57230.035444424975
2021-03-29 00:00:00+00:00,57230.035444424975
2021-03-29 04:00:00+00:00,57230.035444424975
2021-03-29 08:00:00+00:00,57230.035444424975
2021-03-29 12:00:00+00:00,57230.035444424975
2021-03-29 16:00:00+00:00,57230.035444424975
2021-03-29 20:00:00+00:00,57230.035444424975
2021-03-30 00:00:00+00:00,57230.035444424975
2021-03-30 04:00:00+00:00,57230.035444424975
2021-03-30 08:00:00+00:00,57230.035444424975
2021-03-30 12:00:00+00:00,57230.035444424975
2021-03-30 16:00:00+00:00,57230.035444424975
2021-03-30 20:00:00+00:00,57230.035444424975
2021-03-31 00:00:00+00:00,57230.035444424975
2021-03-31 04:00:00+00:00,56892.170736646316
2021-03-31 08:00:00+00:00,56745.27442000401
2021-03-31 12:00:00+00:00,57653.73520565091
2021-03-31 16:00:00+00:00,57123.612944743196
2021-03-31 20:00:00+00:00,57238.02282162544
2021-04-01 00:00:00+00:00,57482.451972955336
2021-04-01 04:00:00+00:00,57254.24562582334
2021-04-01 08:00:00+00:00,57055.240106355945
2021-04-01 12:00:00+00:00,57324.1807994013
2021-04-01 16:00:00+00:00,57270.755470105236
2021-04-01 20:00:00+00:00,57138.0359621363
2021-04-02 00:00:00+00:00,57906.22016686218
2021-04-02 04:00:00+00:00,57596.70490590714
2021-04-02 08:00:00+00:00,57647.1080858275
2021-04-02 12:00:00+00:00,57575.76360765994
2021-04-02 16:00:00+00:00,57132.5366693312
2021-04-02 20:00:00+00:00,57112.8022706424
2021-04-03 00:00:00+00:00,57112.8022706424
2021-04-03 04:00:00+00:00,57112.8022706424
2021-04-03 08:00:00+00:00,57112.8022706424
2021-04-03 12:00:00+00:00,57112.8022706424
2021-04-03 16:00:00+00:00,57112.8022706424
2021-04-03 20:00:00+00:00,57112.8022706424
2021-04-04 00:00:00+00:00,57112.8022706424
2021-04-04 04:00:00+00:00,57112.8022706424
2021-04-04 08:00:00+00:00,57112.8022706424
2021-04-04 12:00:00+00:00,57112.8022706424
2021-04-04 16:00:00+00:00,57112.8022706424
2021-04-04 20:00:00+00:00,57112.8022706424
2021-04-05 00:00:00+00:00,57112.8022706424
2021-04-05 04:00:00+00:00,57112.8022706424
2021-04-05 08:00:00+00:00,57112.8022706424
2021-04-05 12:00:00+00:00,57112.8022706424
2021-04-05 16:00:00+00:00,57112.8022706424
2021-04-05 20:00:00+00:00,57112.8022706424
2021-04-06 00:00:00+00:00,57112.8022706424
2021-04-06 04:00:00+00:00,57112.8022706424
2021-04-06 08:00:00+00:00,57112.8022706424
2021-04-06 12:00:00+00:00,57112.8022706424
2021-04-06 16:00:00+00:00,57112.8022706424
2021-04-06 20:00:00+00:00,57112.8022706424
2021-04-07 00:00:00+00:00,57112.8022706424
2021-04-07 04:00:00+00:00,57112.8022706424
2021-04-07 08:00:00+00:00,57112.8022706424
2021-04-07 12:00:00+00:00,57112.8022706424
2021-04-07 16:00:00+00:00,57112.8022706424
2021-04-07 20:00:00+00:00,57112.8022706424
2021-04-08 00:00:00+00:00,57112.8022706424
2021-04-08 04:00:00+00:00,57112.8022706424
2021-04-08 08:00:00+00:00,57112.8022706424
2021-04-08 12:00:00+00:00,57112.8022706424
2021-04-08 16:00:00+00:00,57112.8022706424
2021-04-08 20:00:00+00:00,57112.8022706424
2021-04-09 00:00:00+00:00,57112.8022706424
2021-04-09 04:00:00+00:00,57112.8022706424
2021-04-09 08:00:00+00:00,57112.8022706424
2021-04-09 12:00:00+00:00,57112.8022706424
2021-04-09 16:00:00+00:00,57112.8022706424
2021-04-09 20:00:00+00:00,57112.8022706424
2021-04-10 00:00:00+00:00,57112.8022706424
2021-04-10 04:00:00+00:00,57112.8022706424
2021-04-10 08:00:00+00:00,57112.8022706424
2021-04-10 12:00:00+00:00,57112.8022706424
2021-04-10 16:00:00+00:00,57112.8022706424
2021-04-10 20:00:00+00:00,57112.8022706424
2021-04-11 00:00:00+00:00,57112.8022706424
2021-04-11 04:00:00+00:00,57112.8022706424
2021-04-11 08:00:00+00:00,57112.8022706424
2021-04-11 12:00:00+00:00,57112.8022706424
2021-04-11 16:00:00+00:00,57112.8022706424
2021-04-11 20:00:00+00:00,57112.8022706424
2021-04-12 00:00:00+00:00,57112.8022706424
2021-04-12 04:00:00+00:00,57112.8022706424
2021-04-12 08:00:00+00:00,57112.8022706424
2021-04-12 12:00:00+00:00,57112.8022706424
2021-04-12 16:00:00+00:00,57112.8022706424
2021-04-12 20:00:00+00:00,57112.8022706424
2021-04-13 00:00:00+00:00,57112.8022706424
2021-04-13 04:00:00+00:00,57112.8022706424
2021-04-13 08:00:00+00:00,57112.8022706424
2021-04-13 12:00:00+00:00,57112.8022706424
2021-04-13 16:00:00+00:00,57112.8022706424
2021-04-13 20:00:00+00:00,57647.02140392975
2021-04-14 00:00:00+00:00,57798.08188911275
2021-04-14 04:00:00+00:00,58323.992655501854
2021-04-14 08:00:00+00:00,58495.39102460181
2021-04-14 12:00:00+00:00,57000.65324136511
2021-04-14 16:00:00+00:00,56743.062407825426
2021-04-14 20:00:00+00:00,56934.835852083794
2021-04-15 00:00:00+00:00,56952.63722986419
2021-04-15 04:00:00+00:00,56902.15106837587
2021-04-15 08:00:00+00:00,56773.89052714272
2021-04-15 12:00:00+00:00,56854.11940516933
2021-04-15 16:00:00+00:00,57004.542048126066
2021-04-15 20:00:00+00:00,56946.85261746708
2021-04-16 00:00:00+00:00,56884.250474880115
2021-04-16 04:00:00+00:00,56509.919242689175
2021-04-16 08:00:00+00:00,56502.26604301379
2021-04-16 12:00:00+00:00,56502.26604301379
2021-04-16 16:00:00+00:00,56502.26604301379
2021-04-16 20:00:00+00:00,56502.26604301379
2021-04-17 00:00:00+00:00,56502.26604301379
2021-04-17 04:00:00+00:00,56502.26604301379
2021-04-17 08:00:00+00:00,56502.26604301379
2021-04-17 12:00:00+00:00,56502.26604301379
2021-04-17 16:00:00+00:00,56502.26604301379
2021-04-17 20:00:00+00:00,56502.26604301379
2021-04-18 00:00:00+00:00,56502.26604301379
2021-04-18 04:00:00+00:00,56502.26604301379
2021-04-18 08:00:00+00:00,56502.26604301379
2021-04-18 12:00:00+00:00,56502.26604301379
2021-04-18 16:00:00+00:00,56502.26604301379
2021-04-18 20:00:00+00:00,56502.26604301379
2021-04-19 00:00:00+00:00,56502.26604301379
2021-04-19 04:00:00+00:00,56502.26604301379
2021-04-19 08:00:00+00:00,56502.26604301379
2021-04-19 12:00:00+00:00,56502.26604301379
2021-04-19 16:00:00+00:00,56502.26604301379
2021-04-19 20:00:00+00:00,56502.26604301379
2021-04-20 00:00:00+00:00,56502.26604301379
2021-04-20 04:00:00+00:00,56502.26604301379
2021-04-20 08:00:00+00:00,56502.26604301379
2021-04-20 12:00:00+00:00,56502.26604301379
2021-04-20 16:00:00+00:00,56502.26604301379
2021-04-20 20:00:00+00:00,56502.26604301379
2021-04-21 00:00:00+00:00,56502.26604301379
2021-04-21 04:00:00+00:00,56502.26604301379
2021-04-21 08:00:00+00:00,56502.26604301379
2021-04-21 12:00:00+00:00,56502.26604301379
2021-04-21 16:00:00+00:00,56502.26604301379
2021-04-21 20:00:00+00:00,56502.26604301379
2021-04-22 00:00:00+00:00,56502.26604301379
2021-04-22 04:00:00+00:00,56502.26604301379
2021-04-22 08:00:00+00:00,56502.26604301379
2021-04-22 12:00:00+00:00,56502.26604301379
2021-04-22 16:00:00+00:00,56502.26604301379
2021-04-22 20:00:00+00:00,56502.26604301379
2021-04-23 00:00:00+00:00,56502.26604301379
2021-04-23 04:00:00+00:00,56502.26604301379
2021-04-23 08:00:00+00:00,56502.26604301379
2021-04-23 12:00:00+00:00,56502.26604301379
2021-04-23 16:00:00+00:00,56502.26604301379
2021-04-23 20:00:00+00:00,56502.26604301379
2021-04-24 00:00:00+00:00,56502.26604301379
2021-04-24 04:00:00+00:00,56502.26604301379
2021-04-24 08:00:00+00:00,56502.26604301379
2021-04-24 12:00:00+00:00,56502.26604301379
2021-04-24 16:00:00+00:00,56502.26604301379
2021-04-24 20:00:00+00:00,56502.26604301379
2021-04-25 00:00:00+00:00,56502.26604301379
2021-04-25 04:00:00+00:00,56502.26604301379
2021-04-25 08:00:00+00:00,56502.26604301379
2021-04-25 12:00:00+00:00,56502.26604301379
2021-04-25 16:00:00+00:00,56502.26604301379
2021-04-25 20:00:00+00:00,56502.26604301379
2021-04-26 00:00:00+00:00,56502.26604301379
2021-04-26 04:00:00+00:00,56502.26604301379
2021-04-26 08:00:00+00:00,56502.26604301379
2021-04-26 12:00:00+00:00,56502.26604301379
2021-04-26 16:00:00+00:00,56502.26604301379
2021-04-26 20:00:00+00:00,56502.26604301379
2021-04-27 00:00:00+00:00,56502.26604301379
2021-04-27 04:00:00+00:00,56502.26604301379
2021-04-27 08:00:00+00:00,56502.26604301379
2021-04-27 12:00:00+00:00,56502.26604301379
2021-04-27 16:00:00+00:00,56502.26604301379
2021-04-27 20:00:00+00:00,56502.26604301379
2021-04-28 00:00:00+00:00,56502.26604301379
2021-04-28 04:00:00+00:00,56502.26604301379
2021-04-28 08:00:00+00:00,56502.26604301379
2021-04-28 12:00:00+00:00,56502.26604301379
2021-04-28 16:00:00+00:00,56502.26604301379
2021-04-28 20:00:00+00:00,56502.26604301379
2021-04-29 00:00:00+00:00,56502.26604301379
2021-04-29 04:00:00+00:00,56502.26604301379
2021-04-29 08:00:00+00:00,56502.26604301379
2021-04-29 12:00:00+00:00,56502.26604301379
2021-04-29 16:00:00+00:00,56502.26604301379
2021-04-29 20:00:00+00:00,56502.26604301379
2021-04-30 00:00:00+00:00,56502.26604301379
2021-04-30 04:00:00+00:00,56502.26604301379
2021-04-30 08:00:00+00:00,56502.26604301379
2021-04-30 12:00:00+00:00,56502.26604301379
2021-04-30 16:00:00+00:00,56502.26604301379
2021-04-30 20:00:00+00:00,56502.26604301379
2021-05-01 00:00:00+00:00,56502.26604301379
2021-05-01 04:00:00+00:00,56502.26604301379
2021-05-01 08:00:00+00:00,56502.26604301379
2021-05-01 12:00:00+00:00,56502.26604301379
2021-05-01 16:00:00+00:00,56502.26604301379
2021-05-01 20:00:00+00:00,56502.26604301379
2021-05-02 00:00:00+00:00,56502.26604301379
2021-05-02 04:00:00+00:00,56502.26604301379
2021-05-02 08:00:00+00:00,56502.26604301379
2021-05-02 12:00:00+00:00,56502.26604301379
2021-05-02 16:00:00+00:00,56502.26604301379
2021-05-02 20:00:00+00:00,56502.26604301379
2021-05-03 00:00:00+00:00,56502.26604301379
2021-05-03 04:00:00+00:00,56502.26604301379
2021-05-03 08:00:00+00:00,56502.26604301379
2021-05-03 12:00:00+00:00,56502.26604301379
2021-05-03 16:00:00+00:00,56502.26604301379
2021-05-03 20:00:00+00:00,56502.26604301379
2021-05-04 00:00:00+00:00,56502.26604301379
2021-05-04 04:00:00+00:00,56502.26604301379
2021-05-04 08:00:00+00:00,56502.26604301379
2021-05-04 12:00:00+00:00,56502.26604301379
2021-05-04 16:00:00+00:00,56502.26604301379
2021-05-04 20:00:00+00:00,56502.26604301379
2021-05-05 00:00:00+00:00,56502.26604301379
2021-05-05 04:00:00+00:00,56502.26604301379
2021-05-05 08:00:00+00:00,56502.26604301379
2021-05-05 12:00:00+00:00,56502.26604301379
2021-05-05 16:00:00+00:00,56502.26604301379
2021-05-05 20:00:00+00:00,56502.26604301379
2021-05-06 00:00:00+00:00,56502.26604301379
2021-05-06 04:00:00+00:00,56502.26604301379
2021-05-06 08:00:00+00:00,56502.26604301379
2021-05-06 12:00:00+00:00,56502.26604301379
2021-05-06 16:00:00+00:00,56502.26604301379
2021-05-06 20:00:00+00:00,56502.26604301379
2021-05-07 00:00:00+00:00,56502.26604301379
2021-05-07 04:00:00+00:00,56502.26604301379
2021-05-07 08:00:00+00:00,56502.26604301379
2021-05-07 12:00:00+00:00,56502.26604301379
2021-05-07 16:00:00+00:00,56502.26604301379
2021-05-07 20:00:00+00:00,56502.26604301379
2021-05-08 00:00:00+00:00,56502.26604301379
2021-05-08 04:00:00+00:00,56502.26604301379
2021-05-08 08:00:00+00:00,56502.26604301379
2021-05-08 12:00:00+00:00,56502.26604301379
2021-05-08 16:00:00+00:00,56502.26604301379
2021-05-08 20:00:00+00:00,56502.26604301379
2021-05-09 00:00:00+00:00,56502.26604301379
2021-05-09 04:00:00+00:00,56502.26604301379
2021-05-09 08:00:00+00:00,56502.26604301379
2021-05-09 12:00:00+00:00,56502.26604301379
2021-05-09 16:00:00+00:00,56502.26604301379
2021-05-09 20:00:00+00:00,56502.26604301379
2021-05-10 00:00:00+00:00,56502.26604301379
2021-05-10 04:00:00+00:00,56502.26604301379
2021-05-10 08:00:00+00:00,56502.26604301379
2021-05-10 12:00:00+00:00,56502.26604301379
2021-05-10 16:00:00+00:00,56502.26604301379
2021-05-10 20:00:00+00:00,56502.26604301379
2021-05-11 00:00:00+00:00,56502.26604301379
2021-05-11 04:00:00+00:00,56502.26604301379
2021-05-11 08:00:00+00:00,56502.26604301379
2021-05-11 12:00:00+00:00,56502.26604301379
2021-05-11 16:00:00+00:00,56502.26604301379
2021-05-11 20:00:00+00:00,56502.26604301379
2021-05-12 00:00:00+00:00,56502.26604301379
2021-05-12 04:00:00+00:00,56502.26604301379
2021-05-12 08:00:00+00:00,56502.26604301379
2021-05-12 12:00:00+00:00,56502.26604301379
2021-05-12 16:00:00+00:00,56502.26604301379
2021-05-12 20:00:00+00:00,56502.26604301379
2021-05-13 00:00:00+00:00,56539.30730609182
2021-05-13 04:00:00+00:00,56538.22696516398
2021-05-13 08:00:00+00:00,56538.22696516398
2021-05-13 12:00:00+00:00,56538.22696516398
2021-05-13 16:00:00+00:00,56538.22696516398
2021-05-13 20:00:00+00:00,56538.22696516398
2021-05-14 00:00:00+00:00,56538.22696516398
2021-05-14 04:00:00+00:00,56538.22696516398
2021-05-14 08:00:00+00:00,56538.22696516398
2021-05-14 12:00:00+00:00,56538.22696516398
2021-05-14 16:00:00+00:00,56538.22696516398
2021-05-14 20:00:00+00:00,56538.22696516398
2021-05-15 00:00:00+00:00,56538.22696516398
2021-05-15 04:00:00+00:00,56538.22696516398
2021-05-15 08:00:00+00:00,56538.22696516398
2021-05-15 12:00:00+00:00,56538.22696516398
2021-05-15 16:00:00+00:00,56538.22696516398
2021-05-15 20:00:00+00:00,56538.22696516398
2021-05-16 00:00:00+00:00,56538.22696516398
2021-05-16 04:00:00+00:00,56538.22696516398
2021-05-16 08:00:00+00:00,56538.22696516398
2021-05-16 12:00:00+00:00,56538.22696516398
2021-05-16 16:00:00+00:00,56538.22696516398
2021-05-16 20:00:00+00:00,56538.22696516398
2021-05-17 00:00:00+00:00,56538.22696516398
2021-05-17 04:00:00+00:00,56538.22696516398
2021-05-17 08:00:00+00:00,56538.22696516398
2021-05-17 12:00:00+00:00,56538.22696516398
2021-05-17 16:00:00+00:00,56538.22696516398
2021-05-17 20:00:00+00:00,56538.22696516398
2021-05-18 00:00:00+00:00,56538.22696516398
2021-05-18 04:00:00+00:00,56538.22696516398
2021-05-18 08:00:00+00:00,56538.22696516398
2021-05-18 12:00:00+00:00,56538.22696516398
2021-05-18 16:00:00+00:00,56538.22696516398
2021-05-18 20:00:00+00:00,56538.22696516398
2021-05-19 00:00:00+00:00,56538.22696516398
2021-05-19 04:00:00+00:00,56538.22696516398
2021-05-19 08:00:00+00:00,56538.22696516398
2021-05-19 12:00:00+00:00,56538.22696516398
2021-05-19 16:00:00+00:00,56538.22696516398
2021-05-19 20:00:00+00:00,56538.22696516398
2021-05-20 00:00:00+00:00,56538.22696516398
2021-05-20 04:00:00+00:00,56538.22696516398
2021-05-20 08:00:00+00:00,56538.22696516398
2021-05-20 12:00:00+00:00,56538.22696516398
2021-05-20 16:00:00+00:00,56538.22696516398
2021-05-20 20:00:00+00:00,56538.22696516398
2021-05-21 00:00:00+00:00,56538.22696516398
2021-05-21 04:00:00+00:00,56538.22696516398
2021-05-21 08:00:00+00:00,56538.22696516398
2021-05-21 12:00:00+00:00,56538.22696516398
2021-05-21 16:00:00+00:00,56538.22696516398
2021-05-21 20:00:00+00:00,56538.22696516398
2021-05-22 00:00:00+00:00,56538.22696516398
2021-05-22 04:00:00+00:00,56538.22696516398
2021-05-22 08:00:00+00:00,56538.22696516398
2021-05-22 12:00:00+00:00,56538.22696516398
2021-05-22 16:00:00+00:00,56538.22696516398
2021-05-22 20:00:00+00:00,56538.22696516398
2021-05-23 00:00:00+00:00,56538.22696516398
2021-05-23 04:00:00+00:00,56538.22696516398
2021-05-23 08:00:00+00:00,56538.22696516398
2021-05-23 12:00:00+00:00,56538.22696516398
2021-05-23 16:00:00+00:00,56538.22696516398
2021-05-23 20:00:00+00:00,56538.22696516398
2021-05-24 00:00:00+00:00,56538.22696516398
2021-05-24 04:00:00+00:00,56538.22696516398
2021-05-24 08:00:00+00:00,56538.22696516398
2021-05-24 12:00:00+00:00,56538.22696516398
2021-05-24 16:00:00+00:00,56538.22696516398
2021-05-24 20:00:00+00:00,56538.22696516398
2021-05-25 00:00:00+00:00,56538.22696516398
2021-05-25 04:00:00+00:00,56538.22696516398
2021-05-25 08:00:00+00:00,56538.22696516398
2021-05-25 12:00:00+00:00,56538.22696516398
2021-05-25 16:00:00+00:00,56538.22696516398
2021-05-25 20:00:00+00:00,56538.22696516398
2021-05-26 00:00:00+00:00,56538.22696516398
2021-05-26 04:00:00+00:00,56538.22696516398
2021-05-26 08:00:00+00:00,56538.22696516398
2021-05-26 12:00:00+00:00,56538.22696516398
2021-05-26 16:00:00+00:00,56538.22696516398
2021-05-26 20:00:00+00:00,56538.22696516398
2021-05-27 00:00:00+00:00,56538.22696516398
2021-05-27 04:00:00+00:00,56538.22696516398
2021-05-27 08:00:00+00:00,56538.22696516398
2021-05-27 12:00:00+00:00,56538.22696516398
2021-05-27 16:00:00+00:00,56538.22696516398
2021-05-27 20:00:00+00:00,56538.22696516398
2021-05-28 00:00:00+00:00,56538.22696516398
2021-05-28 04:00:00+00:00,56538.22696516398
2021-05-28 08:00:00+00:00,56538.22696516398
2021-05-28 12:00:00+00:00,56538.22696516398
2021-05-28 16:00:00+00:00,56538.22696516398
2021-05-28 20:00:00+00:00,56538.22696516398
2021-05-29 00:00:00+00:00,56538.22696516398
2021-05-29 04:00:00+00:00,56538.22696516398
2021-05-29 08:00:00+00:00,56538.22696516398
2021-05-29 12:00:00+00:00,56538.22696516398
2021-05-29 16:00:00+00:00,56538.22696516398
2021-05-29 20:00:00+00:00,56538.22696516398
2021-05-30 00:00:00+00:00,56538.22696516398
2021-05-30 04:00:00+00:00,56538.22696516398
2021-05-30 08:00:00+00:00,56538.22696516398
2021-05-30 12:00:00+00:00,56538.22696516398
2021-05-30 16:00:00+00:00,56538.22696516398
2021-05-30 20:00:00+00:00,56538.22696516398
2021-05-31 00:00:00+00:00,56538.22696516398
2021-05-31 04:00:00+00:00,56538.22696516398
2021-05-31 08:00:00+00:00,56538.22696516398
2021-05-31 12:00:00+00:00,56538.22696516398
2021-05-31 16:00:00+00:00,56538.22696516398
2021-05-31 20:00:00+00:00,56538.22696516398
2021-06-01 00:00:00+00:00,56538.22696516398
2021-06-01 04:00:00+00:00,56538.22696516398
2021-06-01 08:00:00+00:00,56538.22696516398
2021-06-01 12:00:00+00:00,56538.22696516398
2021-06-01 16:00:00+00:00,56538.22696516398
2021-06-01 20:00:00+00:00,56538.22696516398
2021-06-02 00:00:00+00:00,56538.22696516398
2021-06-02 04:00:00+00:00,56538.22696516398
2021-06-02 08:00:00+00:00,56538.22696516398
2021-06-02 12:00:00+00:00,56538.22696516398
2021-06-02 16:00:00+00:00,56538.22696516398
2021-06-02 20:00:00+00:00,56538.22696516398
2021-06-03 00:00:00+00:00,56538.22696516398
2021-06-03 04:00:00+00:00,56538.22696516398
2021-06-03 08:00:00+00:00,56538.22696516398
2021-06-03 12:00:00+00:00,56538.22696516398
2021-06-03 16:00:00+00:00,56538.22696516398
2021-06-03 20:00:00+00:00,56538.22696516398
2021-06-04 00:00:00+00:00,56538.22696516398
2021-06-04 04:00:00+00:00,56538.22696516398
2021-06-04 08:00:00+00:00,56538.22696516398
2021-06-04 12:00:00+00:00,56538.22696516398
2021-06-04 16:00:00+00:00,56538.22696516398
2021-06-04 20:00:00+00:00,56538.22696516398
2021-06-05 00:00:00+00:00,56538.22696516398
2021-06-05 04:00:00+00:00,56538.22696516398
2021-06-05 08:00:00+00:00,56538.22696516398
2021-06-05 12:00:00+00:00,56538.22696516398
2021-06-05 16:00:00+00:00,56538.22696516398
2021-06-05 20:00:00+00:00,56538.22696516398
2021-06-06 00:00:00+00:00,56538.22696516398
2021-06-06 04:00:00+00:00,56538.22696516398
2021-06-06 08:00:00+00:00,56538.22696516398
2021-06-06 12:00:00+00:00,56538.22696516398
2021-06-06 16:00:00+00:00,56538.22696516398
2021-06-06 20:00:00+00:00,56538.22696516398
2021-06-07 00:00:00+00:00,56538.22696516398
2021-06-07 04:00:00+00:00,56538.22696516398
2021-06-07 08:00:00+00:00,56538.22696516398
2021-06-07 12:00:00+00:00,56538.22696516398
2021-06-07 16:00:00+00:00,56538.22696516398
2021-06-07 20:00:00+00:00,56538.22696516398
2021-06-08 00:00:00+00:00,56538.22696516398
2021-06-08 04:00:00+00:00,56538.22696516398
2021-06-08 08:00:00+00:00,56538.22696516398
2021-06-08 12:00:00+00:00,56538.22696516398
2021-06-08 16:00:00+00:00,56538.22696516398
2021-06-08 20:00:00+00:00,56538.22696516398
2021-06-09 00:00:00+00:00,56538.22696516398
2021-06-09 04:00:00+00:00,56538.22696516398
2021-06-09 08:00:00+00:00,56538.22696516398
2021-06-09 12:00:00+00:00,56538.22696516398
2021-06-09 16:00:00+00:00,56538.22696516398
2021-06-09 20:00:00+00:00,56538.22696516398
2021-06-10 00:00:00+00:00,56538.22696516398
2021-06-10 04:00:00+00:00,56538.22696516398
2021-06-10 08:00:00+00:00,56538.22696516398
2021-06-10 12:00:00+00:00,56538.22696516398
2021-06-10 16:00:00+00:00,56538.22696516398
2021-06-10 20:00:00+00:00,56538.22696516398
2021-06-11 00:00:00+00:00,56538.22696516398
2021-06-11 04:00:00+00:00,56538.22696516398
2021-06-11 08:00:00+00:00,56538.22696516398
2021-06-11 12:00:00+00:00,56538.22696516398
2021-06-11 16:00:00+00:00,56538.22696516398
2021-06-11 20:00:00+00:00,56538.22696516398
2021-06-12 00:00:00+00:00,56538.22696516398
2021-06-12 04:00:00+00:00,56538.22696516398
2021-06-12 08:00:00+00:00,56538.22696516398
2021-06-12 12:00:00+00:00,56538.22696516398
2021-06-12 16:00:00+00:00,56538.22696516398
2021-06-12 20:00:00+00:00,56538.22696516398
2021-06-13 00:00:00+00:00,56538.22696516398
2021-06-13 04:00:00+00:00,56538.22696516398
2021-06-13 08:00:00+00:00,56538.22696516398
2021-06-13 12:00:00+00:00,56538.22696516398
2021-06-13 16:00:00+00:00,56538.22696516398
2021-06-13 20:00:00+00:00,56538.22696516398
2021-06-14 00:00:00+00:00,56538.22696516398
2021-06-14 04:00:00+00:00,56538.22696516398
2021-06-14 08:00:00+00:00,56538.22696516398
2021-06-14 12:00:00+00:00,56538.22696516398
2021-06-14 16:00:00+00:00,56538.22696516398
2021-06-14 20:00:00+00:00,56538.22696516398
2021-06-15 00:00:00+00:00,56538.22696516398
2021-06-15 04:00:00+00:00,56538.22696516398
2021-06-15 08:00:00+00:00,56538.22696516398
2021-06-15 12:00:00+00:00,56538.22696516398
2021-06-15 16:00:00+00:00,56538.22696516398
2021-06-15 20:00:00+00:00,56770.78523504525
2021-06-16 00:00:00+00:00,56577.10088519217
2021-06-16 04:00:00+00:00,56760.946585155834
2021-06-16 08:00:00+00:00,55255.50933377843
2021-06-16 12:00:00+00:00,55078.86215632795
2021-06-16 16:00:00+00:00,55030.314995656365
2021-06-16 20:00:00+00:00,54859.67048602057
2021-06-17 00:00:00+00:00,55121.208284907945
2021-06-17 04:00:00+00:00,55296.45824408201
2021-06-17 08:00:00+00:00,55273.080379881794
2021-06-17 12:00:00+00:00,55194.74843559571
2021-06-17 16:00:00+00:00,54518.949920189625
2021-06-17 20:00:00+00:00,54509.11660148459
2021-06-18 00:00:00+00:00,54509.11660148459
2021-06-18 04:00:00+00:00,54509.11660148459
2021-06-18 08:00:00+00:00,54509.11660148459
2021-06-18 12:00:00+00:00,54509.11660148459
2021-06-18 16:00:00+00:00,54509.11660148459
2021-06-18 20:00:00+00:00,54509.11660148459
2021-06-19 00:00:00+00:00,54509.11660148459
2021-06-19 04:00:00+00:00,54509.11660148459
2021-06-19 08:00:00+00:00,54509.11660148459
2021-06-19 12:00:00+00:00,54509.11660148459
2021-06-19 16:00:00+00:00,54509.11660148459
2021-06-19 20:00:00+00:00,54509.11660148459
2021-06-20 00:00:00+00:00,54509.11660148459
2021-06-20 04:00:00+00:00,54509.11660148459
2021-06-20 08:00:00+00:00,54509.11660148459
2021-06-20 12:00:00+00:00,54509.11660148459
2021-06-20 16:00:00+00:00,54509.11660148459
2021-06-20 20:00:00+00:00,54509.11660148459
2021-06-21 00:00:00+00:00,54509.11660148459
2021-06-21 04:00:00+00:00,54509.11660148459
2021-06-21 08:00:00+00:00,54509.11660148459
2021-06-21 12:00:00+00:00,54509.11660148459
2021-06-21 16:00:00+00:00,54509.11660148459
2021-06-21 20:00:00+00:00,54509.11660148459
2021-06-22 00:00:00+00:00,54509.11660148459
2021-06-22 04:00:00+00:00,54509.11660148459
2021-06-22 08:00:00+00:00,54509.11660148459
2021-06-22 12:00:00+00:00,54509.11660148459
2021-06-22 16:00:00+00:00,54509.11660148459
2021-06-22 20:00:00+00:00,54509.11660148459
2021-06-23 00:00:00+00:00,54509.11660148459
2021-06-23 04:00:00+00:00,54509.11660148459
2021-06-23 08:00:00+00:00,54509.11660148459
2021-06-23 12:00:00+00:00,54509.11660148459
2021-06-23 16:00:00+00:00,54509.11660148459
2021-06-23 20:00:00+00:00,54509.11660148459
2021-06-24 00:00:00+00:00,54509.11660148459
2021-06-24 04:00:00+00:00,54509.11660148459
2021-06-24 08:00:00+00:00,54509.11660148459
2021-06-24 12:00:00+00:00,54509.11660148459
2021-06-24 16:00:00+00:00,54509.11660148459
2021-06-24 20:00:00+00:00,54509.11660148459
2021-06-25 00:00:00+00:00,54509.11660148459
2021-06-25 04:00:00+00:00,54509.11660148459
2021-06-25 08:00:00+00:00,54509.11660148459
2021-06-25 12:00:00+00:00,54509.11660148459
2021-06-25 16:00:00+00:00,54509.11660148459
2021-06-25 20:00:00+00:00,54509.11660148459
2021-06-26 00:00:00+00:00,54509.11660148459
2021-06-26 04:00:00+00:00,54509.11660148459
2021-06-26 08:00:00+00:00,54509.11660148459
2021-06-26 12:00:00+00:00,54509.11660148459
2021-06-26 16:00:00+00:00,54509.11660148459
2021-06-26 20:00:00+00:00,54509.11660148459
2021-06-27 00:00:00+00:00,54509.11660148459
2021-06-27 04:00:00+00:00,54509.11660148459
2021-06-27 08:00:00+00:00,54509.11660148459
2021-06-27 12:00:00+00:00,54509.11660148459
2021-06-27 16:00:00+00:00,54509.11660148459
2021-06-27 20:00:00+00:00,54509.11660148459
2021-06-28 00:00:00+00:00,54509.11660148459
2021-06-28 04:00:00+00:00,54509.11660148459
2021-06-28 08:00:00+00:00,54509.11660148459
2021-06-28 12:00:00+00:00,54509.11660148459
2021-06-28 16:00:00+00:00,54509.11660148459
2021-06-28 20:00:00+00:00,54509.11660148459
2021-06-29 00:00:00+00:00,54509.11660148459
2021-06-29 04:00:00+00:00,54509.11660148459
2021-06-29 08:00:00+00:00,54509.11660148459
2021-06-29 12:00:00+00:00,54509.11660148459
2021-06-29 16:00:00+00:00,54509.11660148459
2021-06-29 20:00:00+00:00,54509.11660148459
2021-06-30 00:00:00+00:00,54509.11660148459
2021-06-30 04:00:00+00:00,54509.11660148459
2021-06-30 08:00:00+00:00,54509.11660148459
2021-06-30 12:00:00+00:00,54509.11660148459
2021-06-30 16:00:00+00:00,54509.11660148459
2021-06-30 20:00:00+00:00,54509.11660148459
2021-07-01 00:00:00+00:00,54509.11660148459
2021-07-01 04:00:00+00:00,54509.11660148459
2021-07-01 08:00:00+00:00,54509.11660148459
2021-07-01 12:00:00+00:00,54509.11660148459
2021-07-01 16:00:00+00:00,54509.11660148459
2021-07-01 20:00:00+00:00,54509.11660148459
2021-07-02 00:00:00+00:00,54509.11660148459
2021-07-02 04:00:00+00:00,54509.11660148459
2021-07-02 08:00:00+00:00,54509.11660148459
2021-07-02 12:00:00+00:00,54509.11660148459
2021-07-02 16:00:00+00:00,54509.11660148459
2021-07-02 20:00:00+00:00,54509.11660148459
2021-07-03 00:00:00+00:00,54509.11660148459
2021-07-03 04:00:00+00:00,54509.11660148459
2021-07-03 08:00:00+00:00,54509.11660148459
2021-07-03 12:00:00+00:00,54509.11660148459
2021-07-03 16:00:00+00:00,54509.11660148459
2021-07-03 20:00:00+00:00,54509.11660148459
2021-07-04 00:00:00+00:00,54509.11660148459
2021-07-04 04:00:00+00:00,54509.11660148459
2021-07-04 08:00:00+00:00,54509.11660148459
2021-07-04 12:00:00+00:00,54509.11660148459
2021-07-04 16:00:00+00:00,54509.11660148459
2021-07-04 20:00:00+00:00,54509.11660148459
2021-07-05 00:00:00+00:00,54509.11660148459
2021-07-05 04:00:00+00:00,54509.11660148459
2021-07-05 08:00:00+00:00,54509.11660148459
2021-07-05 12:00:00+00:00,54509.11660148459
2021-07-05 16:00:00+00:00,54509.11660148459
2021-07-05 20:00:00+00:00,54509.11660148459
2021-07-06 00:00:00+00:00,54509.11660148459
2021-07-06 04:00:00+00:00,54509.11660148459
2021-07-06 08:00:00+00:00,54509.11660148459
2021-07-06 12:00:00+00:00,54509.11660148459
2021-07-06 16:00:00+00:00,54509.11660148459
2021-07-06 20:00:00+00:00,54509.11660148459
2021-07-07 00:00:00+00:00,54509.11660148459
2021-07-07 04:00:00+00:00,54509.11660148459
2021-07-07 08:00:00+00:00,54509.11660148459
2021-07-07 12:00:00+00:00,54509.11660148459
2021-07-07 16:00:00+00:00,54509.11660148459
2021-07-07 20:00:00+00:00,54509.11660148459
2021-07-08 00:00:00+00:00,54509.11660148459
2021-07-08 04:00:00+00:00,54509.11660148459
2021-07-08 08:00:00+00:00,54509.11660148459
2021-07-08 12:00:00+00:00,54509.11660148459
2021-07-08 16:00:00+00:00,54509.11660148459
2021-07-08 20:00:00+00:00,54509.11660148459
2021-07-09 00:00:00+00:00,54509.11660148459
2021-07-09 04:00:00+00:00,54509.11660148459
2021-07-09 08:00:00+00:00,54509.11660148459
2021-07-09 12:00:00+00:00,54509.11660148459
2021-07-09 16:00:00+00:00,54509.11660148459
2021-07-09 20:00:00+00:00,54509.11660148459
2021-07-10 00:00:00+00:00,54509.11660148459
2021-07-10 04:00:00+00:00,54509.11660148459
2021-07-10 08:00:00+00:00,54509.11660148459
2021-07-10 12:00:00+00:00,54509.11660148459
2021-07-10 16:00:00+00:00,54509.11660148459
2021-07-10 20:00:00+00:00,54509.11660148459
2021-07-11 00:00:00+00:00,54509.11660148459
2021-07-11 04:00:00+00:00,54509.11660148459
2021-07-11 08:00:00+00:00,54509.11660148459
2021-07-11 12:00:00+00:00,54509.11660148459
2021-07-11 16:00:00+00:00,54509.11660148459
2021-07-11 20:00:00+00:00,54509.11660148459
2021-07-12 00:00:00+00:00,54509.11660148459
2021-07-12 04:00:00+00:00,54509.11660148459
2021-07-12 08:00:00+00:00,54509.11660148459
2021-07-12 12:00:00+00:00,54509.11660148459
2021-07-12 16:00:00+00:00,54509.11660148459
2021-07-12 20:00:00+00:00,54509.11660148459
2021-07-13 00:00:00+00:00,54509.11660148459
2021-07-13 04:00:00+00:00,54509.11660148459
2021-07-13 08:00:00+00:00,54509.11660148459
2021-07-13 12:00:00+00:00,54509.11660148459
2021-07-13 16:00:00+00:00,54509.11660148459
2021-07-13 20:00:00+00:00,54509.11660148459
2021-07-14 00:00:00+00:00,54509.11660148459
2021-07-14 04:00:00+00:00,54509.11660148459
2021-07-14 08:00:00+00:00,54509.11660148459
2021-07-14 12:00:00+00:00,54509.11660148459
2021-07-14 16:00:00+00:00,54509.11660148459
2021-07-14 20:00:00+00:00,54509.11660148459
2021-07-15 00:00:00+00:00,54509.11660148459
2021-07-15 04:00:00+00:00,54509.11660148459
2021-07-15 08:00:00+00:00,54509.11660148459
2021-07-15 12:00:00+00:00,54509.11660148459
2021-07-15 16:00:00+00:00,54509.11660148459
2021-07-15 20:00:00+00:00,54509.11660148459
2021-07-16 00:00:00+00:00,54509.11660148459
2021-07-16 04:00:00+00:00,54509.11660148459
2021-07-16 08:00:00+00:00,54509.11660148459
2021-07-16 12:00:00+00:00,54509.11660148459
2021-07-16 16:00:00+00:00,54509.11660148459
2021-07-16 20:00:00+00:00,54509.11660148459
2021-07-17 00:00:00+00:00,54509.11660148459
2021-07-17 04:00:00+00:00,54509.11660148459
2021-07-17 08:00:00+00:00,54509.11660148459
2021-07-17 12:00:00+00:00,54509.11660148459
2021-07-17 16:00:00+00:00,54509.11660148459
2021-07-17 20:00:00+00:00,54509.11660148459
2021-07-18 00:00:00+00:00,54509.11660148459
2021-07-18 04:00:00+00:00,54509.11660148459
2021-07-18 08:00:00+00:00,54509.11660148459
2021-07-18 12:00:00+00:00,54509.11660148459
2021-07-18 16:00:00+00:00,54509.11660148459
2021-07-18 20:00:00+00:00,54509.11660148459
2021-07-19 00:00:00+00:00,54509.11660148459
2021-07-19 04:00:00+00:00,54509.11660148459
2021-07-19 08:00:00+00:00,54509.11660148459
2021-07-19 12:00:00+00:00,54509.11660148459
2021-07-19 16:00:00+00:00,54509.11660148459
2021-07-19 20:00:00+00:00,54509.11660148459
2021-07-20 00:00:00+00:00,54509.11660148459
2021-07-20 04:00:00+00:00,54509.11660148459
2021-07-20 08:00:00+00:00,54509.11660148459
2021-07-20 12:00:00+00:00,54509.11660148459
2021-07-20 16:00:00+00:00,54509.11660148459
2021-07-20 20:00:00+00:00,54509.11660148459
2021-07-21 00:00:00+00:00,54509.11660148459
2021-07-21 04:00:00+00:00,54509.11660148459
2021-07-21 08:00:00+00:00,54509.11660148459
2021-07-21 12:00:00+00:00,54509.11660148459
2021-07-21 16:00:00+00:00,54509.11660148459
2021-07-21 20:00:00+00:00,54509.11660148459
2021-07-22 00:00:00+00:00,54509.11660148459
2021-07-22 04:00:00+00:00,54509.11660148459
2021-07-22 08:00:00+00:00,54509.11660148459
2021-07-22 12:00:00+00:00,54509.11660148459
2021-07-22 16:00:00+00:00,54509.11660148459
2021-07-22 20:00:00+00:00,54509.11660148459
2021-07-23 00:00:00+00:00,54509.11660148459
2021-07-23 04:00:00+00:00,54509.11660148459
2021-07-23 08:00:00+00:00,54509.11660148459
2021-07-23 12:00:00+00:00,54509.11660148459
2021-07-23 16:00:00+00:00,54509.11660148459
2021-07-23 20:00:00+00:00,54509.11660148459
2021-07-24 00:00:00+00:00,54509.11660148459
2021-07-24 04:00:00+00:00,54509.11660148459
2021-07-24 08:00:00+00:00,54509.11660148459
2021-07-24 12:00:00+00:00,54509.11660148459
2021-07-24 16:00:00+00:00,54509.11660148459
2021-07-24 20:00:00+00:00,54509.11660148459
2021-07-25 00:00:00+00:00,54509.11660148459
2021-07-25 04:00:00+00:00,54509.11660148459
2021-07-25 08:00:00+00:00,54509.11660148459
2021-07-25 12:00:00+00:00,53909.74367724899
2021-07-25 16:00:00+00:00,54328.05819035846
2021-07-25 20:00:00+00:00,57069.34537436815
2021-07-26 00:00:00+00:00,67241.5802368136
2021-07-26 04:00:00+00:00,66788.28163669418
2021-07-26 08:00:00+00:00,67949.21100970532
2021-07-26 12:00:00+00:00,68212.15126004076
2021-07-26 16:00:00+00:00,71336.32196636772
2021-07-26 20:00:00+00:00,62961.25064101826
2021-07-27 00:00:00+00:00,62380.716689914385
2021-07-27 04:00:00+00:00,62761.29220945644
2021-07-27 08:00:00+00:00,63993.32733803164
2021-07-27 12:00:00+00:00,64223.632080864205
2021-07-27 16:00:00+00:00,63663.594544168904
2021-07-27 20:00:00+00:00,65874.27086233722
2021-07-28 00:00:00+00:00,66366.68843969532
2021-07-28 04:00:00+00:00,66462.74938452704
2021-07-28 08:00:00+00:00,67565.05304187561
2021-07-28 12:00:00+00:00,66176.92300162037
2021-07-28 16:00:00+00:00,67100.53424287125
2021-07-28 20:00:00+00:00,66612.18503618125
2021-07-29 00:00:00+00:00,66074.98006976515
2021-07-29 04:00:00+00:00,66509.7082762701
2021-07-29 08:00:00+00:00,66273.4966722159
2021-07-29 12:00:00+00:00,66507.52545748893
2021-07-29 16:00:00+00:00,66135.84664010289
2021-07-29 20:00:00+00:00,66616.5644305007
2021-07-30 00:00:00+00:00,66530.22472577658
2021-07-30 04:00:00+00:00,66165.23087894487
2021-07-30 08:00:00+00:00,64386.104930561756
2021-07-30 12:00:00+00:00,64599.703111187155
2021-07-30 16:00:00+00:00,65045.331606868785
2021-07-30 20:00:00+00:00,66330.10201793608
2021-07-31 00:00:00+00:00,65699.08999471879
2021-07-31 04:00:00+00:00,65242.75202631315
2021-07-31 08:00:00+00:00,65334.81990471252
2021-07-31 12:00:00+00:00,65223.571276397466
2021-07-31 16:00:00+00:00,64846.60020532904
2021-07-31 20:00:00+00:00,65087.31261580277
2021-08-01 00:00:00+00:00,66626.07864327736
2021-08-01 04:00:00+00:00,65488.71958228015
2021-08-01 08:00:00+00:00,65308.924932751856
2021-08-01 12:00:00+00:00,64844.54159343912
2021-08-01 16:00:00+00:00,64779.7879503048
2021-08-01 20:00:00+00:00,62523.67606319578
2021-08-02 00:00:00+00:00,62464.119247763
2021-08-02 04:00:00+00:00,62647.422257710656
2021-08-02 08:00:00+00:00,62320.92344346924
2021-08-02 12:00:00+00:00,62403.50814392065
2021-08-02 16:00:00+00:00,62392.0383416871
2021-08-02 20:00:00+00:00,62392.0383416871
2021-08-03 00:00:00+00:00,62392.0383416871
2021-08-03 04:00:00+00:00,62392.0383416871
2021-08-03 08:00:00+00:00,62392.0383416871
2021-08-03 12:00:00+00:00,62392.0383416871
2021-08-03 16:00:00+00:00,62392.0383416871
2021-08-03 20:00:00+00:00,62392.0383416871
2021-08-04 00:00:00+00:00,62392.0383416871
2021-08-04 04:00:00+00:00,62392.0383416871
2021-08-04 08:00:00+00:00,62392.0383416871
2021-08-04 12:00:00+00:00,62392.0383416871
2021-08-04 16:00:00+00:00,63195.24040804457
2021-08-04 20:00:00+00:00,63169.62231460147
2021-08-05 00:00:00+00:00,62641.96932968758
2021-08-05 04:00:00+00:00,61605.83459795884
2021-08-05 08:00:00+00:00,61570.0011366006
2021-08-05 12:00:00+00:00,61570.0011366006
2021-08-05 16:00:00+00:00,61570.0011366006
2021-08-05 20:00:00+00:00,61849.18083269663
2021-08-06 00:00:00+00:00,61815.1663260484
2021-08-06 04:00:00+00:00,61815.1663260484
2021-08-06 08:00:00+00:00,61815.1663260484
2021-08-06 12:00:00+00:00,61815.1663260484
2021-08-06 16:00:00+00:00,61815.1663260484
2021-08-06 20:00:00+00:00,61815.1663260484
2021-08-07 00:00:00+00:00,61815.1663260484
2021-08-07 04:00:00+00:00,61815.1663260484
2021-08-07 08:00:00+00:00,61815.1663260484
2021-08-07 12:00:00+00:00,61815.1663260484
2021-08-07 16:00:00+00:00,61815.1663260484
2021-08-07 20:00:00+00:00,61815.1663260484
2021-08-08 00:00:00+00:00,61815.1663260484
2021-08-08 04:00:00+00:00,61815.1663260484
2021-08-08 08:00:00+00:00,61815.1663260484
2021-08-08 12:00:00+00:00,61815.1663260484
2021-08-08 16:00:00+00:00,61815.1663260484
2021-08-08 20:00:00+00:00,61815.1663260484
2021-08-09 00:00:00+00:00,61815.1663260484
2021-08-09 04:00:00+00:00,61815.1663260484
2021-08-09 08:00:00+00:00,61815.1663260484
2021-08-09 12:00:00+00:00,61815.1663260484
2021-08-09 16:00:00+00:00,61815.1663260484
2021-08-09 20:00:00+00:00,61815.1663260484
2021-08-10 00:00:00+00:00,61815.1663260484
2021-08-10 04:00:00+00:00,61815.1663260484
2021-08-10 08:00:00+00:00,61815.1663260484
2021-08-10 12:00:00+00:00,61815.1663260484
2021-08-10 16:00:00+00:00,61815.1663260484
2021-08-10 20:00:00+00:00,61815.1663260484
2021-08-11 00:00:00+00:00,61815.1663260484
2021-08-11 04:00:00+00:00,61815.1663260484
2021-08-11 08:00:00+00:00,61815.1663260484
2021-08-11 12:00:00+00:00,61815.1663260484
2021-08-11 16:00:00+00:00,61815.1663260484
2021-08-11 20:00:00+00:00,61815.1663260484
2021-08-12 00:00:00+00:00,61815.1663260484
2021-08-12 04:00:00+00:00,61815.1663260484
2021-08-12 08:00:00+00:00,61815.1663260484
2021-08-12 12:00:00+00:00,61815.1663260484
2021-08-12 16:00:00+00:00,61815.1663260484
2021-08-12 20:00:00+00:00,61815.1663260484
2021-08-13 00:00:00+00:00,61815.1663260484
2021-08-13 04:00:00+00:00,61815.1663260484
2021-08-13 08:00:00+00:00,61815.1663260484
2021-08-13 12:00:00+00:00,61815.1663260484
2021-08-13 16:00:00+00:00,61815.1663260484
2021-08-13 20:00:00+00:00,61815.1663260484
2021-08-14 00:00:00+00:00,61815.1663260484
2021-08-14 04:00:00+00:00,61815.1663260484
2021-08-14 08:00:00+00:00,61815.1663260484
2021-08-14 12:00:00+00:00,61815.1663260484
2021-08-14 16:00:00+00:00,61815.1663260484
2021-08-14 20:00:00+00:00,61815.1663260484
2021-08-15 00:00:00+00:00,61815.1663260484
2021-08-15 04:00:00+00:00,61815.1663260484
2021-08-15 08:00:00+00:00,61815.1663260484
2021-08-15 12:00:00+00:00,61815.1663260484
2021-08-15 16:00:00+00:00,61815.1663260484
2021-08-15 20:00:00+00:00,61815.1663260484
2021-08-16 00:00:00+00:00,61815.1663260484
2021-08-16 04:00:00+00:00,61815.1663260484
2021-08-16 08:00:00+00:00,61815.1663260484
2021-08-16 12:00:00+00:00,61815.1663260484
2021-08-16 16:00:00+00:00,61815.1663260484
2021-08-16 20:00:00+00:00,61815.1663260484
2021-08-17 00:00:00+00:00,61815.1663260484
2021-08-17 04:00:00+00:00,61815.1663260484
2021-08-17 08:00:00+00:00,61815.1663260484
2021-08-17 12:00:00+00:00,61815.1663260484
2021-08-17 16:00:00+00:00,61815.1663260484
2021-08-17 20:00:00+00:00,61815.1663260484
2021-08-18 00:00:00+00:00,61815.1663260484
2021-08-18 04:00:00+00:00,61815.1663260484
2021-08-18 08:00:00+00:00,61815.1663260484
2021-08-18 12:00:00+00:00,61815.1663260484
2021-08-18 16:00:00+00:00,61815.1663260484
2021-08-18 20:00:00+00:00,61815.1663260484
2021-08-19 00:00:00+00:00,61815.1663260484
2021-08-19 04:00:00+00:00,61815.1663260484
2021-08-19 08:00:00+00:00,61815.1663260484
2021-08-19 12:00:00+00:00,61815.1663260484
2021-08-19 16:00:00+00:00,61815.1663260484
2021-08-19 20:00:00+00:00,61815.1663260484
2021-08-20 00:00:00+00:00,61815.1663260484
2021-08-20 04:00:00+00:00,61815.1663260484
2021-08-20 08:00:00+00:00,61815.1663260484
2021-08-20 12:00:00+00:00,61815.1663260484
2021-08-20 16:00:00+00:00,61815.1663260484
2021-08-20 20:00:00+00:00,61815.1663260484
2021-08-21 00:00:00+00:00,61815.1663260484
2021-08-21 04:00:00+00:00,61815.1663260484
2021-08-21 08:00:00+00:00,60931.0189845393
2021-08-21 12:00:00+00:00,62141.83326859787
2021-08-21 16:00:00+00:00,61756.811654657184
2021-08-21 20:00:00+00:00,61475.586305105004
2021-08-22 00:00:00+00:00,61394.120063550494
2021-08-22 04:00:00+00:00,62140.379894494894
2021-08-22 08:00:00+00:00,62055.17434449211
2021-08-22 12:00:00+00:00,60900.7791108217
2021-08-22 16:00:00+00:00,61128.27552869415
2021-08-22 20:00:00+00:00,62224.00556166054
2021-08-23 00:00:00+00:00,64135.25280527491
2021-08-23 04:00:00+00:00,63885.53789521574
2021-08-23 08:00:00+00:00,64311.85143952839
2021-08-23 12:00:00+00:00,62654.51347575126
2021-08-23 16:00:00+00:00,62079.7732026793
2021-08-23 20:00:00+00:00,62537.2546795654
2021-08-24 00:00:00+00:00,62192.8923321886
2021-08-24 04:00:00+00:00,63042.41730325732
2021-08-24 08:00:00+00:00,62371.0241757128
2021-08-24 12:00:00+00:00,60262.50163106542
2021-08-24 16:00:00+00:00,60216.24835639274
2021-08-24 20:00:00+00:00,60216.24835639274
2021-08-25 00:00:00+00:00,60216.24835639274
2021-08-25 04:00:00+00:00,60216.24835639274
2021-08-25 08:00:00+00:00,60216.24835639274
2021-08-25 12:00:00+00:00,60216.24835639274
2021-08-25 16:00:00+00:00,60216.24835639274
2021-08-25 20:00:00+00:00,60216.24835639274
2021-08-26 00:00:00+00:00,59478.41191819378
2021-08-26 04:00:00+00:00,59461.824895143865
2021-08-26 08:00:00+00:00,59461.824895143865
2021-08-26 12:00:00+00:00,59461.824895143865
2021-08-26 16:00:00+00:00,59461.824895143865
2021-08-26 20:00:00+00:00,59461.824895143865
2021-08-27 00:00:00+00:00,59461.824895143865
2021-08-27 04:00:00+00:00,59461.824895143865
2021-08-27 08:00:00+00:00,59461.824895143865
2021-08-27 12:00:00+00:00,59461.824895143865
2021-08-27 16:00:00+00:00,59461.824895143865
2021-08-27 20:00:00+00:00,59461.824895143865
2021-08-28 00:00:00+00:00,59320.80461779075
2021-08-28 04:00:00+00:00,59375.40574778432
2021-08-28 08:00:00+00:00,59192.234820509155
2021-08-28 12:00:00+00:00,59277.09912689696
2021-08-28 16:00:00+00:00,59261.4513079757
2021-08-28 20:00:00+00:00,59261.4513079757
2021-08-29 00:00:00+00:00,59261.4513079757
2021-08-29 04:00:00+00:00,59261.4513079757
2021-08-29 08:00:00+00:00,59261.4513079757
2021-08-29 12:00:00+00:00,59261.4513079757
2021-08-29 16:00:00+00:00,59261.4513079757
2021-08-29 20:00:00+00:00,59261.4513079757
2021-08-30 00:00:00+00:00,59261.4513079757
2021-08-30 04:00:00+00:00,59261.4513079757
2021-08-30 08:00:00+00:00,59261.4513079757
2021-08-30 12:00:00+00:00,59261.4513079757
2021-08-30 16:00:00+00:00,59261.4513079757
2021-08-30 20:00:00+00:00,59261.4513079757
2021-08-31 00:00:00+00:00,59261.4513079757
2021-08-31 04:00:00+00:00,59261.4513079757
2021-08-31 08:00:00+00:00,59261.4513079757
2021-08-31 12:00:00+00:00,59261.4513079757
2021-08-31 16:00:00+00:00,59261.4513079757
2021-08-31 20:00:00+00:00,59261.4513079757
2021-09-01 00:00:00+00:00,59261.4513079757
2021-09-01 04:00:00+00:00,59261.4513079757
2021-09-01 08:00:00+00:00,59261.4513079757
2021-09-01 12:00:00+00:00,59261.4513079757
2021-09-01 16:00:00+00:00,59261.4513079757
2021-09-01 20:00:00+00:00,59261.4513079757
2021-09-02 00:00:00+00:00,59261.4513079757
2021-09-02 04:00:00+00:00,59261.4513079757
2021-09-02 08:00:00+00:00,59261.4513079757
2021-09-02 12:00:00+00:00,59261.4513079757
2021-09-02 16:00:00+00:00,59261.4513079757
2021-09-02 20:00:00+00:00,59261.4513079757
2021-09-03 00:00:00+00:00,59261.4513079757
2021-09-03 04:00:00+00:00,59261.4513079757
2021-09-03 08:00:00+00:00,59261.4513079757
2021-09-03 12:00:00+00:00,59261.4513079757
2021-09-03 16:00:00+00:00,59261.4513079757
2021-09-03 20:00:00+00:00,59261.4513079757
2021-09-04 00:00:00+00:00,59261.4513079757
2021-09-04 04:00:00+00:00,59261.4513079757
2021-09-04 08:00:00+00:00,59261.4513079757
2021-09-04 12:00:00+00:00,59261.4513079757
2021-09-04 16:00:00+00:00,59261.4513079757
2021-09-04 20:00:00+00:00,59261.4513079757
2021-09-05 00:00:00+00:00,59261.4513079757
2021-09-05 04:00:00+00:00,59261.4513079757
2021-09-05 08:00:00+00:00,59261.4513079757
2021-09-05 12:00:00+00:00,59261.4513079757
2021-09-05 16:00:00+00:00,59261.4513079757
2021-09-05 20:00:00+00:00,59261.4513079757
2021-09-06 00:00:00+00:00,59261.4513079757
2021-09-06 04:00:00+00:00,59261.4513079757
2021-09-06 08:00:00+00:00,59261.4513079757
2021-09-06 12:00:00+00:00,59261.4513079757
2021-09-06 16:00:00+00:00,59261.4513079757
2021-09-06 20:00:00+00:00,59261.4513079757
2021-09-07 00:00:00+00:00,59261.4513079757
2021-09-07 04:00:00+00:00,59261.4513079757
2021-09-07 08:00:00+00:00,59261.4513079757
2021-09-07 12:00:00+00:00,59261.4513079757
2021-09-07 16:00:00+00:00,59261.4513079757
2021-09-07 20:00:00+00:00,59261.4513079757
2021-09-08 00:00:00+00:00,59261.4513079757
2021-09-08 04:00:00+00:00,59261.4513079757
2021-09-08 08:00:00+00:00,59261.4513079757
2021-09-08 12:00:00+00:00,59261.4513079757
2021-09-08 16:00:00+00:00,59261.4513079757
2021-09-08 20:00:00+00:00,59261.4513079757
2021-09-09 00:00:00+00:00,59261.4513079757
2021-09-09 04:00:00+00:00,59261.4513079757
2021-09-09 08:00:00+00:00,59261.4513079757
2021-09-09 12:00:00+00:00,59261.4513079757
2021-09-09 16:00:00+00:00,59261.4513079757
2021-09-09 20:00:00+00:00,59261.4513079757
2021-09-10 00:00:00+00:00,59261.4513079757
2021-09-10 04:00:00+00:00,59261.4513079757
2021-09-10 08:00:00+00:00,59261.4513079757
2021-09-10 12:00:00+00:00,59261.4513079757
2021-09-10 16:00:00+00:00,59261.4513079757
2021-09-10 20:00:00+00:00,59261.4513079757
2021-09-11 00:00:00+00:00,59261.4513079757
2021-09-11 04:00:00+00:00,59261.4513079757
2021-09-11 08:00:00+00:00,59261.4513079757
2021-09-11 12:00:00+00:00,59261.4513079757
2021-09-11 16:00:00+00:00,59261.4513079757
2021-09-11 20:00:00+00:00,59261.4513079757
2021-09-12 00:00:00+00:00,59261.4513079757
2021-09-12 04:00:00+00:00,59261.4513079757
2021-09-12 08:00:00+00:00,59261.4513079757
2021-09-12 12:00:00+00:00,59261.4513079757
2021-09-12 16:00:00+00:00,59261.4513079757
2021-09-12 20:00:00+00:00,59261.4513079757
2021-09-13 00:00:00+00:00,59261.4513079757
2021-09-13 04:00:00+00:00,59261.4513079757
2021-09-13 08:00:00+00:00,59261.4513079757
2021-09-13 12:00:00+00:00,59261.4513079757
2021-09-13 16:00:00+00:00,59261.4513079757
2021-09-13 20:00:00+00:00,59261.4513079757
2021-09-14 00:00:00+00:00,59261.4513079757
2021-09-14 04:00:00+00:00,59261.4513079757
2021-09-14 08:00:00+00:00,59261.4513079757
2021-09-14 12:00:00+00:00,59261.4513079757
2021-09-14 16:00:00+00:00,59261.4513079757
2021-09-14 20:00:00+00:00,59261.4513079757
2021-09-15 00:00:00+00:00,59261.4513079757
2021-09-15 04:00:00+00:00,59261.4513079757
2021-09-15 08:00:00+00:00,59261.4513079757
2021-09-15 12:00:00+00:00,59261.4513079757
2021-09-15 16:00:00+00:00,59261.4513079757
2021-09-15 20:00:00+00:00,59261.4513079757
2021-09-16 00:00:00+00:00,59261.4513079757
2021-09-16 04:00:00+00:00,59261.4513079757
2021-09-16 08:00:00+00:00,59261.4513079757
2021-09-16 12:00:00+00:00,59261.4513079757
2021-09-16 16:00:00+00:00,59261.4513079757
2021-09-16 20:00:00+00:00,59261.4513079757
2021-09-17 00:00:00+00:00,59261.4513079757
2021-09-17 04:00:00+00:00,59261.4513079757
2021-09-17 08:00:00+00:00,59261.4513079757
2021-09-17 12:00:00+00:00,59261.4513079757
2021-09-17 16:00:00+00:00,59261.4513079757
2021-09-17 20:00:00+00:00,59261.4513079757
2021-09-18 00:00:00+00:00,59261.4513079757
2021-09-18 04:00:00+00:00,59261.4513079757
2021-09-18 08:00:00+00:00,59261.4513079757
2021-09-18 12:00:00+00:00,59261.4513079757
2021-09-18 16:00:00+00:00,58891.59644217524
2021-09-18 20:00:00+00:00,58918.52247988752
2021-09-19 00:00:00+00:00,58002.55412762783
2021-09-19 04:00:00+00:00,58197.93328464387
2021-09-19 08:00:00+00:00,57592.463499445825
2021-09-19 12:00:00+00:00,57574.80306646282
2021-09-19 16:00:00+00:00,57574.80306646282
2021-09-19 20:00:00+00:00,57574.80306646282
2021-09-20 00:00:00+00:00,57574.80306646282
2021-09-20 04:00:00+00:00,57574.80306646282
2021-09-20 08:00:00+00:00,57574.80306646282
2021-09-20 12:00:00+00:00,57581.50515018269
2021-09-20 16:00:00+00:00,57579.75181759511
2021-09-20 20:00:00+00:00,57579.75181759511
2021-09-21 00:00:00+00:00,57579.75181759511
2021-09-21 04:00:00+00:00,57579.75181759511
2021-09-21 08:00:00+00:00,57579.75181759511
2021-09-21 12:00:00+00:00,57579.75181759511
2021-09-21 16:00:00+00:00,57579.75181759511
2021-09-21 20:00:00+00:00,57579.75181759511
2021-09-22 00:00:00+00:00,57579.75181759511
2021-09-22 04:00:00+00:00,57579.75181759511
2021-09-22 08:00:00+00:00,57579.75181759511
2021-09-22 12:00:00+00:00,57579.75181759511
2021-09-22 16:00:00+00:00,57579.75181759511
2021-09-22 20:00:00+00:00,57579.75181759511
2021-09-23 00:00:00+00:00,57579.75181759511
2021-09-23 04:00:00+00:00,57579.75181759511
2021-09-23 08:00:00+00:00,57579.75181759511
2021-09-23 12:00:00+00:00,57579.75181759511
2021-09-23 16:00:00+00:00,57579.75181759511
2021-09-23 20:00:00+00:00,57579.75181759511
2021-09-24 00:00:00+00:00,57579.75181759511
2021-09-24 04:00:00+00:00,57579.75181759511
2021-09-24 08:00:00+00:00,57579.75181759511
2021-09-24 12:00:00+00:00,57579.75181759511
2021-09-24 16:00:00+00:00,57579.75181759511
2021-09-24 20:00:00+00:00,57579.75181759511
2021-09-25 00:00:00+00:00,57579.75181759511
2021-09-25 04:00:00+00:00,57579.75181759511
2021-09-25 08:00:00+00:00,57579.75181759511
2021-09-25 12:00:00+00:00,57579.75181759511
2021-09-25 16:00:00+00:00,57579.75181759511
2021-09-25 20:00:00+00:00,57579.75181759511
2021-09-26 00:00:00+00:00,57579.75181759511
2021-09-26 04:00:00+00:00,57579.75181759511
2021-09-26 08:00:00+00:00,57579.75181759511
2021-09-26 12:00:00+00:00,57579.75181759511
2021-09-26 16:00:00+00:00,57579.75181759511
2021-09-26 20:00:00+00:00,57579.75181759511
2021-09-27 00:00:00+00:00,57579.75181759511
2021-09-27 04:00:00+00:00,57579.75181759511
2021-09-27 08:00:00+00:00,57579.75181759511
2021-09-27 12:00:00+00:00,57579.75181759511
2021-09-27 16:00:00+00:00,57579.75181759511
2021-09-27 20:00:00+00:00,57579.75181759511
2021-09-28 00:00:00+00:00,57579.75181759511
2021-09-28 04:00:00+00:00,57579.75181759511
2021-09-28 08:00:00+00:00,57579.75181759511
2021-09-28 12:00:00+00:00,57579.75181759511
2021-09-28 16:00:00+00:00,57579.75181759511
2021-09-28 20:00:00+00:00,57579.75181759511
2021-09-29 00:00:00+00:00,57579.75181759511
2021-09-29 04:00:00+00:00,57579.75181759511
2021-09-29 08:00:00+00:00,57579.75181759511
2021-09-29 12:00:00+00:00,57579.75181759511
2021-09-29 16:00:00+00:00,57579.75181759511
2021-09-29 20:00:00+00:00,57579.75181759511
2021-09-30 00:00:00+00:00,57579.75181759511
2021-09-30 04:00:00+00:00,57579.75181759511
2021-09-30 08:00:00+00:00,57579.75181759511
2021-09-30 12:00:00+00:00,57579.75181759511
2021-09-30 16:00:00+00:00,57579.75181759511
2021-09-30 20:00:00+00:00,57579.75181759511
2021-10-01 00:00:00+00:00,57579.75181759511
2021-10-01 04:00:00+00:00,57579.75181759511
2021-10-01 08:00:00+00:00,57579.75181759511
2021-10-01 12:00:00+00:00,57579.75181759511
2021-10-01 16:00:00+00:00,57579.75181759511
2021-10-01 20:00:00+00:00,57579.75181759511
2021-10-02 00:00:00+00:00,57579.75181759511
2021-10-02 04:00:00+00:00,57579.75181759511
2021-10-02 08:00:00+00:00,57579.75181759511
2021-10-02 12:00:00+00:00,57579.75181759511
2021-10-02 16:00:00+00:00,58432.39561393463
2021-10-02 20:00:00+00:00,57112.79241684584
2021-10-03 00:00:00+00:00,57533.66609950403
2021-10-03 04:00:00+00:00,57508.44968247932
2021-10-03 08:00:00+00:00,57645.23515118106
2021-10-03 12:00:00+00:00,57481.10441316232
2021-10-03 16:00:00+00:00,58997.70281070631
2021-10-03 20:00:00+00:00,57546.95333408749
2021-10-04 00:00:00+00:00,56233.95248125885
2021-10-04 04:00:00+00:00,56897.97900415369
2021-10-04 08:00:00+00:00,56420.69985756052
2021-10-04 12:00:00+00:00,56732.731900885155
2021-10-04 16:00:00+00:00,59585.18343511572
2021-10-04 20:00:00+00:00,59269.607447357965
2021-10-05 00:00:00+00:00,59402.630064754245
2021-10-05 04:00:00+00:00,59705.248323068554
2021-10-05 08:00:00+00:00,60426.706504137735
2021-10-05 12:00:00+00:00,60284.82467049198
2021-10-05 16:00:00+00:00,62783.105674345934
2021-10-05 20:00:00+00:00,63463.42648398833
2021-10-06 00:00:00+00:00,63522.59450087391
2021-10-06 04:00:00+00:00,63390.5816297347
2021-10-06 08:00:00+00:00,63056.77469101264
2021-10-06 12:00:00+00:00,71977.80059964357
2021-10-06 16:00:00+00:00,72128.53817344889
2021-10-06 20:00:00+00:00,72749.85043374007
2021-10-07 00:00:00+00:00,71534.31688175097
2021-10-07 04:00:00+00:00,71419.14690699906
2021-10-07 08:00:00+00:00,70227.69522933576
2021-10-07 12:00:00+00:00,69227.08812515259
2021-10-07 16:00:00+00:00,69333.78410855465
2021-10-07 20:00:00+00:00,68821.37539491679
2021-10-08 00:00:00+00:00,68885.05328848741
2021-10-08 04:00:00+00:00,71365.39536416804
2021-10-08 08:00:00+00:00,72473.51929082013
2021-10-08 12:00:00+00:00,70038.10550988646
2021-10-08 16:00:00+00:00,70932.3636938593
2021-10-08 20:00:00+00:00,69067.61350349692
2021-10-09 00:00:00+00:00,70129.62565529162
2021-10-09 04:00:00+00:00,70767.0048746938
2021-10-09 08:00:00+00:00,70535.6795706676
2021-10-09 12:00:00+00:00,70887.62313789345
2021-10-09 16:00:00+00:00,70269.20367418932
2021-10-09 20:00:00+00:00,70770.97814391828
2021-10-10 00:00:00+00:00,70968.50650076727
2021-10-10 04:00:00+00:00,72181.83409651737
2021-10-10 08:00:00+00:00,71142.30107866408
2021-10-10 12:00:00+00:00,71535.69661381401
2021-10-10 16:00:00+00:00,71705.659795851
2021-10-10 20:00:00+00:00,70184.07897008474
2021-10-11 00:00:00+00:00,73753.86633380497
2021-10-11 04:00:00+00:00,74311.80894851984
2021-10-11 08:00:00+00:00,73541.84175245049
2021-10-11 12:00:00+00:00,75642.8753452393
2021-10-11 16:00:00+00:00,75635.18680280658
2021-10-11 20:00:00+00:00,75631.41293576972
2021-10-12 00:00:00+00:00,74108.9131363978
2021-10-12 04:00:00+00:00,75282.70288610697
2021-10-12 08:00:00+00:00,75121.16493688824
2021-10-12 12:00:00+00:00,73313.18380260299
2021-10-12 16:00:00+00:00,71360.64622892284
2021-10-12 20:00:00+00:00,71306.4820853732
2021-10-13 00:00:00+00:00,71306.4820853732
2021-10-13 04:00:00+00:00,71306.4820853732
2021-10-13 08:00:00+00:00,71306.4820853732
2021-10-13 12:00:00+00:00,71306.4820853732
2021-10-13 16:00:00+00:00,71306.4820853732
2021-10-13 20:00:00+00:00,71306.4820853732
2021-10-14 00:00:00+00:00,71701.0023062868
2021-10-14 04:00:00+00:00,71302.605287884
2021-10-14 08:00:00+00:00,71446.91686860911
2021-10-14 12:00:00+00:00,71274.4013923468
2021-10-14 16:00:00+00:00,71544.06614319685
2021-10-14 20:00:00+00:00,71269.20619629536
2021-10-15 00:00:00+00:00,72448.17511810422
2021-10-15 04:00:00+00:00,72161.90370854354
2021-10-15 08:00:00+00:00,72552.82408175782
2021-10-15 12:00:00+00:00,73442.89476316184
2021-10-15 16:00:00+00:00,75773.63992081073
2021-10-15 20:00:00+00:00,76097.86701577646
2021-10-16 00:00:00+00:00,76030.57433933283
2021-10-16 04:00:00+00:00,76182.17482292962
2021-10-16 08:00:00+00:00,75995.27594422904
2021-10-16 12:00:00+00:00,74831.79534839673
2021-10-16 16:00:00+00:00,74614.49759753006
2021-10-16 20:00:00+00:00,74625.20117540484
2021-10-17 00:00:00+00:00,74997.77958233209
2021-10-17 04:00:00+00:00,73635.32069217431
2021-10-17 08:00:00+00:00,74682.7400045927
2021-10-17 12:00:00+00:00,74479.11946309844
2021-10-17 16:00:00+00:00,73939.87793727119
2021-10-17 20:00:00+00:00,74831.68602746425
2021-10-18 00:00:00+00:00,75800.33455221046
2021-10-18 04:00:00+00:00,75560.2824002256
2021-10-18 08:00:00+00:00,73852.00583425215
2021-10-18 12:00:00+00:00,75656.63073889221
2021-10-18 16:00:00+00:00,75602.28887735844
2021-10-18 20:00:00+00:00,75602.28887735844
2021-10-19 00:00:00+00:00,75602.28887735844
2021-10-19 04:00:00+00:00,75031.51267584201
2021-10-19 08:00:00+00:00,74779.34236390023
2021-10-19 12:00:00+00:00,75191.54566223886
2021-10-19 16:00:00+00:00,78134.54301948282
2021-10-19 20:00:00+00:00,78295.46001752985
2021-10-20 00:00:00+00:00,77543.48573276
2021-10-20 04:00:00+00:00,77812.65956334375
2021-10-20 08:00:00+00:00,77508.31349448468
2021-10-20 12:00:00+00:00,82584.31612706269
2021-10-20 16:00:00+00:00,81358.80857662979
2021-10-20 20:00:00+00:00,80858.58349280799
2021-10-21 00:00:00+00:00,78453.37400307682
2021-10-21 04:00:00+00:00,78407.07138032334
2021-10-21 08:00:00+00:00,78171.68032783622
2021-10-21 12:00:00+00:00,76580.63933787306
2021-10-21 16:00:00+00:00,76398.76137156184
2021-10-21 20:00:00+00:00,75870.76634112508
2021-10-22 00:00:00+00:00,75843.7087274618
2021-10-22 04:00:00+00:00,75928.9822107341
2021-10-22 08:00:00+00:00,75874.32880691958
2021-10-22 12:00:00+00:00,75825.60975393813
2021-10-22 16:00:00+00:00,75825.60975393813
2021-10-22 20:00:00+00:00,75825.60975393813
2021-10-23 00:00:00+00:00,75825.60975393813
2021-10-23 04:00:00+00:00,75825.60975393813
2021-10-23 08:00:00+00:00,75825.60975393813
2021-10-23 12:00:00+00:00,75825.60975393813
2021-10-23 16:00:00+00:00,75825.60975393813
2021-10-23 20:00:00+00:00,75825.60975393813
2021-10-24 00:00:00+00:00,75825.60975393813
2021-10-24 04:00:00+00:00,75825.60975393813
2021-10-24 08:00:00+00:00,75825.60975393813
2021-10-24 12:00:00+00:00,75825.60975393813
2021-10-24 16:00:00+00:00,75825.60975393813
2021-10-24 20:00:00+00:00,75825.60975393813
2021-10-25 00:00:00+00:00,75825.60975393813
2021-10-25 04:00:00+00:00,75825.60975393813
2021-10-25 08:00:00+00:00,75825.60975393813
2021-10-25 12:00:00+00:00,75825.60975393813
2021-10-25 16:00:00+00:00,75825.60975393813
2021-10-25 20:00:00+00:00,75825.60975393813
2021-10-26 00:00:00+00:00,75825.60975393813
2021-10-26 04:00:00+00:00,75825.60975393813
2021-10-26 08:00:00+00:00,75825.60975393813
2021-10-26 12:00:00+00:00,75825.60975393813
2021-10-26 16:00:00+00:00,75825.60975393813
2021-10-26 20:00:00+00:00,75825.60975393813
2021-10-27 00:00:00+00:00,75825.60975393813
2021-10-27 04:00:00+00:00,75825.60975393813
2021-10-27 08:00:00+00:00,75825.60975393813
2021-10-27 12:00:00+00:00,75825.60975393813
2021-10-27 16:00:00+00:00,75825.60975393813
2021-10-27 20:00:00+00:00,75825.60975393813
2021-10-28 00:00:00+00:00,75825.60975393813
2021-10-28 04:00:00+00:00,75825.60975393813
2021-10-28 08:00:00+00:00,75825.60975393813
2021-10-28 12:00:00+00:00,75825.60975393813
2021-10-28 16:00:00+00:00,75825.60975393813
2021-10-28 20:00:00+00:00,75825.60975393813
2021-10-29 00:00:00+00:00,75825.60975393813
2021-10-29 04:00:00+00:00,75825.60975393813
2021-10-29 08:00:00+00:00,75825.60975393813
2021-10-29 12:00:00+00:00,75825.60975393813
2021-10-29 16:00:00+00:00,75825.60975393813
2021-10-29 20:00:00+00:00,75825.60975393813
2021-10-30 00:00:00+00:00,75825.60975393813
2021-10-30 04:00:00+00:00,75825.60975393813
2021-10-30 08:00:00+00:00,75825.60975393813
2021-10-30 12:00:00+00:00,75825.60975393813
2021-10-30 16:00:00+00:00,75825.60975393813
2021-10-30 20:00:00+00:00,75825.60975393813
2021-10-31 00:00:00+00:00,75825.60975393813
2021-10-31 04:00:00+00:00,75825.60975393813
2021-10-31 08:00:00+00:00,75825.60975393813
2021-10-31 12:00:00+00:00,75825.60975393813
2021-10-31 16:00:00+00:00,75825.60975393813
2021-10-31 20:00:00+00:00,75825.60975393813
2021-11-01 00:00:00+00:00,75825.60975393813
2021-11-01 04:00:00+00:00,75825.60975393813
2021-11-01 08:00:00+00:00,75825.60975393813
2021-11-01 12:00:00+00:00,75825.60975393813
2021-11-01 16:00:00+00:00,75825.60975393813
2021-11-01 20:00:00+00:00,75825.60975393813
2021-11-02 00:00:00+00:00,75825.60975393813
2021-11-02 04:00:00+00:00,75825.60975393813
2021-11-02 08:00:00+00:00,75825.60975393813
2021-11-02 12:00:00+00:00,75825.60975393813
2021-11-02 16:00:00+00:00,75825.60975393813
2021-11-02 20:00:00+00:00,75825.60975393813
2021-11-03 00:00:00+00:00,75825.60975393813
2021-11-03 04:00:00+00:00,75825.60975393813
2021-11-03 08:00:00+00:00,75825.60975393813
2021-11-03 12:00:00+00:00,75825.60975393813
2021-11-03 16:00:00+00:00,75825.60975393813
2021-11-03 20:00:00+00:00,75825.60975393813
2021-11-04 00:00:00+00:00,75825.60975393813
2021-11-04 04:00:00+00:00,75825.60975393813
2021-11-04 08:00:00+00:00,75825.60975393813
2021-11-04 12:00:00+00:00,75825.60975393813
2021-11-04 16:00:00+00:00,75825.60975393813
2021-11-04 20:00:00+00:00,75825.60975393813
2021-11-05 00:00:00+00:00,75825.60975393813
2021-11-05 04:00:00+00:00,75825.60975393813
2021-11-05 08:00:00+00:00,75825.60975393813
2021-11-05 12:00:00+00:00,75825.60975393813
2021-11-05 16:00:00+00:00,75825.60975393813
2021-11-05 20:00:00+00:00,75825.60975393813
2021-11-06 00:00:00+00:00,75825.60975393813
2021-11-06 04:00:00+00:00,75825.60975393813
2021-11-06 08:00:00+00:00,75825.60975393813
2021-11-06 12:00:00+00:00,75825.60975393813
2021-11-06 16:00:00+00:00,75825.60975393813
2021-11-06 20:00:00+00:00,75825.60975393813
2021-11-07 00:00:00+00:00,75825.60975393813
2021-11-07 04:00:00+00:00,75825.60975393813
2021-11-07 08:00:00+00:00,75825.60975393813
2021-11-07 12:00:00+00:00,75825.60975393813
2021-11-07 16:00:00+00:00,75825.60975393813
2021-11-07 20:00:00+00:00,76214.33674734789
2021-11-08 00:00:00+00:00,80524.41381141574
2021-11-08 04:00:00+00:00,82616.35568418005
2021-11-08 08:00:00+00:00,82812.18591975009
2021-11-08 12:00:00+00:00,83285.22401168749
2021-11-08 16:00:00+00:00,81491.9108168279
2021-11-08 20:00:00+00:00,83334.89711683773
2021-11-09 00:00:00+00:00,85911.62296950791
2021-11-09 04:00:00+00:00,84902.88702721443
2021-11-09 08:00:00+00:00,84159.4537258871
2021-11-09 12:00:00+00:00,82958.93764348896
2021-11-09 16:00:00+00:00,82815.27430800113
2021-11-09 20:00:00+00:00,82935.50804198484
2021-11-10 00:00:00+00:00,82454.33839286362
2021-11-10 04:00:00+00:00,82377.11681352698
2021-11-10 08:00:00+00:00,82468.79076757134
2021-11-10 12:00:00+00:00,84397.84076656445
2021-11-10 16:00:00+00:00,82101.6637522904
2021-11-10 20:00:00+00:00,80362.96206715568
2021-11-11 00:00:00+00:00,80331.98821591483
2021-11-11 04:00:00+00:00,80331.98821591483
2021-11-11 08:00:00+00:00,80331.98821591483
2021-11-11 12:00:00+00:00,80331.98821591483
2021-11-11 16:00:00+00:00,80331.98821591483
2021-11-11 20:00:00+00:00,80331.98821591483
2021-11-12 00:00:00+00:00,80331.98821591483
2021-11-12 04:00:00+00:00,80331.98821591483
2021-11-12 08:00:00+00:00,80331.98821591483
2021-11-12 12:00:00+00:00,80331.98821591483
2021-11-12 16:00:00+00:00,80331.98821591483
2021-11-12 20:00:00+00:00,80331.98821591483
2021-11-13 00:00:00+00:00,80331.98821591483
2021-11-13 04:00:00+00:00,80331.98821591483
2021-11-13 08:00:00+00:00,80331.98821591483
2021-11-13 12:00:00+00:00,80331.98821591483
2021-11-13 16:00:00+00:00,80331.98821591483
2021-11-13 20:00:00+00:00,80331.98821591483
2021-11-14 00:00:00+00:00,80331.98821591483
2021-11-14 04:00:00+00:00,80302.24235377069
2021-11-14 08:00:00+00:00,80161.08864440075
2021-11-14 12:00:00+00:00,80138.86051331823
2021-11-14 16:00:00+00:00,80138.86051331823
2021-11-14 20:00:00+00:00,80138.86051331823
2021-11-15 00:00:00+00:00,80138.86051331823
2021-11-15 04:00:00+00:00,80138.86051331823
2021-11-15 08:00:00+00:00,80138.86051331823
2021-11-15 12:00:00+00:00,80138.86051331823
2021-11-15 16:00:00+00:00,80138.86051331823
2021-11-15 20:00:00+00:00,80138.86051331823
2021-11-16 00:00:00+00:00,80138.86051331823
2021-11-16 04:00:00+00:00,80138.86051331823
2021-11-16 08:00:00+00:00,80138.86051331823
2021-11-16 12:00:00+00:00,80138.86051331823
2021-11-16 16:00:00+00:00,80138.86051331823
2021-11-16 20:00:00+00:00,80138.86051331823
2021-11-17 00:00:00+00:00,80138.86051331823
2021-11-17 04:00:00+00:00,80138.86051331823
2021-11-17 08:00:00+00:00,80138.86051331823
2021-11-17 12:00:00+00:00,80138.86051331823
2021-11-17 16:00:00+00:00,80138.86051331823
2021-11-17 20:00:00+00:00,80138.86051331823
2021-11-18 00:00:00+00:00,80138.86051331823
2021-11-18 04:00:00+00:00,80138.86051331823
2021-11-18 08:00:00+00:00,80138.86051331823
2021-11-18 12:00:00+00:00,80138.86051331823
2021-11-18 16:00:00+00:00,80138.86051331823
2021-11-18 20:00:00+00:00,80138.86051331823
2021-11-19 00:00:00+00:00,80138.86051331823
2021-11-19 04:00:00+00:00,80138.86051331823
2021-11-19 08:00:00+00:00,80138.86051331823
2021-11-19 12:00:00+00:00,80138.86051331823
2021-11-19 16:00:00+00:00,80138.86051331823
2021-11-19 20:00:00+00:00,80138.86051331823
2021-11-20 00:00:00+00:00,80138.86051331823
2021-11-20 04:00:00+00:00,80138.86051331823
2021-11-20 08:00:00+00:00,80138.86051331823
2021-11-20 12:00:00+00:00,80138.86051331823
2021-11-20 16:00:00+00:00,80138.86051331823
2021-11-20 20:00:00+00:00,80138.86051331823
2021-11-21 00:00:00+00:00,80138.86051331823
2021-11-21 04:00:00+00:00,80138.86051331823
2021-11-21 08:00:00+00:00,80138.86051331823
2021-11-21 12:00:00+00:00,80138.86051331823
2021-11-21 16:00:00+00:00,80138.86051331823
2021-11-21 20:00:00+00:00,80138.86051331823
2021-11-22 00:00:00+00:00,80138.86051331823
2021-11-22 04:00:00+00:00,80138.86051331823
2021-11-22 08:00:00+00:00,80138.86051331823
2021-11-22 12:00:00+00:00,80138.86051331823
2021-11-22 16:00:00+00:00,80138.86051331823
2021-11-22 20:00:00+00:00,80138.86051331823
2021-11-23 00:00:00+00:00,80138.86051331823
2021-11-23 04:00:00+00:00,80138.86051331823
2021-11-23 08:00:00+00:00,80138.86051331823
2021-11-23 12:00:00+00:00,80138.86051331823
2021-11-23 16:00:00+00:00,80138.86051331823
2021-11-23 20:00:00+00:00,80138.86051331823
2021-11-24 00:00:00+00:00,80138.86051331823
2021-11-24 04:00:00+00:00,80138.86051331823
2021-11-24 08:00:00+00:00,80138.86051331823
2021-11-24 12:00:00+00:00,80138.86051331823
2021-11-24 16:00:00+00:00,80138.86051331823
2021-11-24 20:00:00+00:00,80138.86051331823
2021-11-25 00:00:00+00:00,80138.86051331823
2021-11-25 04:00:00+00:00,80138.86051331823
2021-11-25 08:00:00+00:00,80138.86051331823
2021-11-25 12:00:00+00:00,80138.86051331823
2021-11-25 16:00:00+00:00,80138.86051331823
2021-11-25 20:00:00+00:00,80138.86051331823
2021-11-26 00:00:00+00:00,80138.86051331823
2021-11-26 04:00:00+00:00,80138.86051331823
2021-11-26 08:00:00+00:00,80138.86051331823
2021-11-26 12:00:00+00:00,80138.86051331823
2021-11-26 16:00:00+00:00,80138.86051331823
2021-11-26 20:00:00+00:00,80138.86051331823
2021-11-27 00:00:00+00:00,80138.86051331823
2021-11-27 04:00:00+00:00,80138.86051331823
2021-11-27 08:00:00+00:00,80138.86051331823
2021-11-27 12:00:00+00:00,80138.86051331823
2021-11-27 16:00:00+00:00,80138.86051331823
2021-11-27 20:00:00+00:00,80138.86051331823
2021-11-28 00:00:00+00:00,80138.86051331823
2021-11-28 04:00:00+00:00,80138.86051331823
2021-11-28 08:00:00+00:00,80138.86051331823
2021-11-28 12:00:00+00:00,80138.86051331823
2021-11-28 16:00:00+00:00,80138.86051331823
2021-11-28 20:00:00+00:00,80138.86051331823
2021-11-29 00:00:00+00:00,80138.86051331823
2021-11-29 04:00:00+00:00,80138.86051331823
2021-11-29 08:00:00+00:00,80138.86051331823
2021-11-29 12:00:00+00:00,80138.86051331823
2021-11-29 16:00:00+00:00,80138.86051331823
2021-11-29 20:00:00+00:00,80138.86051331823
2021-11-30 00:00:00+00:00,80138.86051331823
2021-11-30 04:00:00+00:00,80138.86051331823
2021-11-30 08:00:00+00:00,80138.86051331823
2021-11-30 12:00:00+00:00,80138.86051331823
2021-11-30 16:00:00+00:00,80138.86051331823
2021-11-30 20:00:00+00:00,80138.86051331823
2021-12-01 00:00:00+00:00,80138.86051331823
2021-12-01 04:00:00+00:00,80138.86051331823
2021-12-01 08:00:00+00:00,80138.86051331823
2021-12-01 12:00:00+00:00,80138.86051331823
2021-12-01 16:00:00+00:00,80138.86051331823
2021-12-01 20:00:00+00:00,80138.86051331823
2021-12-02 00:00:00+00:00,80138.86051331823
2021-12-02 04:00:00+00:00,80138.86051331823
2021-12-02 08:00:00+00:00,80138.86051331823
2021-12-02 12:00:00+00:00,80138.86051331823
2021-12-02 16:00:00+00:00,80138.86051331823
2021-12-02 20:00:00+00:00,80138.86051331823
2021-12-03 00:00:00+00:00,80138.86051331823
2021-12-03 04:00:00+00:00,80138.86051331823
2021-12-03 08:00:00+00:00,80138.86051331823
2021-12-03 12:00:00+00:00,80138.86051331823
2021-12-03 16:00:00+00:00,80138.86051331823
2021-12-03 20:00:00+00:00,80138.86051331823
2021-12-04 00:00:00+00:00,80138.86051331823
2021-12-04 04:00:00+00:00,79777.28938836143
2021-12-04 08:00:00+00:00,79775.33461873271
2021-12-04 12:00:00+00:00,79775.33461873271
2021-12-04 16:00:00+00:00,79775.33461873271
2021-12-04 20:00:00+00:00,79775.33461873271
2021-12-05 00:00:00+00:00,79775.33461873271
2021-12-05 04:00:00+00:00,79775.33461873271
2021-12-05 08:00:00+00:00,79775.33461873271
2021-12-05 12:00:00+00:00,79775.33461873271
2021-12-05 16:00:00+00:00,79775.33461873271
2021-12-05 20:00:00+00:00,79775.33461873271
2021-12-06 00:00:00+00:00,79775.33461873271
2021-12-06 04:00:00+00:00,79775.33461873271
2021-12-06 08:00:00+00:00,79775.33461873271
2021-12-06 12:00:00+00:00,79775.33461873271
2021-12-06 16:00:00+00:00,79775.33461873271
2021-12-06 20:00:00+00:00,79775.33461873271
2021-12-07 00:00:00+00:00,79775.33461873271
2021-12-07 04:00:00+00:00,79775.33461873271
2021-12-07 08:00:00+00:00,79775.33461873271
2021-12-07 12:00:00+00:00,79775.33461873271
2021-12-07 16:00:00+00:00,79775.33461873271
2021-12-07 20:00:00+00:00,79775.33461873271
2021-12-08 00:00:00+00:00,79775.33461873271
2021-12-08 04:00:00+00:00,79775.33461873271
2021-12-08 08:00:00+00:00,79775.33461873271
2021-12-08 12:00:00+00:00,79775.33461873271
2021-12-08 16:00:00+00:00,79775.33461873271
2021-12-08 20:00:00+00:00,79775.33461873271
2021-12-09 00:00:00+00:00,79775.33461873271
2021-12-09 04:00:00+00:00,79775.33461873271
2021-12-09 08:00:00+00:00,79775.33461873271
2021-12-09 12:00:00+00:00,79775.33461873271
2021-12-09 16:00:00+00:00,79775.33461873271
2021-12-09 20:00:00+00:00,79775.33461873271
2021-12-10 00:00:00+00:00,79775.33461873271
2021-12-10 04:00:00+00:00,79775.33461873271
2021-12-10 08:00:00+00:00,79775.33461873271
2021-12-10 12:00:00+00:00,79775.33461873271
2021-12-10 16:00:00+00:00,79775.33461873271
2021-12-10 20:00:00+00:00,79775.33461873271
2021-12-11 00:00:00+00:00,79775.33461873271
2021-12-11 04:00:00+00:00,79775.33461873271
2021-12-11 08:00:00+00:00,79775.33461873271
2021-12-11 12:00:00+00:00,79775.33461873271
2021-12-11 16:00:00+00:00,79775.33461873271
2021-12-11 20:00:00+00:00,79775.33461873271
2021-12-12 00:00:00+00:00,79775.33461873271
2021-12-12 04:00:00+00:00,79775.33461873271
2021-12-12 08:00:00+00:00,79775.33461873271
2021-12-12 12:00:00+00:00,79775.33461873271
2021-12-12 16:00:00+00:00,79775.33461873271
2021-12-12 20:00:00+00:00,79775.33461873271
2021-12-13 00:00:00+00:00,79775.33461873271
2021-12-13 04:00:00+00:00,79775.33461873271
2021-12-13 08:00:00+00:00,79775.33461873271
2021-12-13 12:00:00+00:00,79775.33461873271
2021-12-13 16:00:00+00:00,79775.33461873271
2021-12-13 20:00:00+00:00,79775.33461873271
2021-12-14 00:00:00+00:00,79775.33461873271
2021-12-14 04:00:00+00:00,79775.33461873271
2021-12-14 08:00:00+00:00,79775.33461873271
2021-12-14 12:00:00+00:00,79775.33461873271
2021-12-14 16:00:00+00:00,79775.33461873271
2021-12-14 20:00:00+00:00,79775.33461873271
2021-12-15 00:00:00+00:00,79775.33461873271
2021-12-15 04:00:00+00:00,79775.33461873271
2021-12-15 08:00:00+00:00,79775.33461873271
2021-12-15 12:00:00+00:00,79775.33461873271
2021-12-15 16:00:00+00:00,79775.33461873271
2021-12-15 20:00:00+00:00,79775.33461873271
2021-12-16 00:00:00+00:00,79775.33461873271
2021-12-16 04:00:00+00:00,79775.33461873271
2021-12-16 08:00:00+00:00,79775.33461873271
2021-12-16 12:00:00+00:00,79775.33461873271
2021-12-16 16:00:00+00:00,79775.33461873271
2021-12-16 20:00:00+00:00,79775.33461873271
2021-12-17 00:00:00+00:00,79775.33461873271
2021-12-17 04:00:00+00:00,79775.33461873271
2021-12-17 08:00:00+00:00,79775.33461873271
2021-12-17 12:00:00+00:00,79775.33461873271
2021-12-17 16:00:00+00:00,79775.33461873271
2021-12-17 20:00:00+00:00,79775.33461873271
2021-12-18 00:00:00+00:00,79775.33461873271
2021-12-18 04:00:00+00:00,79775.33461873271
2021-12-18 08:00:00+00:00,79775.33461873271
2021-12-18 12:00:00+00:00,79775.33461873271
2021-12-18 16:00:00+00:00,79775.33461873271
2021-12-18 20:00:00+00:00,79775.33461873271
2021-12-19 00:00:00+00:00,79775.33461873271
2021-12-19 04:00:00+00:00,79775.33461873271
2021-12-19 08:00:00+00:00,79775.33461873271
2021-12-19 12:00:00+00:00,79775.33461873271
2021-12-19 16:00:00+00:00,79775.33461873271
2021-12-19 20:00:00+00:00,79775.33461873271
2021-12-20 00:00:00+00:00,79775.33461873271
2021-12-20 04:00:00+00:00,79775.33461873271
2021-12-20 08:00:00+00:00,79775.33461873271
2021-12-20 12:00:00+00:00,79775.33461873271
2021-12-20 16:00:00+00:00,79775.33461873271
2021-12-20 20:00:00+00:00,79775.33461873271
2021-12-21 00:00:00+00:00,79775.33461873271
2021-12-21 04:00:00+00:00,79775.33461873271
2021-12-21 08:00:00+00:00,79775.33461873271
2021-12-21 12:00:00+00:00,79775.33461873271
2021-12-21 16:00:00+00:00,79775.33461873271
2021-12-21 20:00:00+00:00,79775.33461873271
2021-12-22 00:00:00+00:00,79775.33461873271
2021-12-22 04:00:00+00:00,79775.33461873271
2021-12-22 08:00:00+00:00,79775.33461873271
2021-12-22 12:00:00+00:00,79775.33461873271
2021-12-22 16:00:00+00:00,79775.33461873271
2021-12-22 20:00:00+00:00,79775.33461873271
2021-12-23 00:00:00+00:00,79775.33461873271
2021-12-23 04:00:00+00:00,79775.33461873271
2021-12-23 08:00:00+00:00,79775.33461873271
2021-12-23 12:00:00+00:00,79775.33461873271
2021-12-23 16:00:00+00:00,79775.33461873271
2021-12-23 20:00:00+00:00,79775.33461873271
2021-12-24 00:00:00+00:00,79775.33461873271
2021-12-24 04:00:00+00:00,79775.33461873271
2021-12-24 08:00:00+00:00,79775.33461873271
2021-12-24 12:00:00+00:00,79775.33461873271
2021-12-24 16:00:00+00:00,79775.33461873271
2021-12-24 20:00:00+00:00,79775.33461873271
2021-12-25 00:00:00+00:00,79775.33461873271
2021-12-25 04:00:00+00:00,79775.33461873271
2021-12-25 08:00:00+00:00,79775.33461873271
2021-12-25 12:00:00+00:00,79775.33461873271
2021-12-25 16:00:00+00:00,79775.33461873271
2021-12-25 20:00:00+00:00,79775.33461873271
2021-12-26 00:00:00+00:00,79775.33461873271
2021-12-26 04:00:00+00:00,79775.33461873271
2021-12-26 08:00:00+00:00,79775.33461873271
2021-12-26 12:00:00+00:00,79775.33461873271
2021-12-26 16:00:00+00:00,79775.33461873271
2021-12-26 20:00:00+00:00,79775.33461873271
2021-12-27 00:00:00+00:00,79775.33461873271
2021-12-27 04:00:00+00:00,78801.70607453036
2021-12-27 08:00:00+00:00,78992.78090637624
2021-12-27 12:00:00+00:00,80946.62938398725
2021-12-27 16:00:00+00:00,80234.87708518155
2021-12-27 20:00:00+00:00,78796.62168655008
2021-12-28 00:00:00+00:00,76269.15283743547
2021-12-28 04:00:00+00:00,76199.17102332241
2021-12-28 08:00:00+00:00,76199.17102332241
2021-12-28 12:00:00+00:00,76199.17102332241
2021-12-28 16:00:00+00:00,76199.17102332241
2021-12-28 20:00:00+00:00,76199.17102332241
2021-12-29 00:00:00+00:00,76199.17102332241
2021-12-29 04:00:00+00:00,76199.17102332241
2021-12-29 08:00:00+00:00,76199.17102332241
2021-12-29 12:00:00+00:00,76199.17102332241
2021-12-29 16:00:00+00:00,76199.17102332241
2021-12-29 20:00:00+00:00,76199.17102332241
2021-12-30 00:00:00+00:00,76199.17102332241
2021-12-30 04:00:00+00:00,76199.17102332241
2021-12-30 08:00:00+00:00,76199.17102332241
2021-12-30 12:00:00+00:00,76199.17102332241
2021-12-30 16:00:00+00:00,76199.17102332241
2021-12-30 20:00:00+00:00,76199.17102332241
2021-12-31 00:00:00+00:00,76199.17102332241
2021-12-31 04:00:00+00:00,76199.17102332241
2021-12-31 08:00:00+00:00,76199.17102332241
2021-12-31 12:00:00+00:00,76199.17102332241
2021-12-31 16:00:00+00:00,76199.17102332241
2021-12-31 20:00:00+00:00,76199.17102332241
2022-01-01 00:00:00+00:00,76199.17102332241
2022-01-01 04:00:00+00:00,76199.17102332241
2022-01-01 08:00:00+00:00,76199.17102332241
2022-01-01 12:00:00+00:00,76199.17102332241
2022-01-01 16:00:00+00:00,76199.17102332241
2022-01-01 20:00:00+00:00,76199.17102332241
2022-01-02 00:00:00+00:00,76199.17102332241
2022-01-02 04:00:00+00:00,76199.17102332241
2022-01-02 08:00:00+00:00,76199.17102332241
2022-01-02 12:00:00+00:00,76199.17102332241
2022-01-02 16:00:00+00:00,76199.17102332241
2022-01-02 20:00:00+00:00,76199.17102332241
2022-01-03 00:00:00+00:00,76199.17102332241
2022-01-03 04:00:00+00:00,76199.17102332241
2022-01-03 08:00:00+00:00,76199.17102332241
2022-01-03 12:00:00+00:00,76199.17102332241
2022-01-03 16:00:00+00:00,76199.17102332241
2022-01-03 20:00:00+00:00,76199.17102332241
2022-01-04 00:00:00+00:00,76199.17102332241
2022-01-04 04:00:00+00:00,76199.17102332241
2022-01-04 08:00:00+00:00,76199.17102332241
2022-01-04 12:00:00+00:00,76199.17102332241
2022-01-04 16:00:00+00:00,76199.17102332241
2022-01-04 20:00:00+00:00,76199.17102332241
2022-01-05 00:00:00+00:00,76199.17102332241
2022-01-05 04:00:00+00:00,76199.17102332241
2022-01-05 08:00:00+00:00,76199.17102332241
2022-01-05 12:00:00+00:00,76199.17102332241
2022-01-05 16:00:00+00:00,76199.17102332241
2022-01-05 20:00:00+00:00,76199.17102332241
2022-01-06 00:00:00+00:00,76199.17102332241
2022-01-06 04:00:00+00:00,76238.14318358862
2022-01-06 08:00:00+00:00,76201.73542974633
2022-01-06 12:00:00+00:00,76210.12617753162
2022-01-06 16:00:00+00:00,76256.43735717081
2022-01-06 20:00:00+00:00,76223.42560528807
2022-01-07 00:00:00+00:00,76221.24885650042
2022-01-07 04:00:00+00:00,76221.24885650042
2022-01-07 08:00:00+00:00,76221.24885650042
2022-01-07 12:00:00+00:00,76221.24885650042
2022-01-07 16:00:00+00:00,76221.24885650042
2022-01-07 20:00:00+00:00,76221.24885650042
2022-01-08 00:00:00+00:00,76221.24885650042
2022-01-08 04:00:00+00:00,76221.24885650042
2022-01-08 08:00:00+00:00,76221.24885650042
2022-01-08 12:00:00+00:00,76221.24885650042
2022-01-08 16:00:00+00:00,76221.24885650042
2022-01-08 20:00:00+00:00,76221.24885650042
2022-01-09 00:00:00+00:00,76221.24885650042
2022-01-09 04:00:00+00:00,76221.24885650042
2022-01-09 08:00:00+00:00,76221.24885650042
2022-01-09 12:00:00+00:00,76221.24885650042
2022-01-09 16:00:00+00:00,76221.24885650042
2022-01-09 20:00:00+00:00,76221.24885650042
2022-01-10 00:00:00+00:00,76221.24885650042
2022-01-10 04:00:00+00:00,76221.24885650042
2022-01-10 08:00:00+00:00,76221.24885650042
2022-01-10 12:00:00+00:00,76221.24885650042
2022-01-10 16:00:00+00:00,76221.24885650042
2022-01-10 20:00:00+00:00,76221.24885650042
2022-01-11 00:00:00+00:00,76221.24885650042
2022-01-11 04:00:00+00:00,76221.24885650042
2022-01-11 08:00:00+00:00,76221.24885650042
2022-01-11 12:00:00+00:00,76221.24885650042
2022-01-11 16:00:00+00:00,76221.24885650042
2022-01-11 20:00:00+00:00,76221.24885650042
2022-01-12 00:00:00+00:00,76221.24885650042
2022-01-12 04:00:00+00:00,76221.24885650042
2022-01-12 08:00:00+00:00,76221.24885650042
2022-01-12 12:00:00+00:00,76221.24885650042
2022-01-12 16:00:00+00:00,76221.24885650042
2022-01-12 20:00:00+00:00,76221.24885650042
2022-01-13 00:00:00+00:00,76221.24885650042
2022-01-13 04:00:00+00:00,76221.24885650042
2022-01-13 08:00:00+00:00,76221.24885650042
2022-01-13 12:00:00+00:00,76221.24885650042
2022-01-13 16:00:00+00:00,76221.24885650042
2022-01-13 20:00:00+00:00,76221.24885650042
2022-01-14 00:00:00+00:00,76221.24885650042
2022-01-14 04:00:00+00:00,76221.24885650042
2022-01-14 08:00:00+00:00,76221.24885650042
2022-01-14 12:00:00+00:00,76221.24885650042
2022-01-14 16:00:00+00:00,76221.24885650042
2022-01-14 20:00:00+00:00,76221.24885650042
2022-01-15 00:00:00+00:00,76221.24885650042
2022-01-15 04:00:00+00:00,76221.24885650042
2022-01-15 08:00:00+00:00,76221.24885650042
2022-01-15 12:00:00+00:00,76221.24885650042
2022-01-15 16:00:00+00:00,76221.24885650042
2022-01-15 20:00:00+00:00,76221.24885650042
2022-01-16 00:00:00+00:00,76221.24885650042
2022-01-16 04:00:00+00:00,76221.24885650042
2022-01-16 08:00:00+00:00,76221.24885650042
2022-01-16 12:00:00+00:00,76221.24885650042
2022-01-16 16:00:00+00:00,76221.24885650042
2022-01-16 20:00:00+00:00,76221.24885650042
2022-01-17 00:00:00+00:00,76221.24885650042
2022-01-17 04:00:00+00:00,76221.24885650042
2022-01-17 08:00:00+00:00,76221.24885650042
2022-01-17 12:00:00+00:00,76221.24885650042
2022-01-17 16:00:00+00:00,76221.24885650042
2022-01-17 20:00:00+00:00,76221.24885650042
2022-01-18 00:00:00+00:00,76221.24885650042
2022-01-18 04:00:00+00:00,76221.24885650042
2022-01-18 08:00:00+00:00,76221.24885650042
2022-01-18 12:00:00+00:00,76221.24885650042
2022-01-18 16:00:00+00:00,76221.24885650042
2022-01-18 20:00:00+00:00,76221.24885650042
2022-01-19 00:00:00+00:00,76221.24885650042
2022-01-19 04:00:00+00:00,76221.24885650042
2022-01-19 08:00:00+00:00,76221.24885650042
2022-01-19 12:00:00+00:00,76221.24885650042
2022-01-19 16:00:00+00:00,76221.24885650042
2022-01-19 20:00:00+00:00,76221.24885650042
2022-01-20 00:00:00+00:00,76221.24885650042
2022-01-20 04:00:00+00:00,76221.24885650042
2022-01-20 08:00:00+00:00,76221.24885650042
2022-01-20 12:00:00+00:00,76221.24885650042
2022-01-20 16:00:00+00:00,76221.24885650042
2022-01-20 20:00:00+00:00,76221.24885650042
2022-01-21 00:00:00+00:00,76221.24885650042
2022-01-21 04:00:00+00:00,76221.24885650042
2022-01-21 08:00:00+00:00,76221.24885650042
2022-01-21 12:00:00+00:00,76221.24885650042
2022-01-21 16:00:00+00:00,76221.24885650042
2022-01-21 20:00:00+00:00,76221.24885650042
2022-01-22 00:00:00+00:00,76221.24885650042
2022-01-22 04:00:00+00:00,76221.24885650042
2022-01-22 08:00:00+00:00,76221.24885650042
2022-01-22 12:00:00+00:00,76221.24885650042
2022-01-22 16:00:00+00:00,76221.24885650042
2022-01-22 20:00:00+00:00,76221.24885650042
2022-01-23 00:00:00+00:00,76221.24885650042
2022-01-23 04:00:00+00:00,76221.24885650042
2022-01-23 08:00:00+00:00,76221.24885650042
2022-01-23 12:00:00+00:00,76221.24885650042
2022-01-23 16:00:00+00:00,76221.24885650042
2022-01-23 20:00:00+00:00,76221.24885650042
2022-01-24 00:00:00+00:00,76221.24885650042
2022-01-24 04:00:00+00:00,76221.24885650042
2022-01-24 08:00:00+00:00,76221.24885650042
2022-01-24 12:00:00+00:00,76221.24885650042
2022-01-24 16:00:00+00:00,76221.24885650042
2022-01-24 20:00:00+00:00,76221.24885650042
2022-01-25 00:00:00+00:00,76221.24885650042
2022-01-25 04:00:00+00:00,76221.24885650042
2022-01-25 08:00:00+00:00,76221.24885650042
2022-01-25 12:00:00+00:00,76221.24885650042
2022-01-25 16:00:00+00:00,76221.24885650042
2022-01-25 20:00:00+00:00,76221.24885650042
2022-01-26 00:00:00+00:00,76221.24885650042
2022-01-26 04:00:00+00:00,76221.24885650042
2022-01-26 08:00:00+00:00,76221.24885650042
2022-01-26 12:00:00+00:00,76221.24885650042
2022-01-26 16:00:00+00:00,76221.24885650042
2022-01-26 20:00:00+00:00,76221.24885650042
2022-01-27 00:00:00+00:00,76221.24885650042
2022-01-27 04:00:00+00:00,76221.24885650042
2022-01-27 08:00:00+00:00,76221.24885650042
2022-01-27 12:00:00+00:00,76221.24885650042
2022-01-27 16:00:00+00:00,76221.24885650042
2022-01-27 20:00:00+00:00,76221.24885650042
2022-01-28 00:00:00+00:00,76221.24885650042
2022-01-28 04:00:00+00:00,76221.24885650042
2022-01-28 08:00:00+00:00,76221.24885650042
2022-01-28 12:00:00+00:00,76221.24885650042
2022-01-28 16:00:00+00:00,76221.24885650042
2022-01-28 20:00:00+00:00,76221.24885650042
2022-01-29 00:00:00+00:00,76221.24885650042
2022-01-29 04:00:00+00:00,76221.24885650042
2022-01-29 08:00:00+00:00,76221.24885650042
2022-01-29 12:00:00+00:00,76221.24885650042
2022-01-29 16:00:00+00:00,76221.24885650042
2022-01-29 20:00:00+00:00,76221.24885650042
2022-01-30 00:00:00+00:00,76221.24885650042
2022-01-30 04:00:00+00:00,76221.24885650042
2022-01-30 08:00:00+00:00,76221.24885650042
2022-01-30 12:00:00+00:00,76221.24885650042
2022-01-30 16:00:00+00:00,76221.24885650042
2022-01-30 20:00:00+00:00,76221.24885650042
2022-01-31 00:00:00+00:00,76221.24885650042
2022-01-31 04:00:00+00:00,76221.24885650042
2022-01-31 08:00:00+00:00,76221.24885650042
2022-01-31 12:00:00+00:00,76221.24885650042
2022-01-31 16:00:00+00:00,76221.24885650042
2022-01-31 20:00:00+00:00,76221.24885650042
2022-02-01 00:00:00+00:00,76221.24885650042
2022-02-01 04:00:00+00:00,76221.24885650042
2022-02-01 08:00:00+00:00,76221.24885650042
2022-02-01 12:00:00+00:00,76221.24885650042
2022-02-01 16:00:00+00:00,76221.24885650042
2022-02-01 20:00:00+00:00,76221.24885650042
2022-02-02 00:00:00+00:00,76221.24885650042
2022-02-02 04:00:00+00:00,76221.24885650042
2022-02-02 08:00:00+00:00,76221.24885650042
2022-02-02 12:00:00+00:00,76221.24885650042
2022-02-02 16:00:00+00:00,76221.24885650042
2022-02-02 20:00:00+00:00,76221.24885650042
2022-02-03 00:00:00+00:00,76221.24885650042
2022-02-03 04:00:00+00:00,76221.24885650042
2022-02-03 08:00:00+00:00,76221.24885650042
2022-02-03 12:00:00+00:00,76221.24885650042
2022-02-03 16:00:00+00:00,76221.24885650042
2022-02-03 20:00:00+00:00,76221.24885650042
2022-02-04 00:00:00+00:00,76221.24885650042
2022-02-04 04:00:00+00:00,76221.24885650042
2022-02-04 08:00:00+00:00,76221.24885650042
2022-02-04 12:00:00+00:00,76221.24885650042
2022-02-04 16:00:00+00:00,76221.24885650042
2022-02-04 20:00:00+00:00,76221.24885650042
2022-02-05 00:00:00+00:00,76221.24885650042
2022-02-05 04:00:00+00:00,76221.24885650042
2022-02-05 08:00:00+00:00,76221.24885650042
2022-02-05 12:00:00+00:00,76221.24885650042
2022-02-05 16:00:00+00:00,76221.24885650042
2022-02-05 20:00:00+00:00,76221.24885650042
2022-02-06 00:00:00+00:00,76221.24885650042
2022-02-06 04:00:00+00:00,76727.8509292378
2022-02-06 08:00:00+00:00,76428.19523871361
2022-02-06 12:00:00+00:00,76370.43510026362
2022-02-06 16:00:00+00:00,77081.2832158829
2022-02-06 20:00:00+00:00,79546.34569634622
2022-02-07 00:00:00+00:00,81129.39082350109
2022-02-07 04:00:00+00:00,80850.90014071635
2022-02-07 08:00:00+00:00,80763.20755865936
2022-02-07 12:00:00+00:00,85041.743834811
2022-02-07 16:00:00+00:00,86785.20940110828
2022-02-07 20:00:00+00:00,85138.96863316487
2022-02-08 00:00:00+00:00,86433.04488058432
2022-02-08 04:00:00+00:00,89137.5948614884
2022-02-08 08:00:00+00:00,85631.06996386441
2022-02-08 12:00:00+00:00,83992.33715553643
2022-02-08 16:00:00+00:00,82799.32660262716
2022-02-08 20:00:00+00:00,85691.55669117403
2022-02-09 00:00:00+00:00,83706.82032877358
2022-02-09 04:00:00+00:00,85043.31267325822
2022-02-09 08:00:00+00:00,84720.29546382718
2022-02-09 12:00:00+00:00,85193.87230326729
2022-02-09 16:00:00+00:00,86876.30663989212
2022-02-09 20:00:00+00:00,86601.63912618805
2022-02-10 00:00:00+00:00,84865.29772470452
2022-02-10 04:00:00+00:00,85757.54469820317
2022-02-10 08:00:00+00:00,87873.59902104121
2022-02-10 12:00:00+00:00,88215.35927004811
2022-02-10 16:00:00+00:00,86551.77396719344
2022-02-10 20:00:00+00:00,84050.88215797555
2022-02-11 00:00:00+00:00,83874.82163604822
2022-02-11 04:00:00+00:00,83857.01723781272
2022-02-11 08:00:00+00:00,83857.01723781272
2022-02-11 12:00:00+00:00,83857.01723781272
2022-02-11 16:00:00+00:00,83054.08782484249
2022-02-11 20:00:00+00:00,83035.65969069923
2022-02-12 00:00:00+00:00,83035.65969069923
2022-02-12 04:00:00+00:00,83035.65969069923
2022-02-12 08:00:00+00:00,83035.65969069923
2022-02-12 12:00:00+00:00,83035.65969069923
2022-02-12 16:00:00+00:00,83035.65969069923
2022-02-12 20:00:00+00:00,83035.65969069923
2022-02-13 00:00:00+00:00,83035.65969069923
2022-02-13 04:00:00+00:00,83035.65969069923
2022-02-13 08:00:00+00:00,83035.65969069923
2022-02-13 12:00:00+00:00,83035.65969069923
2022-02-13 16:00:00+00:00,83035.65969069923
2022-02-13 20:00:00+00:00,83035.65969069923
2022-02-14 00:00:00+00:00,83035.65969069923
2022-02-14 04:00:00+00:00,83035.65969069923
2022-02-14 08:00:00+00:00,83035.65969069923
2022-02-14 12:00:00+00:00,83035.65969069923
2022-02-14 16:00:00+00:00,83035.65969069923
2022-02-14 20:00:00+00:00,83035.65969069923
2022-02-15 00:00:00+00:00,83035.65969069923
2022-02-15 04:00:00+00:00,83342.09292200182
2022-02-15 08:00:00+00:00,84899.02687466516
2022-02-15 12:00:00+00:00,84830.65246893972
2022-02-15 16:00:00+00:00,84254.54624720865
2022-02-15 20:00:00+00:00,85782.72668732471
2022-02-16 00:00:00+00:00,84179.79516529647
2022-02-16 04:00:00+00:00,84730.2515220671
2022-02-16 08:00:00+00:00,84703.84276211847
2022-02-16 12:00:00+00:00,83082.48953062615
2022-02-16 16:00:00+00:00,83710.28070742477
2022-02-16 20:00:00+00:00,82608.26383311293
2022-02-17 00:00:00+00:00,82249.0241347317
2022-02-17 04:00:00+00:00,82605.94430607854
2022-02-17 08:00:00+00:00,82582.14053131656
2022-02-17 12:00:00+00:00,82582.14053131656
2022-02-17 16:00:00+00:00,82582.14053131656
2022-02-17 20:00:00+00:00,82582.14053131656
2022-02-18 00:00:00+00:00,82582.14053131656
2022-02-18 04:00:00+00:00,82582.14053131656
2022-02-18 08:00:00+00:00,82582.14053131656
2022-02-18 12:00:00+00:00,82582.14053131656
2022-02-18 16:00:00+00:00,82582.14053131656
2022-02-18 20:00:00+00:00,82582.14053131656
2022-02-19 00:00:00+00:00,82582.14053131656
2022-02-19 04:00:00+00:00,82582.14053131656
2022-02-19 08:00:00+00:00,82582.14053131656
2022-02-19 12:00:00+00:00,82582.14053131656
2022-02-19 16:00:00+00:00,82582.14053131656
2022-02-19 20:00:00+00:00,82582.14053131656
2022-02-20 00:00:00+00:00,82582.14053131656
2022-02-20 04:00:00+00:00,82582.14053131656
2022-02-20 08:00:00+00:00,82582.14053131656
2022-02-20 12:00:00+00:00,82582.14053131656
2022-02-20 16:00:00+00:00,82582.14053131656
2022-02-20 20:00:00+00:00,82582.14053131656
2022-02-21 00:00:00+00:00,82582.14053131656
2022-02-21 04:00:00+00:00,82582.14053131656
2022-02-21 08:00:00+00:00,82582.14053131656
2022-02-21 12:00:00+00:00,82582.14053131656
2022-02-21 16:00:00+00:00,82582.14053131656
2022-02-21 20:00:00+00:00,82582.14053131656
2022-02-22 00:00:00+00:00,82582.14053131656
2022-02-22 04:00:00+00:00,82582.14053131656
2022-02-22 08:00:00+00:00,82582.14053131656
2022-02-22 12:00:00+00:00,82582.14053131656
2022-02-22 16:00:00+00:00,82582.14053131656
2022-02-22 20:00:00+00:00,82582.14053131656
2022-02-23 00:00:00+00:00,82582.14053131656
2022-02-23 04:00:00+00:00,82582.14053131656
2022-02-23 08:00:00+00:00,82582.14053131656
2022-02-23 12:00:00+00:00,82582.14053131656
2022-02-23 16:00:00+00:00,82582.14053131656
2022-02-23 20:00:00+00:00,82582.14053131656
2022-02-24 00:00:00+00:00,82582.14053131656
2022-02-24 04:00:00+00:00,82582.14053131656
2022-02-24 08:00:00+00:00,82582.14053131656
2022-02-24 12:00:00+00:00,82582.14053131656
2022-02-24 16:00:00+00:00,82582.14053131656
2022-02-24 20:00:00+00:00,82582.14053131656
2022-02-25 00:00:00+00:00,82582.14053131656
2022-02-25 04:00:00+00:00,82582.14053131656
2022-02-25 08:00:00+00:00,82582.14053131656
2022-02-25 12:00:00+00:00,82582.14053131656
2022-02-25 16:00:00+00:00,82582.14053131656
2022-02-25 20:00:00+00:00,82582.14053131656
2022-02-26 00:00:00+00:00,82582.14053131656
2022-02-26 04:00:00+00:00,82582.14053131656
2022-02-26 08:00:00+00:00,82582.14053131656
2022-02-26 12:00:00+00:00,82582.14053131656
2022-02-26 16:00:00+00:00,82582.14053131656
2022-02-26 20:00:00+00:00,82582.14053131656
2022-02-27 00:00:00+00:00,82582.14053131656
2022-02-27 04:00:00+00:00,82582.14053131656
2022-02-27 08:00:00+00:00,82582.14053131656
2022-02-27 12:00:00+00:00,82582.14053131656
2022-02-27 16:00:00+00:00,82582.14053131656
2022-02-27 20:00:00+00:00,82582.14053131656
2022-02-28 00:00:00+00:00,82582.14053131656
2022-02-28 04:00:00+00:00,82582.14053131656
2022-02-28 08:00:00+00:00,82582.14053131656
2022-02-28 12:00:00+00:00,82582.14053131656
2022-02-28 16:00:00+00:00,82582.14053131656
2022-02-28 20:00:00+00:00,82582.14053131656
2022-03-01 00:00:00+00:00,82582.14053131656
2022-03-01 04:00:00+00:00,82582.14053131656
2022-03-01 08:00:00+00:00,82582.14053131656
2022-03-01 12:00:00+00:00,82582.14053131656
2022-03-01 16:00:00+00:00,82582.14053131656
2022-03-01 20:00:00+00:00,83926.99475579047
2022-03-02 00:00:00+00:00,83778.4791617718
2022-03-02 04:00:00+00:00,83072.40263203045
2022-03-02 08:00:00+00:00,83334.90234335826
2022-03-02 12:00:00+00:00,83367.21979988238
2022-03-02 16:00:00+00:00,82514.23834252081
2022-03-02 20:00:00+00:00,82901.43151058146
2022-03-03 00:00:00+00:00,81757.06157393703
2022-03-03 04:00:00+00:00,82078.14488381465
2022-03-03 08:00:00+00:00,81880.01309627037
2022-03-03 12:00:00+00:00,80156.98864175372
2022-03-03 16:00:00+00:00,79464.84648800406
2022-03-03 20:00:00+00:00,79602.74365213685
2022-03-04 00:00:00+00:00,77444.77752519799
2022-03-04 04:00:00+00:00,77406.437141007
2022-03-04 08:00:00+00:00,77552.63875730614
2022-03-04 12:00:00+00:00,76890.08434166638
2022-03-04 16:00:00+00:00,76240.50500423908
2022-03-04 20:00:00+00:00,76226.1548859053
2022-03-05 00:00:00+00:00,76226.1548859053
2022-03-05 04:00:00+00:00,76226.1548859053
2022-03-05 08:00:00+00:00,76226.1548859053
2022-03-05 12:00:00+00:00,76226.1548859053
2022-03-05 16:00:00+00:00,76226.1548859053
2022-03-05 20:00:00+00:00,76226.1548859053
2022-03-06 00:00:00+00:00,76226.1548859053
2022-03-06 04:00:00+00:00,76226.1548859053
2022-03-06 08:00:00+00:00,76226.1548859053
2022-03-06 12:00:00+00:00,76226.1548859053
2022-03-06 16:00:00+00:00,76226.1548859053
2022-03-06 20:00:00+00:00,76226.1548859053
2022-03-07 00:00:00+00:00,76226.1548859053
2022-03-07 04:00:00+00:00,76226.1548859053
2022-03-07 08:00:00+00:00,76226.1548859053
2022-03-07 12:00:00+00:00,76226.1548859053
2022-03-07 16:00:00+00:00,76226.1548859053
2022-03-07 20:00:00+00:00,76226.1548859053
2022-03-08 00:00:00+00:00,76226.1548859053
2022-03-08 04:00:00+00:00,76226.1548859053
2022-03-08 08:00:00+00:00,76226.1548859053
2022-03-08 12:00:00+00:00,76226.1548859053
2022-03-08 16:00:00+00:00,76226.1548859053
2022-03-08 20:00:00+00:00,76226.1548859053
2022-03-09 00:00:00+00:00,76226.1548859053
2022-03-09 04:00:00+00:00,76226.1548859053
2022-03-09 08:00:00+00:00,76226.1548859053
2022-03-09 12:00:00+00:00,76226.1548859053
2022-03-09 16:00:00+00:00,76226.1548859053
2022-03-09 20:00:00+00:00,76226.1548859053
2022-03-10 00:00:00+00:00,76226.1548859053
2022-03-10 04:00:00+00:00,76226.1548859053
2022-03-10 08:00:00+00:00,76226.1548859053
2022-03-10 12:00:00+00:00,76226.1548859053
2022-03-10 16:00:00+00:00,76226.1548859053
2022-03-10 20:00:00+00:00,76226.1548859053
2022-03-11 00:00:00+00:00,76226.1548859053
2022-03-11 04:00:00+00:00,76226.1548859053
2022-03-11 08:00:00+00:00,76226.1548859053
2022-03-11 12:00:00+00:00,76226.1548859053
2022-03-11 16:00:00+00:00,76226.1548859053
2022-03-11 20:00:00+00:00,76226.1548859053
2022-03-12 00:00:00+00:00,76226.1548859053
2022-03-12 04:00:00+00:00,76226.1548859053
2022-03-12 08:00:00+00:00,76226.1548859053
2022-03-12 12:00:00+00:00,76226.1548859053
2022-03-12 16:00:00+00:00,76226.1548859053
2022-03-12 20:00:00+00:00,76226.1548859053
2022-03-13 00:00:00+00:00,76226.1548859053
2022-03-13 04:00:00+00:00,76226.1548859053
2022-03-13 08:00:00+00:00,76226.1548859053
2022-03-13 12:00:00+00:00,76226.1548859053
2022-03-13 16:00:00+00:00,76226.1548859053
2022-03-13 20:00:00+00:00,76226.1548859053
2022-03-14 00:00:00+00:00,76226.1548859053
2022-03-14 04:00:00+00:00,76226.1548859053
2022-03-14 08:00:00+00:00,76226.1548859053
2022-03-14 12:00:00+00:00,76226.1548859053
2022-03-14 16:00:00+00:00,76226.1548859053
2022-03-14 20:00:00+00:00,76226.1548859053
2022-03-15 00:00:00+00:00,76226.1548859053
2022-03-15 04:00:00+00:00,76226.1548859053
2022-03-15 08:00:00+00:00,76226.1548859053
2022-03-15 12:00:00+00:00,76226.1548859053
2022-03-15 16:00:00+00:00,76226.1548859053
2022-03-15 20:00:00+00:00,76226.1548859053
2022-03-16 00:00:00+00:00,76226.1548859053
2022-03-16 04:00:00+00:00,76226.1548859053
2022-03-16 08:00:00+00:00,76226.1548859053
2022-03-16 12:00:00+00:00,76226.1548859053
2022-03-16 16:00:00+00:00,76226.1548859053
2022-03-16 20:00:00+00:00,76226.1548859053
2022-03-17 00:00:00+00:00,76226.1548859053
2022-03-17 04:00:00+00:00,76226.1548859053
2022-03-17 08:00:00+00:00,76226.1548859053
2022-03-17 12:00:00+00:00,76226.1548859053
2022-03-17 16:00:00+00:00,76226.1548859053
2022-03-17 20:00:00+00:00,76226.1548859053
2022-03-18 00:00:00+00:00,76226.1548859053
2022-03-18 04:00:00+00:00,76226.1548859053
2022-03-18 08:00:00+00:00,76226.1548859053
2022-03-18 12:00:00+00:00,76226.1548859053
2022-03-18 16:00:00+00:00,76226.1548859053
2022-03-18 20:00:00+00:00,76226.1548859053
2022-03-19 00:00:00+00:00,76226.1548859053
2022-03-19 04:00:00+00:00,76226.1548859053
2022-03-19 08:00:00+00:00,76226.1548859053
2022-03-19 12:00:00+00:00,76226.1548859053
2022-03-19 16:00:00+00:00,76439.46121813115
2022-03-19 20:00:00+00:00,76956.70495528718
2022-03-20 00:00:00+00:00,76177.4220703956
2022-03-20 04:00:00+00:00,75966.27083733834
2022-03-20 08:00:00+00:00,75205.79750296031
2022-03-20 12:00:00+00:00,74480.47880374538
2022-03-20 16:00:00+00:00,74555.02130542367
2022-03-20 20:00:00+00:00,74260.09497570661
2022-03-21 00:00:00+00:00,72968.78859551517
2022-03-21 04:00:00+00:00,72911.10780318163
2022-03-21 08:00:00+00:00,72911.10780318163
2022-03-21 12:00:00+00:00,72865.91746160065
2022-03-21 16:00:00+00:00,72843.21750214366
2022-03-21 20:00:00+00:00,72843.21750214366
2022-03-22 00:00:00+00:00,74219.14278729222
2022-03-22 04:00:00+00:00,74080.80638689299
2022-03-22 08:00:00+00:00,76435.36366016103
2022-03-22 12:00:00+00:00,74835.82403012662
2022-03-22 16:00:00+00:00,73943.62578859714
2022-03-22 20:00:00+00:00,74177.20904879575
2022-03-23 00:00:00+00:00,73330.7643639645
2022-03-23 04:00:00+00:00,73431.7589742207
2022-03-23 08:00:00+00:00,73233.34563159448
2022-03-23 12:00:00+00:00,74829.72799408813
2022-03-23 16:00:00+00:00,73682.91020582414
2022-03-23 20:00:00+00:00,75612.03845236628
2022-03-24 00:00:00+00:00,75114.99992931396
2022-03-24 04:00:00+00:00,76164.58258529927
2022-03-24 08:00:00+00:00,75840.87855295006
2022-03-24 12:00:00+00:00,78780.85756030188
2022-03-24 16:00:00+00:00,78454.85465948845
2022-03-24 20:00:00+00:00,78783.77263952802
2022-03-25 00:00:00+00:00,78736.12495652885
2022-03-25 04:00:00+00:00,78498.26056202746
2022-03-25 08:00:00+00:00,81088.89875130323
2022-03-25 12:00:00+00:00,80135.47374339409
2022-03-25 16:00:00+00:00,80564.70086187123
2022-03-25 20:00:00+00:00,80004.38530450595
2022-03-26 00:00:00+00:00,80323.7958267064
2022-03-26 04:00:00+00:00,80764.13666234432
2022-03-26 08:00:00+00:00,80130.70761599528
2022-03-26 12:00:00+00:00,79605.23301913418
2022-03-26 16:00:00+00:00,80124.57549017764
2022-03-26 20:00:00+00:00,80673.19876868153
2022-03-27 00:00:00+00:00,81435.97741074758
2022-03-27 04:00:00+00:00,81553.15109219363
2022-03-27 08:00:00+00:00,80705.03968147951
2022-03-27 12:00:00+00:00,81827.77746578952
2022-03-27 16:00:00+00:00,81716.32253394175
2022-03-27 20:00:00+00:00,89999.86192713788
2022-03-28 00:00:00+00:00,91129.10100643442
2022-03-28 04:00:00+00:00,90817.71990852957
2022-03-28 08:00:00+00:00,92207.62748046698
2022-03-28 12:00:00+00:00,93073.35425047981
2022-03-28 16:00:00+00:00,95819.49141551142
2022-03-28 20:00:00+00:00,91403.21382246974
2022-03-29 00:00:00+00:00,92107.47880016537
2022-03-29 04:00:00+00:00,92115.25844184599
2022-03-29 08:00:00+00:00,94110.13852655998
2022-03-29 12:00:00+00:00,91739.29923792896
2022-03-29 16:00:00+00:00,92754.06880256899
2022-03-29 20:00:00+00:00,91663.92581165819
2022-03-30 00:00:00+00:00,91606.4442230471
2022-03-30 04:00:00+00:00,91467.93920088813
2022-03-30 08:00:00+00:00,91247.11319887098
2022-03-30 12:00:00+00:00,90624.53654661764
2022-03-30 16:00:00+00:00,90257.62267017536
2022-03-30 20:00:00+00:00,90227.49191190774
2022-03-31 00:00:00+00:00,90342.32657014664
2022-03-31 04:00:00+00:00,90536.73998076936
2022-03-31 08:00:00+00:00,90543.47619529831
2022-03-31 12:00:00+00:00,87916.6701439218
2022-03-31 16:00:00+00:00,86704.26813357441
2022-03-31 20:00:00+00:00,86674.02245343535
2022-04-01 00:00:00+00:00,86674.02245343535
2022-04-01 04:00:00+00:00,86674.02245343535
2022-04-01 08:00:00+00:00,86674.02245343535
2022-04-01 12:00:00+00:00,86674.02245343535
2022-04-01 16:00:00+00:00,86016.27762689214
2022-04-01 20:00:00+00:00,85745.7175789526
2022-04-02 00:00:00+00:00,86774.12210373687
2022-04-02 04:00:00+00:00,86743.11592536484
2022-04-02 08:00:00+00:00,86585.96221693799
2022-04-02 12:00:00+00:00,85769.54797307675
2022-04-02 16:00:00+00:00,85153.46745135527
2022-04-02 20:00:00+00:00,85078.86103931621
2022-04-03 00:00:00+00:00,85078.86103931621
2022-04-03 04:00:00+00:00,85078.86103931621
2022-04-03 08:00:00+00:00,84552.22626893713
2022-04-03 12:00:00+00:00,85099.155714189
2022-04-03 16:00:00+00:00,85049.55409407888
2022-04-03 20:00:00+00:00,85064.55888229501
2022-04-04 00:00:00+00:00,83677.05103094576
2022-04-04 04:00:00+00:00,83824.63623019887
2022-04-04 08:00:00+00:00,83809.3042905723
2022-04-04 12:00:00+00:00,83193.35710674523
2022-04-04 16:00:00+00:00,83517.45766262706
2022-04-04 20:00:00+00:00,83490.37130359455
2022-04-05 00:00:00+00:00,83490.37130359455
2022-04-05 04:00:00+00:00,83490.37130359455
2022-04-05 08:00:00+00:00,83490.37130359455
2022-04-05 12:00:00+00:00,83490.37130359455
2022-04-05 16:00:00+00:00,83490.37130359455
2022-04-05 20:00:00+00:00,83490.37130359455
2022-04-06 00:00:00+00:00,83490.37130359455
2022-04-06 04:00:00+00:00,83490.37130359455
2022-04-06 08:00:00+00:00,83490.37130359455
2022-04-06 12:00:00+00:00,83490.37130359455
2022-04-06 16:00:00+00:00,83490.37130359455
2022-04-06 20:00:00+00:00,83490.37130359455
2022-04-07 00:00:00+00:00,83623.83113628547
2022-04-07 04:00:00+00:00,83596.71027823708
2022-04-07 08:00:00+00:00,83596.71027823708
2022-04-07 12:00:00+00:00,83596.71027823708
2022-04-07 16:00:00+00:00,83596.71027823708
2022-04-07 20:00:00+00:00,83596.71027823708
2022-04-08 00:00:00+00:00,83596.71027823708
2022-04-08 04:00:00+00:00,83596.71027823708
2022-04-08 08:00:00+00:00,83596.71027823708
2022-04-08 12:00:00+00:00,83596.71027823708
2022-04-08 16:00:00+00:00,83596.71027823708
2022-04-08 20:00:00+00:00,83596.71027823708
2022-04-09 00:00:00+00:00,83596.71027823708
2022-04-09 04:00:00+00:00,83596.71027823708
2022-04-09 08:00:00+00:00,83596.71027823708
2022-04-09 12:00:00+00:00,83596.71027823708
2022-04-09 16:00:00+00:00,83596.71027823708
2022-04-09 20:00:00+00:00,83596.71027823708
2022-04-10 00:00:00+00:00,83596.71027823708
2022-04-10 04:00:00+00:00,83596.71027823708
2022-04-10 08:00:00+00:00,83596.71027823708
2022-04-10 12:00:00+00:00,83596.71027823708
2022-04-10 16:00:00+00:00,83596.71027823708
2022-04-10 20:00:00+00:00,83596.71027823708
2022-04-11 00:00:00+00:00,83596.71027823708
2022-04-11 04:00:00+00:00,83596.71027823708
2022-04-11 08:00:00+00:00,83596.71027823708
2022-04-11 12:00:00+00:00,83596.71027823708
2022-04-11 16:00:00+00:00,83596.71027823708
2022-04-11 20:00:00+00:00,83596.71027823708
2022-04-12 00:00:00+00:00,83596.71027823708
2022-04-12 04:00:00+00:00,83596.71027823708
2022-04-12 08:00:00+00:00,83596.71027823708
2022-04-12 12:00:00+00:00,83596.71027823708
2022-04-12 16:00:00+00:00,83596.71027823708
2022-04-12 20:00:00+00:00,83596.71027823708
2022-04-13 00:00:00+00:00,83596.71027823708
2022-04-13 04:00:00+00:00,83596.71027823708
2022-04-13 08:00:00+00:00,83596.71027823708
2022-04-13 12:00:00+00:00,83596.71027823708
2022-04-13 16:00:00+00:00,83596.71027823708
2022-04-13 20:00:00+00:00,83596.71027823708
2022-04-14 00:00:00+00:00,83596.71027823708
2022-04-14 04:00:00+00:00,83596.71027823708
2022-04-14 08:00:00+00:00,83596.71027823708
2022-04-14 12:00:00+00:00,83596.71027823708
2022-04-14 16:00:00+00:00,83596.71027823708
2022-04-14 20:00:00+00:00,83596.71027823708
2022-04-15 00:00:00+00:00,83596.71027823708
2022-04-15 04:00:00+00:00,83596.71027823708
2022-04-15 08:00:00+00:00,83596.71027823708
2022-04-15 12:00:00+00:00,83596.71027823708
2022-04-15 16:00:00+00:00,83596.71027823708
2022-04-15 20:00:00+00:00,83596.71027823708
2022-04-16 00:00:00+00:00,83596.71027823708
2022-04-16 04:00:00+00:00,83596.71027823708
2022-04-16 08:00:00+00:00,83596.71027823708
2022-04-16 12:00:00+00:00,83596.71027823708
2022-04-16 16:00:00+00:00,83596.71027823708
2022-04-16 20:00:00+00:00,83596.71027823708
2022-04-17 00:00:00+00:00,83596.71027823708
2022-04-17 04:00:00+00:00,83596.71027823708
2022-04-17 08:00:00+00:00,83596.71027823708
2022-04-17 12:00:00+00:00,83596.71027823708
2022-04-17 16:00:00+00:00,83596.71027823708
2022-04-17 20:00:00+00:00,83596.71027823708
2022-04-18 00:00:00+00:00,83596.71027823708
2022-04-18 04:00:00+00:00,83596.71027823708
2022-04-18 08:00:00+00:00,83596.71027823708
2022-04-18 12:00:00+00:00,83596.71027823708
2022-04-18 16:00:00+00:00,83596.71027823708
2022-04-18 20:00:00+00:00,83596.71027823708
2022-04-19 00:00:00+00:00,83596.71027823708
2022-04-19 04:00:00+00:00,83596.71027823708
2022-04-19 08:00:00+00:00,83596.71027823708
2022-04-19 12:00:00+00:00,83596.71027823708
2022-04-19 16:00:00+00:00,83596.71027823708
2022-04-19 20:00:00+00:00,83596.71027823708
2022-04-20 00:00:00+00:00,83596.71027823708
2022-04-20 04:00:00+00:00,83596.71027823708
2022-04-20 08:00:00+00:00,83596.71027823708
2022-04-20 12:00:00+00:00,83596.71027823708
2022-04-20 16:00:00+00:00,83596.71027823708
2022-04-20 20:00:00+00:00,83596.71027823708
2022-04-21 00:00:00+00:00,83596.71027823708
2022-04-21 04:00:00+00:00,83596.71027823708
2022-04-21 08:00:00+00:00,83596.71027823708
2022-04-21 12:00:00+00:00,83596.71027823708
2022-04-21 16:00:00+00:00,83596.71027823708
2022-04-21 20:00:00+00:00,83596.71027823708
2022-04-22 00:00:00+00:00,83596.71027823708
2022-04-22 04:00:00+00:00,83596.71027823708
2022-04-22 08:00:00+00:00,83596.71027823708
2022-04-22 12:00:00+00:00,83596.71027823708
2022-04-22 16:00:00+00:00,83596.71027823708
2022-04-22 20:00:00+00:00,83596.71027823708
2022-04-23 00:00:00+00:00,83596.71027823708
2022-04-23 04:00:00+00:00,83596.71027823708
2022-04-23 08:00:00+00:00,83596.71027823708
2022-04-23 12:00:00+00:00,83596.71027823708
2022-04-23 16:00:00+00:00,83596.71027823708
2022-04-23 20:00:00+00:00,83596.71027823708
2022-04-24 00:00:00+00:00,83596.71027823708
2022-04-24 04:00:00+00:00,83596.71027823708
2022-04-24 08:00:00+00:00,83596.71027823708
2022-04-24 12:00:00+00:00,83596.71027823708
2022-04-24 16:00:00+00:00,83596.71027823708
2022-04-24 20:00:00+00:00,83596.71027823708
2022-04-25 00:00:00+00:00,83596.71027823708
2022-04-25 04:00:00+00:00,83596.71027823708
2022-04-25 08:00:00+00:00,83596.71027823708
2022-04-25 12:00:00+00:00,83596.71027823708
2022-04-25 16:00:00+00:00,83596.71027823708
2022-04-25 20:00:00+00:00,83596.71027823708
2022-04-26 00:00:00+00:00,83596.71027823708
2022-04-26 04:00:00+00:00,83596.71027823708
2022-04-26 08:00:00+00:00,83596.71027823708
2022-04-26 12:00:00+00:00,83596.71027823708
2022-04-26 16:00:00+00:00,83596.71027823708
2022-04-26 20:00:00+00:00,83596.71027823708
2022-04-27 00:00:00+00:00,83596.71027823708
2022-04-27 04:00:00+00:00,83596.71027823708
2022-04-27 08:00:00+00:00,83596.71027823708
2022-04-27 12:00:00+00:00,83596.71027823708
2022-04-27 16:00:00+00:00,83596.71027823708
2022-04-27 20:00:00+00:00,83596.71027823708
2022-04-28 00:00:00+00:00,83596.71027823708
2022-04-28 04:00:00+00:00,83596.71027823708
2022-04-28 08:00:00+00:00,83596.71027823708
2022-04-28 12:00:00+00:00,83596.71027823708
2022-04-28 16:00:00+00:00,83596.71027823708
2022-04-28 20:00:00+00:00,83596.71027823708
2022-04-29 00:00:00+00:00,83596.71027823708
2022-04-29 04:00:00+00:00,83596.71027823708
2022-04-29 08:00:00+00:00,83596.71027823708
2022-04-29 12:00:00+00:00,83596.71027823708
2022-04-29 16:00:00+00:00,83596.71027823708
2022-04-29 20:00:00+00:00,83596.71027823708
2022-04-30 00:00:00+00:00,83596.71027823708
2022-04-30 04:00:00+00:00,83596.71027823708
2022-04-30 08:00:00+00:00,83596.71027823708
2022-04-30 12:00:00+00:00,83596.71027823708
2022-04-30 16:00:00+00:00,83596.71027823708
2022-04-30 20:00:00+00:00,83596.71027823708
2022-05-01 00:00:00+00:00,83596.71027823708
2022-05-01 04:00:00+00:00,83596.71027823708
2022-05-01 08:00:00+00:00,83596.71027823708
2022-05-01 12:00:00+00:00,83596.71027823708
2022-05-01 16:00:00+00:00,83596.71027823708
2022-05-01 20:00:00+00:00,83596.71027823708
2022-05-02 00:00:00+00:00,83596.71027823708
2022-05-02 04:00:00+00:00,83596.71027823708
2022-05-02 08:00:00+00:00,83596.71027823708
2022-05-02 12:00:00+00:00,83596.71027823708
2022-05-02 16:00:00+00:00,83596.71027823708
2022-05-02 20:00:00+00:00,83596.71027823708
2022-05-03 00:00:00+00:00,83596.71027823708
2022-05-03 04:00:00+00:00,83596.71027823708
2022-05-03 08:00:00+00:00,83596.71027823708
2022-05-03 12:00:00+00:00,83596.71027823708
2022-05-03 16:00:00+00:00,83596.71027823708
2022-05-03 20:00:00+00:00,83596.71027823708
2022-05-04 00:00:00+00:00,83596.71027823708
2022-05-04 04:00:00+00:00,83596.71027823708
2022-05-04 08:00:00+00:00,83596.71027823708
2022-05-04 12:00:00+00:00,83596.71027823708
2022-05-04 16:00:00+00:00,83596.71027823708
2022-05-04 20:00:00+00:00,83596.71027823708
2022-05-05 00:00:00+00:00,83596.71027823708
2022-05-05 04:00:00+00:00,83596.71027823708
2022-05-05 08:00:00+00:00,83596.71027823708
2022-05-05 12:00:00+00:00,83596.71027823708
2022-05-05 16:00:00+00:00,83596.71027823708
2022-05-05 20:00:00+00:00,83596.71027823708
2022-05-06 00:00:00+00:00,83596.71027823708
2022-05-06 04:00:00+00:00,83596.71027823708
2022-05-06 08:00:00+00:00,83596.71027823708
2022-05-06 12:00:00+00:00,83596.71027823708
2022-05-06 16:00:00+00:00,83596.71027823708
2022-05-06 20:00:00+00:00,83596.71027823708
2022-05-07 00:00:00+00:00,83596.71027823708
2022-05-07 04:00:00+00:00,83596.71027823708
2022-05-07 08:00:00+00:00,83596.71027823708
2022-05-07 12:00:00+00:00,83596.71027823708
2022-05-07 16:00:00+00:00,83596.71027823708
2022-05-07 20:00:00+00:00,83596.71027823708
2022-05-08 00:00:00+00:00,83596.71027823708
2022-05-08 04:00:00+00:00,83596.71027823708
2022-05-08 08:00:00+00:00,83596.71027823708
2022-05-08 12:00:00+00:00,83596.71027823708
2022-05-08 16:00:00+00:00,83596.71027823708
2022-05-08 20:00:00+00:00,83596.71027823708
2022-05-09 00:00:00+00:00,83596.71027823708
2022-05-09 04:00:00+00:00,83596.71027823708
2022-05-09 08:00:00+00:00,83596.71027823708
2022-05-09 12:00:00+00:00,83596.71027823708
2022-05-09 16:00:00+00:00,83596.71027823708
2022-05-09 20:00:00+00:00,83596.71027823708
2022-05-10 00:00:00+00:00,83596.71027823708
2022-05-10 04:00:00+00:00,83596.71027823708
2022-05-10 08:00:00+00:00,83596.71027823708
2022-05-10 12:00:00+00:00,83596.71027823708
2022-05-10 16:00:00+00:00,83596.71027823708
2022-05-10 20:00:00+00:00,83596.71027823708
2022-05-11 00:00:00+00:00,83596.71027823708
2022-05-11 04:00:00+00:00,83596.71027823708
2022-05-11 08:00:00+00:00,83596.71027823708
2022-05-11 12:00:00+00:00,83596.71027823708
2022-05-11 16:00:00+00:00,83596.71027823708
2022-05-11 20:00:00+00:00,83596.71027823708
2022-05-12 00:00:00+00:00,83596.71027823708
2022-05-12 04:00:00+00:00,83596.71027823708
2022-05-12 08:00:00+00:00,83596.71027823708
2022-05-12 12:00:00+00:00,83596.71027823708
2022-05-12 16:00:00+00:00,83596.71027823708
2022-05-12 20:00:00+00:00,83596.71027823708
2022-05-13 00:00:00+00:00,83596.71027823708
2022-05-13 04:00:00+00:00,83596.71027823708
2022-05-13 08:00:00+00:00,83596.71027823708
2022-05-13 12:00:00+00:00,83596.71027823708
2022-05-13 16:00:00+00:00,83596.71027823708
2022-05-13 20:00:00+00:00,83596.71027823708
2022-05-14 00:00:00+00:00,83596.71027823708
2022-05-14 04:00:00+00:00,83596.71027823708
2022-05-14 08:00:00+00:00,83596.71027823708
2022-05-14 12:00:00+00:00,83596.71027823708
2022-05-14 16:00:00+00:00,83596.71027823708
2022-05-14 20:00:00+00:00,83596.71027823708
2022-05-15 00:00:00+00:00,83596.71027823708
2022-05-15 04:00:00+00:00,83596.71027823708
2022-05-15 08:00:00+00:00,83596.71027823708
2022-05-15 12:00:00+00:00,83596.71027823708
2022-05-15 16:00:00+00:00,83596.71027823708
2022-05-15 20:00:00+00:00,83596.71027823708
2022-05-16 00:00:00+00:00,83596.71027823708
2022-05-16 04:00:00+00:00,83596.71027823708
2022-05-16 08:00:00+00:00,83596.71027823708
2022-05-16 12:00:00+00:00,83596.71027823708
2022-05-16 16:00:00+00:00,83596.71027823708
2022-05-16 20:00:00+00:00,83596.71027823708
2022-05-17 00:00:00+00:00,83596.71027823708
2022-05-17 04:00:00+00:00,83596.71027823708
2022-05-17 08:00:00+00:00,83596.71027823708
2022-05-17 12:00:00+00:00,83596.71027823708
2022-05-17 16:00:00+00:00,83596.71027823708
2022-05-17 20:00:00+00:00,83596.71027823708
2022-05-18 00:00:00+00:00,83596.71027823708
2022-05-18 04:00:00+00:00,83596.71027823708
2022-05-18 08:00:00+00:00,83596.71027823708
2022-05-18 12:00:00+00:00,83596.71027823708
2022-05-18 16:00:00+00:00,83596.71027823708
2022-05-18 20:00:00+00:00,83596.71027823708
2022-05-19 00:00:00+00:00,83596.71027823708
2022-05-19 04:00:00+00:00,83596.71027823708
2022-05-19 08:00:00+00:00,83596.71027823708
2022-05-19 12:00:00+00:00,83596.71027823708
2022-05-19 16:00:00+00:00,83596.71027823708
2022-05-19 20:00:00+00:00,83596.71027823708
2022-05-20 00:00:00+00:00,83596.71027823708
2022-05-20 04:00:00+00:00,83596.71027823708
2022-05-20 08:00:00+00:00,83596.71027823708
2022-05-20 12:00:00+00:00,83596.71027823708
2022-05-20 16:00:00+00:00,83596.71027823708
2022-05-20 20:00:00+00:00,83596.71027823708
2022-05-21 00:00:00+00:00,83596.71027823708
2022-05-21 04:00:00+00:00,83596.71027823708
2022-05-21 08:00:00+00:00,83596.71027823708
2022-05-21 12:00:00+00:00,83596.71027823708
2022-05-21 16:00:00+00:00,83596.71027823708
2022-05-21 20:00:00+00:00,83596.71027823708
2022-05-22 00:00:00+00:00,83596.71027823708
2022-05-22 04:00:00+00:00,83596.71027823708
2022-05-22 08:00:00+00:00,83596.71027823708
2022-05-22 12:00:00+00:00,83596.71027823708
2022-05-22 16:00:00+00:00,83596.71027823708
2022-05-22 20:00:00+00:00,83596.71027823708
2022-05-23 00:00:00+00:00,83596.71027823708
2022-05-23 04:00:00+00:00,83596.71027823708
2022-05-23 08:00:00+00:00,83596.71027823708
2022-05-23 12:00:00+00:00,83596.71027823708
2022-05-23 16:00:00+00:00,83596.71027823708
2022-05-23 20:00:00+00:00,83596.71027823708
2022-05-24 00:00:00+00:00,83596.71027823708
2022-05-24 04:00:00+00:00,83596.71027823708
2022-05-24 08:00:00+00:00,83596.71027823708
2022-05-24 12:00:00+00:00,83596.71027823708
2022-05-24 16:00:00+00:00,83596.71027823708
2022-05-24 20:00:00+00:00,83596.71027823708
2022-05-25 00:00:00+00:00,83596.71027823708
2022-05-25 04:00:00+00:00,83596.71027823708
2022-05-25 08:00:00+00:00,83596.71027823708
2022-05-25 12:00:00+00:00,83596.71027823708
2022-05-25 16:00:00+00:00,83596.71027823708
2022-05-25 20:00:00+00:00,83596.71027823708
2022-05-26 00:00:00+00:00,83596.71027823708
2022-05-26 04:00:00+00:00,83596.71027823708
2022-05-26 08:00:00+00:00,83596.71027823708
2022-05-26 12:00:00+00:00,83596.71027823708
2022-05-26 16:00:00+00:00,83596.71027823708
2022-05-26 20:00:00+00:00,83596.71027823708
2022-05-27 00:00:00+00:00,83596.71027823708
2022-05-27 04:00:00+00:00,83596.71027823708
2022-05-27 08:00:00+00:00,83596.71027823708
2022-05-27 12:00:00+00:00,83596.71027823708
2022-05-27 16:00:00+00:00,83596.71027823708
2022-05-27 20:00:00+00:00,83596.71027823708
2022-05-28 00:00:00+00:00,83596.71027823708
2022-05-28 04:00:00+00:00,83596.71027823708
2022-05-28 08:00:00+00:00,83596.71027823708
2022-05-28 12:00:00+00:00,83596.71027823708
2022-05-28 16:00:00+00:00,83596.71027823708
2022-05-28 20:00:00+00:00,83596.71027823708
2022-05-29 00:00:00+00:00,83596.71027823708
2022-05-29 04:00:00+00:00,83596.71027823708
2022-05-29 08:00:00+00:00,83596.71027823708
2022-05-29 12:00:00+00:00,83596.71027823708
2022-05-29 16:00:00+00:00,83596.71027823708
2022-05-29 20:00:00+00:00,83596.71027823708
2022-05-30 00:00:00+00:00,83596.71027823708
2022-05-30 04:00:00+00:00,83596.71027823708
2022-05-30 08:00:00+00:00,83596.71027823708
2022-05-30 12:00:00+00:00,83596.71027823708
2022-05-30 16:00:00+00:00,83596.71027823708
2022-05-30 20:00:00+00:00,83596.71027823708
2022-05-31 00:00:00+00:00,83596.71027823708
2022-05-31 04:00:00+00:00,83596.71027823708
2022-05-31 08:00:00+00:00,83596.71027823708
2022-05-31 12:00:00+00:00,83596.71027823708
2022-05-31 16:00:00+00:00,83596.71027823708
2022-05-31 20:00:00+00:00,83596.71027823708
2022-06-01 00:00:00+00:00,83596.71027823708
2022-06-01 04:00:00+00:00,83596.71027823708
2022-06-01 08:00:00+00:00,83596.71027823708
2022-06-01 12:00:00+00:00,83596.71027823708
2022-06-01 16:00:00+00:00,83596.71027823708
2022-06-01 20:00:00+00:00,83596.71027823708
2022-06-02 00:00:00+00:00,83596.71027823708
2022-06-02 04:00:00+00:00,83596.71027823708
2022-06-02 08:00:00+00:00,83596.71027823708
2022-06-02 12:00:00+00:00,83596.71027823708
2022-06-02 16:00:00+00:00,83596.71027823708
2022-06-02 20:00:00+00:00,83596.71027823708
2022-06-03 00:00:00+00:00,83596.71027823708
2022-06-03 04:00:00+00:00,83596.71027823708
2022-06-03 08:00:00+00:00,83596.71027823708
2022-06-03 12:00:00+00:00,83596.71027823708
2022-06-03 16:00:00+00:00,83596.71027823708
2022-06-03 20:00:00+00:00,83596.71027823708
2022-06-04 00:00:00+00:00,83596.71027823708
2022-06-04 04:00:00+00:00,83596.71027823708
2022-06-04 08:00:00+00:00,83596.71027823708
2022-06-04 12:00:00+00:00,83596.71027823708
2022-06-04 16:00:00+00:00,83596.71027823708
2022-06-04 20:00:00+00:00,83596.71027823708
2022-06-05 00:00:00+00:00,83596.71027823708
2022-06-05 04:00:00+00:00,83596.71027823708
2022-06-05 08:00:00+00:00,83596.71027823708
2022-06-05 12:00:00+00:00,83596.71027823708
2022-06-05 16:00:00+00:00,83596.71027823708
2022-06-05 20:00:00+00:00,83596.71027823708
2022-06-06 00:00:00+00:00,83596.71027823708
2022-06-06 04:00:00+00:00,83596.71027823708
2022-06-06 08:00:00+00:00,83596.71027823708
2022-06-06 12:00:00+00:00,83596.71027823708
2022-06-06 16:00:00+00:00,83596.71027823708
2022-06-06 20:00:00+00:00,83596.71027823708
2022-06-07 00:00:00+00:00,83596.71027823708
2022-06-07 04:00:00+00:00,83596.71027823708
2022-06-07 08:00:00+00:00,83596.71027823708
2022-06-07 12:00:00+00:00,83596.71027823708
2022-06-07 16:00:00+00:00,83596.71027823708
2022-06-07 20:00:00+00:00,83596.71027823708
2022-06-08 00:00:00+00:00,83596.71027823708
2022-06-08 04:00:00+00:00,83596.71027823708
2022-06-08 08:00:00+00:00,83596.71027823708
2022-06-08 12:00:00+00:00,83596.71027823708
2022-06-08 16:00:00+00:00,83596.71027823708
2022-06-08 20:00:00+00:00,83596.71027823708
2022-06-09 00:00:00+00:00,83596.71027823708
2022-06-09 04:00:00+00:00,83596.71027823708
2022-06-09 08:00:00+00:00,83596.71027823708
2022-06-09 12:00:00+00:00,83596.71027823708
2022-06-09 16:00:00+00:00,83596.71027823708
2022-06-09 20:00:00+00:00,83596.71027823708
2022-06-10 00:00:00+00:00,83596.71027823708
2022-06-10 04:00:00+00:00,83596.71027823708
2022-06-10 08:00:00+00:00,83596.71027823708
2022-06-10 12:00:00+00:00,83596.71027823708
2022-06-10 16:00:00+00:00,83596.71027823708
2022-06-10 20:00:00+00:00,83596.71027823708
2022-06-11 00:00:00+00:00,83596.71027823708
2022-06-11 04:00:00+00:00,83596.71027823708
2022-06-11 08:00:00+00:00,83596.71027823708
2022-06-11 12:00:00+00:00,83596.71027823708
2022-06-11 16:00:00+00:00,83596.71027823708
2022-06-11 20:00:00+00:00,83596.71027823708
2022-06-12 00:00:00+00:00,83596.71027823708
2022-06-12 04:00:00+00:00,83596.71027823708
2022-06-12 08:00:00+00:00,83596.71027823708
2022-06-12 12:00:00+00:00,83596.71027823708
2022-06-12 16:00:00+00:00,83596.71027823708
2022-06-12 20:00:00+00:00,83596.71027823708
2022-06-13 00:00:00+00:00,83596.71027823708
2022-06-13 04:00:00+00:00,83596.71027823708
2022-06-13 08:00:00+00:00,83596.71027823708
2022-06-13 12:00:00+00:00,83596.71027823708
2022-06-13 16:00:00+00:00,83596.71027823708
2022-06-13 20:00:00+00:00,83596.71027823708
2022-06-14 00:00:00+00:00,83596.71027823708
2022-06-14 04:00:00+00:00,83596.71027823708
2022-06-14 08:00:00+00:00,83596.71027823708
2022-06-14 12:00:00+00:00,83596.71027823708
2022-06-14 16:00:00+00:00,83596.71027823708
2022-06-14 20:00:00+00:00,83596.71027823708
2022-06-15 00:00:00+00:00,83596.71027823708
2022-06-15 04:00:00+00:00,83596.71027823708
2022-06-15 08:00:00+00:00,83596.71027823708
2022-06-15 12:00:00+00:00,83596.71027823708
2022-06-15 16:00:00+00:00,83596.71027823708
2022-06-15 20:00:00+00:00,83596.71027823708
2022-06-16 00:00:00+00:00,83596.71027823708
2022-06-16 04:00:00+00:00,83596.71027823708
2022-06-16 08:00:00+00:00,83596.71027823708
2022-06-16 12:00:00+00:00,83596.71027823708
2022-06-16 16:00:00+00:00,83596.71027823708
2022-06-16 20:00:00+00:00,83596.71027823708
2022-06-17 00:00:00+00:00,83596.71027823708
2022-06-17 04:00:00+00:00,83596.71027823708
2022-06-17 08:00:00+00:00,83596.71027823708
2022-06-17 12:00:00+00:00,83596.71027823708
2022-06-17 16:00:00+00:00,83596.71027823708
2022-06-17 20:00:00+00:00,83596.71027823708
2022-06-18 00:00:00+00:00,83596.71027823708
2022-06-18 04:00:00+00:00,83596.71027823708
2022-06-18 08:00:00+00:00,83596.71027823708
2022-06-18 12:00:00+00:00,83596.71027823708
2022-06-18 16:00:00+00:00,83596.71027823708
2022-06-18 20:00:00+00:00,83596.71027823708
2022-06-19 00:00:00+00:00,83596.71027823708
2022-06-19 04:00:00+00:00,83596.71027823708
2022-06-19 08:00:00+00:00,83596.71027823708
2022-06-19 12:00:00+00:00,83596.71027823708
2022-06-19 16:00:00+00:00,83596.71027823708
2022-06-19 20:00:00+00:00,83596.71027823708
2022-06-20 00:00:00+00:00,83596.71027823708
2022-06-20 04:00:00+00:00,83596.71027823708
2022-06-20 08:00:00+00:00,83596.71027823708
2022-06-20 12:00:00+00:00,83596.71027823708
2022-06-20 16:00:00+00:00,83596.71027823708
2022-06-20 20:00:00+00:00,83596.71027823708
2022-06-21 00:00:00+00:00,83596.71027823708
2022-06-21 04:00:00+00:00,83596.71027823708
2022-06-21 08:00:00+00:00,83596.71027823708
2022-06-21 12:00:00+00:00,83596.71027823708
2022-06-21 16:00:00+00:00,83596.71027823708
2022-06-21 20:00:00+00:00,83596.71027823708
2022-06-22 00:00:00+00:00,83596.71027823708
2022-06-22 04:00:00+00:00,83596.71027823708
2022-06-22 08:00:00+00:00,83596.71027823708
2022-06-22 12:00:00+00:00,83596.71027823708
2022-06-22 16:00:00+00:00,83596.71027823708
2022-06-22 20:00:00+00:00,83596.71027823708
2022-06-23 00:00:00+00:00,83596.71027823708
2022-06-23 04:00:00+00:00,83596.71027823708
2022-06-23 08:00:00+00:00,83596.71027823708
2022-06-23 12:00:00+00:00,83596.71027823708
2022-06-23 16:00:00+00:00,83596.71027823708
2022-06-23 20:00:00+00:00,83596.71027823708
2022-06-24 00:00:00+00:00,83596.71027823708
2022-06-24 04:00:00+00:00,83596.71027823708
2022-06-24 08:00:00+00:00,83596.71027823708
2022-06-24 12:00:00+00:00,83596.71027823708
2022-06-24 16:00:00+00:00,83596.71027823708
2022-06-24 20:00:00+00:00,83596.71027823708
2022-06-25 00:00:00+00:00,83596.71027823708
2022-06-25 04:00:00+00:00,83596.71027823708
2022-06-25 08:00:00+00:00,83596.71027823708
2022-06-25 12:00:00+00:00,83596.71027823708
2022-06-25 16:00:00+00:00,83596.71027823708
2022-06-25 20:00:00+00:00,83596.71027823708
2022-06-26 00:00:00+00:00,83596.71027823708
2022-06-26 04:00:00+00:00,83596.71027823708
2022-06-26 08:00:00+00:00,83596.71027823708
2022-06-26 12:00:00+00:00,83596.71027823708
2022-06-26 16:00:00+00:00,83596.71027823708
2022-06-26 20:00:00+00:00,83596.71027823708
2022-06-27 00:00:00+00:00,83596.71027823708
2022-06-27 04:00:00+00:00,83596.71027823708
2022-06-27 08:00:00+00:00,83596.71027823708
2022-06-27 12:00:00+00:00,83596.71027823708
2022-06-27 16:00:00+00:00,83596.71027823708
2022-06-27 20:00:00+00:00,83596.71027823708
2022-06-28 00:00:00+00:00,83596.71027823708
2022-06-28 04:00:00+00:00,83596.71027823708
2022-06-28 08:00:00+00:00,83596.71027823708
2022-06-28 12:00:00+00:00,83596.71027823708
2022-06-28 16:00:00+00:00,83596.71027823708
2022-06-28 20:00:00+00:00,83596.71027823708
2022-06-29 00:00:00+00:00,83596.71027823708
2022-06-29 04:00:00+00:00,83596.71027823708
2022-06-29 08:00:00+00:00,83596.71027823708
2022-06-29 12:00:00+00:00,83596.71027823708
2022-06-29 16:00:00+00:00,83596.71027823708
2022-06-29 20:00:00+00:00,83596.71027823708
2022-06-30 00:00:00+00:00,83596.71027823708
2022-06-30 04:00:00+00:00,83596.71027823708
2022-06-30 08:00:00+00:00,83596.71027823708
2022-06-30 12:00:00+00:00,83630.40126503372
2022-06-30 16:00:00+00:00,83430.8821512393
2022-06-30 20:00:00+00:00,83421.7782144393
2022-07-01 00:00:00+00:00,83421.7782144393
2022-07-01 04:00:00+00:00,83421.7782144393
2022-07-01 08:00:00+00:00,83421.7782144393
2022-07-01 12:00:00+00:00,83421.7782144393
2022-07-01 16:00:00+00:00,83421.7782144393
2022-07-01 20:00:00+00:00,83421.7782144393
2022-07-02 00:00:00+00:00,83421.7782144393
2022-07-02 04:00:00+00:00,83421.7782144393
2022-07-02 08:00:00+00:00,83421.7782144393
2022-07-02 12:00:00+00:00,83421.7782144393
2022-07-02 16:00:00+00:00,83421.7782144393
2022-07-02 20:00:00+00:00,83421.7782144393
2022-07-03 00:00:00+00:00,83421.7782144393
2022-07-03 04:00:00+00:00,83421.7782144393
2022-07-03 08:00:00+00:00,83421.7782144393
2022-07-03 12:00:00+00:00,83421.7782144393
2022-07-03 16:00:00+00:00,83421.7782144393
2022-07-03 20:00:00+00:00,83421.7782144393
2022-07-04 00:00:00+00:00,83421.7782144393
2022-07-04 04:00:00+00:00,83421.7782144393
2022-07-04 08:00:00+00:00,83421.7782144393
2022-07-04 12:00:00+00:00,83421.7782144393
2022-07-04 16:00:00+00:00,83421.7782144393
2022-07-04 20:00:00+00:00,83421.7782144393
2022-07-05 00:00:00+00:00,83421.7782144393
2022-07-05 04:00:00+00:00,83421.7782144393
2022-07-05 08:00:00+00:00,83421.7782144393
2022-07-05 12:00:00+00:00,83421.7782144393
2022-07-05 16:00:00+00:00,83421.7782144393
2022-07-05 20:00:00+00:00,83421.7782144393
2022-07-06 00:00:00+00:00,83421.7782144393
2022-07-06 04:00:00+00:00,83421.7782144393
2022-07-06 08:00:00+00:00,83421.7782144393
2022-07-06 12:00:00+00:00,83421.7782144393
2022-07-06 16:00:00+00:00,83421.7782144393
2022-07-06 20:00:00+00:00,83421.7782144393
2022-07-07 00:00:00+00:00,83421.7782144393
2022-07-07 04:00:00+00:00,83421.7782144393
2022-07-07 08:00:00+00:00,83421.7782144393
2022-07-07 12:00:00+00:00,83421.7782144393
2022-07-07 16:00:00+00:00,83421.7782144393
2022-07-07 20:00:00+00:00,83421.7782144393
2022-07-08 00:00:00+00:00,83421.7782144393
2022-07-08 04:00:00+00:00,83421.7782144393
2022-07-08 08:00:00+00:00,83421.7782144393
2022-07-08 12:00:00+00:00,83421.7782144393
2022-07-08 16:00:00+00:00,83421.7782144393
2022-07-08 20:00:00+00:00,83421.7782144393
2022-07-09 00:00:00+00:00,83421.7782144393
2022-07-09 04:00:00+00:00,83421.7782144393
2022-07-09 08:00:00+00:00,83421.7782144393
2022-07-09 12:00:00+00:00,83421.7782144393
2022-07-09 16:00:00+00:00,83421.7782144393
2022-07-09 20:00:00+00:00,83421.7782144393
2022-07-10 00:00:00+00:00,83421.7782144393
2022-07-10 04:00:00+00:00,83421.7782144393
2022-07-10 08:00:00+00:00,83421.7782144393
2022-07-10 12:00:00+00:00,83421.7782144393
2022-07-10 16:00:00+00:00,83421.7782144393
2022-07-10 20:00:00+00:00,83421.7782144393
2022-07-11 00:00:00+00:00,83421.7782144393
2022-07-11 04:00:00+00:00,83421.7782144393
2022-07-11 08:00:00+00:00,83421.7782144393
2022-07-11 12:00:00+00:00,83421.7782144393
2022-07-11 16:00:00+00:00,83421.7782144393
2022-07-11 20:00:00+00:00,83421.7782144393
2022-07-12 00:00:00+00:00,83421.7782144393
2022-07-12 04:00:00+00:00,83421.7782144393
2022-07-12 08:00:00+00:00,83421.7782144393
2022-07-12 12:00:00+00:00,83421.7782144393
2022-07-12 16:00:00+00:00,83421.7782144393
2022-07-12 20:00:00+00:00,83421.7782144393
2022-07-13 00:00:00+00:00,83421.7782144393
2022-07-13 04:00:00+00:00,83421.7782144393
2022-07-13 08:00:00+00:00,83421.7782144393
2022-07-13 12:00:00+00:00,83421.7782144393
2022-07-13 16:00:00+00:00,83421.7782144393
2022-07-13 20:00:00+00:00,83421.7782144393
2022-07-14 00:00:00+00:00,83421.7782144393
2022-07-14 04:00:00+00:00,83421.7782144393
2022-07-14 08:00:00+00:00,83421.7782144393
2022-07-14 12:00:00+00:00,83421.7782144393
2022-07-14 16:00:00+00:00,83421.7782144393
2022-07-14 20:00:00+00:00,83421.7782144393
2022-07-15 00:00:00+00:00,83421.7782144393
2022-07-15 04:00:00+00:00,83421.7782144393
2022-07-15 08:00:00+00:00,83421.7782144393
2022-07-15 12:00:00+00:00,83421.7782144393
2022-07-15 16:00:00+00:00,83421.7782144393
2022-07-15 20:00:00+00:00,83421.7782144393
2022-07-16 00:00:00+00:00,83421.7782144393
2022-07-16 04:00:00+00:00,83421.7782144393
2022-07-16 08:00:00+00:00,83421.7782144393
2022-07-16 12:00:00+00:00,83421.7782144393
2022-07-16 16:00:00+00:00,83421.7782144393
2022-07-16 20:00:00+00:00,83421.7782144393
2022-07-17 00:00:00+00:00,83421.7782144393
2022-07-17 04:00:00+00:00,83421.7782144393
2022-07-17 08:00:00+00:00,83421.7782144393
2022-07-17 12:00:00+00:00,83421.7782144393
2022-07-17 16:00:00+00:00,83421.7782144393
2022-07-17 20:00:00+00:00,83421.7782144393
2022-07-18 00:00:00+00:00,83421.7782144393
2022-07-18 04:00:00+00:00,83421.7782144393
2022-07-18 08:00:00+00:00,83421.7782144393
2022-07-18 12:00:00+00:00,83421.7782144393
2022-07-18 16:00:00+00:00,83421.7782144393
2022-07-18 20:00:00+00:00,83421.7782144393
2022-07-19 00:00:00+00:00,83421.7782144393
2022-07-19 04:00:00+00:00,83421.7782144393
2022-07-19 08:00:00+00:00,83421.7782144393
2022-07-19 12:00:00+00:00,83421.7782144393
2022-07-19 16:00:00+00:00,84399.04478273135
2022-07-19 20:00:00+00:00,84378.10381699419
2022-07-20 00:00:00+00:00,84548.47731850765
2022-07-20 04:00:00+00:00,84334.96231406843
2022-07-20 08:00:00+00:00,85609.81520162072
2022-07-20 12:00:00+00:00,87230.97939127542
2022-07-20 16:00:00+00:00,85341.6516922633
2022-07-20 20:00:00+00:00,83736.90453324077
2022-07-21 00:00:00+00:00,82057.28728483613
2022-07-21 04:00:00+00:00,82216.95551827706
2022-07-21 08:00:00+00:00,81819.00006631287
2022-07-21 12:00:00+00:00,81854.12733216656
2022-07-21 16:00:00+00:00,82544.97886104952
2022-07-21 20:00:00+00:00,82337.87362109637
2022-07-22 00:00:00+00:00,81442.18029150812
2022-07-22 04:00:00+00:00,82199.05052131526
2022-07-22 08:00:00+00:00,83999.9397777232
2022-07-22 12:00:00+00:00,82843.13578033978
2022-07-22 16:00:00+00:00,80233.15626679937
2022-07-22 20:00:00+00:00,80331.3363945706
2022-07-23 00:00:00+00:00,80485.8882780943
2022-07-23 04:00:00+00:00,80444.29804707466
2022-07-23 08:00:00+00:00,79748.61083354235
2022-07-23 12:00:00+00:00,79734.02352666792
2022-07-23 16:00:00+00:00,79734.02352666792
2022-07-23 20:00:00+00:00,79734.02352666792
2022-07-24 00:00:00+00:00,79734.02352666792
2022-07-24 04:00:00+00:00,79734.02352666792
2022-07-24 08:00:00+00:00,79734.02352666792
2022-07-24 12:00:00+00:00,79734.02352666792
2022-07-24 16:00:00+00:00,79734.02352666792
2022-07-24 20:00:00+00:00,79734.02352666792
2022-07-25 00:00:00+00:00,79734.02352666792
2022-07-25 04:00:00+00:00,79734.02352666792
2022-07-25 08:00:00+00:00,79734.02352666792
2022-07-25 12:00:00+00:00,79734.02352666792
2022-07-25 16:00:00+00:00,79734.02352666792
2022-07-25 20:00:00+00:00,79734.02352666792
2022-07-26 00:00:00+00:00,79734.02352666792
2022-07-26 04:00:00+00:00,79734.02352666792
2022-07-26 08:00:00+00:00,79734.02352666792
2022-07-26 12:00:00+00:00,79734.02352666792
2022-07-26 16:00:00+00:00,79734.02352666792
2022-07-26 20:00:00+00:00,79734.02352666792
2022-07-27 00:00:00+00:00,79734.02352666792
2022-07-27 04:00:00+00:00,79734.02352666792
2022-07-27 08:00:00+00:00,79734.02352666792
2022-07-27 12:00:00+00:00,79734.02352666792
2022-07-27 16:00:00+00:00,79734.02352666792
2022-07-27 20:00:00+00:00,79734.02352666792
2022-07-28 00:00:00+00:00,79734.02352666792
2022-07-28 04:00:00+00:00,78775.57836759315
2022-07-28 08:00:00+00:00,78941.16907933402
2022-07-28 12:00:00+00:00,79624.40881568278
2022-07-28 16:00:00+00:00,79787.69070726253
2022-07-28 20:00:00+00:00,79975.57876281666
2022-07-29 00:00:00+00:00,80251.44276519844
2022-07-29 04:00:00+00:00,80383.66514860796
2022-07-29 08:00:00+00:00,79466.89257880527
2022-07-29 12:00:00+00:00,80638.23691551304
2022-07-29 16:00:00+00:00,80163.60367164126
2022-07-29 20:00:00+00:00,79675.98662069034
2022-07-30 00:00:00+00:00,79787.59889090482
2022-07-30 04:00:00+00:00,80070.94891598963
2022-07-30 08:00:00+00:00,80416.08388483092
2022-07-30 12:00:00+00:00,82742.15310058392
2022-07-30 16:00:00+00:00,80223.51531279646
2022-07-30 20:00:00+00:00,79053.67101346499
2022-07-31 00:00:00+00:00,79463.86359748228
2022-07-31 04:00:00+00:00,79350.82290428232
2022-07-31 08:00:00+00:00,79683.016842202
2022-07-31 12:00:00+00:00,79583.86165372533
2022-07-31 16:00:00+00:00,79858.75965048811
2022-07-31 20:00:00+00:00,77634.39053621603
2022-08-01 00:00:00+00:00,77716.69571373645
2022-08-01 04:00:00+00:00,77636.56047087786
2022-08-01 08:00:00+00:00,77485.59972643382
2022-08-01 12:00:00+00:00,77635.93803517436
2022-08-01 16:00:00+00:00,77072.2149954187
2022-08-01 20:00:00+00:00,77550.60605941854
2022-08-02 00:00:00+00:00,76920.92578866969
2022-08-02 04:00:00+00:00,76967.23827385131
2022-08-02 08:00:00+00:00,76958.46289272592
2022-08-02 12:00:00+00:00,77097.76562414174
2022-08-02 16:00:00+00:00,77053.95253186379
2022-08-02 20:00:00+00:00,77114.39266566977
2022-08-03 00:00:00+00:00,76927.4706383263
2022-08-03 04:00:00+00:00,77121.5669782187
2022-08-03 08:00:00+00:00,77751.80214408068
2022-08-03 12:00:00+00:00,77683.82649252916
2022-08-03 16:00:00+00:00,77838.52618135826
2022-08-03 20:00:00+00:00,76859.44484497949
2022-08-04 00:00:00+00:00,77292.75748588631
2022-08-04 04:00:00+00:00,77065.98630858488
2022-08-04 08:00:00+00:00,76969.40558934191
2022-08-04 12:00:00+00:00,76951.87761845118
2022-08-04 16:00:00+00:00,76951.87761845118
2022-08-04 20:00:00+00:00,76951.87761845118
2022-08-05 00:00:00+00:00,76951.87761845118
2022-08-05 04:00:00+00:00,76951.87761845118
2022-08-05 08:00:00+00:00,76951.87761845118
2022-08-05 12:00:00+00:00,76951.87761845118
2022-08-05 16:00:00+00:00,76951.87761845118
2022-08-05 20:00:00+00:00,76951.87761845118
2022-08-06 00:00:00+00:00,76951.87761845118
2022-08-06 04:00:00+00:00,76951.87761845118
2022-08-06 08:00:00+00:00,76951.87761845118
2022-08-06 12:00:00+00:00,76951.87761845118
2022-08-06 16:00:00+00:00,76951.87761845118
2022-08-06 20:00:00+00:00,76951.87761845118
2022-08-07 00:00:00+00:00,76951.87761845118
2022-08-07 04:00:00+00:00,76951.87761845118
2022-08-07 08:00:00+00:00,76951.87761845118
2022-08-07 12:00:00+00:00,76951.87761845118
2022-08-07 16:00:00+00:00,76951.87761845118
2022-08-07 20:00:00+00:00,76951.87761845118
2022-08-08 00:00:00+00:00,76951.87761845118
2022-08-08 04:00:00+00:00,76951.87761845118
2022-08-08 08:00:00+00:00,76951.87761845118
2022-08-08 12:00:00+00:00,76951.87761845118
2022-08-08 16:00:00+00:00,76951.87761845118
2022-08-08 20:00:00+00:00,76951.87761845118
2022-08-09 00:00:00+00:00,76951.87761845118
2022-08-09 04:00:00+00:00,76951.87761845118
2022-08-09 08:00:00+00:00,76951.87761845118
2022-08-09 12:00:00+00:00,76951.87761845118
2022-08-09 16:00:00+00:00,76951.87761845118
2022-08-09 20:00:00+00:00,76951.87761845118
2022-08-10 00:00:00+00:00,76951.87761845118
2022-08-10 04:00:00+00:00,76951.87761845118
2022-08-10 08:00:00+00:00,76951.87761845118
2022-08-10 12:00:00+00:00,76951.87761845118
2022-08-10 16:00:00+00:00,76951.87761845118
2022-08-10 20:00:00+00:00,76951.87761845118
2022-08-11 00:00:00+00:00,76951.87761845118
2022-08-11 04:00:00+00:00,76951.87761845118
2022-08-11 08:00:00+00:00,76951.87761845118
2022-08-11 12:00:00+00:00,76951.87761845118
2022-08-11 16:00:00+00:00,76951.87761845118
2022-08-11 20:00:00+00:00,76951.87761845118
2022-08-12 00:00:00+00:00,76951.87761845118
2022-08-12 04:00:00+00:00,76951.87761845118
2022-08-12 08:00:00+00:00,76951.87761845118
2022-08-12 12:00:00+00:00,76951.87761845118
2022-08-12 16:00:00+00:00,76951.87761845118
2022-08-12 20:00:00+00:00,76951.87761845118
2022-08-13 00:00:00+00:00,76951.87761845118
2022-08-13 04:00:00+00:00,76951.87761845118
2022-08-13 08:00:00+00:00,76951.87761845118
2022-08-13 12:00:00+00:00,76951.87761845118
2022-08-13 16:00:00+00:00,76951.87761845118
2022-08-13 20:00:00+00:00,76951.87761845118
2022-08-14 00:00:00+00:00,76951.87761845118
2022-08-14 04:00:00+00:00,76951.87761845118
2022-08-14 08:00:00+00:00,76951.87761845118
2022-08-14 12:00:00+00:00,76951.87761845118
2022-08-14 16:00:00+00:00,76951.87761845118
2022-08-14 20:00:00+00:00,76951.87761845118
2022-08-15 00:00:00+00:00,76951.87761845118
2022-08-15 04:00:00+00:00,76951.87761845118
2022-08-15 08:00:00+00:00,76951.87761845118
2022-08-15 12:00:00+00:00,76951.87761845118
2022-08-15 16:00:00+00:00,76951.87761845118
2022-08-15 20:00:00+00:00,76951.87761845118
2022-08-16 00:00:00+00:00,76951.87761845118
2022-08-16 04:00:00+00:00,76951.87761845118
2022-08-16 08:00:00+00:00,76951.87761845118
2022-08-16 12:00:00+00:00,76951.87761845118
2022-08-16 16:00:00+00:00,76951.87761845118
2022-08-16 20:00:00+00:00,76951.87761845118
2022-08-17 00:00:00+00:00,76951.87761845118
2022-08-17 04:00:00+00:00,76951.87761845118
2022-08-17 08:00:00+00:00,76951.87761845118
2022-08-17 12:00:00+00:00,76951.87761845118
2022-08-17 16:00:00+00:00,76951.87761845118
2022-08-17 20:00:00+00:00,76951.87761845118
2022-08-18 00:00:00+00:00,76951.87761845118
2022-08-18 04:00:00+00:00,76951.87761845118
2022-08-18 08:00:00+00:00,76951.87761845118
2022-08-18 12:00:00+00:00,76951.87761845118
2022-08-18 16:00:00+00:00,76951.87761845118
2022-08-18 20:00:00+00:00,76951.87761845118
2022-08-19 00:00:00+00:00,76951.87761845118
2022-08-19 04:00:00+00:00,76951.87761845118
2022-08-19 08:00:00+00:00,76844.54113742776
2022-08-19 12:00:00+00:00,76839.05381284638
2022-08-19 16:00:00+00:00,76812.25754507858
2022-08-19 20:00:00+00:00,76691.48638448524
2022-08-20 00:00:00+00:00,76688.88707164644
2022-08-20 04:00:00+00:00,76688.88707164644
2022-08-20 08:00:00+00:00,76688.88707164644
2022-08-20 12:00:00+00:00,76688.88707164644
2022-08-20 16:00:00+00:00,76688.88707164644
2022-08-20 20:00:00+00:00,76688.88707164644
2022-08-21 00:00:00+00:00,76688.88707164644
2022-08-21 04:00:00+00:00,76688.88707164644
2022-08-21 08:00:00+00:00,76688.88707164644
2022-08-21 12:00:00+00:00,76688.88707164644
2022-08-21 16:00:00+00:00,76688.88707164644
2022-08-21 20:00:00+00:00,76688.88707164644
2022-08-22 00:00:00+00:00,76688.88707164644
2022-08-22 04:00:00+00:00,76688.88707164644
2022-08-22 08:00:00+00:00,76688.88707164644
2022-08-22 12:00:00+00:00,76688.88707164644
2022-08-22 16:00:00+00:00,76688.88707164644
2022-08-22 20:00:00+00:00,76688.88707164644
2022-08-23 00:00:00+00:00,76688.88707164644
2022-08-23 04:00:00+00:00,76688.88707164644
2022-08-23 08:00:00+00:00,76688.88707164644
2022-08-23 12:00:00+00:00,76688.88707164644
2022-08-23 16:00:00+00:00,76688.88707164644
2022-08-23 20:00:00+00:00,76688.88707164644
2022-08-24 00:00:00+00:00,76688.88707164644
2022-08-24 04:00:00+00:00,76688.88707164644
2022-08-24 08:00:00+00:00,76688.88707164644
2022-08-24 12:00:00+00:00,76688.88707164644
2022-08-24 16:00:00+00:00,76688.88707164644
2022-08-24 20:00:00+00:00,76688.88707164644
2022-08-25 00:00:00+00:00,76688.88707164644
2022-08-25 04:00:00+00:00,76688.88707164644
2022-08-25 08:00:00+00:00,76688.88707164644
2022-08-25 12:00:00+00:00,76688.88707164644
2022-08-25 16:00:00+00:00,76688.88707164644
2022-08-25 20:00:00+00:00,76688.88707164644
2022-08-26 00:00:00+00:00,76688.88707164644
2022-08-26 04:00:00+00:00,76688.88707164644
2022-08-26 08:00:00+00:00,76688.88707164644
2022-08-26 12:00:00+00:00,76688.88707164644
2022-08-26 16:00:00+00:00,76688.88707164644
2022-08-26 20:00:00+00:00,76688.88707164644
2022-08-27 00:00:00+00:00,76688.88707164644
2022-08-27 04:00:00+00:00,76688.88707164644
2022-08-27 08:00:00+00:00,76688.88707164644
2022-08-27 12:00:00+00:00,76688.88707164644
2022-08-27 16:00:00+00:00,76688.88707164644
2022-08-27 20:00:00+00:00,76688.88707164644
2022-08-28 00:00:00+00:00,76688.88707164644
2022-08-28 04:00:00+00:00,76688.88707164644
2022-08-28 08:00:00+00:00,76688.88707164644
2022-08-28 12:00:00+00:00,76688.88707164644
2022-08-28 16:00:00+00:00,76688.88707164644
2022-08-28 20:00:00+00:00,76688.88707164644
2022-08-29 00:00:00+00:00,76688.88707164644
2022-08-29 04:00:00+00:00,76688.88707164644
2022-08-29 08:00:00+00:00,76688.88707164644
2022-08-29 12:00:00+00:00,76688.88707164644
2022-08-29 16:00:00+00:00,76688.88707164644
2022-08-29 20:00:00+00:00,76688.88707164644
2022-08-30 00:00:00+00:00,76688.88707164644
2022-08-30 04:00:00+00:00,76688.88707164644
2022-08-30 08:00:00+00:00,76688.88707164644
2022-08-30 12:00:00+00:00,76688.88707164644
2022-08-30 16:00:00+00:00,76688.88707164644
2022-08-30 20:00:00+00:00,76688.88707164644
2022-08-31 00:00:00+00:00,76688.88707164644
2022-08-31 04:00:00+00:00,76688.88707164644
2022-08-31 08:00:00+00:00,76688.88707164644
2022-08-31 12:00:00+00:00,76688.88707164644
2022-08-31 16:00:00+00:00,76688.88707164644
2022-08-31 20:00:00+00:00,76688.88707164644
2022-09-01 00:00:00+00:00,76688.88707164644
2022-09-01 04:00:00+00:00,76688.88707164644
2022-09-01 08:00:00+00:00,76688.88707164644
2022-09-01 12:00:00+00:00,76688.88707164644
2022-09-01 16:00:00+00:00,76688.88707164644
2022-09-01 20:00:00+00:00,76688.88707164644
2022-09-02 00:00:00+00:00,76688.88707164644
2022-09-02 04:00:00+00:00,76688.88707164644
2022-09-02 08:00:00+00:00,76688.88707164644
2022-09-02 12:00:00+00:00,76688.88707164644
2022-09-02 16:00:00+00:00,76688.88707164644
2022-09-02 20:00:00+00:00,76688.88707164644
2022-09-03 00:00:00+00:00,76688.88707164644
2022-09-03 04:00:00+00:00,76688.88707164644
2022-09-03 08:00:00+00:00,76688.88707164644
2022-09-03 12:00:00+00:00,76688.88707164644
2022-09-03 16:00:00+00:00,76688.88707164644
2022-09-03 20:00:00+00:00,76688.88707164644
2022-09-04 00:00:00+00:00,76688.88707164644
2022-09-04 04:00:00+00:00,76688.88707164644
2022-09-04 08:00:00+00:00,76688.88707164644
2022-09-04 12:00:00+00:00,76688.88707164644
2022-09-04 16:00:00+00:00,76688.88707164644
2022-09-04 20:00:00+00:00,76688.88707164644
2022-09-05 00:00:00+00:00,76688.88707164644
2022-09-05 04:00:00+00:00,76688.88707164644
2022-09-05 08:00:00+00:00,76688.88707164644
2022-09-05 12:00:00+00:00,76688.88707164644
2022-09-05 16:00:00+00:00,76688.88707164644
2022-09-05 20:00:00+00:00,76688.88707164644
2022-09-06 00:00:00+00:00,76688.88707164644
2022-09-06 04:00:00+00:00,76688.88707164644
2022-09-06 08:00:00+00:00,76688.88707164644
2022-09-06 12:00:00+00:00,76688.88707164644
2022-09-06 16:00:00+00:00,76688.88707164644
2022-09-06 20:00:00+00:00,76688.88707164644
2022-09-07 00:00:00+00:00,76688.88707164644
2022-09-07 04:00:00+00:00,76702.79302477637
2022-09-07 08:00:00+00:00,76683.87730031692
2022-09-07 12:00:00+00:00,76724.48778300211
2022-09-07 16:00:00+00:00,76760.50665121294
2022-09-07 20:00:00+00:00,76851.90853740319
2022-09-08 00:00:00+00:00,76828.86242161636
2022-09-08 04:00:00+00:00,76815.49036873833
2022-09-08 08:00:00+00:00,76856.63362884091
2022-09-08 12:00:00+00:00,76767.57146697275
2022-09-08 16:00:00+00:00,76895.15196949731
2022-09-08 20:00:00+00:00,76854.05021132003
2022-09-09 00:00:00+00:00,77649.6513609666
2022-09-09 04:00:00+00:00,77637.26280784824
2022-09-09 08:00:00+00:00,77637.26280784824
2022-09-09 12:00:00+00:00,77637.26280784824
2022-09-09 16:00:00+00:00,77637.26280784824
2022-09-09 20:00:00+00:00,77637.26280784824
2022-09-10 00:00:00+00:00,77637.26280784824
2022-09-10 04:00:00+00:00,77637.26280784824
2022-09-10 08:00:00+00:00,77637.26280784824
2022-09-10 12:00:00+00:00,77637.26280784824
2022-09-10 16:00:00+00:00,77637.26280784824
2022-09-10 20:00:00+00:00,77637.26280784824
2022-09-11 00:00:00+00:00,77637.26280784824
2022-09-11 04:00:00+00:00,77637.26280784824
2022-09-11 08:00:00+00:00,77637.26280784824
2022-09-11 12:00:00+00:00,77637.26280784824
2022-09-11 16:00:00+00:00,77406.47238533697
2022-09-11 20:00:00+00:00,78762.23053632722
2022-09-12 00:00:00+00:00,77633.79930852912
2022-09-12 04:00:00+00:00,81073.6526585439
2022-09-12 08:00:00+00:00,82004.98086932764
2022-09-12 12:00:00+00:00,80433.84816692391
2022-09-12 16:00:00+00:00,82207.54286459743
2022-09-12 20:00:00+00:00,82036.27004347667
2022-09-13 00:00:00+00:00,81077.12891361155
2022-09-13 04:00:00+00:00,81324.43940363768
2022-09-13 08:00:00+00:00,82772.80594614099
2022-09-13 12:00:00+00:00,72754.10999045093
2022-09-13 16:00:00+00:00,72695.53057068771
2022-09-13 20:00:00+00:00,72695.53057068771
2022-09-14 00:00:00+00:00,72695.53057068771
2022-09-14 04:00:00+00:00,72695.53057068771
2022-09-14 08:00:00+00:00,72695.53057068771
2022-09-14 12:00:00+00:00,72695.53057068771
2022-09-14 16:00:00+00:00,72695.53057068771
2022-09-14 20:00:00+00:00,72695.53057068771
2022-09-15 00:00:00+00:00,72695.53057068771
2022-09-15 04:00:00+00:00,72695.53057068771
2022-09-15 08:00:00+00:00,72695.53057068771
2022-09-15 12:00:00+00:00,72695.53057068771
2022-09-15 16:00:00+00:00,72695.53057068771
2022-09-15 20:00:00+00:00,72695.53057068771
2022-09-16 00:00:00+00:00,72695.53057068771
2022-09-16 04:00:00+00:00,72695.53057068771
2022-09-16 08:00:00+00:00,72695.53057068771
2022-09-16 12:00:00+00:00,72695.53057068771
2022-09-16 16:00:00+00:00,72695.53057068771
2022-09-16 20:00:00+00:00,72695.53057068771
2022-09-17 00:00:00+00:00,72695.53057068771
2022-09-17 04:00:00+00:00,72695.53057068771
2022-09-17 08:00:00+00:00,72695.53057068771
2022-09-17 12:00:00+00:00,72695.53057068771
2022-09-17 16:00:00+00:00,72695.53057068771
2022-09-17 20:00:00+00:00,72695.53057068771
2022-09-18 00:00:00+00:00,72695.53057068771
2022-09-18 04:00:00+00:00,72695.53057068771
2022-09-18 08:00:00+00:00,72695.53057068771
2022-09-18 12:00:00+00:00,72695.53057068771
2022-09-18 16:00:00+00:00,72695.53057068771
2022-09-18 20:00:00+00:00,72695.53057068771
2022-09-19 00:00:00+00:00,72695.53057068771
2022-09-19 04:00:00+00:00,72695.53057068771
2022-09-19 08:00:00+00:00,72695.53057068771
2022-09-19 12:00:00+00:00,72695.53057068771
2022-09-19 16:00:00+00:00,72695.53057068771
2022-09-19 20:00:00+00:00,72695.53057068771
2022-09-20 00:00:00+00:00,72695.53057068771
2022-09-20 04:00:00+00:00,72695.53057068771
2022-09-20 08:00:00+00:00,72695.53057068771
2022-09-20 12:00:00+00:00,72695.53057068771
2022-09-20 16:00:00+00:00,72695.53057068771
2022-09-20 20:00:00+00:00,72695.53057068771
2022-09-21 00:00:00+00:00,72695.53057068771
2022-09-21 04:00:00+00:00,72695.53057068771
2022-09-21 08:00:00+00:00,72695.53057068771
2022-09-21 12:00:00+00:00,72695.53057068771
2022-09-21 16:00:00+00:00,72695.53057068771
2022-09-21 20:00:00+00:00,72695.53057068771
2022-09-22 00:00:00+00:00,72695.53057068771
2022-09-22 04:00:00+00:00,72695.53057068771
2022-09-22 08:00:00+00:00,72695.53057068771
2022-09-22 12:00:00+00:00,72695.53057068771
2022-09-22 16:00:00+00:00,72695.53057068771
2022-09-22 20:00:00+00:00,72695.53057068771
2022-09-23 00:00:00+00:00,72695.53057068771
2022-09-23 04:00:00+00:00,72695.53057068771
2022-09-23 08:00:00+00:00,72695.53057068771
2022-09-23 12:00:00+00:00,72695.53057068771
2022-09-23 16:00:00+00:00,72695.53057068771
2022-09-23 20:00:00+00:00,72695.53057068771
2022-09-24 00:00:00+00:00,72695.53057068771
2022-09-24 04:00:00+00:00,72695.53057068771
2022-09-24 08:00:00+00:00,72695.53057068771
2022-09-24 12:00:00+00:00,72695.53057068771
2022-09-24 16:00:00+00:00,72695.53057068771
2022-09-24 20:00:00+00:00,72695.53057068771
2022-09-25 00:00:00+00:00,72695.53057068771
2022-09-25 04:00:00+00:00,72695.53057068771
2022-09-25 08:00:00+00:00,72695.53057068771
2022-09-25 12:00:00+00:00,72695.53057068771
2022-09-25 16:00:00+00:00,72695.53057068771
2022-09-25 20:00:00+00:00,72695.53057068771
2022-09-26 00:00:00+00:00,72695.53057068771
2022-09-26 04:00:00+00:00,72695.53057068771
2022-09-26 08:00:00+00:00,72695.53057068771
2022-09-26 12:00:00+00:00,72695.53057068771
2022-09-26 16:00:00+00:00,72695.53057068771
2022-09-26 20:00:00+00:00,72695.53057068771
2022-09-27 00:00:00+00:00,72695.53057068771
2022-09-27 04:00:00+00:00,72695.53057068771
2022-09-27 08:00:00+00:00,72695.53057068771
2022-09-27 12:00:00+00:00,72695.53057068771
2022-09-27 16:00:00+00:00,72695.53057068771
2022-09-27 20:00:00+00:00,72695.53057068771
2022-09-28 00:00:00+00:00,72695.53057068771
2022-09-28 04:00:00+00:00,72695.53057068771
2022-09-28 08:00:00+00:00,72695.53057068771
2022-09-28 12:00:00+00:00,72695.53057068771
2022-09-28 16:00:00+00:00,72695.53057068771
2022-09-28 20:00:00+00:00,72695.53057068771
2022-09-29 00:00:00+00:00,72695.53057068771
2022-09-29 04:00:00+00:00,72695.53057068771
2022-09-29 08:00:00+00:00,72695.53057068771
2022-09-29 12:00:00+00:00,72695.53057068771
2022-09-29 16:00:00+00:00,72695.53057068771
2022-09-29 20:00:00+00:00,72695.53057068771
2022-09-30 00:00:00+00:00,72695.53057068771
2022-09-30 04:00:00+00:00,72695.53057068771
2022-09-30 08:00:00+00:00,72695.53057068771
2022-09-30 12:00:00+00:00,72695.53057068771
2022-09-30 16:00:00+00:00,72695.53057068771
2022-09-30 20:00:00+00:00,72695.53057068771
2022-10-01 00:00:00+00:00,72695.53057068771
2022-10-01 04:00:00+00:00,72695.53057068771
2022-10-01 08:00:00+00:00,72695.53057068771
2022-10-01 12:00:00+00:00,72695.53057068771
2022-10-01 16:00:00+00:00,72695.53057068771
2022-10-01 20:00:00+00:00,72695.53057068771
2022-10-02 00:00:00+00:00,72695.53057068771
2022-10-02 04:00:00+00:00,72695.53057068771
2022-10-02 08:00:00+00:00,72695.53057068771
2022-10-02 12:00:00+00:00,72695.53057068771
2022-10-02 16:00:00+00:00,72695.53057068771
2022-10-02 20:00:00+00:00,72695.53057068771
2022-10-03 00:00:00+00:00,72695.53057068771
2022-10-03 04:00:00+00:00,72695.53057068771
2022-10-03 08:00:00+00:00,72695.53057068771
2022-10-03 12:00:00+00:00,72695.53057068771
2022-10-03 16:00:00+00:00,72695.53057068771
2022-10-03 20:00:00+00:00,72695.53057068771
2022-10-04 00:00:00+00:00,72695.53057068771
2022-10-04 04:00:00+00:00,72695.53057068771
2022-10-04 08:00:00+00:00,72695.53057068771
2022-10-04 12:00:00+00:00,72695.53057068771
2022-10-04 16:00:00+00:00,72695.53057068771
2022-10-04 20:00:00+00:00,72695.53057068771
2022-10-05 00:00:00+00:00,72695.53057068771
2022-10-05 04:00:00+00:00,72695.53057068771
2022-10-05 08:00:00+00:00,72695.53057068771
2022-10-05 12:00:00+00:00,72695.53057068771
2022-10-05 16:00:00+00:00,72695.53057068771
2022-10-05 20:00:00+00:00,72695.53057068771
2022-10-06 00:00:00+00:00,72695.53057068771
2022-10-06 04:00:00+00:00,72695.53057068771
2022-10-06 08:00:00+00:00,72695.53057068771
2022-10-06 12:00:00+00:00,72695.53057068771
2022-10-06 16:00:00+00:00,72695.53057068771
2022-10-06 20:00:00+00:00,72695.53057068771
2022-10-07 00:00:00+00:00,72695.53057068771
2022-10-07 04:00:00+00:00,72695.53057068771
2022-10-07 08:00:00+00:00,72695.53057068771
2022-10-07 12:00:00+00:00,72695.53057068771
2022-10-07 16:00:00+00:00,72695.53057068771
2022-10-07 20:00:00+00:00,72695.53057068771
2022-10-08 00:00:00+00:00,72695.53057068771
2022-10-08 04:00:00+00:00,72695.53057068771
2022-10-08 08:00:00+00:00,72695.53057068771
2022-10-08 12:00:00+00:00,72695.53057068771
2022-10-08 16:00:00+00:00,72695.53057068771
2022-10-08 20:00:00+00:00,72695.53057068771
2022-10-09 00:00:00+00:00,72695.53057068771
2022-10-09 04:00:00+00:00,72695.53057068771
2022-10-09 08:00:00+00:00,72695.53057068771
2022-10-09 12:00:00+00:00,72695.53057068771
2022-10-09 16:00:00+00:00,72695.53057068771
2022-10-09 20:00:00+00:00,72695.53057068771
2022-10-10 00:00:00+00:00,72695.53057068771
2022-10-10 04:00:00+00:00,72695.53057068771
2022-10-10 08:00:00+00:00,72695.53057068771
2022-10-10 12:00:00+00:00,72695.53057068771
2022-10-10 16:00:00+00:00,72695.53057068771
2022-10-10 20:00:00+00:00,72695.53057068771
2022-10-11 00:00:00+00:00,72695.53057068771
2022-10-11 04:00:00+00:00,72695.53057068771
2022-10-11 08:00:00+00:00,72695.53057068771
2022-10-11 12:00:00+00:00,72695.53057068771
2022-10-11 16:00:00+00:00,72695.53057068771
2022-10-11 20:00:00+00:00,72695.53057068771
2022-10-12 00:00:00+00:00,72695.53057068771
2022-10-12 04:00:00+00:00,72695.53057068771
2022-10-12 08:00:00+00:00,72695.53057068771
2022-10-12 12:00:00+00:00,72695.53057068771
2022-10-12 16:00:00+00:00,72695.53057068771
2022-10-12 20:00:00+00:00,72695.53057068771
2022-10-13 00:00:00+00:00,72695.53057068771
2022-10-13 04:00:00+00:00,72695.53057068771
2022-10-13 08:00:00+00:00,72695.53057068771
2022-10-13 12:00:00+00:00,72695.53057068771
2022-10-13 16:00:00+00:00,72695.53057068771
2022-10-13 20:00:00+00:00,72695.53057068771
2022-10-14 00:00:00+00:00,72695.53057068771
2022-10-14 04:00:00+00:00,72695.53057068771
2022-10-14 08:00:00+00:00,72695.53057068771
2022-10-14 12:00:00+00:00,72695.53057068771
2022-10-14 16:00:00+00:00,72695.53057068771
2022-10-14 20:00:00+00:00,72695.53057068771
2022-10-15 00:00:00+00:00,72695.53057068771
2022-10-15 04:00:00+00:00,72695.53057068771
2022-10-15 08:00:00+00:00,72695.53057068771
2022-10-15 12:00:00+00:00,72695.53057068771
2022-10-15 16:00:00+00:00,72695.53057068771
2022-10-15 20:00:00+00:00,72695.53057068771
2022-10-16 00:00:00+00:00,72695.53057068771
2022-10-16 04:00:00+00:00,72695.53057068771
2022-10-16 08:00:00+00:00,72695.53057068771
2022-10-16 12:00:00+00:00,72695.53057068771
2022-10-16 16:00:00+00:00,72695.53057068771
2022-10-16 20:00:00+00:00,72695.53057068771
2022-10-17 00:00:00+00:00,72695.53057068771
2022-10-17 04:00:00+00:00,72695.53057068771
2022-10-17 08:00:00+00:00,72695.53057068771
2022-10-17 12:00:00+00:00,72695.53057068771
2022-10-17 16:00:00+00:00,72695.53057068771
2022-10-17 20:00:00+00:00,72695.53057068771
2022-10-18 00:00:00+00:00,72695.53057068771
2022-10-18 04:00:00+00:00,72695.53057068771
2022-10-18 08:00:00+00:00,72695.53057068771
2022-10-18 12:00:00+00:00,72695.53057068771
2022-10-18 16:00:00+00:00,72695.53057068771
2022-10-18 20:00:00+00:00,72695.53057068771
2022-10-19 00:00:00+00:00,72695.53057068771
2022-10-19 04:00:00+00:00,72695.53057068771
2022-10-19 08:00:00+00:00,72695.53057068771
2022-10-19 12:00:00+00:00,72695.53057068771
2022-10-19 16:00:00+00:00,72695.53057068771
2022-10-19 20:00:00+00:00,72695.53057068771
2022-10-20 00:00:00+00:00,72695.53057068771
2022-10-20 04:00:00+00:00,72695.53057068771
2022-10-20 08:00:00+00:00,72695.53057068771
2022-10-20 12:00:00+00:00,72695.53057068771
2022-10-20 16:00:00+00:00,72695.53057068771
2022-10-20 20:00:00+00:00,72695.53057068771
2022-10-21 00:00:00+00:00,72695.53057068771
2022-10-21 04:00:00+00:00,72695.53057068771
2022-10-21 08:00:00+00:00,72695.53057068771
2022-10-21 12:00:00+00:00,72695.53057068771
2022-10-21 16:00:00+00:00,72695.53057068771
2022-10-21 20:00:00+00:00,72695.53057068771
2022-10-22 00:00:00+00:00,72695.53057068771
2022-10-22 04:00:00+00:00,72695.53057068771
2022-10-22 08:00:00+00:00,72695.53057068771
2022-10-22 12:00:00+00:00,72695.53057068771
2022-10-22 16:00:00+00:00,72695.53057068771
2022-10-22 20:00:00+00:00,72695.53057068771
2022-10-23 00:00:00+00:00,72695.53057068771
2022-10-23 04:00:00+00:00,72695.53057068771
2022-10-23 08:00:00+00:00,72695.53057068771
2022-10-23 12:00:00+00:00,72695.53057068771
2022-10-23 16:00:00+00:00,72695.53057068771
2022-10-23 20:00:00+00:00,72695.53057068771
2022-10-24 00:00:00+00:00,72695.53057068771
2022-10-24 04:00:00+00:00,72695.53057068771
2022-10-24 08:00:00+00:00,72695.53057068771
2022-10-24 12:00:00+00:00,72695.53057068771
2022-10-24 16:00:00+00:00,72695.53057068771
2022-10-24 20:00:00+00:00,72695.53057068771
2022-10-25 00:00:00+00:00,72695.53057068771
2022-10-25 04:00:00+00:00,72695.53057068771
2022-10-25 08:00:00+00:00,72695.53057068771
2022-10-25 12:00:00+00:00,72695.53057068771
2022-10-25 16:00:00+00:00,72695.53057068771
2022-10-25 20:00:00+00:00,72695.53057068771
2022-10-26 00:00:00+00:00,74720.66572335236
2022-10-26 04:00:00+00:00,75951.18307889166
2022-10-26 08:00:00+00:00,79368.50287315171
2022-10-26 12:00:00+00:00,82607.14942072715
2022-10-26 16:00:00+00:00,81459.76740864987
2022-10-26 20:00:00+00:00,81513.41429874896
2022-10-27 00:00:00+00:00,81320.70795936514
2022-10-27 04:00:00+00:00,80761.5381222442
2022-10-27 08:00:00+00:00,79530.73931019215
2022-10-27 12:00:00+00:00,78731.59327096558
2022-10-27 16:00:00+00:00,79613.81662063856
2022-10-27 20:00:00+00:00,75087.52150919601
2022-10-28 00:00:00+00:00,75029.15199078916
2022-10-28 04:00:00+00:00,73322.90008714957
2022-10-28 08:00:00+00:00,73529.53125284986
2022-10-28 12:00:00+00:00,74388.70829715951
2022-10-28 16:00:00+00:00,75283.25432591404
2022-10-28 20:00:00+00:00,75172.7284113953
2022-10-29 00:00:00+00:00,76405.7778283977
2022-10-29 04:00:00+00:00,76565.65828404466
2022-10-29 08:00:00+00:00,75947.27802420806
2022-10-29 12:00:00+00:00,77719.5853659684
2022-10-29 16:00:00+00:00,77024.44889931522
2022-10-29 20:00:00+00:00,76782.67074324742
2022-10-30 00:00:00+00:00,76556.56784039005
2022-10-30 04:00:00+00:00,77149.54686507973
2022-10-30 08:00:00+00:00,76489.08838798449
2022-10-30 12:00:00+00:00,75755.3814621914
2022-10-30 16:00:00+00:00,75508.17437394761
2022-10-30 20:00:00+00:00,75337.43074540564
2022-10-31 00:00:00+00:00,74488.59686045388
2022-10-31 04:00:00+00:00,74717.4621351165
2022-10-31 08:00:00+00:00,76157.93208955684
2022-10-31 12:00:00+00:00,73536.30733259102
2022-10-31 16:00:00+00:00,73398.31964015533
2022-10-31 20:00:00+00:00,73739.07414233345
2022-11-01 00:00:00+00:00,73709.1123944095
2022-11-01 04:00:00+00:00,74037.55127755659
2022-11-01 08:00:00+00:00,73821.6193106849
2022-11-01 12:00:00+00:00,73611.50118333891
2022-11-01 16:00:00+00:00,73619.05632105224
2022-11-01 20:00:00+00:00,73711.62858017303
2022-11-02 00:00:00+00:00,73816.37493076068
2022-11-02 04:00:00+00:00,73549.11233044823
2022-11-02 08:00:00+00:00,73572.75695647056
2022-11-02 12:00:00+00:00,73509.74408169613
2022-11-02 16:00:00+00:00,73066.51175204625
2022-11-02 20:00:00+00:00,72786.80523140581
2022-11-03 00:00:00+00:00,73226.98466754744
2022-11-03 04:00:00+00:00,73211.4867648421
2022-11-03 08:00:00+00:00,72742.121190776
2022-11-03 12:00:00+00:00,73065.73942778158
2022-11-03 16:00:00+00:00,73097.02006314456
2022-11-03 20:00:00+00:00,72947.50463362571
2022-11-04 00:00:00+00:00,73248.39876322822
2022-11-04 04:00:00+00:00,74062.16055868188
2022-11-04 08:00:00+00:00,73485.72422059468
2022-11-04 12:00:00+00:00,76029.31879508484
2022-11-04 16:00:00+00:00,78480.57510152644
2022-11-04 20:00:00+00:00,78858.25406769884
2022-11-05 00:00:00+00:00,81658.80596688332
2022-11-05 04:00:00+00:00,80939.83630787552
2022-11-05 08:00:00+00:00,81165.71473045033
2022-11-05 12:00:00+00:00,79976.3594090725
2022-11-05 16:00:00+00:00,80213.12528575702
2022-11-05 20:00:00+00:00,79934.1954329317
2022-11-06 00:00:00+00:00,79367.03856889631
2022-11-06 04:00:00+00:00,79002.09378190605
2022-11-06 08:00:00+00:00,79524.77474962929
2022-11-06 12:00:00+00:00,79407.0987717084
2022-11-06 16:00:00+00:00,78981.91319339702
2022-11-06 20:00:00+00:00,76474.23237855517
2022-11-07 00:00:00+00:00,76440.2075108549
2022-11-07 04:00:00+00:00,75492.60676070981
2022-11-07 08:00:00+00:00,75457.60415828592
2022-11-07 12:00:00+00:00,75457.60415828592
2022-11-07 16:00:00+00:00,75457.60415828592
2022-11-07 20:00:00+00:00,75457.60415828592
2022-11-08 00:00:00+00:00,75457.60415828592
2022-11-08 04:00:00+00:00,75457.60415828592
2022-11-08 08:00:00+00:00,75457.60415828592
2022-11-08 12:00:00+00:00,75457.60415828592
2022-11-08 16:00:00+00:00,75457.60415828592
2022-11-08 20:00:00+00:00,75457.60415828592
2022-11-09 00:00:00+00:00,75457.60415828592
2022-11-09 04:00:00+00:00,75457.60415828592
2022-11-09 08:00:00+00:00,75457.60415828592
2022-11-09 12:00:00+00:00,75457.60415828592
2022-11-09 16:00:00+00:00,75457.60415828592
2022-11-09 20:00:00+00:00,75457.60415828592
2022-11-10 00:00:00+00:00,75457.60415828592
2022-11-10 04:00:00+00:00,75457.60415828592
2022-11-10 08:00:00+00:00,75457.60415828592
2022-11-10 12:00:00+00:00,75457.60415828592
2022-11-10 16:00:00+00:00,75457.60415828592
2022-11-10 20:00:00+00:00,75457.60415828592
2022-11-11 00:00:00+00:00,75457.60415828592
2022-11-11 04:00:00+00:00,75457.60415828592
2022-11-11 08:00:00+00:00,75457.60415828592
2022-11-11 12:00:00+00:00,75457.60415828592
2022-11-11 16:00:00+00:00,75457.60415828592
2022-11-11 20:00:00+00:00,75457.60415828592
2022-11-12 00:00:00+00:00,75457.60415828592
2022-11-12 04:00:00+00:00,75457.60415828592
2022-11-12 08:00:00+00:00,75457.60415828592
2022-11-12 12:00:00+00:00,75457.60415828592
2022-11-12 16:00:00+00:00,75457.60415828592
2022-11-12 20:00:00+00:00,75457.60415828592
2022-11-13 00:00:00+00:00,75457.60415828592
2022-11-13 04:00:00+00:00,75457.60415828592
2022-11-13 08:00:00+00:00,75457.60415828592
2022-11-13 12:00:00+00:00,75457.60415828592
2022-11-13 16:00:00+00:00,75457.60415828592
2022-11-13 20:00:00+00:00,75457.60415828592
2022-11-14 00:00:00+00:00,75457.60415828592
2022-11-14 04:00:00+00:00,75457.60415828592
2022-11-14 08:00:00+00:00,75457.60415828592
2022-11-14 12:00:00+00:00,75457.60415828592
2022-11-14 16:00:00+00:00,75457.60415828592
2022-11-14 20:00:00+00:00,75457.60415828592
2022-11-15 00:00:00+00:00,75457.60415828592
2022-11-15 04:00:00+00:00,75457.60415828592
2022-11-15 08:00:00+00:00,75457.60415828592
2022-11-15 12:00:00+00:00,75457.60415828592
2022-11-15 16:00:00+00:00,75457.60415828592
2022-11-15 20:00:00+00:00,75457.60415828592
2022-11-16 00:00:00+00:00,75457.60415828592
2022-11-16 04:00:00+00:00,75457.60415828592
2022-11-16 08:00:00+00:00,75457.60415828592
2022-11-16 12:00:00+00:00,75457.60415828592
2022-11-16 16:00:00+00:00,75457.60415828592
2022-11-16 20:00:00+00:00,75457.60415828592
2022-11-17 00:00:00+00:00,75457.60415828592
2022-11-17 04:00:00+00:00,75457.60415828592
2022-11-17 08:00:00+00:00,75457.60415828592
2022-11-17 12:00:00+00:00,75457.60415828592
2022-11-17 16:00:00+00:00,75457.60415828592
2022-11-17 20:00:00+00:00,75457.60415828592
2022-11-18 00:00:00+00:00,75457.60415828592
2022-11-18 04:00:00+00:00,75457.60415828592
2022-11-18 08:00:00+00:00,75457.60415828592
2022-11-18 12:00:00+00:00,75457.60415828592
2022-11-18 16:00:00+00:00,75457.60415828592
2022-11-18 20:00:00+00:00,75457.60415828592
2022-11-19 00:00:00+00:00,75457.60415828592
2022-11-19 04:00:00+00:00,75457.60415828592
2022-11-19 08:00:00+00:00,75457.60415828592
2022-11-19 12:00:00+00:00,75457.60415828592
2022-11-19 16:00:00+00:00,75457.60415828592
2022-11-19 20:00:00+00:00,75457.60415828592
2022-11-20 00:00:00+00:00,75457.60415828592
2022-11-20 04:00:00+00:00,75457.60415828592
2022-11-20 08:00:00+00:00,75457.60415828592
2022-11-20 12:00:00+00:00,75457.60415828592
2022-11-20 16:00:00+00:00,75457.60415828592
2022-11-20 20:00:00+00:00,75457.60415828592
2022-11-21 00:00:00+00:00,75457.60415828592
2022-11-21 04:00:00+00:00,75457.60415828592
2022-11-21 08:00:00+00:00,75457.60415828592
2022-11-21 12:00:00+00:00,75457.60415828592
2022-11-21 16:00:00+00:00,75457.60415828592
2022-11-21 20:00:00+00:00,75534.65402522206
2022-11-22 00:00:00+00:00,75523.0755413682
2022-11-22 04:00:00+00:00,75523.0755413682
2022-11-22 08:00:00+00:00,75523.0755413682
2022-11-22 12:00:00+00:00,75523.0755413682
2022-11-22 16:00:00+00:00,75523.0755413682
2022-11-22 20:00:00+00:00,75523.0755413682
2022-11-23 00:00:00+00:00,75523.0755413682
2022-11-23 04:00:00+00:00,75523.0755413682
2022-11-23 08:00:00+00:00,75523.0755413682
2022-11-23 12:00:00+00:00,75523.0755413682
2022-11-23 16:00:00+00:00,75523.0755413682
2022-11-23 20:00:00+00:00,75523.0755413682
2022-11-24 00:00:00+00:00,75523.0755413682
2022-11-24 04:00:00+00:00,75523.0755413682
2022-11-24 08:00:00+00:00,75523.0755413682
2022-11-24 12:00:00+00:00,75523.0755413682
2022-11-24 16:00:00+00:00,75523.0755413682
2022-11-24 20:00:00+00:00,75523.0755413682
2022-11-25 00:00:00+00:00,75523.0755413682
2022-11-25 04:00:00+00:00,75523.0755413682
2022-11-25 08:00:00+00:00,75523.0755413682
2022-11-25 12:00:00+00:00,75523.0755413682
2022-11-25 16:00:00+00:00,75523.0755413682
2022-11-25 20:00:00+00:00,75523.0755413682
2022-11-26 00:00:00+00:00,75523.0755413682
2022-11-26 04:00:00+00:00,75523.0755413682
2022-11-26 08:00:00+00:00,75523.0755413682
2022-11-26 12:00:00+00:00,75523.0755413682
2022-11-26 16:00:00+00:00,75523.0755413682
2022-11-26 20:00:00+00:00,75523.0755413682
2022-11-27 00:00:00+00:00,75523.0755413682
2022-11-27 04:00:00+00:00,75523.0755413682
2022-11-27 08:00:00+00:00,75523.0755413682
2022-11-27 12:00:00+00:00,75523.0755413682
2022-11-27 16:00:00+00:00,75523.0755413682
2022-11-27 20:00:00+00:00,75523.0755413682
2022-11-28 00:00:00+00:00,75523.0755413682
2022-11-28 04:00:00+00:00,75523.0755413682
2022-11-28 08:00:00+00:00,75523.0755413682
2022-11-28 12:00:00+00:00,75523.0755413682
2022-11-28 16:00:00+00:00,75523.0755413682
2022-11-28 20:00:00+00:00,75523.0755413682
2022-11-29 00:00:00+00:00,75523.0755413682
2022-11-29 04:00:00+00:00,75523.0755413682
2022-11-29 08:00:00+00:00,75523.0755413682
2022-11-29 12:00:00+00:00,75523.0755413682
2022-11-29 16:00:00+00:00,75523.0755413682
2022-11-29 20:00:00+00:00,75523.0755413682
2022-11-30 00:00:00+00:00,75523.0755413682
2022-11-30 04:00:00+00:00,75523.0755413682
2022-11-30 08:00:00+00:00,75523.0755413682
2022-11-30 12:00:00+00:00,75523.0755413682
2022-11-30 16:00:00+00:00,75523.0755413682
2022-11-30 20:00:00+00:00,75523.0755413682
2022-12-01 00:00:00+00:00,75523.0755413682
2022-12-01 04:00:00+00:00,75523.0755413682
2022-12-01 08:00:00+00:00,75523.0755413682
2022-12-01 12:00:00+00:00,75523.0755413682
2022-12-01 16:00:00+00:00,75523.0755413682
2022-12-01 20:00:00+00:00,75523.0755413682
2022-12-02 00:00:00+00:00,75523.0755413682
2022-12-02 04:00:00+00:00,75523.0755413682
2022-12-02 08:00:00+00:00,75523.0755413682
2022-12-02 12:00:00+00:00,75523.0755413682
2022-12-02 16:00:00+00:00,75523.0755413682
2022-12-02 20:00:00+00:00,75523.0755413682
2022-12-03 00:00:00+00:00,75523.0755413682
2022-12-03 04:00:00+00:00,75523.0755413682
2022-12-03 08:00:00+00:00,75523.0755413682
2022-12-03 12:00:00+00:00,75523.0755413682
2022-12-03 16:00:00+00:00,75523.0755413682
2022-12-03 20:00:00+00:00,75523.0755413682
2022-12-04 00:00:00+00:00,75523.0755413682
2022-12-04 04:00:00+00:00,75523.0755413682
2022-12-04 08:00:00+00:00,75523.0755413682
2022-12-04 12:00:00+00:00,75523.0755413682
2022-12-04 16:00:00+00:00,75523.0755413682
2022-12-04 20:00:00+00:00,75523.0755413682
2022-12-05 00:00:00+00:00,75523.0755413682
2022-12-05 04:00:00+00:00,75523.0755413682
2022-12-05 08:00:00+00:00,75523.0755413682
2022-12-05 12:00:00+00:00,75523.0755413682
2022-12-05 16:00:00+00:00,75523.0755413682
2022-12-05 20:00:00+00:00,75523.0755413682
2022-12-06 00:00:00+00:00,75523.0755413682
2022-12-06 04:00:00+00:00,75523.0755413682
2022-12-06 08:00:00+00:00,75523.0755413682
2022-12-06 12:00:00+00:00,75523.0755413682
2022-12-06 16:00:00+00:00,75523.0755413682
2022-12-06 20:00:00+00:00,75523.0755413682
2022-12-07 00:00:00+00:00,75523.0755413682
2022-12-07 04:00:00+00:00,75523.0755413682
2022-12-07 08:00:00+00:00,75523.0755413682
2022-12-07 12:00:00+00:00,75523.0755413682
2022-12-07 16:00:00+00:00,75523.0755413682
2022-12-07 20:00:00+00:00,75523.0755413682
2022-12-08 00:00:00+00:00,75523.0755413682
2022-12-08 04:00:00+00:00,75523.0755413682
2022-12-08 08:00:00+00:00,75523.0755413682
2022-12-08 12:00:00+00:00,75523.0755413682
2022-12-08 16:00:00+00:00,75523.0755413682
2022-12-08 20:00:00+00:00,75523.0755413682
2022-12-09 00:00:00+00:00,75523.0755413682
2022-12-09 04:00:00+00:00,75523.0755413682
2022-12-09 08:00:00+00:00,75523.0755413682
2022-12-09 12:00:00+00:00,75523.0755413682
2022-12-09 16:00:00+00:00,75523.0755413682
2022-12-09 20:00:00+00:00,75523.0755413682
2022-12-10 00:00:00+00:00,75523.0755413682
2022-12-10 04:00:00+00:00,75523.0755413682
2022-12-10 08:00:00+00:00,75523.0755413682
2022-12-10 12:00:00+00:00,75523.0755413682
2022-12-10 16:00:00+00:00,75523.0755413682
2022-12-10 20:00:00+00:00,75523.0755413682
2022-12-11 00:00:00+00:00,75523.0755413682
2022-12-11 04:00:00+00:00,75523.0755413682
2022-12-11 08:00:00+00:00,75523.0755413682
2022-12-11 12:00:00+00:00,75523.0755413682
2022-12-11 16:00:00+00:00,75523.0755413682
2022-12-11 20:00:00+00:00,75523.0755413682
2022-12-12 00:00:00+00:00,75523.0755413682
2022-12-12 04:00:00+00:00,75523.0755413682
2022-12-12 08:00:00+00:00,75523.0755413682
2022-12-12 12:00:00+00:00,75523.0755413682
2022-12-12 16:00:00+00:00,75523.0755413682
2022-12-12 20:00:00+00:00,75523.0755413682
2022-12-13 00:00:00+00:00,75523.0755413682
2022-12-13 04:00:00+00:00,75523.0755413682
2022-12-13 08:00:00+00:00,75523.0755413682
2022-12-13 12:00:00+00:00,75523.0755413682
2022-12-13 16:00:00+00:00,75523.0755413682
2022-12-13 20:00:00+00:00,75523.0755413682
2022-12-14 00:00:00+00:00,75523.0755413682
2022-12-14 04:00:00+00:00,75523.0755413682
2022-12-14 08:00:00+00:00,75635.81433163215
2022-12-14 12:00:00+00:00,79991.29859653651
2022-12-14 16:00:00+00:00,74733.18280135677
2022-12-14 20:00:00+00:00,74838.72077256227
2022-12-15 00:00:00+00:00,73895.94556030941
2022-12-15 04:00:00+00:00,73445.67099151004
2022-12-15 08:00:00+00:00,73726.21091957067
2022-12-15 12:00:00+00:00,70396.65649807462
2022-12-15 16:00:00+00:00,70368.35479026484
2022-12-15 20:00:00+00:00,70062.68714381228
2022-12-16 00:00:00+00:00,70305.93222320116
2022-12-16 04:00:00+00:00,70600.7668754136
2022-12-16 08:00:00+00:00,68776.09261049615
2022-12-16 12:00:00+00:00,68743.62853260568
2022-12-16 16:00:00+00:00,68743.62853260568
2022-12-16 20:00:00+00:00,68743.62853260568
2022-12-17 00:00:00+00:00,68743.62853260568
2022-12-17 04:00:00+00:00,68743.62853260568
2022-12-17 08:00:00+00:00,68743.62853260568
2022-12-17 12:00:00+00:00,68743.62853260568
2022-12-17 16:00:00+00:00,68743.62853260568
2022-12-17 20:00:00+00:00,68743.62853260568
2022-12-18 00:00:00+00:00,68743.62853260568
2022-12-18 04:00:00+00:00,68743.62853260568
2022-12-18 08:00:00+00:00,68743.62853260568
2022-12-18 12:00:00+00:00,68743.62853260568
2022-12-18 16:00:00+00:00,68743.62853260568
2022-12-18 20:00:00+00:00,68743.62853260568
2022-12-19 00:00:00+00:00,68743.62853260568
2022-12-19 04:00:00+00:00,68743.62853260568
2022-12-19 08:00:00+00:00,68743.62853260568
2022-12-19 12:00:00+00:00,68743.62853260568
2022-12-19 16:00:00+00:00,68743.62853260568
2022-12-19 20:00:00+00:00,68743.62853260568
2022-12-20 00:00:00+00:00,68743.62853260568
2022-12-20 04:00:00+00:00,68743.62853260568
2022-12-20 08:00:00+00:00,68743.62853260568
2022-12-20 12:00:00+00:00,68743.62853260568
2022-12-20 16:00:00+00:00,68743.62853260568
2022-12-20 20:00:00+00:00,68743.62853260568
2022-12-21 00:00:00+00:00,68743.62853260568
2022-12-21 04:00:00+00:00,68743.62853260568
2022-12-21 08:00:00+00:00,68743.62853260568
2022-12-21 12:00:00+00:00,68743.62853260568
2022-12-21 16:00:00+00:00,68743.62853260568
2022-12-21 20:00:00+00:00,68743.62853260568
2022-12-22 00:00:00+00:00,68743.62853260568
2022-12-22 04:00:00+00:00,68743.62853260568
2022-12-22 08:00:00+00:00,68743.62853260568
2022-12-22 12:00:00+00:00,68743.62853260568
2022-12-22 16:00:00+00:00,68743.62853260568
2022-12-22 20:00:00+00:00,68743.62853260568
2022-12-23 00:00:00+00:00,68743.62853260568
2022-12-23 04:00:00+00:00,68743.62853260568
2022-12-23 08:00:00+00:00,68743.62853260568
2022-12-23 12:00:00+00:00,68743.62853260568
2022-12-23 16:00:00+00:00,68743.62853260568
2022-12-23 20:00:00+00:00,68743.62853260568
2022-12-24 00:00:00+00:00,68743.62853260568
2022-12-24 04:00:00+00:00,68743.62853260568
2022-12-24 08:00:00+00:00,68743.62853260568
2022-12-24 12:00:00+00:00,68743.62853260568
2022-12-24 16:00:00+00:00,68743.62853260568
2022-12-24 20:00:00+00:00,68743.62853260568
2022-12-25 00:00:00+00:00,68743.62853260568
2022-12-25 04:00:00+00:00,68743.62853260568
2022-12-25 08:00:00+00:00,68743.62853260568
2022-12-25 12:00:00+00:00,68743.62853260568
2022-12-25 16:00:00+00:00,68743.62853260568
2022-12-25 20:00:00+00:00,68743.62853260568
2022-12-26 00:00:00+00:00,68743.62853260568
2022-12-26 04:00:00+00:00,68743.62853260568
2022-12-26 08:00:00+00:00,68743.62853260568
2022-12-26 12:00:00+00:00,68743.62853260568
2022-12-26 16:00:00+00:00,68743.62853260568
2022-12-26 20:00:00+00:00,68743.62853260568
2022-12-27 00:00:00+00:00,68743.62853260568
2022-12-27 04:00:00+00:00,68743.62853260568
2022-12-27 08:00:00+00:00,68743.62853260568
2022-12-27 12:00:00+00:00,68743.62853260568
2022-12-27 16:00:00+00:00,68743.62853260568
2022-12-27 20:00:00+00:00,68743.62853260568
2022-12-28 00:00:00+00:00,68743.62853260568
2022-12-28 04:00:00+00:00,68743.62853260568
2022-12-28 08:00:00+00:00,68743.62853260568
2022-12-28 12:00:00+00:00,68743.62853260568
2022-12-28 16:00:00+00:00,68743.62853260568
2022-12-28 20:00:00+00:00,68743.62853260568
2022-12-29 00:00:00+00:00,68743.62853260568
2022-12-29 04:00:00+00:00,68743.62853260568
2022-12-29 08:00:00+00:00,68743.62853260568
2022-12-29 12:00:00+00:00,68743.62853260568
2022-12-29 16:00:00+00:00,68743.62853260568
2022-12-29 20:00:00+00:00,68743.62853260568
2022-12-30 00:00:00+00:00,68743.62853260568
2022-12-30 04:00:00+00:00,68743.62853260568
2022-12-30 08:00:00+00:00,68743.62853260568
2022-12-30 12:00:00+00:00,68743.62853260568
2022-12-30 16:00:00+00:00,68743.62853260568
2022-12-30 20:00:00+00:00,68743.62853260568
2022-12-31 00:00:00+00:00,68743.62853260568
2022-12-31 04:00:00+00:00,68743.62853260568
2022-12-31 08:00:00+00:00,68743.62853260568
2022-12-31 12:00:00+00:00,68743.62853260568
2022-12-31 16:00:00+00:00,68743.62853260568
2022-12-31 20:00:00+00:00,68743.62853260568
2023-01-01 00:00:00+00:00,68743.62853260568
2023-01-01 04:00:00+00:00,68743.62853260568
2023-01-01 08:00:00+00:00,68743.62853260568
2023-01-01 12:00:00+00:00,68743.62853260568
2023-01-01 16:00:00+00:00,68743.62853260568
2023-01-01 20:00:00+00:00,68743.62853260568
2023-01-02 00:00:00+00:00,68743.62853260568
2023-01-02 04:00:00+00:00,68743.62853260568
2023-01-02 08:00:00+00:00,68743.62853260568
2023-01-02 12:00:00+00:00,68743.62853260568
2023-01-02 16:00:00+00:00,68743.62853260568
2023-01-02 20:00:00+00:00,68743.62853260568
2023-01-03 00:00:00+00:00,68743.62853260568
2023-01-03 04:00:00+00:00,68743.62853260568
2023-01-03 08:00:00+00:00,68743.62853260568
2023-01-03 12:00:00+00:00,68743.62853260568
2023-01-03 16:00:00+00:00,68743.62853260568
2023-01-03 20:00:00+00:00,68743.62853260568
2023-01-04 00:00:00+00:00,68743.62853260568
2023-01-04 04:00:00+00:00,68743.62853260568
2023-01-04 08:00:00+00:00,68743.62853260568
2023-01-04 12:00:00+00:00,68743.62853260568
2023-01-04 16:00:00+00:00,68743.62853260568
2023-01-04 20:00:00+00:00,68743.62853260568
2023-01-05 00:00:00+00:00,68743.62853260568
2023-01-05 04:00:00+00:00,68743.62853260568
2023-01-05 08:00:00+00:00,68743.62853260568
2023-01-05 12:00:00+00:00,68743.62853260568
2023-01-05 16:00:00+00:00,68743.62853260568
2023-01-05 20:00:00+00:00,68743.62853260568
2023-01-06 00:00:00+00:00,68743.62853260568
2023-01-06 04:00:00+00:00,68743.62853260568
2023-01-06 08:00:00+00:00,68743.62853260568
2023-01-06 12:00:00+00:00,68743.62853260568
2023-01-06 16:00:00+00:00,68743.62853260568
2023-01-06 20:00:00+00:00,68743.62853260568
2023-01-07 00:00:00+00:00,68743.62853260568
2023-01-07 04:00:00+00:00,68743.62853260568
2023-01-07 08:00:00+00:00,67998.8049554807
2023-01-07 12:00:00+00:00,68453.70827607643
2023-01-07 16:00:00+00:00,68476.50451341584
2023-01-07 20:00:00+00:00,68460.02080528415
2023-01-08 00:00:00+00:00,68491.78499001567
2023-01-08 04:00:00+00:00,68625.73156074328
2023-01-08 08:00:00+00:00,68035.55305059167
2023-01-08 12:00:00+00:00,69519.36064325372
2023-01-08 16:00:00+00:00,68018.69913943742
2023-01-08 20:00:00+00:00,72206.33278438532
2023-01-09 00:00:00+00:00,73864.87723621294
2023-01-09 04:00:00+00:00,73909.57064172364
2023-01-09 08:00:00+00:00,75100.54652343442
2023-01-09 12:00:00+00:00,75899.39578108843
2023-01-09 16:00:00+00:00,76618.06925990187
2023-01-09 20:00:00+00:00,73275.99898088706
2023-01-10 00:00:00+00:00,73843.3449475139
2023-01-10 04:00:00+00:00,73733.46273990144
2023-01-10 08:00:00+00:00,74747.28924860463
2023-01-10 12:00:00+00:00,76306.85370765706
2023-01-10 16:00:00+00:00,78607.02898742011
2023-01-10 20:00:00+00:00,78711.39220938878
2023-01-11 00:00:00+00:00,78231.67590966391
2023-01-11 04:00:00+00:00,78881.99598995023
2023-01-11 08:00:00+00:00,78685.34451695996
2023-01-11 12:00:00+00:00,76387.67274732339
2023-01-11 16:00:00+00:00,81060.70601014227
2023-01-11 20:00:00+00:00,90047.64017216196
2023-01-12 00:00:00+00:00,97449.77276758298
2023-01-12 04:00:00+00:00,94969.41199580944
2023-01-12 08:00:00+00:00,96720.99275324814
2023-01-12 12:00:00+00:00,93445.69914576103
2023-01-12 16:00:00+00:00,115196.6516015516
2023-01-12 20:00:00+00:00,113934.7801348836
2023-01-13 00:00:00+00:00,114946.66115159034
2023-01-13 04:00:00+00:00,113214.8394483776
2023-01-13 08:00:00+00:00,116138.380346895
2023-01-13 12:00:00+00:00,127178.44345256257
2023-01-13 16:00:00+00:00,130674.24890848991
2023-01-13 20:00:00+00:00,150975.201556401
2023-01-14 00:00:00+00:00,193759.0973723369
2023-01-14 04:00:00+00:00,189708.96298191717
2023-01-14 08:00:00+00:00,180651.2332167743
2023-01-14 12:00:00+00:00,183569.80852621663
2023-01-14 16:00:00+00:00,183468.318314681
2023-01-14 20:00:00+00:00,191193.3350252694
2023-01-15 00:00:00+00:00,180167.37606284497
2023-01-15 04:00:00+00:00,180786.10615787303
2023-01-15 08:00:00+00:00,180088.44094361892
2023-01-15 12:00:00+00:00,188682.35769109387
2023-01-15 16:00:00+00:00,186210.73705611192
2023-01-15 20:00:00+00:00,186469.5118262688
2023-01-16 00:00:00+00:00,195867.09965918737
2023-01-16 04:00:00+00:00,197420.51769184403
2023-01-16 08:00:00+00:00,182802.0247180105
2023-01-16 12:00:00+00:00,191087.20440997032
2023-01-16 16:00:00+00:00,206048.29997696535
2023-01-16 20:00:00+00:00,199617.90299400862
2023-01-17 00:00:00+00:00,196595.38975811502
2023-01-17 04:00:00+00:00,196845.7002215774
2023-01-17 08:00:00+00:00,200863.96362812084
2023-01-17 12:00:00+00:00,198716.72390580928
2023-01-17 16:00:00+00:00,206611.47314545573
2023-01-17 20:00:00+00:00,196073.84160784332
2023-01-18 00:00:00+00:00,197577.9993672653
2023-01-18 04:00:00+00:00,198403.8202949264
2023-01-18 08:00:00+00:00,196733.5396993416
2023-01-18 12:00:00+00:00,194179.047195458
2023-01-18 16:00:00+00:00,192151.82071234487
2023-01-18 20:00:00+00:00,188722.61940717846
2023-01-19 00:00:00+00:00,189733.46101545464
2023-01-19 04:00:00+00:00,190783.74638723448
2023-01-19 08:00:00+00:00,189584.10742054431
2023-01-19 12:00:00+00:00,191544.4206109901
2023-01-19 16:00:00+00:00,194848.44614794743
2023-01-19 20:00:00+00:00,194516.1652834771
2023-01-20 00:00:00+00:00,194757.83417295103
2023-01-20 04:00:00+00:00,192737.16239051888
2023-01-20 08:00:00+00:00,192757.05035441744
2023-01-20 12:00:00+00:00,195532.95089465336
2023-01-20 16:00:00+00:00,200935.08110945247
2023-01-20 20:00:00+00:00,219014.86985131353
2023-01-21 00:00:00+00:00,216203.71136885692
2023-01-21 04:00:00+00:00,218191.58842943117
2023-01-21 08:00:00+00:00,224199.78502016628
2023-01-21 12:00:00+00:00,226296.2724391373
2023-01-21 16:00:00+00:00,232512.10956090988
2023-01-21 20:00:00+00:00,221201.42207043603
2023-01-22 00:00:00+00:00,220839.27720286258
2023-01-22 04:00:00+00:00,222865.60275170315
2023-01-22 08:00:00+00:00,221105.80381565122
2023-01-22 12:00:00+00:00,221223.82209838435
2023-01-22 16:00:00+00:00,220024.58096009263
2023-01-22 20:00:00+00:00,219779.47177383315
2023-01-23 00:00:00+00:00,218995.61651032642
2023-01-23 04:00:00+00:00,219548.42760716708
2023-01-23 08:00:00+00:00,222916.7598066697
2023-01-23 12:00:00+00:00,222045.0810147899
2023-01-23 16:00:00+00:00,221012.08687360073
2023-01-23 20:00:00+00:00,222980.52728417417
2023-01-24 00:00:00+00:00,225584.5013901254
2023-01-24 04:00:00+00:00,225168.41541094964
2023-01-24 08:00:00+00:00,222879.10515459263
2023-01-24 12:00:00+00:00,223070.95594493495
2023-01-24 16:00:00+00:00,224489.65229010046
2023-01-24 20:00:00+00:00,218276.0263068263
2023-01-25 00:00:00+00:00,218230.20764441034
2023-01-25 04:00:00+00:00,218163.4977426782
2023-01-25 08:00:00+00:00,218163.4977426782
2023-01-25 12:00:00+00:00,218163.4977426782
2023-01-25 16:00:00+00:00,218163.4977426782
2023-01-25 20:00:00+00:00,218163.4977426782
2023-01-26 00:00:00+00:00,219040.38379185472
2023-01-26 04:00:00+00:00,216353.01406523745
2023-01-26 08:00:00+00:00,216699.83071859996
2023-01-26 12:00:00+00:00,216093.469574064
2023-01-26 16:00:00+00:00,217902.6101108055
2023-01-26 20:00:00+00:00,216921.73413169492
2023-01-27 00:00:00+00:00,213069.12503483146
2023-01-27 04:00:00+00:00,214736.30313659663
2023-01-27 08:00:00+00:00,212831.02692634208
2023-01-27 12:00:00+00:00,212233.32848082946
2023-01-27 16:00:00+00:00,217510.6677509418
2023-01-27 20:00:00+00:00,214490.1613050643
2023-01-28 00:00:00+00:00,215140.0934915718
2023-01-28 04:00:00+00:00,213042.88012190582
2023-01-28 08:00:00+00:00,212821.87925348367
2023-01-28 12:00:00+00:00,213345.6862568759
2023-01-28 16:00:00+00:00,213782.94242281662
2023-01-28 20:00:00+00:00,213494.54918842428
2023-01-29 00:00:00+00:00,216373.3653574587
2023-01-29 04:00:00+00:00,216548.66149795975
2023-01-29 08:00:00+00:00,220380.94067179144
2023-01-29 12:00:00+00:00,221956.0744386375
2023-01-29 16:00:00+00:00,228289.37999455165
2023-01-29 20:00:00+00:00,225591.98506807402
2023-01-30 00:00:00+00:00,224873.1683212244
2023-01-30 04:00:00+00:00,223969.89077975004
2023-01-30 08:00:00+00:00,214127.57812225903
2023-01-30 12:00:00+00:00,214678.2426468141
2023-01-30 16:00:00+00:00,212110.3711435749
2023-01-30 20:00:00+00:00,212036.34662391755
2023-01-31 00:00:00+00:00,212036.34662391755
2023-01-31 04:00:00+00:00,212036.34662391755
2023-01-31 08:00:00+00:00,212036.34662391755
2023-01-31 12:00:00+00:00,212036.34662391755
2023-01-31 16:00:00+00:00,212209.02016744632
2023-01-31 20:00:00+00:00,211982.59301320495
2023-02-01 00:00:00+00:00,211908.2004552137
2023-02-01 04:00:00+00:00,211908.2004552137
2023-02-01 08:00:00+00:00,211908.2004552137
2023-02-01 12:00:00+00:00,211908.2004552137
2023-02-01 16:00:00+00:00,211908.2004552137
2023-02-01 20:00:00+00:00,211908.2004552137
2023-02-02 00:00:00+00:00,211908.2004552137
2023-02-02 04:00:00+00:00,211908.2004552137
2023-02-02 08:00:00+00:00,211908.2004552137
2023-02-02 12:00:00+00:00,211908.2004552137
2023-02-02 16:00:00+00:00,211908.2004552137
2023-02-02 20:00:00+00:00,211908.2004552137
2023-02-03 00:00:00+00:00,211908.2004552137
2023-02-03 04:00:00+00:00,211908.2004552137
2023-02-03 08:00:00+00:00,211908.2004552137
2023-02-03 12:00:00+00:00,211908.2004552137
2023-02-03 16:00:00+00:00,211908.2004552137
2023-02-03 20:00:00+00:00,211908.2004552137
2023-02-04 00:00:00+00:00,211908.2004552137
2023-02-04 04:00:00+00:00,211908.2004552137
2023-02-04 08:00:00+00:00,211908.2004552137
2023-02-04 12:00:00+00:00,211908.2004552137
2023-02-04 16:00:00+00:00,211908.2004552137
2023-02-04 20:00:00+00:00,211908.2004552137
2023-02-05 00:00:00+00:00,211908.2004552137
2023-02-05 04:00:00+00:00,211908.2004552137
2023-02-05 08:00:00+00:00,211908.2004552137
2023-02-05 12:00:00+00:00,211908.2004552137
2023-02-05 16:00:00+00:00,211908.2004552137
2023-02-05 20:00:00+00:00,211908.2004552137
2023-02-06 00:00:00+00:00,211908.2004552137
2023-02-06 04:00:00+00:00,211908.2004552137
2023-02-06 08:00:00+00:00,211908.2004552137
2023-02-06 12:00:00+00:00,211908.2004552137
2023-02-06 16:00:00+00:00,211908.2004552137
2023-02-06 20:00:00+00:00,211908.2004552137
2023-02-07 00:00:00+00:00,211908.2004552137
2023-02-07 04:00:00+00:00,211908.2004552137
2023-02-07 08:00:00+00:00,211908.2004552137
2023-02-07 12:00:00+00:00,211908.2004552137
2023-02-07 16:00:00+00:00,211908.2004552137
2023-02-07 20:00:00+00:00,211908.2004552137
2023-02-08 00:00:00+00:00,211908.2004552137
2023-02-08 04:00:00+00:00,211908.2004552137
2023-02-08 08:00:00+00:00,211908.2004552137
2023-02-08 12:00:00+00:00,211908.2004552137
2023-02-08 16:00:00+00:00,211908.2004552137
2023-02-08 20:00:00+00:00,211908.2004552137
2023-02-09 00:00:00+00:00,211908.2004552137
2023-02-09 04:00:00+00:00,211908.2004552137
2023-02-09 08:00:00+00:00,211908.2004552137
2023-02-09 12:00:00+00:00,211908.2004552137
2023-02-09 16:00:00+00:00,211908.2004552137
2023-02-09 20:00:00+00:00,211908.2004552137
2023-02-10 00:00:00+00:00,211918.1575127647
2023-02-10 04:00:00+00:00,211908.31402732094
2023-02-10 08:00:00+00:00,211908.31402732094
2023-02-10 12:00:00+00:00,211908.31402732094
2023-02-10 16:00:00+00:00,211908.31402732094
2023-02-10 20:00:00+00:00,211908.31402732094
2023-02-11 00:00:00+00:00,211908.31402732094
2023-02-11 04:00:00+00:00,211908.31402732094
2023-02-11 08:00:00+00:00,211908.31402732094
2023-02-11 12:00:00+00:00,211908.31402732094
2023-02-11 16:00:00+00:00,211908.31402732094
2023-02-11 20:00:00+00:00,211908.31402732094
2023-02-12 00:00:00+00:00,211908.31402732094
2023-02-12 04:00:00+00:00,211908.31402732094
2023-02-12 08:00:00+00:00,211908.31402732094
2023-02-12 12:00:00+00:00,211908.31402732094
2023-02-12 16:00:00+00:00,211908.31402732094
2023-02-12 20:00:00+00:00,211908.31402732094
2023-02-13 00:00:00+00:00,211908.31402732094
2023-02-13 04:00:00+00:00,211908.31402732094
2023-02-13 08:00:00+00:00,211908.31402732094
2023-02-13 12:00:00+00:00,211908.31402732094
2023-02-13 16:00:00+00:00,211908.31402732094
2023-02-13 20:00:00+00:00,211908.31402732094
2023-02-14 00:00:00+00:00,211908.31402732094
2023-02-14 04:00:00+00:00,211908.31402732094
2023-02-14 08:00:00+00:00,211908.31402732094
2023-02-14 12:00:00+00:00,211908.31402732094
2023-02-14 16:00:00+00:00,211908.31402732094
2023-02-14 20:00:00+00:00,211908.31402732094
2023-02-15 00:00:00+00:00,211908.31402732094
2023-02-15 04:00:00+00:00,211908.31402732094
2023-02-15 08:00:00+00:00,211908.31402732094
2023-02-15 12:00:00+00:00,211908.31402732094
2023-02-15 16:00:00+00:00,211908.31402732094
2023-02-15 20:00:00+00:00,211908.31402732094
2023-02-16 00:00:00+00:00,211908.31402732094
2023-02-16 04:00:00+00:00,209054.25925688708
2023-02-16 08:00:00+00:00,207823.75219690043
2023-02-16 12:00:00+00:00,219565.45512452093
2023-02-16 16:00:00+00:00,214396.24397895904
2023-02-16 20:00:00+00:00,182673.7922233687
2023-02-17 00:00:00+00:00,183817.62677834486
2023-02-17 04:00:00+00:00,182944.28016087046
2023-02-17 08:00:00+00:00,183610.03012852397
2023-02-17 12:00:00+00:00,185068.0965886527
2023-02-17 16:00:00+00:00,186748.43193794138
2023-02-17 20:00:00+00:00,186981.1219934248
2023-02-18 00:00:00+00:00,187133.58666689397
2023-02-18 04:00:00+00:00,186721.9973378505
2023-02-18 08:00:00+00:00,186723.47384148004
2023-02-18 12:00:00+00:00,187336.56618230755
2023-02-18 16:00:00+00:00,187072.4544585074
2023-02-18 20:00:00+00:00,187186.06292032122
2023-02-19 00:00:00+00:00,187387.901871967
2023-02-19 04:00:00+00:00,186920.99726004692
2023-02-19 08:00:00+00:00,187286.78944468204
2023-02-19 12:00:00+00:00,188405.95816862065
2023-02-19 16:00:00+00:00,186637.1175806757
2023-02-19 20:00:00+00:00,185590.03025204065
2023-02-20 00:00:00+00:00,186215.19265319852
2023-02-20 04:00:00+00:00,186577.58513183933
2023-02-20 08:00:00+00:00,188248.09934082913
2023-02-20 12:00:00+00:00,188453.45711580265
2023-02-20 16:00:00+00:00,188164.45832475965
2023-02-20 20:00:00+00:00,188043.82734486504
2023-02-21 00:00:00+00:00,188355.32769513002
2023-02-21 04:00:00+00:00,188685.71040880182
2023-02-21 08:00:00+00:00,186857.23653123854
2023-02-21 12:00:00+00:00,186778.35938771343
2023-02-21 16:00:00+00:00,186995.74551823514
2023-02-21 20:00:00+00:00,186299.475514801
2023-02-22 00:00:00+00:00,186247.52844485454
2023-02-22 04:00:00+00:00,186247.52844485454
2023-02-22 08:00:00+00:00,186247.52844485454
2023-02-22 12:00:00+00:00,186247.52844485454
2023-02-22 16:00:00+00:00,186247.52844485454
2023-02-22 20:00:00+00:00,186247.52844485454
2023-02-23 00:00:00+00:00,186247.52844485454
2023-02-23 04:00:00+00:00,185853.4871599201
2023-02-23 08:00:00+00:00,183264.4538988701
2023-02-23 12:00:00+00:00,183212.4921926539
2023-02-23 16:00:00+00:00,183212.4921926539
2023-02-23 20:00:00+00:00,183212.4921926539
2023-02-24 00:00:00+00:00,183212.4921926539
2023-02-24 04:00:00+00:00,183212.4921926539
2023-02-24 08:00:00+00:00,183212.4921926539
2023-02-24 12:00:00+00:00,183212.4921926539
2023-02-24 16:00:00+00:00,183212.4921926539
2023-02-24 20:00:00+00:00,183212.4921926539
2023-02-25 00:00:00+00:00,183212.4921926539
2023-02-25 04:00:00+00:00,183212.4921926539
2023-02-25 08:00:00+00:00,183212.4921926539
2023-02-25 12:00:00+00:00,183212.4921926539
2023-02-25 16:00:00+00:00,183212.4921926539
2023-02-25 20:00:00+00:00,183212.4921926539
2023-02-26 00:00:00+00:00,183212.4921926539
2023-02-26 04:00:00+00:00,183212.4921926539
2023-02-26 08:00:00+00:00,183212.4921926539
2023-02-26 12:00:00+00:00,183212.4921926539
2023-02-26 16:00:00+00:00,183212.4921926539
2023-02-26 20:00:00+00:00,183212.4921926539
2023-02-27 00:00:00+00:00,183212.4921926539
2023-02-27 04:00:00+00:00,183212.4921926539
2023-02-27 08:00:00+00:00,183212.4921926539
2023-02-27 12:00:00+00:00,183212.4921926539
2023-02-27 16:00:00+00:00,181571.95821800045
2023-02-27 20:00:00+00:00,181507.569364824
2023-02-28 00:00:00+00:00,181507.569364824
2023-02-28 04:00:00+00:00,181507.569364824
2023-02-28 08:00:00+00:00,181507.569364824
2023-02-28 12:00:00+00:00,181507.569364824
2023-02-28 16:00:00+00:00,181507.569364824
2023-02-28 20:00:00+00:00,181507.569364824
2023-03-01 00:00:00+00:00,181507.569364824
2023-03-01 04:00:00+00:00,181507.569364824
2023-03-01 08:00:00+00:00,181576.50672233553
2023-03-01 12:00:00+00:00,181395.86947447268
2023-03-01 16:00:00+00:00,179470.33475833596
2023-03-01 20:00:00+00:00,179408.01100759758
2023-03-02 00:00:00+00:00,179408.01100759758
2023-03-02 04:00:00+00:00,179408.01100759758
2023-03-02 08:00:00+00:00,179408.01100759758
2023-03-02 12:00:00+00:00,179408.01100759758
2023-03-02 16:00:00+00:00,179408.01100759758
2023-03-02 20:00:00+00:00,179408.01100759758
2023-03-03 00:00:00+00:00,179408.01100759758
2023-03-03 04:00:00+00:00,179408.01100759758
2023-03-03 08:00:00+00:00,179408.01100759758
2023-03-03 12:00:00+00:00,179408.01100759758
2023-03-03 16:00:00+00:00,179408.01100759758
2023-03-03 20:00:00+00:00,179408.01100759758
2023-03-04 00:00:00+00:00,179408.01100759758
2023-03-04 04:00:00+00:00,179408.01100759758
2023-03-04 08:00:00+00:00,179408.01100759758
2023-03-04 12:00:00+00:00,179408.01100759758
2023-03-04 16:00:00+00:00,179408.01100759758
2023-03-04 20:00:00+00:00,179408.01100759758
2023-03-05 00:00:00+00:00,179408.01100759758
2023-03-05 04:00:00+00:00,179408.01100759758
2023-03-05 08:00:00+00:00,179408.01100759758
2023-03-05 12:00:00+00:00,179408.01100759758
2023-03-05 16:00:00+00:00,179408.01100759758
2023-03-05 20:00:00+00:00,179408.01100759758
2023-03-06 00:00:00+00:00,179408.01100759758
2023-03-06 04:00:00+00:00,179408.01100759758
2023-03-06 08:00:00+00:00,179408.01100759758
2023-03-06 12:00:00+00:00,179408.01100759758
2023-03-06 16:00:00+00:00,179408.01100759758
2023-03-06 20:00:00+00:00,179408.01100759758
2023-03-07 00:00:00+00:00,179408.01100759758
2023-03-07 04:00:00+00:00,179408.01100759758
2023-03-07 08:00:00+00:00,179408.01100759758
2023-03-07 12:00:00+00:00,179408.01100759758
2023-03-07 16:00:00+00:00,179408.01100759758
2023-03-07 20:00:00+00:00,179408.01100759758
2023-03-08 00:00:00+00:00,179408.01100759758
2023-03-08 04:00:00+00:00,179408.01100759758
2023-03-08 08:00:00+00:00,179408.01100759758
2023-03-08 12:00:00+00:00,179408.01100759758
2023-03-08 16:00:00+00:00,179408.01100759758
2023-03-08 20:00:00+00:00,179408.01100759758
2023-03-09 00:00:00+00:00,179408.01100759758
2023-03-09 04:00:00+00:00,179408.01100759758
2023-03-09 08:00:00+00:00,179408.01100759758
2023-03-09 12:00:00+00:00,179408.01100759758
2023-03-09 16:00:00+00:00,179408.01100759758
2023-03-09 20:00:00+00:00,179408.01100759758
2023-03-10 00:00:00+00:00,179408.01100759758
2023-03-10 04:00:00+00:00,179408.01100759758
2023-03-10 08:00:00+00:00,179408.01100759758
2023-03-10 12:00:00+00:00,179408.01100759758
2023-03-10 16:00:00+00:00,179408.01100759758
2023-03-10 20:00:00+00:00,179408.01100759758
2023-03-11 00:00:00+00:00,179408.01100759758
2023-03-11 04:00:00+00:00,179408.01100759758
2023-03-11 08:00:00+00:00,179408.01100759758
2023-03-11 12:00:00+00:00,179408.01100759758
2023-03-11 16:00:00+00:00,179408.01100759758
2023-03-11 20:00:00+00:00,179408.01100759758
2023-03-12 00:00:00+00:00,179408.01100759758
2023-03-12 04:00:00+00:00,179408.01100759758
2023-03-12 08:00:00+00:00,179408.01100759758
2023-03-12 12:00:00+00:00,179408.01100759758
2023-03-12 16:00:00+00:00,179408.01100759758
2023-03-12 20:00:00+00:00,179408.01100759758
2023-03-13 00:00:00+00:00,179408.01100759758
2023-03-13 04:00:00+00:00,179408.01100759758
2023-03-13 08:00:00+00:00,179408.01100759758
2023-03-13 12:00:00+00:00,179408.01100759758
2023-03-13 16:00:00+00:00,179408.01100759758
2023-03-13 20:00:00+00:00,179408.01100759758
2023-03-14 00:00:00+00:00,179408.01100759758
2023-03-14 04:00:00+00:00,179408.01100759758
2023-03-14 08:00:00+00:00,179408.01100759758
2023-03-14 12:00:00+00:00,179408.01100759758
2023-03-14 16:00:00+00:00,179408.01100759758
2023-03-14 20:00:00+00:00,176495.61727246243
2023-03-15 00:00:00+00:00,176912.41314733584
2023-03-15 04:00:00+00:00,178019.2841533475
2023-03-15 08:00:00+00:00,177169.80418790266
2023-03-15 12:00:00+00:00,174944.00045231244
2023-03-15 16:00:00+00:00,174166.41673774912
2023-03-15 20:00:00+00:00,173491.4294253594
2023-03-16 00:00:00+00:00,173355.20586882954
2023-03-16 04:00:00+00:00,175873.68944258115
2023-03-16 08:00:00+00:00,177377.1474346148
2023-03-16 12:00:00+00:00,177812.5708196834
2023-03-16 16:00:00+00:00,178274.59262104885
2023-03-16 20:00:00+00:00,178601.9099034155
2023-03-17 00:00:00+00:00,184329.69105914625
2023-03-17 04:00:00+00:00,187196.69512729053
2023-03-17 08:00:00+00:00,196316.69715413844
2023-03-17 12:00:00+00:00,190947.76100043752
2023-03-17 16:00:00+00:00,194211.35180193512
2023-03-17 20:00:00+00:00,198623.83406239105
2023-03-18 00:00:00+00:00,197878.10831668114
2023-03-18 04:00:00+00:00,198345.58352763383
2023-03-18 08:00:00+00:00,199026.71850397225
2023-03-18 12:00:00+00:00,197262.16314766512
2023-03-18 16:00:00+00:00,198069.78503185385
2023-03-18 20:00:00+00:00,194752.37138297432
2023-03-19 00:00:00+00:00,197022.2141604161
2023-03-19 04:00:00+00:00,195178.36315206118
2023-03-19 08:00:00+00:00,196660.6464000264
2023-03-19 12:00:00+00:00,199705.796785458
2023-03-19 16:00:00+00:00,205358.0340022765
2023-03-19 20:00:00+00:00,203041.26180452696
2023-03-20 00:00:00+00:00,197493.53534232997
2023-03-20 04:00:00+00:00,204700.3325941882
2023-03-20 08:00:00+00:00,204746.24591283622
2023-03-20 12:00:00+00:00,200771.70190031547
2023-03-20 16:00:00+00:00,201466.3094578581
2023-03-20 20:00:00+00:00,200944.23627174555
2023-03-21 00:00:00+00:00,201476.1697492991
2023-03-21 04:00:00+00:00,199224.4038022727
2023-03-21 08:00:00+00:00,203489.3064427267
2023-03-21 12:00:00+00:00,203510.0781188065
2023-03-21 16:00:00+00:00,204169.33056572176
2023-03-21 20:00:00+00:00,204007.90206489316
2023-03-22 00:00:00+00:00,204379.67797251712
2023-03-22 04:00:00+00:00,203896.66139071886
2023-03-22 08:00:00+00:00,204133.5082394427
2023-03-22 12:00:00+00:00,208560.1543050787
2023-03-22 16:00:00+00:00,190365.78814962524
2023-03-22 20:00:00+00:00,190243.0304561906
2023-03-23 00:00:00+00:00,190243.0304561906
2023-03-23 04:00:00+00:00,190243.0304561906
2023-03-23 08:00:00+00:00,190243.0304561906
2023-03-23 12:00:00+00:00,190243.0304561906
2023-03-23 16:00:00+00:00,189602.00006389542
2023-03-23 20:00:00+00:00,189381.73849191947
2023-03-24 00:00:00+00:00,189168.9221513069
2023-03-24 04:00:00+00:00,189334.06074140072
2023-03-24 08:00:00+00:00,187323.46016219628
2023-03-24 12:00:00+00:00,187284.09732065286
2023-03-24 16:00:00+00:00,187284.09732065286
2023-03-24 20:00:00+00:00,187284.09732065286
2023-03-25 00:00:00+00:00,187284.09732065286
2023-03-25 04:00:00+00:00,187284.09732065286
2023-03-25 08:00:00+00:00,187284.09732065286
2023-03-25 12:00:00+00:00,187284.09732065286
2023-03-25 16:00:00+00:00,187284.09732065286
2023-03-25 20:00:00+00:00,187284.09732065286
2023-03-26 00:00:00+00:00,187284.09732065286
2023-03-26 04:00:00+00:00,187284.09732065286
2023-03-26 08:00:00+00:00,187284.09732065286
2023-03-26 12:00:00+00:00,187284.09732065286
2023-03-26 16:00:00+00:00,187284.09732065286
2023-03-26 20:00:00+00:00,187284.09732065286
2023-03-27 00:00:00+00:00,187284.09732065286
2023-03-27 04:00:00+00:00,187284.09732065286
2023-03-27 08:00:00+00:00,187284.09732065286
2023-03-27 12:00:00+00:00,187284.09732065286
2023-03-27 16:00:00+00:00,187284.09732065286
2023-03-27 20:00:00+00:00,187284.09732065286
2023-03-28 00:00:00+00:00,187284.09732065286
2023-03-28 04:00:00+00:00,187284.09732065286
2023-03-28 08:00:00+00:00,187284.09732065286
2023-03-28 12:00:00+00:00,187284.09732065286
2023-03-28 16:00:00+00:00,187284.09732065286
2023-03-28 20:00:00+00:00,187284.09732065286
2023-03-29 00:00:00+00:00,187284.09732065286
2023-03-29 04:00:00+00:00,187284.09732065286
2023-03-29 08:00:00+00:00,187284.09732065286
2023-03-29 12:00:00+00:00,187284.09732065286
2023-03-29 16:00:00+00:00,187284.09732065286
2023-03-29 20:00:00+00:00,187284.09732065286
2023-03-30 00:00:00+00:00,187284.09732065286
2023-03-30 04:00:00+00:00,187284.09732065286
2023-03-30 08:00:00+00:00,187284.09732065286
2023-03-30 12:00:00+00:00,187284.09732065286
2023-03-30 16:00:00+00:00,187284.09732065286
2023-03-30 20:00:00+00:00,187284.09732065286
2023-03-31 00:00:00+00:00,187284.09732065286
2023-03-31 04:00:00+00:00,187284.09732065286
2023-03-31 08:00:00+00:00,187284.09732065286
2023-03-31 12:00:00+00:00,187284.09732065286
2023-03-31 16:00:00+00:00,187284.09732065286
2023-03-31 20:00:00+00:00,187284.09732065286
2023-04-01 00:00:00+00:00,187284.09732065286
2023-04-01 04:00:00+00:00,187284.09732065286
2023-04-01 08:00:00+00:00,187284.09732065286
2023-04-01 12:00:00+00:00,187284.09732065286
2023-04-01 16:00:00+00:00,187284.09732065286
2023-04-01 20:00:00+00:00,187284.09732065286
2023-04-02 00:00:00+00:00,187284.09732065286
2023-04-02 04:00:00+00:00,187284.09732065286
2023-04-02 08:00:00+00:00,187284.09732065286
2023-04-02 12:00:00+00:00,187284.09732065286
2023-04-02 16:00:00+00:00,187284.09732065286
2023-04-02 20:00:00+00:00,187284.09732065286
2023-04-03 00:00:00+00:00,187284.09732065286
2023-04-03 04:00:00+00:00,187284.09732065286
2023-04-03 08:00:00+00:00,187284.09732065286
2023-04-03 12:00:00+00:00,187284.09732065286
2023-04-03 16:00:00+00:00,187284.09732065286
2023-04-03 20:00:00+00:00,187284.09732065286
2023-04-04 00:00:00+00:00,187284.09732065286
2023-04-04 04:00:00+00:00,187284.09732065286
2023-04-04 08:00:00+00:00,187284.09732065286
2023-04-04 12:00:00+00:00,187284.09732065286
2023-04-04 16:00:00+00:00,187284.09732065286
2023-04-04 20:00:00+00:00,187284.09732065286
2023-04-05 00:00:00+00:00,187284.09732065286
2023-04-05 04:00:00+00:00,187284.09732065286
2023-04-05 08:00:00+00:00,187284.09732065286
2023-04-05 12:00:00+00:00,187284.09732065286
2023-04-05 16:00:00+00:00,187284.09732065286
2023-04-05 20:00:00+00:00,187284.09732065286
2023-04-06 00:00:00+00:00,187284.09732065286
2023-04-06 04:00:00+00:00,187284.09732065286
2023-04-06 08:00:00+00:00,187284.09732065286
2023-04-06 12:00:00+00:00,187284.09732065286
2023-04-06 16:00:00+00:00,187284.09732065286
2023-04-06 20:00:00+00:00,187284.09732065286
2023-04-07 00:00:00+00:00,187284.09732065286
2023-04-07 04:00:00+00:00,187284.09732065286
2023-04-07 08:00:00+00:00,187284.09732065286
2023-04-07 12:00:00+00:00,187284.09732065286
2023-04-07 16:00:00+00:00,187284.09732065286
2023-04-07 20:00:00+00:00,187284.09732065286
2023-04-08 00:00:00+00:00,187284.09732065286
2023-04-08 04:00:00+00:00,187284.09732065286
2023-04-08 08:00:00+00:00,187284.09732065286
2023-04-08 12:00:00+00:00,187284.09732065286
2023-04-08 16:00:00+00:00,187284.09732065286
2023-04-08 20:00:00+00:00,187284.09732065286
2023-04-09 00:00:00+00:00,187284.09732065286
2023-04-09 04:00:00+00:00,187284.09732065286
2023-04-09 08:00:00+00:00,187284.09732065286
2023-04-09 12:00:00+00:00,187284.09732065286
2023-04-09 16:00:00+00:00,187284.09732065286
2023-04-09 20:00:00+00:00,187284.09732065286
2023-04-10 00:00:00+00:00,187284.09732065286
2023-04-10 04:00:00+00:00,187284.09732065286
2023-04-10 08:00:00+00:00,187284.09732065286
2023-04-10 12:00:00+00:00,187284.09732065286
2023-04-10 16:00:00+00:00,187284.09732065286
2023-04-10 20:00:00+00:00,187284.09732065286
2023-04-11 00:00:00+00:00,187284.09732065286
2023-04-11 04:00:00+00:00,186779.22841035583
2023-04-11 08:00:00+00:00,185727.73603389322
2023-04-11 12:00:00+00:00,188368.16932505782
2023-04-11 16:00:00+00:00,187167.69624188525
2023-04-11 20:00:00+00:00,188415.76061270945
2023-04-12 00:00:00+00:00,182996.19478616273
2023-04-12 04:00:00+00:00,184252.10863115833
2023-04-12 08:00:00+00:00,184678.76372165058
2023-04-12 12:00:00+00:00,183589.15965869828
2023-04-12 16:00:00+00:00,180490.94824539596
2023-04-12 20:00:00+00:00,181578.36711934986
2023-04-13 00:00:00+00:00,184055.21523669577
2023-04-13 04:00:00+00:00,184010.92843419136
2023-04-13 08:00:00+00:00,185308.4891787549
2023-04-13 12:00:00+00:00,189105.00609746363
2023-04-13 16:00:00+00:00,187026.46971781948
2023-04-13 20:00:00+00:00,187537.50420399316
2023-04-14 00:00:00+00:00,192273.5770345378
2023-04-14 04:00:00+00:00,193287.30576635015
2023-04-14 08:00:00+00:00,194214.5583038512
2023-04-14 12:00:00+00:00,183072.3605971229
2023-04-14 16:00:00+00:00,183258.27627701857
2023-04-14 20:00:00+00:00,183938.5456141284
2023-04-15 00:00:00+00:00,183533.91506659455
2023-04-15 04:00:00+00:00,183775.41491603822
2023-04-15 08:00:00+00:00,183538.6245502585
2023-04-15 12:00:00+00:00,183287.38709901922
2023-04-15 16:00:00+00:00,183267.06543929293
2023-04-15 20:00:00+00:00,183078.22337474578
2023-04-16 00:00:00+00:00,182913.12836306778
2023-04-16 04:00:00+00:00,183315.55086528772
2023-04-16 08:00:00+00:00,182756.3120060914
2023-04-16 12:00:00+00:00,183270.95168890114
2023-04-16 16:00:00+00:00,183164.09509947646
2023-04-16 20:00:00+00:00,183068.70384644702
2023-04-17 00:00:00+00:00,181479.6662879154
2023-04-17 04:00:00+00:00,181405.8430526251
2023-04-17 08:00:00+00:00,181405.8430526251
2023-04-17 12:00:00+00:00,181405.8430526251
2023-04-17 16:00:00+00:00,181405.8430526251
2023-04-17 20:00:00+00:00,181405.8430526251
2023-04-18 00:00:00+00:00,181405.8430526251
2023-04-18 04:00:00+00:00,181405.8430526251
2023-04-18 08:00:00+00:00,181405.8430526251
2023-04-18 12:00:00+00:00,178071.82031062568
2023-04-18 16:00:00+00:00,178587.38181159282
2023-04-18 20:00:00+00:00,181049.80324591507
2023-04-19 00:00:00+00:00,178427.88587896197
2023-04-19 04:00:00+00:00,176350.12987360626
2023-04-19 08:00:00+00:00,164642.56857844917
2023-04-19 12:00:00+00:00,164428.28242476255
2023-04-19 16:00:00+00:00,164428.28242476255
2023-04-19 20:00:00+00:00,164428.28242476255
2023-04-20 00:00:00+00:00,164428.28242476255
2023-04-20 04:00:00+00:00,164428.28242476255
2023-04-20 08:00:00+00:00,164428.28242476255
2023-04-20 12:00:00+00:00,164428.28242476255
2023-04-20 16:00:00+00:00,164428.28242476255
2023-04-20 20:00:00+00:00,164428.28242476255
2023-04-21 00:00:00+00:00,164428.28242476255
2023-04-21 04:00:00+00:00,164428.28242476255
2023-04-21 08:00:00+00:00,164428.28242476255
2023-04-21 12:00:00+00:00,164428.28242476255
2023-04-21 16:00:00+00:00,164428.28242476255
2023-04-21 20:00:00+00:00,164428.28242476255
2023-04-22 00:00:00+00:00,164428.28242476255
2023-04-22 04:00:00+00:00,164428.28242476255
2023-04-22 08:00:00+00:00,164428.28242476255
2023-04-22 12:00:00+00:00,164428.28242476255
2023-04-22 16:00:00+00:00,164428.28242476255
2023-04-22 20:00:00+00:00,164428.28242476255
2023-04-23 00:00:00+00:00,164428.28242476255
2023-04-23 04:00:00+00:00,164428.28242476255
2023-04-23 08:00:00+00:00,164428.28242476255
2023-04-23 12:00:00+00:00,164428.28242476255
2023-04-23 16:00:00+00:00,164428.28242476255
2023-04-23 20:00:00+00:00,164428.28242476255
2023-04-24 00:00:00+00:00,164428.28242476255
2023-04-24 04:00:00+00:00,164428.28242476255
2023-04-24 08:00:00+00:00,164428.28242476255
2023-04-24 12:00:00+00:00,164428.28242476255
2023-04-24 16:00:00+00:00,164428.28242476255
2023-04-24 20:00:00+00:00,164428.28242476255
2023-04-25 00:00:00+00:00,164428.28242476255
2023-04-25 04:00:00+00:00,164428.28242476255
2023-04-25 08:00:00+00:00,164428.28242476255
2023-04-25 12:00:00+00:00,164428.28242476255
2023-04-25 16:00:00+00:00,164428.28242476255
2023-04-25 20:00:00+00:00,164428.28242476255
2023-04-26 00:00:00+00:00,164428.28242476255
2023-04-26 04:00:00+00:00,164428.28242476255
2023-04-26 08:00:00+00:00,164428.28242476255
2023-04-26 12:00:00+00:00,164428.28242476255
2023-04-26 16:00:00+00:00,164428.28242476255
2023-04-26 20:00:00+00:00,164428.28242476255
2023-04-27 00:00:00+00:00,164428.28242476255
2023-04-27 04:00:00+00:00,164428.28242476255
2023-04-27 08:00:00+00:00,164428.28242476255
2023-04-27 12:00:00+00:00,164428.28242476255
2023-04-27 16:00:00+00:00,164428.28242476255
2023-04-27 20:00:00+00:00,164428.28242476255
2023-04-28 00:00:00+00:00,164428.28242476255
2023-04-28 04:00:00+00:00,164428.28242476255
2023-04-28 08:00:00+00:00,164428.28242476255
2023-04-28 12:00:00+00:00,164428.28242476255
2023-04-28 16:00:00+00:00,164428.28242476255
2023-04-28 20:00:00+00:00,164334.11005778814
2023-04-29 00:00:00+00:00,164418.16784004535
2023-04-29 04:00:00+00:00,164433.05166449223
2023-04-29 08:00:00+00:00,164396.63213872968
2023-04-29 12:00:00+00:00,164206.0506894101
2023-04-29 16:00:00+00:00,164093.8883531054
2023-04-29 20:00:00+00:00,164066.70179233892
2023-04-30 00:00:00+00:00,164023.9967354868
2023-04-30 04:00:00+00:00,164023.9967354868
2023-04-30 08:00:00+00:00,164023.9967354868
2023-04-30 12:00:00+00:00,164023.9967354868
2023-04-30 16:00:00+00:00,164023.9967354868
2023-04-30 20:00:00+00:00,164023.9967354868
2023-05-01 00:00:00+00:00,164023.9967354868
2023-05-01 04:00:00+00:00,164023.9967354868
2023-05-01 08:00:00+00:00,164023.9967354868
2023-05-01 12:00:00+00:00,164023.9967354868
2023-05-01 16:00:00+00:00,164023.9967354868
2023-05-01 20:00:00+00:00,164023.9967354868
2023-05-02 00:00:00+00:00,164023.9967354868
2023-05-02 04:00:00+00:00,164023.9967354868
2023-05-02 08:00:00+00:00,164023.9967354868
2023-05-02 12:00:00+00:00,164023.9967354868
2023-05-02 16:00:00+00:00,164023.9967354868
2023-05-02 20:00:00+00:00,164023.9967354868
2023-05-03 00:00:00+00:00,164023.9967354868
2023-05-03 04:00:00+00:00,164023.9967354868
2023-05-03 08:00:00+00:00,164023.9967354868
2023-05-03 12:00:00+00:00,164023.9967354868
2023-05-03 16:00:00+00:00,164023.9967354868
2023-05-03 20:00:00+00:00,164023.9967354868
2023-05-04 00:00:00+00:00,164023.9967354868
2023-05-04 04:00:00+00:00,164023.9967354868
2023-05-04 08:00:00+00:00,164023.9967354868
2023-05-04 12:00:00+00:00,164023.9967354868
2023-05-04 16:00:00+00:00,164023.9967354868
2023-05-04 20:00:00+00:00,164023.9967354868
2023-05-05 00:00:00+00:00,164023.9967354868
2023-05-05 04:00:00+00:00,164023.9967354868
2023-05-05 08:00:00+00:00,164023.9967354868
2023-05-05 12:00:00+00:00,164023.9967354868
2023-05-05 16:00:00+00:00,164023.9967354868
2023-05-05 20:00:00+00:00,164023.9967354868
2023-05-06 00:00:00+00:00,164023.9967354868
2023-05-06 04:00:00+00:00,164023.9967354868
2023-05-06 08:00:00+00:00,164023.9967354868
2023-05-06 12:00:00+00:00,164023.9967354868
2023-05-06 16:00:00+00:00,164023.9967354868
2023-05-06 20:00:00+00:00,164023.9967354868
2023-05-07 00:00:00+00:00,164023.9967354868
2023-05-07 04:00:00+00:00,164023.9967354868
2023-05-07 08:00:00+00:00,164023.9967354868
2023-05-07 12:00:00+00:00,164023.9967354868
2023-05-07 16:00:00+00:00,164023.9967354868
2023-05-07 20:00:00+00:00,164023.9967354868
2023-05-08 00:00:00+00:00,164023.9967354868
2023-05-08 04:00:00+00:00,164023.9967354868
2023-05-08 08:00:00+00:00,164023.9967354868
2023-05-08 12:00:00+00:00,164023.9967354868
2023-05-08 16:00:00+00:00,164023.9967354868
2023-05-08 20:00:00+00:00,165014.28312018202
2023-05-09 00:00:00+00:00,164862.99321969453
2023-05-09 04:00:00+00:00,164924.64199343414
2023-05-09 08:00:00+00:00,164950.87645614005
2023-05-09 12:00:00+00:00,164922.3333840643
2023-05-09 16:00:00+00:00,164922.3333840643
2023-05-09 20:00:00+00:00,164922.3333840643
2023-05-10 00:00:00+00:00,164922.3333840643
2023-05-10 04:00:00+00:00,164922.3333840643
2023-05-10 08:00:00+00:00,164922.3333840643
2023-05-10 12:00:00+00:00,164922.3333840643
2023-05-10 16:00:00+00:00,164922.3333840643
2023-05-10 20:00:00+00:00,164922.3333840643
2023-05-11 00:00:00+00:00,164922.3333840643
2023-05-11 04:00:00+00:00,164922.3333840643
2023-05-11 08:00:00+00:00,164922.3333840643
2023-05-11 12:00:00+00:00,164922.3333840643
2023-05-11 16:00:00+00:00,164922.3333840643
2023-05-11 20:00:00+00:00,164922.3333840643
2023-05-12 00:00:00+00:00,164922.3333840643
2023-05-12 04:00:00+00:00,164922.3333840643
2023-05-12 08:00:00+00:00,164922.3333840643
2023-05-12 12:00:00+00:00,164922.3333840643
2023-05-12 16:00:00+00:00,164922.3333840643
2023-05-12 20:00:00+00:00,164922.3333840643
2023-05-13 00:00:00+00:00,164922.3333840643
2023-05-13 04:00:00+00:00,164922.3333840643
2023-05-13 08:00:00+00:00,164922.3333840643
2023-05-13 12:00:00+00:00,164922.3333840643
2023-05-13 16:00:00+00:00,164922.3333840643
2023-05-13 20:00:00+00:00,164922.3333840643
2023-05-14 00:00:00+00:00,164922.3333840643
2023-05-14 04:00:00+00:00,164922.3333840643
2023-05-14 08:00:00+00:00,164922.3333840643
2023-05-14 12:00:00+00:00,164922.3333840643
2023-05-14 16:00:00+00:00,164922.3333840643
2023-05-14 20:00:00+00:00,164922.3333840643
2023-05-15 00:00:00+00:00,164922.3333840643
2023-05-15 04:00:00+00:00,164922.3333840643
2023-05-15 08:00:00+00:00,164922.3333840643
2023-05-15 12:00:00+00:00,164922.3333840643
2023-05-15 16:00:00+00:00,164922.3333840643
2023-05-15 20:00:00+00:00,164922.3333840643
2023-05-16 00:00:00+00:00,164922.3333840643
2023-05-16 04:00:00+00:00,164922.3333840643
2023-05-16 08:00:00+00:00,164922.3333840643
2023-05-16 12:00:00+00:00,164922.3333840643
2023-05-16 16:00:00+00:00,164922.3333840643
2023-05-16 20:00:00+00:00,164922.3333840643
2023-05-17 00:00:00+00:00,164922.3333840643
2023-05-17 04:00:00+00:00,164922.3333840643
2023-05-17 08:00:00+00:00,164922.3333840643
2023-05-17 12:00:00+00:00,164922.3333840643
2023-05-17 16:00:00+00:00,164922.3333840643
2023-05-17 20:00:00+00:00,164922.3333840643
2023-05-18 00:00:00+00:00,164922.3333840643
2023-05-18 04:00:00+00:00,164922.3333840643
2023-05-18 08:00:00+00:00,164922.3333840643
2023-05-18 12:00:00+00:00,164922.3333840643
2023-05-18 16:00:00+00:00,164922.3333840643
2023-05-18 20:00:00+00:00,164922.3333840643
2023-05-19 00:00:00+00:00,164922.3333840643
2023-05-19 04:00:00+00:00,164922.3333840643
2023-05-19 08:00:00+00:00,164922.3333840643
2023-05-19 12:00:00+00:00,164922.3333840643
2023-05-19 16:00:00+00:00,164922.3333840643
2023-05-19 20:00:00+00:00,164922.3333840643
2023-05-20 00:00:00+00:00,164922.3333840643
2023-05-20 04:00:00+00:00,164922.3333840643
2023-05-20 08:00:00+00:00,164922.3333840643
2023-05-20 12:00:00+00:00,164922.3333840643
2023-05-20 16:00:00+00:00,164922.3333840643
2023-05-20 20:00:00+00:00,164922.3333840643
2023-05-21 00:00:00+00:00,164922.3333840643
2023-05-21 04:00:00+00:00,164922.3333840643
2023-05-21 08:00:00+00:00,164922.3333840643
2023-05-21 12:00:00+00:00,164922.3333840643
2023-05-21 16:00:00+00:00,164922.3333840643
2023-05-21 20:00:00+00:00,164922.3333840643
2023-05-22 00:00:00+00:00,164922.3333840643
2023-05-22 04:00:00+00:00,164922.3333840643
2023-05-22 08:00:00+00:00,164922.3333840643
2023-05-22 12:00:00+00:00,164922.3333840643
2023-05-22 16:00:00+00:00,164922.3333840643
2023-05-22 20:00:00+00:00,164922.3333840643
2023-05-23 00:00:00+00:00,164922.3333840643
2023-05-23 04:00:00+00:00,164922.3333840643
2023-05-23 08:00:00+00:00,164922.3333840643
2023-05-23 12:00:00+00:00,164922.3333840643
2023-05-23 16:00:00+00:00,164922.3333840643
2023-05-23 20:00:00+00:00,164922.3333840643
2023-05-24 00:00:00+00:00,164922.3333840643
2023-05-24 04:00:00+00:00,164922.3333840643
2023-05-24 08:00:00+00:00,164922.3333840643
2023-05-24 12:00:00+00:00,164922.3333840643
2023-05-24 16:00:00+00:00,164922.3333840643
2023-05-24 20:00:00+00:00,164922.3333840643
2023-05-25 00:00:00+00:00,164922.3333840643
2023-05-25 04:00:00+00:00,164922.3333840643
2023-05-25 08:00:00+00:00,164922.3333840643
2023-05-25 12:00:00+00:00,164922.3333840643
2023-05-25 16:00:00+00:00,164922.3333840643
2023-05-25 20:00:00+00:00,164922.3333840643
2023-05-26 00:00:00+00:00,164922.3333840643
2023-05-26 04:00:00+00:00,164922.3333840643
2023-05-26 08:00:00+00:00,164922.3333840643
2023-05-26 12:00:00+00:00,164922.3333840643
2023-05-26 16:00:00+00:00,164922.3333840643
2023-05-26 20:00:00+00:00,164922.3333840643
2023-05-27 00:00:00+00:00,164922.3333840643
2023-05-27 04:00:00+00:00,164922.3333840643
2023-05-27 08:00:00+00:00,164922.3333840643
2023-05-27 12:00:00+00:00,164922.3333840643
2023-05-27 16:00:00+00:00,164922.3333840643
2023-05-27 20:00:00+00:00,164922.3333840643
2023-05-28 00:00:00+00:00,164922.3333840643
2023-05-28 04:00:00+00:00,164922.3333840643
2023-05-28 08:00:00+00:00,164922.3333840643
2023-05-28 12:00:00+00:00,164922.3333840643
2023-05-28 16:00:00+00:00,164922.3333840643
2023-05-28 20:00:00+00:00,164922.3333840643
2023-05-29 00:00:00+00:00,164922.3333840643
2023-05-29 04:00:00+00:00,164922.3333840643
2023-05-29 08:00:00+00:00,164922.3333840643
2023-05-29 12:00:00+00:00,164922.3333840643
2023-05-29 16:00:00+00:00,164922.3333840643
2023-05-29 20:00:00+00:00,164922.3333840643
2023-05-30 00:00:00+00:00,164922.3333840643
2023-05-30 04:00:00+00:00,164922.3333840643
2023-05-30 08:00:00+00:00,169267.57764743103
2023-05-30 12:00:00+00:00,163655.5863408588
2023-05-30 16:00:00+00:00,164439.48263990803
2023-05-30 20:00:00+00:00,161852.51472375885
2023-05-31 00:00:00+00:00,161526.40779542943
2023-05-31 04:00:00+00:00,158811.48360034826
2023-05-31 08:00:00+00:00,158737.10688218052
2023-05-31 12:00:00+00:00,158737.10688218052
2023-05-31 16:00:00+00:00,158737.10688218052
2023-05-31 20:00:00+00:00,158737.10688218052
2023-06-01 00:00:00+00:00,158737.10688218052
2023-06-01 04:00:00+00:00,158737.10688218052
2023-06-01 08:00:00+00:00,158737.10688218052
2023-06-01 12:00:00+00:00,158737.10688218052
2023-06-01 16:00:00+00:00,158737.10688218052
2023-06-01 20:00:00+00:00,158737.10688218052
2023-06-02 00:00:00+00:00,158737.10688218052
2023-06-02 04:00:00+00:00,158737.10688218052
2023-06-02 08:00:00+00:00,158737.10688218052
2023-06-02 12:00:00+00:00,158737.10688218052
2023-06-02 16:00:00+00:00,158737.10688218052
2023-06-02 20:00:00+00:00,158737.10688218052
2023-06-03 00:00:00+00:00,158737.10688218052
2023-06-03 04:00:00+00:00,158737.10688218052
2023-06-03 08:00:00+00:00,158737.10688218052
2023-06-03 12:00:00+00:00,158737.10688218052
2023-06-03 16:00:00+00:00,158737.10688218052
2023-06-03 20:00:00+00:00,158737.10688218052
2023-06-04 00:00:00+00:00,158737.10688218052
2023-06-04 04:00:00+00:00,158737.10688218052
2023-06-04 08:00:00+00:00,158737.10688218052
2023-06-04 12:00:00+00:00,158737.10688218052
2023-06-04 16:00:00+00:00,158737.10688218052
2023-06-04 20:00:00+00:00,158737.10688218052
2023-06-05 00:00:00+00:00,158737.10688218052
2023-06-05 04:00:00+00:00,158737.10688218052
2023-06-05 08:00:00+00:00,158737.10688218052
2023-06-05 12:00:00+00:00,158737.10688218052
2023-06-05 16:00:00+00:00,158449.74434148343
2023-06-05 20:00:00+00:00,158521.82296709347
2023-06-06 00:00:00+00:00,158527.00602122163
2023-06-06 04:00:00+00:00,158517.00063060463
2023-06-06 08:00:00+00:00,158494.87655100625
2023-06-06 12:00:00+00:00,158775.44851378855
2023-06-06 16:00:00+00:00,159529.19471205235
2023-06-06 20:00:00+00:00,159519.5318950018
2023-06-07 00:00:00+00:00,159519.5318950018
2023-06-07 04:00:00+00:00,159519.5318950018
2023-06-07 08:00:00+00:00,159519.5318950018
2023-06-07 12:00:00+00:00,159519.5318950018
2023-06-07 16:00:00+00:00,159519.5318950018
2023-06-07 20:00:00+00:00,159519.5318950018
2023-06-08 00:00:00+00:00,159519.5318950018
2023-06-08 04:00:00+00:00,159519.5318950018
2023-06-08 08:00:00+00:00,159519.5318950018
2023-06-08 12:00:00+00:00,159519.5318950018
2023-06-08 16:00:00+00:00,159519.5318950018
2023-06-08 20:00:00+00:00,159519.5318950018
2023-06-09 00:00:00+00:00,159519.5318950018
2023-06-09 04:00:00+00:00,159519.5318950018
2023-06-09 08:00:00+00:00,159519.5318950018
2023-06-09 12:00:00+00:00,159519.5318950018
2023-06-09 16:00:00+00:00,159519.5318950018
2023-06-09 20:00:00+00:00,159519.5318950018
2023-06-10 00:00:00+00:00,159519.5318950018
2023-06-10 04:00:00+00:00,159519.5318950018
2023-06-10 08:00:00+00:00,159519.5318950018
2023-06-10 12:00:00+00:00,159519.5318950018
2023-06-10 16:00:00+00:00,159519.5318950018
2023-06-10 20:00:00+00:00,159519.5318950018
2023-06-11 00:00:00+00:00,159519.5318950018
2023-06-11 04:00:00+00:00,159519.5318950018
2023-06-11 08:00:00+00:00,159519.5318950018
2023-06-11 12:00:00+00:00,159519.5318950018
2023-06-11 16:00:00+00:00,159519.5318950018
2023-06-11 20:00:00+00:00,159519.5318950018
2023-06-12 00:00:00+00:00,159519.5318950018
2023-06-12 04:00:00+00:00,159519.5318950018
2023-06-12 08:00:00+00:00,159519.5318950018
2023-06-12 12:00:00+00:00,159519.5318950018
2023-06-12 16:00:00+00:00,159519.5318950018
2023-06-12 20:00:00+00:00,159519.5318950018
2023-06-13 00:00:00+00:00,159519.5318950018
2023-06-13 04:00:00+00:00,159519.5318950018
2023-06-13 08:00:00+00:00,159519.5318950018
2023-06-13 12:00:00+00:00,159519.5318950018
2023-06-13 16:00:00+00:00,159519.5318950018
2023-06-13 20:00:00+00:00,159519.5318950018
2023-06-14 00:00:00+00:00,159519.5318950018
2023-06-14 04:00:00+00:00,159519.5318950018
2023-06-14 08:00:00+00:00,159519.5318950018
2023-06-14 12:00:00+00:00,159519.5318950018
2023-06-14 16:00:00+00:00,159519.5318950018
2023-06-14 20:00:00+00:00,159519.5318950018
2023-06-15 00:00:00+00:00,159519.5318950018
2023-06-15 04:00:00+00:00,159519.5318950018
2023-06-15 08:00:00+00:00,159519.5318950018
2023-06-15 12:00:00+00:00,159519.5318950018
2023-06-15 16:00:00+00:00,159519.5318950018
2023-06-15 20:00:00+00:00,159519.5318950018
2023-06-16 00:00:00+00:00,159519.5318950018
2023-06-16 04:00:00+00:00,159519.5318950018
2023-06-16 08:00:00+00:00,159519.5318950018
2023-06-16 12:00:00+00:00,159519.5318950018
2023-06-16 16:00:00+00:00,159519.5318950018
2023-06-16 20:00:00+00:00,159519.5318950018
2023-06-17 00:00:00+00:00,159519.5318950018
2023-06-17 04:00:00+00:00,159519.5318950018
2023-06-17 08:00:00+00:00,159519.5318950018
2023-06-17 12:00:00+00:00,159519.5318950018
2023-06-17 16:00:00+00:00,159519.5318950018
2023-06-17 20:00:00+00:00,159519.5318950018
2023-06-18 00:00:00+00:00,159519.5318950018
2023-06-18 04:00:00+00:00,159519.5318950018
2023-06-18 08:00:00+00:00,159519.5318950018
2023-06-18 12:00:00+00:00,159519.5318950018
2023-06-18 16:00:00+00:00,159519.5318950018
2023-06-18 20:00:00+00:00,159519.5318950018
2023-06-19 00:00:00+00:00,159519.5318950018
2023-06-19 04:00:00+00:00,159519.5318950018
2023-06-19 08:00:00+00:00,159519.5318950018
2023-06-19 12:00:00+00:00,159519.5318950018
2023-06-19 16:00:00+00:00,159519.5318950018
2023-06-19 20:00:00+00:00,159519.5318950018
2023-06-20 00:00:00+00:00,159519.5318950018
2023-06-20 04:00:00+00:00,159519.5318950018
2023-06-20 08:00:00+00:00,159519.5318950018
2023-06-20 12:00:00+00:00,159519.5318950018
2023-06-20 16:00:00+00:00,159519.5318950018
2023-06-20 20:00:00+00:00,159519.5318950018
2023-06-21 00:00:00+00:00,166282.14322509133
2023-06-21 04:00:00+00:00,169005.5954309187
2023-06-21 08:00:00+00:00,169892.91773930265
2023-06-21 12:00:00+00:00,186267.48000098715
2023-06-21 16:00:00+00:00,191311.2059632673
2023-06-21 20:00:00+00:00,189067.6411649033
2023-06-22 00:00:00+00:00,194626.71668727786
2023-06-22 04:00:00+00:00,190957.5043618498
2023-06-22 08:00:00+00:00,187545.2726208487
2023-06-22 12:00:00+00:00,185994.21927055597
2023-06-22 16:00:00+00:00,192930.44704084034
2023-06-22 20:00:00+00:00,186497.47269160423
2023-06-23 00:00:00+00:00,188841.09295663866
2023-06-23 04:00:00+00:00,187409.00383768234
2023-06-23 08:00:00+00:00,191099.6629669368
2023-06-23 12:00:00+00:00,212301.31382234796
2023-06-23 16:00:00+00:00,204869.50014457537
2023-06-23 20:00:00+00:00,200858.7300508519
2023-06-24 00:00:00+00:00,201709.05550012857
2023-06-24 04:00:00+00:00,198616.10943505462
2023-06-24 08:00:00+00:00,200742.65730084994
2023-06-24 12:00:00+00:00,195134.33396676168
2023-06-24 16:00:00+00:00,197690.92079559385
2023-06-24 20:00:00+00:00,196536.38938429535
2023-06-25 00:00:00+00:00,199059.6162679259
2023-06-25 04:00:00+00:00,198728.7607229616
2023-06-25 08:00:00+00:00,198645.26598799776
2023-06-25 12:00:00+00:00,197041.10776494085
2023-06-25 16:00:00+00:00,195192.82946949438
2023-06-25 20:00:00+00:00,195637.78600328794
2023-06-26 00:00:00+00:00,193574.27700360585
2023-06-26 04:00:00+00:00,194972.57503872807
2023-06-26 08:00:00+00:00,193899.5118495473
2023-06-26 12:00:00+00:00,194993.3319194298
2023-06-26 16:00:00+00:00,192814.42974632132
2023-06-26 20:00:00+00:00,193149.02282870875
2023-06-27 00:00:00+00:00,194387.24806332443
2023-06-27 04:00:00+00:00,194957.80149489726
2023-06-27 08:00:00+00:00,198971.14037399585
2023-06-27 12:00:00+00:00,195953.0367018506
2023-06-27 16:00:00+00:00,197857.2718802249
2023-06-27 20:00:00+00:00,198436.61286774278
2023-06-28 00:00:00+00:00,195270.5899879158
2023-06-28 04:00:00+00:00,191856.36769914167
2023-06-28 08:00:00+00:00,192289.36814140773
2023-06-28 12:00:00+00:00,192793.84195590203
2023-06-28 16:00:00+00:00,191261.18271577547
2023-06-28 20:00:00+00:00,191189.1402349405
2023-06-29 00:00:00+00:00,191189.1402349405
2023-06-29 04:00:00+00:00,191189.1402349405
2023-06-29 08:00:00+00:00,192707.70166749228
2023-06-29 12:00:00+00:00,189855.04950568182
2023-06-29 16:00:00+00:00,190198.4096739162
2023-06-29 20:00:00+00:00,189564.3302660136
2023-06-30 00:00:00+00:00,190969.52012655485
2023-06-30 04:00:00+00:00,191173.5491293116
2023-06-30 08:00:00+00:00,193046.49839934014
2023-06-30 12:00:00+00:00,181297.32149983395
2023-06-30 16:00:00+00:00,181095.7557549116
2023-06-30 20:00:00+00:00,181095.7557549116
2023-07-01 00:00:00+00:00,181095.7557549116
2023-07-01 04:00:00+00:00,181095.7557549116
2023-07-01 08:00:00+00:00,181095.7557549116
2023-07-01 12:00:00+00:00,181095.7557549116
2023-07-01 16:00:00+00:00,181095.7557549116
2023-07-01 20:00:00+00:00,181095.7557549116
2023-07-02 00:00:00+00:00,181095.7557549116
2023-07-02 04:00:00+00:00,181095.7557549116
2023-07-02 08:00:00+00:00,181095.7557549116
2023-07-02 12:00:00+00:00,181095.7557549116
2023-07-02 16:00:00+00:00,181095.7557549116
2023-07-02 20:00:00+00:00,181095.7557549116
2023-07-03 00:00:00+00:00,181095.7557549116
2023-07-03 04:00:00+00:00,181095.7557549116
2023-07-03 08:00:00+00:00,181095.7557549116
2023-07-03 12:00:00+00:00,181095.7557549116
2023-07-03 16:00:00+00:00,181095.7557549116
2023-07-03 20:00:00+00:00,181095.7557549116
2023-07-04 00:00:00+00:00,181095.7557549116
2023-07-04 04:00:00+00:00,181095.7557549116
2023-07-04 08:00:00+00:00,181095.7557549116
2023-07-04 12:00:00+00:00,181095.7557549116
2023-07-04 16:00:00+00:00,181095.7557549116
2023-07-04 20:00:00+00:00,181095.7557549116
2023-07-05 00:00:00+00:00,181095.7557549116
2023-07-05 04:00:00+00:00,181095.7557549116
2023-07-05 08:00:00+00:00,181095.7557549116
2023-07-05 12:00:00+00:00,181095.7557549116
2023-07-05 16:00:00+00:00,181095.7557549116
2023-07-05 20:00:00+00:00,181095.7557549116
2023-07-06 00:00:00+00:00,181095.7557549116
2023-07-06 04:00:00+00:00,181095.7557549116
2023-07-06 08:00:00+00:00,181095.7557549116
2023-07-06 12:00:00+00:00,181095.7557549116
2023-07-06 16:00:00+00:00,181095.7557549116
2023-07-06 20:00:00+00:00,181095.7557549116
2023-07-07 00:00:00+00:00,181095.7557549116
2023-07-07 04:00:00+00:00,181095.7557549116
2023-07-07 08:00:00+00:00,181095.7557549116
2023-07-07 12:00:00+00:00,181095.7557549116
2023-07-07 16:00:00+00:00,181095.7557549116
2023-07-07 20:00:00+00:00,181095.7557549116
2023-07-08 00:00:00+00:00,181095.7557549116
2023-07-08 04:00:00+00:00,181095.7557549116
2023-07-08 08:00:00+00:00,181095.7557549116
2023-07-08 12:00:00+00:00,181095.7557549116
2023-07-08 16:00:00+00:00,181095.7557549116
2023-07-08 20:00:00+00:00,181095.7557549116
2023-07-09 00:00:00+00:00,181095.7557549116
2023-07-09 04:00:00+00:00,181095.7557549116
2023-07-09 08:00:00+00:00,181095.7557549116
2023-07-09 12:00:00+00:00,181095.7557549116
2023-07-09 16:00:00+00:00,181095.7557549116
2023-07-09 20:00:00+00:00,181095.7557549116
2023-07-10 00:00:00+00:00,181095.7557549116
2023-07-10 04:00:00+00:00,181095.7557549116
2023-07-10 08:00:00+00:00,181095.7557549116
2023-07-10 12:00:00+00:00,181095.7557549116
2023-07-10 16:00:00+00:00,181095.7557549116
2023-07-10 20:00:00+00:00,181095.7557549116
2023-07-11 00:00:00+00:00,181095.7557549116
2023-07-11 04:00:00+00:00,181095.7557549116
2023-07-11 08:00:00+00:00,181095.7557549116
2023-07-11 12:00:00+00:00,181095.7557549116
2023-07-11 16:00:00+00:00,181095.7557549116
2023-07-11 20:00:00+00:00,181095.7557549116
2023-07-12 00:00:00+00:00,181095.7557549116
2023-07-12 04:00:00+00:00,181095.7557549116
2023-07-12 08:00:00+00:00,181095.7557549116
2023-07-12 12:00:00+00:00,179431.91608577277
2023-07-12 16:00:00+00:00,177934.55645336694
2023-07-12 20:00:00+00:00,178554.10421535408
2023-07-13 00:00:00+00:00,178032.47856898897
2023-07-13 04:00:00+00:00,178471.34022249182
2023-07-13 08:00:00+00:00,179538.7505166712
2023-07-13 12:00:00+00:00,181904.65410478602
2023-07-13 16:00:00+00:00,193115.79195582843
2023-07-13 20:00:00+00:00,190373.4519358894
2023-07-14 00:00:00+00:00,190382.95617364786
2023-07-14 04:00:00+00:00,184408.90708795676
2023-07-14 08:00:00+00:00,186205.76267468403
2023-07-14 12:00:00+00:00,186712.97626961803
2023-07-14 16:00:00+00:00,167473.7926480708
2023-07-14 20:00:00+00:00,167237.31407106615
2023-07-15 00:00:00+00:00,167237.31407106615
2023-07-15 04:00:00+00:00,167237.31407106615
2023-07-15 08:00:00+00:00,167237.31407106615
2023-07-15 12:00:00+00:00,167237.31407106615
2023-07-15 16:00:00+00:00,167237.31407106615
2023-07-15 20:00:00+00:00,167237.31407106615
2023-07-16 00:00:00+00:00,167237.31407106615
2023-07-16 04:00:00+00:00,167237.31407106615
2023-07-16 08:00:00+00:00,167237.31407106615
2023-07-16 12:00:00+00:00,167237.31407106615
2023-07-16 16:00:00+00:00,167237.31407106615
2023-07-16 20:00:00+00:00,167237.31407106615
2023-07-17 00:00:00+00:00,167237.31407106615
2023-07-17 04:00:00+00:00,167237.31407106615
2023-07-17 08:00:00+00:00,167237.31407106615
2023-07-17 12:00:00+00:00,167237.31407106615
2023-07-17 16:00:00+00:00,167237.31407106615
2023-07-17 20:00:00+00:00,167237.31407106615
2023-07-18 00:00:00+00:00,167237.31407106615
2023-07-18 04:00:00+00:00,167237.31407106615
2023-07-18 08:00:00+00:00,167237.31407106615
2023-07-18 12:00:00+00:00,167237.31407106615
2023-07-18 16:00:00+00:00,167237.31407106615
2023-07-18 20:00:00+00:00,167237.31407106615
2023-07-19 00:00:00+00:00,167237.31407106615
2023-07-19 04:00:00+00:00,167237.31407106615
2023-07-19 08:00:00+00:00,167237.31407106615
2023-07-19 12:00:00+00:00,167237.31407106615
2023-07-19 16:00:00+00:00,167237.31407106615
2023-07-19 20:00:00+00:00,167237.31407106615
2023-07-20 00:00:00+00:00,167237.31407106615
2023-07-20 04:00:00+00:00,167237.31407106615
2023-07-20 08:00:00+00:00,167237.31407106615
2023-07-20 12:00:00+00:00,167237.31407106615
2023-07-20 16:00:00+00:00,167237.31407106615
2023-07-20 20:00:00+00:00,167237.31407106615
2023-07-21 00:00:00+00:00,167237.31407106615
2023-07-21 04:00:00+00:00,167237.31407106615
2023-07-21 08:00:00+00:00,167237.31407106615
2023-07-21 12:00:00+00:00,167237.31407106615
2023-07-21 16:00:00+00:00,167237.31407106615
2023-07-21 20:00:00+00:00,167237.31407106615
2023-07-22 00:00:00+00:00,167237.31407106615
2023-07-22 04:00:00+00:00,167237.31407106615
2023-07-22 08:00:00+00:00,167237.31407106615
2023-07-22 12:00:00+00:00,167237.31407106615
2023-07-22 16:00:00+00:00,167237.31407106615
2023-07-22 20:00:00+00:00,167237.31407106615
2023-07-23 00:00:00+00:00,167237.31407106615
2023-07-23 04:00:00+00:00,167237.31407106615
2023-07-23 08:00:00+00:00,167237.31407106615
2023-07-23 12:00:00+00:00,167237.31407106615
2023-07-23 16:00:00+00:00,167237.31407106615
2023-07-23 20:00:00+00:00,167237.31407106615
2023-07-24 00:00:00+00:00,167237.31407106615
2023-07-24 04:00:00+00:00,167237.31407106615
2023-07-24 08:00:00+00:00,167237.31407106615
2023-07-24 12:00:00+00:00,167237.31407106615
2023-07-24 16:00:00+00:00,167237.31407106615
2023-07-24 20:00:00+00:00,167237.31407106615
2023-07-25 00:00:00+00:00,167237.31407106615
2023-07-25 04:00:00+00:00,167237.31407106615
2023-07-25 08:00:00+00:00,167237.31407106615
2023-07-25 12:00:00+00:00,167237.31407106615
2023-07-25 16:00:00+00:00,167237.31407106615
2023-07-25 20:00:00+00:00,167237.31407106615
2023-07-26 00:00:00+00:00,167237.31407106615
2023-07-26 04:00:00+00:00,167237.31407106615
2023-07-26 08:00:00+00:00,167237.31407106615
2023-07-26 12:00:00+00:00,167237.31407106615
2023-07-26 16:00:00+00:00,167237.31407106615
2023-07-26 20:00:00+00:00,167237.31407106615
2023-07-27 00:00:00+00:00,167237.31407106615
2023-07-27 04:00:00+00:00,167237.31407106615
2023-07-27 08:00:00+00:00,167237.31407106615
2023-07-27 12:00:00+00:00,167237.31407106615
2023-07-27 16:00:00+00:00,167237.31407106615
2023-07-27 20:00:00+00:00,167237.31407106615
2023-07-28 00:00:00+00:00,167237.31407106615
2023-07-28 04:00:00+00:00,167237.31407106615
2023-07-28 08:00:00+00:00,167237.31407106615
2023-07-28 12:00:00+00:00,167237.31407106615
2023-07-28 16:00:00+00:00,167237.31407106615
2023-07-28 20:00:00+00:00,167237.31407106615
2023-07-29 00:00:00+00:00,167237.31407106615
2023-07-29 04:00:00+00:00,167237.31407106615
2023-07-29 08:00:00+00:00,167237.31407106615
2023-07-29 12:00:00+00:00,167237.31407106615
2023-07-29 16:00:00+00:00,167237.31407106615
2023-07-29 20:00:00+00:00,167237.31407106615
2023-07-30 00:00:00+00:00,167237.31407106615
2023-07-30 04:00:00+00:00,167237.31407106615
2023-07-30 08:00:00+00:00,167237.31407106615
2023-07-30 12:00:00+00:00,167237.31407106615
2023-07-30 16:00:00+00:00,167237.31407106615
2023-07-30 20:00:00+00:00,167237.31407106615
2023-07-31 00:00:00+00:00,167237.31407106615
2023-07-31 04:00:00+00:00,167237.31407106615
2023-07-31 08:00:00+00:00,167237.31407106615
2023-07-31 12:00:00+00:00,167237.31407106615
2023-07-31 16:00:00+00:00,167237.31407106615
2023-07-31 20:00:00+00:00,167237.31407106615
2023-08-01 00:00:00+00:00,167237.31407106615
2023-08-01 04:00:00+00:00,167237.31407106615
2023-08-01 08:00:00+00:00,167237.31407106615
2023-08-01 12:00:00+00:00,167237.31407106615
2023-08-01 16:00:00+00:00,167237.31407106615
2023-08-01 20:00:00+00:00,167237.31407106615
2023-08-02 00:00:00+00:00,167237.31407106615
2023-08-02 04:00:00+00:00,167237.31407106615
2023-08-02 08:00:00+00:00,167237.31407106615
2023-08-02 12:00:00+00:00,167237.31407106615
2023-08-02 16:00:00+00:00,167237.31407106615
2023-08-02 20:00:00+00:00,167237.31407106615
2023-08-03 00:00:00+00:00,167237.31407106615
2023-08-03 04:00:00+00:00,167237.31407106615
2023-08-03 08:00:00+00:00,167237.31407106615
2023-08-03 12:00:00+00:00,167237.31407106615
2023-08-03 16:00:00+00:00,167237.31407106615
2023-08-03 20:00:00+00:00,167237.31407106615
2023-08-04 00:00:00+00:00,167237.31407106615
2023-08-04 04:00:00+00:00,167237.31407106615
2023-08-04 08:00:00+00:00,167237.31407106615
2023-08-04 12:00:00+00:00,167237.31407106615
2023-08-04 16:00:00+00:00,167237.31407106615
2023-08-04 20:00:00+00:00,167237.31407106615
2023-08-05 00:00:00+00:00,167237.31407106615
2023-08-05 04:00:00+00:00,167237.31407106615
2023-08-05 08:00:00+00:00,167237.31407106615
2023-08-05 12:00:00+00:00,167237.31407106615
2023-08-05 16:00:00+00:00,167237.31407106615
2023-08-05 20:00:00+00:00,167237.31407106615
2023-08-06 00:00:00+00:00,167237.31407106615
2023-08-06 04:00:00+00:00,167237.31407106615
2023-08-06 08:00:00+00:00,167237.31407106615
2023-08-06 12:00:00+00:00,167237.31407106615
2023-08-06 16:00:00+00:00,167237.31407106615
2023-08-06 20:00:00+00:00,167237.31407106615
2023-08-07 00:00:00+00:00,167237.31407106615
2023-08-07 04:00:00+00:00,167237.31407106615
2023-08-07 08:00:00+00:00,167237.31407106615
2023-08-07 12:00:00+00:00,167237.31407106615
2023-08-07 16:00:00+00:00,167237.31407106615
2023-08-07 20:00:00+00:00,167237.31407106615
2023-08-08 00:00:00+00:00,167237.31407106615
2023-08-08 04:00:00+00:00,167237.31407106615
2023-08-08 08:00:00+00:00,167237.31407106615
2023-08-08 12:00:00+00:00,167237.31407106615
2023-08-08 16:00:00+00:00,167237.31407106615
2023-08-08 20:00:00+00:00,167237.31407106615
2023-08-09 00:00:00+00:00,167237.31407106615
2023-08-09 04:00:00+00:00,167237.31407106615
2023-08-09 08:00:00+00:00,167237.31407106615
2023-08-09 12:00:00+00:00,167237.31407106615
2023-08-09 16:00:00+00:00,167237.31407106615
2023-08-09 20:00:00+00:00,167237.31407106615
2023-08-10 00:00:00+00:00,167237.31407106615
2023-08-10 04:00:00+00:00,167237.31407106615
2023-08-10 08:00:00+00:00,167237.31407106615
2023-08-10 12:00:00+00:00,167237.31407106615
2023-08-10 16:00:00+00:00,167237.31407106615
2023-08-10 20:00:00+00:00,167237.31407106615
2023-08-11 00:00:00+00:00,167237.31407106615
2023-08-11 04:00:00+00:00,167237.31407106615
2023-08-11 08:00:00+00:00,167237.31407106615
2023-08-11 12:00:00+00:00,167237.31407106615
2023-08-11 16:00:00+00:00,167237.31407106615
2023-08-11 20:00:00+00:00,167237.31407106615
2023-08-12 00:00:00+00:00,167237.31407106615
2023-08-12 04:00:00+00:00,167237.31407106615
2023-08-12 08:00:00+00:00,167237.31407106615
2023-08-12 12:00:00+00:00,167237.31407106615
2023-08-12 16:00:00+00:00,167237.31407106615
2023-08-12 20:00:00+00:00,167237.31407106615
2023-08-13 00:00:00+00:00,167237.31407106615
2023-08-13 04:00:00+00:00,167237.31407106615
2023-08-13 08:00:00+00:00,167237.31407106615
2023-08-13 12:00:00+00:00,167237.31407106615
2023-08-13 16:00:00+00:00,167237.31407106615
2023-08-13 20:00:00+00:00,167237.31407106615
2023-08-14 00:00:00+00:00,167237.31407106615
2023-08-14 04:00:00+00:00,167237.31407106615
2023-08-14 08:00:00+00:00,167237.31407106615
2023-08-14 12:00:00+00:00,167237.31407106615
2023-08-14 16:00:00+00:00,167237.31407106615
2023-08-14 20:00:00+00:00,167237.31407106615
2023-08-15 00:00:00+00:00,167237.31407106615
2023-08-15 04:00:00+00:00,167237.31407106615
2023-08-15 08:00:00+00:00,167237.31407106615
2023-08-15 12:00:00+00:00,167237.31407106615
2023-08-15 16:00:00+00:00,167237.31407106615
2023-08-15 20:00:00+00:00,167237.31407106615
2023-08-16 00:00:00+00:00,167237.31407106615
2023-08-16 04:00:00+00:00,167237.31407106615
2023-08-16 08:00:00+00:00,167237.31407106615
2023-08-16 12:00:00+00:00,167237.31407106615
2023-08-16 16:00:00+00:00,167237.31407106615
2023-08-16 20:00:00+00:00,167237.31407106615
2023-08-17 00:00:00+00:00,167129.81174341807
2023-08-17 04:00:00+00:00,167092.53541608472
2023-08-17 08:00:00+00:00,166999.7415279657
2023-08-17 12:00:00+00:00,166982.2514703231
2023-08-17 16:00:00+00:00,166982.2514703231
2023-08-17 20:00:00+00:00,166982.2514703231
2023-08-18 00:00:00+00:00,166982.2514703231
2023-08-18 04:00:00+00:00,166982.2514703231
2023-08-18 08:00:00+00:00,166982.2514703231
2023-08-18 12:00:00+00:00,166982.2514703231
2023-08-18 16:00:00+00:00,166982.2514703231
2023-08-18 20:00:00+00:00,166982.2514703231
2023-08-19 00:00:00+00:00,166982.2514703231
2023-08-19 04:00:00+00:00,166982.2514703231
2023-08-19 08:00:00+00:00,166982.2514703231
2023-08-19 12:00:00+00:00,166982.2514703231
2023-08-19 16:00:00+00:00,166982.2514703231
2023-08-19 20:00:00+00:00,166982.2514703231
2023-08-20 00:00:00+00:00,166982.2514703231
2023-08-20 04:00:00+00:00,166982.2514703231
2023-08-20 08:00:00+00:00,166982.2514703231
2023-08-20 12:00:00+00:00,166982.2514703231
2023-08-20 16:00:00+00:00,166982.2514703231
2023-08-20 20:00:00+00:00,166982.2514703231
2023-08-21 00:00:00+00:00,166982.2514703231
2023-08-21 04:00:00+00:00,166982.2514703231
2023-08-21 08:00:00+00:00,166982.2514703231
2023-08-21 12:00:00+00:00,166982.2514703231
2023-08-21 16:00:00+00:00,166982.2514703231
2023-08-21 20:00:00+00:00,166982.2514703231
2023-08-22 00:00:00+00:00,166982.2514703231
2023-08-22 04:00:00+00:00,166982.2514703231
2023-08-22 08:00:00+00:00,166982.2514703231
2023-08-22 12:00:00+00:00,166982.2514703231
2023-08-22 16:00:00+00:00,166982.2514703231
2023-08-22 20:00:00+00:00,166982.2514703231
2023-08-23 00:00:00+00:00,166982.2514703231
2023-08-23 04:00:00+00:00,166982.2514703231
2023-08-23 08:00:00+00:00,166982.2514703231
2023-08-23 12:00:00+00:00,166982.2514703231
2023-08-23 16:00:00+00:00,166982.2514703231
2023-08-23 20:00:00+00:00,166982.2514703231
2023-08-24 00:00:00+00:00,166982.2514703231
2023-08-24 04:00:00+00:00,166982.2514703231
2023-08-24 08:00:00+00:00,166982.2514703231
2023-08-24 12:00:00+00:00,166982.2514703231
2023-08-24 16:00:00+00:00,166982.2514703231
2023-08-24 20:00:00+00:00,166982.2514703231
2023-08-25 00:00:00+00:00,166982.2514703231
2023-08-25 04:00:00+00:00,166982.2514703231
2023-08-25 08:00:00+00:00,166982.2514703231
2023-08-25 12:00:00+00:00,166982.2514703231
2023-08-25 16:00:00+00:00,166982.2514703231
2023-08-25 20:00:00+00:00,166982.2514703231
2023-08-26 00:00:00+00:00,166982.2514703231
2023-08-26 04:00:00+00:00,166982.2514703231
2023-08-26 08:00:00+00:00,166982.2514703231
2023-08-26 12:00:00+00:00,166982.2514703231
2023-08-26 16:00:00+00:00,166982.2514703231
2023-08-26 20:00:00+00:00,166982.2514703231
2023-08-27 00:00:00+00:00,166982.2514703231
2023-08-27 04:00:00+00:00,166982.2514703231
2023-08-27 08:00:00+00:00,166982.2514703231
2023-08-27 12:00:00+00:00,166982.2514703231
2023-08-27 16:00:00+00:00,166982.2514703231
2023-08-27 20:00:00+00:00,166982.2514703231
2023-08-28 00:00:00+00:00,166982.2514703231
2023-08-28 04:00:00+00:00,166982.2514703231
2023-08-28 08:00:00+00:00,166982.2514703231
2023-08-28 12:00:00+00:00,166982.2514703231
2023-08-28 16:00:00+00:00,166982.2514703231
2023-08-28 20:00:00+00:00,166982.2514703231
2023-08-29 00:00:00+00:00,166982.2514703231
2023-08-29 04:00:00+00:00,166982.2514703231
2023-08-29 08:00:00+00:00,166982.2514703231
2023-08-29 12:00:00+00:00,166982.2514703231
2023-08-29 16:00:00+00:00,166982.2514703231
2023-08-29 20:00:00+00:00,166982.2514703231
2023-08-30 00:00:00+00:00,166982.2514703231
2023-08-30 04:00:00+00:00,166982.2514703231
2023-08-30 08:00:00+00:00,166982.2514703231
2023-08-30 12:00:00+00:00,166982.2514703231
2023-08-30 16:00:00+00:00,166982.2514703231
2023-08-30 20:00:00+00:00,166982.2514703231
2023-08-31 00:00:00+00:00,166982.2514703231
2023-08-31 04:00:00+00:00,166982.2514703231
2023-08-31 08:00:00+00:00,166982.2514703231
2023-08-31 12:00:00+00:00,166982.2514703231
2023-08-31 16:00:00+00:00,166982.2514703231
2023-08-31 20:00:00+00:00,166982.2514703231
2023-09-01 00:00:00+00:00,166982.2514703231
2023-09-01 04:00:00+00:00,166982.2514703231
2023-09-01 08:00:00+00:00,166982.2514703231
2023-09-01 12:00:00+00:00,166982.2514703231
2023-09-01 16:00:00+00:00,166982.2514703231
2023-09-01 20:00:00+00:00,166982.2514703231
2023-09-02 00:00:00+00:00,166982.2514703231
2023-09-02 04:00:00+00:00,166982.2514703231
2023-09-02 08:00:00+00:00,166982.2514703231
2023-09-02 12:00:00+00:00,166982.2514703231
2023-09-02 16:00:00+00:00,166982.2514703231
2023-09-02 20:00:00+00:00,166982.2514703231
2023-09-03 00:00:00+00:00,166982.2514703231
2023-09-03 04:00:00+00:00,166982.2514703231
2023-09-03 08:00:00+00:00,166982.2514703231
2023-09-03 12:00:00+00:00,166982.2514703231
2023-09-03 16:00:00+00:00,166982.2514703231
2023-09-03 20:00:00+00:00,166982.2514703231
2023-09-04 00:00:00+00:00,166982.2514703231
2023-09-04 04:00:00+00:00,166982.2514703231
2023-09-04 08:00:00+00:00,166982.2514703231
2023-09-04 12:00:00+00:00,166982.2514703231
2023-09-04 16:00:00+00:00,166982.2514703231
2023-09-04 20:00:00+00:00,166982.2514703231
2023-09-05 00:00:00+00:00,166982.2514703231
2023-09-05 04:00:00+00:00,166982.2514703231
2023-09-05 08:00:00+00:00,166982.2514703231
2023-09-05 12:00:00+00:00,166982.2514703231
2023-09-05 16:00:00+00:00,166982.2514703231
2023-09-05 20:00:00+00:00,166982.2514703231
2023-09-06 00:00:00+00:00,166982.2514703231
2023-09-06 04:00:00+00:00,166982.2514703231
2023-09-06 08:00:00+00:00,166982.2514703231
2023-09-06 12:00:00+00:00,166982.2514703231
2023-09-06 16:00:00+00:00,166982.2514703231
2023-09-06 20:00:00+00:00,166982.2514703231
2023-09-07 00:00:00+00:00,166982.2514703231
2023-09-07 04:00:00+00:00,166982.2514703231
2023-09-07 08:00:00+00:00,166982.2514703231
2023-09-07 12:00:00+00:00,166982.2514703231
2023-09-07 16:00:00+00:00,166982.2514703231
2023-09-07 20:00:00+00:00,166982.2514703231
2023-09-08 00:00:00+00:00,166982.2514703231
2023-09-08 04:00:00+00:00,166982.2514703231
2023-09-08 08:00:00+00:00,166982.2514703231
2023-09-08 12:00:00+00:00,166982.2514703231
2023-09-08 16:00:00+00:00,166982.2514703231
2023-09-08 20:00:00+00:00,166982.2514703231
2023-09-09 00:00:00+00:00,166982.2514703231
2023-09-09 04:00:00+00:00,166982.2514703231
2023-09-09 08:00:00+00:00,166982.2514703231
2023-09-09 12:00:00+00:00,166982.2514703231
2023-09-09 16:00:00+00:00,166982.2514703231
2023-09-09 20:00:00+00:00,166982.2514703231
2023-09-10 00:00:00+00:00,166982.2514703231
2023-09-10 04:00:00+00:00,166982.2514703231
2023-09-10 08:00:00+00:00,166982.2514703231
2023-09-10 12:00:00+00:00,166982.2514703231
2023-09-10 16:00:00+00:00,166982.2514703231
2023-09-10 20:00:00+00:00,166982.2514703231
2023-09-11 00:00:00+00:00,166982.2514703231
2023-09-11 04:00:00+00:00,166982.2514703231
2023-09-11 08:00:00+00:00,166982.2514703231
2023-09-11 12:00:00+00:00,166982.2514703231
2023-09-11 16:00:00+00:00,166879.982611883
2023-09-11 20:00:00+00:00,167015.96596780187
2023-09-12 00:00:00+00:00,167003.99030399133
2023-09-12 04:00:00+00:00,167003.99030399133
2023-09-12 08:00:00+00:00,167003.99030399133
2023-09-12 12:00:00+00:00,167003.99030399133
2023-09-12 16:00:00+00:00,167003.99030399133
2023-09-12 20:00:00+00:00,167003.99030399133
2023-09-13 00:00:00+00:00,167003.99030399133
2023-09-13 04:00:00+00:00,167003.99030399133
2023-09-13 08:00:00+00:00,167003.99030399133
2023-09-13 12:00:00+00:00,167003.99030399133
2023-09-13 16:00:00+00:00,167003.99030399133
2023-09-13 20:00:00+00:00,167003.99030399133
2023-09-14 00:00:00+00:00,167003.99030399133
2023-09-14 04:00:00+00:00,167003.99030399133
2023-09-14 08:00:00+00:00,167003.99030399133
2023-09-14 12:00:00+00:00,167003.99030399133
2023-09-14 16:00:00+00:00,167003.99030399133
2023-09-14 20:00:00+00:00,167003.99030399133
2023-09-15 00:00:00+00:00,167003.99030399133
2023-09-15 04:00:00+00:00,167003.99030399133
2023-09-15 08:00:00+00:00,167003.99030399133
2023-09-15 12:00:00+00:00,167003.99030399133
2023-09-15 16:00:00+00:00,167003.99030399133
2023-09-15 20:00:00+00:00,167003.99030399133
2023-09-16 00:00:00+00:00,167003.99030399133
2023-09-16 04:00:00+00:00,167003.99030399133
2023-09-16 08:00:00+00:00,167003.99030399133
2023-09-16 12:00:00+00:00,167003.99030399133
2023-09-16 16:00:00+00:00,167003.99030399133
2023-09-16 20:00:00+00:00,167171.8825130367
2023-09-17 00:00:00+00:00,166528.50565764768
2023-09-17 04:00:00+00:00,166020.97823155654
2023-09-17 08:00:00+00:00,167282.8047292667
2023-09-17 12:00:00+00:00,166980.9739607782
2023-09-17 16:00:00+00:00,166162.66220304897
2023-09-17 20:00:00+00:00,166569.87317582153
2023-09-18 00:00:00+00:00,168923.2344530252
2023-09-18 04:00:00+00:00,170055.70777848765
2023-09-18 08:00:00+00:00,180329.70605845485
2023-09-18 12:00:00+00:00,182312.20775040583
2023-09-18 16:00:00+00:00,169593.68436644156
2023-09-18 20:00:00+00:00,168987.35784690306
2023-09-19 00:00:00+00:00,169330.58689214592
2023-09-19 04:00:00+00:00,169525.66925840388
2023-09-19 08:00:00+00:00,171971.92342547455
2023-09-19 12:00:00+00:00,175236.4741967257
2023-09-19 16:00:00+00:00,170817.52985983214
2023-09-19 20:00:00+00:00,171248.82443648673
2023-09-20 00:00:00+00:00,169642.11286450154
2023-09-20 04:00:00+00:00,169379.32433355978
2023-09-20 08:00:00+00:00,169361.50602999798
2023-09-20 12:00:00+00:00,169843.92897823825
2023-09-20 16:00:00+00:00,165412.86255145285
2023-09-20 20:00:00+00:00,166319.16009290918
2023-09-21 00:00:00+00:00,165873.24240731462
2023-09-21 04:00:00+00:00,165604.59130935624
2023-09-21 08:00:00+00:00,164184.46161371208
2023-09-21 12:00:00+00:00,164110.52221480836
2023-09-21 16:00:00+00:00,164110.52221480836
2023-09-21 20:00:00+00:00,164110.52221480836
2023-09-22 00:00:00+00:00,164110.52221480836
2023-09-22 04:00:00+00:00,164110.52221480836
2023-09-22 08:00:00+00:00,164110.52221480836
2023-09-22 12:00:00+00:00,164110.52221480836
2023-09-22 16:00:00+00:00,164110.52221480836
2023-09-22 20:00:00+00:00,164110.52221480836
2023-09-23 00:00:00+00:00,164110.52221480836
2023-09-23 04:00:00+00:00,164110.52221480836
2023-09-23 08:00:00+00:00,164110.52221480836
2023-09-23 12:00:00+00:00,164110.52221480836
2023-09-23 16:00:00+00:00,164110.52221480836
2023-09-23 20:00:00+00:00,164110.52221480836
2023-09-24 00:00:00+00:00,164110.52221480836
2023-09-24 04:00:00+00:00,164110.52221480836
2023-09-24 08:00:00+00:00,164110.52221480836
2023-09-24 12:00:00+00:00,164110.52221480836
2023-09-24 16:00:00+00:00,164110.52221480836
2023-09-24 20:00:00+00:00,164110.52221480836
2023-09-25 00:00:00+00:00,164110.52221480836
2023-09-25 04:00:00+00:00,164110.52221480836
2023-09-25 08:00:00+00:00,164110.52221480836
2023-09-25 12:00:00+00:00,164110.52221480836
2023-09-25 16:00:00+00:00,164110.52221480836
2023-09-25 20:00:00+00:00,164110.52221480836
2023-09-26 00:00:00+00:00,164110.52221480836
2023-09-26 04:00:00+00:00,164110.52221480836
2023-09-26 08:00:00+00:00,164110.52221480836
2023-09-26 12:00:00+00:00,164110.52221480836
2023-09-26 16:00:00+00:00,164110.52221480836
2023-09-26 20:00:00+00:00,164110.52221480836
2023-09-27 00:00:00+00:00,164110.52221480836
2023-09-27 04:00:00+00:00,164110.52221480836
2023-09-27 08:00:00+00:00,164110.52221480836
2023-09-27 12:00:00+00:00,164110.52221480836
2023-09-27 16:00:00+00:00,164110.52221480836
2023-09-27 20:00:00+00:00,164110.52221480836
2023-09-28 00:00:00+00:00,164110.52221480836
2023-09-28 04:00:00+00:00,164110.52221480836
2023-09-28 08:00:00+00:00,164110.52221480836
2023-09-28 12:00:00+00:00,164110.52221480836
2023-09-28 16:00:00+00:00,164110.52221480836
2023-09-28 20:00:00+00:00,164110.52221480836
2023-09-29 00:00:00+00:00,164110.52221480836
2023-09-29 04:00:00+00:00,167858.8871177582
2023-09-29 08:00:00+00:00,164067.26698822295
2023-09-29 12:00:00+00:00,162575.15168984784
2023-09-29 16:00:00+00:00,163246.06475166584
2023-09-29 20:00:00+00:00,162857.7996022983
2023-09-30 00:00:00+00:00,163089.45218944817
2023-09-30 04:00:00+00:00,163298.62808323046
2023-09-30 08:00:00+00:00,163443.35848508487
2023-09-30 12:00:00+00:00,164578.2822727005
2023-09-30 16:00:00+00:00,165031.19582992262
2023-09-30 20:00:00+00:00,163918.4584609875
2023-10-01 00:00:00+00:00,165425.1701817787
2023-10-01 04:00:00+00:00,166517.48548863374
2023-10-01 08:00:00+00:00,168044.69887958287
2023-10-01 12:00:00+00:00,167327.47875545066
2023-10-01 16:00:00+00:00,166506.41343760438
2023-10-01 20:00:00+00:00,183033.4083410861
2023-10-02 00:00:00+00:00,186429.60046194954
2023-10-02 04:00:00+00:00,191381.3211838721
2023-10-02 08:00:00+00:00,188199.8163318731
2023-10-02 12:00:00+00:00,183648.82696408642
2023-10-02 16:00:00+00:00,182074.11104250385
2023-10-02 20:00:00+00:00,169467.73612395657
2023-10-03 00:00:00+00:00,170891.88905967536
2023-10-03 04:00:00+00:00,170043.21451717807
2023-10-03 08:00:00+00:00,170344.47099857946
2023-10-03 12:00:00+00:00,167157.266392963
2023-10-03 16:00:00+00:00,166157.04235531823
2023-10-03 20:00:00+00:00,168301.4634161373
2023-10-04 00:00:00+00:00,168101.6671392694
2023-10-04 04:00:00+00:00,168101.6671392694
2023-10-04 08:00:00+00:00,168101.6671392694
2023-10-04 12:00:00+00:00,165110.77532337286
2023-10-04 16:00:00+00:00,166179.65925889276
2023-10-04 20:00:00+00:00,168435.4840286112
2023-10-05 00:00:00+00:00,166540.75036840147
2023-10-05 04:00:00+00:00,165873.19971603501
2023-10-05 08:00:00+00:00,167686.98117778564
2023-10-05 12:00:00+00:00,165013.27614704828
2023-10-05 16:00:00+00:00,164435.55715668318
2023-10-05 20:00:00+00:00,164123.31237262973
2023-10-06 00:00:00+00:00,164903.86136400787
2023-10-06 04:00:00+00:00,166068.22754954948
2023-10-06 08:00:00+00:00,168042.27724484247
2023-10-06 12:00:00+00:00,170900.47603876612
2023-10-06 16:00:00+00:00,171121.06798477788
2023-10-06 20:00:00+00:00,170747.63036350126
2023-10-07 00:00:00+00:00,170322.4781732253
2023-10-07 04:00:00+00:00,170115.0798165766
2023-10-07 08:00:00+00:00,170937.6071079681
2023-10-07 12:00:00+00:00,170888.50621166345
2023-10-07 16:00:00+00:00,169623.86667244442
2023-10-07 20:00:00+00:00,171143.50497879676
2023-10-08 00:00:00+00:00,172892.95138443864
2023-10-08 04:00:00+00:00,170296.86774703968
2023-10-08 08:00:00+00:00,169548.66371755907
2023-10-08 12:00:00+00:00,170100.35108634937
2023-10-08 16:00:00+00:00,170070.63570518518
2023-10-08 20:00:00+00:00,170206.77925258322
2023-10-09 00:00:00+00:00,170269.5277209404
2023-10-09 04:00:00+00:00,169567.1824772791
2023-10-09 08:00:00+00:00,167278.97171116868
2023-10-09 12:00:00+00:00,167189.22578428022
2023-10-09 16:00:00+00:00,167189.22578428022
2023-10-09 20:00:00+00:00,167189.22578428022
2023-10-10 00:00:00+00:00,167189.22578428022
2023-10-10 04:00:00+00:00,167189.22578428022
2023-10-10 08:00:00+00:00,167189.22578428022
2023-10-10 12:00:00+00:00,167189.22578428022
2023-10-10 16:00:00+00:00,167189.22578428022
2023-10-10 20:00:00+00:00,167189.22578428022
2023-10-11 00:00:00+00:00,167189.22578428022
2023-10-11 04:00:00+00:00,167189.22578428022
2023-10-11 08:00:00+00:00,167189.22578428022
2023-10-11 12:00:00+00:00,167189.22578428022
2023-10-11 16:00:00+00:00,167189.22578428022
2023-10-11 20:00:00+00:00,167189.22578428022
2023-10-12 00:00:00+00:00,167189.22578428022
2023-10-12 04:00:00+00:00,167189.22578428022
2023-10-12 08:00:00+00:00,167189.22578428022
2023-10-12 12:00:00+00:00,167189.22578428022
2023-10-12 16:00:00+00:00,167189.22578428022
2023-10-12 20:00:00+00:00,167189.22578428022
2023-10-13 00:00:00+00:00,167189.22578428022
2023-10-13 04:00:00+00:00,167189.22578428022
2023-10-13 08:00:00+00:00,167189.22578428022
2023-10-13 12:00:00+00:00,167189.22578428022
2023-10-13 16:00:00+00:00,167189.22578428022
2023-10-13 20:00:00+00:00,167189.22578428022
2023-10-14 00:00:00+00:00,167189.22578428022
2023-10-14 04:00:00+00:00,167189.22578428022
2023-10-14 08:00:00+00:00,167189.22578428022
2023-10-14 12:00:00+00:00,167189.22578428022
2023-10-14 16:00:00+00:00,167189.22578428022
2023-10-14 20:00:00+00:00,167189.22578428022
2023-10-15 00:00:00+00:00,167189.22578428022
2023-10-15 04:00:00+00:00,167189.22578428022
2023-10-15 08:00:00+00:00,167189.22578428022
2023-10-15 12:00:00+00:00,167189.22578428022
2023-10-15 16:00:00+00:00,167189.22578428022
2023-10-15 20:00:00+00:00,167189.22578428022
2023-10-16 00:00:00+00:00,167189.22578428022
2023-10-16 04:00:00+00:00,167189.22578428022
2023-10-16 08:00:00+00:00,167189.22578428022
2023-10-16 12:00:00+00:00,167189.22578428022
2023-10-16 16:00:00+00:00,167189.22578428022
2023-10-16 20:00:00+00:00,167417.20830374246
2023-10-17 00:00:00+00:00,163762.58479046987
2023-10-17 04:00:00+00:00,166122.38874448263
2023-10-17 08:00:00+00:00,166125.2126879225
2023-10-17 12:00:00+00:00,166719.33394924365
2023-10-17 16:00:00+00:00,167586.103739165
2023-10-17 20:00:00+00:00,165695.25848680403
2023-10-18 00:00:00+00:00,167135.23010195317
2023-10-18 04:00:00+00:00,166970.5365769863
2023-10-18 08:00:00+00:00,164961.40702943402
2023-10-18 12:00:00+00:00,163795.1394828927
2023-10-18 16:00:00+00:00,163764.02119504687
2023-10-18 20:00:00+00:00,164695.87204552907
2023-10-19 00:00:00+00:00,163940.89736632057
2023-10-19 04:00:00+00:00,164797.49089693523
2023-10-19 08:00:00+00:00,166332.76629942816
2023-10-19 12:00:00+00:00,169178.66885370732
2023-10-19 16:00:00+00:00,170185.53752038517
2023-10-19 20:00:00+00:00,169698.18751368922
2023-10-20 00:00:00+00:00,176502.28213458468
2023-10-20 04:00:00+00:00,176533.54513816934
2023-10-20 08:00:00+00:00,187375.4365280086
2023-10-20 12:00:00+00:00,181910.53435661635
2023-10-20 16:00:00+00:00,182100.16093442432
2023-10-20 20:00:00+00:00,184000.2136145884
2023-10-21 00:00:00+00:00,182859.5258964835
2023-10-21 04:00:00+00:00,184521.14171500393
2023-10-21 08:00:00+00:00,186608.85497695804
2023-10-21 12:00:00+00:00,188887.9932835437
2023-10-21 16:00:00+00:00,192857.95777552834
2023-10-21 20:00:00+00:00,188396.24025883092
2023-10-22 00:00:00+00:00,188343.37653412452
2023-10-22 04:00:00+00:00,186953.43718034515
2023-10-22 08:00:00+00:00,188309.38448646458
2023-10-22 12:00:00+00:00,187149.8255945878
2023-10-22 16:00:00+00:00,187347.25923349013
2023-10-22 20:00:00+00:00,189520.48157252138
2023-10-23 00:00:00+00:00,200204.81711105342
2023-10-23 04:00:00+00:00,195849.20109812118
2023-10-23 08:00:00+00:00,198455.5879492975
2023-10-23 12:00:00+00:00,202783.4706328934
2023-10-23 16:00:00+00:00,212288.5116277325
2023-10-23 20:00:00+00:00,248018.77665039062
2023-10-24 00:00:00+00:00,270687.4868802915
2023-10-24 04:00:00+00:00,269885.29007777956
2023-10-24 08:00:00+00:00,277100.5277114597
2023-10-24 12:00:00+00:00,264826.4452684524
2023-10-24 16:00:00+00:00,265844.01628079446
2023-10-24 20:00:00+00:00,267032.1358452735
2023-10-25 00:00:00+00:00,267823.63396703004
2023-10-25 04:00:00+00:00,266394.30869100924
2023-10-25 08:00:00+00:00,269614.5898029391
2023-10-25 12:00:00+00:00,275767.44730854675
2023-10-25 16:00:00+00:00,274201.2686918578
2023-10-25 20:00:00+00:00,270956.4169616483
2023-10-26 00:00:00+00:00,273809.9112548937
2023-10-26 04:00:00+00:00,272466.53358940606
2023-10-26 08:00:00+00:00,267003.25156356755
2023-10-26 12:00:00+00:00,266465.2510974078
2023-10-26 16:00:00+00:00,266452.30291946325
2023-10-26 20:00:00+00:00,267463.24073856586
2023-10-27 00:00:00+00:00,267131.4655731939
2023-10-27 04:00:00+00:00,265444.1795203213
2023-10-27 08:00:00+00:00,266414.60019749706
2023-10-27 12:00:00+00:00,265974.216774306
2023-10-27 16:00:00+00:00,262912.43015616003
2023-10-27 20:00:00+00:00,264767.7460336516
2023-10-28 00:00:00+00:00,266471.4098710602
2023-10-28 04:00:00+00:00,266359.34984155756
2023-10-28 08:00:00+00:00,267568.04564585513
2023-10-28 12:00:00+00:00,267740.73054211814
2023-10-28 16:00:00+00:00,266896.8415165091
2023-10-28 20:00:00+00:00,266582.4361178829
2023-10-29 00:00:00+00:00,265501.54106068343
2023-10-29 04:00:00+00:00,266541.6884222223
2023-10-29 08:00:00+00:00,268357.9101552725
2023-10-29 12:00:00+00:00,270243.1516724116
2023-10-29 16:00:00+00:00,271292.5884181207
2023-10-29 20:00:00+00:00,270865.76161876676
2023-10-30 00:00:00+00:00,268324.0248597971
2023-10-30 04:00:00+00:00,267482.3707966978
2023-10-30 08:00:00+00:00,271774.9386291462
2023-10-30 12:00:00+00:00,272139.1378553872
2023-10-30 16:00:00+00:00,269870.04806242645
2023-10-30 20:00:00+00:00,270305.19941305893
2023-10-31 00:00:00+00:00,267648.1996203272
2023-10-31 04:00:00+00:00,266973.87473886006
2023-10-31 08:00:00+00:00,270429.77821901144
2023-10-31 12:00:00+00:00,268305.2258071136
2023-10-31 16:00:00+00:00,270883.27725114865
2023-10-31 20:00:00+00:00,271856.35496020276
2023-11-01 00:00:00+00:00,269619.6148845237
2023-11-01 04:00:00+00:00,269956.1952992668
2023-11-01 08:00:00+00:00,269713.41228739754
2023-11-01 12:00:00+00:00,268263.8717330094
2023-11-01 16:00:00+00:00,269821.0847566533
2023-11-01 20:00:00+00:00,284991.70322257414
2023-11-02 00:00:00+00:00,288021.71498105384
2023-11-02 04:00:00+00:00,281227.26834098547
2023-11-02 08:00:00+00:00,282662.41635714495
2023-11-02 12:00:00+00:00,270533.6303569951
2023-11-02 16:00:00+00:00,272221.522740246
2023-11-02 20:00:00+00:00,271910.8143129389
2023-11-03 00:00:00+00:00,270500.4281977017
2023-11-03 04:00:00+00:00,269374.2468947574
2023-11-03 08:00:00+00:00,268256.95255356404
2023-11-03 12:00:00+00:00,268164.7333980433
2023-11-03 16:00:00+00:00,266799.0911253818
2023-11-03 20:00:00+00:00,267750.4512065893
2023-11-04 00:00:00+00:00,267729.768307857
2023-11-04 04:00:00+00:00,268038.16587146453
2023-11-04 08:00:00+00:00,267744.64264512504
2023-11-04 12:00:00+00:00,267763.3941884674
2023-11-04 16:00:00+00:00,267804.6931754777
2023-11-04 20:00:00+00:00,267714.2847344137
2023-11-05 00:00:00+00:00,267714.2847344137
2023-11-05 04:00:00+00:00,267714.2847344137
2023-11-05 08:00:00+00:00,267714.2847344137
2023-11-05 12:00:00+00:00,267714.2847344137
2023-11-05 16:00:00+00:00,267714.2847344137
2023-11-05 20:00:00+00:00,267714.2847344137
2023-11-06 00:00:00+00:00,267714.2847344137
2023-11-06 04:00:00+00:00,267714.2847344137
2023-11-06 08:00:00+00:00,267714.2847344137
2023-11-06 12:00:00+00:00,267714.2847344137
2023-11-06 16:00:00+00:00,267714.2847344137
2023-11-06 20:00:00+00:00,267714.2847344137
2023-11-07 00:00:00+00:00,267714.2847344137
2023-11-07 04:00:00+00:00,267714.2847344137
2023-11-07 08:00:00+00:00,267714.2847344137
2023-11-07 12:00:00+00:00,267714.2847344137
2023-11-07 16:00:00+00:00,267714.2847344137
2023-11-07 20:00:00+00:00,267714.2847344137
2023-11-08 00:00:00+00:00,267714.2847344137
2023-11-08 04:00:00+00:00,267714.2847344137
2023-11-08 08:00:00+00:00,267714.2847344137
2023-11-08 12:00:00+00:00,267714.2847344137
2023-11-08 16:00:00+00:00,267714.2847344137
2023-11-08 20:00:00+00:00,267714.2847344137
2023-11-09 00:00:00+00:00,267714.2847344137
2023-11-09 04:00:00+00:00,267714.2847344137
2023-11-09 08:00:00+00:00,267714.2847344137
2023-11-09 12:00:00+00:00,267714.2847344137
2023-11-09 16:00:00+00:00,253439.12545705895
2023-11-09 20:00:00+00:00,257088.98223480923
2023-11-10 00:00:00+00:00,257464.31986982794
2023-11-10 04:00:00+00:00,254213.05395118755
2023-11-10 08:00:00+00:00,261447.595260157
2023-11-10 12:00:00+00:00,261679.78886606966
2023-11-10 16:00:00+00:00,263244.84237174195
2023-11-10 20:00:00+00:00,264162.987121884
2023-11-11 00:00:00+00:00,260935.5529346428
2023-11-11 04:00:00+00:00,260534.68570696987
2023-11-11 08:00:00+00:00,260266.62207074
2023-11-11 12:00:00+00:00,260948.57625719422
2023-11-11 16:00:00+00:00,262149.4522182146
2023-11-11 20:00:00+00:00,261961.2116554964
2023-11-12 00:00:00+00:00,260158.75179716863
2023-11-12 04:00:00+00:00,261792.7574221202
2023-11-12 08:00:00+00:00,260898.3500084754
2023-11-12 12:00:00+00:00,261975.21598260792
2023-11-12 16:00:00+00:00,261327.29256428385
2023-11-12 20:00:00+00:00,260750.59674846515
2023-11-13 00:00:00+00:00,258894.4728809918
2023-11-13 04:00:00+00:00,259382.3380872831
2023-11-13 08:00:00+00:00,257625.75828287256
2023-11-13 12:00:00+00:00,258020.42290279004
2023-11-13 16:00:00+00:00,258000.84584663692
2023-11-13 20:00:00+00:00,253374.1459819677
2023-11-14 00:00:00+00:00,253160.09149884272
2023-11-14 04:00:00+00:00,253160.09149884272
2023-11-14 08:00:00+00:00,253160.09149884272
2023-11-14 12:00:00+00:00,253160.09149884272
2023-11-14 16:00:00+00:00,253160.09149884272
2023-11-14 20:00:00+00:00,253301.86210898243
2023-11-15 00:00:00+00:00,253209.64455565435
2023-11-15 04:00:00+00:00,253323.14572768495
2023-11-15 08:00:00+00:00,253713.65116357192
2023-11-15 12:00:00+00:00,253806.32975138034
2023-11-15 16:00:00+00:00,254457.04776534135
2023-11-15 20:00:00+00:00,254446.36339115046
2023-11-16 00:00:00+00:00,254446.36339115046
2023-11-16 04:00:00+00:00,254446.36339115046
2023-11-16 08:00:00+00:00,254446.36339115046
2023-11-16 12:00:00+00:00,254446.36339115046
2023-11-16 16:00:00+00:00,254446.36339115046
2023-11-16 20:00:00+00:00,254446.36339115046
2023-11-17 00:00:00+00:00,254446.36339115046
2023-11-17 04:00:00+00:00,254446.36339115046
2023-11-17 08:00:00+00:00,254446.36339115046
2023-11-17 12:00:00+00:00,254446.36339115046
2023-11-17 16:00:00+00:00,254446.36339115046
2023-11-17 20:00:00+00:00,254446.36339115046
2023-11-18 00:00:00+00:00,254446.36339115046
2023-11-18 04:00:00+00:00,254446.36339115046
2023-11-18 08:00:00+00:00,254446.36339115046
2023-11-18 12:00:00+00:00,254446.36339115046
2023-11-18 16:00:00+00:00,254446.36339115046
2023-11-18 20:00:00+00:00,254446.36339115046
2023-11-19 00:00:00+00:00,254446.36339115046
2023-11-19 04:00:00+00:00,254446.36339115046
2023-11-19 08:00:00+00:00,254446.36339115046
2023-11-19 12:00:00+00:00,254446.36339115046
2023-11-19 16:00:00+00:00,254446.36339115046
2023-11-19 20:00:00+00:00,254446.36339115046
2023-11-20 00:00:00+00:00,254446.36339115046
2023-11-20 04:00:00+00:00,254446.36339115046
2023-11-20 08:00:00+00:00,254446.36339115046
2023-11-20 12:00:00+00:00,254446.36339115046
2023-11-20 16:00:00+00:00,254446.36339115046
2023-11-20 20:00:00+00:00,254446.36339115046
2023-11-21 00:00:00+00:00,254446.36339115046
2023-11-21 04:00:00+00:00,254446.36339115046
2023-11-21 08:00:00+00:00,254446.36339115046
2023-11-21 12:00:00+00:00,254446.36339115046
2023-11-21 16:00:00+00:00,254446.36339115046
2023-11-21 20:00:00+00:00,254446.36339115046
2023-11-22 00:00:00+00:00,254446.36339115046
2023-11-22 04:00:00+00:00,254446.36339115046
2023-11-22 08:00:00+00:00,254446.36339115046
2023-11-22 12:00:00+00:00,254446.36339115046
2023-11-22 16:00:00+00:00,254446.36339115046
2023-11-22 20:00:00+00:00,254446.36339115046
2023-11-23 00:00:00+00:00,254446.36339115046
2023-11-23 04:00:00+00:00,254446.36339115046
2023-11-23 08:00:00+00:00,254446.36339115046
2023-11-23 12:00:00+00:00,254446.36339115046
2023-11-23 16:00:00+00:00,254446.36339115046
2023-11-23 20:00:00+00:00,254446.36339115046
2023-11-24 00:00:00+00:00,254446.36339115046
2023-11-24 04:00:00+00:00,254446.36339115046
2023-11-24 08:00:00+00:00,254446.36339115046
2023-11-24 12:00:00+00:00,254446.36339115046
2023-11-24 16:00:00+00:00,254446.36339115046
2023-11-24 20:00:00+00:00,254446.36339115046
2023-11-25 00:00:00+00:00,254446.36339115046
2023-11-25 04:00:00+00:00,254446.36339115046
2023-11-25 08:00:00+00:00,254446.36339115046
2023-11-25 12:00:00+00:00,254446.36339115046
2023-11-25 16:00:00+00:00,254446.36339115046
2023-11-25 20:00:00+00:00,254446.36339115046
2023-11-26 00:00:00+00:00,254446.36339115046
2023-11-26 04:00:00+00:00,254446.36339115046
2023-11-26 08:00:00+00:00,254446.36339115046
2023-11-26 12:00:00+00:00,254446.36339115046
2023-11-26 16:00:00+00:00,254446.36339115046
2023-11-26 20:00:00+00:00,254446.36339115046
2023-11-27 00:00:00+00:00,254446.36339115046
2023-11-27 04:00:00+00:00,254446.36339115046
2023-11-27 08:00:00+00:00,254446.36339115046
2023-11-27 12:00:00+00:00,254446.36339115046
2023-11-27 16:00:00+00:00,254446.36339115046
2023-11-27 20:00:00+00:00,254446.36339115046
2023-11-28 00:00:00+00:00,254446.36339115046
2023-11-28 04:00:00+00:00,254446.36339115046
2023-11-28 08:00:00+00:00,254446.36339115046
2023-11-28 12:00:00+00:00,254446.36339115046
2023-11-28 16:00:00+00:00,254446.36339115046
2023-11-28 20:00:00+00:00,254446.36339115046
2023-11-29 00:00:00+00:00,254446.36339115046
2023-11-29 04:00:00+00:00,254446.36339115046
2023-11-29 08:00:00+00:00,254446.36339115046
2023-11-29 12:00:00+00:00,254446.36339115046
2023-11-29 16:00:00+00:00,254446.36339115046
2023-11-29 20:00:00+00:00,254446.36339115046
2023-11-30 00:00:00+00:00,254446.36339115046
2023-11-30 04:00:00+00:00,254446.36339115046
2023-11-30 08:00:00+00:00,254446.36339115046
2023-11-30 12:00:00+00:00,254446.36339115046
2023-11-30 16:00:00+00:00,254446.36339115046
2023-11-30 20:00:00+00:00,254446.36339115046
2023-12-01 00:00:00+00:00,254446.36339115046
2023-12-01 04:00:00+00:00,254446.36339115046
2023-12-01 08:00:00+00:00,254446.36339115046
2023-12-01 12:00:00+00:00,254446.36339115046
2023-12-01 16:00:00+00:00,254446.36339115046
2023-12-01 20:00:00+00:00,252596.0093203126
2023-12-02 00:00:00+00:00,254341.12780098827
2023-12-02 04:00:00+00:00,252927.83515857728
2023-12-02 08:00:00+00:00,253537.76912613906
2023-12-02 12:00:00+00:00,254620.9175275294
2023-12-02 16:00:00+00:00,265211.49736821477
2023-12-02 20:00:00+00:00,265526.10723571916
2023-12-03 00:00:00+00:00,263999.7214505941
2023-12-03 04:00:00+00:00,265690.46736809344
2023-12-03 08:00:00+00:00,265389.07851652574
2023-12-03 12:00:00+00:00,272628.2505271356
2023-12-03 16:00:00+00:00,267295.4635917033
2023-12-03 20:00:00+00:00,275467.3903917064
2023-12-04 00:00:00+00:00,293884.9233914123
2023-12-04 04:00:00+00:00,313667.1043859517
2023-12-04 08:00:00+00:00,317250.7323283119
2023-12-04 12:00:00+00:00,308205.4692677829
2023-12-04 16:00:00+00:00,327713.13924508664
2023-12-04 20:00:00+00:00,327488.22454828286
2023-12-05 00:00:00+00:00,322784.4628299782
2023-12-05 04:00:00+00:00,314399.80765892775
2023-12-05 08:00:00+00:00,319718.0576853998
2023-12-05 12:00:00+00:00,334696.568731618
2023-12-05 16:00:00+00:00,379860.1936202366
2023-12-05 20:00:00+00:00,387692.59992853575
2023-12-06 00:00:00+00:00,377153.5939805264
2023-12-06 04:00:00+00:00,375247.7255854421
2023-12-06 08:00:00+00:00,380005.24308662803
2023-12-06 12:00:00+00:00,378171.3592517849
2023-12-06 16:00:00+00:00,384760.27865457145
2023-12-06 20:00:00+00:00,377295.39434786973
2023-12-07 00:00:00+00:00,382394.0678087423
2023-12-07 04:00:00+00:00,381063.58646887087
2023-12-07 08:00:00+00:00,358974.84031072154
2023-12-07 12:00:00+00:00,366653.2872394471
2023-12-07 16:00:00+00:00,359079.0794023537
2023-12-07 20:00:00+00:00,360035.5999517763
2023-12-08 00:00:00+00:00,361763.54377081606
2023-12-08 04:00:00+00:00,358073.81618328317
2023-12-08 08:00:00+00:00,366358.9364914062
2023-12-08 12:00:00+00:00,367909.8227181062
2023-12-08 16:00:00+00:00,370981.39853397134
2023-12-08 20:00:00+00:00,375120.33498613583
2023-12-09 00:00:00+00:00,374439.20717323106
2023-12-09 04:00:00+00:00,375223.0033080691
2023-12-09 08:00:00+00:00,368415.3930914907
2023-12-09 12:00:00+00:00,372670.7512750179
2023-12-09 16:00:00+00:00,370257.6353739868
2023-12-09 20:00:00+00:00,366491.1193038928
2023-12-10 00:00:00+00:00,368654.9720990204
2023-12-10 04:00:00+00:00,370786.7225194417
2023-12-10 08:00:00+00:00,366605.3097001936
2023-12-10 12:00:00+00:00,369753.2709686306
2023-12-10 16:00:00+00:00,367425.77968315344
2023-12-10 20:00:00+00:00,367264.24740134896
2023-12-11 00:00:00+00:00,341702.73171826423
2023-12-11 04:00:00+00:00,341356.2726196951
2023-12-11 08:00:00+00:00,341356.2726196951
2023-12-11 12:00:00+00:00,341356.2726196951
2023-12-11 16:00:00+00:00,341356.2726196951
2023-12-11 20:00:00+00:00,341356.2726196951
2023-12-12 00:00:00+00:00,341356.2726196951
2023-12-12 04:00:00+00:00,341356.2726196951
2023-12-12 08:00:00+00:00,341356.2726196951
2023-12-12 12:00:00+00:00,341356.2726196951
2023-12-12 16:00:00+00:00,341356.2726196951
2023-12-12 20:00:00+00:00,341356.2726196951
2023-12-13 00:00:00+00:00,341356.2726196951
2023-12-13 04:00:00+00:00,341356.2726196951
2023-12-13 08:00:00+00:00,341356.2726196951
2023-12-13 12:00:00+00:00,341356.2726196951
2023-12-13 16:00:00+00:00,341356.2726196951
2023-12-13 20:00:00+00:00,341356.2726196951
2023-12-14 00:00:00+00:00,341153.79785971064
2023-12-14 04:00:00+00:00,341367.819185311
2023-12-14 08:00:00+00:00,341781.6248130181
2023-12-14 12:00:00+00:00,337683.95960496936
2023-12-14 16:00:00+00:00,337578.7038357854
2023-12-14 20:00:00+00:00,337578.7038357854
2023-12-15 00:00:00+00:00,337578.7038357854
2023-12-15 04:00:00+00:00,337578.7038357854
2023-12-15 08:00:00+00:00,337578.7038357854
2023-12-15 12:00:00+00:00,337578.7038357854
2023-12-15 16:00:00+00:00,337578.7038357854
2023-12-15 20:00:00+00:00,337578.7038357854
2023-12-16 00:00:00+00:00,337578.7038357854
2023-12-16 04:00:00+00:00,337578.7038357854
2023-12-16 08:00:00+00:00,337578.7038357854
2023-12-16 12:00:00+00:00,337578.7038357854
2023-12-16 16:00:00+00:00,337578.7038357854
2023-12-16 20:00:00+00:00,337578.7038357854
2023-12-17 00:00:00+00:00,337578.7038357854
2023-12-17 04:00:00+00:00,337578.7038357854
2023-12-17 08:00:00+00:00,337578.7038357854
2023-12-17 12:00:00+00:00,337578.7038357854
2023-12-17 16:00:00+00:00,337578.7038357854
2023-12-17 20:00:00+00:00,337578.7038357854
2023-12-18 00:00:00+00:00,337578.7038357854
2023-12-18 04:00:00+00:00,337578.7038357854
2023-12-18 08:00:00+00:00,337578.7038357854
2023-12-18 12:00:00+00:00,337578.7038357854
2023-12-18 16:00:00+00:00,337578.7038357854
2023-12-18 20:00:00+00:00,337578.7038357854
2023-12-19 00:00:00+00:00,343564.9732203988
2023-12-19 04:00:00+00:00,342993.8619733536
2023-12-19 08:00:00+00:00,342059.1344634387
2023-12-19 12:00:00+00:00,334713.5151434274
2023-12-19 16:00:00+00:00,333788.68859498325
2023-12-19 20:00:00+00:00,333677.8756392675
2023-12-20 00:00:00+00:00,333677.8756392675
2023-12-20 04:00:00+00:00,333677.8756392675
2023-12-20 08:00:00+00:00,332387.107369872
2023-12-20 12:00:00+00:00,350523.84819479455
2023-12-20 16:00:00+00:00,345363.04052895337
2023-12-20 20:00:00+00:00,344566.72969497845
2023-12-21 00:00:00+00:00,343911.70236884686
2023-12-21 04:00:00+00:00,345714.7179603782
2023-12-21 08:00:00+00:00,348236.49452484783
2023-12-21 12:00:00+00:00,346488.4442755092
2023-12-21 16:00:00+00:00,342638.31797773985
2023-12-21 20:00:00+00:00,346867.099126814
2023-12-22 00:00:00+00:00,348961.20822073193
2023-12-22 04:00:00+00:00,342244.2452216559
2023-12-22 08:00:00+00:00,344656.4245697934
2023-12-22 12:00:00+00:00,343367.29373556003
2023-12-22 16:00:00+00:00,342726.69305460056
2023-12-22 20:00:00+00:00,347874.22403936734
2023-12-23 00:00:00+00:00,340657.6916182076
2023-12-23 04:00:00+00:00,341264.51478189026
2023-12-23 08:00:00+00:00,341210.98727369384
2023-12-23 12:00:00+00:00,344382.346631498
2023-12-23 16:00:00+00:00,343429.72381729446
2023-12-23 20:00:00+00:00,343367.37640366826
2023-12-24 00:00:00+00:00,345576.94815915386
2023-12-24 04:00:00+00:00,342543.0113155602
2023-12-24 08:00:00+00:00,342199.4611559921
2023-12-24 12:00:00+00:00,342465.6979753575
2023-12-24 16:00:00+00:00,342002.3364246365
2023-12-24 20:00:00+00:00,341858.5374182986
2023-12-25 00:00:00+00:00,341858.5374182986
2023-12-25 04:00:00+00:00,341858.5374182986
2023-12-25 08:00:00+00:00,341858.5374182986
2023-12-25 12:00:00+00:00,341858.5374182986
2023-12-25 16:00:00+00:00,341858.5374182986
2023-12-25 20:00:00+00:00,341858.5374182986
2023-12-26 00:00:00+00:00,341858.5374182986
2023-12-26 04:00:00+00:00,341858.5374182986
2023-12-26 08:00:00+00:00,341858.5374182986
2023-12-26 12:00:00+00:00,341858.5374182986
2023-12-26 16:00:00+00:00,341858.5374182986
2023-12-26 20:00:00+00:00,341858.5374182986
2023-12-27 00:00:00+00:00,341858.5374182986
2023-12-27 04:00:00+00:00,341858.5374182986
2023-12-27 08:00:00+00:00,341858.5374182986
2023-12-27 12:00:00+00:00,341858.5374182986
2023-12-27 16:00:00+00:00,341858.5374182986
2023-12-27 20:00:00+00:00,341858.5374182986
2023-12-28 00:00:00+00:00,341858.5374182986
2023-12-28 04:00:00+00:00,341858.5374182986
2023-12-28 08:00:00+00:00,341858.5374182986
2023-12-28 12:00:00+00:00,341858.5374182986
2023-12-28 16:00:00+00:00,341858.5374182986
2023-12-28 20:00:00+00:00,341858.5374182986
2023-12-29 00:00:00+00:00,341858.5374182986
2023-12-29 04:00:00+00:00,341858.5374182986
2023-12-29 08:00:00+00:00,341858.5374182986
2023-12-29 12:00:00+00:00,341858.5374182986
2023-12-29 16:00:00+00:00,341858.5374182986
2023-12-29 20:00:00+00:00,341858.5374182986
2023-12-30 00:00:00+00:00,341858.5374182986
2023-12-30 04:00:00+00:00,341858.5374182986
2023-12-30 08:00:00+00:00,341858.5374182986
2023-12-30 12:00:00+00:00,341858.5374182986
2023-12-30 16:00:00+00:00,341858.5374182986
2023-12-30 20:00:00+00:00,341858.5374182986
2023-12-31 00:00:00+00:00,341858.5374182986
2023-12-31 04:00:00+00:00,341858.5374182986
2023-12-31 08:00:00+00:00,341858.5374182986
2023-12-31 12:00:00+00:00,341858.5374182986
2023-12-31 16:00:00+00:00,341858.5374182986
2023-12-31 20:00:00+00:00,341858.5374182986
2024-01-01 00:00:00+00:00,341858.5374182986
2024-01-01 04:00:00+00:00,341858.5374182986
2024-01-01 08:00:00+00:00,341858.5374182986
2024-01-01 12:00:00+00:00,341858.5374182986
2024-01-01 16:00:00+00:00,341858.5374182986
2024-01-01 20:00:00+00:00,341858.5374182986
2024-01-02 00:00:00+00:00,341858.5374182986
2024-01-02 04:00:00+00:00,341858.5374182986
2024-01-02 08:00:00+00:00,341858.5374182986
2024-01-02 12:00:00+00:00,341858.5374182986
2024-01-02 16:00:00+00:00,337806.16280644014
2024-01-02 20:00:00+00:00,336577.48405633663
2024-01-03 00:00:00+00:00,342769.29451688373
2024-01-03 04:00:00+00:00,339687.40297948127
2024-01-03 08:00:00+00:00,318456.4267036783
2024-01-03 12:00:00+00:00,318116.00279930996
2024-01-03 16:00:00+00:00,318116.00279930996
2024-01-03 20:00:00+00:00,318116.00279930996
2024-01-04 00:00:00+00:00,318116.00279930996
2024-01-04 04:00:00+00:00,318116.00279930996
2024-01-04 08:00:00+00:00,318116.00279930996
2024-01-04 12:00:00+00:00,318116.00279930996
2024-01-04 16:00:00+00:00,318116.00279930996
2024-01-04 20:00:00+00:00,318116.00279930996
2024-01-05 00:00:00+00:00,318116.00279930996
2024-01-05 04:00:00+00:00,318116.00279930996
2024-01-05 08:00:00+00:00,318116.00279930996
2024-01-05 12:00:00+00:00,318116.00279930996
2024-01-05 16:00:00+00:00,318116.00279930996
2024-01-05 20:00:00+00:00,318116.00279930996
2024-01-06 00:00:00+00:00,318116.00279930996
2024-01-06 04:00:00+00:00,318116.00279930996
2024-01-06 08:00:00+00:00,318116.00279930996
2024-01-06 12:00:00+00:00,318116.00279930996
2024-01-06 16:00:00+00:00,318116.00279930996
2024-01-06 20:00:00+00:00,318116.00279930996
2024-01-07 00:00:00+00:00,318116.00279930996
2024-01-07 04:00:00+00:00,318116.00279930996
2024-01-07 08:00:00+00:00,318116.00279930996
2024-01-07 12:00:00+00:00,318116.00279930996
2024-01-07 16:00:00+00:00,318116.00279930996
2024-01-07 20:00:00+00:00,318116.00279930996
2024-01-08 00:00:00+00:00,318116.00279930996
2024-01-08 04:00:00+00:00,318116.00279930996
2024-01-08 08:00:00+00:00,318116.00279930996
2024-01-08 12:00:00+00:00,318116.00279930996
2024-01-08 16:00:00+00:00,318116.00279930996
2024-01-08 20:00:00+00:00,318116.00279930996
2024-01-09 00:00:00+00:00,318116.00279930996
2024-01-09 04:00:00+00:00,318116.00279930996
2024-01-09 08:00:00+00:00,318116.00279930996
2024-01-09 12:00:00+00:00,318116.00279930996
2024-01-09 16:00:00+00:00,318116.00279930996
2024-01-09 20:00:00+00:00,318116.00279930996
2024-01-10 00:00:00+00:00,318116.00279930996
2024-01-10 04:00:00+00:00,318116.00279930996
2024-01-10 08:00:00+00:00,318116.00279930996
2024-01-10 12:00:00+00:00,318116.00279930996
2024-01-10 16:00:00+00:00,318116.00279930996
2024-01-10 20:00:00+00:00,318116.00279930996
2024-01-11 00:00:00+00:00,318116.00279930996
2024-01-11 04:00:00+00:00,318116.00279930996
2024-01-11 08:00:00+00:00,318116.00279930996
2024-01-11 12:00:00+00:00,318116.00279930996
2024-01-11 16:00:00+00:00,318116.00279930996
2024-01-11 20:00:00+00:00,318116.00279930996
2024-01-12 00:00:00+00:00,318116.00279930996
2024-01-12 04:00:00+00:00,318116.00279930996
2024-01-12 08:00:00+00:00,318116.00279930996
2024-01-12 12:00:00+00:00,318116.00279930996
2024-01-12 16:00:00+00:00,318116.00279930996
2024-01-12 20:00:00+00:00,318116.00279930996
2024-01-13 00:00:00+00:00,318116.00279930996
2024-01-13 04:00:00+00:00,318278.40811649885
2024-01-13 08:00:00+00:00,318110.89054526825
2024-01-13 12:00:00+00:00,318299.17709354794
2024-01-13 16:00:00+00:00,318167.69272048736
2024-01-13 20:00:00+00:00,318187.35047097
2024-01-14 00:00:00+00:00,318130.7273903367
2024-01-14 04:00:00+00:00,318638.6435647637
2024-01-14 08:00:00+00:00,318339.95109932875
2024-01-14 12:00:00+00:00,318458.941485686
2024-01-14 16:00:00+00:00,318049.1708516205
2024-01-14 20:00:00+00:00,316497.3480367565
2024-01-15 00:00:00+00:00,316461.95932059665
2024-01-15 04:00:00+00:00,316461.95932059665
2024-01-15 08:00:00+00:00,316461.95932059665
2024-01-15 12:00:00+00:00,316461.95932059665
2024-01-15 16:00:00+00:00,316461.95932059665
2024-01-15 20:00:00+00:00,316461.95932059665
2024-01-16 00:00:00+00:00,316461.95932059665
2024-01-16 04:00:00+00:00,316461.95932059665
2024-01-16 08:00:00+00:00,316461.95932059665
2024-01-16 12:00:00+00:00,316461.95932059665
2024-01-16 16:00:00+00:00,316461.95932059665
2024-01-16 20:00:00+00:00,316461.95932059665
2024-01-17 00:00:00+00:00,316461.95932059665
2024-01-17 04:00:00+00:00,316461.95932059665
2024-01-17 08:00:00+00:00,316461.95932059665
2024-01-17 12:00:00+00:00,316461.95932059665
2024-01-17 16:00:00+00:00,316461.95932059665
2024-01-17 20:00:00+00:00,316461.95932059665
2024-01-18 00:00:00+00:00,316461.95932059665
2024-01-18 04:00:00+00:00,316461.95932059665
2024-01-18 08:00:00+00:00,316461.95932059665
2024-01-18 12:00:00+00:00,316461.95932059665
2024-01-18 16:00:00+00:00,316461.95932059665
2024-01-18 20:00:00+00:00,316461.95932059665
2024-01-19 00:00:00+00:00,316461.95932059665
2024-01-19 04:00:00+00:00,316461.95932059665
2024-01-19 08:00:00+00:00,316461.95932059665
2024-01-19 12:00:00+00:00,316461.95932059665
2024-01-19 16:00:00+00:00,316461.95932059665
2024-01-19 20:00:00+00:00,316461.95932059665
2024-01-20 00:00:00+00:00,316461.95932059665
2024-01-20 04:00:00+00:00,316461.95932059665
2024-01-20 08:00:00+00:00,316461.95932059665
2024-01-20 12:00:00+00:00,316461.95932059665
2024-01-20 16:00:00+00:00,316461.95932059665
2024-01-20 20:00:00+00:00,316461.95932059665
2024-01-21 00:00:00+00:00,316461.95932059665
2024-01-21 04:00:00+00:00,316461.95932059665
2024-01-21 08:00:00+00:00,316461.95932059665
2024-01-21 12:00:00+00:00,316461.95932059665
2024-01-21 16:00:00+00:00,316461.95932059665
2024-01-21 20:00:00+00:00,316461.95932059665
2024-01-22 00:00:00+00:00,316461.95932059665
2024-01-22 04:00:00+00:00,316461.95932059665
2024-01-22 08:00:00+00:00,316461.95932059665
2024-01-22 12:00:00+00:00,316461.95932059665
2024-01-22 16:00:00+00:00,316461.95932059665
2024-01-22 20:00:00+00:00,316461.95932059665
2024-01-23 00:00:00+00:00,316461.95932059665
2024-01-23 04:00:00+00:00,316461.95932059665
2024-01-23 08:00:00+00:00,316461.95932059665
2024-01-23 12:00:00+00:00,316461.95932059665
2024-01-23 16:00:00+00:00,316461.95932059665
2024-01-23 20:00:00+00:00,316461.95932059665
2024-01-24 00:00:00+00:00,316461.95932059665
2024-01-24 04:00:00+00:00,316461.95932059665
2024-01-24 08:00:00+00:00,316461.95932059665
2024-01-24 12:00:00+00:00,316461.95932059665
2024-01-24 16:00:00+00:00,316461.95932059665
2024-01-24 20:00:00+00:00,316461.95932059665
2024-01-25 00:00:00+00:00,316461.95932059665
2024-01-25 04:00:00+00:00,316461.95932059665
2024-01-25 08:00:00+00:00,316461.95932059665
2024-01-25 12:00:00+00:00,316461.95932059665
2024-01-25 16:00:00+00:00,316461.95932059665
2024-01-25 20:00:00+00:00,316461.95932059665
2024-01-26 00:00:00+00:00,316461.95932059665
2024-01-26 04:00:00+00:00,316461.95932059665
2024-01-26 08:00:00+00:00,316461.95932059665
2024-01-26 12:00:00+00:00,316461.95932059665
2024-01-26 16:00:00+00:00,316461.95932059665
2024-01-26 20:00:00+00:00,316461.95932059665
2024-01-27 00:00:00+00:00,316461.95932059665
2024-01-27 04:00:00+00:00,316461.95932059665
2024-01-27 08:00:00+00:00,316461.95932059665
2024-01-27 12:00:00+00:00,316461.95932059665
2024-01-27 16:00:00+00:00,316461.95932059665
2024-01-27 20:00:00+00:00,316461.95932059665
2024-01-28 00:00:00+00:00,316461.95932059665
2024-01-28 04:00:00+00:00,316461.95932059665
2024-01-28 08:00:00+00:00,316461.95932059665
2024-01-28 12:00:00+00:00,316461.95932059665
2024-01-28 16:00:00+00:00,316461.95932059665
2024-01-28 20:00:00+00:00,316461.95932059665
2024-01-29 00:00:00+00:00,316461.95932059665
2024-01-29 04:00:00+00:00,316461.95932059665
2024-01-29 08:00:00+00:00,316461.95932059665
2024-01-29 12:00:00+00:00,316461.95932059665
2024-01-29 16:00:00+00:00,316461.95932059665
2024-01-29 20:00:00+00:00,316461.95932059665
2024-01-30 00:00:00+00:00,316461.95932059665
2024-01-30 04:00:00+00:00,316461.95932059665
2024-01-30 08:00:00+00:00,316461.95932059665
2024-01-30 12:00:00+00:00,316461.95932059665
2024-01-30 16:00:00+00:00,318936.96803643386
2024-01-30 20:00:00+00:00,308574.5178240261
2024-01-31 00:00:00+00:00,308328.0861291219
2024-01-31 04:00:00+00:00,308962.71827731415
2024-01-31 08:00:00+00:00,306697.56758926914
2024-01-31 12:00:00+00:00,310678.63036555226
2024-01-31 16:00:00+00:00,309986.805161382
2024-01-31 20:00:00+00:00,298052.0862228739
2024-02-01 00:00:00+00:00,294993.79515116435
2024-02-01 04:00:00+00:00,294888.3220486846
2024-02-01 08:00:00+00:00,294888.3220486846
2024-02-01 12:00:00+00:00,294888.3220486846
2024-02-01 16:00:00+00:00,298221.0427854729
2024-02-01 20:00:00+00:00,297569.6299693718
2024-02-02 00:00:00+00:00,297282.8478000017
2024-02-02 04:00:00+00:00,297565.2908387928
2024-02-02 08:00:00+00:00,297840.75849451765
2024-02-02 12:00:00+00:00,298260.3947853399
2024-02-02 16:00:00+00:00,297368.41177835414
2024-02-02 20:00:00+00:00,298040.8914361477
2024-02-03 00:00:00+00:00,297894.7633139212
2024-02-03 04:00:00+00:00,297318.8198034022
2024-02-03 08:00:00+00:00,297011.638735342
2024-02-03 12:00:00+00:00,297594.09762376384
2024-02-03 16:00:00+00:00,297489.06408412463
2024-02-03 20:00:00+00:00,297489.06408412463
2024-02-04 00:00:00+00:00,297489.06408412463
2024-02-04 04:00:00+00:00,297489.06408412463
2024-02-04 08:00:00+00:00,297489.06408412463
2024-02-04 12:00:00+00:00,297489.06408412463
2024-02-04 16:00:00+00:00,297489.06408412463
2024-02-04 20:00:00+00:00,297489.06408412463
2024-02-05 00:00:00+00:00,297489.06408412463
2024-02-05 04:00:00+00:00,297489.06408412463
2024-02-05 08:00:00+00:00,297489.06408412463
2024-02-05 12:00:00+00:00,297489.06408412463
2024-02-05 16:00:00+00:00,297489.06408412463
2024-02-05 20:00:00+00:00,297489.06408412463
2024-02-06 00:00:00+00:00,297489.06408412463
2024-02-06 04:00:00+00:00,297489.06408412463
2024-02-06 08:00:00+00:00,297489.06408412463
2024-02-06 12:00:00+00:00,297489.06408412463
2024-02-06 16:00:00+00:00,297489.06408412463
2024-02-06 20:00:00+00:00,297489.06408412463
2024-02-07 00:00:00+00:00,297489.06408412463
2024-02-07 04:00:00+00:00,297489.06408412463
2024-02-07 08:00:00+00:00,297489.06408412463
2024-02-07 12:00:00+00:00,297489.06408412463
2024-02-07 16:00:00+00:00,297489.06408412463
2024-02-07 20:00:00+00:00,297489.06408412463
2024-02-08 00:00:00+00:00,297489.06408412463
2024-02-08 04:00:00+00:00,297489.06408412463
2024-02-08 08:00:00+00:00,297489.06408412463
2024-02-08 12:00:00+00:00,297489.06408412463
2024-02-08 16:00:00+00:00,297489.06408412463
2024-02-08 20:00:00+00:00,297489.06408412463
2024-02-09 00:00:00+00:00,315061.74819172843
2024-02-09 04:00:00+00:00,318216.9085133794
2024-02-09 08:00:00+00:00,340584.26138084504
2024-02-09 12:00:00+00:00,340123.1809925911
2024-02-09 16:00:00+00:00,348479.71053669916
2024-02-09 20:00:00+00:00,339354.063283852
2024-02-10 00:00:00+00:00,345331.7784625826
2024-02-10 04:00:00+00:00,339540.9117746655
2024-02-10 08:00:00+00:00,340450.74472657463
2024-02-10 12:00:00+00:00,344311.2149681987
2024-02-10 16:00:00+00:00,348575.47441972274
2024-02-10 20:00:00+00:00,354033.21584856353
2024-02-11 00:00:00+00:00,373464.69492763723
2024-02-11 04:00:00+00:00,364477.0886338609
2024-02-11 08:00:00+00:00,370306.21723723214
2024-02-11 12:00:00+00:00,363548.38289631315
2024-02-11 16:00:00+00:00,365798.3638072102
2024-02-11 20:00:00+00:00,366173.2058439313
2024-02-12 00:00:00+00:00,363143.5836118144
2024-02-12 04:00:00+00:00,364465.89561500156
2024-02-12 08:00:00+00:00,358912.2955245996
2024-02-12 12:00:00+00:00,394557.15144949604
2024-02-12 16:00:00+00:00,385833.4580091055
2024-02-12 20:00:00+00:00,394629.66608951724
2024-02-13 00:00:00+00:00,391604.63844937284
2024-02-13 04:00:00+00:00,396206.39761615114
2024-02-13 08:00:00+00:00,395736.1636022371
2024-02-13 12:00:00+00:00,367619.0118338275
2024-02-13 16:00:00+00:00,371672.9266938144
2024-02-13 20:00:00+00:00,381301.5936677602
2024-02-14 00:00:00+00:00,378653.53788140387
2024-02-14 04:00:00+00:00,383434.0121641088
2024-02-14 08:00:00+00:00,409706.0219991476
2024-02-14 12:00:00+00:00,409941.38641623146
2024-02-14 16:00:00+00:00,411254.21933185053
2024-02-14 20:00:00+00:00,413048.84905722213
2024-02-15 00:00:00+00:00,421621.6216000174
2024-02-15 04:00:00+00:00,412556.05673318735
2024-02-15 08:00:00+00:00,421122.07182692975
2024-02-15 12:00:00+00:00,414998.42250620306
2024-02-15 16:00:00+00:00,415747.5618408049
2024-02-15 20:00:00+00:00,413822.723345206
2024-02-16 00:00:00+00:00,420139.491998479
2024-02-16 04:00:00+00:00,411939.54634375696
2024-02-16 08:00:00+00:00,418913.07788867643
2024-02-16 12:00:00+00:00,413724.2094528229
2024-02-16 16:00:00+00:00,411636.8506119206
2024-02-16 20:00:00+00:00,417348.41157513164
2024-02-17 00:00:00+00:00,414847.81531255
2024-02-17 04:00:00+00:00,413918.85337142186
2024-02-17 08:00:00+00:00,410570.8852479681
2024-02-17 12:00:00+00:00,399575.13032661326
2024-02-17 16:00:00+00:00,399185.49966494093
2024-02-17 20:00:00+00:00,399185.49966494093
2024-02-18 00:00:00+00:00,396072.4339037476
2024-02-18 04:00:00+00:00,399008.459476497
2024-02-18 08:00:00+00:00,401380.90082399047
2024-02-18 12:00:00+00:00,400550.0600722373
2024-02-18 16:00:00+00:00,400132.58994919946
2024-02-18 20:00:00+00:00,406240.0568590127
2024-02-19 00:00:00+00:00,404896.1095399901
2024-02-19 04:00:00+00:00,410008.44197568553
2024-02-19 08:00:00+00:00,409071.19240669656
2024-02-19 12:00:00+00:00,405563.2509262591
2024-02-19 16:00:00+00:00,400560.4672292328
2024-02-19 20:00:00+00:00,400072.72657979134
2024-02-20 00:00:00+00:00,398727.0765093854
2024-02-20 04:00:00+00:00,398561.8790752181
2024-02-20 08:00:00+00:00,401345.16994015645
2024-02-20 12:00:00+00:00,389713.9027180487
2024-02-20 16:00:00+00:00,391746.92467155174
2024-02-20 20:00:00+00:00,392702.69102566905
2024-02-21 00:00:00+00:00,391206.9760197011
2024-02-21 04:00:00+00:00,388696.3754688888
2024-02-21 08:00:00+00:00,385188.9390075231
2024-02-21 12:00:00+00:00,385043.73984860955
2024-02-21 16:00:00+00:00,385043.73984860955
2024-02-21 20:00:00+00:00,385043.73984860955
2024-02-22 00:00:00+00:00,385043.73984860955
2024-02-22 04:00:00+00:00,385043.73984860955
2024-02-22 08:00:00+00:00,385043.73984860955
2024-02-22 12:00:00+00:00,385043.73984860955
2024-02-22 16:00:00+00:00,385043.73984860955
2024-02-22 20:00:00+00:00,385043.73984860955
2024-02-23 00:00:00+00:00,385043.73984860955
2024-02-23 04:00:00+00:00,385043.73984860955
2024-02-23 08:00:00+00:00,385043.73984860955
2024-02-23 12:00:00+00:00,385043.73984860955
2024-02-23 16:00:00+00:00,385043.73984860955
2024-02-23 20:00:00+00:00,385043.73984860955
2024-02-24 00:00:00+00:00,385043.73984860955
2024-02-24 04:00:00+00:00,385043.73984860955
2024-02-24 08:00:00+00:00,385043.73984860955
2024-02-24 12:00:00+00:00,385043.73984860955
2024-02-24 16:00:00+00:00,385043.73984860955
2024-02-24 20:00:00+00:00,385043.73984860955
2024-02-25 00:00:00+00:00,385043.73984860955
2024-02-25 04:00:00+00:00,385043.73984860955
2024-02-25 08:00:00+00:00,385043.73984860955
2024-02-25 12:00:00+00:00,385043.73984860955
2024-02-25 16:00:00+00:00,385043.73984860955
2024-02-25 20:00:00+00:00,385043.73984860955
2024-02-26 00:00:00+00:00,385043.73984860955
2024-02-26 04:00:00+00:00,385043.73984860955
2024-02-26 08:00:00+00:00,385043.73984860955
2024-02-26 12:00:00+00:00,385043.73984860955
2024-02-26 16:00:00+00:00,385043.73984860955
2024-02-26 20:00:00+00:00,385043.73984860955
2024-02-27 00:00:00+00:00,385043.73984860955
2024-02-27 04:00:00+00:00,385043.73984860955
2024-02-27 08:00:00+00:00,392785.3169050136
2024-02-27 12:00:00+00:00,394371.424391131
2024-02-27 16:00:00+00:00,400148.39156069094
2024-02-27 20:00:00+00:00,397105.96932151995
2024-02-28 00:00:00+00:00,394532.0320327588
2024-02-28 04:00:00+00:00,418994.4872230287
2024-02-28 08:00:00+00:00,431975.73914121237
2024-02-28 12:00:00+00:00,470719.3114707225
2024-02-28 16:00:00+00:00,470722.203140051
2024-02-28 20:00:00+00:00,481518.7256447372
2024-02-29 00:00:00+00:00,468220.15331219067
2024-02-29 04:00:00+00:00,475945.4706609581
2024-02-29 08:00:00+00:00,477433.6683151433
2024-02-29 12:00:00+00:00,475944.743720657
2024-02-29 16:00:00+00:00,467723.62574573845
2024-02-29 20:00:00+00:00,465331.5515435253
2024-03-01 00:00:00+00:00,465075.71070367034
2024-03-01 04:00:00+00:00,466548.04615794146
2024-03-01 08:00:00+00:00,468502.0633688698
2024-03-01 12:00:00+00:00,465631.43786184886
2024-03-01 16:00:00+00:00,470041.6985964699
2024-03-01 20:00:00+00:00,470815.76870716654
2024-03-02 00:00:00+00:00,470443.0115743004
2024-03-02 04:00:00+00:00,468982.1197594494
2024-03-02 08:00:00+00:00,466537.91807423497
2024-03-02 12:00:00+00:00,466009.218388048
2024-03-02 16:00:00+00:00,467771.6613867257
2024-03-02 20:00:00+00:00,466962.05459732976
2024-03-03 00:00:00+00:00,466563.66828954295
2024-03-03 04:00:00+00:00,464579.9724778366
2024-03-03 08:00:00+00:00,465877.0904467092
2024-03-03 12:00:00+00:00,467608.0444192466
2024-03-03 16:00:00+00:00,474697.5921166698
2024-03-03 20:00:00+00:00,477042.3231065396
2024-03-04 00:00:00+00:00,481062.085952726
2024-03-04 04:00:00+00:00,484722.72224749124
2024-03-04 08:00:00+00:00,492294.4579460655
2024-03-04 12:00:00+00:00,502440.6416263671
2024-03-04 16:00:00+00:00,510480.6819356821
2024-03-04 20:00:00+00:00,517478.6600498049
2024-03-05 00:00:00+00:00,516392.2659007454
2024-03-05 04:00:00+00:00,499338.20091085846
2024-03-05 08:00:00+00:00,500019.2177319192
2024-03-05 12:00:00+00:00,500195.0925923924
2024-03-05 16:00:00+00:00,489935.14863208344
2024-03-05 20:00:00+00:00,489872.83705631574
2024-03-06 00:00:00+00:00,489872.83705631574
2024-03-06 04:00:00+00:00,489872.83705631574
2024-03-06 08:00:00+00:00,490620.6425422178
2024-03-06 12:00:00+00:00,489520.7864693604
2024-03-06 16:00:00+00:00,489476.9065449415
2024-03-06 20:00:00+00:00,489476.9065449415
2024-03-07 00:00:00+00:00,489476.9065449415
2024-03-07 04:00:00+00:00,489476.9065449415
2024-03-07 08:00:00+00:00,489476.9065449415
2024-03-07 12:00:00+00:00,489476.9065449415
2024-03-07 16:00:00+00:00,489968.36358904425
2024-03-07 20:00:00+00:00,488915.6238479795
2024-03-08 00:00:00+00:00,489833.0516270341
2024-03-08 04:00:00+00:00,489921.4753476404
2024-03-08 08:00:00+00:00,491387.8170726603
2024-03-08 12:00:00+00:00,491116.4133729346
2024-03-08 16:00:00+00:00,494735.135844163
2024-03-08 20:00:00+00:00,493574.86213902006
2024-03-09 00:00:00+00:00,493731.171273169
2024-03-09 04:00:00+00:00,493790.08805853804
2024-03-09 08:00:00+00:00,493740.01706401154
2024-03-09 12:00:00+00:00,493679.93244923843
2024-03-09 16:00:00+00:00,493343.64219516295
2024-03-09 20:00:00+00:00,493681.58646546333
2024-03-10 00:00:00+00:00,496337.8601492371
2024-03-10 04:00:00+00:00,497045.814225186
2024-03-10 08:00:00+00:00,497572.7197557558
2024-03-10 12:00:00+00:00,496767.3027832274
2024-03-10 16:00:00+00:00,497382.9294553781
2024-03-10 20:00:00+00:00,496375.40422864637
2024-03-11 00:00:00+00:00,495622.6678713083
2024-03-11 04:00:00+00:00,495552.373647539
2024-03-11 08:00:00+00:00,498088.0518409998
2024-03-11 12:00:00+00:00,500560.6874517473
2024-03-11 16:00:00+00:00,500202.25943404547
2024-03-11 20:00:00+00:00,500795.4597371022
2024-03-12 00:00:00+00:00,498094.18605174666
2024-03-12 04:00:00+00:00,500744.07955825765
2024-03-12 08:00:00+00:00,500167.1709319008
2024-03-12 12:00:00+00:00,498483.9413885366
2024-03-12 16:00:00+00:00,496318.9396983387
2024-03-12 20:00:00+00:00,496847.3394347974
2024-03-13 00:00:00+00:00,500060.1720166014
2024-03-13 04:00:00+00:00,504420.2210494998
2024-03-13 08:00:00+00:00,505668.87697923195
2024-03-13 12:00:00+00:00,502949.77932903625
2024-03-13 16:00:00+00:00,506636.9078601576
2024-03-13 20:00:00+00:00,506443.20451680484
2024-03-14 00:00:00+00:00,506443.20451680484
2024-03-14 04:00:00+00:00,506443.20451680484
2024-03-14 08:00:00+00:00,506443.20451680484
2024-03-14 12:00:00+00:00,506443.20451680484
2024-03-14 16:00:00+00:00,506443.20451680484
2024-03-14 20:00:00+00:00,506443.20451680484
2024-03-15 00:00:00+00:00,506443.20451680484
2024-03-15 04:00:00+00:00,506443.20451680484
2024-03-15 08:00:00+00:00,506443.20451680484
2024-03-15 12:00:00+00:00,506443.20451680484
2024-03-15 16:00:00+00:00,506443.20451680484
2024-03-15 20:00:00+00:00,506443.20451680484
2024-03-16 00:00:00+00:00,506443.20451680484
2024-03-16 04:00:00+00:00,506443.20451680484
2024-03-16 08:00:00+00:00,506443.20451680484
2024-03-16 12:00:00+00:00,506443.20451680484
2024-03-16 16:00:00+00:00,506443.20451680484
2024-03-16 20:00:00+00:00,506443.20451680484
2024-03-17 00:00:00+00:00,506443.20451680484
2024-03-17 04:00:00+00:00,506443.20451680484
2024-03-17 08:00:00+00:00,506443.20451680484
2024-03-17 12:00:00+00:00,506443.20451680484
2024-03-17 16:00:00+00:00,506443.20451680484
2024-03-17 20:00:00+00:00,506443.20451680484
2024-03-18 00:00:00+00:00,506443.20451680484
2024-03-18 04:00:00+00:00,506443.20451680484
2024-03-18 08:00:00+00:00,506443.20451680484
2024-03-18 12:00:00+00:00,506443.20451680484
2024-03-18 16:00:00+00:00,506443.20451680484
2024-03-18 20:00:00+00:00,506443.20451680484
2024-03-19 00:00:00+00:00,506443.20451680484
2024-03-19 04:00:00+00:00,506443.20451680484
2024-03-19 08:00:00+00:00,506443.20451680484
2024-03-19 12:00:00+00:00,506443.20451680484
2024-03-19 16:00:00+00:00,506443.20451680484
2024-03-19 20:00:00+00:00,506443.20451680484
2024-03-20 00:00:00+00:00,506443.20451680484
2024-03-20 04:00:00+00:00,506443.20451680484
2024-03-20 08:00:00+00:00,506443.20451680484
2024-03-20 12:00:00+00:00,506443.20451680484
2024-03-20 16:00:00+00:00,506443.20451680484
2024-03-20 20:00:00+00:00,506443.20451680484
2024-03-21 00:00:00+00:00,505658.4646378172
2024-03-21 04:00:00+00:00,505872.0228347658
2024-03-21 08:00:00+00:00,505850.02898584615
2024-03-21 12:00:00+00:00,505501.96612090454
2024-03-21 16:00:00+00:00,505479.2785445622
2024-03-21 20:00:00+00:00,505479.2785445622
2024-03-22 00:00:00+00:00,505479.2785445622
2024-03-22 04:00:00+00:00,505479.2785445622
2024-03-22 08:00:00+00:00,505479.2785445622
2024-03-22 12:00:00+00:00,505479.2785445622
2024-03-22 16:00:00+00:00,505479.2785445622
2024-03-22 20:00:00+00:00,505479.2785445622
2024-03-23 00:00:00+00:00,505479.2785445622
2024-03-23 04:00:00+00:00,505479.2785445622
2024-03-23 08:00:00+00:00,505479.2785445622
2024-03-23 12:00:00+00:00,505479.2785445622
2024-03-23 16:00:00+00:00,505479.2785445622
2024-03-23 20:00:00+00:00,505479.2785445622
2024-03-24 00:00:00+00:00,505479.2785445622
2024-03-24 04:00:00+00:00,505479.2785445622
2024-03-24 08:00:00+00:00,505479.2785445622
2024-03-24 12:00:00+00:00,505479.2785445622
2024-03-24 16:00:00+00:00,505479.2785445622
2024-03-24 20:00:00+00:00,505479.2785445622
2024-03-25 00:00:00+00:00,505479.2785445622
2024-03-25 04:00:00+00:00,505479.2785445622
2024-03-25 08:00:00+00:00,505479.2785445622
2024-03-25 12:00:00+00:00,505479.2785445622
2024-03-25 16:00:00+00:00,505479.2785445622
2024-03-25 20:00:00+00:00,505479.2785445622
2024-03-26 00:00:00+00:00,505479.2785445622
2024-03-26 04:00:00+00:00,505479.2785445622
2024-03-26 08:00:00+00:00,505479.2785445622
2024-03-26 12:00:00+00:00,500871.15402950457
2024-03-26 16:00:00+00:00,492893.3285533243
2024-03-26 20:00:00+00:00,498044.93742814515
2024-03-27 00:00:00+00:00,501823.34440889955
2024-03-27 04:00:00+00:00,495399.6692347913
2024-03-27 08:00:00+00:00,500062.6281392963
2024-03-27 12:00:00+00:00,486480.7548469723
2024-03-27 16:00:00+00:00,485440.4714553928
2024-03-27 20:00:00+00:00,486774.9735394164
2024-03-28 00:00:00+00:00,484529.93506065645
2024-03-28 04:00:00+00:00,488131.61990920396
2024-03-28 08:00:00+00:00,490197.20313384075
2024-03-28 12:00:00+00:00,496475.48114312225
2024-03-28 16:00:00+00:00,491261.7490513345
2024-03-28 20:00:00+00:00,491277.7654204685
2024-03-29 00:00:00+00:00,487675.7674222596
2024-03-29 04:00:00+00:00,481322.777732061
2024-03-29 08:00:00+00:00,482316.27476783074
2024-03-29 12:00:00+00:00,471342.6019949996
2024-03-29 16:00:00+00:00,472835.77637232636
2024-03-29 20:00:00+00:00,473530.7372711048
2024-03-30 00:00:00+00:00,473225.3147594364
2024-03-30 04:00:00+00:00,473465.5006073049
2024-03-30 08:00:00+00:00,474658.1581661078
2024-03-30 12:00:00+00:00,474006.5183806601
2024-03-30 16:00:00+00:00,473459.9646673486
2024-03-30 20:00:00+00:00,472312.9804545409
2024-03-31 00:00:00+00:00,473513.6924927637
2024-03-31 04:00:00+00:00,474975.07311685337
2024-03-31 08:00:00+00:00,475156.6209821191
2024-03-31 12:00:00+00:00,475123.39849234617
2024-03-31 16:00:00+00:00,478505.3554331751
2024-03-31 20:00:00+00:00,480141.6577682593
2024-04-01 00:00:00+00:00,468250.82218826545
2024-04-01 04:00:00+00:00,465166.24280552566
2024-04-01 08:00:00+00:00,465074.4738053462
2024-04-01 12:00:00+00:00,465074.4738053462
2024-04-01 16:00:00+00:00,465074.4738053462
2024-04-01 20:00:00+00:00,465074.4738053462
2024-04-02 00:00:00+00:00,465074.4738053462
2024-04-02 04:00:00+00:00,465074.4738053462
2024-04-02 08:00:00+00:00,465074.4738053462
2024-04-02 12:00:00+00:00,465074.4738053462
2024-04-02 16:00:00+00:00,465074.4738053462
2024-04-02 20:00:00+00:00,465074.4738053462
2024-04-03 00:00:00+00:00,465074.4738053462
2024-04-03 04:00:00+00:00,465074.4738053462
2024-04-03 08:00:00+00:00,465074.4738053462
2024-04-03 12:00:00+00:00,465074.4738053462
2024-04-03 16:00:00+00:00,465074.4738053462
2024-04-03 20:00:00+00:00,465074.4738053462
2024-04-04 00:00:00+00:00,465074.4738053462
2024-04-04 04:00:00+00:00,465074.4738053462
2024-04-04 08:00:00+00:00,465074.4738053462
2024-04-04 12:00:00+00:00,465074.4738053462
2024-04-04 16:00:00+00:00,465074.4738053462
2024-04-04 20:00:00+00:00,465074.4738053462
2024-04-05 00:00:00+00:00,465074.4738053462
2024-04-05 04:00:00+00:00,465074.4738053462
2024-04-05 08:00:00+00:00,465074.4738053462
2024-04-05 12:00:00+00:00,465074.4738053462
2024-04-05 16:00:00+00:00,465074.4738053462
2024-04-05 20:00:00+00:00,465074.4738053462
2024-04-06 00:00:00+00:00,465074.4738053462
2024-04-06 04:00:00+00:00,465074.4738053462
2024-04-06 08:00:00+00:00,465074.4738053462
2024-04-06 12:00:00+00:00,465074.4738053462
2024-04-06 16:00:00+00:00,465074.4738053462
2024-04-06 20:00:00+00:00,465074.4738053462
2024-04-07 00:00:00+00:00,465074.4738053462
2024-04-07 04:00:00+00:00,464254.1960210101
2024-04-07 08:00:00+00:00,464156.9229965817
2024-04-07 12:00:00+00:00,466539.6558759108
2024-04-07 16:00:00+00:00,460800.87878046755
2024-04-07 20:00:00+00:00,461729.6924820115
2024-04-08 00:00:00+00:00,462229.7795080072
2024-04-08 04:00:00+00:00,467694.921367539
2024-04-08 08:00:00+00:00,489140.78956388385
2024-04-08 12:00:00+00:00,480659.05795963417
2024-04-08 16:00:00+00:00,480226.6538684327
2024-04-08 20:00:00+00:00,478578.7974912596
2024-04-09 00:00:00+00:00,474052.1808058991
2024-04-09 04:00:00+00:00,462807.7227776542
2024-04-09 08:00:00+00:00,467771.27835855715
2024-04-09 12:00:00+00:00,448615.4514591065
2024-04-09 16:00:00+00:00,447229.5145381857
2024-04-09 20:00:00+00:00,447097.3183108573
2024-04-10 00:00:00+00:00,447097.3183108573
2024-04-10 04:00:00+00:00,447097.3183108573
2024-04-10 08:00:00+00:00,447097.3183108573
2024-04-10 12:00:00+00:00,447097.3183108573
2024-04-10 16:00:00+00:00,447097.3183108573
2024-04-10 20:00:00+00:00,447097.3183108573
2024-04-11 00:00:00+00:00,448984.1725356923
2024-04-11 04:00:00+00:00,447770.6049541
2024-04-11 08:00:00+00:00,439499.99367534666
2024-04-11 12:00:00+00:00,439264.73620315816
2024-04-11 16:00:00+00:00,439131.8968655375
2024-04-11 20:00:00+00:00,439131.8968655375
2024-04-12 00:00:00+00:00,439131.8968655375
2024-04-12 04:00:00+00:00,439131.8968655375
2024-04-12 08:00:00+00:00,439131.8968655375
2024-04-12 12:00:00+00:00,439131.8968655375
2024-04-12 16:00:00+00:00,439131.8968655375
2024-04-12 20:00:00+00:00,439131.8968655375
2024-04-13 00:00:00+00:00,439131.8968655375
2024-04-13 04:00:00+00:00,439131.8968655375
2024-04-13 08:00:00+00:00,439131.8968655375
2024-04-13 12:00:00+00:00,439131.8968655375
2024-04-13 16:00:00+00:00,439131.8968655375
2024-04-13 20:00:00+00:00,439131.8968655375
2024-04-14 00:00:00+00:00,439131.8968655375
2024-04-14 04:00:00+00:00,439131.8968655375
2024-04-14 08:00:00+00:00,439131.8968655375
2024-04-14 12:00:00+00:00,439131.8968655375
2024-04-14 16:00:00+00:00,439131.8968655375
2024-04-14 20:00:00+00:00,439131.8968655375
2024-04-15 00:00:00+00:00,439131.8968655375
2024-04-15 04:00:00+00:00,439131.8968655375
2024-04-15 08:00:00+00:00,439131.8968655375
2024-04-15 12:00:00+00:00,439131.8968655375
2024-04-15 16:00:00+00:00,439131.8968655375
2024-04-15 20:00:00+00:00,439131.8968655375
2024-04-16 00:00:00+00:00,439131.8968655375
2024-04-16 04:00:00+00:00,439131.8968655375
2024-04-16 08:00:00+00:00,439131.8968655375
2024-04-16 12:00:00+00:00,439131.8968655375
2024-04-16 16:00:00+00:00,439131.8968655375
2024-04-16 20:00:00+00:00,439131.8968655375
2024-04-17 00:00:00+00:00,439131.8968655375
2024-04-17 04:00:00+00:00,439131.8968655375
2024-04-17 08:00:00+00:00,439131.8968655375
2024-04-17 12:00:00+00:00,439131.8968655375
2024-04-17 16:00:00+00:00,439131.8968655375
2024-04-17 20:00:00+00:00,439131.8968655375
2024-04-18 00:00:00+00:00,439131.8968655375
2024-04-18 04:00:00+00:00,439131.8968655375
2024-04-18 08:00:00+00:00,439131.8968655375
2024-04-18 12:00:00+00:00,439131.8968655375
2024-04-18 16:00:00+00:00,439131.8968655375
2024-04-18 20:00:00+00:00,439131.8968655375
2024-04-19 00:00:00+00:00,439131.8968655375
2024-04-19 04:00:00+00:00,439131.8968655375
2024-04-19 08:00:00+00:00,439131.8968655375
2024-04-19 12:00:00+00:00,439131.8968655375
2024-04-19 16:00:00+00:00,439131.8968655375
2024-04-19 20:00:00+00:00,439131.8968655375
2024-04-20 00:00:00+00:00,439131.8968655375
2024-04-20 04:00:00+00:00,439131.8968655375
2024-04-20 08:00:00+00:00,439131.8968655375
2024-04-20 12:00:00+00:00,439131.8968655375
2024-04-20 16:00:00+00:00,439131.8968655375
2024-04-20 20:00:00+00:00,439131.8968655375
2024-04-21 00:00:00+00:00,439131.8968655375
2024-04-21 04:00:00+00:00,439131.8968655375
2024-04-21 08:00:00+00:00,439131.8968655375
2024-04-21 12:00:00+00:00,439131.8968655375
2024-04-21 16:00:00+00:00,439131.8968655375
2024-04-21 20:00:00+00:00,439131.8968655375
2024-04-22 00:00:00+00:00,439131.8968655375
2024-04-22 04:00:00+00:00,439131.8968655375
2024-04-22 08:00:00+00:00,439131.8968655375
2024-04-22 12:00:00+00:00,439131.8968655375
2024-04-22 16:00:00+00:00,439131.8968655375
2024-04-22 20:00:00+00:00,439131.8968655375
2024-04-23 00:00:00+00:00,439131.8968655375
2024-04-23 04:00:00+00:00,439131.8968655375
2024-04-23 08:00:00+00:00,439131.8968655375
2024-04-23 12:00:00+00:00,439131.8968655375
2024-04-23 16:00:00+00:00,439131.8968655375
2024-04-23 20:00:00+00:00,439131.8968655375
2024-04-24 00:00:00+00:00,439131.8968655375
2024-04-24 04:00:00+00:00,439131.8968655375
2024-04-24 08:00:00+00:00,439131.8968655375
2024-04-24 12:00:00+00:00,439131.8968655375
2024-04-24 16:00:00+00:00,439131.8968655375
2024-04-24 20:00:00+00:00,439131.8968655375
2024-04-25 00:00:00+00:00,439131.8968655375
2024-04-25 04:00:00+00:00,439131.8968655375
2024-04-25 08:00:00+00:00,439131.8968655375
2024-04-25 12:00:00+00:00,439131.8968655375
2024-04-25 16:00:00+00:00,439131.8968655375
2024-04-25 20:00:00+00:00,439131.8968655375
2024-04-26 00:00:00+00:00,439131.8968655375
2024-04-26 04:00:00+00:00,439131.8968655375
2024-04-26 08:00:00+00:00,439131.8968655375
2024-04-26 12:00:00+00:00,439131.8968655375
2024-04-26 16:00:00+00:00,439131.8968655375
2024-04-26 20:00:00+00:00,439131.8968655375
2024-04-27 00:00:00+00:00,439131.8968655375
2024-04-27 04:00:00+00:00,439131.8968655375
2024-04-27 08:00:00+00:00,439131.8968655375
2024-04-27 12:00:00+00:00,439131.8968655375
2024-04-27 16:00:00+00:00,439131.8968655375
2024-04-27 20:00:00+00:00,439131.8968655375
2024-04-28 00:00:00+00:00,439131.8968655375
2024-04-28 04:00:00+00:00,439131.8968655375
2024-04-28 08:00:00+00:00,439131.8968655375
2024-04-28 12:00:00+00:00,439131.8968655375
2024-04-28 16:00:00+00:00,439131.8968655375
2024-04-28 20:00:00+00:00,439131.8968655375
2024-04-29 00:00:00+00:00,439131.8968655375
2024-04-29 04:00:00+00:00,439131.8968655375
2024-04-29 08:00:00+00:00,439131.8968655375
2024-04-29 12:00:00+00:00,439131.8968655375
2024-04-29 16:00:00+00:00,439131.8968655375
2024-04-29 20:00:00+00:00,439131.8968655375
2024-04-30 00:00:00+00:00,439131.8968655375
2024-04-30 04:00:00+00:00,439131.8968655375
2024-04-30 08:00:00+00:00,439131.8968655375
2024-04-30 12:00:00+00:00,439131.8968655375
2024-04-30 16:00:00+00:00,439131.8968655375
2024-04-30 20:00:00+00:00,439131.8968655375
2024-05-01 00:00:00+00:00,439131.8968655375
2024-05-01 04:00:00+00:00,439131.8968655375
2024-05-01 08:00:00+00:00,439131.8968655375
2024-05-01 12:00:00+00:00,439131.8968655375
2024-05-01 16:00:00+00:00,439131.8968655375
2024-05-01 20:00:00+00:00,439131.8968655375
2024-05-02 00:00:00+00:00,439131.8968655375
2024-05-02 04:00:00+00:00,439131.8968655375
2024-05-02 08:00:00+00:00,439131.8968655375
2024-05-02 12:00:00+00:00,439131.8968655375
2024-05-02 16:00:00+00:00,439131.8968655375
2024-05-02 20:00:00+00:00,439131.8968655375
2024-05-03 00:00:00+00:00,439131.8968655375
2024-05-03 04:00:00+00:00,439131.8968655375
2024-05-03 08:00:00+00:00,439131.8968655375
2024-05-03 12:00:00+00:00,439131.8968655375
2024-05-03 16:00:00+00:00,439131.8968655375
2024-05-03 20:00:00+00:00,439131.8968655375
2024-05-04 00:00:00+00:00,439131.8968655375
2024-05-04 04:00:00+00:00,439131.8968655375
2024-05-04 08:00:00+00:00,439131.8968655375
2024-05-04 12:00:00+00:00,439131.8968655375
2024-05-04 16:00:00+00:00,439131.8968655375
2024-05-04 20:00:00+00:00,439131.8968655375
2024-05-05 00:00:00+00:00,439131.8968655375
2024-05-05 04:00:00+00:00,439131.8968655375
2024-05-05 08:00:00+00:00,439131.8968655375
2024-05-05 12:00:00+00:00,439131.8968655375
2024-05-05 16:00:00+00:00,439131.8968655375
2024-05-05 20:00:00+00:00,439131.8968655375
2024-05-06 00:00:00+00:00,439131.8968655375
2024-05-06 04:00:00+00:00,439131.8968655375
2024-05-06 08:00:00+00:00,439131.8968655375
2024-05-06 12:00:00+00:00,439131.8968655375
2024-05-06 16:00:00+00:00,439131.8968655375
2024-05-06 20:00:00+00:00,439131.8968655375
2024-05-07 00:00:00+00:00,439131.8968655375
2024-05-07 04:00:00+00:00,439131.8968655375
2024-05-07 08:00:00+00:00,439131.8968655375
2024-05-07 12:00:00+00:00,439131.8968655375
2024-05-07 16:00:00+00:00,439131.8968655375
2024-05-07 20:00:00+00:00,439131.8968655375
2024-05-08 00:00:00+00:00,439131.8968655375
2024-05-08 04:00:00+00:00,439131.8968655375
2024-05-08 08:00:00+00:00,439131.8968655375
2024-05-08 12:00:00+00:00,439131.8968655375
2024-05-08 16:00:00+00:00,439131.8968655375
2024-05-08 20:00:00+00:00,439131.8968655375
2024-05-09 00:00:00+00:00,439131.8968655375
2024-05-09 04:00:00+00:00,439131.8968655375
2024-05-09 08:00:00+00:00,439131.8968655375
2024-05-09 12:00:00+00:00,439131.8968655375
2024-05-09 16:00:00+00:00,439131.8968655375
2024-05-09 20:00:00+00:00,439131.8968655375
2024-05-10 00:00:00+00:00,439131.8968655375
2024-05-10 04:00:00+00:00,439131.8968655375
2024-05-10 08:00:00+00:00,439131.8968655375
2024-05-10 12:00:00+00:00,439131.8968655375
2024-05-10 16:00:00+00:00,439131.8968655375
2024-05-10 20:00:00+00:00,439131.8968655375
2024-05-11 00:00:00+00:00,439131.8968655375
2024-05-11 04:00:00+00:00,439131.8968655375
2024-05-11 08:00:00+00:00,439131.8968655375
2024-05-11 12:00:00+00:00,439131.8968655375
2024-05-11 16:00:00+00:00,439131.8968655375
2024-05-11 20:00:00+00:00,439131.8968655375
2024-05-12 00:00:00+00:00,439131.8968655375
2024-05-12 04:00:00+00:00,439131.8968655375
2024-05-12 08:00:00+00:00,439131.8968655375
2024-05-12 12:00:00+00:00,439131.8968655375
2024-05-12 16:00:00+00:00,439131.8968655375
2024-05-12 20:00:00+00:00,439131.8968655375
2024-05-13 00:00:00+00:00,439131.8968655375
2024-05-13 04:00:00+00:00,439131.8968655375
2024-05-13 08:00:00+00:00,439131.8968655375
2024-05-13 12:00:00+00:00,439131.8968655375
2024-05-13 16:00:00+00:00,439131.8968655375
2024-05-13 20:00:00+00:00,439131.8968655375
2024-05-14 00:00:00+00:00,439131.8968655375
2024-05-14 04:00:00+00:00,439131.8968655375
2024-05-14 08:00:00+00:00,439131.8968655375
2024-05-14 12:00:00+00:00,439131.8968655375
2024-05-14 16:00:00+00:00,439131.8968655375
2024-05-14 20:00:00+00:00,439131.8968655375
2024-05-15 00:00:00+00:00,439131.8968655375
2024-05-15 04:00:00+00:00,439131.8968655375
2024-05-15 08:00:00+00:00,439131.8968655375
2024-05-15 12:00:00+00:00,439131.8968655375
2024-05-15 16:00:00+00:00,439131.8968655375
2024-05-15 20:00:00+00:00,439131.8968655375
2024-05-16 00:00:00+00:00,439131.8968655375
2024-05-16 04:00:00+00:00,439131.8968655375
2024-05-16 08:00:00+00:00,439131.8968655375
2024-05-16 12:00:00+00:00,426026.4731936111
2024-05-16 16:00:00+00:00,417407.185113558
2024-05-16 20:00:00+00:00,418250.4794279499
2024-05-17 00:00:00+00:00,422432.1677718848
2024-05-17 04:00:00+00:00,432863.3792687326
2024-05-17 08:00:00+00:00,430655.06838215765
2024-05-17 12:00:00+00:00,443565.5146909137
2024-05-17 16:00:00+00:00,441411.70395799476
2024-05-17 20:00:00+00:00,441047.65469192073
2024-05-18 00:00:00+00:00,440233.57257261185
2024-05-18 04:00:00+00:00,439376.89695108536
2024-05-18 08:00:00+00:00,443245.91089822084
2024-05-18 12:00:00+00:00,438324.78874394443
2024-05-18 16:00:00+00:00,439654.7304834548
2024-05-18 20:00:00+00:00,439697.0033269737
2024-05-19 00:00:00+00:00,442945.12430210155
2024-05-19 04:00:00+00:00,445093.1324372103
2024-05-19 08:00:00+00:00,445156.85113128973
2024-05-19 12:00:00+00:00,439304.47237705905
2024-05-19 16:00:00+00:00,427906.0112864974
2024-05-19 20:00:00+00:00,428955.9699379135
2024-05-20 00:00:00+00:00,431151.0642567811
2024-05-20 04:00:00+00:00,431950.42701533326
2024-05-20 08:00:00+00:00,432955.8434074588
2024-05-20 12:00:00+00:00,435191.55653975677
2024-05-20 16:00:00+00:00,477078.46455364587
2024-05-20 20:00:00+00:00,507531.04425201396
2024-05-21 00:00:00+00:00,504282.0668970421
2024-05-21 04:00:00+00:00,495703.663576002
2024-05-21 08:00:00+00:00,500593.067749571
2024-05-21 12:00:00+00:00,472928.7661411905
2024-05-21 16:00:00+00:00,464962.4827464202
2024-05-21 20:00:00+00:00,476514.4496870987
2024-05-22 00:00:00+00:00,474125.9479876232
2024-05-22 04:00:00+00:00,470803.81150363607
2024-05-22 08:00:00+00:00,470799.8044937058
2024-05-22 12:00:00+00:00,480568.04173207236
2024-05-22 16:00:00+00:00,469189.75117184105
2024-05-22 20:00:00+00:00,463072.35849888896
2024-05-23 00:00:00+00:00,466553.7948193285
2024-05-23 04:00:00+00:00,470458.6978894921
2024-05-23 08:00:00+00:00,473759.5622264813
2024-05-23 12:00:00+00:00,447520.43492745655
2024-05-23 16:00:00+00:00,447067.6578261052
2024-05-23 20:00:00+00:00,447067.6578261052
2024-05-24 00:00:00+00:00,447067.6578261052
2024-05-24 04:00:00+00:00,447067.6578261052
2024-05-24 08:00:00+00:00,447067.6578261052
2024-05-24 12:00:00+00:00,447067.6578261052
2024-05-24 16:00:00+00:00,447067.6578261052
2024-05-24 20:00:00+00:00,447067.6578261052
2024-05-25 00:00:00+00:00,447067.6578261052
2024-05-25 04:00:00+00:00,447067.6578261052
2024-05-25 08:00:00+00:00,447067.6578261052
2024-05-25 12:00:00+00:00,446169.03327732586
2024-05-25 16:00:00+00:00,447127.5109594514
2024-05-25 20:00:00+00:00,447796.3909228341
2024-05-26 00:00:00+00:00,446761.8194168725
2024-05-26 04:00:00+00:00,447969.1901124054
2024-05-26 08:00:00+00:00,447811.95975546207
2024-05-26 12:00:00+00:00,447811.95975546207
2024-05-26 16:00:00+00:00,447811.95975546207
2024-05-26 20:00:00+00:00,447811.95975546207
2024-05-27 00:00:00+00:00,447811.95975546207
2024-05-27 04:00:00+00:00,447811.95975546207
2024-05-27 08:00:00+00:00,447811.95975546207
2024-05-27 12:00:00+00:00,447811.95975546207
2024-05-27 16:00:00+00:00,447811.95975546207
2024-05-27 20:00:00+00:00,447811.95975546207
2024-05-28 00:00:00+00:00,447811.95975546207
2024-05-28 04:00:00+00:00,447811.95975546207
2024-05-28 08:00:00+00:00,447811.95975546207
2024-05-28 12:00:00+00:00,447811.95975546207
2024-05-28 16:00:00+00:00,447811.95975546207
2024-05-28 20:00:00+00:00,447811.95975546207
2024-05-29 00:00:00+00:00,447811.95975546207
2024-05-29 04:00:00+00:00,447811.95975546207
2024-05-29 08:00:00+00:00,447811.95975546207
2024-05-29 12:00:00+00:00,447811.95975546207
2024-05-29 16:00:00+00:00,447811.95975546207
2024-05-29 20:00:00+00:00,447811.95975546207
2024-05-30 00:00:00+00:00,447811.95975546207
2024-05-30 04:00:00+00:00,447811.95975546207
2024-05-30 08:00:00+00:00,447811.95975546207
2024-05-30 12:00:00+00:00,447811.95975546207
2024-05-30 16:00:00+00:00,447811.95975546207
2024-05-30 20:00:00+00:00,447811.95975546207
2024-05-31 00:00:00+00:00,447811.95975546207
2024-05-31 04:00:00+00:00,447811.95975546207
2024-05-31 08:00:00+00:00,447811.95975546207
2024-05-31 12:00:00+00:00,447811.95975546207
2024-05-31 16:00:00+00:00,447811.95975546207
2024-05-31 20:00:00+00:00,447811.95975546207
2024-06-01 00:00:00+00:00,447811.95975546207
2024-06-01 04:00:00+00:00,447811.95975546207
2024-06-01 08:00:00+00:00,447811.95975546207
2024-06-01 12:00:00+00:00,447811.95975546207
2024-06-01 16:00:00+00:00,447811.95975546207
2024-06-01 20:00:00+00:00,447811.95975546207
2024-06-02 00:00:00+00:00,447811.95975546207
2024-06-02 04:00:00+00:00,447811.95975546207
2024-06-02 08:00:00+00:00,447811.95975546207
2024-06-02 12:00:00+00:00,447811.95975546207
2024-06-02 16:00:00+00:00,447811.95975546207
2024-06-02 20:00:00+00:00,447811.95975546207
2024-06-03 00:00:00+00:00,447811.95975546207
2024-06-03 04:00:00+00:00,447811.95975546207
2024-06-03 08:00:00+00:00,447811.95975546207
2024-06-03 12:00:00+00:00,447811.95975546207
2024-06-03 16:00:00+00:00,447811.95975546207
2024-06-03 20:00:00+00:00,447811.95975546207
2024-06-04 00:00:00+00:00,447811.95975546207
2024-06-04 04:00:00+00:00,447811.95975546207
2024-06-04 08:00:00+00:00,447811.95975546207
2024-06-04 12:00:00+00:00,447811.95975546207
2024-06-04 16:00:00+00:00,447811.95975546207
2024-06-04 20:00:00+00:00,447811.95975546207
2024-06-05 00:00:00+00:00,453718.5338971678
2024-06-05 04:00:00+00:00,457727.75972578325
2024-06-05 08:00:00+00:00,453741.2235834782
2024-06-05 12:00:00+00:00,463625.7169263281
2024-06-05 16:00:00+00:00,456535.6307985629
2024-06-05 20:00:00+00:00,453450.4333843364
2024-06-06 00:00:00+00:00,452615.10849090037
2024-06-06 04:00:00+00:00,452448.6039656129
2024-06-06 08:00:00+00:00,454580.67599668144
2024-06-06 12:00:00+00:00,456410.4269087025
2024-06-06 16:00:00+00:00,443397.73353235156
2024-06-06 20:00:00+00:00,444851.65877790307
2024-06-07 00:00:00+00:00,446009.4959695003
2024-06-07 04:00:00+00:00,447593.7060188397
2024-06-07 08:00:00+00:00,457914.34117469017
2024-06-07 12:00:00+00:00,447356.09070172807
2024-06-07 16:00:00+00:00,435910.1369174752
2024-06-07 20:00:00+00:00,435705.3132297124
2024-06-08 00:00:00+00:00,435705.3132297124
2024-06-08 04:00:00+00:00,435705.3132297124
2024-06-08 08:00:00+00:00,435705.3132297124
2024-06-08 12:00:00+00:00,435705.3132297124
2024-06-08 16:00:00+00:00,435705.3132297124
2024-06-08 20:00:00+00:00,435705.3132297124
2024-06-09 00:00:00+00:00,435705.3132297124
2024-06-09 04:00:00+00:00,435705.3132297124
2024-06-09 08:00:00+00:00,435705.3132297124
2024-06-09 12:00:00+00:00,435705.3132297124
2024-06-09 16:00:00+00:00,435705.3132297124
2024-06-09 20:00:00+00:00,435705.3132297124
2024-06-10 00:00:00+00:00,435705.3132297124
2024-06-10 04:00:00+00:00,435705.3132297124
2024-06-10 08:00:00+00:00,435705.3132297124
2024-06-10 12:00:00+00:00,435705.3132297124
2024-06-10 16:00:00+00:00,431142.28984800784
2024-06-10 20:00:00+00:00,431400.414780698
2024-06-11 00:00:00+00:00,423219.21723460394
2024-06-11 04:00:00+00:00,422963.9108821793
2024-06-11 08:00:00+00:00,422963.9108821793
2024-06-11 12:00:00+00:00,422963.9108821793
2024-06-11 16:00:00+00:00,422963.9108821793
2024-06-11 20:00:00+00:00,422963.9108821793
2024-06-12 00:00:00+00:00,422963.9108821793
2024-06-12 04:00:00+00:00,422963.9108821793
2024-06-12 08:00:00+00:00,422963.9108821793
2024-06-12 12:00:00+00:00,422963.9108821793
2024-06-12 16:00:00+00:00,414325.09710951685
2024-06-12 20:00:00+00:00,414194.298322377
2024-06-13 00:00:00+00:00,414194.298322377
2024-06-13 04:00:00+00:00,414194.298322377
2024-06-13 08:00:00+00:00,414194.298322377
2024-06-13 12:00:00+00:00,414194.298322377
2024-06-13 16:00:00+00:00,414194.298322377
2024-06-13 20:00:00+00:00,414194.298322377
2024-06-14 00:00:00+00:00,414194.298322377
2024-06-14 04:00:00+00:00,414194.298322377
2024-06-14 08:00:00+00:00,414194.298322377
2024-06-14 12:00:00+00:00,414194.298322377
2024-06-14 16:00:00+00:00,414194.298322377
2024-06-14 20:00:00+00:00,414194.298322377
2024-06-15 00:00:00+00:00,414194.298322377
2024-06-15 04:00:00+00:00,414194.298322377
2024-06-15 08:00:00+00:00,414194.298322377
2024-06-15 12:00:00+00:00,414194.298322377
2024-06-15 16:00:00+00:00,414194.298322377
2024-06-15 20:00:00+00:00,414194.298322377
2024-06-16 00:00:00+00:00,414194.298322377
2024-06-16 04:00:00+00:00,414194.298322377
2024-06-16 08:00:00+00:00,414194.298322377
2024-06-16 12:00:00+00:00,414194.298322377
2024-06-16 16:00:00+00:00,414194.298322377
2024-06-16 20:00:00+00:00,414194.298322377
2024-06-17 00:00:00+00:00,414194.298322377
2024-06-17 04:00:00+00:00,414194.298322377
2024-06-17 08:00:00+00:00,414194.298322377
2024-06-17 12:00:00+00:00,414194.298322377
2024-06-17 16:00:00+00:00,414194.298322377
2024-06-17 20:00:00+00:00,414194.298322377
2024-06-18 00:00:00+00:00,414194.298322377
2024-06-18 04:00:00+00:00,414194.298322377
2024-06-18 08:00:00+00:00,414194.298322377
2024-06-18 12:00:00+00:00,414194.298322377
2024-06-18 16:00:00+00:00,414194.298322377
2024-06-18 20:00:00+00:00,414194.298322377
2024-06-19 00:00:00+00:00,414194.298322377
2024-06-19 04:00:00+00:00,414194.298322377
2024-06-19 08:00:00+00:00,414194.298322377
2024-06-19 12:00:00+00:00,414194.298322377
2024-06-19 16:00:00+00:00,414194.298322377
2024-06-19 20:00:00+00:00,414194.298322377
2024-06-20 00:00:00+00:00,414194.298322377
2024-06-20 04:00:00+00:00,414194.298322377
2024-06-20 08:00:00+00:00,414194.298322377
2024-06-20 12:00:00+00:00,414194.298322377
2024-06-20 16:00:00+00:00,414194.298322377
2024-06-20 20:00:00+00:00,414194.298322377
2024-06-21 00:00:00+00:00,414194.298322377
2024-06-21 04:00:00+00:00,414194.298322377
2024-06-21 08:00:00+00:00,414194.298322377
2024-06-21 12:00:00+00:00,414194.298322377
2024-06-21 16:00:00+00:00,414194.298322377
2024-06-21 20:00:00+00:00,414194.298322377
2024-06-22 00:00:00+00:00,414194.298322377
2024-06-22 04:00:00+00:00,414194.298322377
2024-06-22 08:00:00+00:00,414194.298322377
2024-06-22 12:00:00+00:00,414194.298322377
2024-06-22 16:00:00+00:00,414194.298322377
2024-06-22 20:00:00+00:00,414194.298322377
2024-06-23 00:00:00+00:00,414194.298322377
2024-06-23 04:00:00+00:00,414194.298322377
2024-06-23 08:00:00+00:00,414194.298322377
2024-06-23 12:00:00+00:00,414194.298322377
2024-06-23 16:00:00+00:00,414194.298322377
2024-06-23 20:00:00+00:00,414194.298322377
2024-06-24 00:00:00+00:00,414194.298322377
2024-06-24 04:00:00+00:00,414194.298322377
2024-06-24 08:00:00+00:00,414194.298322377
2024-06-24 12:00:00+00:00,414194.298322377
2024-06-24 16:00:00+00:00,414194.298322377
2024-06-24 20:00:00+00:00,414194.298322377
2024-06-25 00:00:00+00:00,414194.298322377
2024-06-25 04:00:00+00:00,414194.298322377
2024-06-25 08:00:00+00:00,414194.298322377
2024-06-25 12:00:00+00:00,414194.298322377
2024-06-25 16:00:00+00:00,414194.298322377
2024-06-25 20:00:00+00:00,414194.298322377
2024-06-26 00:00:00+00:00,414194.298322377
2024-06-26 04:00:00+00:00,414194.298322377
2024-06-26 08:00:00+00:00,414194.298322377
2024-06-26 12:00:00+00:00,414194.298322377
2024-06-26 16:00:00+00:00,414194.298322377
2024-06-26 20:00:00+00:00,414194.298322377
2024-06-27 00:00:00+00:00,414194.298322377
2024-06-27 04:00:00+00:00,414194.298322377
2024-06-27 08:00:00+00:00,414194.298322377
2024-06-27 12:00:00+00:00,414194.298322377
2024-06-27 16:00:00+00:00,414194.298322377
2024-06-27 20:00:00+00:00,414194.298322377
2024-06-28 00:00:00+00:00,414194.298322377
2024-06-28 04:00:00+00:00,414194.298322377
2024-06-28 08:00:00+00:00,414194.298322377
2024-06-28 12:00:00+00:00,414194.298322377
2024-06-28 16:00:00+00:00,414194.298322377
2024-06-28 20:00:00+00:00,414194.298322377
2024-06-29 00:00:00+00:00,414194.298322377
2024-06-29 04:00:00+00:00,414194.298322377
2024-06-29 08:00:00+00:00,414194.298322377
2024-06-29 12:00:00+00:00,414194.298322377
2024-06-29 16:00:00+00:00,414194.298322377
2024-06-29 20:00:00+00:00,414194.298322377
2024-06-30 00:00:00+00:00,414194.298322377
2024-06-30 04:00:00+00:00,414194.298322377
2024-06-30 08:00:00+00:00,414194.298322377
2024-06-30 12:00:00+00:00,414194.298322377
2024-06-30 16:00:00+00:00,414194.298322377
2024-06-30 20:00:00+00:00,414194.298322377
2024-07-01 00:00:00+00:00,414194.298322377
2024-07-01 04:00:00+00:00,414194.298322377
2024-07-01 08:00:00+00:00,414194.298322377
2024-07-01 12:00:00+00:00,414194.298322377
2024-07-01 16:00:00+00:00,414194.298322377
2024-07-01 20:00:00+00:00,414194.298322377
2024-07-02 00:00:00+00:00,414194.298322377
2024-07-02 04:00:00+00:00,414194.298322377
2024-07-02 08:00:00+00:00,414194.298322377
2024-07-02 12:00:00+00:00,414194.298322377
2024-07-02 16:00:00+00:00,414194.298322377
2024-07-02 20:00:00+00:00,414194.298322377
2024-07-03 00:00:00+00:00,414194.298322377
2024-07-03 04:00:00+00:00,414194.298322377
2024-07-03 08:00:00+00:00,414194.298322377
2024-07-03 12:00:00+00:00,414194.298322377
2024-07-03 16:00:00+00:00,414194.298322377
2024-07-03 20:00:00+00:00,414194.298322377
2024-07-04 00:00:00+00:00,414194.298322377
2024-07-04 04:00:00+00:00,414194.298322377
2024-07-04 08:00:00+00:00,414194.298322377
2024-07-04 12:00:00+00:00,414194.298322377
2024-07-04 16:00:00+00:00,414194.298322377
2024-07-04 20:00:00+00:00,414194.298322377
2024-07-05 00:00:00+00:00,414194.298322377
2024-07-05 04:00:00+00:00,414194.298322377
2024-07-05 08:00:00+00:00,414194.298322377
2024-07-05 12:00:00+00:00,414194.298322377
2024-07-05 16:00:00+00:00,414194.298322377
2024-07-05 20:00:00+00:00,414194.298322377
2024-07-06 00:00:00+00:00,414194.298322377
2024-07-06 04:00:00+00:00,414194.298322377
2024-07-06 08:00:00+00:00,414194.298322377
2024-07-06 12:00:00+00:00,414194.298322377
2024-07-06 16:00:00+00:00,414194.298322377
2024-07-06 20:00:00+00:00,414194.298322377
2024-07-07 00:00:00+00:00,414194.298322377
2024-07-07 04:00:00+00:00,414194.298322377
2024-07-07 08:00:00+00:00,414194.298322377
2024-07-07 12:00:00+00:00,414194.298322377
2024-07-07 16:00:00+00:00,414194.298322377
2024-07-07 20:00:00+00:00,414194.298322377
2024-07-08 00:00:00+00:00,414194.298322377
2024-07-08 04:00:00+00:00,414194.298322377
2024-07-08 08:00:00+00:00,414194.298322377
2024-07-08 12:00:00+00:00,414194.298322377
2024-07-08 16:00:00+00:00,414194.298322377
2024-07-08 20:00:00+00:00,414194.298322377
2024-07-09 00:00:00+00:00,414194.298322377
2024-07-09 04:00:00+00:00,414194.298322377
2024-07-09 08:00:00+00:00,414194.298322377
2024-07-09 12:00:00+00:00,414194.298322377
2024-07-09 16:00:00+00:00,414194.298322377
2024-07-09 20:00:00+00:00,414194.298322377
2024-07-10 00:00:00+00:00,414194.298322377
2024-07-10 04:00:00+00:00,414194.298322377
2024-07-10 08:00:00+00:00,414194.298322377
2024-07-10 12:00:00+00:00,414194.298322377
2024-07-10 16:00:00+00:00,414194.298322377
2024-07-10 20:00:00+00:00,414194.298322377
2024-07-11 00:00:00+00:00,414194.298322377
2024-07-11 04:00:00+00:00,414194.298322377
2024-07-11 08:00:00+00:00,414194.298322377
2024-07-11 12:00:00+00:00,414194.298322377
2024-07-11 16:00:00+00:00,414194.298322377
2024-07-11 20:00:00+00:00,414194.298322377
2024-07-12 00:00:00+00:00,414194.298322377
2024-07-12 04:00:00+00:00,414194.298322377
2024-07-12 08:00:00+00:00,414194.298322377
2024-07-12 12:00:00+00:00,414194.298322377
2024-07-12 16:00:00+00:00,414194.298322377
2024-07-12 20:00:00+00:00,414194.298322377
2024-07-13 00:00:00+00:00,414194.298322377
2024-07-13 04:00:00+00:00,414194.298322377
2024-07-13 08:00:00+00:00,414194.298322377
2024-07-13 12:00:00+00:00,414194.298322377
2024-07-13 16:00:00+00:00,414194.298322377
2024-07-13 20:00:00+00:00,414194.298322377
2024-07-14 00:00:00+00:00,414194.298322377
2024-07-14 04:00:00+00:00,414194.298322377
2024-07-14 08:00:00+00:00,414194.298322377
2024-07-14 12:00:00+00:00,414194.298322377
2024-07-14 16:00:00+00:00,414194.298322377
2024-07-14 20:00:00+00:00,414194.298322377
2024-07-15 00:00:00+00:00,414194.298322377
2024-07-15 04:00:00+00:00,414194.298322377
2024-07-15 08:00:00+00:00,414194.298322377
2024-07-15 12:00:00+00:00,414194.298322377
2024-07-15 16:00:00+00:00,414194.298322377
2024-07-15 20:00:00+00:00,414194.298322377
2024-07-16 00:00:00+00:00,414194.298322377
2024-07-16 04:00:00+00:00,383639.48603298375
2024-07-16 08:00:00+00:00,386369.89065892337
2024-07-16 12:00:00+00:00,390499.99791177997
2024-07-16 16:00:00+00:00,393240.80283405737
2024-07-16 20:00:00+00:00,392062.631866918
2024-07-17 00:00:00+00:00,398753.4305656711
2024-07-17 04:00:00+00:00,394262.7196459996
2024-07-17 08:00:00+00:00,388863.6949488542
2024-07-17 12:00:00+00:00,388820.9397686152
2024-07-17 16:00:00+00:00,387328.78571709833
2024-07-17 20:00:00+00:00,382299.07186489855
2024-07-18 00:00:00+00:00,384907.03122913896
2024-07-18 04:00:00+00:00,382790.71071122156
2024-07-18 08:00:00+00:00,383650.6316966727
2024-07-18 12:00:00+00:00,370923.06056882936
2024-07-18 16:00:00+00:00,370829.3469242378
2024-07-18 20:00:00+00:00,372326.37681499275
2024-07-19 00:00:00+00:00,373507.07494582847
2024-07-19 04:00:00+00:00,371315.5014973523
2024-07-19 08:00:00+00:00,372789.7649566986
2024-07-19 12:00:00+00:00,378753.8196098727
2024-07-19 16:00:00+00:00,392123.203168821
2024-07-19 20:00:00+00:00,387077.5308282846
2024-07-20 00:00:00+00:00,386480.1163293617
2024-07-20 04:00:00+00:00,386037.1796040754
2024-07-20 08:00:00+00:00,385184.19575973036
2024-07-20 12:00:00+00:00,388846.46150895656
2024-07-20 16:00:00+00:00,393004.0275710372
2024-07-20 20:00:00+00:00,391957.9468896473
2024-07-21 00:00:00+00:00,392523.09481201624
2024-07-21 04:00:00+00:00,387518.2622335806
2024-07-21 08:00:00+00:00,389337.43144968065
2024-07-21 12:00:00+00:00,392329.5548464873
2024-07-21 16:00:00+00:00,395064.39184557745
2024-07-21 20:00:00+00:00,402939.74701255944
2024-07-22 00:00:00+00:00,399780.26144807687
2024-07-22 04:00:00+00:00,393026.4805865626
2024-07-22 08:00:00+00:00,395812.7366455318
2024-07-22 12:00:00+00:00,391223.62341581215
2024-07-22 16:00:00+00:00,403270.5271764977
2024-07-22 20:00:00+00:00,395882.6541658062
2024-07-23 00:00:00+00:00,395195.8634974537
2024-07-23 04:00:00+00:00,385839.6213708628
2024-07-23 08:00:00+00:00,385492.4886266191
2024-07-23 12:00:00+00:00,385492.4886266191
2024-07-23 16:00:00+00:00,385492.4886266191
2024-07-23 20:00:00+00:00,385492.4886266191
2024-07-24 00:00:00+00:00,385492.4886266191
2024-07-24 04:00:00+00:00,385492.4886266191
2024-07-24 08:00:00+00:00,385492.4886266191
2024-07-24 12:00:00+00:00,385492.4886266191
2024-07-24 16:00:00+00:00,383126.32657953474
2024-07-24 20:00:00+00:00,382988.2597778335
2024-07-25 00:00:00+00:00,382988.2597778335
2024-07-25 04:00:00+00:00,382988.2597778335
2024-07-25 08:00:00+00:00,382988.2597778335
2024-07-25 12:00:00+00:00,382988.2597778335
2024-07-25 16:00:00+00:00,382988.2597778335
2024-07-25 20:00:00+00:00,382988.2597778335
2024-07-26 00:00:00+00:00,387592.03526317247
2024-07-26 04:00:00+00:00,385867.137083325
2024-07-26 08:00:00+00:00,390267.5806122308
2024-07-26 12:00:00+00:00,392772.06957788154
2024-07-26 16:00:00+00:00,397353.0573259964
2024-07-26 20:00:00+00:00,396547.32160944893
2024-07-27 00:00:00+00:00,395246.1498037933
2024-07-27 04:00:00+00:00,397908.0093827633
2024-07-27 08:00:00+00:00,399695.70438108075
2024-07-27 12:00:00+00:00,406587.2620792401
2024-07-27 16:00:00+00:00,399840.4833832269
2024-07-27 20:00:00+00:00,396213.5648769389
2024-07-28 00:00:00+00:00,396553.2909517481
2024-07-28 04:00:00+00:00,392317.77313685766
2024-07-28 08:00:00+00:00,393147.8512609873
2024-07-28 12:00:00+00:00,392473.02760120993
2024-07-28 16:00:00+00:00,394255.95506998606
2024-07-28 20:00:00+00:00,395445.84830876585
2024-07-29 00:00:00+00:00,408235.85232727596
2024-07-29 04:00:00+00:00,410446.7078489587
2024-07-29 08:00:00+00:00,410865.14442292164
2024-07-29 12:00:00+00:00,393327.06630373164
2024-07-29 16:00:00+00:00,389976.1729119175
2024-07-29 20:00:00+00:00,389845.36745007616
2024-07-30 00:00:00+00:00,389845.36745007616
2024-07-30 04:00:00+00:00,389845.36745007616
2024-07-30 08:00:00+00:00,389845.36745007616
2024-07-30 12:00:00+00:00,389845.36745007616
2024-07-30 16:00:00+00:00,389845.36745007616
2024-07-30 20:00:00+00:00,389845.36745007616
2024-07-31 00:00:00+00:00,389845.36745007616
2024-07-31 04:00:00+00:00,389845.36745007616
2024-07-31 08:00:00+00:00,389845.36745007616
2024-07-31 12:00:00+00:00,389845.36745007616
2024-07-31 16:00:00+00:00,389845.36745007616
2024-07-31 20:00:00+00:00,389845.36745007616
2024-08-01 00:00:00+00:00,389845.36745007616
2024-08-01 04:00:00+00:00,389845.36745007616
2024-08-01 08:00:00+00:00,389845.36745007616
2024-08-01 12:00:00+00:00,389845.36745007616
2024-08-01 16:00:00+00:00,389845.36745007616
2024-08-01 20:00:00+00:00,389845.36745007616
2024-08-02 00:00:00+00:00,389845.36745007616
2024-08-02 04:00:00+00:00,389845.36745007616
2024-08-02 08:00:00+00:00,389845.36745007616
2024-08-02 12:00:00+00:00,389845.36745007616
2024-08-02 16:00:00+00:00,389845.36745007616
2024-08-02 20:00:00+00:00,389845.36745007616
2024-08-03 00:00:00+00:00,389845.36745007616
2024-08-03 04:00:00+00:00,389845.36745007616
2024-08-03 08:00:00+00:00,389845.36745007616
2024-08-03 12:00:00+00:00,389845.36745007616
2024-08-03 16:00:00+00:00,389845.36745007616
2024-08-03 20:00:00+00:00,389845.36745007616
2024-08-04 00:00:00+00:00,389845.36745007616
2024-08-04 04:00:00+00:00,389845.36745007616
2024-08-04 08:00:00+00:00,389845.36745007616
2024-08-04 12:00:00+00:00,389845.36745007616
2024-08-04 16:00:00+00:00,389845.36745007616
2024-08-04 20:00:00+00:00,389845.36745007616
2024-08-05 00:00:00+00:00,389845.36745007616
2024-08-05 04:00:00+00:00,389845.36745007616
2024-08-05 08:00:00+00:00,389845.36745007616
2024-08-05 12:00:00+00:00,389845.36745007616
2024-08-05 16:00:00+00:00,389845.36745007616
2024-08-05 20:00:00+00:00,389845.36745007616
2024-08-06 00:00:00+00:00,389845.36745007616
2024-08-06 04:00:00+00:00,389845.36745007616
2024-08-06 08:00:00+00:00,389845.36745007616
2024-08-06 12:00:00+00:00,389845.36745007616
2024-08-06 16:00:00+00:00,389845.36745007616
2024-08-06 20:00:00+00:00,389845.36745007616
2024-08-07 00:00:00+00:00,389845.36745007616
2024-08-07 04:00:00+00:00,389845.36745007616
2024-08-07 08:00:00+00:00,389845.36745007616
2024-08-07 12:00:00+00:00,389845.36745007616
2024-08-07 16:00:00+00:00,389845.36745007616
2024-08-07 20:00:00+00:00,389845.36745007616
2024-08-08 00:00:00+00:00,389845.36745007616
2024-08-08 04:00:00+00:00,389845.36745007616
2024-08-08 08:00:00+00:00,389845.36745007616
2024-08-08 12:00:00+00:00,389845.36745007616
2024-08-08 16:00:00+00:00,389845.36745007616
2024-08-08 20:00:00+00:00,389845.36745007616
2024-08-09 00:00:00+00:00,389845.36745007616
2024-08-09 04:00:00+00:00,389845.36745007616
2024-08-09 08:00:00+00:00,389845.36745007616
2024-08-09 12:00:00+00:00,389845.36745007616
2024-08-09 16:00:00+00:00,389845.36745007616
2024-08-09 20:00:00+00:00,389845.36745007616
2024-08-10 00:00:00+00:00,389845.36745007616
2024-08-10 04:00:00+00:00,389845.36745007616
2024-08-10 08:00:00+00:00,389845.36745007616
2024-08-10 12:00:00+00:00,389845.36745007616
2024-08-10 16:00:00+00:00,389845.36745007616
2024-08-10 20:00:00+00:00,389845.36745007616
2024-08-11 00:00:00+00:00,389845.36745007616
2024-08-11 04:00:00+00:00,389845.36745007616
2024-08-11 08:00:00+00:00,389845.36745007616
2024-08-11 12:00:00+00:00,389845.36745007616
2024-08-11 16:00:00+00:00,389845.36745007616
2024-08-11 20:00:00+00:00,389845.36745007616
2024-08-12 00:00:00+00:00,389845.36745007616
2024-08-12 04:00:00+00:00,389845.36745007616
2024-08-12 08:00:00+00:00,389845.36745007616
2024-08-12 12:00:00+00:00,389845.36745007616
2024-08-12 16:00:00+00:00,389845.36745007616
2024-08-12 20:00:00+00:00,389845.36745007616
2024-08-13 00:00:00+00:00,389845.36745007616
2024-08-13 04:00:00+00:00,389845.36745007616
2024-08-13 08:00:00+00:00,389845.36745007616
2024-08-13 12:00:00+00:00,389845.36745007616
2024-08-13 16:00:00+00:00,389845.36745007616
2024-08-13 20:00:00+00:00,389845.36745007616
2024-08-14 00:00:00+00:00,389845.36745007616
2024-08-14 04:00:00+00:00,389845.36745007616
2024-08-14 08:00:00+00:00,389845.36745007616
2024-08-14 12:00:00+00:00,389845.36745007616
2024-08-14 16:00:00+00:00,389845.36745007616
2024-08-14 20:00:00+00:00,389845.36745007616
2024-08-15 00:00:00+00:00,389845.36745007616
2024-08-15 04:00:00+00:00,389845.36745007616
2024-08-15 08:00:00+00:00,389845.36745007616
2024-08-15 12:00:00+00:00,389845.36745007616
2024-08-15 16:00:00+00:00,389845.36745007616
2024-08-15 20:00:00+00:00,389845.36745007616
2024-08-16 00:00:00+00:00,389845.36745007616
2024-08-16 04:00:00+00:00,389845.36745007616
2024-08-16 08:00:00+00:00,389845.36745007616
2024-08-16 12:00:00+00:00,389845.36745007616
2024-08-16 16:00:00+00:00,389845.36745007616
2024-08-16 20:00:00+00:00,389845.36745007616
2024-08-17 00:00:00+00:00,389845.36745007616
2024-08-17 04:00:00+00:00,389845.36745007616
2024-08-17 08:00:00+00:00,389845.36745007616
2024-08-17 12:00:00+00:00,389845.36745007616
2024-08-17 16:00:00+00:00,389845.36745007616
2024-08-17 20:00:00+00:00,389845.36745007616
2024-08-18 00:00:00+00:00,389845.36745007616
2024-08-18 04:00:00+00:00,389845.36745007616
2024-08-18 08:00:00+00:00,389845.36745007616
2024-08-18 12:00:00+00:00,389845.36745007616
2024-08-18 16:00:00+00:00,389845.36745007616
2024-08-18 20:00:00+00:00,389845.36745007616
2024-08-19 00:00:00+00:00,389845.36745007616
2024-08-19 04:00:00+00:00,389845.36745007616
2024-08-19 08:00:00+00:00,389845.36745007616
2024-08-19 12:00:00+00:00,389845.36745007616
2024-08-19 16:00:00+00:00,389845.36745007616
2024-08-19 20:00:00+00:00,389845.36745007616
2024-08-20 00:00:00+00:00,389845.36745007616
2024-08-20 04:00:00+00:00,389845.36745007616
2024-08-20 08:00:00+00:00,389845.36745007616
2024-08-20 12:00:00+00:00,389845.36745007616
2024-08-20 16:00:00+00:00,389845.36745007616
2024-08-20 20:00:00+00:00,389845.36745007616
2024-08-21 00:00:00+00:00,389845.36745007616
2024-08-21 04:00:00+00:00,389845.36745007616
2024-08-21 08:00:00+00:00,389845.36745007616
2024-08-21 12:00:00+00:00,389845.36745007616
2024-08-21 16:00:00+00:00,389845.36745007616
2024-08-21 20:00:00+00:00,389845.36745007616
2024-08-22 00:00:00+00:00,389845.36745007616
2024-08-22 04:00:00+00:00,389845.36745007616
2024-08-22 08:00:00+00:00,389845.36745007616
2024-08-22 12:00:00+00:00,389845.36745007616
2024-08-22 16:00:00+00:00,389845.36745007616
2024-08-22 20:00:00+00:00,389845.36745007616
2024-08-23 00:00:00+00:00,389845.36745007616
2024-08-23 04:00:00+00:00,389845.36745007616
2024-08-23 08:00:00+00:00,389845.36745007616
2024-08-23 12:00:00+00:00,389845.36745007616
2024-08-23 16:00:00+00:00,389845.36745007616
2024-08-23 20:00:00+00:00,389845.36745007616
2024-08-24 00:00:00+00:00,389845.36745007616
2024-08-24 04:00:00+00:00,389845.36745007616
2024-08-24 08:00:00+00:00,389845.36745007616
2024-08-24 12:00:00+00:00,389845.36745007616
2024-08-24 16:00:00+00:00,389845.36745007616
2024-08-24 20:00:00+00:00,388841.3419673323
2024-08-25 00:00:00+00:00,388273.9755811408
2024-08-25 04:00:00+00:00,385585.299809609
2024-08-25 08:00:00+00:00,385786.9433706698
2024-08-25 12:00:00+00:00,388684.45999084704
2024-08-25 16:00:00+00:00,389273.87885897275
2024-08-25 20:00:00+00:00,389719.4082945592
2024-08-26 00:00:00+00:00,388519.73782144446
2024-08-26 04:00:00+00:00,382823.6120371319
2024-08-26 08:00:00+00:00,385279.8875411429
2024-08-26 12:00:00+00:00,381505.0324293101
2024-08-26 16:00:00+00:00,379294.4659501715
2024-08-26 20:00:00+00:00,373536.17808764515
2024-08-27 00:00:00+00:00,375120.19239361497
2024-08-27 04:00:00+00:00,374369.45038262225
2024-08-27 08:00:00+00:00,368725.90997349354
2024-08-27 12:00:00+00:00,368369.6863161076
2024-08-27 16:00:00+00:00,368369.6863161076
2024-08-27 20:00:00+00:00,368369.6863161076
2024-08-28 00:00:00+00:00,368369.6863161076
2024-08-28 04:00:00+00:00,368369.6863161076
2024-08-28 08:00:00+00:00,368369.6863161076
2024-08-28 12:00:00+00:00,368369.6863161076
2024-08-28 16:00:00+00:00,368369.6863161076
2024-08-28 20:00:00+00:00,368369.6863161076
2024-08-29 00:00:00+00:00,368369.6863161076
2024-08-29 04:00:00+00:00,368369.6863161076
2024-08-29 08:00:00+00:00,368369.6863161076
2024-08-29 12:00:00+00:00,368369.6863161076
2024-08-29 16:00:00+00:00,368369.6863161076
2024-08-29 20:00:00+00:00,368369.6863161076
2024-08-30 00:00:00+00:00,368369.6863161076
2024-08-30 04:00:00+00:00,368369.6863161076
2024-08-30 08:00:00+00:00,368369.6863161076
2024-08-30 12:00:00+00:00,368369.6863161076
2024-08-30 16:00:00+00:00,368369.6863161076
2024-08-30 20:00:00+00:00,368369.6863161076
2024-08-31 00:00:00+00:00,368369.6863161076
2024-08-31 04:00:00+00:00,368369.6863161076
2024-08-31 08:00:00+00:00,368369.6863161076
2024-08-31 12:00:00+00:00,368369.6863161076
2024-08-31 16:00:00+00:00,368369.6863161076
2024-08-31 20:00:00+00:00,368369.6863161076
2024-09-01 00:00:00+00:00,368369.6863161076
2024-09-01 04:00:00+00:00,368369.6863161076
2024-09-01 08:00:00+00:00,368369.6863161076
2024-09-01 12:00:00+00:00,368369.6863161076
2024-09-01 16:00:00+00:00,368369.6863161076
2024-09-01 20:00:00+00:00,368369.6863161076
2024-09-02 00:00:00+00:00,368369.6863161076
2024-09-02 04:00:00+00:00,368369.6863161076
2024-09-02 08:00:00+00:00,368369.6863161076
2024-09-02 12:00:00+00:00,368369.6863161076
2024-09-02 16:00:00+00:00,368369.6863161076
2024-09-02 20:00:00+00:00,368369.6863161076
2024-09-03 00:00:00+00:00,368369.6863161076
2024-09-03 04:00:00+00:00,368369.6863161076
2024-09-03 08:00:00+00:00,368369.6863161076
2024-09-03 12:00:00+00:00,368369.6863161076
2024-09-03 16:00:00+00:00,368369.6863161076
2024-09-03 20:00:00+00:00,368369.6863161076
2024-09-04 00:00:00+00:00,368369.6863161076
2024-09-04 04:00:00+00:00,368369.6863161076
2024-09-04 08:00:00+00:00,368369.6863161076
2024-09-04 12:00:00+00:00,368369.6863161076
2024-09-04 16:00:00+00:00,368369.6863161076
2024-09-04 20:00:00+00:00,368369.6863161076
2024-09-05 00:00:00+00:00,368369.6863161076
2024-09-05 04:00:00+00:00,368369.6863161076
2024-09-05 08:00:00+00:00,368369.6863161076
2024-09-05 12:00:00+00:00,368369.6863161076
2024-09-05 16:00:00+00:00,368369.6863161076
2024-09-05 20:00:00+00:00,368369.6863161076
2024-09-06 00:00:00+00:00,368369.6863161076
2024-09-06 04:00:00+00:00,368369.6863161076
2024-09-06 08:00:00+00:00,368369.6863161076
2024-09-06 12:00:00+00:00,368369.6863161076
2024-09-06 16:00:00+00:00,368369.6863161076
2024-09-06 20:00:00+00:00,368369.6863161076
2024-09-07 00:00:00+00:00,368369.6863161076
2024-09-07 04:00:00+00:00,368369.6863161076
2024-09-07 08:00:00+00:00,368369.6863161076
2024-09-07 12:00:00+00:00,368369.6863161076
2024-09-07 16:00:00+00:00,368369.6863161076
2024-09-07 20:00:00+00:00,368369.6863161076
2024-09-08 00:00:00+00:00,368369.6863161076
2024-09-08 04:00:00+00:00,368369.6863161076
2024-09-08 08:00:00+00:00,368369.6863161076
2024-09-08 12:00:00+00:00,368369.6863161076
2024-09-08 16:00:00+00:00,368369.6863161076
2024-09-08 20:00:00+00:00,368369.6863161076
2024-09-09 00:00:00+00:00,368369.6863161076
2024-09-09 04:00:00+00:00,368369.6863161076
2024-09-09 08:00:00+00:00,368369.6863161076
2024-09-09 12:00:00+00:00,368369.6863161076
2024-09-09 16:00:00+00:00,368369.6863161076
2024-09-09 20:00:00+00:00,368369.6863161076
2024-09-10 00:00:00+00:00,368369.6863161076
2024-09-10 04:00:00+00:00,368369.6863161076
2024-09-10 08:00:00+00:00,368369.6863161076
2024-09-10 12:00:00+00:00,368369.6863161076
2024-09-10 16:00:00+00:00,368369.6863161076
2024-09-10 20:00:00+00:00,368369.6863161076
2024-09-11 00:00:00+00:00,368369.6863161076
2024-09-11 04:00:00+00:00,368369.6863161076
2024-09-11 08:00:00+00:00,368369.6863161076
2024-09-11 12:00:00+00:00,368369.6863161076
2024-09-11 16:00:00+00:00,368369.6863161076
2024-09-11 20:00:00+00:00,368369.6863161076
2024-09-12 00:00:00+00:00,368369.6863161076
2024-09-12 04:00:00+00:00,368369.6863161076
2024-09-12 08:00:00+00:00,368369.6863161076
2024-09-12 12:00:00+00:00,368369.6863161076
2024-09-12 16:00:00+00:00,368369.6863161076
2024-09-12 20:00:00+00:00,368369.6863161076
2024-09-13 00:00:00+00:00,368369.6863161076
2024-09-13 04:00:00+00:00,368369.6863161076
2024-09-13 08:00:00+00:00,368369.6863161076
2024-09-13 12:00:00+00:00,368369.6863161076
2024-09-13 16:00:00+00:00,368369.6863161076
2024-09-13 20:00:00+00:00,368369.6863161076
2024-09-14 00:00:00+00:00,368369.6863161076
2024-09-14 04:00:00+00:00,368369.6863161076
2024-09-14 08:00:00+00:00,368369.6863161076
2024-09-14 12:00:00+00:00,368369.6863161076
2024-09-14 16:00:00+00:00,368369.6863161076
2024-09-14 20:00:00+00:00,368369.6863161076
2024-09-15 00:00:00+00:00,368369.6863161076
2024-09-15 04:00:00+00:00,368369.6863161076
2024-09-15 08:00:00+00:00,368369.6863161076
2024-09-15 12:00:00+00:00,368369.6863161076
2024-09-15 16:00:00+00:00,368369.6863161076
2024-09-15 20:00:00+00:00,368369.6863161076
2024-09-16 00:00:00+00:00,368369.6863161076
2024-09-16 04:00:00+00:00,368369.6863161076
2024-09-16 08:00:00+00:00,368369.6863161076
2024-09-16 12:00:00+00:00,368369.6863161076
2024-09-16 16:00:00+00:00,368369.6863161076
2024-09-16 20:00:00+00:00,368369.6863161076
2024-09-17 00:00:00+00:00,368369.6863161076
2024-09-17 04:00:00+00:00,368369.6863161076
2024-09-17 08:00:00+00:00,368369.6863161076
2024-09-17 12:00:00+00:00,368369.6863161076
2024-09-17 16:00:00+00:00,368369.6863161076
2024-09-17 20:00:00+00:00,368369.6863161076
2024-09-18 00:00:00+00:00,368369.6863161076
2024-09-18 04:00:00+00:00,368369.6863161076
2024-09-18 08:00:00+00:00,368369.6863161076
2024-09-18 12:00:00+00:00,368369.6863161076
2024-09-18 16:00:00+00:00,368369.6863161076
2024-09-18 20:00:00+00:00,368369.6863161076
2024-09-19 00:00:00+00:00,368369.6863161076
2024-09-19 04:00:00+00:00,368369.6863161076
2024-09-19 08:00:00+00:00,373802.16576940747
2024-09-19 12:00:00+00:00,379533.9074938939
2024-09-19 16:00:00+00:00,380610.3624527515
2024-09-19 20:00:00+00:00,377277.69650074077
2024-09-20 00:00:00+00:00,385960.99056825903
2024-09-20 04:00:00+00:00,383423.55043320806
2024-09-20 08:00:00+00:00,382572.7462015298
2024-09-20 12:00:00+00:00,379294.6423667052
2024-09-20 16:00:00+00:00,375427.7638727437
2024-09-20 20:00:00+00:00,379845.6624804513
2024-09-21 00:00:00+00:00,376395.4869349814
2024-09-21 04:00:00+00:00,378531.2422411077
2024-09-21 08:00:00+00:00,378439.9897879564
2024-09-21 12:00:00+00:00,379413.17479583324
2024-09-21 16:00:00+00:00,379659.5092612362
2024-09-21 20:00:00+00:00,381269.78580170765
2024-09-22 00:00:00+00:00,378672.53192434285
2024-09-22 04:00:00+00:00,376699.5548506796
2024-09-22 08:00:00+00:00,374905.2709385497
2024-09-22 12:00:00+00:00,373514.38954847155
2024-09-22 16:00:00+00:00,379020.8568281636
2024-09-22 20:00:00+00:00,383705.0313125296
2024-09-23 00:00:00+00:00,392075.20866644254
2024-09-23 04:00:00+00:00,383147.78641812253
2024-09-23 08:00:00+00:00,381803.50907047366
2024-09-23 12:00:00+00:00,383904.3117478872
2024-09-23 16:00:00+00:00,380364.35968141636
2024-09-23 20:00:00+00:00,380687.8314061952
2024-09-24 00:00:00+00:00,378421.8732403286
2024-09-24 04:00:00+00:00,384232.07208233356
2024-09-24 08:00:00+00:00,383079.8616106003
2024-09-24 12:00:00+00:00,378697.78656852036
2024-09-24 16:00:00+00:00,394348.12657399103
2024-09-24 20:00:00+00:00,393970.8352474151
2024-09-25 00:00:00+00:00,396473.27523557475
2024-09-25 04:00:00+00:00,387927.01013797533
2024-09-25 08:00:00+00:00,387822.4013956238
2024-09-25 12:00:00+00:00,383126.4149149794
2024-09-25 16:00:00+00:00,378719.95199887484
2024-09-25 20:00:00+00:00,378264.832994811
2024-09-26 00:00:00+00:00,383243.8995388943
2024-09-26 04:00:00+00:00,382805.8751279651
2024-09-26 08:00:00+00:00,390114.66850705346
2024-09-26 12:00:00+00:00,402018.26060489623
2024-09-26 16:00:00+00:00,394275.28449876787
2024-09-26 20:00:00+00:00,400955.7373108272
2024-09-27 00:00:00+00:00,403766.8991795881
2024-09-27 04:00:00+00:00,405247.8479586526
2024-09-27 08:00:00+00:00,404731.59681533946
2024-09-27 12:00:00+00:00,413046.9720479633
2024-09-27 16:00:00+00:00,407653.6138366269
2024-09-27 20:00:00+00:00,409672.3186489773
2024-09-28 00:00:00+00:00,413931.62079518154
2024-09-28 04:00:00+00:00,410195.0545994495
2024-09-28 08:00:00+00:00,409692.14549221005
2024-09-28 12:00:00+00:00,407209.23033702903
2024-09-28 16:00:00+00:00,408757.0310475074
2024-09-28 20:00:00+00:00,410574.6030228104
2024-09-29 00:00:00+00:00,409960.1189646831
2024-09-29 04:00:00+00:00,404857.86047392717
2024-09-29 08:00:00+00:00,408259.01935393433
2024-09-29 12:00:00+00:00,408991.3914663733
2024-09-29 16:00:00+00:00,411970.23358261894
2024-09-29 20:00:00+00:00,406653.8450494578
2024-09-30 00:00:00+00:00,399513.8715699258
2024-09-30 04:00:00+00:00,399298.7625129429
2024-09-30 08:00:00+00:00,399298.7625129429
2024-09-30 12:00:00+00:00,399298.7625129429
2024-09-30 16:00:00+00:00,399298.7625129429
2024-09-30 20:00:00+00:00,399298.7625129429
2024-10-01 00:00:00+00:00,399298.7625129429
2024-10-01 04:00:00+00:00,399298.7625129429
2024-10-01 08:00:00+00:00,399298.7625129429
2024-10-01 12:00:00+00:00,399298.7625129429
2024-10-01 16:00:00+00:00,399298.7625129429
2024-10-01 20:00:00+00:00,399298.7625129429
2024-10-02 00:00:00+00:00,399298.7625129429
2024-10-02 04:00:00+00:00,399298.7625129429
2024-10-02 08:00:00+00:00,399298.7625129429
2024-10-02 12:00:00+00:00,399298.7625129429
2024-10-02 16:00:00+00:00,399298.7625129429
2024-10-02 20:00:00+00:00,399298.7625129429
2024-10-03 00:00:00+00:00,399298.7625129429
2024-10-03 04:00:00+00:00,399298.7625129429
2024-10-03 08:00:00+00:00,399298.7625129429
2024-10-03 12:00:00+00:00,399298.7625129429
2024-10-03 16:00:00+00:00,399298.7625129429
2024-10-03 20:00:00+00:00,399298.7625129429
2024-10-04 00:00:00+00:00,399298.7625129429
2024-10-04 04:00:00+00:00,399298.7625129429
2024-10-04 08:00:00+00:00,399298.7625129429
2024-10-04 12:00:00+00:00,399298.7625129429
2024-10-04 16:00:00+00:00,399298.7625129429
2024-10-04 20:00:00+00:00,399298.7625129429
2024-10-05 00:00:00+00:00,399298.7625129429
2024-10-05 04:00:00+00:00,399298.7625129429
2024-10-05 08:00:00+00:00,399298.7625129429
2024-10-05 12:00:00+00:00,399298.7625129429
2024-10-05 16:00:00+00:00,399298.7625129429
2024-10-05 20:00:00+00:00,399298.7625129429
2024-10-06 00:00:00+00:00,399298.7625129429
2024-10-06 04:00:00+00:00,399298.7625129429
2024-10-06 08:00:00+00:00,399298.7625129429
2024-10-06 12:00:00+00:00,399298.7625129429
2024-10-06 16:00:00+00:00,399298.7625129429
2024-10-06 20:00:00+00:00,399298.7625129429
2024-10-07 00:00:00+00:00,399298.7625129429
2024-10-07 04:00:00+00:00,399298.7625129429
2024-10-07 08:00:00+00:00,399298.7625129429
2024-10-07 12:00:00+00:00,399298.7625129429
2024-10-07 16:00:00+00:00,394647.2911181598
2024-10-07 20:00:00+00:00,388363.9857002185
2024-10-08 00:00:00+00:00,390495.49516801094
2024-10-08 04:00:00+00:00,388891.21989387996
2024-10-08 08:00:00+00:00,388730.41783747275
2024-10-08 12:00:00+00:00,388730.41783747275
2024-10-08 16:00:00+00:00,388400.860749136
2024-10-08 20:00:00+00:00,387931.18875151355
2024-10-09 00:00:00+00:00,389035.67090539355
2024-10-09 04:00:00+00:00,388442.83619672654
2024-10-09 08:00:00+00:00,388291.54194935394
2024-10-09 12:00:00+00:00,388291.54194935394
2024-10-09 16:00:00+00:00,388291.54194935394
2024-10-09 20:00:00+00:00,388291.54194935394
2024-10-10 00:00:00+00:00,388291.54194935394
2024-10-10 04:00:00+00:00,388291.54194935394
2024-10-10 08:00:00+00:00,388291.54194935394
2024-10-10 12:00:00+00:00,388291.54194935394
2024-10-10 16:00:00+00:00,388291.54194935394
2024-10-10 20:00:00+00:00,388291.54194935394
2024-10-11 00:00:00+00:00,388291.54194935394
2024-10-11 04:00:00+00:00,388291.54194935394
2024-10-11 08:00:00+00:00,388291.54194935394
2024-10-11 12:00:00+00:00,388291.54194935394
2024-10-11 16:00:00+00:00,388291.54194935394
2024-10-11 20:00:00+00:00,388291.54194935394
2024-10-12 00:00:00+00:00,388291.54194935394
2024-10-12 04:00:00+00:00,388291.54194935394
2024-10-12 08:00:00+00:00,388291.54194935394
2024-10-12 12:00:00+00:00,388291.54194935394
2024-10-12 16:00:00+00:00,388291.54194935394
2024-10-12 20:00:00+00:00,388291.54194935394
2024-10-13 00:00:00+00:00,388291.54194935394
2024-10-13 04:00:00+00:00,388291.54194935394
2024-10-13 08:00:00+00:00,388291.54194935394
2024-10-13 12:00:00+00:00,388291.54194935394
2024-10-13 16:00:00+00:00,388291.54194935394
2024-10-13 20:00:00+00:00,388291.54194935394
2024-10-14 00:00:00+00:00,388291.54194935394
2024-10-14 04:00:00+00:00,392471.6235239871
2024-10-14 08:00:00+00:00,396791.7560800481
2024-10-14 12:00:00+00:00,410893.66950524435
2024-10-14 16:00:00+00:00,411551.8622908462
2024-10-14 20:00:00+00:00,414033.0453816516
2024-10-15 00:00:00+00:00,403559.66484590375
2024-10-15 04:00:00+00:00,407394.48310091585
2024-10-15 08:00:00+00:00,403487.730360892
2024-10-15 12:00:00+00:00,412602.14292382734
2024-10-15 16:00:00+00:00,426786.1868950565
2024-10-15 20:00:00+00:00,428439.9546976802
2024-10-16 00:00:00+00:00,428669.5078402102
2024-10-16 04:00:00+00:00,426876.7957270181
2024-10-16 08:00:00+00:00,441062.7815750851
2024-10-16 12:00:00+00:00,438758.1608428626
2024-10-16 16:00:00+00:00,438124.13962392183
2024-10-16 20:00:00+00:00,436548.9302922035
2024-10-17 00:00:00+00:00,436098.6719945328
2024-10-17 04:00:00+00:00,431574.1112146449
2024-10-17 08:00:00+00:00,424826.8226299625
2024-10-17 12:00:00+00:00,435737.49878148985
2024-10-17 16:00:00+00:00,424050.19812690734
2024-10-17 20:00:00+00:00,432978.6949064106
2024-10-18 00:00:00+00:00,434910.55428121844
2024-10-18 04:00:00+00:00,440778.20268673357
2024-10-18 08:00:00+00:00,436980.8269292623
2024-10-18 12:00:00+00:00,451268.056899952
2024-10-18 16:00:00+00:00,449345.2106061932
2024-10-18 20:00:00+00:00,446857.8316940691
2024-10-19 00:00:00+00:00,447053.37187391456
2024-10-19 04:00:00+00:00,445639.12731803977
2024-10-19 08:00:00+00:00,441891.29791182984
2024-10-19 12:00:00+00:00,443802.14410945954
2024-10-19 16:00:00+00:00,443077.06573115225
2024-10-19 20:00:00+00:00,445829.1076298241
2024-10-20 00:00:00+00:00,442950.9958846964
2024-10-20 04:00:00+00:00,445579.30793997156
2024-10-20 08:00:00+00:00,446181.61534138955
2024-10-20 12:00:00+00:00,449143.5805799478
2024-10-20 16:00:00+00:00,447335.2555331055
2024-10-20 20:00:00+00:00,454940.8445102038
2024-10-21 00:00:00+00:00,453664.53029760293
2024-10-21 04:00:00+00:00,447669.96697823954
2024-10-21 08:00:00+00:00,443757.471394418
2024-10-21 12:00:00+00:00,431074.6909160933
2024-10-21 16:00:00+00:00,430605.7685202953
2024-10-21 20:00:00+00:00,430605.7685202953
2024-10-22 00:00:00+00:00,430605.7685202953
2024-10-22 04:00:00+00:00,430605.7685202953
2024-10-22 08:00:00+00:00,430605.7685202953
2024-10-22 12:00:00+00:00,430605.7685202953
2024-10-22 16:00:00+00:00,430605.7685202953
2024-10-22 20:00:00+00:00,430605.7685202953
2024-10-23 00:00:00+00:00,430605.7685202953
2024-10-23 04:00:00+00:00,430605.7685202953
2024-10-23 08:00:00+00:00,430605.7685202953
2024-10-23 12:00:00+00:00,430605.7685202953
2024-10-23 16:00:00+00:00,430605.7685202953
2024-10-23 20:00:00+00:00,430605.7685202953
2024-10-24 00:00:00+00:00,430605.7685202953
2024-10-24 04:00:00+00:00,430605.7685202953
2024-10-24 08:00:00+00:00,430605.7685202953
2024-10-24 12:00:00+00:00,430605.7685202953
2024-10-24 16:00:00+00:00,430605.7685202953
2024-10-24 20:00:00+00:00,430605.7685202953
2024-10-25 00:00:00+00:00,426890.0178661254
2024-10-25 04:00:00+00:00,419233.8325706824
2024-10-25 08:00:00+00:00,418700.8228657955
2024-10-25 12:00:00+00:00,418700.8228657955
2024-10-25 16:00:00+00:00,414048.05418368225
2024-10-25 20:00:00+00:00,413870.1693519033
2024-10-26 00:00:00+00:00,413870.1693519033
2024-10-26 04:00:00+00:00,413870.1693519033
2024-10-26 08:00:00+00:00,413870.1693519033
2024-10-26 12:00:00+00:00,413870.1693519033
2024-10-26 16:00:00+00:00,413870.1693519033
2024-10-26 20:00:00+00:00,413870.1693519033
2024-10-27 00:00:00+00:00,413870.1693519033
2024-10-27 04:00:00+00:00,413870.1693519033
2024-10-27 08:00:00+00:00,413870.1693519033
2024-10-27 12:00:00+00:00,413870.1693519033
2024-10-27 16:00:00+00:00,413870.1693519033
2024-10-27 20:00:00+00:00,413870.1693519033
2024-10-28 00:00:00+00:00,413870.1693519033
2024-10-28 04:00:00+00:00,413870.1693519033
2024-10-28 08:00:00+00:00,413870.1693519033
2024-10-28 12:00:00+00:00,413870.1693519033
2024-10-28 16:00:00+00:00,413870.1693519033
2024-10-28 20:00:00+00:00,413870.1693519033
2024-10-29 00:00:00+00:00,413870.1693519033
2024-10-29 04:00:00+00:00,413870.1693519033
2024-10-29 08:00:00+00:00,421658.76883922424
2024-10-29 12:00:00+00:00,440439.0678672661
2024-10-29 16:00:00+00:00,443472.8825402677
2024-10-29 20:00:00+00:00,447862.2210037534
2024-10-30 00:00:00+00:00,437449.0005441514
2024-10-30 04:00:00+00:00,437304.8262121182
2024-10-30 08:00:00+00:00,432332.87086922454
2024-10-30 12:00:00+00:00,433124.9982125438
2024-10-30 16:00:00+00:00,429555.91574813484
2024-10-30 20:00:00+00:00,437295.99710836564
2024-10-31 00:00:00+00:00,437350.82711055403
2024-10-31 04:00:00+00:00,438216.9908990307
2024-10-31 08:00:00+00:00,435045.67203943175
2024-10-31 12:00:00+00:00,411566.79219876457
2024-10-31 16:00:00+00:00,408728.25754340156
2024-10-31 20:00:00+00:00,409665.24241438555
2024-11-01 00:00:00+00:00,409495.3259990674
2024-11-01 04:00:00+00:00,409495.3259990674
2024-11-01 08:00:00+00:00,409495.3259990674
2024-11-01 12:00:00+00:00,409495.3259990674
2024-11-01 16:00:00+00:00,408888.91736298084
2024-11-01 20:00:00+00:00,409802.38186502503
2024-11-02 00:00:00+00:00,410212.4230968843
2024-11-02 04:00:00+00:00,411109.0531257181
2024-11-02 08:00:00+00:00,410194.7976058894
2024-11-02 12:00:00+00:00,409318.00424107665
2024-11-02 16:00:00+00:00,409745.8798015199
2024-11-02 20:00:00+00:00,409173.7713827915
2024-11-03 00:00:00+00:00,404939.32077062374
2024-11-03 04:00:00+00:00,404794.84805352165
2024-11-03 08:00:00+00:00,404794.84805352165
2024-11-03 12:00:00+00:00,404794.84805352165
2024-11-03 16:00:00+00:00,404794.84805352165
2024-11-03 20:00:00+00:00,404794.84805352165
2024-11-04 00:00:00+00:00,404794.84805352165
2024-11-04 04:00:00+00:00,404794.84805352165
2024-11-04 08:00:00+00:00,404794.84805352165
2024-11-04 12:00:00+00:00,404794.84805352165
2024-11-04 16:00:00+00:00,404794.84805352165
2024-11-04 20:00:00+00:00,404794.84805352165
2024-11-05 00:00:00+00:00,404794.84805352165
2024-11-05 04:00:00+00:00,404794.84805352165
2024-11-05 08:00:00+00:00,404794.84805352165
2024-11-05 12:00:00+00:00,404794.84805352165
2024-11-05 16:00:00+00:00,401754.1081445534
2024-11-05 20:00:00+00:00,403480.65474821057
2024-11-06 00:00:00+00:00,425213.6813475306
2024-11-06 04:00:00+00:00,412948.262097194
2024-11-06 08:00:00+00:00,423660.19351553917
2024-11-06 12:00:00+00:00,423634.58348118135
2024-11-06 16:00:00+00:00,443108.71029702557
2024-11-06 20:00:00+00:00,439985.38146729564
2024-11-07 00:00:00+00:00,433128.48396266106
2024-11-07 04:00:00+00:00,429722.1736505521
2024-11-07 08:00:00+00:00,429327.69285625103
2024-11-07 12:00:00+00:00,446148.0156182307
2024-11-07 16:00:00+00:00,451995.5709318561
2024-11-07 20:00:00+00:00,443058.7838162882
2024-11-08 00:00:00+00:00,443496.99495518603
2024-11-08 04:00:00+00:00,447047.389568906
2024-11-08 08:00:00+00:00,444059.59728908323
2024-11-08 12:00:00+00:00,450248.22579301
2024-11-08 16:00:00+00:00,456379.3274097794
2024-11-08 20:00:00+00:00,450885.9244668675
2024-11-09 00:00:00+00:00,448769.92123093264
2024-11-09 04:00:00+00:00,451329.73578702286
2024-11-09 08:00:00+00:00,450628.4667951857
2024-11-09 12:00:00+00:00,448340.88883226784
2024-11-09 16:00:00+00:00,446782.35625645
2024-11-09 20:00:00+00:00,453100.96359742765
2024-11-10 00:00:00+00:00,460017.2716803718
2024-11-10 04:00:00+00:00,482149.47082149144
2024-11-10 08:00:00+00:00,496541.6564999718
2024-11-10 12:00:00+00:00,493868.8868682766
2024-11-10 16:00:00+00:00,494523.21582611586
2024-11-10 20:00:00+00:00,503103.9698232725
2024-11-11 00:00:00+00:00,520282.51146362396
2024-11-11 04:00:00+00:00,512151.4398428975
2024-11-11 08:00:00+00:00,527896.6280631135
2024-11-11 12:00:00+00:00,558687.7833353209
2024-11-11 16:00:00+00:00,592368.3582802711
2024-11-11 20:00:00+00:00,635511.8189972652
2024-11-12 00:00:00+00:00,624441.7078263155
2024-11-12 04:00:00+00:00,641026.3739914646
2024-11-12 08:00:00+00:00,607263.6327420673
2024-11-12 12:00:00+00:00,603933.3634879787
2024-11-12 16:00:00+00:00,623400.1954542522
2024-11-12 20:00:00+00:00,619523.4654621808
2024-11-13 00:00:00+00:00,612246.1072740821
2024-11-13 04:00:00+00:00,614093.8747339753
2024-11-13 08:00:00+00:00,616770.7236245295
2024-11-13 12:00:00+00:00,661044.6165314716
2024-11-13 16:00:00+00:00,631340.8510685248
2024-11-13 20:00:00+00:00,632848.7553427086
2024-11-14 00:00:00+00:00,629130.0837922206
2024-11-14 04:00:00+00:00,636235.5678124811
2024-11-14 08:00:00+00:00,642308.5819494885
2024-11-14 12:00:00+00:00,611953.1965953126
2024-11-14 16:00:00+00:00,615949.4236021728
2024-11-14 20:00:00+00:00,609984.7989803057
2024-11-15 00:00:00+00:00,612443.856553537
2024-11-15 04:00:00+00:00,610857.3502007928
2024-11-15 08:00:00+00:00,616781.4210154779
2024-11-15 12:00:00+00:00,613137.3791294736
2024-11-15 16:00:00+00:00,618585.7743189941
2024-11-15 20:00:00+00:00,620421.1191635171
2024-11-16 00:00:00+00:00,620986.7350657297
2024-11-16 04:00:00+00:00,620671.0830689375
2024-11-16 08:00:00+00:00,620831.6209521214
2024-11-16 12:00:00+00:00,618989.7889962913
2024-11-16 16:00:00+00:00,620629.5281573563
2024-11-16 20:00:00+00:00,619144.6125470441
2024-11-17 00:00:00+00:00,618131.7973462199
2024-11-17 04:00:00+00:00,618985.6804314778
2024-11-17 08:00:00+00:00,619360.9091654911
2024-11-17 12:00:00+00:00,618137.8750985675
2024-11-17 16:00:00+00:00,617535.7926918006
2024-11-17 20:00:00+00:00,616976.5006622665
2024-11-18 00:00:00+00:00,616850.3826936561
2024-11-18 04:00:00+00:00,616850.3826936561
2024-11-18 08:00:00+00:00,600449.4765583627
2024-11-18 12:00:00+00:00,607525.3918355466
2024-11-18 16:00:00+00:00,607362.0400291769
2024-11-18 20:00:00+00:00,607362.0400291769
2024-11-19 00:00:00+00:00,607362.0400291769
2024-11-19 04:00:00+00:00,607362.0400291769
2024-11-19 08:00:00+00:00,607362.0400291769
2024-11-19 12:00:00+00:00,607362.0400291769
2024-11-19 16:00:00+00:00,607362.0400291769
2024-11-19 20:00:00+00:00,607362.0400291769
2024-11-20 00:00:00+00:00,607362.0400291769
2024-11-20 04:00:00+00:00,607362.0400291769
2024-11-20 08:00:00+00:00,607362.0400291769
2024-11-20 12:00:00+00:00,607362.0400291769
2024-11-20 16:00:00+00:00,607362.0400291769
2024-11-20 20:00:00+00:00,607362.0400291769
2024-11-21 00:00:00+00:00,607362.0400291769
2024-11-21 04:00:00+00:00,607362.0400291769
2024-11-21 08:00:00+00:00,607362.0400291769
2024-11-21 12:00:00+00:00,592746.1972887012
2024-11-21 16:00:00+00:00,605317.0994282787
2024-11-21 20:00:00+00:00,610348.1917418056
2024-11-22 00:00:00+00:00,615789.1938150384
2024-11-22 04:00:00+00:00,619666.0914241149
2024-11-22 08:00:00+00:00,616111.1898611238
2024-11-22 12:00:00+00:00,613622.969205908
2024-11-22 16:00:00+00:00,617946.4022311267
2024-11-22 20:00:00+00:00,615905.7624923943
2024-11-23 00:00:00+00:00,613468.3346682054
2024-11-23 04:00:00+00:00,612285.6679215003
2024-11-23 08:00:00+00:00,610711.2008278777
2024-11-23 12:00:00+00:00,610206.7797091793
2024-11-23 16:00:00+00:00,600375.9903587124
2024-11-23 20:00:00+00:00,602198.1298879164
2024-11-24 00:00:00+00:00,608077.2689765507
2024-11-24 04:00:00+00:00,610653.408353606
2024-11-24 08:00:00+00:00,597501.7009723786
2024-11-24 12:00:00+00:00,590973.3772666225
2024-11-24 16:00:00+00:00,590752.0347314817
2024-11-24 20:00:00+00:00,590752.0347314817
2024-11-25 00:00:00+00:00,590339.3871398607
2024-11-25 04:00:00+00:00,591115.4692757247
2024-11-25 08:00:00+00:00,591752.1953853572
2024-11-25 12:00:00+00:00,581994.6731652672
2024-11-25 16:00:00+00:00,581783.001077634
2024-11-25 20:00:00+00:00,581783.001077634
2024-11-26 00:00:00+00:00,581783.001077634
2024-11-26 04:00:00+00:00,581783.001077634
2024-11-26 08:00:00+00:00,581783.001077634
2024-11-26 12:00:00+00:00,581783.001077634
2024-11-26 16:00:00+00:00,581783.001077634
2024-11-26 20:00:00+00:00,581783.001077634
2024-11-27 00:00:00+00:00,581783.001077634
2024-11-27 04:00:00+00:00,581783.001077634
2024-11-27 08:00:00+00:00,581783.001077634
2024-11-27 12:00:00+00:00,581783.001077634
2024-11-27 16:00:00+00:00,585305.1241045255
2024-11-27 20:00:00+00:00,582629.6954795772
2024-11-28 00:00:00+00:00,581254.8673681824
2024-11-28 04:00:00+00:00,580722.2372630297
2024-11-28 08:00:00+00:00,581160.718972759
2024-11-28 12:00:00+00:00,579604.7026298244
2024-11-28 16:00:00+00:00,580019.3967681096
2024-11-28 20:00:00+00:00,579851.8379053384
2024-11-29 00:00:00+00:00,579851.8379053384
2024-11-29 04:00:00+00:00,579851.8379053384
2024-11-29 08:00:00+00:00,579851.8379053384
2024-11-29 12:00:00+00:00,579851.8379053384
2024-11-29 16:00:00+00:00,579851.8379053384
2024-11-29 20:00:00+00:00,579851.8379053384
2024-11-30 00:00:00+00:00,579851.8379053384
2024-11-30 04:00:00+00:00,579851.8379053384
2024-11-30 08:00:00+00:00,579851.8379053384
2024-11-30 12:00:00+00:00,579851.8379053384
2024-11-30 16:00:00+00:00,579851.8379053384
2024-11-30 20:00:00+00:00,579851.8379053384
2024-12-01 00:00:00+00:00,579851.8379053384
2024-12-01 04:00:00+00:00,579851.8379053384
2024-12-01 08:00:00+00:00,579851.8379053384
2024-12-01 12:00:00+00:00,579851.8379053384
2024-12-01 16:00:00+00:00,579851.8379053384
2024-12-01 20:00:00+00:00,579851.8379053384
2024-12-02 00:00:00+00:00,579851.8379053384
2024-12-02 04:00:00+00:00,579851.8379053384
2024-12-02 08:00:00+00:00,579851.8379053384
2024-12-02 12:00:00+00:00,579851.8379053384
2024-12-02 16:00:00+00:00,579851.8379053384
2024-12-02 20:00:00+00:00,579851.8379053384
2024-12-03 00:00:00+00:00,579851.8379053384
2024-12-03 04:00:00+00:00,579851.8379053384
2024-12-03 08:00:00+00:00,579851.8379053384
2024-12-03 12:00:00+00:00,579851.8379053384
2024-12-03 16:00:00+00:00,579851.8379053384
2024-12-03 20:00:00+00:00,579851.8379053384
2024-12-04 00:00:00+00:00,579851.8379053384
2024-12-04 04:00:00+00:00,579851.8379053384
2024-12-04 08:00:00+00:00,579851.8379053384
2024-12-04 12:00:00+00:00,579851.8379053384
2024-12-04 16:00:00+00:00,579851.8379053384
2024-12-04 20:00:00+00:00,579851.8379053384
2024-12-05 00:00:00+00:00,579851.8379053384
2024-12-05 04:00:00+00:00,579851.8379053384
2024-12-05 08:00:00+00:00,579851.8379053384
2024-12-05 12:00:00+00:00,579851.8379053384
2024-12-05 16:00:00+00:00,579851.8379053384
2024-12-05 20:00:00+00:00,579851.8379053384
2024-12-06 00:00:00+00:00,579851.8379053384
2024-12-06 04:00:00+00:00,579851.8379053384
2024-12-06 08:00:00+00:00,579851.8379053384
2024-12-06 12:00:00+00:00,579851.8379053384
2024-12-06 16:00:00+00:00,579851.8379053384
2024-12-06 20:00:00+00:00,579851.8379053384
2024-12-07 00:00:00+00:00,579851.8379053384
2024-12-07 04:00:00+00:00,579851.8379053384
2024-12-07 08:00:00+00:00,579851.8379053384
2024-12-07 12:00:00+00:00,579851.8379053384
2024-12-07 16:00:00+00:00,579851.8379053384
2024-12-07 20:00:00+00:00,579851.8379053384
2024-12-08 00:00:00+00:00,579851.8379053384
2024-12-08 04:00:00+00:00,579851.8379053384
2024-12-08 08:00:00+00:00,579851.8379053384
2024-12-08 12:00:00+00:00,579851.8379053384
2024-12-08 16:00:00+00:00,579851.8379053384
2024-12-08 20:00:00+00:00,579851.8379053384
2024-12-09 00:00:00+00:00,579851.8379053384
2024-12-09 04:00:00+00:00,579851.8379053384
2024-12-09 08:00:00+00:00,579851.8379053384
2024-12-09 12:00:00+00:00,579851.8379053384
2024-12-09 16:00:00+00:00,579851.8379053384
2024-12-09 20:00:00+00:00,579851.8379053384
2024-12-10 00:00:00+00:00,579851.8379053384
2024-12-10 04:00:00+00:00,579851.8379053384
2024-12-10 08:00:00+00:00,579851.8379053384
2024-12-10 12:00:00+00:00,579851.8379053384
2024-12-10 16:00:00+00:00,579851.8379053384
2024-12-10 20:00:00+00:00,579851.8379053384
2024-12-11 00:00:00+00:00,579851.8379053384
2024-12-11 04:00:00+00:00,579851.8379053384
2024-12-11 08:00:00+00:00,579851.8379053384
2024-12-11 12:00:00+00:00,579851.8379053384
2024-12-11 16:00:00+00:00,579851.8379053384
2024-12-11 20:00:00+00:00,579851.8379053384
2024-12-12 00:00:00+00:00,579851.8379053384
2024-12-12 04:00:00+00:00,579851.8379053384
2024-12-12 08:00:00+00:00,579851.8379053384
2024-12-12 12:00:00+00:00,579851.8379053384
2024-12-12 16:00:00+00:00,579851.8379053384
2024-12-12 20:00:00+00:00,579851.8379053384
2024-12-13 00:00:00+00:00,579851.8379053384
2024-12-13 04:00:00+00:00,579851.8379053384
2024-12-13 08:00:00+00:00,579851.8379053384
2024-12-13 12:00:00+00:00,579851.8379053384
2024-12-13 16:00:00+00:00,579851.8379053384
2024-12-13 20:00:00+00:00,579851.8379053384
2024-12-14 00:00:00+00:00,579851.8379053384
2024-12-14 04:00:00+00:00,579851.8379053384
2024-12-14 08:00:00+00:00,579851.8379053384
2024-12-14 12:00:00+00:00,579851.8379053384
2024-12-14 16:00:00+00:00,579851.8379053384
2024-12-14 20:00:00+00:00,579851.8379053384
2024-12-15 00:00:00+00:00,579851.8379053384
2024-12-15 04:00:00+00:00,579851.8379053384
2024-12-15 08:00:00+00:00,579851.8379053384
2024-12-15 12:00:00+00:00,579851.8379053384
2024-12-15 16:00:00+00:00,579851.8379053384
2024-12-15 20:00:00+00:00,579851.8379053384
2024-12-16 00:00:00+00:00,579851.8379053384
2024-12-16 04:00:00+00:00,579851.8379053384
2024-12-16 08:00:00+00:00,579851.8379053384
2024-12-16 12:00:00+00:00,590133.2088873541
2024-12-16 16:00:00+00:00,592610.2846959463
2024-12-16 20:00:00+00:00,586741.1290375355
2024-12-17 00:00:00+00:00,595597.387132296
2024-12-17 04:00:00+00:00,595137.0266492065
2024-12-17 08:00:00+00:00,594939.3448650112
2024-12-17 12:00:00+00:00,591012.4150609476
2024-12-17 16:00:00+00:00,591124.621062162
2024-12-17 20:00:00+00:00,586888.602438534
2024-12-18 00:00:00+00:00,571524.2628347088
2024-12-18 04:00:00+00:00,569205.467715944
2024-12-18 08:00:00+00:00,569010.043135677
2024-12-18 12:00:00+00:00,569010.043135677
2024-12-18 16:00:00+00:00,562779.3219827441
2024-12-18 20:00:00+00:00,562587.2914555952
2024-12-19 00:00:00+00:00,562587.2914555952
2024-12-19 04:00:00+00:00,562587.2914555952
2024-12-19 08:00:00+00:00,562587.2914555952
2024-12-19 12:00:00+00:00,562587.2914555952
2024-12-19 16:00:00+00:00,562587.2914555952
2024-12-19 20:00:00+00:00,562587.2914555952
2024-12-20 00:00:00+00:00,562587.2914555952
2024-12-20 04:00:00+00:00,562587.2914555952
2024-12-20 08:00:00+00:00,562587.2914555952
2024-12-20 12:00:00+00:00,562587.2914555952
2024-12-20 16:00:00+00:00,562587.2914555952
2024-12-20 20:00:00+00:00,562587.2914555952
2024-12-21 00:00:00+00:00,562587.2914555952
2024-12-21 04:00:00+00:00,562587.2914555952
2024-12-21 08:00:00+00:00,562587.2914555952
2024-12-21 12:00:00+00:00,562587.2914555952
2024-12-21 16:00:00+00:00,562587.2914555952
2024-12-21 20:00:00+00:00,562587.2914555952
2024-12-22 00:00:00+00:00,562587.2914555952
2024-12-22 04:00:00+00:00,562587.2914555952
2024-12-22 08:00:00+00:00,562587.2914555952
2024-12-22 12:00:00+00:00,562587.2914555952
2024-12-22 16:00:00+00:00,562587.2914555952
2024-12-22 20:00:00+00:00,562587.2914555952
2024-12-23 00:00:00+00:00,562587.2914555952
2024-12-23 04:00:00+00:00,562587.2914555952
2024-12-23 08:00:00+00:00,562587.2914555952
2024-12-23 12:00:00+00:00,562587.2914555952
2024-12-23 16:00:00+00:00,562587.2914555952
2024-12-23 20:00:00+00:00,562587.2914555952
2024-12-24 00:00:00+00:00,562587.2914555952
2024-12-24 04:00:00+00:00,562587.2914555952
2024-12-24 08:00:00+00:00,562587.2914555952
2024-12-24 12:00:00+00:00,562587.2914555952
2024-12-24 16:00:00+00:00,562587.2914555952
2024-12-24 20:00:00+00:00,562587.2914555952
2024-12-25 00:00:00+00:00,562587.2914555952
2024-12-25 04:00:00+00:00,562587.2914555952
2024-12-25 08:00:00+00:00,562587.2914555952
2024-12-25 12:00:00+00:00,562587.2914555952
2024-12-25 16:00:00+00:00,562587.2914555952
2024-12-25 20:00:00+00:00,562587.2914555952
2024-12-26 00:00:00+00:00,562587.2914555952
2024-12-26 04:00:00+00:00,562587.2914555952
2024-12-26 08:00:00+00:00,562587.2914555952
2024-12-26 12:00:00+00:00,562587.2914555952
2024-12-26 16:00:00+00:00,562587.2914555952
2024-12-26 20:00:00+00:00,562587.2914555952
2024-12-27 00:00:00+00:00,562587.2914555952
2024-12-27 04:00:00+00:00,562587.2914555952
2024-12-27 08:00:00+00:00,562587.2914555952
2024-12-27 12:00:00+00:00,562587.2914555952
2024-12-27 16:00:00+00:00,562587.2914555952
2024-12-27 20:00:00+00:00,562587.2914555952
2024-12-28 00:00:00+00:00,562587.2914555952
2024-12-28 04:00:00+00:00,562587.2914555952
2024-12-28 08:00:00+00:00,562587.2914555952
2024-12-28 12:00:00+00:00,562587.2914555952
2024-12-28 16:00:00+00:00,562587.2914555952
2024-12-28 20:00:00+00:00,562587.2914555952
2024-12-29 00:00:00+00:00,562587.2914555952
2024-12-29 04:00:00+00:00,562587.2914555952
2024-12-29 08:00:00+00:00,562587.2914555952
2024-12-29 12:00:00+00:00,562587.2914555952
2024-12-29 16:00:00+00:00,562587.2914555952
2024-12-29 20:00:00+00:00,562587.2914555952
2024-12-30 00:00:00+00:00,562587.2914555952
2024-12-30 04:00:00+00:00,562587.2914555952
2024-12-30 08:00:00+00:00,562587.2914555952
2024-12-30 12:00:00+00:00,562587.2914555952
2024-12-30 16:00:00+00:00,562587.2914555952
2024-12-30 20:00:00+00:00,562587.2914555952
2024-12-31 00:00:00+00:00,562587.2914555952
2024-12-31 04:00:00+00:00,562587.2914555952
2024-12-31 08:00:00+00:00,562587.2914555952
2024-12-31 12:00:00+00:00,562587.2914555952
2024-12-31 16:00:00+00:00,562587.2914555952
2024-12-31 20:00:00+00:00,562587.2914555952
2025-01-01 00:00:00+00:00,562587.2914555952
2025-01-01 04:00:00+00:00,562587.2914555952
2025-01-01 08:00:00+00:00,562587.2914555952
2025-01-01 12:00:00+00:00,562587.2914555952
2025-01-01 16:00:00+00:00,562587.2914555952
2025-01-01 20:00:00+00:00,562587.2914555952
2025-01-02 00:00:00+00:00,562587.2914555952
2025-01-02 04:00:00+00:00,562587.2914555952
2025-01-02 08:00:00+00:00,562587.2914555952
2025-01-02 12:00:00+00:00,562587.2914555952
2025-01-02 16:00:00+00:00,562587.2914555952
2025-01-02 20:00:00+00:00,562587.2914555952
2025-01-03 00:00:00+00:00,562587.2914555952
2025-01-03 04:00:00+00:00,562587.2914555952
2025-01-03 08:00:00+00:00,562587.2914555952
2025-01-03 12:00:00+00:00,562587.2914555952
2025-01-03 16:00:00+00:00,562587.2914555952
2025-01-03 20:00:00+00:00,562587.2914555952
2025-01-04 00:00:00+00:00,562587.2914555952
2025-01-04 04:00:00+00:00,562587.2914555952
2025-01-04 08:00:00+00:00,562587.2914555952
2025-01-04 12:00:00+00:00,562587.2914555952
2025-01-04 16:00:00+00:00,562587.2914555952
2025-01-04 20:00:00+00:00,562587.2914555952
2025-01-05 00:00:00+00:00,562587.2914555952
2025-01-05 04:00:00+00:00,562587.2914555952
2025-01-05 08:00:00+00:00,562587.2914555952
2025-01-05 12:00:00+00:00,562587.2914555952
2025-01-05 16:00:00+00:00,562688.1815478713
2025-01-05 20:00:00+00:00,567426.9201971733
2025-01-06 00:00:00+00:00,578180.2445332354
2025-01-06 04:00:00+00:00,582749.9053709453
2025-01-06 08:00:00+00:00,581570.284344675
2025-01-06 12:00:00+00:00,629690.4513846469
2025-01-06 16:00:00+00:00,622197.4793553585
2025-01-06 20:00:00+00:00,630824.7782491768
2025-01-07 00:00:00+00:00,619541.7200210458
2025-01-07 04:00:00+00:00,619289.2178406406
2025-01-07 08:00:00+00:00,600959.7156832134
2025-01-07 12:00:00+00:00,556070.7858906201
2025-01-07 16:00:00+00:00,555345.7164280528
2025-01-07 20:00:00+00:00,555345.7164280528
2025-01-08 00:00:00+00:00,555345.7164280528
2025-01-08 04:00:00+00:00,555345.7164280528
2025-01-08 08:00:00+00:00,555345.7164280528
2025-01-08 12:00:00+00:00,555345.7164280528
2025-01-08 16:00:00+00:00,555345.7164280528
2025-01-08 20:00:00+00:00,555345.7164280528
2025-01-09 00:00:00+00:00,555345.7164280528
2025-01-09 04:00:00+00:00,555345.7164280528
2025-01-09 08:00:00+00:00,555345.7164280528
2025-01-09 12:00:00+00:00,555345.7164280528
2025-01-09 16:00:00+00:00,555345.7164280528
2025-01-09 20:00:00+00:00,555345.7164280528
2025-01-10 00:00:00+00:00,555345.7164280528
2025-01-10 04:00:00+00:00,555345.7164280528
2025-01-10 08:00:00+00:00,555345.7164280528
2025-01-10 12:00:00+00:00,555345.7164280528
2025-01-10 16:00:00+00:00,555345.7164280528
2025-01-10 20:00:00+00:00,555345.7164280528
2025-01-11 00:00:00+00:00,555345.7164280528
2025-01-11 04:00:00+00:00,555345.7164280528
2025-01-11 08:00:00+00:00,555345.7164280528
2025-01-11 12:00:00+00:00,555345.7164280528
2025-01-11 16:00:00+00:00,555345.7164280528
2025-01-11 20:00:00+00:00,555345.7164280528
2025-01-12 00:00:00+00:00,555345.7164280528
2025-01-12 04:00:00+00:00,555345.7164280528
2025-01-12 08:00:00+00:00,555345.7164280528
2025-01-12 12:00:00+00:00,555345.7164280528
2025-01-12 16:00:00+00:00,555345.7164280528
2025-01-12 20:00:00+00:00,555345.7164280528
2025-01-13 00:00:00+00:00,555345.7164280528
2025-01-13 04:00:00+00:00,555345.7164280528
2025-01-13 08:00:00+00:00,555345.7164280528
2025-01-13 12:00:00+00:00,555345.7164280528
2025-01-13 16:00:00+00:00,555345.7164280528
2025-01-13 20:00:00+00:00,555345.7164280528
2025-01-14 00:00:00+00:00,555345.7164280528
2025-01-14 04:00:00+00:00,555345.7164280528
2025-01-14 08:00:00+00:00,555345.7164280528
2025-01-14 12:00:00+00:00,555345.7164280528
2025-01-14 16:00:00+00:00,555345.7164280528
2025-01-14 20:00:00+00:00,555345.7164280528
2025-01-15 00:00:00+00:00,555345.7164280528
2025-01-15 04:00:00+00:00,555345.7164280528
2025-01-15 08:00:00+00:00,555345.7164280528
2025-01-15 12:00:00+00:00,555345.7164280528
2025-01-15 16:00:00+00:00,555345.7164280528
2025-01-15 20:00:00+00:00,555345.7164280528
2025-01-16 00:00:00+00:00,555345.7164280528
2025-01-16 04:00:00+00:00,555345.7164280528
2025-01-16 08:00:00+00:00,547688.7017768098
2025-01-16 12:00:00+00:00,549316.1144363532
2025-01-16 16:00:00+00:00,561379.1136128958
2025-01-16 20:00:00+00:00,556536.4227127968
2025-01-17 00:00:00+00:00,568067.2097205262
2025-01-17 04:00:00+00:00,572468.5326672726
2025-01-17 08:00:00+00:00,580881.8198577801
2025-01-17 12:00:00+00:00,600419.736198657
2025-01-17 16:00:00+00:00,620907.9825730439
2025-01-17 20:00:00+00:00,593973.8551561374
2025-01-18 00:00:00+00:00,588025.4840028007
2025-01-18 04:00:00+00:00,579755.8100871394
2025-01-18 08:00:00+00:00,588030.2418451448
2025-01-18 12:00:00+00:00,598723.8076334171
2025-01-18 16:00:00+00:00,596748.4193712865
2025-01-18 20:00:00+00:00,598684.349240869
2025-01-19 00:00:00+00:00,603393.3280011093
2025-01-19 04:00:00+00:00,605552.6061260718
2025-01-19 08:00:00+00:00,596514.7121076975
2025-01-19 12:00:00+00:00,602974.6596597667
2025-01-19 16:00:00+00:00,617490.1393878548
2025-01-19 20:00:00+00:00,561801.8451518539
2025-01-20 00:00:00+00:00,561256.5934051869
2025-01-20 04:00:00+00:00,561256.5934051869
2025-01-20 08:00:00+00:00,563895.5531965407
2025-01-20 12:00:00+00:00,555543.6692950394
2025-01-20 16:00:00+00:00,552042.2697899556
2025-01-20 20:00:00+00:00,551906.448291667
2025-01-21 00:00:00+00:00,551906.448291667
2025-01-21 04:00:00+00:00,551906.448291667
2025-01-21 08:00:00+00:00,551906.448291667
2025-01-21 12:00:00+00:00,551906.448291667
2025-01-21 16:00:00+00:00,551906.448291667
2025-01-21 20:00:00+00:00,549892.5263662275
2025-01-22 00:00:00+00:00,548722.9054457434
2025-01-22 04:00:00+00:00,547534.1959929025
2025-01-22 08:00:00+00:00,547555.9318324655
2025-01-22 12:00:00+00:00,547436.9079105104
2025-01-22 16:00:00+00:00,547436.9079105104
2025-01-22 20:00:00+00:00,547436.9079105104
2025-01-23 00:00:00+00:00,547436.9079105104
2025-01-23 04:00:00+00:00,547436.9079105104
2025-01-23 08:00:00+00:00,547436.9079105104
2025-01-23 12:00:00+00:00,547436.9079105104
2025-01-23 16:00:00+00:00,547436.9079105104
2025-01-23 20:00:00+00:00,547436.9079105104
2025-01-24 00:00:00+00:00,547436.9079105104
2025-01-24 04:00:00+00:00,547436.9079105104
2025-01-24 08:00:00+00:00,547436.9079105104
2025-01-24 12:00:00+00:00,547436.9079105104
2025-01-24 16:00:00+00:00,547436.9079105104
2025-01-24 20:00:00+00:00,547436.9079105104
2025-01-25 00:00:00+00:00,547436.9079105104
2025-01-25 04:00:00+00:00,547436.9079105104
2025-01-25 08:00:00+00:00,547436.9079105104
2025-01-25 12:00:00+00:00,547436.9079105104
2025-01-25 16:00:00+00:00,547436.9079105104
2025-01-25 20:00:00+00:00,547436.9079105104
2025-01-26 00:00:00+00:00,547436.9079105104
2025-01-26 04:00:00+00:00,547436.9079105104
2025-01-26 08:00:00+00:00,547436.9079105104
2025-01-26 12:00:00+00:00,547436.9079105104
2025-01-26 16:00:00+00:00,547436.9079105104
2025-01-26 20:00:00+00:00,547436.9079105104
2025-01-27 00:00:00+00:00,547436.9079105104
2025-01-27 04:00:00+00:00,547436.9079105104
2025-01-27 08:00:00+00:00,547436.9079105104
2025-01-27 12:00:00+00:00,553033.3961833009
2025-01-27 16:00:00+00:00,552365.156066357
2025-01-27 20:00:00+00:00,553329.0082073718
2025-01-28 00:00:00+00:00,553549.2142800125
2025-01-28 04:00:00+00:00,553617.2224827543
2025-01-28 08:00:00+00:00,553601.460552655
2025-01-28 12:00:00+00:00,553606.5023338202
2025-01-28 16:00:00+00:00,552936.0018699225
2025-01-28 20:00:00+00:00,551154.4687246463
2025-01-29 00:00:00+00:00,552315.1427659597
2025-01-29 04:00:00+00:00,553510.9948233103
2025-01-29 08:00:00+00:00,553284.5413272093
2025-01-29 12:00:00+00:00,552205.8060007122
2025-01-29 16:00:00+00:00,554840.850398558
2025-01-29 20:00:00+00:00,554756.8353849702
2025-01-30 00:00:00+00:00,554756.8353849702
2025-01-30 04:00:00+00:00,554756.8353849702
2025-01-30 08:00:00+00:00,554756.8353849702
2025-01-30 12:00:00+00:00,554756.8353849702
2025-01-30 16:00:00+00:00,554756.8353849702
2025-01-30 20:00:00+00:00,554756.8353849702
2025-01-31 00:00:00+00:00,554756.8353849702
2025-01-31 04:00:00+00:00,554756.8353849702
2025-01-31 08:00:00+00:00,554756.8353849702
2025-01-31 12:00:00+00:00,554756.8353849702
2025-01-31 16:00:00+00:00,554756.8353849702
2025-01-31 20:00:00+00:00,554756.8353849702
2025-02-01 00:00:00+00:00,554756.8353849702
2025-02-01 04:00:00+00:00,554756.8353849702
2025-02-01 08:00:00+00:00,554756.8353849702
2025-02-01 12:00:00+00:00,554756.8353849702
2025-02-01 16:00:00+00:00,554756.8353849702
2025-02-01 20:00:00+00:00,554756.8353849702
2025-02-02 00:00:00+00:00,554756.8353849702
2025-02-02 04:00:00+00:00,554756.8353849702
2025-02-02 08:00:00+00:00,554756.8353849702
2025-02-02 12:00:00+00:00,554756.8353849702
2025-02-02 16:00:00+00:00,554756.8353849702
2025-02-02 20:00:00+00:00,554756.8353849702
2025-02-03 00:00:00+00:00,554756.8353849702
2025-02-03 04:00:00+00:00,554756.8353849702
2025-02-03 08:00:00+00:00,554756.8353849702
2025-02-03 12:00:00+00:00,554756.8353849702
2025-02-03 16:00:00+00:00,554756.8353849702
2025-02-03 20:00:00+00:00,554756.8353849702
2025-02-04 00:00:00+00:00,554756.8353849702
2025-02-04 04:00:00+00:00,554756.8353849702
2025-02-04 08:00:00+00:00,554756.8353849702
2025-02-04 12:00:00+00:00,554756.8353849702
2025-02-04 16:00:00+00:00,554756.8353849702
2025-02-04 20:00:00+00:00,554756.8353849702
2025-02-05 00:00:00+00:00,554756.8353849702
2025-02-05 04:00:00+00:00,554756.8353849702
2025-02-05 08:00:00+00:00,554756.8353849702
2025-02-05 12:00:00+00:00,554756.8353849702
2025-02-05 16:00:00+00:00,554756.8353849702
2025-02-05 20:00:00+00:00,554756.8353849702
2025-02-06 00:00:00+00:00,554756.8353849702
2025-02-06 04:00:00+00:00,554756.8353849702
2025-02-06 08:00:00+00:00,554756.8353849702
2025-02-06 12:00:00+00:00,554756.8353849702
2025-02-06 16:00:00+00:00,554756.8353849702
2025-02-06 20:00:00+00:00,554756.8353849702
2025-02-07 00:00:00+00:00,554756.8353849702
2025-02-07 04:00:00+00:00,554756.8353849702
2025-02-07 08:00:00+00:00,554756.8353849702
2025-02-07 12:00:00+00:00,554756.8353849702
2025-02-07 16:00:00+00:00,554756.8353849702
2025-02-07 20:00:00+00:00,554756.8353849702
2025-02-08 00:00:00+00:00,554756.8353849702
2025-02-08 04:00:00+00:00,554756.8353849702
2025-02-08 08:00:00+00:00,554756.8353849702
2025-02-08 12:00:00+00:00,554756.8353849702
2025-02-08 16:00:00+00:00,554756.8353849702
2025-02-08 20:00:00+00:00,554756.8353849702
2025-02-09 00:00:00+00:00,554756.8353849702
2025-02-09 04:00:00+00:00,554756.8353849702
2025-02-09 08:00:00+00:00,554756.8353849702
2025-02-09 12:00:00+00:00,554756.8353849702
2025-02-09 16:00:00+00:00,554756.8353849702
2025-02-09 20:00:00+00:00,554756.8353849702
2025-02-10 00:00:00+00:00,554756.8353849702
2025-02-10 04:00:00+00:00,554756.8353849702
2025-02-10 08:00:00+00:00,554756.8353849702
2025-02-10 12:00:00+00:00,554756.8353849702
2025-02-10 16:00:00+00:00,554756.8353849702
2025-02-10 20:00:00+00:00,554756.8353849702
2025-02-11 00:00:00+00:00,554756.8353849702
2025-02-11 04:00:00+00:00,554756.8353849702
2025-02-11 08:00:00+00:00,554756.8353849702
2025-02-11 12:00:00+00:00,554756.8353849702
2025-02-11 16:00:00+00:00,554756.8353849702
2025-02-11 20:00:00+00:00,554756.8353849702
2025-02-12 00:00:00+00:00,554756.8353849702
2025-02-12 04:00:00+00:00,554756.8353849702
2025-02-12 08:00:00+00:00,554756.8353849702
2025-02-12 12:00:00+00:00,554756.8353849702
2025-02-12 16:00:00+00:00,554756.8353849702
2025-02-12 20:00:00+00:00,554756.8353849702
2025-02-13 00:00:00+00:00,554756.8353849702
2025-02-13 04:00:00+00:00,554756.8353849702
2025-02-13 08:00:00+00:00,554756.8353849702
2025-02-13 12:00:00+00:00,554756.8353849702
2025-02-13 16:00:00+00:00,554756.8353849702
2025-02-13 20:00:00+00:00,554756.8353849702
2025-02-14 00:00:00+00:00,554756.8353849702
2025-02-14 04:00:00+00:00,554756.8353849702
2025-02-14 08:00:00+00:00,554756.8353849702
2025-02-14 12:00:00+00:00,554756.8353849702
2025-02-14 16:00:00+00:00,554756.8353849702
2025-02-14 20:00:00+00:00,554756.8353849702
2025-02-15 00:00:00+00:00,554756.8353849702
2025-02-15 04:00:00+00:00,554756.8353849702
2025-02-15 08:00:00+00:00,554756.8353849702
2025-02-15 12:00:00+00:00,554756.8353849702
2025-02-15 16:00:00+00:00,554756.8353849702
2025-02-15 20:00:00+00:00,554756.8353849702
2025-02-16 00:00:00+00:00,554756.8353849702
2025-02-16 04:00:00+00:00,554756.8353849702
2025-02-16 08:00:00+00:00,554756.8353849702
2025-02-16 12:00:00+00:00,554756.8353849702
2025-02-16 16:00:00+00:00,554756.8353849702
2025-02-16 20:00:00+00:00,554756.8353849702
2025-02-17 00:00:00+00:00,554756.8353849702
2025-02-17 04:00:00+00:00,554756.8353849702
2025-02-17 08:00:00+00:00,554756.8353849702
2025-02-17 12:00:00+00:00,554756.8353849702
2025-02-17 16:00:00+00:00,554756.8353849702
2025-02-17 20:00:00+00:00,554756.8353849702
2025-02-18 00:00:00+00:00,554756.8353849702
2025-02-18 04:00:00+00:00,554756.8353849702
2025-02-18 08:00:00+00:00,554756.8353849702
2025-02-18 12:00:00+00:00,554756.8353849702
2025-02-18 16:00:00+00:00,554756.8353849702
2025-02-18 20:00:00+00:00,554756.8353849702
2025-02-19 00:00:00+00:00,554756.8353849702
2025-02-19 04:00:00+00:00,554756.8353849702
2025-02-19 08:00:00+00:00,554756.8353849702
2025-02-19 12:00:00+00:00,554756.8353849702
2025-02-19 16:00:00+00:00,554756.8353849702
2025-02-19 20:00:00+00:00,554756.8353849702
2025-02-20 00:00:00+00:00,554756.8353849702
2025-02-20 04:00:00+00:00,554756.8353849702
2025-02-20 08:00:00+00:00,554756.8353849702
2025-02-20 12:00:00+00:00,554756.8353849702
2025-02-20 16:00:00+00:00,554756.8353849702
2025-02-20 20:00:00+00:00,554756.8353849702
2025-02-21 00:00:00+00:00,554756.8353849702
2025-02-21 04:00:00+00:00,554756.8353849702
2025-02-21 08:00:00+00:00,554756.8353849702
2025-02-21 12:00:00+00:00,554756.8353849702
2025-02-21 16:00:00+00:00,554756.8353849702
2025-02-21 20:00:00+00:00,554756.8353849702
2025-02-22 00:00:00+00:00,554756.8353849702
2025-02-22 04:00:00+00:00,554756.8353849702
2025-02-22 08:00:00+00:00,554756.8353849702
2025-02-22 12:00:00+00:00,554756.8353849702
2025-02-22 16:00:00+00:00,554756.8353849702
2025-02-22 20:00:00+00:00,554756.8353849702
2025-02-23 00:00:00+00:00,554756.8353849702
2025-02-23 04:00:00+00:00,554756.8353849702
2025-02-23 08:00:00+00:00,554756.8353849702
2025-02-23 12:00:00+00:00,554756.8353849702
2025-02-23 16:00:00+00:00,554756.8353849702
2025-02-23 20:00:00+00:00,554756.8353849702
2025-02-24 00:00:00+00:00,554756.8353849702
2025-02-24 04:00:00+00:00,554756.8353849702
2025-02-24 08:00:00+00:00,554756.8353849702
2025-02-24 12:00:00+00:00,554756.8353849702
2025-02-24 16:00:00+00:00,554756.8353849702
2025-02-24 20:00:00+00:00,554756.8353849702
2025-02-25 00:00:00+00:00,555124.8099288655
2025-02-25 04:00:00+00:00,555094.4988457325
2025-02-25 08:00:00+00:00,555094.4988457325
2025-02-25 12:00:00+00:00,555094.4988457325
2025-02-25 16:00:00+00:00,555094.4988457325
2025-02-25 20:00:00+00:00,555094.4988457325
2025-02-26 00:00:00+00:00,555094.4988457325
2025-02-26 04:00:00+00:00,555094.4988457325
2025-02-26 08:00:00+00:00,555094.4988457325
2025-02-26 12:00:00+00:00,555094.4988457325
2025-02-26 16:00:00+00:00,555094.4988457325
2025-02-26 20:00:00+00:00,555094.4988457325
2025-02-27 00:00:00+00:00,555094.4988457325
2025-02-27 04:00:00+00:00,555094.4988457325
2025-02-27 08:00:00+00:00,555094.4988457325
2025-02-27 12:00:00+00:00,555094.4988457325
2025-02-27 16:00:00+00:00,555094.4988457325
2025-02-27 20:00:00+00:00,555094.4988457325
2025-02-28 00:00:00+00:00,555094.4988457325
2025-02-28 04:00:00+00:00,555094.4988457325
2025-02-28 08:00:00+00:00,555094.4988457325
2025-02-28 12:00:00+00:00,555094.4988457325
2025-02-28 16:00:00+00:00,555094.4988457325
2025-02-28 20:00:00+00:00,555094.4988457325
2025-03-01 00:00:00+00:00,555094.4988457325
2025-03-01 04:00:00+00:00,555094.4988457325
2025-03-01 08:00:00+00:00,555094.4988457325
2025-03-01 12:00:00+00:00,555094.4988457325
2025-03-01 16:00:00+00:00,555094.4988457325
2025-03-01 20:00:00+00:00,555094.4988457325
2025-03-02 00:00:00+00:00,555094.4988457325
2025-03-02 04:00:00+00:00,555094.4988457325
2025-03-02 08:00:00+00:00,555094.4988457325
2025-03-02 12:00:00+00:00,555094.4988457325
2025-03-02 16:00:00+00:00,555094.4988457325
2025-03-02 20:00:00+00:00,555094.4988457325
2025-03-03 00:00:00+00:00,555094.4988457325
2025-03-03 04:00:00+00:00,555094.4988457325
2025-03-03 08:00:00+00:00,555094.4988457325
2025-03-03 12:00:00+00:00,555094.4988457325
2025-03-03 16:00:00+00:00,555094.4988457325
2025-03-03 20:00:00+00:00,555094.4988457325
2025-03-04 00:00:00+00:00,555094.4988457325
2025-03-04 04:00:00+00:00,555094.4988457325
2025-03-04 08:00:00+00:00,555094.4988457325
2025-03-04 12:00:00+00:00,555094.4988457325
2025-03-04 16:00:00+00:00,555094.4988457325
2025-03-04 20:00:00+00:00,555094.4988457325
2025-03-05 00:00:00+00:00,555094.4988457325
2025-03-05 04:00:00+00:00,555094.4988457325
2025-03-05 08:00:00+00:00,555094.4988457325
2025-03-05 12:00:00+00:00,555094.4988457325
2025-03-05 16:00:00+00:00,555094.4988457325
2025-03-05 20:00:00+00:00,555094.4988457325
2025-03-06 00:00:00+00:00,555094.4988457325
2025-03-06 04:00:00+00:00,555094.4988457325
2025-03-06 08:00:00+00:00,555094.4988457325
2025-03-06 12:00:00+00:00,555094.4988457325
2025-03-06 16:00:00+00:00,555094.4988457325
2025-03-06 20:00:00+00:00,555094.4988457325
2025-03-07 00:00:00+00:00,555094.4988457325
2025-03-07 04:00:00+00:00,555094.4988457325
2025-03-07 08:00:00+00:00,555094.4988457325
2025-03-07 12:00:00+00:00,555094.4988457325
2025-03-07 16:00:00+00:00,555094.4988457325
2025-03-07 20:00:00+00:00,555094.4988457325
2025-03-08 00:00:00+00:00,555094.4988457325
2025-03-08 04:00:00+00:00,555094.4988457325
2025-03-08 08:00:00+00:00,555094.4988457325
2025-03-08 12:00:00+00:00,555094.4988457325
2025-03-08 16:00:00+00:00,555094.4988457325
2025-03-08 20:00:00+00:00,555094.4988457325
2025-03-09 00:00:00+00:00,555094.4988457325
2025-03-09 04:00:00+00:00,555094.4988457325
2025-03-09 08:00:00+00:00,555094.4988457325
2025-03-09 12:00:00+00:00,555094.4988457325
2025-03-09 16:00:00+00:00,555094.4988457325
2025-03-09 20:00:00+00:00,555094.4988457325
2025-03-10 00:00:00+00:00,555094.4988457325
2025-03-10 04:00:00+00:00,555094.4988457325
2025-03-10 08:00:00+00:00,555094.4988457325
2025-03-10 12:00:00+00:00,555094.4988457325
2025-03-10 16:00:00+00:00,555094.4988457325
2025-03-10 20:00:00+00:00,555094.4988457325
2025-03-11 00:00:00+00:00,555094.4988457325
2025-03-11 04:00:00+00:00,555094.4988457325
2025-03-11 08:00:00+00:00,555094.4988457325
2025-03-11 12:00:00+00:00,555094.4988457325
2025-03-11 16:00:00+00:00,555094.4988457325
2025-03-11 20:00:00+00:00,555094.4988457325
2025-03-12 00:00:00+00:00,555094.4988457325
2025-03-12 04:00:00+00:00,555094.4988457325
2025-03-12 08:00:00+00:00,555094.4988457325
2025-03-12 12:00:00+00:00,555094.4988457325
2025-03-12 16:00:00+00:00,555094.4988457325
2025-03-12 20:00:00+00:00,555094.4988457325
2025-03-13 00:00:00+00:00,555094.4988457325
2025-03-13 04:00:00+00:00,555094.4988457325
2025-03-13 08:00:00+00:00,555094.4988457325
2025-03-13 12:00:00+00:00,555094.4988457325
2025-03-13 16:00:00+00:00,555094.4988457325
2025-03-13 20:00:00+00:00,555094.4988457325
2025-03-14 00:00:00+00:00,555094.4988457325
2025-03-14 04:00:00+00:00,555094.4988457325
2025-03-14 08:00:00+00:00,555094.4988457325
2025-03-14 12:00:00+00:00,555094.4988457325
2025-03-14 16:00:00+00:00,555094.4988457325
2025-03-14 20:00:00+00:00,555094.4988457325
2025-03-15 00:00:00+00:00,555094.4988457325
2025-03-15 04:00:00+00:00,555094.4988457325
2025-03-15 08:00:00+00:00,555094.4988457325
2025-03-15 12:00:00+00:00,555094.4988457325
2025-03-15 16:00:00+00:00,555094.4988457325
2025-03-15 20:00:00+00:00,555094.4988457325
2025-03-16 00:00:00+00:00,555094.4988457325
2025-03-16 04:00:00+00:00,555094.4988457325
2025-03-16 08:00:00+00:00,555094.4988457325
2025-03-16 12:00:00+00:00,555094.4988457325
2025-03-16 16:00:00+00:00,555094.4988457325
2025-03-16 20:00:00+00:00,555094.4988457325
2025-03-17 00:00:00+00:00,555094.4988457325
2025-03-17 04:00:00+00:00,555094.4988457325
2025-03-17 08:00:00+00:00,555094.4988457325
2025-03-17 12:00:00+00:00,555094.4988457325
2025-03-17 16:00:00+00:00,555094.4988457325
2025-03-17 20:00:00+00:00,555094.4988457325
2025-03-18 00:00:00+00:00,555094.4988457325
2025-03-18 04:00:00+00:00,555094.4988457325
2025-03-18 08:00:00+00:00,555094.4988457325
2025-03-18 12:00:00+00:00,555094.4988457325
2025-03-18 16:00:00+00:00,555094.4988457325
2025-03-18 20:00:00+00:00,555094.4988457325
2025-03-19 00:00:00+00:00,555094.4988457325
2025-03-19 04:00:00+00:00,555094.4988457325
2025-03-19 08:00:00+00:00,555094.4988457325
2025-03-19 12:00:00+00:00,555094.4988457325
2025-03-19 16:00:00+00:00,555094.4988457325
2025-03-19 20:00:00+00:00,555094.4988457325
2025-03-20 00:00:00+00:00,555094.4988457325
2025-03-20 04:00:00+00:00,555094.4988457325
2025-03-20 08:00:00+00:00,555094.4988457325
2025-03-20 12:00:00+00:00,555094.4988457325
2025-03-20 16:00:00+00:00,555094.4988457325
2025-03-20 20:00:00+00:00,555094.4988457325
2025-03-21 00:00:00+00:00,555094.4988457325
2025-03-21 04:00:00+00:00,555094.4988457325
2025-03-21 08:00:00+00:00,555094.4988457325
2025-03-21 12:00:00+00:00,555094.4988457325
2025-03-21 16:00:00+00:00,555094.4988457325
2025-03-21 20:00:00+00:00,555094.4988457325
2025-03-22 00:00:00+00:00,555094.4988457325
2025-03-22 04:00:00+00:00,555094.4988457325
2025-03-22 08:00:00+00:00,555094.4988457325
2025-03-22 12:00:00+00:00,555094.4988457325
2025-03-22 16:00:00+00:00,555094.4988457325
2025-03-22 20:00:00+00:00,555094.4988457325
2025-03-23 00:00:00+00:00,555094.4988457325
2025-03-23 04:00:00+00:00,555094.4988457325
2025-03-23 08:00:00+00:00,555094.4988457325
2025-03-23 12:00:00+00:00,555094.4988457325
2025-03-23 16:00:00+00:00,555094.4988457325
2025-03-23 20:00:00+00:00,555094.4988457325
2025-03-24 00:00:00+00:00,555094.4988457325
2025-03-24 04:00:00+00:00,555094.4988457325
2025-03-24 08:00:00+00:00,555094.4988457325
2025-03-24 12:00:00+00:00,555094.4988457325
2025-03-24 16:00:00+00:00,555094.4988457325
2025-03-24 20:00:00+00:00,555094.4988457325
2025-03-25 00:00:00+00:00,555094.4988457325
2025-03-25 04:00:00+00:00,555094.4988457325
2025-03-25 08:00:00+00:00,555094.4988457325
2025-03-25 12:00:00+00:00,555094.4988457325
2025-03-25 16:00:00+00:00,559644.8553457313
2025-03-25 20:00:00+00:00,548806.6675427365
2025-03-26 00:00:00+00:00,547019.157988031
2025-03-26 04:00:00+00:00,552373.1806272338
2025-03-26 08:00:00+00:00,548931.1406917957
2025-03-26 12:00:00+00:00,530103.8153662961
2025-03-26 16:00:00+00:00,528794.4875931601
2025-03-26 20:00:00+00:00,528569.3371180075
2025-03-27 00:00:00+00:00,528569.3371180075
2025-03-27 04:00:00+00:00,526950.8791179783
2025-03-27 08:00:00+00:00,524523.6445610974
2025-03-27 12:00:00+00:00,524297.8075733146
2025-03-27 16:00:00+00:00,524297.8075733146
2025-03-27 20:00:00+00:00,524297.8075733146
2025-03-28 00:00:00+00:00,524297.8075733146
2025-03-28 04:00:00+00:00,524297.8075733146
2025-03-28 08:00:00+00:00,524297.8075733146
2025-03-28 12:00:00+00:00,524297.8075733146
2025-03-28 16:00:00+00:00,524297.8075733146
2025-03-28 20:00:00+00:00,524297.8075733146
2025-03-29 00:00:00+00:00,524297.8075733146
2025-03-29 04:00:00+00:00,524297.8075733146
2025-03-29 08:00:00+00:00,524297.8075733146
2025-03-29 12:00:00+00:00,524297.8075733146
2025-03-29 16:00:00+00:00,524297.8075733146
2025-03-29 20:00:00+00:00,524297.8075733146
2025-03-30 00:00:00+00:00,524297.8075733146
2025-03-30 04:00:00+00:00,524297.8075733146
2025-03-30 08:00:00+00:00,524297.8075733146
2025-03-30 12:00:00+00:00,524297.8075733146
2025-03-30 16:00:00+00:00,524297.8075733146
2025-03-30 20:00:00+00:00,524297.8075733146
2025-03-31 00:00:00+00:00,524297.8075733146
2025-03-31 04:00:00+00:00,524297.8075733146
2025-03-31 08:00:00+00:00,524297.8075733146
2025-03-31 12:00:00+00:00,524297.8075733146
2025-03-31 16:00:00+00:00,524297.8075733146
2025-03-31 20:00:00+00:00,524297.8075733146
2025-04-01 00:00:00+00:00,524297.8075733146
2025-04-01 04:00:00+00:00,524297.8075733146
2025-04-01 08:00:00+00:00,524297.8075733146
2025-04-01 12:00:00+00:00,524297.8075733146
2025-04-01 16:00:00+00:00,524297.8075733146
2025-04-01 20:00:00+00:00,524297.8075733146
2025-04-02 00:00:00+00:00,524297.8075733146
2025-04-02 04:00:00+00:00,524297.8075733146
2025-04-02 08:00:00+00:00,524297.8075733146
2025-04-02 12:00:00+00:00,524297.8075733146
2025-04-02 16:00:00+00:00,524297.8075733146
2025-04-02 20:00:00+00:00,524297.8075733146
2025-04-03 00:00:00+00:00,524297.8075733146
2025-04-03 04:00:00+00:00,524297.8075733146
2025-04-03 08:00:00+00:00,524297.8075733146
2025-04-03 12:00:00+00:00,524297.8075733146
2025-04-03 16:00:00+00:00,524297.8075733146
2025-04-03 20:00:00+00:00,524297.8075733146
2025-04-04 00:00:00+00:00,524297.8075733146
2025-04-04 04:00:00+00:00,524297.8075733146
2025-04-04 08:00:00+00:00,524297.8075733146
2025-04-04 12:00:00+00:00,524297.8075733146
2025-04-04 16:00:00+00:00,524297.8075733146
2025-04-04 20:00:00+00:00,524297.8075733146
2025-04-05 00:00:00+00:00,524297.8075733146
2025-04-05 04:00:00+00:00,524297.8075733146
2025-04-05 08:00:00+00:00,524297.8075733146
2025-04-05 12:00:00+00:00,524297.8075733146
2025-04-05 16:00:00+00:00,524297.8075733146
2025-04-05 20:00:00+00:00,524297.8075733146
2025-04-06 00:00:00+00:00,524297.8075733146
2025-04-06 04:00:00+00:00,524297.8075733146
2025-04-06 08:00:00+00:00,524297.8075733146
2025-04-06 12:00:00+00:00,524297.8075733146
2025-04-06 16:00:00+00:00,524297.8075733146
2025-04-06 20:00:00+00:00,524297.8075733146
2025-04-07 00:00:00+00:00,524297.8075733146
2025-04-07 04:00:00+00:00,523007.7871324704
2025-04-07 08:00:00+00:00,522988.74374875345
2025-04-07 12:00:00+00:00,522988.74374875345
2025-04-07 16:00:00+00:00,522988.74374875345
2025-04-07 20:00:00+00:00,522988.74374875345
2025-04-08 00:00:00+00:00,522988.74374875345
2025-04-08 04:00:00+00:00,522988.74374875345
2025-04-08 08:00:00+00:00,522988.74374875345
2025-04-08 12:00:00+00:00,522988.74374875345
2025-04-08 16:00:00+00:00,522988.74374875345
2025-04-08 20:00:00+00:00,522988.74374875345
2025-04-09 00:00:00+00:00,522988.74374875345
2025-04-09 04:00:00+00:00,522988.74374875345
2025-04-09 08:00:00+00:00,522988.74374875345
2025-04-09 12:00:00+00:00,522988.74374875345
2025-04-09 16:00:00+00:00,522988.74374875345
2025-04-09 20:00:00+00:00,522988.74374875345
2025-04-10 00:00:00+00:00,522988.74374875345
2025-04-10 04:00:00+00:00,522988.74374875345
2025-04-10 08:00:00+00:00,522988.74374875345
2025-04-10 12:00:00+00:00,522988.74374875345
2025-04-10 16:00:00+00:00,522988.74374875345
2025-04-10 20:00:00+00:00,522988.74374875345
2025-04-11 00:00:00+00:00,522988.74374875345
2025-04-11 04:00:00+00:00,522988.74374875345
2025-04-11 08:00:00+00:00,522988.74374875345
2025-04-11 12:00:00+00:00,522988.74374875345
2025-04-11 16:00:00+00:00,522988.74374875345
2025-04-11 20:00:00+00:00,522988.74374875345
2025-04-12 00:00:00+00:00,522988.74374875345
2025-04-12 04:00:00+00:00,522988.74374875345
2025-04-12 08:00:00+00:00,522988.74374875345
2025-04-12 12:00:00+00:00,522988.74374875345
2025-04-12 16:00:00+00:00,522988.74374875345
2025-04-12 20:00:00+00:00,522988.74374875345
2025-04-13 00:00:00+00:00,522988.74374875345
2025-04-13 04:00:00+00:00,522988.74374875345
2025-04-13 08:00:00+00:00,522988.74374875345
2025-04-13 12:00:00+00:00,522988.74374875345
2025-04-13 16:00:00+00:00,522988.74374875345
2025-04-13 20:00:00+00:00,522988.74374875345
2025-04-14 00:00:00+00:00,522988.74374875345
2025-04-14 04:00:00+00:00,522988.74374875345
2025-04-14 08:00:00+00:00,522988.74374875345
2025-04-14 12:00:00+00:00,522988.74374875345
2025-04-14 16:00:00+00:00,522988.74374875345
2025-04-14 20:00:00+00:00,522988.74374875345
2025-04-15 00:00:00+00:00,522988.74374875345
2025-04-15 04:00:00+00:00,522988.74374875345
2025-04-15 08:00:00+00:00,520981.63811008254
2025-04-15 12:00:00+00:00,513855.6187474087
2025-04-15 16:00:00+00:00,510205.1959338427
2025-04-15 20:00:00+00:00,508934.20802921837
2025-04-16 00:00:00+00:00,509093.46092918783
2025-04-16 04:00:00+00:00,507829.13692523487
2025-04-16 08:00:00+00:00,510424.94440240203
2025-04-16 12:00:00+00:00,513488.04095212533
2025-04-16 16:00:00+00:00,511485.2002101108
2025-04-16 20:00:00+00:00,510356.3437885793
2025-04-17 00:00:00+00:00,510211.69449141977
2025-04-17 04:00:00+00:00,512792.3849995633
2025-04-17 08:00:00+00:00,512403.9505060024
2025-04-17 12:00:00+00:00,512265.66764821124
2025-04-17 16:00:00+00:00,513405.2775284104
2025-04-17 20:00:00+00:00,514459.37344891013
2025-04-18 00:00:00+00:00,512956.3721444685
2025-04-18 04:00:00+00:00,510965.88150512736
2025-04-18 08:00:00+00:00,510659.478994757
2025-04-18 12:00:00+00:00,509302.4790098975
2025-04-18 16:00:00+00:00,510190.5836432222
2025-04-18 20:00:00+00:00,509696.70648242004
2025-04-19 00:00:00+00:00,511624.50753610395
2025-04-19 04:00:00+00:00,516178.07172128634
2025-04-19 08:00:00+00:00,516173.01051785203
2025-04-19 12:00:00+00:00,515668.3182598215
2025-04-19 16:00:00+00:00,514287.5453547249
2025-04-19 20:00:00+00:00,514174.61961890233
2025-04-20 00:00:00+00:00,515241.9839830696
2025-04-20 04:00:00+00:00,509435.057562181
2025-04-20 08:00:00+00:00,504958.65298704995
2025-04-20 12:00:00+00:00,504693.92074478435
2025-04-20 16:00:00+00:00,504693.92074478435
2025-04-20 20:00:00+00:00,504693.92074478435
2025-04-21 00:00:00+00:00,517603.48863201437
2025-04-21 04:00:00+00:00,522215.96347970644
2025-04-21 08:00:00+00:00,511474.1087485443
2025-04-21 12:00:00+00:00,529085.8593075462
2025-04-21 16:00:00+00:00,514977.1629876562
2025-04-21 20:00:00+00:00,516194.80048509326
2025-04-22 00:00:00+00:00,526030.4072025818
2025-04-22 04:00:00+00:00,531079.8855566509
2025-04-22 08:00:00+00:00,533251.131032853
2025-04-22 12:00:00+00:00,569543.6095338694
2025-04-22 16:00:00+00:00,579323.8342375354
2025-04-22 20:00:00+00:00,622286.3577534313
2025-04-23 00:00:00+00:00,616169.6806548071
2025-04-23 04:00:00+00:00,637538.1305312369
2025-04-23 08:00:00+00:00,622333.1540078211
2025-04-23 12:00:00+00:00,616056.5786609498
2025-04-23 16:00:00+00:00,622438.2136905104
2025-04-23 20:00:00+00:00,626752.0602978979
2025-04-24 00:00:00+00:00,604686.9317372519
2025-04-24 04:00:00+00:00,597752.2061155684
2025-04-24 08:00:00+00:00,603423.9405144844
2025-04-24 12:00:00+00:00,611456.2095717003
2025-04-24 16:00:00+00:00,616492.9772713325
2025-04-24 20:00:00+00:00,622684.273766366
2025-04-25 00:00:00+00:00,613119.5216261448
2025-04-25 04:00:00+00:00,619818.5684632822
2025-04-25 08:00:00+00:00,632235.6978613791
2025-04-25 12:00:00+00:00,637981.863396002
2025-04-25 16:00:00+00:00,641312.4970157355
2025-04-25 20:00:00+00:00,632027.6381300235
2025-04-26 00:00:00+00:00,633512.4931806786
2025-04-26 04:00:00+00:00,631126.010222758
2025-04-26 08:00:00+00:00,625032.8516713682
2025-04-26 12:00:00+00:00,628328.8776309231
2025-04-26 16:00:00+00:00,627367.9205247662
2025-04-26 20:00:00+00:00,631898.4680396739
2025-04-27 00:00:00+00:00,625357.709950633
2025-04-27 04:00:00+00:00,624005.3507789295
2025-04-27 08:00:00+00:00,621767.7354980921
2025-04-27 12:00:00+00:00,621575.7516223808
2025-04-27 16:00:00+00:00,629190.7329066783
2025-04-27 20:00:00+00:00,619215.8999462589
2025-04-28 00:00:00+00:00,619509.9850996167
2025-04-28 04:00:00+00:00,634260.943486213
2025-04-28 08:00:00+00:00,645971.5425075251
2025-04-28 12:00:00+00:00,617891.6108398323
2025-04-28 16:00:00+00:00,623111.595421092
2025-04-28 20:00:00+00:00,624467.3522369365
2025-04-29 00:00:00+00:00,622278.404133839
2025-04-29 04:00:00+00:00,623931.5958671757
2025-04-29 08:00:00+00:00,625170.7424532146
2025-04-29 12:00:00+00:00,623410.8294722955
2025-04-29 16:00:00+00:00,626136.2642180976
2025-04-29 20:00:00+00:00,619896.2656379443
2025-04-30 00:00:00+00:00,624618.6396001459
2025-04-30 04:00:00+00:00,622172.1165943224
2025-04-30 08:00:00+00:00,625418.7915431346
2025-04-30 12:00:00+00:00,618419.0863661963
2025-04-30 16:00:00+00:00,618139.6511914856
2025-04-30 20:00:00+00:00,618139.6511914856
2025-05-01 00:00:00+00:00,618139.6511914856
2025-05-01 04:00:00+00:00,618139.6511914856
2025-05-01 08:00:00+00:00,618139.6511914856
2025-05-01 12:00:00+00:00,621825.4787267277
2025-05-01 16:00:00+00:00,619869.3506021496
2025-05-01 20:00:00+00:00,619655.1454172231
2025-05-02 00:00:00+00:00,623504.920939209
2025-05-02 04:00:00+00:00,609907.6737350165
2025-05-02 08:00:00+00:00,612837.0583569555
2025-05-02 12:00:00+00:00,615182.2426798404
2025-05-02 16:00:00+00:00,612775.5172165273
2025-05-02 20:00:00+00:00,612623.2798844557
2025-05-03 00:00:00+00:00,609451.6047474034
2025-05-03 04:00:00+00:00,609443.8707890434
2025-05-03 08:00:00+00:00,607074.4256846834
2025-05-03 12:00:00+00:00,609830.1003804747
2025-05-03 16:00:00+00:00,609560.7932035112
2025-05-03 20:00:00+00:00,606534.5190259619
2025-05-04 00:00:00+00:00,605798.6597105163
2025-05-04 04:00:00+00:00,606763.3770107647
2025-05-04 08:00:00+00:00,606478.21000568
2025-05-04 12:00:00+00:00,606478.21000568
2025-05-04 16:00:00+00:00,606478.21000568
2025-05-04 20:00:00+00:00,606478.21000568
2025-05-05 00:00:00+00:00,606478.21000568
2025-05-05 04:00:00+00:00,606478.21000568
2025-05-05 08:00:00+00:00,606478.21000568
2025-05-05 12:00:00+00:00,606478.21000568
2025-05-05 16:00:00+00:00,606478.21000568
2025-05-05 20:00:00+00:00,606478.21000568
2025-05-06 00:00:00+00:00,606478.21000568
2025-05-06 04:00:00+00:00,606478.21000568
2025-05-06 08:00:00+00:00,606478.21000568
2025-05-06 12:00:00+00:00,606478.21000568
2025-05-06 16:00:00+00:00,606478.21000568
2025-05-06 20:00:00+00:00,606478.21000568
2025-05-07 00:00:00+00:00,606478.21000568
2025-05-07 04:00:00+00:00,606478.21000568
2025-05-07 08:00:00+00:00,606478.21000568
2025-05-07 12:00:00+00:00,606478.21000568
2025-05-07 16:00:00+00:00,591631.5014568686
2025-05-07 20:00:00+00:00,607141.98579549
2025-05-08 00:00:00+00:00,645626.1733554122
2025-05-08 04:00:00+00:00,647794.8646523918
2025-05-08 08:00:00+00:00,650713.6874272643
2025-05-08 12:00:00+00:00,676714.6284936846
2025-05-08 16:00:00+00:00,688730.6810678772
2025-05-08 20:00:00+00:00,735918.760407143
2025-05-09 00:00:00+00:00,715400.2570824398
2025-05-09 04:00:00+00:00,744316.7509087994
2025-05-09 08:00:00+00:00,726811.2038437136
2025-05-09 12:00:00+00:00,725282.2424216499
2025-05-09 16:00:00+00:00,732422.2744569712
2025-05-09 20:00:00+00:00,727341.1503542393
2025-05-10 00:00:00+00:00,732991.9586881417
2025-05-10 04:00:00+00:00,745862.3014540491
2025-05-10 08:00:00+00:00,737235.1921439706
2025-05-10 12:00:00+00:00,731927.0468302624
2025-05-10 16:00:00+00:00,732692.7896418349
2025-05-10 20:00:00+00:00,762894.587412161
2025-05-11 00:00:00+00:00,740985.7397670079
2025-05-11 04:00:00+00:00,729330.7781618439
2025-05-11 08:00:00+00:00,752501.5561224527
2025-05-11 12:00:00+00:00,742722.9047310513
2025-05-11 16:00:00+00:00,747848.2509322761
2025-05-11 20:00:00+00:00,742321.8323163942
2025-05-12 00:00:00+00:00,742078.178941009
2025-05-12 04:00:00+00:00,748694.3789928114
2025-05-12 08:00:00+00:00,735259.1285077682
2025-05-12 12:00:00+00:00,713040.3682398526
2025-05-12 16:00:00+00:00,708652.8276701905
2025-05-12 20:00:00+00:00,713851.3819960888
2025-05-13 00:00:00+00:00,707885.963409946
2025-05-13 04:00:00+00:00,713176.5245536987
2025-05-13 08:00:00+00:00,719065.706974994
2025-05-13 12:00:00+00:00,717737.4604513367
2025-05-13 16:00:00+00:00,734858.3814951885
2025-05-13 20:00:00+00:00,724448.4499821884
2025-05-14 00:00:00+00:00,715984.1365023738
2025-05-14 04:00:00+00:00,717733.557772806
2025-05-14 08:00:00+00:00,721351.5623918836
2025-05-14 12:00:00+00:00,714480.897070108
2025-05-14 16:00:00+00:00,712922.1374135289
2025-05-14 20:00:00+00:00,713936.7937790187
2025-05-15 00:00:00+00:00,709667.5199999067
2025-05-15 04:00:00+00:00,709376.7898039232
2025-05-15 08:00:00+00:00,709376.7898039232
2025-05-15 12:00:00+00:00,709376.7898039232
2025-05-15 16:00:00+00:00,709376.7898039232
2025-05-15 20:00:00+00:00,712511.7904053832
2025-05-16 00:00:00+00:00,713975.4838059625
2025-05-16 04:00:00+00:00,712103.9007835775
2025-05-16 08:00:00+00:00,711879.0585128885
2025-05-16 12:00:00+00:00,714862.1190373007
2025-05-16 16:00:00+00:00,713879.000706577
2025-05-16 20:00:00+00:00,710714.3731465589
2025-05-17 00:00:00+00:00,710993.797515414
2025-05-17 04:00:00+00:00,710702.2923631258
2025-05-17 08:00:00+00:00,710702.2923631258
2025-05-17 12:00:00+00:00,710702.2923631258
2025-05-17 16:00:00+00:00,710702.2923631258
2025-05-17 20:00:00+00:00,710702.2923631258
2025-05-18 00:00:00+00:00,710702.2923631258
2025-05-18 04:00:00+00:00,710702.2923631258
2025-05-18 08:00:00+00:00,710702.2923631258
2025-05-18 12:00:00+00:00,710702.2923631258
2025-05-18 16:00:00+00:00,710702.2923631258
2025-05-18 20:00:00+00:00,710702.2923631258
2025-05-19 00:00:00+00:00,710702.2923631258
2025-05-19 04:00:00+00:00,710702.2923631258
2025-05-19 08:00:00+00:00,710702.2923631258
2025-05-19 12:00:00+00:00,710702.2923631258
2025-05-19 16:00:00+00:00,710702.2923631258
2025-05-19 20:00:00+00:00,710702.2923631258
2025-05-20 00:00:00+00:00,710702.2923631258
2025-05-20 04:00:00+00:00,710702.2923631258
2025-05-20 08:00:00+00:00,710702.2923631258
2025-05-20 12:00:00+00:00,711161.1198782614
2025-05-20 16:00:00+00:00,720459.7632501273
2025-05-20 20:00:00+00:00,717252.9710112358
2025-05-21 00:00:00+00:00,716966.9504058214
2025-05-21 04:00:00+00:00,711896.6506197186
2025-05-21 08:00:00+00:00,712200.3718005919
2025-05-21 12:00:00+00:00,749930.0726519458
2025-05-21 16:00:00+00:00,743659.6230401925
2025-05-21 20:00:00+00:00,760445.8060464363
2025-05-22 00:00:00+00:00,794619.9569084896
2025-05-22 04:00:00+00:00,784093.5472351109
2025-05-22 08:00:00+00:00,783092.2235615879
2025-05-22 12:00:00+00:00,787304.8855554273
2025-05-22 16:00:00+00:00,785573.7371398449
2025-05-22 20:00:00+00:00,792821.9359020992
2025-05-23 00:00:00+00:00,784124.1195807813
2025-05-23 04:00:00+00:00,779190.5689930703
2025-05-23 08:00:00+00:00,756434.9162085175
2025-05-23 12:00:00+00:00,754532.8181618865
2025-05-23 16:00:00+00:00,751262.4641601221
2025-05-23 20:00:00+00:00,732577.1674097464
2025-05-24 00:00:00+00:00,731863.9189887227
2025-05-24 04:00:00+00:00,731863.9189887227
2025-05-24 08:00:00+00:00,731863.9189887227
2025-05-24 12:00:00+00:00,727648.8597125479
2025-05-24 16:00:00+00:00,727846.9975816517
2025-05-24 20:00:00+00:00,711776.7284667866
2025-05-25 00:00:00+00:00,711071.6649626081
2025-05-25 04:00:00+00:00,711071.6649626081
2025-05-25 08:00:00+00:00,711071.6649626081
2025-05-25 12:00:00+00:00,711071.6649626081
2025-05-25 16:00:00+00:00,711071.6649626081
2025-05-25 20:00:00+00:00,711071.6649626081
2025-05-26 00:00:00+00:00,719098.1456075908
2025-05-26 04:00:00+00:00,725675.6512083816
2025-05-26 08:00:00+00:00,721046.3279375669
2025-05-26 12:00:00+00:00,724269.0614475106
2025-05-26 16:00:00+00:00,711437.6553589758
2025-05-26 20:00:00+00:00,712594.6923281626
2025-05-27 00:00:00+00:00,709707.1161261006
2025-05-27 04:00:00+00:00,709421.2711105612
2025-05-27 08:00:00+00:00,709421.2711105612
2025-05-27 12:00:00+00:00,709421.2711105612
2025-05-27 16:00:00+00:00,709421.2711105612
2025-05-27 20:00:00+00:00,709421.2711105612
2025-05-28 00:00:00+00:00,709421.2711105612
2025-05-28 04:00:00+00:00,709421.2711105612
2025-05-28 08:00:00+00:00,709421.2711105612
2025-05-28 12:00:00+00:00,709421.2711105612
2025-05-28 16:00:00+00:00,709421.2711105612
2025-05-28 20:00:00+00:00,709421.2711105612
2025-05-29 00:00:00+00:00,709421.2711105612
2025-05-29 04:00:00+00:00,709421.2711105612
2025-05-29 08:00:00+00:00,709421.2711105612
2025-05-29 12:00:00+00:00,709421.2711105612
2025-05-29 16:00:00+00:00,709421.2711105612
2025-05-29 20:00:00+00:00,709421.2711105612
2025-05-30 00:00:00+00:00,709421.2711105612
2025-05-30 04:00:00+00:00,709421.2711105612
2025-05-30 08:00:00+00:00,709421.2711105612
2025-05-30 12:00:00+00:00,709421.2711105612
2025-05-30 16:00:00+00:00,709421.2711105612
2025-05-30 20:00:00+00:00,709421.2711105612
2025-05-31 00:00:00+00:00,709421.2711105612
2025-05-31 04:00:00+00:00,709421.2711105612
2025-05-31 08:00:00+00:00,709421.2711105612
2025-05-31 12:00:00+00:00,709421.2711105612
2025-05-31 16:00:00+00:00,709421.2711105612
2025-05-31 20:00:00+00:00,709421.2711105612
2025-06-01 00:00:00+00:00,709421.2711105612
2025-06-01 04:00:00+00:00,709421.2711105612
2025-06-01 08:00:00+00:00,709421.2711105612
2025-06-01 12:00:00+00:00,709421.2711105612
2025-06-01 16:00:00+00:00,709421.2711105612
2025-06-01 20:00:00+00:00,709421.2711105612
2025-06-02 00:00:00+00:00,709421.2711105612
2025-06-02 04:00:00+00:00,709421.2711105612
2025-06-02 08:00:00+00:00,709421.2711105612
2025-06-02 12:00:00+00:00,709421.2711105612
2025-06-02 16:00:00+00:00,709421.2711105612
2025-06-02 20:00:00+00:00,709421.2711105612
2025-06-03 00:00:00+00:00,709421.2711105612
2025-06-03 04:00:00+00:00,707127.2567168291
2025-06-03 08:00:00+00:00,706798.737536723
2025-06-03 12:00:00+00:00,706798.737536723
2025-06-03 16:00:00+00:00,698719.0588647344
2025-06-03 20:00:00+00:00,683446.5060202129
2025-06-04 00:00:00+00:00,683732.3053459934
2025-06-04 04:00:00+00:00,682397.6167694788
2025-06-04 08:00:00+00:00,681037.0260760961
2025-06-04 12:00:00+00:00,682346.4140487988
2025-06-04 16:00:00+00:00,679950.9619447793
2025-06-04 20:00:00+00:00,679624.9312286144
2025-06-05 00:00:00+00:00,679624.9312286144
2025-06-05 04:00:00+00:00,679624.9312286144
2025-06-05 08:00:00+00:00,679624.9312286144
2025-06-05 12:00:00+00:00,679624.9312286144
2025-06-05 16:00:00+00:00,679624.9312286144
2025-06-05 20:00:00+00:00,679624.9312286144
2025-06-06 00:00:00+00:00,679624.9312286144
2025-06-06 04:00:00+00:00,679624.9312286144
2025-06-06 08:00:00+00:00,679624.9312286144
2025-06-06 12:00:00+00:00,679624.9312286144
2025-06-06 16:00:00+00:00,679624.9312286144
2025-06-06 20:00:00+00:00,679624.9312286144
2025-06-07 00:00:00+00:00,679624.9312286144
2025-06-07 04:00:00+00:00,679624.9312286144
2025-06-07 08:00:00+00:00,679624.9312286144
2025-06-07 12:00:00+00:00,679624.9312286144
2025-06-07 16:00:00+00:00,679624.9312286144
2025-06-07 20:00:00+00:00,679624.9312286144
2025-06-08 00:00:00+00:00,679624.9312286144
2025-06-08 04:00:00+00:00,679624.9312286144
2025-06-08 08:00:00+00:00,679624.9312286144
2025-06-08 12:00:00+00:00,679624.9312286144
2025-06-08 16:00:00+00:00,679624.9312286144
2025-06-08 20:00:00+00:00,679624.9312286144
2025-06-09 00:00:00+00:00,679624.9312286144
2025-06-09 04:00:00+00:00,679624.9312286144
2025-06-09 08:00:00+00:00,679624.9312286144
2025-06-09 12:00:00+00:00,679624.9312286144
2025-06-09 16:00:00+00:00,679624.9312286144
2025-06-09 20:00:00+00:00,679624.9312286144
2025-06-10 00:00:00+00:00,679624.9312286144
2025-06-10 04:00:00+00:00,679624.9312286144
2025-06-10 08:00:00+00:00,679624.9312286144
2025-06-10 12:00:00+00:00,679624.9312286144
2025-06-10 16:00:00+00:00,687572.7541828385
2025-06-10 20:00:00+00:00,702330.9487307657
2025-06-11 00:00:00+00:00,691115.302403196
2025-06-11 04:00:00+00:00,686012.9940255036
2025-06-11 08:00:00+00:00,682099.2427173062
2025-06-11 12:00:00+00:00,691462.1486665742
2025-06-11 16:00:00+00:00,672060.1457917606
2025-06-11 20:00:00+00:00,670476.9250961323
2025-06-12 00:00:00+00:00,655857.3116300243
2025-06-12 04:00:00+00:00,653676.6633058706
2025-06-12 08:00:00+00:00,649155.9006943969
2025-06-12 12:00:00+00:00,648821.38810619
2025-06-12 16:00:00+00:00,648821.38810619
2025-06-12 20:00:00+00:00,641587.3510803843
2025-06-13 00:00:00+00:00,641267.283721883
2025-06-13 04:00:00+00:00,641267.283721883
2025-06-13 08:00:00+00:00,641267.283721883
2025-06-13 12:00:00+00:00,641267.283721883
2025-06-13 16:00:00+00:00,641267.283721883
2025-06-13 20:00:00+00:00,641267.283721883
2025-06-14 00:00:00+00:00,641267.283721883
2025-06-14 04:00:00+00:00,641267.283721883
2025-06-14 08:00:00+00:00,641267.283721883
2025-06-14 12:00:00+00:00,641267.283721883
2025-06-14 16:00:00+00:00,641267.283721883
2025-06-14 20:00:00+00:00,641267.283721883
2025-06-15 00:00:00+00:00,641267.283721883
2025-06-15 04:00:00+00:00,641267.283721883
2025-06-15 08:00:00+00:00,641267.283721883
2025-06-15 12:00:00+00:00,641267.283721883
2025-06-15 16:00:00+00:00,641267.283721883
2025-06-15 20:00:00+00:00,641267.283721883
2025-06-16 00:00:00+00:00,641267.283721883
2025-06-16 04:00:00+00:00,641267.283721883
2025-06-16 08:00:00+00:00,641267.283721883
2025-06-16 12:00:00+00:00,641267.283721883
2025-06-16 16:00:00+00:00,661976.8977461028
2025-06-16 20:00:00+00:00,628395.3933489377
2025-06-17 00:00:00+00:00,628658.234209115
2025-06-17 04:00:00+00:00,627481.0605153459
2025-06-17 08:00:00+00:00,625900.0591010487
2025-06-17 12:00:00+00:00,625825.2232951308
2025-06-17 16:00:00+00:00,625825.2232951308
2025-06-17 20:00:00+00:00,625825.2232951308
2025-06-18 00:00:00+00:00,625825.2232951308
2025-06-18 04:00:00+00:00,625825.2232951308
2025-06-18 08:00:00+00:00,625825.2232951308
2025-06-18 12:00:00+00:00,625825.2232951308
2025-06-18 16:00:00+00:00,625825.2232951308
2025-06-18 20:00:00+00:00,625825.2232951308
2025-06-19 00:00:00+00:00,625825.2232951308
2025-06-19 04:00:00+00:00,625825.2232951308
2025-06-19 08:00:00+00:00,625825.2232951308
2025-06-19 12:00:00+00:00,625825.2232951308
2025-06-19 16:00:00+00:00,625825.2232951308
2025-06-19 20:00:00+00:00,625825.2232951308
2025-06-20 00:00:00+00:00,625825.2232951308
2025-06-20 04:00:00+00:00,625825.2232951308
2025-06-20 08:00:00+00:00,625825.2232951308
2025-06-20 12:00:00+00:00,625825.2232951308
2025-06-20 16:00:00+00:00,625825.2232951308
2025-06-20 20:00:00+00:00,625825.2232951308
2025-06-21 00:00:00+00:00,625825.2232951308
2025-06-21 04:00:00+00:00,625825.2232951308
2025-06-21 08:00:00+00:00,625825.2232951308
2025-06-21 12:00:00+00:00,625825.2232951308
2025-06-21 16:00:00+00:00,625825.2232951308
2025-06-21 20:00:00+00:00,625825.2232951308
2025-06-22 00:00:00+00:00,625825.2232951308
2025-06-22 04:00:00+00:00,625825.2232951308
2025-06-22 08:00:00+00:00,625825.2232951308
2025-06-22 12:00:00+00:00,625825.2232951308
2025-06-22 16:00:00+00:00,625825.2232951308
2025-06-22 20:00:00+00:00,625825.2232951308
2025-06-23 00:00:00+00:00,625825.2232951308
2025-06-23 04:00:00+00:00,625825.2232951308
2025-06-23 08:00:00+00:00,625825.2232951308
2025-06-23 12:00:00+00:00,625825.2232951308
2025-06-23 16:00:00+00:00,625825.2232951308
2025-06-23 20:00:00+00:00,625825.2232951308
2025-06-24 00:00:00+00:00,625825.2232951308
2025-06-24 04:00:00+00:00,625825.2232951308
2025-06-24 08:00:00+00:00,625825.2232951308
2025-06-24 12:00:00+00:00,625825.2232951308
2025-06-24 16:00:00+00:00,625825.2232951308
2025-06-24 20:00:00+00:00,625825.2232951308
2025-06-25 00:00:00+00:00,625825.2232951308
2025-06-25 04:00:00+00:00,625825.2232951308
2025-06-25 08:00:00+00:00,625825.2232951308
2025-06-25 12:00:00+00:00,625825.2232951308
2025-06-25 16:00:00+00:00,625825.2232951308
2025-06-25 20:00:00+00:00,625825.2232951308
2025-06-26 00:00:00+00:00,625825.2232951308
2025-06-26 04:00:00+00:00,625825.2232951308
2025-06-26 08:00:00+00:00,625825.2232951308
2025-06-26 12:00:00+00:00,625486.9430581505
2025-06-26 16:00:00+00:00,626583.1845101636
2025-06-26 20:00:00+00:00,623721.2759311363
2025-06-27 00:00:00+00:00,626334.1069793822
2025-06-27 04:00:00+00:00,623123.4530964145
2025-06-27 08:00:00+00:00,623773.4255489153
2025-06-27 12:00:00+00:00,625438.552298038
2025-06-27 16:00:00+00:00,622734.3562097518
2025-06-27 20:00:00+00:00,624111.3517541565
2025-06-28 00:00:00+00:00,625361.886006137
2025-06-28 04:00:00+00:00,626331.5227751164
2025-06-28 08:00:00+00:00,625706.8557234752
2025-06-28 12:00:00+00:00,626164.3634361592
2025-06-28 16:00:00+00:00,625882.9443864365
2025-06-28 20:00:00+00:00,625882.9443864365
2025-06-29 00:00:00+00:00,625882.9443864365
2025-06-29 04:00:00+00:00,625882.9443864365
2025-06-29 08:00:00+00:00,625882.9443864365
2025-06-29 12:00:00+00:00,625882.9443864365
2025-06-29 16:00:00+00:00,625882.9443864365
2025-06-29 20:00:00+00:00,625882.9443864365
2025-06-30 00:00:00+00:00,625882.9443864365
2025-06-30 04:00:00+00:00,625882.9443864365
2025-06-30 08:00:00+00:00,625882.9443864365
2025-06-30 12:00:00+00:00,625882.9443864365
2025-06-30 16:00:00+00:00,625882.9443864365
2025-06-30 20:00:00+00:00,625882.9443864365
2025-07-01 00:00:00+00:00,625882.9443864365
2025-07-01 04:00:00+00:00,625882.9443864365
2025-07-01 08:00:00+00:00,625882.9443864365
2025-07-01 12:00:00+00:00,625882.9443864365
2025-07-01 16:00:00+00:00,625882.9443864365
2025-07-01 20:00:00+00:00,625882.9443864365
2025-07-02 00:00:00+00:00,625882.9443864365
2025-07-02 04:00:00+00:00,625882.9443864365
2025-07-02 08:00:00+00:00,625882.9443864365
2025-07-02 12:00:00+00:00,625882.9443864365
2025-07-02 16:00:00+00:00,625882.9443864365
2025-07-02 20:00:00+00:00,625882.9443864365
2025-07-03 00:00:00+00:00,625882.9443864365
2025-07-03 04:00:00+00:00,625882.9443864365
2025-07-03 08:00:00+00:00,625882.9443864365
2025-07-03 12:00:00+00:00,625882.9443864365
2025-07-03 16:00:00+00:00,625882.9443864365
2025-07-03 20:00:00+00:00,625882.9443864365
2025-07-04 00:00:00+00:00,625882.9443864365
2025-07-04 04:00:00+00:00,625882.9443864365
2025-07-04 08:00:00+00:00,625882.9443864365
2025-07-04 12:00:00+00:00,625882.9443864365
2025-07-04 16:00:00+00:00,625882.9443864365
2025-07-04 20:00:00+00:00,625882.9443864365
2025-07-05 00:00:00+00:00,625882.9443864365
2025-07-05 04:00:00+00:00,625882.9443864365
2025-07-05 08:00:00+00:00,625882.9443864365
2025-07-05 12:00:00+00:00,625882.9443864365
2025-07-05 16:00:00+00:00,625882.9443864365
2025-07-05 20:00:00+00:00,625882.9443864365
2025-07-06 00:00:00+00:00,625882.9443864365
2025-07-06 04:00:00+00:00,625882.9443864365
2025-07-06 08:00:00+00:00,625882.9443864365
2025-07-06 12:00:00+00:00,625882.9443864365
2025-07-06 16:00:00+00:00,625882.9443864365
2025-07-06 20:00:00+00:00,625882.9443864365
2025-07-07 00:00:00+00:00,625882.9443864365
2025-07-07 04:00:00+00:00,625882.9443864365
2025-07-07 08:00:00+00:00,625882.9443864365
2025-07-07 12:00:00+00:00,625882.9443864365
2025-07-07 16:00:00+00:00,625882.9443864365
2025-07-07 20:00:00+00:00,625882.9443864365
2025-07-08 00:00:00+00:00,625882.9443864365
2025-07-08 04:00:00+00:00,625882.9443864365
2025-07-08 08:00:00+00:00,625882.9443864365
2025-07-08 12:00:00+00:00,625882.9443864365
2025-07-08 16:00:00+00:00,625882.9443864365
2025-07-08 20:00:00+00:00,625882.9443864365
2025-07-09 00:00:00+00:00,625882.9443864365
2025-07-09 04:00:00+00:00,625882.9443864365
2025-07-09 08:00:00+00:00,625882.9443864365
2025-07-09 12:00:00+00:00,625882.9443864365
2025-07-09 16:00:00+00:00,625882.9443864365
2025-07-09 20:00:00+00:00,625882.9443864365
2025-07-10 00:00:00+00:00,625882.9443864365
2025-07-10 04:00:00+00:00,625882.9443864365
2025-07-10 08:00:00+00:00,625882.9443864365
2025-07-10 12:00:00+00:00,625882.9443864365
2025-07-10 16:00:00+00:00,625882.9443864365
2025-07-10 20:00:00+00:00,692168.1219881761
2025-07-11 00:00:00+00:00,714917.3610327009
2025-07-11 04:00:00+00:00,733692.9744200612
2025-07-11 08:00:00+00:00,740861.2495072816
2025-07-11 12:00:00+00:00,716007.4855466943
2025-07-11 16:00:00+00:00,747660.1598359426
2025-07-11 20:00:00+00:00,731372.3739934362
2025-07-12 00:00:00+00:00,737473.8521399191
2025-07-12 04:00:00+00:00,736340.0307358367
2025-07-12 08:00:00+00:00,738366.9768901314
2025-07-12 12:00:00+00:00,718712.5737581704
2025-07-12 16:00:00+00:00,730799.9496909627
2025-07-12 20:00:00+00:00,726990.5183098839
2025-07-13 00:00:00+00:00,735626.0186628058
2025-07-13 04:00:00+00:00,742320.3421312252
2025-07-13 08:00:00+00:00,744420.6916796014
2025-07-13 12:00:00+00:00,760693.9208335796
2025-07-13 16:00:00+00:00,769350.9188023624
2025-07-13 20:00:00+00:00,772701.0980975952
2025-07-14 00:00:00+00:00,821835.5751582545
2025-07-14 04:00:00+00:00,882914.3555460494
2025-07-14 08:00:00+00:00,841919.5915768744
2025-07-14 12:00:00+00:00,809465.1237710498
2025-07-14 16:00:00+00:00,810328.4340561607
2025-07-14 20:00:00+00:00,808337.8278668956
2025-07-15 00:00:00+00:00,758041.7620086449
2025-07-15 04:00:00+00:00,754876.0472398931
2025-07-15 08:00:00+00:00,754549.5850613803
2025-07-15 12:00:00+00:00,754549.5850613803
2025-07-15 16:00:00+00:00,754368.5770083547
2025-07-15 20:00:00+00:00,761347.8900038957
2025-07-16 00:00:00+00:00,759897.5849727992
2025-07-16 04:00:00+00:00,763641.0781243979
2025-07-16 08:00:00+00:00,766628.4664889668
2025-07-16 12:00:00+00:00,768226.2063598318
2025-07-16 16:00:00+00:00,768856.7062463056
2025-07-16 20:00:00+00:00,765694.3187468013
2025-07-17 00:00:00+00:00,762977.024415667
2025-07-17 04:00:00+00:00,764055.8277475146
2025-07-17 08:00:00+00:00,762266.359755339
2025-07-17 12:00:00+00:00,767082.1389701437
2025-07-17 16:00:00+00:00,767410.7490606934
2025-07-17 20:00:00+00:00,768619.5999829269
2025-07-18 00:00:00+00:00,774053.2462478088
2025-07-18 04:00:00+00:00,769518.5671362639
2025-07-18 08:00:00+00:00,768494.8937268354
2025-07-18 12:00:00+00:00,761358.3337663154
2025-07-18 16:00:00+00:00,758806.2717590014
2025-07-18 20:00:00+00:00,761650.3890468741
2025-07-19 00:00:00+00:00,761337.1492843549
2025-07-19 04:00:00+00:00,760177.6697361558
2025-07-19 08:00:00+00:00,760987.5254291354
2025-07-19 12:00:00+00:00,759537.3266888293
2025-07-19 16:00:00+00:00,759225.3158008052
2025-07-19 20:00:00+00:00,759225.3158008052
2025-07-20 00:00:00+00:00,759225.3158008052
2025-07-20 04:00:00+00:00,759225.3158008052
2025-07-20 08:00:00+00:00,759225.3158008052
2025-07-20 12:00:00+00:00,759225.3158008052
2025-07-20 16:00:00+00:00,759225.3158008052
2025-07-20 20:00:00+00:00,759225.3158008052
2025-07-21 00:00:00+00:00,759225.3158008052
2025-07-21 04:00:00+00:00,759225.3158008052
2025-07-21 08:00:00+00:00,759225.3158008052
2025-07-21 12:00:00+00:00,759225.3158008052
2025-07-21 16:00:00+00:00,759225.3158008052
2025-07-21 20:00:00+00:00,759225.3158008052
2025-07-22 00:00:00+00:00,759225.3158008052
2025-07-22 04:00:00+00:00,759225.3158008052
2025-07-22 08:00:00+00:00,759225.3158008052
2025-07-22 12:00:00+00:00,759225.3158008052
2025-07-22 16:00:00+00:00,759225.3158008052
2025-07-22 20:00:00+00:00,759225.3158008052
2025-07-23 00:00:00+00:00,759225.3158008052
2025-07-23 04:00:00+00:00,759225.3158008052
2025-07-23 08:00:00+00:00,759225.3158008052
2025-07-23 12:00:00+00:00,759225.3158008052
2025-07-23 16:00:00+00:00,759225.3158008052
2025-07-23 20:00:00+00:00,759225.3158008052
2025-07-24 00:00:00+00:00,759225.3158008052
2025-07-24 04:00:00+00:00,759225.3158008052
2025-07-24 08:00:00+00:00,759225.3158008052
2025-07-24 12:00:00+00:00,759225.3158008052
2025-07-24 16:00:00+00:00,759225.3158008052
2025-07-24 20:00:00+00:00,759225.3158008052
2025-07-25 00:00:00+00:00,759225.3158008052
2025-07-25 04:00:00+00:00,759225.3158008052
2025-07-25 08:00:00+00:00,759225.3158008052
2025-07-25 12:00:00+00:00,759225.3158008052
2025-07-25 16:00:00+00:00,759225.3158008052
2025-07-25 20:00:00+00:00,759225.3158008052
2025-07-26 00:00:00+00:00,759225.3158008052
2025-07-26 04:00:00+00:00,759225.3158008052
2025-07-26 08:00:00+00:00,759225.3158008052
2025-07-26 12:00:00+00:00,759225.3158008052
2025-07-26 16:00:00+00:00,759225.3158008052
2025-07-26 20:00:00+00:00,759225.3158008052
2025-07-27 00:00:00+00:00,759225.3158008052
2025-07-27 04:00:00+00:00,759225.3158008052
2025-07-27 08:00:00+00:00,759225.3158008052
2025-07-27 12:00:00+00:00,759225.3158008052
2025-07-27 16:00:00+00:00,759225.3158008052
2025-07-27 20:00:00+00:00,759225.3158008052
2025-07-28 00:00:00+00:00,759225.3158008052
2025-07-28 04:00:00+00:00,759225.3158008052
2025-07-28 08:00:00+00:00,759225.3158008052
2025-07-28 12:00:00+00:00,759225.3158008052
2025-07-28 16:00:00+00:00,759225.3158008052
2025-07-28 20:00:00+00:00,759225.3158008052
2025-07-29 00:00:00+00:00,759225.3158008052
2025-07-29 04:00:00+00:00,759225.3158008052
2025-07-29 08:00:00+00:00,759225.3158008052
2025-07-29 12:00:00+00:00,759225.3158008052
2025-07-29 16:00:00+00:00,759225.3158008052
2025-07-29 20:00:00+00:00,759225.3158008052
2025-07-30 00:00:00+00:00,759225.3158008052
2025-07-30 04:00:00+00:00,759225.3158008052
2025-07-30 08:00:00+00:00,759225.3158008052
2025-07-30 12:00:00+00:00,759225.3158008052
2025-07-30 16:00:00+00:00,759225.3158008052
2025-07-30 20:00:00+00:00,759225.3158008052
2025-07-31 00:00:00+00:00,759225.3158008052
2025-07-31 04:00:00+00:00,759225.3158008052
2025-07-31 08:00:00+00:00,759225.3158008052
2025-07-31 12:00:00+00:00,759225.3158008052
2025-07-31 16:00:00+00:00,759225.3158008052
2025-07-31 20:00:00+00:00,759225.3158008052
2025-08-01 00:00:00+00:00,759225.3158008052
2025-08-01 04:00:00+00:00,759225.3158008052
2025-08-01 08:00:00+00:00,759225.3158008052
2025-08-01 12:00:00+00:00,759225.3158008052
2025-08-01 16:00:00+00:00,759225.3158008052
2025-08-01 20:00:00+00:00,759225.3158008052
2025-08-02 00:00:00+00:00,759225.3158008052
2025-08-02 04:00:00+00:00,759225.3158008052
2025-08-02 08:00:00+00:00,759225.3158008052
2025-08-02 12:00:00+00:00,759225.3158008052
2025-08-02 16:00:00+00:00,759225.3158008052
2025-08-02 20:00:00+00:00,759225.3158008052
2025-08-03 00:00:00+00:00,759225.3158008052
2025-08-03 04:00:00+00:00,759225.3158008052
2025-08-03 08:00:00+00:00,759225.3158008052
2025-08-03 12:00:00+00:00,759225.3158008052
2025-08-03 16:00:00+00:00,759225.3158008052
2025-08-03 20:00:00+00:00,759225.3158008052
2025-08-04 00:00:00+00:00,759225.3158008052
2025-08-04 04:00:00+00:00,759225.3158008052
2025-08-04 08:00:00+00:00,759225.3158008052
2025-08-04 12:00:00+00:00,759225.3158008052
2025-08-04 16:00:00+00:00,759225.3158008052
2025-08-04 20:00:00+00:00,759225.3158008052
2025-08-05 00:00:00+00:00,759225.3158008052
2025-08-05 04:00:00+00:00,759225.3158008052
2025-08-05 08:00:00+00:00,759225.3158008052
2025-08-05 12:00:00+00:00,759225.3158008052
2025-08-05 16:00:00+00:00,759225.3158008052
2025-08-05 20:00:00+00:00,759225.3158008052
2025-08-06 00:00:00+00:00,759225.3158008052
2025-08-06 04:00:00+00:00,759225.3158008052
2025-08-06 08:00:00+00:00,759225.3158008052
2025-08-06 12:00:00+00:00,759225.3158008052
2025-08-06 16:00:00+00:00,759225.3158008052
2025-08-06 20:00:00+00:00,759225.3158008052
2025-08-07 00:00:00+00:00,759225.3158008052
2025-08-07 04:00:00+00:00,759225.3158008052
2025-08-07 08:00:00+00:00,759225.3158008052
2025-08-07 12:00:00+00:00,759225.3158008052
2025-08-07 16:00:00+00:00,759225.3158008052
2025-08-07 20:00:00+00:00,759225.3158008052
2025-08-08 00:00:00+00:00,759225.3158008052
2025-08-08 04:00:00+00:00,759225.3158008052
2025-08-08 08:00:00+00:00,759225.3158008052
2025-08-08 12:00:00+00:00,759225.3158008052
2025-08-08 16:00:00+00:00,759225.3158008052
2025-08-08 20:00:00+00:00,759225.3158008052
2025-08-09 00:00:00+00:00,759225.3158008052
2025-08-09 04:00:00+00:00,759225.3158008052
2025-08-09 08:00:00+00:00,759225.3158008052
2025-08-09 12:00:00+00:00,759225.3158008052
2025-08-09 16:00:00+00:00,759225.3158008052
2025-08-09 20:00:00+00:00,759225.3158008052
2025-08-10 00:00:00+00:00,759225.3158008052
2025-08-10 04:00:00+00:00,759225.3158008052
2025-08-10 08:00:00+00:00,769149.0360782094
2025-08-10 12:00:00+00:00,779504.336201307
2025-08-10 16:00:00+00:00,776093.8433491241
2025-08-10 20:00:00+00:00,790075.6457404345
2025-08-11 00:00:00+00:00,844681.8913807729
2025-08-11 04:00:00+00:00,839469.6801067152
2025-08-11 08:00:00+00:00,810170.4886031246
2025-08-11 12:00:00+00:00,803996.0246802684
2025-08-11 16:00:00+00:00,778054.1406352018
2025-08-11 20:00:00+00:00,770057.8524683301
2025-08-12 00:00:00+00:00,773273.8720676972
2025-08-12 04:00:00+00:00,775678.2652234202
2025-08-12 08:00:00+00:00,765997.8276553791
2025-08-12 12:00:00+00:00,794629.0772044561
2025-08-12 16:00:00+00:00,788488.0567165848
2025-08-12 20:00:00+00:00,798343.0652835107
2025-08-13 00:00:00+00:00,784831.167442049
2025-08-13 04:00:00+00:00,786962.4711154039
2025-08-13 08:00:00+00:00,807152.8726446691
2025-08-13 12:00:00+00:00,814622.1988096542
2025-08-13 16:00:00+00:00,852561.1231472505
2025-08-13 20:00:00+00:00,865609.8308975665
2025-08-14 00:00:00+00:00,867115.1900922897
2025-08-14 04:00:00+00:00,833325.7427370072
2025-08-14 08:00:00+00:00,817401.5295668124
2025-08-14 12:00:00+00:00,798921.439233904
2025-08-14 16:00:00+00:00,798542.5262893379
2025-08-14 20:00:00+00:00,798542.5262893379
2025-08-15 00:00:00+00:00,798542.5262893379
2025-08-15 04:00:00+00:00,798542.5262893379
2025-08-15 08:00:00+00:00,798542.5262893379
2025-08-15 12:00:00+00:00,798542.5262893379
2025-08-15 16:00:00+00:00,798542.5262893379
2025-08-15 20:00:00+00:00,798542.5262893379
2025-08-16 00:00:00+00:00,798542.5262893379
2025-08-16 04:00:00+00:00,798542.5262893379
2025-08-16 08:00:00+00:00,798542.5262893379
2025-08-16 12:00:00+00:00,798542.5262893379
2025-08-16 16:00:00+00:00,798542.5262893379
2025-08-16 20:00:00+00:00,798542.5262893379
2025-08-17 00:00:00+00:00,798542.5262893379
2025-08-17 04:00:00+00:00,798542.5262893379
2025-08-17 08:00:00+00:00,798542.5262893379
2025-08-17 12:00:00+00:00,798542.5262893379
2025-08-17 16:00:00+00:00,798542.5262893379
2025-08-17 20:00:00+00:00,798542.5262893379
2025-08-18 00:00:00+00:00,798542.5262893379
2025-08-18 04:00:00+00:00,798542.5262893379
2025-08-18 08:00:00+00:00,798542.5262893379
2025-08-18 12:00:00+00:00,798542.5262893379
2025-08-18 16:00:00+00:00,798542.5262893379
2025-08-18 20:00:00+00:00,798542.5262893379
2025-08-19 00:00:00+00:00,798542.5262893379
2025-08-19 04:00:00+00:00,798542.5262893379
2025-08-19 08:00:00+00:00,798542.5262893379
2025-08-19 12:00:00+00:00,798542.5262893379
2025-08-19 16:00:00+00:00,798542.5262893379
2025-08-19 20:00:00+00:00,798542.5262893379
2025-08-20 00:00:00+00:00,798542.5262893379
2025-08-20 04:00:00+00:00,798542.5262893379
2025-08-20 08:00:00+00:00,798542.5262893379
2025-08-20 12:00:00+00:00,798542.5262893379
2025-08-20 16:00:00+00:00,798542.5262893379
2025-08-20 20:00:00+00:00,798542.5262893379
2025-08-21 00:00:00+00:00,798542.5262893379
2025-08-21 04:00:00+00:00,798542.5262893379
2025-08-21 08:00:00+00:00,798542.5262893379
2025-08-21 12:00:00+00:00,798542.5262893379
2025-08-21 16:00:00+00:00,798542.5262893379
2025-08-21 20:00:00+00:00,798542.5262893379
2025-08-22 00:00:00+00:00,798542.5262893379
2025-08-22 04:00:00+00:00,798542.5262893379
2025-08-22 08:00:00+00:00,798542.5262893379
2025-08-22 12:00:00+00:00,798542.5262893379
2025-08-22 16:00:00+00:00,798542.5262893379
2025-08-22 20:00:00+00:00,798542.5262893379
2025-08-23 00:00:00+00:00,798542.5262893379
2025-08-23 04:00:00+00:00,798542.5262893379
2025-08-23 08:00:00+00:00,798542.5262893379
2025-08-23 12:00:00+00:00,798542.5262893379
2025-08-23 16:00:00+00:00,798542.5262893379
2025-08-23 20:00:00+00:00,798542.5262893379
2025-08-24 00:00:00+00:00,798542.5262893379
2025-08-24 04:00:00+00:00,798542.5262893379
2025-08-24 08:00:00+00:00,798542.5262893379
2025-08-24 12:00:00+00:00,798542.5262893379
2025-08-24 16:00:00+00:00,798542.5262893379
2025-08-24 20:00:00+00:00,798542.5262893379
2025-08-25 00:00:00+00:00,798542.5262893379
2025-08-25 04:00:00+00:00,798542.5262893379
2025-08-25 08:00:00+00:00,798542.5262893379
2025-08-25 12:00:00+00:00,798542.5262893379
2025-08-25 16:00:00+00:00,798542.5262893379
2025-08-25 20:00:00+00:00,798542.5262893379
2025-08-26 00:00:00+00:00,798542.5262893379
2025-08-26 04:00:00+00:00,798542.5262893379
2025-08-26 08:00:00+00:00,798542.5262893379
2025-08-26 12:00:00+00:00,798542.5262893379
2025-08-26 16:00:00+00:00,798542.5262893379
2025-08-26 20:00:00+00:00,798542.5262893379
2025-08-27 00:00:00+00:00,798542.5262893379
2025-08-27 04:00:00+00:00,798542.5262893379
2025-08-27 08:00:00+00:00,798542.5262893379
2025-08-27 12:00:00+00:00,798542.5262893379
2025-08-27 16:00:00+00:00,798542.5262893379
2025-08-27 20:00:00+00:00,798542.5262893379
2025-08-28 00:00:00+00:00,798542.5262893379
2025-08-28 04:00:00+00:00,798542.5262893379
2025-08-28 08:00:00+00:00,798542.5262893379
2025-08-28 12:00:00+00:00,798542.5262893379
2025-08-28 16:00:00+00:00,798542.5262893379
2025-08-28 20:00:00+00:00,798542.5262893379
2025-08-29 00:00:00+00:00,798542.5262893379
2025-08-29 04:00:00+00:00,798542.5262893379
2025-08-29 08:00:00+00:00,798542.5262893379
2025-08-29 12:00:00+00:00,798542.5262893379
2025-08-29 16:00:00+00:00,798542.5262893379
2025-08-29 20:00:00+00:00,798542.5262893379
2025-08-30 00:00:00+00:00,798542.5262893379
2025-08-30 04:00:00+00:00,798542.5262893379
2025-08-30 08:00:00+00:00,798542.5262893379
2025-08-30 12:00:00+00:00,798542.5262893379
2025-08-30 16:00:00+00:00,798542.5262893379
2025-08-30 20:00:00+00:00,798542.5262893379
2025-08-31 00:00:00+00:00,798542.5262893379
2025-08-31 04:00:00+00:00,798542.5262893379
2025-08-31 08:00:00+00:00,798542.5262893379
2025-08-31 12:00:00+00:00,798542.5262893379
2025-08-31 16:00:00+00:00,798542.5262893379
2025-08-31 20:00:00+00:00,798542.5262893379
2025-09-01 00:00:00+00:00,798542.5262893379
2025-09-01 04:00:00+00:00,798542.5262893379
2025-09-01 08:00:00+00:00,798542.5262893379
2025-09-01 12:00:00+00:00,798542.5262893379
2025-09-01 16:00:00+00:00,798542.5262893379
2025-09-01 20:00:00+00:00,798542.5262893379
2025-09-02 00:00:00+00:00,798542.5262893379
2025-09-02 04:00:00+00:00,798542.5262893379
2025-09-02 08:00:00+00:00,798542.5262893379
2025-09-02 12:00:00+00:00,798542.5262893379
2025-09-02 16:00:00+00:00,798542.5262893379
2025-09-02 20:00:00+00:00,798542.5262893379
2025-09-03 00:00:00+00:00,798542.5262893379
2025-09-03 04:00:00+00:00,798542.5262893379
2025-09-03 08:00:00+00:00,798542.5262893379
2025-09-03 12:00:00+00:00,798542.5262893379
2025-09-03 16:00:00+00:00,798542.5262893379
2025-09-03 20:00:00+00:00,798542.5262893379
2025-09-04 00:00:00+00:00,798542.5262893379
2025-09-04 04:00:00+00:00,798542.5262893379
2025-09-04 08:00:00+00:00,798542.5262893379
2025-09-04 12:00:00+00:00,798542.5262893379
2025-09-04 16:00:00+00:00,798542.5262893379
2025-09-04 20:00:00+00:00,798542.5262893379
2025-09-05 00:00:00+00:00,798542.5262893379
2025-09-05 04:00:00+00:00,798542.5262893379
2025-09-05 08:00:00+00:00,798542.5262893379
2025-09-05 12:00:00+00:00,798542.5262893379
2025-09-05 16:00:00+00:00,798542.5262893379
2025-09-05 20:00:00+00:00,798542.5262893379
2025-09-06 00:00:00+00:00,798542.5262893379
2025-09-06 04:00:00+00:00,798542.5262893379
2025-09-06 08:00:00+00:00,798542.5262893379
2025-09-06 12:00:00+00:00,798542.5262893379
2025-09-06 16:00:00+00:00,798542.5262893379
2025-09-06 20:00:00+00:00,798542.5262893379
2025-09-07 00:00:00+00:00,798542.5262893379
2025-09-07 04:00:00+00:00,798542.5262893379
2025-09-07 08:00:00+00:00,798542.5262893379
2025-09-07 12:00:00+00:00,798542.5262893379
2025-09-07 16:00:00+00:00,798542.5262893379
2025-09-07 20:00:00+00:00,798542.5262893379
2025-09-08 00:00:00+00:00,798542.5262893379
2025-09-08 04:00:00+00:00,798542.5262893379
2025-09-08 08:00:00+00:00,798542.5262893379
2025-09-08 12:00:00+00:00,798542.5262893379
2025-09-08 16:00:00+00:00,798542.5262893379
2025-09-08 20:00:00+00:00,798542.5262893379
2025-09-09 00:00:00+00:00,798542.5262893379
2025-09-09 04:00:00+00:00,798542.5262893379
2025-09-09 08:00:00+00:00,798542.5262893379
2025-09-09 12:00:00+00:00,798542.5262893379
2025-09-09 16:00:00+00:00,798542.5262893379
2025-09-09 20:00:00+00:00,798542.5262893379
2025-09-10 00:00:00+00:00,798542.5262893379
2025-09-10 04:00:00+00:00,798542.5262893379
2025-09-10 08:00:00+00:00,798542.5262893379
2025-09-10 12:00:00+00:00,798542.5262893379
2025-09-10 16:00:00+00:00,798542.5262893379
2025-09-10 20:00:00+00:00,798542.5262893379
2025-09-11 00:00:00+00:00,798542.5262893379
2025-09-11 04:00:00+00:00,798542.5262893379
2025-09-11 08:00:00+00:00,798542.5262893379
2025-09-11 12:00:00+00:00,798542.5262893379
2025-09-11 16:00:00+00:00,798542.5262893379
2025-09-11 20:00:00+00:00,798542.5262893379
2025-09-12 00:00:00+00:00,798542.5262893379
2025-09-12 04:00:00+00:00,798542.5262893379
2025-09-12 08:00:00+00:00,792507.9714029807
2025-09-12 12:00:00+00:00,797400.9159309539
2025-09-12 16:00:00+00:00,833627.4127137079
2025-09-12 20:00:00+00:00,818989.6784990106
2025-09-13 00:00:00+00:00,817427.1193413743
2025-09-13 04:00:00+00:00,812520.1921693292
2025-09-13 08:00:00+00:00,817324.5070593167
2025-09-13 12:00:00+00:00,812579.1516671482
2025-09-13 16:00:00+00:00,813232.0023983603
2025-09-13 20:00:00+00:00,815978.5925693554
2025-09-14 00:00:00+00:00,809888.8606361946
2025-09-14 04:00:00+00:00,812841.1686056734
2025-09-14 08:00:00+00:00,812803.3630459579
2025-09-14 12:00:00+00:00,798305.4809713048
2025-09-14 16:00:00+00:00,808814.5406848328
2025-09-14 20:00:00+00:00,799293.7944525058
2025-09-15 00:00:00+00:00,803447.3593009812
2025-09-15 04:00:00+00:00,812787.6078819775
2025-09-15 08:00:00+00:00,793797.8791387567
2025-09-15 12:00:00+00:00,790805.9736987503
2025-09-15 16:00:00+00:00,795201.8248466637
2025-09-15 20:00:00+00:00,795730.463712673
2025-09-16 00:00:00+00:00,795231.6447431986
2025-09-16 04:00:00+00:00,800611.2129112121
2025-09-16 08:00:00+00:00,782773.1463964754
2025-09-16 12:00:00+00:00,788140.262463261
2025-09-16 16:00:00+00:00,811006.5930435396
2025-09-16 20:00:00+00:00,810707.0943706384
2025-09-17 00:00:00+00:00,798525.0911328506
2025-09-17 04:00:00+00:00,820666.9596299838
2025-09-17 08:00:00+00:00,794399.1433928619
2025-09-17 12:00:00+00:00,789806.7833205124
2025-09-17 16:00:00+00:00,789260.5928214826
2025-09-17 20:00:00+00:00,789260.5928214826
2025-09-18 00:00:00+00:00,789260.5928214826
2025-09-18 04:00:00+00:00,776480.4507448265
2025-09-18 08:00:00+00:00,775820.1807252683
2025-09-18 12:00:00+00:00,787524.70316175
2025-09-18 16:00:00+00:00,784488.926350175
2025-09-18 20:00:00+00:00,775654.946136315
2025-09-19 00:00:00+00:00,774326.2900197041
2025-09-19 04:00:00+00:00,774326.2900197041
2025-09-19 08:00:00+00:00,774326.2900197041
2025-09-19 12:00:00+00:00,774326.2900197041
2025-09-19 16:00:00+00:00,774326.2900197041
2025-09-19 20:00:00+00:00,774326.2900197041
2025-09-20 00:00:00+00:00,774326.2900197041
2025-09-20 04:00:00+00:00,774326.2900197041
2025-09-20 08:00:00+00:00,774326.2900197041
2025-09-20 12:00:00+00:00,774326.2900197041
2025-09-20 16:00:00+00:00,774326.2900197041
2025-09-20 20:00:00+00:00,774326.2900197041
2025-09-21 00:00:00+00:00,774326.2900197041
2025-09-21 04:00:00+00:00,774326.2900197041
2025-09-21 08:00:00+00:00,774326.2900197041
2025-09-21 12:00:00+00:00,774326.2900197041
2025-09-21 16:00:00+00:00,774326.2900197041
2025-09-21 20:00:00+00:00,774326.2900197041
2025-09-22 00:00:00+00:00,774326.2900197041
2025-09-22 04:00:00+00:00,774326.2900197041
2025-09-22 08:00:00+00:00,774701.7606548724
2025-09-22 12:00:00+00:00,774631.7000412376
2025-09-22 16:00:00+00:00,774631.7000412376
2025-09-22 20:00:00+00:00,774631.7000412376
2025-09-23 00:00:00+00:00,774631.7000412376
2025-09-23 04:00:00+00:00,774631.7000412376
2025-09-23 08:00:00+00:00,774631.7000412376
2025-09-23 12:00:00+00:00,774631.7000412376
2025-09-23 16:00:00+00:00,774631.7000412376
2025-09-23 20:00:00+00:00,774631.7000412376
2025-09-24 00:00:00+00:00,774631.7000412376
2025-09-24 04:00:00+00:00,774631.7000412376
2025-09-24 08:00:00+00:00,774631.7000412376
2025-09-24 12:00:00+00:00,774631.7000412376
2025-09-24 16:00:00+00:00,774631.7000412376
2025-09-24 20:00:00+00:00,774631.7000412376
2025-09-25 00:00:00+00:00,774631.7000412376
2025-09-25 04:00:00+00:00,774631.7000412376
2025-09-25 08:00:00+00:00,774631.7000412376
2025-09-25 12:00:00+00:00,774631.7000412376
2025-09-25 16:00:00+00:00,774631.7000412376
2025-09-25 20:00:00+00:00,774631.7000412376
2025-09-26 00:00:00+00:00,774631.7000412376
2025-09-26 04:00:00+00:00,774631.7000412376
2025-09-26 08:00:00+00:00,774631.7000412376
2025-09-26 12:00:00+00:00,774631.7000412376
2025-09-26 16:00:00+00:00,774631.7000412376
2025-09-26 20:00:00+00:00,774631.7000412376
2025-09-27 00:00:00+00:00,774631.7000412376
2025-09-27 04:00:00+00:00,774631.7000412376
2025-09-27 08:00:00+00:00,774631.7000412376
2025-09-27 12:00:00+00:00,774631.7000412376
2025-09-27 16:00:00+00:00,774631.7000412376
2025-09-27 20:00:00+00:00,774631.7000412376
2025-09-28 00:00:00+00:00,774631.7000412376
2025-09-28 04:00:00+00:00,774631.7000412376
2025-09-28 08:00:00+00:00,774631.7000412376
2025-09-28 12:00:00+00:00,774631.7000412376
2025-09-28 16:00:00+00:00,774631.7000412376
2025-09-28 20:00:00+00:00,774631.7000412376
2025-09-29 00:00:00+00:00,774631.7000412376
2025-09-29 04:00:00+00:00,774631.7000412376
2025-09-29 08:00:00+00:00,774631.7000412376
2025-09-29 12:00:00+00:00,774631.7000412376
2025-09-29 16:00:00+00:00,774631.7000412376
2025-09-29 20:00:00+00:00,774631.7000412376
2025-09-30 00:00:00+00:00,774631.7000412376
2025-09-30 04:00:00+00:00,774631.7000412376
2025-09-30 08:00:00+00:00,774631.7000412376
2025-09-30 12:00:00+00:00,774631.7000412376
2025-09-30 16:00:00+00:00,774631.7000412376
2025-09-30 20:00:00+00:00,774631.7000412376
2025-10-01 00:00:00+00:00,774631.7000412376
2025-10-01 04:00:00+00:00,774631.7000412376
2025-10-01 08:00:00+00:00,774631.7000412376
2025-10-01 12:00:00+00:00,774631.7000412376
2025-10-01 16:00:00+00:00,774631.7000412376
2025-10-01 20:00:00+00:00,807680.4596050559
2025-10-02 00:00:00+00:00,811815.1948709713
2025-10-02 04:00:00+00:00,804060.6505750291
2025-10-02 08:00:00+00:00,811975.2982858332
2025-10-02 12:00:00+00:00,847517.5130400049
2025-10-02 16:00:00+00:00,876087.3756791287
2025-10-02 20:00:00+00:00,866117.5822373761
2025-10-03 00:00:00+00:00,856195.5862766382
2025-10-03 04:00:00+00:00,838140.8863209297
2025-10-03 08:00:00+00:00,859348.6771231476
2025-10-03 12:00:00+00:00,921195.5225060547
2025-10-03 16:00:00+00:00,933310.2939400084
2025-10-03 20:00:00+00:00,918751.898469858
2025-10-04 00:00:00+00:00,918828.8190945414
2025-10-04 04:00:00+00:00,921326.7566655406
2025-10-04 08:00:00+00:00,909201.6530373829
2025-10-04 12:00:00+00:00,903190.6273609196
2025-10-04 16:00:00+00:00,908647.9066707254
2025-10-04 20:00:00+00:00,922821.6616619021
2025-10-05 00:00:00+00:00,969553.2766483044
2025-10-05 04:00:00+00:00,1003161.259839434
2025-10-05 08:00:00+00:00,956573.4703935034
2025-10-05 12:00:00+00:00,940614.8467286815
2025-10-05 16:00:00+00:00,935719.7317295286
2025-10-05 20:00:00+00:00,955661.2698679027
2025-10-06 00:00:00+00:00,963893.3605469321
2025-10-06 04:00:00+00:00,953204.4861766426
2025-10-06 08:00:00+00:00,972022.2161048474
2025-10-06 12:00:00+00:00,990338.3889715647
2025-10-06 16:00:00+00:00,999877.7028046754
2025-10-06 20:00:00+00:00,982552.417089165
2025-10-07 00:00:00+00:00,974016.8155414944
2025-10-07 04:00:00+00:00,958819.6675175977
2025-10-07 08:00:00+00:00,976374.7107332934
2025-10-07 12:00:00+00:00,915345.4460987025
2025-10-07 16:00:00+00:00,912988.3272062478
2025-10-07 20:00:00+00:00,912560.9834286515
2025-10-08 00:00:00+00:00,912560.9834286515
2025-10-08 04:00:00+00:00,912560.9834286515
2025-10-08 08:00:00+00:00,912560.9834286515
2025-10-08 12:00:00+00:00,907260.9583369868
2025-10-08 16:00:00+00:00,916025.8589412548
2025-10-08 20:00:00+00:00,915002.3524337622
2025-10-09 00:00:00+00:00,906130.3903011337
2025-10-09 04:00:00+00:00,905133.3421543662
2025-10-09 08:00:00+00:00,910941.9336528864
2025-10-09 12:00:00+00:00,910506.7943174681
2025-10-09 16:00:00+00:00,910115.7823679084
2025-10-09 20:00:00+00:00,910018.8411978856
2025-10-10 00:00:00+00:00,910018.8411978856
2025-10-10 04:00:00+00:00,910018.8411978856
2025-10-10 08:00:00+00:00,910018.8411978856
2025-10-10 12:00:00+00:00,910018.8411978856
2025-10-10 16:00:00+00:00,910018.8411978856
2025-10-10 20:00:00+00:00,910018.8411978856
2025-10-11 00:00:00+00:00,909748.7655899518
2025-10-11 04:00:00+00:00,909719.5380727616
2025-10-11 08:00:00+00:00,909719.5380727616
2025-10-11 12:00:00+00:00,909719.5380727616
2025-10-11 16:00:00+00:00,909719.5380727616
2025-10-11 20:00:00+00:00,909719.5380727616
2025-10-12 00:00:00+00:00,909719.5380727616
2025-10-12 04:00:00+00:00,909719.5380727616
2025-10-12 08:00:00+00:00,909719.5380727616
2025-10-12 12:00:00+00:00,909719.5380727616
2025-10-12 16:00:00+00:00,909719.5380727616
2025-10-12 20:00:00+00:00,909719.5380727616
2025-10-13 00:00:00+00:00,909719.5380727616
2025-10-13 04:00:00+00:00,909719.5380727616
2025-10-13 08:00:00+00:00,909719.5380727616
2025-10-13 12:00:00+00:00,909719.5380727616
2025-10-13 16:00:00+00:00,909719.5380727616
2025-10-13 20:00:00+00:00,909719.5380727616
2025-10-14 00:00:00+00:00,909719.5380727616
2025-10-14 04:00:00+00:00,909719.5380727616
2025-10-14 08:00:00+00:00,909719.5380727616
2025-10-14 12:00:00+00:00,909719.5380727616
2025-10-14 16:00:00+00:00,909719.5380727616
2025-10-14 20:00:00+00:00,909719.5380727616
2025-10-15 00:00:00+00:00,909719.5380727616
2025-10-15 04:00:00+00:00,909719.5380727616
2025-10-15 08:00:00+00:00,909719.5380727616
2025-10-15 12:00:00+00:00,909719.5380727616
2025-10-15 16:00:00+00:00,909719.5380727616
2025-10-15 20:00:00+00:00,909719.5380727616
2025-10-16 00:00:00+00:00,909719.5380727616
2025-10-16 04:00:00+00:00,909719.5380727616
2025-10-16 08:00:00+00:00,909719.5380727616
2025-10-16 12:00:00+00:00,909719.5380727616
2025-10-16 16:00:00+00:00,909719.5380727616
2025-10-16 20:00:00+00:00,909719.5380727616
2025-10-17 00:00:00+00:00,909719.5380727616
2025-10-17 04:00:00+00:00,909719.5380727616
2025-10-17 08:00:00+00:00,909719.5380727616
2025-10-17 12:00:00+00:00,909719.5380727616
2025-10-17 16:00:00+00:00,909719.5380727616
2025-10-17 20:00:00+00:00,909719.5380727616
2025-10-18 00:00:00+00:00,909719.5380727616
2025-10-18 04:00:00+00:00,909719.5380727616
2025-10-18 08:00:00+00:00,909719.5380727616
2025-10-18 12:00:00+00:00,909719.5380727616
2025-10-18 16:00:00+00:00,909719.5380727616
2025-10-18 20:00:00+00:00,909719.5380727616
2025-10-19 00:00:00+00:00,909719.5380727616
2025-10-19 04:00:00+00:00,909719.5380727616
2025-10-19 08:00:00+00:00,909719.5380727616
2025-10-19 12:00:00+00:00,909719.5380727616
2025-10-19 16:00:00+00:00,909719.5380727616
2025-10-19 20:00:00+00:00,909719.5380727616
2025-10-20 00:00:00+00:00,909719.5380727616
2025-10-20 04:00:00+00:00,909719.5380727616
2025-10-20 08:00:00+00:00,909719.5380727616
2025-10-20 12:00:00+00:00,909719.5380727616
2025-10-20 16:00:00+00:00,909719.5380727616
2025-10-20 20:00:00+00:00,909719.5380727616
2025-10-21 00:00:00+00:00,909719.5380727616
2025-10-21 04:00:00+00:00,909719.5380727616
2025-10-21 08:00:00+00:00,909719.5380727616
2025-10-21 12:00:00+00:00,909719.5380727616
2025-10-21 16:00:00+00:00,909719.5380727616
2025-10-21 20:00:00+00:00,909719.5380727616
2025-10-22 00:00:00+00:00,909719.5380727616
2025-10-22 04:00:00+00:00,909719.5380727616
2025-10-22 08:00:00+00:00,909719.5380727616
2025-10-22 12:00:00+00:00,909719.5380727616
2025-10-22 16:00:00+00:00,909719.5380727616
2025-10-22 20:00:00+00:00,909719.5380727616
2025-10-23 00:00:00+00:00,909719.5380727616
2025-10-23 04:00:00+00:00,909719.5380727616
2025-10-23 08:00:00+00:00,909719.5380727616
2025-10-23 12:00:00+00:00,909719.5380727616
2025-10-23 16:00:00+00:00,909719.5380727616
2025-10-23 20:00:00+00:00,909719.5380727616
2025-10-24 00:00:00+00:00,909719.5380727616
2025-10-24 04:00:00+00:00,909719.5380727616
2025-10-24 08:00:00+00:00,909719.5380727616
2025-10-24 12:00:00+00:00,909719.5380727616
2025-10-24 16:00:00+00:00,909719.5380727616
2025-10-24 20:00:00+00:00,909719.5380727616
2025-10-25 00:00:00+00:00,909719.5380727616
2025-10-25 04:00:00+00:00,909719.5380727616
2025-10-25 08:00:00+00:00,909719.5380727616
2025-10-25 12:00:00+00:00,909719.5380727616
2025-10-25 16:00:00+00:00,909719.5380727616
2025-10-25 20:00:00+00:00,909719.5380727616
2025-10-26 00:00:00+00:00,909719.5380727616
2025-10-26 04:00:00+00:00,909719.5380727616
2025-10-26 08:00:00+00:00,909719.5380727616
2025-10-26 12:00:00+00:00,909719.5380727616
2025-10-26 16:00:00+00:00,909719.5380727616
2025-10-26 20:00:00+00:00,909719.5380727616
2025-10-27 00:00:00+00:00,909719.5380727616
2025-10-27 04:00:00+00:00,909719.5380727616
2025-10-27 08:00:00+00:00,909719.5380727616
2025-10-27 12:00:00+00:00,909719.5380727616
2025-10-27 16:00:00+00:00,909719.5380727616
2025-10-27 20:00:00+00:00,909719.5380727616
2025-10-28 00:00:00+00:00,903989.6912282107
2025-10-28 04:00:00+00:00,909713.7525677956
2025-10-28 08:00:00+00:00,913036.2813164991
2025-10-28 12:00:00+00:00,919152.7581389267
2025-10-28 16:00:00+00:00,898481.8222068019
2025-10-28 20:00:00+00:00,891857.3037902944
2025-10-29 00:00:00+00:00,889121.9500634304
2025-10-29 04:00:00+00:00,896822.948336217
2025-10-29 08:00:00+00:00,893667.4975747593
2025-10-29 12:00:00+00:00,881788.6360187171
2025-10-29 16:00:00+00:00,881380.5260905926
2025-10-29 20:00:00+00:00,881380.5260905926
2025-10-30 00:00:00+00:00,881380.5260905926
2025-10-30 04:00:00+00:00,881380.5260905926
2025-10-30 08:00:00+00:00,881380.5260905926
2025-10-30 12:00:00+00:00,881380.5260905926
2025-10-30 16:00:00+00:00,881380.5260905926
2025-10-30 20:00:00+00:00,881380.5260905926
2025-10-31 00:00:00+00:00,881380.5260905926
2025-10-31 04:00:00+00:00,881380.5260905926
2025-10-31 08:00:00+00:00,881380.5260905926
2025-10-31 12:00:00+00:00,881380.5260905926
2025-10-31 16:00:00+00:00,881380.5260905926
2025-10-31 20:00:00+00:00,881380.5260905926
2025-11-01 00:00:00+00:00,881380.5260905926
2025-11-01 04:00:00+00:00,881380.5260905926
2025-11-01 08:00:00+00:00,881380.5260905926
2025-11-01 12:00:00+00:00,881380.5260905926
2025-11-01 16:00:00+00:00,881380.5260905926
2025-11-01 20:00:00+00:00,881380.5260905926
2025-11-02 00:00:00+00:00,881380.5260905926
2025-11-02 04:00:00+00:00,881380.5260905926
2025-11-02 08:00:00+00:00,881380.5260905926
2025-11-02 12:00:00+00:00,881380.5260905926
2025-11-02 16:00:00+00:00,881380.5260905926
2025-11-02 20:00:00+00:00,881380.5260905926
2025-11-03 00:00:00+00:00,881380.5260905926
2025-11-03 04:00:00+00:00,881380.5260905926
2025-11-03 08:00:00+00:00,881380.5260905926
2025-11-03 12:00:00+00:00,881380.5260905926
2025-11-03 16:00:00+00:00,881380.5260905926
2025-11-03 20:00:00+00:00,881380.5260905926
2025-11-04 00:00:00+00:00,881380.5260905926
2025-11-04 04:00:00+00:00,881380.5260905926
2025-11-04 08:00:00+00:00,881380.5260905926
2025-11-04 12:00:00+00:00,881380.5260905926
2025-11-04 16:00:00+00:00,881380.5260905926
2025-11-04 20:00:00+00:00,881380.5260905926
2025-11-05 00:00:00+00:00,881380.5260905926
2025-11-05 04:00:00+00:00,881380.5260905926
2025-11-05 08:00:00+00:00,881380.5260905926
2025-11-05 12:00:00+00:00,881380.5260905926
2025-11-05 16:00:00+00:00,881380.5260905926
2025-11-05 20:00:00+00:00,881380.5260905926
2025-11-06 00:00:00+00:00,881380.5260905926
2025-11-06 04:00:00+00:00,881380.5260905926
2025-11-06 08:00:00+00:00,881380.5260905926
2025-11-06 12:00:00+00:00,881380.5260905926
2025-11-06 16:00:00+00:00,881380.5260905926
2025-11-06 20:00:00+00:00,881380.5260905926
2025-11-07 00:00:00+00:00,881380.5260905926
2025-11-07 04:00:00+00:00,881380.5260905926
2025-11-07 08:00:00+00:00,881380.5260905926
2025-11-07 12:00:00+00:00,881380.5260905926
2025-11-07 16:00:00+00:00,881380.5260905926
2025-11-07 20:00:00+00:00,881380.5260905926
2025-11-08 00:00:00+00:00,881380.5260905926
2025-11-08 04:00:00+00:00,881380.5260905926
2025-11-08 08:00:00+00:00,881380.5260905926
2025-11-08 12:00:00+00:00,881380.5260905926
2025-11-08 16:00:00+00:00,881380.5260905926
2025-11-08 20:00:00+00:00,881380.5260905926
2025-11-09 00:00:00+00:00,881380.5260905926
2025-11-09 04:00:00+00:00,881380.5260905926
2025-11-09 08:00:00+00:00,881380.5260905926
2025-11-09 12:00:00+00:00,881380.5260905926
2025-11-09 16:00:00+00:00,881380.5260905926
2025-11-09 20:00:00+00:00,881380.5260905926
2025-11-10 00:00:00+00:00,881380.5260905926
2025-11-10 04:00:00+00:00,881380.5260905926
2025-11-10 08:00:00+00:00,881380.5260905926
2025-11-10 12:00:00+00:00,881380.5260905926
2025-11-10 16:00:00+00:00,881380.5260905926
2025-11-10 20:00:00+00:00,881380.5260905926
2025-11-11 00:00:00+00:00,881380.5260905926
2025-11-11 04:00:00+00:00,881380.5260905926
2025-11-11 08:00:00+00:00,881380.5260905926
2025-11-11 12:00:00+00:00,881380.5260905926
2025-11-11 16:00:00+00:00,881380.5260905926
2025-11-11 20:00:00+00:00,881380.5260905926
2025-11-12 00:00:00+00:00,881380.5260905926
2025-11-12 04:00:00+00:00,881380.5260905926
2025-11-12 08:00:00+00:00,881380.5260905926
2025-11-12 12:00:00+00:00,881380.5260905926
2025-11-12 16:00:00+00:00,881380.5260905926
2025-11-12 20:00:00+00:00,881380.5260905926
2025-11-13 00:00:00+00:00,881380.5260905926
2025-11-13 04:00:00+00:00,881380.5260905926
2025-11-13 08:00:00+00:00,881380.5260905926
2025-11-13 12:00:00+00:00,881380.5260905926
2025-11-13 16:00:00+00:00,881380.5260905926
2025-11-13 20:00:00+00:00,881380.5260905926
2025-11-14 00:00:00+00:00,881380.5260905926
2025-11-14 04:00:00+00:00,881380.5260905926
2025-11-14 08:00:00+00:00,881380.5260905926
2025-11-14 12:00:00+00:00,881380.5260905926
2025-11-14 16:00:00+00:00,881380.5260905926
2025-11-14 20:00:00+00:00,881380.5260905926
2025-11-15 00:00:00+00:00,881380.5260905926
2025-11-15 04:00:00+00:00,881380.5260905926
2025-11-15 08:00:00+00:00,881380.5260905926
2025-11-15 12:00:00+00:00,881380.5260905926
2025-11-15 16:00:00+00:00,881380.5260905926
2025-11-15 20:00:00+00:00,881380.5260905926
2025-11-16 00:00:00+00:00,881380.5260905926
2025-11-16 04:00:00+00:00,881380.5260905926
2025-11-16 08:00:00+00:00,881380.5260905926
2025-11-16 12:00:00+00:00,881380.5260905926
2025-11-16 16:00:00+00:00,881380.5260905926
2025-11-16 20:00:00+00:00,881380.5260905926
2025-11-17 00:00:00+00:00,881380.5260905926
2025-11-17 04:00:00+00:00,881380.5260905926
2025-11-17 08:00:00+00:00,881380.5260905926
2025-11-17 12:00:00+00:00,881380.5260905926
2025-11-17 16:00:00+00:00,881380.5260905926
2025-11-17 20:00:00+00:00,881380.5260905926
2025-11-18 00:00:00+00:00,881380.5260905926
2025-11-18 04:00:00+00:00,881380.5260905926
2025-11-18 08:00:00+00:00,881380.5260905926
2025-11-18 12:00:00+00:00,881380.5260905926
2025-11-18 16:00:00+00:00,881380.5260905926
2025-11-18 20:00:00+00:00,881380.5260905926
2025-11-19 00:00:00+00:00,881380.5260905926
2025-11-19 04:00:00+00:00,881380.5260905926
2025-11-19 08:00:00+00:00,881380.5260905926
2025-11-19 12:00:00+00:00,881380.5260905926
2025-11-19 16:00:00+00:00,881380.5260905926
2025-11-19 20:00:00+00:00,881380.5260905926
2025-11-20 00:00:00+00:00,881380.5260905926
2025-11-20 04:00:00+00:00,881380.5260905926
2025-11-20 08:00:00+00:00,881380.5260905926
2025-11-20 12:00:00+00:00,881380.5260905926
2025-11-20 16:00:00+00:00,881380.5260905926
2025-11-20 20:00:00+00:00,881380.5260905926
2025-11-21 00:00:00+00:00,881380.5260905926
2025-11-21 04:00:00+00:00,881380.5260905926
2025-11-21 08:00:00+00:00,881380.5260905926
2025-11-21 12:00:00+00:00,881380.5260905926
2025-11-21 16:00:00+00:00,881380.5260905926
2025-11-21 20:00:00+00:00,881380.5260905926
2025-11-22 00:00:00+00:00,881380.5260905926
2025-11-22 04:00:00+00:00,881380.5260905926
2025-11-22 08:00:00+00:00,881380.5260905926
2025-11-22 12:00:00+00:00,881380.5260905926
2025-11-22 16:00:00+00:00,881380.5260905926
2025-11-22 20:00:00+00:00,881380.5260905926
2025-11-23 00:00:00+00:00,881380.5260905926
2025-11-23 04:00:00+00:00,881380.5260905926
2025-11-23 08:00:00+00:00,881380.5260905926
2025-11-23 12:00:00+00:00,881380.5260905926
2025-11-23 16:00:00+00:00,881380.5260905926
2025-11-23 20:00:00+00:00,881380.5260905926
2025-11-24 00:00:00+00:00,881380.5260905926
2025-11-24 04:00:00+00:00,881380.5260905926
2025-11-24 08:00:00+00:00,881380.5260905926
2025-11-24 12:00:00+00:00,881380.5260905926
2025-11-24 16:00:00+00:00,881380.5260905926
2025-11-24 20:00:00+00:00,881380.5260905926
2025-11-25 00:00:00+00:00,881380.5260905926
2025-11-25 04:00:00+00:00,881380.5260905926
2025-11-25 08:00:00+00:00,881380.5260905926
2025-11-25 12:00:00+00:00,881380.5260905926
2025-11-25 16:00:00+00:00,881380.5260905926
2025-11-25 20:00:00+00:00,881380.5260905926
2025-11-26 00:00:00+00:00,881380.5260905926
2025-11-26 04:00:00+00:00,881380.5260905926
2025-11-26 08:00:00+00:00,881380.5260905926
2025-11-26 12:00:00+00:00,881380.5260905926
2025-11-26 16:00:00+00:00,881380.5260905926
2025-11-26 20:00:00+00:00,881380.5260905926
2025-11-27 00:00:00+00:00,881380.5260905926
2025-11-27 04:00:00+00:00,881380.5260905926
2025-11-27 08:00:00+00:00,881380.5260905926
2025-11-27 12:00:00+00:00,881380.5260905926
2025-11-27 16:00:00+00:00,881380.5260905926
2025-11-27 20:00:00+00:00,881380.5260905926
2025-11-28 00:00:00+00:00,881380.5260905926
2025-11-28 04:00:00+00:00,881380.5260905926
2025-11-28 08:00:00+00:00,881380.5260905926
2025-11-28 12:00:00+00:00,881380.5260905926
2025-11-28 16:00:00+00:00,881380.5260905926
2025-11-28 20:00:00+00:00,881380.5260905926
2025-11-29 00:00:00+00:00,881380.5260905926
2025-11-29 04:00:00+00:00,881380.5260905926
2025-11-29 08:00:00+00:00,881380.5260905926
2025-11-29 12:00:00+00:00,881380.5260905926
2025-11-29 16:00:00+00:00,881380.5260905926
2025-11-29 20:00:00+00:00,881380.5260905926
2025-11-30 00:00:00+00:00,881380.5260905926
2025-11-30 04:00:00+00:00,881380.5260905926
2025-11-30 08:00:00+00:00,881380.5260905926
2025-11-30 12:00:00+00:00,881380.5260905926
2025-11-30 16:00:00+00:00,881380.5260905926
2025-11-30 20:00:00+00:00,881380.5260905926
2025-12-01 00:00:00+00:00,881380.5260905926
2025-12-01 04:00:00+00:00,881380.5260905926
2025-12-01 08:00:00+00:00,881380.5260905926
2025-12-01 12:00:00+00:00,881380.5260905926
2025-12-01 16:00:00+00:00,881641.1175733369
2025-12-01 20:00:00+00:00,882760.7693557733
2025-12-02 00:00:00+00:00,882722.8597392247
2025-12-02 04:00:00+00:00,882722.8597392247
2025-12-02 08:00:00+00:00,882722.8597392247
2025-12-02 12:00:00+00:00,882722.8597392247
2025-12-02 16:00:00+00:00,882722.8597392247
2025-12-02 20:00:00+00:00,882722.8597392247
2025-12-03 00:00:00+00:00,882722.8597392247
2025-12-03 04:00:00+00:00,882722.8597392247
2025-12-03 08:00:00+00:00,882722.8597392247
2025-12-03 12:00:00+00:00,882722.8597392247
2025-12-03 16:00:00+00:00,882722.8597392247
2025-12-03 20:00:00+00:00,882722.8597392247
2025-12-04 00:00:00+00:00,882722.8597392247
2025-12-04 04:00:00+00:00,882722.8597392247
2025-12-04 08:00:00+00:00,882722.8597392247
2025-12-04 12:00:00+00:00,882722.8597392247
2025-12-04 16:00:00+00:00,882722.8597392247
2025-12-04 20:00:00+00:00,882722.8597392247
2025-12-05 00:00:00+00:00,882722.8597392247
2025-12-05 04:00:00+00:00,882722.8597392247
2025-12-05 08:00:00+00:00,882722.8597392247
2025-12-05 12:00:00+00:00,882722.8597392247
2025-12-05 16:00:00+00:00,882722.8597392247
2025-12-05 20:00:00+00:00,882722.8597392247
2025-12-06 00:00:00+00:00,882722.8597392247
2025-12-06 04:00:00+00:00,882722.8597392247
2025-12-06 08:00:00+00:00,882722.8597392247
2025-12-06 12:00:00+00:00,882722.8597392247
2025-12-06 16:00:00+00:00,882722.8597392247
2025-12-06 20:00:00+00:00,882722.8597392247
2025-12-07 00:00:00+00:00,882722.8597392247
2025-12-07 04:00:00+00:00,882722.8597392247
2025-12-07 08:00:00+00:00,882722.8597392247
2025-12-07 12:00:00+00:00,882722.8597392247
2025-12-07 16:00:00+00:00,882722.8597392247
2025-12-07 20:00:00+00:00,882722.8597392247
2025-12-08 00:00:00+00:00,882722.8597392247
2025-12-08 04:00:00+00:00,882722.8597392247
2025-12-08 08:00:00+00:00,882722.8597392247
2025-12-08 12:00:00+00:00,882722.8597392247
2025-12-08 16:00:00+00:00,882722.8597392247
2025-12-08 20:00:00+00:00,882722.8597392247
2025-12-09 00:00:00+00:00,882722.8597392247
2025-12-09 04:00:00+00:00,882722.8597392247
2025-12-09 08:00:00+00:00,882722.8597392247
2025-12-09 12:00:00+00:00,882722.8597392247
2025-12-09 16:00:00+00:00,882722.8597392247
2025-12-09 20:00:00+00:00,882722.8597392247
2025-12-10 00:00:00+00:00,882722.8597392247
2025-12-10 04:00:00+00:00,882722.8597392247
2025-12-10 08:00:00+00:00,882722.8597392247
2025-12-10 12:00:00+00:00,882722.8597392247
2025-12-10 16:00:00+00:00,882722.8597392247
2025-12-10 20:00:00+00:00,882722.8597392247
2025-12-11 00:00:00+00:00,882722.8597392247
2025-12-11 04:00:00+00:00,882722.8597392247
2025-12-11 08:00:00+00:00,882722.8597392247
2025-12-11 12:00:00+00:00,882722.8597392247
2025-12-11 16:00:00+00:00,882722.8597392247
2025-12-11 20:00:00+00:00,882722.8597392247
2025-12-12 00:00:00+00:00,882722.8597392247
2025-12-12 04:00:00+00:00,882722.8597392247
2025-12-12 08:00:00+00:00,882722.8597392247
2025-12-12 12:00:00+00:00,882722.8597392247
2025-12-12 16:00:00+00:00,882722.8597392247
2025-12-12 20:00:00+00:00,882722.8597392247
2025-12-13 00:00:00+00:00,882722.8597392247
2025-12-13 04:00:00+00:00,882722.8597392247
2025-12-13 08:00:00+00:00,882722.8597392247
2025-12-13 12:00:00+00:00,882722.8597392247
2025-12-13 16:00:00+00:00,882722.8597392247
2025-12-13 20:00:00+00:00,882722.8597392247
2025-12-14 00:00:00+00:00,882722.8597392247
2025-12-14 04:00:00+00:00,882722.8597392247
2025-12-14 08:00:00+00:00,882722.8597392247
2025-12-14 12:00:00+00:00,882722.8597392247
2025-12-14 16:00:00+00:00,882722.8597392247
2025-12-14 20:00:00+00:00,882722.8597392247
2025-12-15 00:00:00+00:00,882722.8597392247
2025-12-15 04:00:00+00:00,882722.8597392247
2025-12-15 08:00:00+00:00,882722.8597392247
2025-12-15 12:00:00+00:00,882722.8597392247
2025-12-15 16:00:00+00:00,882722.8597392247
2025-12-15 20:00:00+00:00,882722.8597392247
2025-12-16 00:00:00+00:00,882722.8597392247
2025-12-16 04:00:00+00:00,882722.8597392247
2025-12-16 08:00:00+00:00,882722.8597392247
2025-12-16 12:00:00+00:00,882722.8597392247
2025-12-16 16:00:00+00:00,882722.8597392247
2025-12-16 20:00:00+00:00,882722.8597392247
2025-12-17 00:00:00+00:00,882722.8597392247
2025-12-17 04:00:00+00:00,882722.8597392247
2025-12-17 08:00:00+00:00,882722.8597392247
2025-12-17 12:00:00+00:00,882722.8597392247
2025-12-17 16:00:00+00:00,882722.8597392247
2025-12-17 20:00:00+00:00,882722.8597392247
2025-12-18 00:00:00+00:00,882722.8597392247
2025-12-18 04:00:00+00:00,882722.8597392247
2025-12-18 08:00:00+00:00,882722.8597392247
2025-12-18 12:00:00+00:00,882722.8597392247
2025-12-18 16:00:00+00:00,882722.8597392247
2025-12-18 20:00:00+00:00,882722.8597392247
2025-12-19 00:00:00+00:00,882722.8597392247
2025-12-19 04:00:00+00:00,882722.8597392247
2025-12-19 08:00:00+00:00,882722.8597392247
2025-12-19 12:00:00+00:00,882722.8597392247
2025-12-19 16:00:00+00:00,882722.8597392247
2025-12-19 20:00:00+00:00,882722.8597392247
2025-12-20 00:00:00+00:00,882722.8597392247
2025-12-20 04:00:00+00:00,882722.8597392247
2025-12-20 08:00:00+00:00,882722.8597392247
2025-12-20 12:00:00+00:00,882722.8597392247
2025-12-20 16:00:00+00:00,882722.8597392247
2025-12-20 20:00:00+00:00,882722.8597392247
2025-12-21 00:00:00+00:00,882722.8597392247
2025-12-21 04:00:00+00:00,882722.8597392247
2025-12-21 08:00:00+00:00,882722.8597392247
2025-12-21 12:00:00+00:00,882722.8597392247
2025-12-21 16:00:00+00:00,882722.8597392247
2025-12-21 20:00:00+00:00,882722.8597392247
2025-12-22 00:00:00+00:00,882722.8597392247
2025-12-22 04:00:00+00:00,882722.8597392247
2025-12-22 08:00:00+00:00,882722.8597392247
2025-12-22 12:00:00+00:00,882722.8597392247
2025-12-22 16:00:00+00:00,882722.8597392247
2025-12-22 20:00:00+00:00,882722.8597392247
2025-12-23 00:00:00+00:00,882722.8597392247
2025-12-23 04:00:00+00:00,882722.8597392247
2025-12-23 08:00:00+00:00,882722.8597392247
2025-12-23 12:00:00+00:00,882722.8597392247
2025-12-23 16:00:00+00:00,882722.8597392247
2025-12-23 20:00:00+00:00,882722.8597392247
2025-12-24 00:00:00+00:00,882722.8597392247
2025-12-24 04:00:00+00:00,882722.8597392247
2025-12-24 08:00:00+00:00,882722.8597392247
2025-12-24 12:00:00+00:00,882722.8597392247
2025-12-24 16:00:00+00:00,882722.8597392247
2025-12-24 20:00:00+00:00,882722.8597392247
2025-12-25 00:00:00+00:00,882722.8597392247
2025-12-25 04:00:00+00:00,882722.8597392247
2025-12-25 08:00:00+00:00,882722.8597392247
2025-12-25 12:00:00+00:00,882722.8597392247
2025-12-25 16:00:00+00:00,882722.8597392247
2025-12-25 20:00:00+00:00,882722.8597392247
2025-12-26 00:00:00+00:00,882722.8597392247
2025-12-26 04:00:00+00:00,882722.8597392247
2025-12-26 08:00:00+00:00,882722.8597392247
2025-12-26 12:00:00+00:00,882722.8597392247
2025-12-26 16:00:00+00:00,882722.8597392247
2025-12-26 20:00:00+00:00,882722.8597392247
2025-12-27 00:00:00+00:00,882722.8597392247
2025-12-27 04:00:00+00:00,882722.8597392247
2025-12-27 08:00:00+00:00,882722.8597392247
2025-12-27 12:00:00+00:00,882722.8597392247
2025-12-27 16:00:00+00:00,882722.8597392247
2025-12-27 20:00:00+00:00,882722.8597392247
2025-12-28 00:00:00+00:00,882722.8597392247
2025-12-28 04:00:00+00:00,882722.8597392247
2025-12-28 08:00:00+00:00,882722.8597392247
2025-12-28 12:00:00+00:00,882722.8597392247
2025-12-28 16:00:00+00:00,882722.8597392247
2025-12-28 20:00:00+00:00,882722.8597392247
2025-12-29 00:00:00+00:00,882722.8597392247
2025-12-29 04:00:00+00:00,882722.8597392247
2025-12-29 08:00:00+00:00,882722.8597392247
2025-12-29 12:00:00+00:00,882722.8597392247
2025-12-29 16:00:00+00:00,882722.8597392247
2025-12-29 20:00:00+00:00,882722.8597392247
2025-12-30 00:00:00+00:00,882722.8597392247
2025-12-30 04:00:00+00:00,882722.8597392247
2025-12-30 08:00:00+00:00,882722.8597392247
2025-12-30 12:00:00+00:00,882722.8597392247
2025-12-30 16:00:00+00:00,882722.8597392247
2025-12-30 20:00:00+00:00,882722.8597392247
2025-12-31 00:00:00+00:00,882722.8597392247
2025-12-31 04:00:00+00:00,882722.8597392247
2025-12-31 08:00:00+00:00,882722.8597392247
2025-12-31 12:00:00+00:00,882722.8597392247
2025-12-31 16:00:00+00:00,882722.8597392247
2025-12-31 20:00:00+00:00,882722.8597392247
2026-01-01 00:00:00+00:00,882722.8597392247
2026-01-01 04:00:00+00:00,882722.8597392247
2026-01-01 08:00:00+00:00,882722.8597392247
2026-01-01 12:00:00+00:00,882722.8597392247
2026-01-01 16:00:00+00:00,882722.8597392247
2026-01-01 20:00:00+00:00,882722.8597392247
2026-01-02 00:00:00+00:00,882722.8597392247
2026-01-02 04:00:00+00:00,882722.8597392247
2026-01-02 08:00:00+00:00,882722.8597392247
2026-01-02 12:00:00+00:00,882722.8597392247
2026-01-02 16:00:00+00:00,882722.8597392247
2026-01-02 20:00:00+00:00,882722.8597392247
2026-01-03 00:00:00+00:00,882722.8597392247
2026-01-03 04:00:00+00:00,882722.8597392247
2026-01-03 08:00:00+00:00,882722.8597392247
2026-01-03 12:00:00+00:00,882722.8597392247
2026-01-03 16:00:00+00:00,882722.8597392247
2026-01-03 20:00:00+00:00,882722.8597392247
2026-01-04 00:00:00+00:00,882722.8597392247
2026-01-04 04:00:00+00:00,882722.8597392247
2026-01-04 08:00:00+00:00,882722.8597392247
2026-01-04 12:00:00+00:00,882218.2543978738
2026-01-04 16:00:00+00:00,875942.9676913746
2026-01-04 20:00:00+00:00,888633.0689617029
2026-01-05 00:00:00+00:00,931880.4281043123
2026-01-05 04:00:00+00:00,920422.9044499402
2026-01-05 08:00:00+00:00,940146.4518050009
2026-01-05 12:00:00+00:00,967218.8735917096
2026-01-05 16:00:00+00:00,978907.8410887888
2026-01-05 20:00:00+00:00,960216.9516994035
2026-01-06 00:00:00+00:00,956706.9553483037
2026-01-06 04:00:00+00:00,940397.6072861393
2026-01-06 08:00:00+00:00,958740.7249181196
2026-01-06 12:00:00+00:00,952701.6176172365
2026-01-06 16:00:00+00:00,904126.7775968816
2026-01-06 20:00:00+00:00,918842.2287393672
2026-01-07 00:00:00+00:00,893217.3643463666
2026-01-07 04:00:00+00:00,893031.6721085568
2026-01-07 08:00:00+00:00,885857.2346075206
2026-01-07 12:00:00+00:00,885452.0883041932
2026-01-07 16:00:00+00:00,885452.0883041932
2026-01-07 20:00:00+00:00,885452.0883041932
2026-01-08 00:00:00+00:00,885452.0883041932
2026-01-08 04:00:00+00:00,885452.0883041932
2026-01-08 08:00:00+00:00,885452.0883041932
2026-01-08 12:00:00+00:00,885452.0883041932
2026-01-08 16:00:00+00:00,885452.0883041932
2026-01-08 20:00:00+00:00,885452.0883041932
2026-01-09 00:00:00+00:00,885452.0883041932
2026-01-09 04:00:00+00:00,885452.0883041932
2026-01-09 08:00:00+00:00,885452.0883041932
2026-01-09 12:00:00+00:00,885452.0883041932
2026-01-09 16:00:00+00:00,885452.0883041932
2026-01-09 20:00:00+00:00,885452.0883041932
2026-01-10 00:00:00+00:00,885452.0883041932
2026-01-10 04:00:00+00:00,885452.0883041932
2026-01-10 08:00:00+00:00,885452.0883041932
2026-01-10 12:00:00+00:00,885452.0883041932
2026-01-10 16:00:00+00:00,885452.0883041932
2026-01-10 20:00:00+00:00,885452.0883041932
2026-01-11 00:00:00+00:00,885452.0883041932
2026-01-11 04:00:00+00:00,885452.0883041932
2026-01-11 08:00:00+00:00,885452.0883041932
2026-01-11 12:00:00+00:00,885452.0883041932
2026-01-11 16:00:00+00:00,885452.0883041932
2026-01-11 20:00:00+00:00,885452.0883041932
2026-01-12 00:00:00+00:00,885452.0883041932
2026-01-12 04:00:00+00:00,885452.0883041932
2026-01-12 08:00:00+00:00,885452.0883041932
2026-01-12 12:00:00+00:00,885452.0883041932
2026-01-12 16:00:00+00:00,885452.0883041932
2026-01-12 20:00:00+00:00,885452.0883041932
2026-01-13 00:00:00+00:00,885452.0883041932
2026-01-13 04:00:00+00:00,885452.0883041932
2026-01-13 08:00:00+00:00,885452.0883041932
2026-01-13 12:00:00+00:00,885452.0883041932
2026-01-13 16:00:00+00:00,885452.0883041932
2026-01-13 20:00:00+00:00,885452.0883041932
2026-01-14 00:00:00+00:00,885452.0883041932
2026-01-14 04:00:00+00:00,885452.0883041932
2026-01-14 08:00:00+00:00,885452.0883041932
2026-01-14 12:00:00+00:00,932482.9935970425
2026-01-14 16:00:00+00:00,949307.3617597079
2026-01-14 20:00:00+00:00,938939.1643724353
2026-01-15 00:00:00+00:00,907329.1863515719
2026-01-15 04:00:00+00:00,922153.1192324867
2026-01-15 08:00:00+00:00,920889.9422815508
2026-01-15 12:00:00+00:00,924826.6793832893
2026-01-15 16:00:00+00:00,895541.171859601
2026-01-15 20:00:00+00:00,897796.5803321268
2026-01-16 00:00:00+00:00,891931.7363431356
2026-01-16 04:00:00+00:00,898555.1292901294
2026-01-16 08:00:00+00:00,893192.3099510361
2026-01-16 12:00:00+00:00,873796.056654361
2026-01-16 16:00:00+00:00,876477.1377864364
2026-01-16 20:00:00+00:00,880821.0692437614
2026-01-17 00:00:00+00:00,879385.1422308835
2026-01-17 04:00:00+00:00,877118.0305809868
2026-01-17 08:00:00+00:00,878994.0386332036
2026-01-17 12:00:00+00:00,881084.2105261696
2026-01-17 16:00:00+00:00,878751.9342792032
2026-01-17 20:00:00+00:00,877469.3568568918
2026-01-18 00:00:00+00:00,877842.6482952426
2026-01-18 04:00:00+00:00,876434.6425622014
2026-01-18 08:00:00+00:00,877580.6911788065
2026-01-18 12:00:00+00:00,877021.2812538918
2026-01-18 16:00:00+00:00,876615.9104900936
2026-01-18 20:00:00+00:00,876615.9104900936
2026-01-19 00:00:00+00:00,876615.9104900936
2026-01-19 04:00:00+00:00,876615.9104900936
2026-01-19 08:00:00+00:00,876615.9104900936
2026-01-19 12:00:00+00:00,876615.9104900936
2026-01-19 16:00:00+00:00,876615.9104900936
2026-01-19 20:00:00+00:00,876615.9104900936
2026-01-20 00:00:00+00:00,876615.9104900936
2026-01-20 04:00:00+00:00,876615.9104900936
2026-01-20 08:00:00+00:00,876615.9104900936
2026-01-20 12:00:00+00:00,876615.9104900936
2026-01-20 16:00:00+00:00,876615.9104900936
2026-01-20 20:00:00+00:00,876615.9104900936
2026-01-21 00:00:00+00:00,876615.9104900936
2026-01-21 04:00:00+00:00,876615.9104900936
2026-01-21 08:00:00+00:00,876615.9104900936
2026-01-21 12:00:00+00:00,876615.9104900936
2026-01-21 16:00:00+00:00,876615.9104900936
2026-01-21 20:00:00+00:00,876615.9104900936
2026-01-22 00:00:00+00:00,876615.9104900936
2026-01-22 04:00:00+00:00,876615.9104900936
2026-01-22 08:00:00+00:00,876615.9104900936
2026-01-22 12:00:00+00:00,876615.9104900936
2026-01-22 16:00:00+00:00,876615.9104900936
2026-01-22 20:00:00+00:00,876615.9104900936
2026-01-23 00:00:00+00:00,876615.9104900936
2026-01-23 04:00:00+00:00,876615.9104900936
2026-01-23 08:00:00+00:00,876615.9104900936
2026-01-23 12:00:00+00:00,876615.9104900936
2026-01-23 16:00:00+00:00,876615.9104900936
2026-01-23 20:00:00+00:00,876615.9104900936
2026-01-24 00:00:00+00:00,876615.9104900936
2026-01-24 04:00:00+00:00,876615.9104900936
2026-01-24 08:00:00+00:00,876615.9104900936
2026-01-24 12:00:00+00:00,876615.9104900936
2026-01-24 16:00:00+00:00,876615.9104900936
2026-01-24 20:00:00+00:00,876615.9104900936
2026-01-25 00:00:00+00:00,876615.9104900936
2026-01-25 04:00:00+00:00,876615.9104900936
2026-01-25 08:00:00+00:00,876615.9104900936
2026-01-25 12:00:00+00:00,876615.9104900936
2026-01-25 16:00:00+00:00,876615.9104900936
2026-01-25 20:00:00+00:00,876615.9104900936
2026-01-26 00:00:00+00:00,876615.9104900936
2026-01-26 04:00:00+00:00,876615.9104900936
2026-01-26 08:00:00+00:00,876615.9104900936
2026-01-26 12:00:00+00:00,876615.9104900936
2026-01-26 16:00:00+00:00,876615.9104900936
2026-01-26 20:00:00+00:00,876615.9104900936
2026-01-27 00:00:00+00:00,876615.9104900936
2026-01-27 04:00:00+00:00,876615.9104900936
2026-01-27 08:00:00+00:00,876615.9104900936
2026-01-27 12:00:00+00:00,876615.9104900936
2026-01-27 16:00:00+00:00,876615.9104900936
2026-01-27 20:00:00+00:00,876615.9104900936
2026-01-28 00:00:00+00:00,876615.9104900936
2026-01-28 04:00:00+00:00,876615.9104900936
2026-01-28 08:00:00+00:00,876615.9104900936
2026-01-28 12:00:00+00:00,876615.9104900936
2026-01-28 16:00:00+00:00,876615.9104900936
2026-01-28 20:00:00+00:00,876615.9104900936
2026-01-29 00:00:00+00:00,876615.9104900936
2026-01-29 04:00:00+00:00,876615.9104900936
2026-01-29 08:00:00+00:00,876615.9104900936
2026-01-29 12:00:00+00:00,876615.9104900936
2026-01-29 16:00:00+00:00,876615.9104900936
2026-01-29 20:00:00+00:00,876615.9104900936
2026-01-30 00:00:00+00:00,876615.9104900936
2026-01-30 04:00:00+00:00,876615.9104900936
2026-01-30 08:00:00+00:00,876615.9104900936
2026-01-30 12:00:00+00:00,876615.9104900936
2026-01-30 16:00:00+00:00,876615.9104900936
2026-01-30 20:00:00+00:00,876615.9104900936
2026-01-31 00:00:00+00:00,876615.9104900936
2026-01-31 04:00:00+00:00,876615.9104900936
2026-01-31 08:00:00+00:00,876615.9104900936
2026-01-31 12:00:00+00:00,876615.9104900936
2026-01-31 16:00:00+00:00,876615.9104900936
2026-01-31 20:00:00+00:00,876615.9104900936
2026-02-01 00:00:00+00:00,876615.9104900936
2026-02-01 04:00:00+00:00,876615.9104900936
2026-02-01 08:00:00+00:00,876615.9104900936
2026-02-01 12:00:00+00:00,876615.9104900936
2026-02-01 16:00:00+00:00,876615.9104900936
2026-02-01 20:00:00+00:00,876615.9104900936
2026-02-02 00:00:00+00:00,876615.9104900936
2026-02-02 04:00:00+00:00,876615.9104900936
2026-02-02 08:00:00+00:00,876615.9104900936
2026-02-02 12:00:00+00:00,876615.9104900936
2026-02-02 16:00:00+00:00,876615.9104900936
2026-02-02 20:00:00+00:00,876615.9104900936
2026-02-03 00:00:00+00:00,876615.9104900936
2026-02-03 04:00:00+00:00,876615.9104900936
2026-02-03 08:00:00+00:00,876615.9104900936
2026-02-03 12:00:00+00:00,876615.9104900936
2026-02-03 16:00:00+00:00,876615.9104900936
2026-02-03 20:00:00+00:00,876615.9104900936
2026-02-04 00:00:00+00:00,876615.9104900936
2026-02-04 04:00:00+00:00,876615.9104900936
2026-02-04 08:00:00+00:00,876615.9104900936
2026-02-04 12:00:00+00:00,876615.9104900936
2026-02-04 16:00:00+00:00,876615.9104900936
2026-02-04 20:00:00+00:00,876615.9104900936
2026-02-05 00:00:00+00:00,876615.9104900936
2026-02-05 04:00:00+00:00,876615.9104900936
2026-02-05 08:00:00+00:00,876615.9104900936
2026-02-05 12:00:00+00:00,876615.9104900936
2026-02-05 16:00:00+00:00,876615.9104900936
2026-02-05 20:00:00+00:00,876615.9104900936
2026-02-06 00:00:00+00:00,876615.9104900936
2026-02-06 04:00:00+00:00,876615.9104900936
2026-02-06 08:00:00+00:00,876615.9104900936
2026-02-06 12:00:00+00:00,876615.9104900936
2026-02-06 16:00:00+00:00,876615.9104900936
2026-02-06 20:00:00+00:00,876615.9104900936
2026-02-07 00:00:00+00:00,876615.9104900936
2026-02-07 04:00:00+00:00,876615.9104900936
2026-02-07 08:00:00+00:00,876615.9104900936
2026-02-07 12:00:00+00:00,876615.9104900936
2026-02-07 16:00:00+00:00,876615.9104900936
2026-02-07 20:00:00+00:00,876615.9104900936
2026-02-08 00:00:00+00:00,876615.9104900936
2026-02-08 04:00:00+00:00,876615.9104900936
2026-02-08 08:00:00+00:00,876615.9104900936
2026-02-08 12:00:00+00:00,876615.9104900936
2026-02-08 16:00:00+00:00,876615.9104900936
2026-02-08 20:00:00+00:00,876615.9104900936
2026-02-09 00:00:00+00:00,876615.9104900936
2026-02-09 04:00:00+00:00,876615.9104900936
2026-02-09 08:00:00+00:00,876615.9104900936
2026-02-09 12:00:00+00:00,876615.9104900936
2026-02-09 16:00:00+00:00,876615.9104900936
2026-02-09 20:00:00+00:00,876615.9104900936
2026-02-10 00:00:00+00:00,876615.9104900936
2026-02-10 04:00:00+00:00,876615.9104900936
2026-02-10 08:00:00+00:00,876615.9104900936
2026-02-10 12:00:00+00:00,876615.9104900936
2026-02-10 16:00:00+00:00,876615.9104900936
2026-02-10 20:00:00+00:00,876615.9104900936
2026-02-11 00:00:00+00:00,876615.9104900936
2026-02-11 04:00:00+00:00,876615.9104900936
2026-02-11 08:00:00+00:00,876615.9104900936
2026-02-11 12:00:00+00:00,876615.9104900936
2026-02-11 16:00:00+00:00,876615.9104900936
2026-02-11 20:00:00+00:00,876615.9104900936
2026-02-12 00:00:00+00:00,876615.9104900936
2026-02-12 04:00:00+00:00,876615.9104900936
2026-02-12 08:00:00+00:00,876615.9104900936
2026-02-12 12:00:00+00:00,876615.9104900936
2026-02-12 16:00:00+00:00,876615.9104900936
2026-02-12 20:00:00+00:00,876615.9104900936
2026-02-13 00:00:00+00:00,876615.9104900936
2026-02-13 04:00:00+00:00,876615.9104900936
2026-02-13 08:00:00+00:00,876615.9104900936
2026-02-13 12:00:00+00:00,876615.9104900936
2026-02-13 16:00:00+00:00,876615.9104900936
2026-02-13 20:00:00+00:00,876615.9104900936
2026-02-14 00:00:00+00:00,876615.9104900936
2026-02-14 04:00:00+00:00,876615.9104900936
2026-02-14 08:00:00+00:00,876615.9104900936
2026-02-14 12:00:00+00:00,876615.9104900936
2026-02-14 16:00:00+00:00,876615.9104900936
2026-02-14 20:00:00+00:00,876615.9104900936
2026-02-15 00:00:00+00:00,876615.9104900936
2026-02-15 04:00:00+00:00,876615.9104900936
2026-02-15 08:00:00+00:00,876615.9104900936
2026-02-15 12:00:00+00:00,876615.9104900936
2026-02-15 16:00:00+00:00,876615.9104900936
2026-02-15 20:00:00+00:00,876615.9104900936
2026-02-16 00:00:00+00:00,876615.9104900936
2026-02-16 04:00:00+00:00,876615.9104900936
2026-02-16 08:00:00+00:00,876615.9104900936
2026-02-16 12:00:00+00:00,876615.9104900936
2026-02-16 16:00:00+00:00,876615.9104900936
2026-02-16 20:00:00+00:00,876615.9104900936
2026-02-17 00:00:00+00:00,876615.9104900936
2026-02-17 04:00:00+00:00,876615.9104900936
2026-02-17 08:00:00+00:00,876615.9104900936
2026-02-17 12:00:00+00:00,876615.9104900936
2026-02-17 16:00:00+00:00,876615.9104900936
2026-02-17 20:00:00+00:00,876615.9104900936
2026-02-18 00:00:00+00:00,876615.9104900936
2026-02-18 04:00:00+00:00,876615.9104900936
2026-02-18 08:00:00+00:00,876615.9104900936
2026-02-18 12:00:00+00:00,876615.9104900936
2026-02-18 16:00:00+00:00,876615.9104900936
2026-02-18 20:00:00+00:00,876615.9104900936
2026-02-19 00:00:00+00:00,876615.9104900936
2026-02-19 04:00:00+00:00,876615.9104900936
2026-02-19 08:00:00+00:00,876615.9104900936
2026-02-19 12:00:00+00:00,876615.9104900936
2026-02-19 16:00:00+00:00,876615.9104900936
2026-02-19 20:00:00+00:00,876615.9104900936
2026-02-20 00:00:00+00:00,876615.9104900936
2026-02-20 04:00:00+00:00,876615.9104900936
2026-02-20 08:00:00+00:00,876615.9104900936
2026-02-20 12:00:00+00:00,876615.9104900936
2026-02-20 16:00:00+00:00,876615.9104900936
2026-02-20 20:00:00+00:00,876615.9104900936
2026-02-21 00:00:00+00:00,876615.9104900936
2026-02-21 04:00:00+00:00,876615.9104900936
2026-02-21 08:00:00+00:00,876615.9104900936
2026-02-21 12:00:00+00:00,876615.9104900936
2026-02-21 16:00:00+00:00,876615.9104900936
2026-02-21 20:00:00+00:00,876615.9104900936
2026-02-22 00:00:00+00:00,876615.9104900936
2026-02-22 04:00:00+00:00,876615.9104900936
2026-02-22 08:00:00+00:00,876615.9104900936
2026-02-22 12:00:00+00:00,876615.9104900936
2026-02-22 16:00:00+00:00,876615.9104900936
2026-02-22 20:00:00+00:00,876615.9104900936
2026-02-23 00:00:00+00:00,876615.9104900936
2026-02-23 04:00:00+00:00,876615.9104900936
2026-02-23 08:00:00+00:00,876615.9104900936
2026-02-23 12:00:00+00:00,876615.9104900936
2026-02-23 16:00:00+00:00,876615.9104900936
2026-02-23 20:00:00+00:00,876615.9104900936
2026-02-24 00:00:00+00:00,876615.9104900936
2026-02-24 04:00:00+00:00,876615.9104900936
2026-02-24 08:00:00+00:00,876615.9104900936
2026-02-24 12:00:00+00:00,876615.9104900936
2026-02-24 16:00:00+00:00,876615.9104900936
2026-02-24 20:00:00+00:00,876615.9104900936
2026-02-25 00:00:00+00:00,876615.9104900936
2026-02-25 04:00:00+00:00,876615.9104900936
2026-02-25 08:00:00+00:00,876615.9104900936
2026-02-25 12:00:00+00:00,876615.9104900936
2026-02-25 16:00:00+00:00,876615.9104900936
2026-02-25 20:00:00+00:00,876615.9104900936
2026-02-26 00:00:00+00:00,876615.9104900936
2026-02-26 04:00:00+00:00,876615.9104900936
2026-02-26 08:00:00+00:00,876615.9104900936
2026-02-26 12:00:00+00:00,876615.9104900936
2026-02-26 16:00:00+00:00,876615.9104900936
2026-02-26 20:00:00+00:00,876615.9104900936
2026-02-27 00:00:00+00:00,876615.9104900936
2026-02-27 04:00:00+00:00,876615.9104900936
2026-02-27 08:00:00+00:00,876615.9104900936
2026-02-27 12:00:00+00:00,876615.9104900936
2026-02-27 16:00:00+00:00,876615.9104900936
2026-02-27 20:00:00+00:00,876615.9104900936
2026-02-28 00:00:00+00:00,876615.9104900936
2026-02-28 04:00:00+00:00,876615.9104900936
2026-02-28 08:00:00+00:00,876615.9104900936
2026-02-28 12:00:00+00:00,876615.9104900936
2026-02-28 16:00:00+00:00,876615.9104900936
2026-02-28 20:00:00+00:00,876615.9104900936
2026-03-01 00:00:00+00:00,876615.9104900936
2026-03-01 04:00:00+00:00,876615.9104900936
2026-03-01 08:00:00+00:00,876615.9104900936
2026-03-01 12:00:00+00:00,876615.9104900936
2026-03-01 16:00:00+00:00,876615.9104900936
2026-03-01 20:00:00+00:00,876615.9104900936
2026-03-02 00:00:00+00:00,876615.9104900936
2026-03-02 04:00:00+00:00,876615.9104900936
2026-03-02 08:00:00+00:00,876615.9104900936
2026-03-02 12:00:00+00:00,876615.9104900936
2026-03-02 16:00:00+00:00,876615.9104900936
2026-03-02 20:00:00+00:00,876615.9104900936
2026-03-03 00:00:00+00:00,876615.9104900936
2026-03-03 04:00:00+00:00,876615.9104900936
2026-03-03 08:00:00+00:00,876615.9104900936
2026-03-03 12:00:00+00:00,876615.9104900936
2026-03-03 16:00:00+00:00,876615.9104900936
2026-03-03 20:00:00+00:00,876615.9104900936
2026-03-04 00:00:00+00:00,876615.9104900936
2026-03-04 04:00:00+00:00,876615.9104900936
2026-03-04 08:00:00+00:00,876615.9104900936
2026-03-04 12:00:00+00:00,876615.9104900936
2026-03-04 16:00:00+00:00,876615.9104900936
2026-03-04 20:00:00+00:00,876615.9104900936
2026-03-05 00:00:00+00:00,876615.9104900936
2026-03-05 04:00:00+00:00,876615.9104900936
2026-03-05 08:00:00+00:00,876615.9104900936
2026-03-05 12:00:00+00:00,876615.9104900936
2026-03-05 16:00:00+00:00,876615.9104900936
2026-03-05 20:00:00+00:00,876615.9104900936
2026-03-06 00:00:00+00:00,876615.9104900936
2026-03-06 04:00:00+00:00,876615.9104900936
2026-03-06 08:00:00+00:00,876615.9104900936
2026-03-06 12:00:00+00:00,876615.9104900936
2026-03-06 16:00:00+00:00,876615.9104900936
2026-03-06 20:00:00+00:00,876615.9104900936
2026-03-07 00:00:00+00:00,876615.9104900936
2026-03-07 04:00:00+00:00,876615.9104900936
2026-03-07 08:00:00+00:00,876615.9104900936
2026-03-07 12:00:00+00:00,876615.9104900936
2026-03-07 16:00:00+00:00,876615.9104900936
2026-03-07 20:00:00+00:00,876615.9104900936
2026-03-08 00:00:00+00:00,876615.9104900936
2026-03-08 04:00:00+00:00,876615.9104900936
2026-03-08 08:00:00+00:00,876615.9104900936
2026-03-08 12:00:00+00:00,876615.9104900936
2026-03-08 16:00:00+00:00,876615.9104900936
2026-03-08 20:00:00+00:00,876615.9104900936
2026-03-09 00:00:00+00:00,876615.9104900936
2026-03-09 04:00:00+00:00,876615.9104900936
2026-03-09 08:00:00+00:00,876615.9104900936
2026-03-09 12:00:00+00:00,876615.9104900936
2026-03-09 16:00:00+00:00,876615.9104900936
2026-03-09 20:00:00+00:00,876615.9104900936
2026-03-10 00:00:00+00:00,876615.9104900936
2026-03-10 04:00:00+00:00,876615.9104900936
2026-03-10 08:00:00+00:00,876615.9104900936
2026-03-10 12:00:00+00:00,876615.9104900936
2026-03-10 16:00:00+00:00,876615.9104900936
2026-03-10 20:00:00+00:00,876615.9104900936
2026-03-11 00:00:00+00:00,876615.9104900936
2026-03-11 04:00:00+00:00,876615.9104900936
2026-03-11 08:00:00+00:00,876615.9104900936
2026-03-11 12:00:00+00:00,876615.9104900936
2026-03-11 16:00:00+00:00,876615.9104900936
2026-03-11 20:00:00+00:00,876615.9104900936
2026-03-12 00:00:00+00:00,876615.9104900936
2026-03-12 04:00:00+00:00,876615.9104900936
2026-03-12 08:00:00+00:00,876615.9104900936
2026-03-12 12:00:00+00:00,876615.9104900936
2026-03-12 16:00:00+00:00,876615.9104900936
2026-03-12 20:00:00+00:00,876615.9104900936
2026-03-13 00:00:00+00:00,876615.9104900936
2026-03-13 04:00:00+00:00,876615.9104900936
2026-03-13 08:00:00+00:00,876615.9104900936
2026-03-13 12:00:00+00:00,876615.9104900936
2026-03-13 16:00:00+00:00,876615.9104900936
2026-03-13 20:00:00+00:00,876615.9104900936
2026-03-14 00:00:00+00:00,876615.9104900936
2026-03-14 04:00:00+00:00,876615.9104900936
2026-03-14 08:00:00+00:00,876615.9104900936
2026-03-14 12:00:00+00:00,876615.9104900936
2026-03-14 16:00:00+00:00,876615.9104900936
2026-03-14 20:00:00+00:00,876615.9104900936
2026-03-15 00:00:00+00:00,876615.9104900936
2026-03-15 04:00:00+00:00,876615.9104900936
2026-03-15 08:00:00+00:00,876615.9104900936
2026-03-15 12:00:00+00:00,866539.1399486478
2026-03-15 16:00:00+00:00,866576.3364485047
2026-03-15 20:00:00+00:00,878063.1630617369
2026-03-16 00:00:00+00:00,896830.3839888775
2026-03-16 04:00:00+00:00,893943.9116342037
2026-03-16 08:00:00+00:00,896066.6285327369
2026-03-16 12:00:00+00:00,888967.7602466891
2026-03-16 16:00:00+00:00,906624.3854402961
2026-03-16 20:00:00+00:00,930447.7503086723
2026-03-17 00:00:00+00:00,916358.7279446187
2026-03-17 04:00:00+00:00,911010.9322250844
2026-03-17 08:00:00+00:00,905970.1981729609
2026-03-17 12:00:00+00:00,903180.5813727758
2026-03-17 16:00:00+00:00,916878.5975058128
2026-03-17 20:00:00+00:00,902959.2957463086
2026-03-18 00:00:00+00:00,915805.5277645806
2026-03-18 04:00:00+00:00,902063.4598645656
2026-03-18 08:00:00+00:00,879998.9543078516
2026-03-18 12:00:00+00:00,867706.0526212563
2026-03-18 16:00:00+00:00,867419.0631398248
2026-03-18 20:00:00+00:00,867419.0631398248
2026-03-19 00:00:00+00:00,867419.0631398248
2026-03-19 04:00:00+00:00,867419.0631398248
2026-03-19 08:00:00+00:00,867419.0631398248
2026-03-19 12:00:00+00:00,867419.0631398248
2026-03-19 16:00:00+00:00,867419.0631398248
2026-03-19 20:00:00+00:00,867419.0631398248
2026-03-20 00:00:00+00:00,867419.0631398248
2026-03-20 04:00:00+00:00,867419.0631398248
2026-03-20 08:00:00+00:00,867419.0631398248
2026-03-20 12:00:00+00:00,867419.0631398248
2026-03-20 16:00:00+00:00,867419.0631398248
2026-03-20 20:00:00+00:00,867419.0631398248
2026-03-21 00:00:00+00:00,867419.0631398248
2026-03-21 04:00:00+00:00,867419.0631398248
2026-03-21 08:00:00+00:00,867419.0631398248
2026-03-21 12:00:00+00:00,867419.0631398248
2026-03-21 16:00:00+00:00,867419.0631398248
2026-03-21 20:00:00+00:00,867419.0631398248
2026-03-22 00:00:00+00:00,867419.0631398248
2026-03-22 04:00:00+00:00,867419.0631398248
2026-03-22 08:00:00+00:00,867419.0631398248
2026-03-22 12:00:00+00:00,867419.0631398248
2026-03-22 16:00:00+00:00,867419.0631398248
2026-03-22 20:00:00+00:00,867419.0631398248
2026-03-23 00:00:00+00:00,867419.0631398248
2026-03-23 04:00:00+00:00,867419.0631398248
2026-03-23 08:00:00+00:00,867419.0631398248
2026-03-23 12:00:00+00:00,867419.0631398248
2026-03-23 16:00:00+00:00,867419.0631398248
2026-03-23 20:00:00+00:00,867419.0631398248
2026-03-24 00:00:00+00:00,867419.0631398248
2026-03-24 04:00:00+00:00,867419.0631398248
2026-03-24 08:00:00+00:00,867419.0631398248
2026-03-24 12:00:00+00:00,867419.0631398248
2026-03-24 16:00:00+00:00,867419.0631398248
2026-03-24 20:00:00+00:00,867419.0631398248
2026-03-25 00:00:00+00:00,867419.0631398248
2026-03-25 04:00:00+00:00,867419.0631398248
2026-03-25 08:00:00+00:00,867419.0631398248
2026-03-25 12:00:00+00:00,867419.0631398248
2026-03-25 16:00:00+00:00,867419.0631398248
2026-03-25 20:00:00+00:00,867419.0631398248
2026-03-26 00:00:00+00:00,867419.0631398248
2026-03-26 04:00:00+00:00,867419.0631398248
2026-03-26 08:00:00+00:00,867419.0631398248
2026-03-26 12:00:00+00:00,867419.0631398248
2026-03-26 16:00:00+00:00,867419.0631398248
2026-03-26 20:00:00+00:00,867419.0631398248
2026-03-27 00:00:00+00:00,867419.0631398248
2026-03-27 04:00:00+00:00,867419.0631398248
2026-03-27 08:00:00+00:00,867419.0631398248
2026-03-27 12:00:00+00:00,867419.0631398248
2026-03-27 16:00:00+00:00,867419.0631398248
2026-03-27 20:00:00+00:00,867419.0631398248
2026-03-28 00:00:00+00:00,867419.0631398248
2026-03-28 04:00:00+00:00,867419.0631398248
2026-03-28 08:00:00+00:00,867419.0631398248
2026-03-28 12:00:00+00:00,867419.0631398248
2026-03-28 16:00:00+00:00,867419.0631398248
2026-03-28 20:00:00+00:00,867419.0631398248
2026-03-29 00:00:00+00:00,867419.0631398248
2026-03-29 04:00:00+00:00,867419.0631398248
2026-03-29 08:00:00+00:00,867419.0631398248
2026-03-29 12:00:00+00:00,867419.0631398248
2026-03-29 16:00:00+00:00,867419.0631398248
2026-03-29 20:00:00+00:00,867419.0631398248
2026-03-30 00:00:00+00:00,867419.0631398248
2026-03-30 04:00:00+00:00,867419.0631398248
2026-03-30 08:00:00+00:00,867419.0631398248
2026-03-30 12:00:00+00:00,867419.0631398248
2026-03-30 16:00:00+00:00,867419.0631398248
2026-03-30 20:00:00+00:00,867419.0631398248
2026-03-31 00:00:00+00:00,867419.0631398248
2026-03-31 04:00:00+00:00,867419.0631398248
2026-03-31 08:00:00+00:00,867419.0631398248
2026-03-31 12:00:00+00:00,867419.0631398248
2026-03-31 16:00:00+00:00,867419.0631398248
2026-03-31 20:00:00+00:00,867419.0631398248
2026-04-01 00:00:00+00:00,867419.0631398248
2026-04-01 04:00:00+00:00,867419.0631398248
2026-04-01 08:00:00+00:00,867419.0631398248
2026-04-01 12:00:00+00:00,867419.0631398248
2026-04-01 16:00:00+00:00,867419.0631398248
2026-04-01 20:00:00+00:00,867419.0631398248
2026-04-02 00:00:00+00:00,867419.0631398248
2026-04-02 04:00:00+00:00,867419.0631398248
2026-04-02 08:00:00+00:00,867419.0631398248
2026-04-02 12:00:00+00:00,867419.0631398248
2026-04-02 16:00:00+00:00,867419.0631398248
2026-04-02 20:00:00+00:00,867419.0631398248
2026-04-03 00:00:00+00:00,867419.0631398248
2026-04-03 04:00:00+00:00,867419.0631398248
2026-04-03 08:00:00+00:00,867419.0631398248
2026-04-03 12:00:00+00:00,867419.0631398248
2026-04-03 16:00:00+00:00,867419.0631398248
2026-04-03 20:00:00+00:00,867419.0631398248
2026-04-04 00:00:00+00:00,867419.0631398248
2026-04-04 04:00:00+00:00,867419.0631398248
2026-04-04 08:00:00+00:00,867419.0631398248
2026-04-04 12:00:00+00:00,867419.0631398248
2026-04-04 16:00:00+00:00,867419.0631398248
2026-04-04 20:00:00+00:00,867419.0631398248
2026-04-05 00:00:00+00:00,867419.0631398248
2026-04-05 04:00:00+00:00,867419.0631398248
2026-04-05 08:00:00+00:00,867419.0631398248
2026-04-05 12:00:00+00:00,867419.0631398248
2026-04-05 16:00:00+00:00,867419.0631398248
2026-04-05 20:00:00+00:00,867419.0631398248
2026-04-06 00:00:00+00:00,867419.0631398248
2026-04-06 04:00:00+00:00,867419.0631398248
2026-04-06 08:00:00+00:00,867419.0631398248
2026-04-06 12:00:00+00:00,867419.0631398248
2026-04-06 16:00:00+00:00,867419.0631398248
2026-04-06 20:00:00+00:00,867419.0631398248
2026-04-07 00:00:00+00:00,867419.0631398248
2026-04-07 04:00:00+00:00,867419.0631398248
2026-04-07 08:00:00+00:00,867419.0631398248
2026-04-07 12:00:00+00:00,867419.0631398248
2026-04-07 16:00:00+00:00,867419.0631398248
2026-04-07 20:00:00+00:00,867419.0631398248
2026-04-08 00:00:00+00:00,867419.0631398248
2026-04-08 04:00:00+00:00,867419.0631398248
2026-04-08 08:00:00+00:00,867460.04048579
2026-04-08 12:00:00+00:00,854892.6475233524
2026-04-08 16:00:00+00:00,855068.9185920192
2026-04-08 20:00:00+00:00,846945.8000328878
2026-04-09 00:00:00+00:00,844414.0587236073
2026-04-09 04:00:00+00:00,843881.0081999865
2026-04-09 08:00:00+00:00,849182.4991719787
2026-04-09 12:00:00+00:00,882140.7290407548
2026-04-09 16:00:00+00:00,880426.7461379779
2026-04-09 20:00:00+00:00,870104.9862866801
2026-04-10 00:00:00+00:00,873009.0736918565
2026-04-10 04:00:00+00:00,860370.7071856434
2026-04-10 08:00:00+00:00,881335.8511396971
2026-04-10 12:00:00+00:00,892433.7275519486
2026-04-10 16:00:00+00:00,918599.0351992806
2026-04-10 20:00:00+00:00,909231.7876090874
2026-04-11 00:00:00+00:00,906575.7643463733
2026-04-11 04:00:00+00:00,902008.562164705
2026-04-11 08:00:00+00:00,907849.3430238387
2026-04-11 12:00:00+00:00,906039.030904456
2026-04-11 16:00:00+00:00,935290.3726935324
2026-04-11 20:00:00+00:00,912719.0944197157
2026-04-12 00:00:00+00:00,869878.3257646828
2026-04-12 04:00:00+00:00,869788.1887194258
2026-04-12 08:00:00+00:00,868009.4455047655
2026-04-12 12:00:00+00:00,862600.3040059734
2026-04-12 16:00:00+00:00,862268.5883043896
2026-04-12 20:00:00+00:00,862268.5883043896
2026-04-13 00:00:00+00:00,862268.5883043896
2026-04-13 04:00:00+00:00,862268.5883043896
2026-04-13 08:00:00+00:00,862268.5883043896
2026-04-13 12:00:00+00:00,862268.5883043896
2026-04-13 16:00:00+00:00,876474.969786941
2026-04-13 20:00:00+00:00,906543.7255411169
2026-04-14 00:00:00+00:00,907336.03835834
2026-04-14 04:00:00+00:00,910281.2808034321
2026-04-14 08:00:00+00:00,905400.1272867483
2026-04-14 12:00:00+00:00,931432.8590491313
2026-04-14 16:00:00+00:00,900350.1130998463
2026-04-14 20:00:00+00:00,898402.1712774013
2026-04-15 00:00:00+00:00,903911.3419049504
2026-04-15 04:00:00+00:00,887288.5946321253
2026-04-15 08:00:00+00:00,899901.8589703442
2026-04-15 12:00:00+00:00,889881.1802056689
2026-04-15 16:00:00+00:00,922335.831250928
2026-04-15 20:00:00+00:00,917176.0225672141
2026-04-16 00:00:00+00:00,919392.4403354797
2026-04-16 04:00:00+00:00,914168.0787013335
2026-04-16 08:00:00+00:00,910289.9212471058
2026-04-16 12:00:00+00:00,913987.4038056505
2026-04-16 16:00:00+00:00,932405.9707265311
2026-04-16 20:00:00+00:00,926613.8073235125
2026-04-17 00:00:00+00:00,911615.4458519492
2026-04-17 04:00:00+00:00,924728.3142511017
2026-04-17 08:00:00+00:00,938747.344458594
2026-04-17 12:00:00+00:00,1001703.9381295161
2026-04-17 16:00:00+00:00,987703.9499744825
2026-04-17 20:00:00+00:00,976264.5422006112
2026-04-18 00:00:00+00:00,974121.480725322
2026-04-18 04:00:00+00:00,973647.5601181468
2026-04-18 08:00:00+00:00,940036.4591382906
2026-04-18 12:00:00+00:00,943030.2625502279
2026-04-18 16:00:00+00:00,929122.1486586478
2026-04-18 20:00:00+00:00,930445.5614072498
2026-04-19 00:00:00+00:00,925787.3937824972
2026-04-19 04:00:00+00:00,918665.9541166412
2026-04-19 08:00:00+00:00,917668.6804012484
2026-04-19 12:00:00+00:00,917668.6804012484
2026-04-19 16:00:00+00:00,890999.9336092294
2026-04-19 20:00:00+00:00,889929.9085210363
2026-04-20 00:00:00+00:00,889929.9085210363
2026-04-20 04:00:00+00:00,889929.9085210363
2026-04-20 08:00:00+00:00,889929.9085210363
2026-04-20 12:00:00+00:00,889929.9085210363
2026-04-20 16:00:00+00:00,894987.4463271257
2026-04-20 20:00:00+00:00,890731.7657369975
2026-04-21 00:00:00+00:00,889672.116196296
2026-04-21 04:00:00+00:00,893183.762167896
2026-04-21 08:00:00+00:00,896524.2693032359
2026-04-21 12:00:00+00:00,890926.7053884384
2026-04-21 16:00:00+00:00,883479.0684023355
2026-04-21 20:00:00+00:00,883132.6869639605
2026-04-22 00:00:00+00:00,883132.6869639605
2026-04-22 04:00:00+00:00,883132.6869639605
2026-04-22 08:00:00+00:00,883132.6869639605
2026-04-22 12:00:00+00:00,883132.6869639605
2026-04-22 16:00:00+00:00,883132.6869639605
2026-04-22 20:00:00+00:00,883132.6869639605
2026-04-23 00:00:00+00:00,883132.6869639605
2026-04-23 04:00:00+00:00,883132.6869639605
2026-04-23 08:00:00+00:00,883132.6869639605
2026-04-23 12:00:00+00:00,883132.6869639605
2026-04-23 16:00:00+00:00,883132.6869639605
2026-04-23 20:00:00+00:00,883132.6869639605
2026-04-24 00:00:00+00:00,883132.6869639605
2026-04-24 04:00:00+00:00,883132.6869639605
2026-04-24 08:00:00+00:00,883132.6869639605
2026-04-24 12:00:00+00:00,883132.6869639605
2026-04-24 16:00:00+00:00,883132.6869639605
2026-04-24 20:00:00+00:00,883132.6869639605
2026-04-25 00:00:00+00:00,883132.6869639605
2026-04-25 04:00:00+00:00,883132.6869639605
2026-04-25 08:00:00+00:00,883132.6869639605
2026-04-25 12:00:00+00:00,883132.6869639605
2026-04-25 16:00:00+00:00,883132.6869639605
2026-04-25 20:00:00+00:00,883132.6869639605
2026-04-26 00:00:00+00:00,883132.6869639605
2026-04-26 04:00:00+00:00,883132.6869639605
2026-04-26 08:00:00+00:00,883132.6869639605
2026-04-26 12:00:00+00:00,883132.6869639605
2026-04-26 16:00:00+00:00,883132.6869639605
2026-04-26 20:00:00+00:00,883132.6869639605
2026-04-27 00:00:00+00:00,883132.6869639605
2026-04-27 04:00:00+00:00,883132.6869639605
2026-04-27 08:00:00+00:00,883132.6869639605
2026-04-27 12:00:00+00:00,883132.6869639605
2026-04-27 16:00:00+00:00,883132.6869639605
2026-04-27 20:00:00+00:00,883132.6869639605
2026-04-28 00:00:00+00:00,883132.6869639605
2026-04-28 04:00:00+00:00,883132.6869639605
2026-04-28 08:00:00+00:00,883132.6869639605
2026-04-28 12:00:00+00:00,883132.6869639605
2026-04-28 16:00:00+00:00,883132.6869639605
2026-04-28 20:00:00+00:00,883132.6869639605
2026-04-29 00:00:00+00:00,883132.6869639605
2026-04-29 04:00:00+00:00,883132.6869639605
2026-04-29 08:00:00+00:00,883132.6869639605
2026-04-29 12:00:00+00:00,883132.6869639605
2026-04-29 16:00:00+00:00,883132.6869639605
2026-04-29 20:00:00+00:00,883132.6869639605
2026-04-30 00:00:00+00:00,883132.6869639605
2026-04-30 04:00:00+00:00,883132.6869639605
2026-04-30 08:00:00+00:00,883132.6869639605
2026-04-30 12:00:00+00:00,883132.6869639605
2026-04-30 16:00:00+00:00,883132.6869639605
2026-04-30 20:00:00+00:00,883132.6869639605
2026-05-01 00:00:00+00:00,883132.6869639605
2026-05-01 04:00:00+00:00,883132.6869639605
2026-05-01 08:00:00+00:00,883132.6869639605
2026-05-01 12:00:00+00:00,883132.6869639605
2026-05-01 16:00:00+00:00,883132.6869639605
2026-05-01 20:00:00+00:00,883132.6869639605
2026-05-02 00:00:00+00:00,883132.6869639605
2026-05-02 04:00:00+00:00,883132.6869639605
2026-05-02 08:00:00+00:00,883132.6869639605
2026-05-02 12:00:00+00:00,883132.6869639605
2026-05-02 16:00:00+00:00,883132.6869639605
2026-05-02 20:00:00+00:00,883132.6869639605
2026-05-03 00:00:00+00:00,883132.6869639605
2026-05-03 04:00:00+00:00,883132.6869639605
2026-05-03 08:00:00+00:00,883132.6869639605
2026-05-03 12:00:00+00:00,883132.6869639605
2026-05-03 16:00:00+00:00,883132.6869639605
2026-05-03 20:00:00+00:00,883132.6869639605
2026-05-04 00:00:00+00:00,906066.1853651254
2026-05-04 04:00:00+00:00,875987.2696940616
2026-05-04 08:00:00+00:00,845295.5834114666
2026-05-04 12:00:00+00:00,884946.1308649009
2026-05-04 16:00:00+00:00,886424.0695101138
2026-05-04 20:00:00+00:00,879990.6193488534
2026-05-05 00:00:00+00:00,913652.8339099162
2026-05-05 04:00:00+00:00,912838.2606247013
2026-05-05 08:00:00+00:00,917541.6075062744
2026-05-05 12:00:00+00:00,932660.9207927248
2026-05-05 16:00:00+00:00,934805.3037007351
2026-05-05 20:00:00+00:00,914268.0226720922
2026-05-06 00:00:00+00:00,934201.4481658383
2026-05-06 04:00:00+00:00,928195.514858371
2026-05-06 08:00:00+00:00,962361.3556504685
2026-05-06 12:00:00+00:00,937336.8781457301
2026-05-06 16:00:00+00:00,930302.9640149776
2026-05-06 20:00:00+00:00,929522.4776860538
2026-05-07 00:00:00+00:00,912146.8701554905
2026-05-07 04:00:00+00:00,932090.8044143481
2026-05-07 08:00:00+00:00,912897.4312468059
2026-05-07 12:00:00+00:00,884660.2028570841
2026-05-07 16:00:00+00:00,886213.6026427691
2026-05-07 20:00:00+00:00,884943.4620776384
2026-05-08 00:00:00+00:00,880919.5055100082
2026-05-08 04:00:00+00:00,880541.2915787117
2026-05-08 08:00:00+00:00,880541.2915787117
2026-05-08 12:00:00+00:00,879519.9945326603
2026-05-08 16:00:00+00:00,879816.1115806093
2026-05-08 20:00:00+00:00,879890.5476565248
2026-05-09 00:00:00+00:00,881715.9454572246
2026-05-09 04:00:00+00:00,880139.2824382817
2026-05-09 08:00:00+00:00,881446.7074218364
2026-05-09 12:00:00+00:00,883212.0198505467
2026-05-09 16:00:00+00:00,887236.6168730775
2026-05-09 20:00:00+00:00,884629.745976324
2026-05-10 00:00:00+00:00,885631.8296740026
2026-05-10 04:00:00+00:00,885243.0547401373
2026-05-10 08:00:00+00:00,886060.9781810524
2026-05-10 12:00:00+00:00,892004.0928474315
2026-05-10 16:00:00+00:00,891314.2719247183
2026-05-10 20:00:00+00:00,920880.8935089262
2026-05-11 00:00:00+00:00,863095.233231124
2026-05-11 04:00:00+00:00,861751.9902387
2026-05-11 08:00:00+00:00,862985.4330294102
2026-05-11 12:00:00+00:00,865290.2756917346
2026-05-11 16:00:00+00:00,871012.791822981
2026-05-11 20:00:00+00:00,868565.9224942139
2026-05-12 00:00:00+00:00,861038.9200922688
2026-05-12 04:00:00+00:00,858581.1981189171
2026-05-12 08:00:00+00:00,857800.218281418
2026-05-12 12:00:00+00:00,857347.4661783742
2026-05-12 16:00:00+00:00,857347.4661783742
2026-05-12 20:00:00+00:00,857347.4661783742
2026-05-13 00:00:00+00:00,857347.4661783742
2026-05-13 04:00:00+00:00,857347.4661783742
2026-05-13 08:00:00+00:00,857347.4661783742
2026-05-13 12:00:00+00:00,857347.4661783742
2026-05-13 16:00:00+00:00,857347.4661783742
2026-05-13 20:00:00+00:00,857347.4661783742
2026-05-14 00:00:00+00:00,857347.4661783742
2026-05-14 04:00:00+00:00,857347.4661783742
2026-05-14 08:00:00+00:00,857347.4661783742
2026-05-14 12:00:00+00:00,857347.4661783742
2026-05-14 16:00:00+00:00,857347.4661783742
2026-05-14 20:00:00+00:00,847131.8085144714
2026-05-15 00:00:00+00:00,846499.8428374471
2026-05-15 04:00:00+00:00,839842.7435061533
2026-05-15 08:00:00+00:00,838727.4155262428
2026-05-15 12:00:00+00:00,838727.4155262428
2026-05-15 16:00:00+00:00,838727.4155262428
2026-05-15 20:00:00+00:00,838727.4155262428
2026-05-16 00:00:00+00:00,838727.4155262428
2026-05-16 04:00:00+00:00,838727.4155262428
2026-05-16 08:00:00+00:00,838727.4155262428
2026-05-16 12:00:00+00:00,838727.4155262428
2026-05-16 16:00:00+00:00,838727.4155262428
2026-05-16 20:00:00+00:00,838727.4155262428
2026-05-17 00:00:00+00:00,838727.4155262428
2026-05-17 04:00:00+00:00,838727.4155262428
2026-05-17 08:00:00+00:00,838727.4155262428
2026-05-17 12:00:00+00:00,838727.4155262428
2026-05-17 16:00:00+00:00,838727.4155262428
2026-05-17 20:00:00+00:00,838727.4155262428
2026-05-18 00:00:00+00:00,838727.4155262428
2026-05-18 04:00:00+00:00,838727.4155262428
2026-05-18 08:00:00+00:00,838727.4155262428
2026-05-18 12:00:00+00:00,838727.4155262428
2026-05-18 16:00:00+00:00,838727.4155262428
2026-05-18 20:00:00+00:00,838727.4155262428
2026-05-19 00:00:00+00:00,838727.4155262428
2026-05-19 04:00:00+00:00,838727.4155262428
2026-05-19 08:00:00+00:00,838727.4155262428
2026-05-19 12:00:00+00:00,838727.4155262428
2026-05-19 16:00:00+00:00,838727.4155262428
2026-05-19 20:00:00+00:00,838727.4155262428
2026-05-20 00:00:00+00:00,838727.4155262428
2026-05-20 04:00:00+00:00,838727.4155262428
2026-05-20 08:00:00+00:00,838727.4155262428
2026-05-20 12:00:00+00:00,838727.4155262428
2026-05-20 16:00:00+00:00,838727.4155262428
2026-05-20 20:00:00+00:00,838727.4155262428
2026-05-21 00:00:00+00:00,838727.4155262428
2026-05-21 04:00:00+00:00,838727.4155262428
2026-05-21 08:00:00+00:00,838727.4155262428
2026-05-21 12:00:00+00:00,838727.4155262428
2026-05-21 16:00:00+00:00,838727.4155262428
2026-05-21 20:00:00+00:00,838727.4155262428
2026-05-22 00:00:00+00:00,838727.4155262428
2026-05-22 04:00:00+00:00,838727.4155262428
2026-05-22 08:00:00+00:00,838727.4155262428
2026-05-22 12:00:00+00:00,838727.4155262428
2026-05-22 16:00:00+00:00,838727.4155262428
2026-05-22 20:00:00+00:00,838727.4155262428
2026-05-23 00:00:00+00:00,838727.4155262428
2026-05-23 04:00:00+00:00,838727.4155262428
2026-05-23 08:00:00+00:00,838727.4155262428
2026-05-23 12:00:00+00:00,838727.4155262428
2026-05-23 16:00:00+00:00,838727.4155262428
2026-05-23 20:00:00+00:00,838727.4155262428
2026-05-24 00:00:00+00:00,838727.4155262428
2026-05-24 04:00:00+00:00,838727.4155262428
2026-05-24 08:00:00+00:00,838727.4155262428
2026-05-24 12:00:00+00:00,838727.4155262428
2026-05-24 16:00:00+00:00,838727.4155262428
2026-05-24 20:00:00+00:00,838727.4155262428
2026-05-25 00:00:00+00:00,838727.4155262428
2026-05-25 04:00:00+00:00,838727.4155262428
2026-05-25 08:00:00+00:00,838727.4155262428
2026-05-25 12:00:00+00:00,838727.4155262428
2026-05-25 16:00:00+00:00,838727.4155262428
2026-05-25 20:00:00+00:00,838727.4155262428
2026-05-26 00:00:00+00:00,838727.4155262428
2026-05-26 04:00:00+00:00,838727.4155262428
2026-05-26 08:00:00+00:00,838727.4155262428
2026-05-26 12:00:00+00:00,838727.4155262428
2026-05-26 16:00:00+00:00,838727.4155262428
2026-05-26 20:00:00+00:00,838727.4155262428
2026-05-27 00:00:00+00:00,838727.4155262428
2026-05-27 04:00:00+00:00,838727.4155262428
2026-05-27 08:00:00+00:00,838727.4155262428
2026-05-27 12:00:00+00:00,838727.4155262428
2026-05-27 16:00:00+00:00,838727.4155262428
2026-05-27 20:00:00+00:00,838727.4155262428
2026-05-28 00:00:00+00:00,838727.4155262428
2026-05-28 04:00:00+00:00,839801.837420932
2026-05-28 08:00:00+00:00,839845.6924355738
2026-05-28 12:00:00+00:00,836824.6268515845
2026-05-28 16:00:00+00:00,839372.840870367
2026-05-28 20:00:00+00:00,840404.2704860545
2026-05-29 00:00:00+00:00,840212.7766743145
2026-05-29 04:00:00+00:00,840212.7766743145
2026-05-29 08:00:00+00:00,840212.7766743145
2026-05-29 12:00:00+00:00,840212.7766743145
2026-05-29 16:00:00+00:00,840212.7766743145
2026-05-29 20:00:00+00:00,840212.7766743145
2026-05-30 00:00:00+00:00,840212.7766743145
2026-05-30 04:00:00+00:00,840212.7766743145
2026-05-30 08:00:00+00:00,840212.7766743145
2026-05-30 12:00:00+00:00,840212.7766743145
2026-05-30 16:00:00+00:00,840212.7766743145
2026-05-30 20:00:00+00:00,840212.7766743145
2026-05-31 00:00:00+00:00,840212.7766743145
2026-05-31 04:00:00+00:00,840212.7766743145
2026-05-31 08:00:00+00:00,840212.7766743145
2026-05-31 12:00:00+00:00,840212.7766743145
2026-05-31 16:00:00+00:00,840212.7766743145
2026-05-31 20:00:00+00:00,840212.7766743145
2026-06-01 00:00:00+00:00,840212.7766743145
2026-06-01 04:00:00+00:00,840212.7766743145
2026-06-01 08:00:00+00:00,840212.7766743145
2026-06-01 12:00:00+00:00,840212.7766743145
2026-06-01 16:00:00+00:00,840212.7766743145
2026-06-01 20:00:00+00:00,840212.7766743145
2026-06-02 00:00:00+00:00,840212.7766743145
2026-06-02 04:00:00+00:00,840212.7766743145
2026-06-02 08:00:00+00:00,840212.7766743145
2026-06-02 12:00:00+00:00,840212.7766743145
2026-06-02 16:00:00+00:00,840212.7766743145
2026-06-02 20:00:00+00:00,840212.7766743145
2026-06-03 00:00:00+00:00,840212.7766743145
2026-06-03 04:00:00+00:00,840212.7766743145
2026-06-03 08:00:00+00:00,840212.7766743145
2026-06-03 12:00:00+00:00,840212.7766743145
2026-06-03 16:00:00+00:00,840212.7766743145
2026-06-03 20:00:00+00:00,840212.7766743145
2026-06-04 00:00:00+00:00,840212.7766743145
2026-06-04 04:00:00+00:00,840212.7766743145
2026-06-04 08:00:00+00:00,840212.7766743145
2026-06-04 12:00:00+00:00,840212.7766743145
2026-06-04 16:00:00+00:00,840212.7766743145
2026-06-04 20:00:00+00:00,840212.7766743145
2026-06-05 00:00:00+00:00,840212.7766743145
2026-06-05 04:00:00+00:00,840212.7766743145
2026-06-05 08:00:00+00:00,840212.7766743145
2026-06-05 12:00:00+00:00,840212.7766743145
2026-06-05 16:00:00+00:00,840212.7766743145
2026-06-05 20:00:00+00:00,840212.7766743145
2026-06-06 00:00:00+00:00,840212.7766743145
2026-06-06 04:00:00+00:00,840212.7766743145
2026-06-06 08:00:00+00:00,840212.7766743145
2026-06-06 12:00:00+00:00,840212.7766743145
2026-06-06 16:00:00+00:00,840212.7766743145
2026-06-06 20:00:00+00:00,840212.7766743145
2026-06-07 00:00:00+00:00,840212.7766743145
2026-06-07 04:00:00+00:00,840212.7766743145
2026-06-07 08:00:00+00:00,840212.7766743145
2026-06-07 12:00:00+00:00,840212.7766743145
2026-06-07 16:00:00+00:00,840212.7766743145
2026-06-07 20:00:00+00:00,840212.7766743145
2026-06-08 00:00:00+00:00,840212.7766743145
2026-06-08 04:00:00+00:00,840212.7766743145
2026-06-08 08:00:00+00:00,840212.7766743145
2026-06-08 12:00:00+00:00,840212.7766743145
2026-06-08 16:00:00+00:00,840212.7766743145
2026-06-08 20:00:00+00:00,840212.7766743145
2026-06-09 00:00:00+00:00,840212.7766743145
2026-06-09 04:00:00+00:00,840212.7766743145
2026-06-09 08:00:00+00:00,840212.7766743145
2026-06-09 12:00:00+00:00,840212.7766743145
2026-06-09 16:00:00+00:00,840212.7766743145
2026-06-09 20:00:00+00:00,840212.7766743145
2026-06-10 00:00:00+00:00,840212.7766743145
2026-06-10 04:00:00+00:00,840212.7766743145
2026-06-10 08:00:00+00:00,840212.7766743145
2026-06-10 12:00:00+00:00,840212.7766743145
2026-06-10 16:00:00+00:00,840212.7766743145
2026-06-10 20:00:00+00:00,840212.7766743145
2026-06-11 00:00:00+00:00,840212.7766743145
2026-06-11 04:00:00+00:00,840212.7766743145
2026-06-11 08:00:00+00:00,840212.7766743145
2026-06-11 12:00:00+00:00,840212.7766743145
2026-06-11 16:00:00+00:00,840212.7766743145
2026-06-11 20:00:00+00:00,840212.7766743145
2026-06-12 00:00:00+00:00,840212.7766743145
2026-06-12 04:00:00+00:00,840212.7766743145
2026-06-12 08:00:00+00:00,840212.7766743145
2026-06-12 12:00:00+00:00,840212.7766743145
2026-06-12 16:00:00+00:00,840212.7766743145
2026-06-12 20:00:00+00:00,840212.7766743145
2026-06-13 00:00:00+00:00,840212.7766743145
2026-06-13 04:00:00+00:00,840212.7766743145
2026-06-13 08:00:00+00:00,840212.7766743145
2026-06-13 12:00:00+00:00,840212.7766743145
2026-06-13 16:00:00+00:00,840212.7766743145
2026-06-13 20:00:00+00:00,840212.7766743145
2026-06-14 00:00:00+00:00,840212.7766743145
2026-06-14 04:00:00+00:00,840212.7766743145
2026-06-14 08:00:00+00:00,840212.7766743145
2026-06-14 12:00:00+00:00,840212.7766743145
2026-06-14 16:00:00+00:00,840212.7766743145
2026-06-14 20:00:00+00:00,840212.7766743145
2026-06-15 00:00:00+00:00,840212.7766743145
2026-06-15 04:00:00+00:00,840212.7766743145
2026-06-15 08:00:00+00:00,840212.7766743145
2026-06-15 12:00:00+00:00,840212.7766743145
2026-06-15 16:00:00+00:00,840212.7766743145
2026-06-15 20:00:00+00:00,840212.7766743145
2026-06-16 00:00:00+00:00,840212.7766743145
2026-06-16 04:00:00+00:00,840212.7766743145
2026-06-16 08:00:00+00:00,840212.7766743145
2026-06-16 12:00:00+00:00,840212.7766743145
2026-06-16 16:00:00+00:00,840212.7766743145
2026-06-16 20:00:00+00:00,840212.7766743145
2026-06-17 00:00:00+00:00,840212.7766743145
2026-06-17 04:00:00+00:00,840212.7766743145
2026-06-17 08:00:00+00:00,840212.7766743145
2026-06-17 12:00:00+00:00,840212.7766743145
2026-06-17 16:00:00+00:00,840212.7766743145
2026-06-17 20:00:00+00:00,840212.7766743145
2026-06-18 00:00:00+00:00,840212.7766743145
2026-06-18 04:00:00+00:00,840212.7766743145
2026-06-18 08:00:00+00:00,840212.7766743145
2026-06-18 12:00:00+00:00,840212.7766743145
2026-06-18 16:00:00+00:00,840212.7766743145
2026-06-18 20:00:00+00:00,840212.7766743145
2026-06-19 00:00:00+00:00,840212.7766743145
2026-06-19 04:00:00+00:00,840212.7766743145
2026-06-19 08:00:00+00:00,840212.7766743145
2026-06-19 12:00:00+00:00,840212.7766743145
2026-06-19 16:00:00+00:00,840212.7766743145
2026-06-19 20:00:00+00:00,840212.7766743145
2026-06-20 00:00:00+00:00,840212.7766743145
2026-06-20 04:00:00+00:00,840212.7766743145
2026-06-20 08:00:00+00:00,840212.7766743145
2026-06-20 12:00:00+00:00,840212.7766743145
2026-06-20 16:00:00+00:00,840212.7766743145
2026-06-20 20:00:00+00:00,840212.7766743145
2026-06-21 00:00:00+00:00,840212.7766743145
2026-06-21 04:00:00+00:00,840212.7766743145
2026-06-21 08:00:00+00:00,840212.7766743145
2026-06-21 12:00:00+00:00,840212.7766743145
2026-06-21 16:00:00+00:00,840212.7766743145
2026-06-21 20:00:00+00:00,840212.7766743145
2026-06-22 00:00:00+00:00,840212.7766743145
2026-06-22 04:00:00+00:00,840212.7766743145
2026-06-22 08:00:00+00:00,840212.7766743145
2026-06-22 12:00:00+00:00,840212.7766743145
2026-06-22 16:00:00+00:00,840212.7766743145
2026-06-22 20:00:00+00:00,840212.7766743145
2026-06-23 00:00:00+00:00,840212.7766743145
2026-06-23 04:00:00+00:00,840212.7766743145
2026-06-23 08:00:00+00:00,840212.7766743145
2026-06-23 12:00:00+00:00,840212.7766743145
2026-06-23 16:00:00+00:00,840212.7766743145
2026-06-23 20:00:00+00:00,840212.7766743145
2026-06-24 00:00:00+00:00,840212.7766743145
2026-06-24 04:00:00+00:00,840212.7766743145
2026-06-24 08:00:00+00:00,840212.7766743145
2026-06-24 12:00:00+00:00,840212.7766743145
2026-06-24 16:00:00+00:00,839757.9442327939
2026-06-24 20:00:00+00:00,841184.5533539804
2026-06-25 00:00:00+00:00,840940.1653768842
2026-06-25 04:00:00+00:00,842228.9047569497
2026-06-25 08:00:00+00:00,841457.9328153246
2026-06-25 12:00:00+00:00,839322.0692099563
2026-06-25 16:00:00+00:00,839284.1751761931
2026-06-25 20:00:00+00:00,839284.1751761931
2026-06-26 00:00:00+00:00,839284.1751761931
2026-06-26 04:00:00+00:00,839284.1751761931
2026-06-26 08:00:00+00:00,839284.1751761931
2026-06-26 12:00:00+00:00,839284.1751761931
2026-06-26 16:00:00+00:00,839284.1751761931
2026-06-26 20:00:00+00:00,839284.1751761931
2026-06-27 00:00:00+00:00,839284.1751761931
2026-06-27 04:00:00+00:00,839284.1751761931
2026-06-27 08:00:00+00:00,839284.1751761931
2026-06-27 12:00:00+00:00,839284.1751761931
2026-06-27 16:00:00+00:00,839284.1751761931
2026-06-27 20:00:00+00:00,839284.1751761931
2026-06-28 00:00:00+00:00,839284.1751761931
2026-06-28 04:00:00+00:00,839284.1751761931
2026-06-28 08:00:00+00:00,839284.1751761931
2026-06-28 12:00:00+00:00,839284.1751761931
2026-06-28 16:00:00+00:00,839284.1751761931
2026-06-28 20:00:00+00:00,839284.1751761931
2026-06-29 00:00:00+00:00,839284.1751761931
2026-06-29 04:00:00+00:00,839284.1751761931
2026-06-29 08:00:00+00:00,839284.1751761931
2026-06-29 12:00:00+00:00,839284.1751761931
2026-06-29 16:00:00+00:00,839284.1751761931
2026-06-29 20:00:00+00:00,839284.1751761931
2026-06-30 00:00:00+00:00,839284.1751761931
2026-06-30 04:00:00+00:00,839284.1751761931
2026-06-30 08:00:00+00:00,839284.1751761931
2026-06-30 12:00:00+00:00,839284.1751761931
2026-06-30 16:00:00+00:00,839284.1751761931
2026-06-30 20:00:00+00:00,839284.1751761931
2026-07-01 00:00:00+00:00,839284.1751761931
2026-07-01 04:00:00+00:00,839284.1751761931
2026-07-01 08:00:00+00:00,839284.1751761931
2026-07-01 12:00:00+00:00,839284.1751761931
2026-07-01 16:00:00+00:00,839284.1751761931
2026-07-01 20:00:00+00:00,839284.1751761931
2026-07-02 00:00:00+00:00,839284.1751761931
2026-07-02 04:00:00+00:00,839284.1751761931
2026-07-02 08:00:00+00:00,839284.1751761931
2026-07-02 12:00:00+00:00,839284.1751761931
2026-07-02 16:00:00+00:00,839284.1751761931
2026-07-02 20:00:00+00:00,839284.1751761931
2026-07-03 00:00:00+00:00,839284.1751761931
2026-07-03 04:00:00+00:00,839284.1751761931
2026-07-03 08:00:00+00:00,839284.1751761931
2026-07-03 12:00:00+00:00,839284.1751761931
2026-07-03 16:00:00+00:00,839284.1751761931
2026-07-03 20:00:00+00:00,839284.1751761931
2026-07-04 00:00:00+00:00,839284.1751761931
2026-07-04 04:00:00+00:00,839284.1751761931
2026-07-04 08:00:00+00:00,839284.1751761931
2026-07-04 12:00:00+00:00,839284.1751761931
2026-07-04 16:00:00+00:00,839284.1751761931
2026-07-04 20:00:00+00:00,839284.1751761931
2026-07-05 00:00:00+00:00,839284.1751761931
2026-07-05 04:00:00+00:00,839284.1751761931
2026-07-05 08:00:00+00:00,839284.1751761931
2026-07-05 12:00:00+00:00,839284.1751761931
2026-07-05 16:00:00+00:00,839284.1751761931
2026-07-05 20:00:00+00:00,839284.1751761931
2026-07-06 00:00:00+00:00,839284.1751761931
2026-07-06 04:00:00+00:00,839284.1751761931
2026-07-06 08:00:00+00:00,839284.1751761931
2026-07-06 12:00:00+00:00,839284.1751761931
2026-07-06 16:00:00+00:00,839284.1751761931
2026-07-06 20:00:00+00:00,839284.1751761931
2026-07-07 00:00:00+00:00,839284.1751761931
2026-07-07 04:00:00+00:00,839284.1751761931
2026-07-07 08:00:00+00:00,839284.1751761931
2026-07-07 12:00:00+00:00,839284.1751761931
2026-07-07 16:00:00+00:00,834929.5033484454
2026-07-07 20:00:00+00:00,821747.9672017376
2026-07-08 00:00:00+00:00,815238.1931788016
2026-07-08 04:00:00+00:00,814926.5011857884
2026-07-08 08:00:00+00:00,814926.5011857884
2026-07-08 12:00:00+00:00,814926.5011857884
2026-07-08 16:00:00+00:00,814926.5011857884
2026-07-08 20:00:00+00:00,814926.5011857884
2026-07-09 00:00:00+00:00,814926.5011857884
2026-07-09 04:00:00+00:00,814926.5011857884
2026-07-09 08:00:00+00:00,814926.5011857884
2026-07-09 12:00:00+00:00,814926.5011857884
2026-07-09 16:00:00+00:00,814926.5011857884
2026-07-09 20:00:00+00:00,814926.5011857884
2026-07-10 00:00:00+00:00,814926.5011857884
2026-07-10 04:00:00+00:00,814926.5011857884
2026-07-10 08:00:00+00:00,814926.5011857884
2026-07-10 12:00:00+00:00,814926.5011857884
2026-07-10 16:00:00+00:00,814926.5011857884
2026-07-10 20:00:00+00:00,814926.5011857884
2026-07-11 00:00:00+00:00,814926.5011857884
2026-07-11 04:00:00+00:00,814926.5011857884
2026-07-11 08:00:00+00:00,814926.5011857884
2026-07-11 12:00:00+00:00,814926.5011857884
2026-07-11 16:00:00+00:00,814926.5011857884
2026-07-11 20:00:00+00:00,814926.5011857884
2026-07-12 00:00:00+00:00,814926.5011857884
2026-07-12 04:00:00+00:00,814926.5011857884
2026-07-12 08:00:00+00:00,814926.5011857884
2026-07-12 12:00:00+00:00,814926.5011857884
2026-07-12 16:00:00+00:00,814926.5011857884
2026-07-12 20:00:00+00:00,814926.5011857884
2026-07-13 00:00:00+00:00,814926.5011857884
2026-07-13 04:00:00+00:00,814926.5011857884
2026-07-13 08:00:00+00:00,814926.5011857884
2026-07-13 12:00:00+00:00,814926.5011857884
2026-07-13 16:00:00+00:00,814926.5011857884
2026-07-13 20:00:00+00:00,814926.5011857884
2026-07-14 00:00:00+00:00,814926.5011857884
2026-07-14 04:00:00+00:00,814926.5011857884
2026-07-14 08:00:00+00:00,814926.5011857884
2026-07-14 12:00:00+00:00,814926.5011857884
2026-07-14 16:00:00+00:00,814926.5011857884
2026-07-14 20:00:00+00:00,814926.5011857884
2026-07-15 00:00:00+00:00,814926.5011857884
2026-07-15 04:00:00+00:00,814926.5011857884
2026-07-15 08:00:00+00:00,814926.5011857884
2026-07-15 12:00:00+00:00,814926.5011857884
2026-07-15 16:00:00+00:00,798935.222351012
2026-07-15 20:00:00+00:00,791749.2642459443
2026-07-16 00:00:00+00:00,787539.3173271009
2026-07-16 04:00:00+00:00,774463.0911386362
2026-07-16 08:00:00+00:00,775176.9021142668
2026-07-16 12:00:00+00:00,790001.9154286946
2026-07-16 16:00:00+00:00,775366.3787379815
2026-07-16 20:00:00+00:00,760886.2813529274
2026-07-17 00:00:00+00:00,752190.7393770531
2026-07-17 04:00:00+00:00,728169.0814531564
2026-07-17 08:00:00+00:00,727177.7049704829
2026-07-17 12:00:00+00:00,727177.7049704829
2026-07-17 16:00:00+00:00,727177.7049704829
2026-07-17 20:00:00+00:00,720308.2292829092
2026-07-18 00:00:00+00:00,722486.734617006
2026-07-18 04:00:00+00:00,722222.4952291753
2026-07-18 08:00:00+00:00,723592.5909078444
2026-07-18 12:00:00+00:00,725187.8081174359
2026-07-18 16:00:00+00:00,737418.9482046488
2026-07-18 20:00:00+00:00,745397.1327742977
2026-07-19 00:00:00+00:00,741956.11014003
2026-07-19 04:00:00+00:00,742110.317409809
2026-07-19 08:00:00+00:00,734942.5863443136
2026-07-19 12:00:00+00:00,737767.6685451451
2026-07-19 16:00:00+00:00,734623.6600427745
2026-07-19 20:00:00+00:00,741906.9462620817
2026-07-20 00:00:00+00:00,745948.0268252093
2026-07-20 04:00:00+00:00,729065.8574272512
2026-07-20 08:00:00+00:00,737542.1350965084
2026-07-20 12:00:00+00:00,757443.9254518254
2026-07-20 16:00:00+00:00,741500.7274049914
2026-07-20 20:00:00+00:00,745144.0969906141
2026-07-21 00:00:00+00:00,755925.7440546025
2026-07-21 04:00:00+00:00,777872.4546913165
2026-07-21 08:00:00+00:00,783045.7324597216
2026-07-21 12:00:00+00:00,794884.5443967518
2026-07-21 16:00:00+00:00,786193.9745340229
2026-07-21 20:00:00+00:00,790247.5881821299
2026-07-22 00:00:00+00:00,777698.451071699
2026-07-22 04:00:00+00:00,764749.921999323
2026-07-22 08:00:00+00:00,770544.1302980636
2026-07-22 12:00:00+00:00,771727.0938615256
2026-07-22 16:00:00+00:00,767307.5986681525
2026-07-22 20:00:00+00:00,774049.7357846176
2026-07-23 00:00:00+00:00,757886.7888521546
2026-07-23 04:00:00+00:00,754432.0661596954
2026-07-23 08:00:00+00:00,755897.2888028428
2026-07-23 12:00:00+00:00,748748.9716575138
2026-07-23 16:00:00+00:00,748352.4188009378
2026-07-23 20:00:00+00:00,748352.4188009378
2026-07-24 00:00:00+00:00,748352.4188009378
2026-07-24 04:00:00+00:00,748352.4188009378
2026-07-24 08:00:00+00:00,742527.2959217738
2026-07-24 12:00:00+00:00,742116.1404166465
2026-07-24 16:00:00+00:00,742116.1404166465
2026-07-24 20:00:00+00:00,742116.1404166465
2026-07-25 00:00:00+00:00,742116.1404166465
2026-07-25 04:00:00+00:00,742116.1404166465
2026-07-25 08:00:00+00:00,742116.1404166465
2026-07-25 12:00:00+00:00,742116.1404166465
2026-07-25 16:00:00+00:00,742116.1404166465
2026-07-25 20:00:00+00:00,742116.1404166465
2026-07-26 00:00:00+00:00,742116.1404166465
2026-07-26 04:00:00+00:00,742116.1404166465
2026-07-26 08:00:00+00:00,742116.1404166465
2026-07-26 12:00:00+00:00,742116.1404166465
2026-07-26 16:00:00+00:00,742116.1404166465
2026-07-26 20:00:00+00:00,742116.1404166465
2026-07-27 00:00:00+00:00,739816.3852660727
2026-07-27 04:00:00+00:00,738813.5138219203
2026-07-27 08:00:00+00:00,736872.5617181141
2026-07-27 12:00:00+00:00,728381.9259218012
2026-07-27 16:00:00+00:00,727890.7877414661
2026-07-27 20:00:00+00:00,727890.7877414661
2026-07-28 00:00:00+00:00,727890.7877414661
2026-07-28 04:00:00+00:00,727890.7877414661
2026-07-28 08:00:00+00:00,727890.7877414661
2026-07-28 12:00:00+00:00,727890.7877414661
2026-07-28 16:00:00+00:00,727890.7877414661
2026-07-28 20:00:00+00:00,727890.7877414661
2026-07-29 00:00:00+00:00,727890.7877414661
2026-07-29 04:00:00+00:00,727890.7877414661
2026-07-29 08:00:00+00:00,727890.7877414661
2026-07-29 12:00:00+00:00,727890.7877414661
2026-07-29 16:00:00+00:00,727890.7877414661
2026-07-29 20:00:00+00:00,727890.7877414661
2026-07-30 00:00:00+00:00,727890.7877414661
2026-07-30 04:00:00+00:00,727890.7877414661
2026-07-30 08:00:00+00:00,727890.7877414661
2026-07-30 12:00:00+00:00,727890.7877414661
2026-07-30 16:00:00+00:00,727890.7877414661
2026-07-30 20:00:00+00:00,727890.7877414661
2026-07-31 00:00:00+00:00,722732.4351580063
2026-07-31 04:00:00+00:00,722359.505979308
2026-07-31 08:00:00+00:00,722359.505979308
2026-07-31 12:00:00+00:00,722359.505979308
2026-07-31 16:00:00+00:00,722359.505979308
2026-07-31 20:00:00+00:00,722359.505979308
