,equity
2020-01-01 00:00:00+00:00,10000.0
2020-01-01 04:00:00+00:00,10000.0
2020-01-01 08:00:00+00:00,10000.0
2020-01-01 12:00:00+00:00,10000.0
2020-01-01 16:00:00+00:00,10000.0
2020-01-01 20:00:00+00:00,10000.0
2020-01-02 00:00:00+00:00,10000.0
2020-01-02 04:00:00+00:00,10000.0
2020-01-02 08:00:00+00:00,10000.0
2020-01-02 12:00:00+00:00,10000.0
2020-01-02 16:00:00+00:00,10000.0
2020-01-02 20:00:00+00:00,10000.0
2020-01-03 00:00:00+00:00,10000.0
2020-01-03 04:00:00+00:00,10000.0
2020-01-03 08:00:00+00:00,10000.0
2020-01-03 12:00:00+00:00,10000.0
2020-01-03 16:00:00+00:00,10000.0
2020-01-03 20:00:00+00:00,10000.0
2020-01-04 00:00:00+00:00,10000.0
2020-01-04 04:00:00+00:00,10000.0
2020-01-04 08:00:00+00:00,10000.0
2020-01-04 12:00:00+00:00,10000.0
2020-01-04 16:00:00+00:00,10000.0
2020-01-04 20:00:00+00:00,10000.0
2020-01-05 00:00:00+00:00,10000.0
2020-01-05 04:00:00+00:00,10000.0
2020-01-05 08:00:00+00:00,10000.0
2020-01-05 12:00:00+00:00,10000.0
2020-01-05 16:00:00+00:00,10000.0
2020-01-05 20:00:00+00:00,10000.0
2020-01-06 00:00:00+00:00,10000.0
2020-01-06 04:00:00+00:00,10000.0
2020-01-06 08:00:00+00:00,10000.0
2020-01-06 12:00:00+00:00,10000.0
2020-01-06 16:00:00+00:00,10000.0
2020-01-06 20:00:00+00:00,10000.0
2020-01-07 00:00:00+00:00,10000.0
2020-01-07 04:00:00+00:00,10000.0
2020-01-07 08:00:00+00:00,10000.0
2020-01-07 12:00:00+00:00,10000.0
2020-01-07 16:00:00+00:00,10000.0
2020-01-07 20:00:00+00:00,10000.0
2020-01-08 00:00:00+00:00,10000.0
2020-01-08 04:00:00+00:00,10000.0
2020-01-08 08:00:00+00:00,10000.0
2020-01-08 12:00:00+00:00,10000.0
2020-01-08 16:00:00+00:00,10000.0
2020-01-08 20:00:00+00:00,10000.0
2020-01-09 00:00:00+00:00,10000.0
2020-01-09 04:00:00+00:00,10000.0
2020-01-09 08:00:00+00:00,10000.0
2020-01-09 12:00:00+00:00,10000.0
2020-01-09 16:00:00+00:00,10000.0
2020-01-09 20:00:00+00:00,10000.0
2020-01-10 00:00:00+00:00,10000.0
2020-01-10 04:00:00+00:00,10000.0
2020-01-10 08:00:00+00:00,10000.0
2020-01-10 12:00:00+00:00,10000.0
2020-01-10 16:00:00+00:00,10000.0
2020-01-10 20:00:00+00:00,10000.0
2020-01-11 00:00:00+00:00,10000.0
2020-01-11 04:00:00+00:00,10000.0
2020-01-11 08:00:00+00:00,10000.0
2020-01-11 12:00:00+00:00,10000.0
2020-01-11 16:00:00+00:00,10000.0
2020-01-11 20:00:00+00:00,10000.0
2020-01-12 00:00:00+00:00,10000.0
2020-01-12 04:00:00+00:00,10000.0
2020-01-12 08:00:00+00:00,10000.0
2020-01-12 12:00:00+00:00,10000.0
2020-01-12 16:00:00+00:00,10000.0
2020-01-12 20:00:00+00:00,10000.0
2020-01-13 00:00:00+00:00,10000.0
2020-01-13 04:00:00+00:00,10000.0
2020-01-13 08:00:00+00:00,10000.0
2020-01-13 12:00:00+00:00,10000.0
2020-01-13 16:00:00+00:00,10000.0
2020-01-13 20:00:00+00:00,10000.0
2020-01-14 00:00:00+00:00,10000.0
2020-01-14 04:00:00+00:00,10000.0
2020-01-14 08:00:00+00:00,10000.0
2020-01-14 12:00:00+00:00,10000.0
2020-01-14 16:00:00+00:00,10000.0
2020-01-14 20:00:00+00:00,10000.0
2020-01-15 00:00:00+00:00,10000.0
2020-01-15 04:00:00+00:00,10000.0
2020-01-15 08:00:00+00:00,10000.0
2020-01-15 12:00:00+00:00,10000.0
2020-01-15 16:00:00+00:00,10000.0
2020-01-15 20:00:00+00:00,10000.0
2020-01-16 00:00:00+00:00,10000.0
2020-01-16 04:00:00+00:00,10000.0
2020-01-16 08:00:00+00:00,10000.0
2020-01-16 12:00:00+00:00,10000.0
2020-01-16 16:00:00+00:00,10000.0
2020-01-16 20:00:00+00:00,10000.0
2020-01-17 00:00:00+00:00,10028.137007646093
2020-01-17 04:00:00+00:00,10103.220286663729
2020-01-17 08:00:00+00:00,10088.445355844433
2020-01-17 12:00:00+00:00,10061.28338910387
2020-01-17 16:00:00+00:00,10071.548280080733
2020-01-17 20:00:00+00:00,10088.182810310052
2020-01-18 00:00:00+00:00,10093.726121725593
2020-01-18 04:00:00+00:00,10055.343847860206
2020-01-18 08:00:00+00:00,10070.466523063118
2020-01-18 12:00:00+00:00,10082.547664313643
2020-01-18 16:00:00+00:00,10083.152504523081
2020-01-18 20:00:00+00:00,10088.8340693582
2020-01-19 00:00:00+00:00,10217.975326388743
2020-01-19 04:00:00+00:00,10180.111912686714
2020-01-19 08:00:00+00:00,9976.87272463152
2020-01-19 12:00:00+00:00,10001.432611590495
2020-01-19 16:00:00+00:00,9997.869420774987
2020-01-19 20:00:00+00:00,9974.576899843425
2020-01-20 00:00:00+00:00,9990.541296849178
2020-01-20 04:00:00+00:00,9992.094106179939
2020-01-20 08:00:00+00:00,10013.150439311561
2020-01-20 12:00:00+00:00,9986.117679767327
2020-01-20 16:00:00+00:00,9987.396258778714
2020-01-20 20:00:00+00:00,10001.026458706729
2020-01-21 00:00:00+00:00,9987.427895399944
2020-01-21 04:00:00+00:00,10006.868856256893
2020-01-21 08:00:00+00:00,9995.658983684238
2020-01-21 12:00:00+00:00,10002.026640605345
2020-01-21 16:00:00+00:00,10065.07343696793
2020-01-21 20:00:00+00:00,9955.187728232542
2020-01-22 00:00:00+00:00,9965.587170644136
2020-01-22 04:00:00+00:00,9953.849294300957
2020-01-22 08:00:00+00:00,9999.069293366945
2020-01-22 12:00:00+00:00,10001.158409004101
2020-01-22 16:00:00+00:00,9993.661101845153
2020-01-22 20:00:00+00:00,9986.525660636386
2020-01-23 00:00:00+00:00,10035.235277799233
2020-01-23 04:00:00+00:00,10044.512788134427
2020-01-23 08:00:00+00:00,10132.294849990409
2020-01-23 12:00:00+00:00,10170.096127595038
2020-01-23 16:00:00+00:00,10165.491421461838
2020-01-23 20:00:00+00:00,10148.019749493491
2020-01-24 00:00:00+00:00,10196.954651543163
2020-01-24 04:00:00+00:00,10188.16822488694
2020-01-24 08:00:00+00:00,10147.39002801473
2020-01-24 12:00:00+00:00,10093.16069625029
2020-01-24 16:00:00+00:00,10097.043686644512
2020-01-24 20:00:00+00:00,10133.584200553469
2020-01-25 00:00:00+00:00,10219.116409434748
2020-01-25 04:00:00+00:00,10207.51218803054
2020-01-25 08:00:00+00:00,10208.049920880181
2020-01-25 12:00:00+00:00,10197.324124032302
2020-01-25 16:00:00+00:00,10179.623872158243
2020-01-25 20:00:00+00:00,10192.917995420863
2020-01-26 00:00:00+00:00,10175.932842404034
2020-01-26 04:00:00+00:00,10166.057019724392
2020-01-26 08:00:00+00:00,10102.016933787978
2020-01-26 12:00:00+00:00,10116.187052648436
2020-01-26 16:00:00+00:00,10044.19084959386
2020-01-26 20:00:00+00:00,10069.368591288707
2020-01-27 00:00:00+00:00,10107.089497220448
2020-01-27 04:00:00+00:00,10099.322023319588
2020-01-27 08:00:00+00:00,10156.846350475429
2020-01-27 12:00:00+00:00,10186.013918789544
2020-01-27 16:00:00+00:00,10292.392824793082
2020-01-27 20:00:00+00:00,10278.696573806077
2020-01-28 00:00:00+00:00,10417.815107743729
2020-01-28 04:00:00+00:00,10369.42653776152
2020-01-28 08:00:00+00:00,10391.32188814699
2020-01-28 12:00:00+00:00,10354.469338526982
2020-01-28 16:00:00+00:00,10346.071003767192
2020-01-28 20:00:00+00:00,10564.395240024003
2020-01-29 00:00:00+00:00,10540.152729411866
2020-01-29 04:00:00+00:00,10546.992848856662
2020-01-29 08:00:00+00:00,10509.440666320286
2020-01-29 12:00:00+00:00,10498.537369319327
2020-01-29 16:00:00+00:00,10553.112889670416
2020-01-29 20:00:00+00:00,10505.335567170785
2020-01-30 00:00:00+00:00,10491.615635982142
2020-01-30 04:00:00+00:00,10550.557271730568
2020-01-30 08:00:00+00:00,10523.387455359925
2020-01-30 12:00:00+00:00,10546.604190516138
2020-01-30 16:00:00+00:00,10612.877878994257
2020-01-30 20:00:00+00:00,10618.153678859613
2020-01-31 00:00:00+00:00,10577.984894711813
2020-01-31 04:00:00+00:00,10538.471869399642
2020-01-31 08:00:00+00:00,10512.208466704318
2020-01-31 12:00:00+00:00,10516.832966116053
2020-01-31 16:00:00+00:00,10498.516691682
2020-01-31 20:00:00+00:00,10524.301738422533
2020-02-01 00:00:00+00:00,10562.59947573245
2020-02-01 04:00:00+00:00,10558.690835749414
2020-02-01 08:00:00+00:00,10515.628058177688
2020-02-01 12:00:00+00:00,10501.833566598987
2020-02-01 16:00:00+00:00,10518.760764827595
2020-02-01 20:00:00+00:00,10529.552045719836
2020-02-02 00:00:00+00:00,10455.797316274378
2020-02-02 04:00:00+00:00,10518.822576126664
2020-02-02 08:00:00+00:00,10478.172188205543
2020-02-02 12:00:00+00:00,10469.34317413505
2020-02-02 16:00:00+00:00,10455.497099255219
2020-02-02 20:00:00+00:00,10387.664418273705
2020-02-03 00:00:00+00:00,10350.755532739822
2020-02-03 04:00:00+00:00,10332.730495374984
2020-02-03 08:00:00+00:00,10321.680072007633
2020-02-03 12:00:00+00:00,10279.952622325976
2020-02-03 16:00:00+00:00,10306.853282609007
2020-02-03 20:00:00+00:00,10304.189373868852
2020-02-04 00:00:00+00:00,10304.189373868852
2020-02-04 04:00:00+00:00,10304.189373868852
2020-02-04 08:00:00+00:00,10304.189373868852
2020-02-04 12:00:00+00:00,10304.189373868852
2020-02-04 16:00:00+00:00,10304.189373868852
2020-02-04 20:00:00+00:00,10304.189373868852
2020-02-05 00:00:00+00:00,10304.189373868852
2020-02-05 04:00:00+00:00,10304.189373868852
2020-02-05 08:00:00+00:00,10304.189373868852
2020-02-05 12:00:00+00:00,10304.189373868852
2020-02-05 16:00:00+00:00,10304.189373868852
2020-02-05 20:00:00+00:00,10304.189373868852
2020-02-06 00:00:00+00:00,10304.189373868852
2020-02-06 04:00:00+00:00,10304.189373868852
2020-02-06 08:00:00+00:00,10304.189373868852
2020-02-06 12:00:00+00:00,10356.595747930149
2020-02-06 16:00:00+00:00,10327.192821926546
2020-02-06 20:00:00+00:00,10340.502791252411
2020-02-07 00:00:00+00:00,10344.282827794681
2020-02-07 04:00:00+00:00,10353.915510877936
2020-02-07 08:00:00+00:00,10361.357295720562
2020-02-07 12:00:00+00:00,10355.83748267127
2020-02-07 16:00:00+00:00,10338.010797142231
2020-02-07 20:00:00+00:00,10361.16602695249
2020-02-08 00:00:00+00:00,10299.60548406247
2020-02-08 04:00:00+00:00,10332.240159700064
2020-02-08 08:00:00+00:00,10356.573908288741
2020-02-08 12:00:00+00:00,10364.597556246916
2020-02-08 16:00:00+00:00,10378.488614677664
2020-02-08 20:00:00+00:00,10401.522534029848
2020-02-09 00:00:00+00:00,10496.77252300314
2020-02-09 04:00:00+00:00,10546.329635927208
2020-02-09 08:00:00+00:00,10537.065735417522
2020-02-09 12:00:00+00:00,10521.839060819242
2020-02-09 16:00:00+00:00,10504.680420821132
2020-02-09 20:00:00+00:00,10554.137037026525
2020-02-10 00:00:00+00:00,10507.056509389025
2020-02-10 04:00:00+00:00,10427.69070902905
2020-02-10 08:00:00+00:00,10521.618268167518
2020-02-10 12:00:00+00:00,10495.426060474963
2020-02-10 16:00:00+00:00,10518.951760593733
2020-02-10 20:00:00+00:00,10504.79280171979
2020-02-11 00:00:00+00:00,10575.850564235994
2020-02-11 04:00:00+00:00,10575.587999199406
2020-02-11 08:00:00+00:00,10541.328264031989
2020-02-11 12:00:00+00:00,10299.50914834857
2020-02-11 16:00:00+00:00,10335.640334836124
2020-02-11 20:00:00+00:00,10304.809726694832
2020-02-12 00:00:00+00:00,10315.263864140994
2020-02-12 04:00:00+00:00,10365.468678312727
2020-02-12 08:00:00+00:00,10354.59010435301
2020-02-12 12:00:00+00:00,10336.535870474476
2020-02-12 16:00:00+00:00,10330.125772116784
2020-02-12 20:00:00+00:00,10336.759716700508
2020-02-13 00:00:00+00:00,10361.574304951899
2020-02-13 04:00:00+00:00,10335.43876640038
2020-02-13 08:00:00+00:00,10232.645476775546
2020-02-13 12:00:00+00:00,10282.95913353064
2020-02-13 16:00:00+00:00,10279.126463507542
2020-02-13 20:00:00+00:00,10267.67533852417
2020-02-14 00:00:00+00:00,10277.690660697202
2020-02-14 04:00:00+00:00,10213.155829195848
2020-02-14 08:00:00+00:00,10279.44178168002
2020-02-14 12:00:00+00:00,10270.158882114061
2020-02-14 16:00:00+00:00,10311.893569317395
2020-02-14 20:00:00+00:00,10314.186858840472
2020-02-15 00:00:00+00:00,10277.21259410581
2020-02-15 04:00:00+00:00,10250.424771192162
2020-02-15 08:00:00+00:00,10250.88742102409
2020-02-15 12:00:00+00:00,10111.453898362812
2020-02-15 16:00:00+00:00,10145.947211393861
2020-02-15 20:00:00+00:00,10141.449203640377
2020-02-16 00:00:00+00:00,10099.550149648705
2020-02-16 04:00:00+00:00,10118.48810714253
2020-02-16 08:00:00+00:00,10136.48118297013
2020-02-16 12:00:00+00:00,10166.294040694449
2020-02-16 16:00:00+00:00,10223.720927321285
2020-02-16 20:00:00+00:00,10147.554473462265
2020-02-17 00:00:00+00:00,10193.872671355992
2020-02-17 04:00:00+00:00,10219.524122524166
2020-02-17 08:00:00+00:00,10279.536252320087
2020-02-17 12:00:00+00:00,10277.62128853433
2020-02-17 16:00:00+00:00,10265.710164256448
2020-02-17 20:00:00+00:00,10247.725713815995
2020-02-18 00:00:00+00:00,10242.435370242094
2020-02-18 04:00:00+00:00,10212.22156911388
2020-02-18 08:00:00+00:00,10251.785808158826
2020-02-18 12:00:00+00:00,10193.981603362045
2020-02-18 16:00:00+00:00,10099.931448817139
2020-02-18 20:00:00+00:00,10047.527204761378
2020-02-19 00:00:00+00:00,10034.716195869027
2020-02-19 04:00:00+00:00,9995.42435846104
2020-02-19 08:00:00+00:00,10056.696196368997
2020-02-19 12:00:00+00:00,10018.130658730546
2020-02-19 16:00:00+00:00,10027.749978744807
2020-02-19 20:00:00+00:00,9790.718297159863
2020-02-20 00:00:00+00:00,9794.061944122044
2020-02-20 04:00:00+00:00,9782.324450493095
2020-02-20 08:00:00+00:00,9795.077661076191
2020-02-20 12:00:00+00:00,9793.452191658227
2020-02-20 16:00:00+00:00,9801.460118182948
2020-02-20 20:00:00+00:00,9799.632540733443
2020-02-21 00:00:00+00:00,9799.632540733443
2020-02-21 04:00:00+00:00,9799.632540733443
2020-02-21 08:00:00+00:00,9799.632540733443
2020-02-21 12:00:00+00:00,9799.632540733443
2020-02-21 16:00:00+00:00,9799.632540733443
2020-02-21 20:00:00+00:00,9799.632540733443
2020-02-22 00:00:00+00:00,9802.558539785248
2020-02-22 04:00:00+00:00,9833.881982766598
2020-02-22 08:00:00+00:00,9815.371329807831
2020-02-22 12:00:00+00:00,9816.733597276065
2020-02-22 16:00:00+00:00,9799.47239566432
2020-02-22 20:00:00+00:00,9807.2306860012
2020-02-23 00:00:00+00:00,9741.48851979645
2020-02-23 04:00:00+00:00,9694.049488957977
2020-02-23 08:00:00+00:00,9719.21045050584
2020-02-23 12:00:00+00:00,9703.757190862683
2020-02-23 16:00:00+00:00,9702.919561021346
2020-02-23 20:00:00+00:00,9700.493510874805
2020-02-24 00:00:00+00:00,9700.493510874805
2020-02-24 04:00:00+00:00,9700.493510874805
2020-02-24 08:00:00+00:00,9700.493510874805
2020-02-24 12:00:00+00:00,9700.493510874805
2020-02-24 16:00:00+00:00,9700.493510874805
2020-02-24 20:00:00+00:00,9700.493510874805
2020-02-25 00:00:00+00:00,9734.233556358877
2020-02-25 04:00:00+00:00,9761.851372093375
2020-02-25 08:00:00+00:00,9714.213656560243
2020-02-25 12:00:00+00:00,9823.150748706363
2020-02-25 16:00:00+00:00,9841.494338485614
2020-02-25 20:00:00+00:00,9860.73330124517
2020-02-26 00:00:00+00:00,9928.799423249498
2020-02-26 04:00:00+00:00,9938.114238697362
2020-02-26 08:00:00+00:00,9934.574963197847
2020-02-26 12:00:00+00:00,10010.205453952543
2020-02-26 16:00:00+00:00,10084.423804855931
2020-02-26 20:00:00+00:00,10103.176801402076
2020-02-27 00:00:00+00:00,10123.217012219688
2020-02-27 04:00:00+00:00,10093.214070811906
2020-02-27 08:00:00+00:00,10098.071802749917
2020-02-27 12:00:00+00:00,10080.085824608026
2020-02-27 16:00:00+00:00,10052.202072431515
2020-02-27 20:00:00+00:00,10090.421646645667
2020-02-28 00:00:00+00:00,10084.902848143289
2020-02-28 04:00:00+00:00,10129.486878780492
2020-02-28 08:00:00+00:00,10190.326101497087
2020-02-28 12:00:00+00:00,10137.192258375275
2020-02-28 16:00:00+00:00,10192.399680032926
2020-02-28 20:00:00+00:00,10146.68630865514
2020-02-29 00:00:00+00:00,10137.636185118112
2020-02-29 04:00:00+00:00,10125.989266540928
2020-02-29 08:00:00+00:00,10147.995243784404
2020-02-29 12:00:00+00:00,10169.252251148546
2020-02-29 16:00:00+00:00,10162.072457966786
2020-02-29 20:00:00+00:00,10226.71757474415
2020-03-01 00:00:00+00:00,10186.137515405711
2020-03-01 04:00:00+00:00,10221.499549065764
2020-03-01 08:00:00+00:00,10174.166552380231
2020-03-01 12:00:00+00:00,10214.758202909612
2020-03-01 16:00:00+00:00,10223.62946597073
2020-03-01 20:00:00+00:00,10228.423820779837
2020-03-02 00:00:00+00:00,10196.761210860783
2020-03-02 04:00:00+00:00,10188.281827869625
2020-03-02 08:00:00+00:00,10126.762758641487
2020-03-02 12:00:00+00:00,10095.359930846113
2020-03-02 16:00:00+00:00,10069.543653688856
2020-03-02 20:00:00+00:00,10053.591873421334
2020-03-03 00:00:00+00:00,10077.184858265924
2020-03-03 04:00:00+00:00,10130.665332148044
2020-03-03 08:00:00+00:00,10080.247778344334
2020-03-03 12:00:00+00:00,10132.543530040679
2020-03-03 16:00:00+00:00,10151.170907315241
2020-03-03 20:00:00+00:00,10128.43786400084
2020-03-04 00:00:00+00:00,10115.118644569879
2020-03-04 04:00:00+00:00,10102.110818225436
2020-03-04 08:00:00+00:00,10150.883813270328
2020-03-04 12:00:00+00:00,10159.0821373216
2020-03-04 16:00:00+00:00,10140.314456044836
2020-03-04 20:00:00+00:00,10134.52896123587
2020-03-05 00:00:00+00:00,10068.887790839997
2020-03-05 04:00:00+00:00,10056.441507094994
2020-03-05 08:00:00+00:00,9946.942010165178
2020-03-05 12:00:00+00:00,9953.511482813752
2020-03-05 16:00:00+00:00,9919.146422517999
2020-03-05 20:00:00+00:00,9971.243427774862
2020-03-06 00:00:00+00:00,9983.117995360393
2020-03-06 04:00:00+00:00,9947.71998921712
2020-03-06 08:00:00+00:00,9931.828682944119
2020-03-06 12:00:00+00:00,9998.652194097887
2020-03-06 16:00:00+00:00,9957.604905257907
2020-03-06 20:00:00+00:00,9931.994051961196
2020-03-07 00:00:00+00:00,9957.415964754664
2020-03-07 04:00:00+00:00,9961.07135232613
2020-03-07 08:00:00+00:00,9959.311174332557
2020-03-07 12:00:00+00:00,9944.861390711734
2020-03-07 16:00:00+00:00,10089.244495249292
2020-03-07 20:00:00+00:00,10088.743939676116
2020-03-08 00:00:00+00:00,10175.897792643907
2020-03-08 04:00:00+00:00,10179.80204113065
2020-03-08 08:00:00+00:00,10182.337141284906
2020-03-08 12:00:00+00:00,10398.41576047649
2020-03-08 16:00:00+00:00,10462.261144464097
2020-03-08 20:00:00+00:00,10594.60783124292
2020-03-09 00:00:00+00:00,10578.81724307056
2020-03-09 04:00:00+00:00,10663.202036544091
2020-03-09 08:00:00+00:00,10705.033970048275
2020-03-09 12:00:00+00:00,10724.467039663685
2020-03-09 16:00:00+00:00,10690.593958072743
2020-03-09 20:00:00+00:00,10652.880984193605
2020-03-10 00:00:00+00:00,10662.063382129085
2020-03-10 04:00:00+00:00,10665.672971751846
2020-03-10 08:00:00+00:00,10589.4545961018
2020-03-10 12:00:00+00:00,10723.145337900525
2020-03-10 16:00:00+00:00,10632.964539084202
2020-03-10 20:00:00+00:00,10669.139761773322
2020-03-11 00:00:00+00:00,10657.429738850873
2020-03-11 04:00:00+00:00,10683.537090514861
2020-03-11 08:00:00+00:00,10699.583179710993
2020-03-11 12:00:00+00:00,10719.243117185768
2020-03-11 16:00:00+00:00,10698.284636664344
2020-03-11 20:00:00+00:00,10653.010127551675
2020-03-12 00:00:00+00:00,10770.733862606745
2020-03-12 04:00:00+00:00,10882.171099001018
2020-03-12 08:00:00+00:00,11432.485714559587
2020-03-12 12:00:00+00:00,11408.161552759708
2020-03-12 16:00:00+00:00,11431.381289030607
2020-03-12 20:00:00+00:00,11773.55786126243
2020-03-13 00:00:00+00:00,11684.29954056738
2020-03-13 04:00:00+00:00,11642.950483435261
2020-03-13 08:00:00+00:00,11635.187875046486
2020-03-13 12:00:00+00:00,11669.441104808777
2020-03-13 16:00:00+00:00,11636.914524345308
2020-03-13 20:00:00+00:00,11608.854476013643
2020-03-14 00:00:00+00:00,11608.694270350668
2020-03-14 04:00:00+00:00,11620.003042116623
2020-03-14 08:00:00+00:00,11630.355537495045
2020-03-14 12:00:00+00:00,11653.622856139202
2020-03-14 16:00:00+00:00,11638.818464111404
2020-03-14 20:00:00+00:00,11679.29667973329
2020-03-15 00:00:00+00:00,11677.67754532424
2020-03-15 04:00:00+00:00,11659.389687837112
2020-03-15 08:00:00+00:00,11627.053259874654
2020-03-15 12:00:00+00:00,11648.671643702683
2020-03-15 16:00:00+00:00,11650.941009789667
2020-03-15 20:00:00+00:00,11639.876949694633
2020-03-16 00:00:00+00:00,11657.76653959956
2020-03-16 04:00:00+00:00,11758.944322979634
2020-03-16 08:00:00+00:00,11806.449005493978
2020-03-16 12:00:00+00:00,11684.597008720637
2020-03-16 16:00:00+00:00,11724.4712213641
2020-03-16 20:00:00+00:00,11706.719187430754
2020-03-17 00:00:00+00:00,11647.765241019559
2020-03-17 04:00:00+00:00,11642.112697720613
2020-03-17 08:00:00+00:00,11658.455960054125
2020-03-17 12:00:00+00:00,11637.837737959697
2020-03-17 16:00:00+00:00,11635.261403341743
2020-03-17 20:00:00+00:00,11649.197473759708
2020-03-18 00:00:00+00:00,11630.811564364063
2020-03-18 04:00:00+00:00,11686.858036362933
2020-03-18 08:00:00+00:00,11688.388597359557
2020-03-18 12:00:00+00:00,11643.145537914617
2020-03-18 16:00:00+00:00,11644.083080770488
2020-03-18 20:00:00+00:00,11628.07530299668
2020-03-19 00:00:00+00:00,11654.149629312074
2020-03-19 04:00:00+00:00,11622.80878738769
2020-03-19 08:00:00+00:00,11568.666151688356
2020-03-19 12:00:00+00:00,11498.697888632178
2020-03-19 16:00:00+00:00,11416.146633812863
2020-03-19 20:00:00+00:00,11427.924884642267
2020-03-20 00:00:00+00:00,11429.632229967703
2020-03-20 04:00:00+00:00,11388.985598490195
2020-03-20 08:00:00+00:00,11300.507063942918
2020-03-20 12:00:00+00:00,11311.281730891902
2020-03-20 16:00:00+00:00,11416.657557071328
2020-03-20 20:00:00+00:00,11412.211279499696
2020-03-21 00:00:00+00:00,11398.647299799211
2020-03-21 04:00:00+00:00,11425.415518561653
2020-03-21 08:00:00+00:00,11433.704373284489
2020-03-21 12:00:00+00:00,11411.025239441464
2020-03-21 16:00:00+00:00,11409.812571147355
2020-03-21 20:00:00+00:00,11416.790378234105
2020-03-22 00:00:00+00:00,11376.26866024426
2020-03-22 04:00:00+00:00,11392.102990452715
2020-03-22 08:00:00+00:00,11426.084907192202
2020-03-22 12:00:00+00:00,11425.279255374151
2020-03-22 16:00:00+00:00,11425.279255374151
2020-03-22 20:00:00+00:00,11425.279255374151
2020-03-23 00:00:00+00:00,11425.279255374151
2020-03-23 04:00:00+00:00,11425.279255374151
2020-03-23 08:00:00+00:00,11425.279255374151
2020-03-23 12:00:00+00:00,11425.279255374151
2020-03-23 16:00:00+00:00,11425.279255374151
2020-03-23 20:00:00+00:00,11425.279255374151
2020-03-24 00:00:00+00:00,11425.279255374151
2020-03-24 04:00:00+00:00,11425.279255374151
2020-03-24 08:00:00+00:00,11425.279255374151
2020-03-24 12:00:00+00:00,11425.279255374151
2020-03-24 16:00:00+00:00,11425.279255374151
2020-03-24 20:00:00+00:00,11425.279255374151
2020-03-25 00:00:00+00:00,11425.279255374151
2020-03-25 04:00:00+00:00,11425.279255374151
2020-03-25 08:00:00+00:00,11425.279255374151
2020-03-25 12:00:00+00:00,11425.279255374151
2020-03-25 16:00:00+00:00,11425.279255374151
2020-03-25 20:00:00+00:00,11425.279255374151
2020-03-26 00:00:00+00:00,11425.279255374151
2020-03-26 04:00:00+00:00,11425.279255374151
2020-03-26 08:00:00+00:00,11425.279255374151
2020-03-26 12:00:00+00:00,11425.279255374151
2020-03-26 16:00:00+00:00,11425.279255374151
2020-03-26 20:00:00+00:00,11425.279255374151
2020-03-27 00:00:00+00:00,11425.279255374151
2020-03-27 04:00:00+00:00,11425.279255374151
2020-03-27 08:00:00+00:00,11425.279255374151
2020-03-27 12:00:00+00:00,11425.279255374151
2020-03-27 16:00:00+00:00,11425.279255374151
2020-03-27 20:00:00+00:00,11425.279255374151
2020-03-28 00:00:00+00:00,11425.279255374151
2020-03-28 04:00:00+00:00,11425.279255374151
2020-03-28 08:00:00+00:00,11425.279255374151
2020-03-28 12:00:00+00:00,11425.279255374151
2020-03-28 16:00:00+00:00,11425.279255374151
2020-03-28 20:00:00+00:00,11425.279255374151
2020-03-29 00:00:00+00:00,11425.279255374151
2020-03-29 04:00:00+00:00,11425.279255374151
2020-03-29 08:00:00+00:00,11425.279255374151
2020-03-29 12:00:00+00:00,11425.279255374151
2020-03-29 16:00:00+00:00,11425.279255374151
2020-03-29 20:00:00+00:00,11432.621756817303
2020-03-30 00:00:00+00:00,11376.357063308546
2020-03-30 04:00:00+00:00,11272.685365223386
2020-03-30 08:00:00+00:00,11224.844259497802
2020-03-30 12:00:00+00:00,11229.249805371022
2020-03-30 16:00:00+00:00,11219.611269511273
2020-03-30 20:00:00+00:00,11207.53167574955
2020-03-31 00:00:00+00:00,11189.383329069837
2020-03-31 04:00:00+00:00,11186.187618655407
2020-03-31 08:00:00+00:00,11210.912249229286
2020-03-31 12:00:00+00:00,11181.758235455245
2020-03-31 16:00:00+00:00,11176.103168400088
2020-03-31 20:00:00+00:00,11200.58151352985
2020-04-01 00:00:00+00:00,11220.495368675493
2020-04-01 04:00:00+00:00,11239.038493483078
2020-04-01 08:00:00+00:00,11237.546236695043
2020-04-01 12:00:00+00:00,11237.546236695043
2020-04-01 16:00:00+00:00,11237.546236695043
2020-04-01 20:00:00+00:00,11237.546236695043
2020-04-02 00:00:00+00:00,11237.546236695043
2020-04-02 04:00:00+00:00,11237.546236695043
2020-04-02 08:00:00+00:00,11237.546236695043
2020-04-02 12:00:00+00:00,11237.546236695043
2020-04-02 16:00:00+00:00,11237.546236695043
2020-04-02 20:00:00+00:00,11232.409914738195
2020-04-03 00:00:00+00:00,11227.048453921074
2020-04-03 04:00:00+00:00,11289.77195356793
2020-04-03 08:00:00+00:00,11322.485852092954
2020-04-03 12:00:00+00:00,11195.454004960142
2020-04-03 16:00:00+00:00,11218.4212742723
2020-04-03 20:00:00+00:00,11203.859146853656
2020-04-04 00:00:00+00:00,11188.62468547538
2020-04-04 04:00:00+00:00,11202.11059511315
2020-04-04 08:00:00+00:00,11187.489959276147
2020-04-04 12:00:00+00:00,11201.363490634061
2020-04-04 16:00:00+00:00,11208.548740275208
2020-04-04 20:00:00+00:00,11257.952691684002
2020-04-05 00:00:00+00:00,11232.36465837805
2020-04-05 04:00:00+00:00,11221.914711985308
2020-04-05 08:00:00+00:00,11224.009730306765
2020-04-05 12:00:00+00:00,11226.578606572975
2020-04-05 16:00:00+00:00,11230.547781715248
2020-04-05 20:00:00+00:00,11221.145234019348
2020-04-06 00:00:00+00:00,11256.58032270849
2020-04-06 04:00:00+00:00,11348.518069520036
2020-04-06 08:00:00+00:00,11383.637068880631
2020-04-06 12:00:00+00:00,11405.486446451288
2020-04-06 16:00:00+00:00,11468.938135305936
2020-04-06 20:00:00+00:00,11499.87811972656
2020-04-07 00:00:00+00:00,11496.660047601848
2020-04-07 04:00:00+00:00,11523.35892627809
2020-04-07 08:00:00+00:00,11527.286426080214
2020-04-07 12:00:00+00:00,11493.335736942434
2020-04-07 16:00:00+00:00,11479.11574167456
2020-04-07 20:00:00+00:00,11432.579617443938
2020-04-08 00:00:00+00:00,11510.325569961049
2020-04-08 04:00:00+00:00,11495.971291796084
2020-04-08 08:00:00+00:00,11479.57320674443
2020-04-08 12:00:00+00:00,11472.779143276897
2020-04-08 16:00:00+00:00,11487.050529437536
2020-04-08 20:00:00+00:00,11515.494410550022
2020-04-09 00:00:00+00:00,11474.827210594165
2020-04-09 04:00:00+00:00,11498.426932673814
2020-04-09 08:00:00+00:00,11419.143826466126
2020-04-09 12:00:00+00:00,11471.441604236818
2020-04-09 16:00:00+00:00,11461.34636510724
2020-04-09 20:00:00+00:00,11472.365929837302
2020-04-10 00:00:00+00:00,11414.293471719246
2020-04-10 04:00:00+00:00,11550.02552920334
2020-04-10 08:00:00+00:00,11560.933263585399
2020-04-10 12:00:00+00:00,11632.527572002753
2020-04-10 16:00:00+00:00,11562.357125959114
2020-04-10 20:00:00+00:00,11583.372575640335
2020-04-11 00:00:00+00:00,11558.11123257329
2020-04-11 04:00:00+00:00,11575.903157617673
2020-04-11 08:00:00+00:00,11574.315815740127
2020-04-11 12:00:00+00:00,11601.154191485672
2020-04-11 16:00:00+00:00,11618.565960131176
2020-04-11 20:00:00+00:00,11574.373598975593
2020-04-12 00:00:00+00:00,11615.925266148142
2020-04-12 04:00:00+00:00,11604.17194699169
2020-04-12 08:00:00+00:00,11592.383634284099
2020-04-12 12:00:00+00:00,11482.365841459248
2020-04-12 16:00:00+00:00,11537.210376425457
2020-04-12 20:00:00+00:00,11406.699080811779
2020-04-13 00:00:00+00:00,11270.502564377013
2020-04-13 04:00:00+00:00,11253.588510006968
2020-04-13 08:00:00+00:00,11212.734478875353
2020-04-13 12:00:00+00:00,11216.303836301187
2020-04-13 16:00:00+00:00,11211.973763090335
2020-04-13 20:00:00+00:00,11175.513907930868
2020-04-14 00:00:00+00:00,11149.29735385625
2020-04-14 04:00:00+00:00,11186.518473107659
2020-04-14 08:00:00+00:00,11181.770374896614
2020-04-14 12:00:00+00:00,11137.097829177952
2020-04-14 16:00:00+00:00,11130.108722905257
2020-04-14 20:00:00+00:00,11157.510979139508
2020-04-15 00:00:00+00:00,11134.741141757457
2020-04-15 04:00:00+00:00,11132.715345032579
2020-04-15 08:00:00+00:00,11132.715345032579
2020-04-15 12:00:00+00:00,11132.715345032579
2020-04-15 16:00:00+00:00,11132.715345032579
2020-04-15 20:00:00+00:00,11132.715345032579
2020-04-16 00:00:00+00:00,11132.715345032579
2020-04-16 04:00:00+00:00,11132.715345032579
2020-04-16 08:00:00+00:00,11132.715345032579
2020-04-16 12:00:00+00:00,11132.715345032579
2020-04-16 16:00:00+00:00,11132.715345032579
2020-04-16 20:00:00+00:00,11132.715345032579
2020-04-17 00:00:00+00:00,11132.715345032579
2020-04-17 04:00:00+00:00,11132.715345032579
2020-04-17 08:00:00+00:00,11132.715345032579
2020-04-17 12:00:00+00:00,11132.715345032579
2020-04-17 16:00:00+00:00,11132.715345032579
2020-04-17 20:00:00+00:00,11132.715345032579
2020-04-18 00:00:00+00:00,11132.715345032579
2020-04-18 04:00:00+00:00,11132.715345032579
2020-04-18 08:00:00+00:00,11132.715345032579
2020-04-18 12:00:00+00:00,11132.715345032579
2020-04-18 16:00:00+00:00,11132.715345032579
2020-04-18 20:00:00+00:00,11132.715345032579
2020-04-19 00:00:00+00:00,11120.220216950853
2020-04-19 04:00:00+00:00,11067.526787019015
2020-04-19 08:00:00+00:00,11078.437316067862
2020-04-19 12:00:00+00:00,11035.313851847144
2020-04-19 16:00:00+00:00,11059.111996030171
2020-04-19 20:00:00+00:00,11050.926414243697
2020-04-20 00:00:00+00:00,11076.508280188673
2020-04-20 04:00:00+00:00,11092.781407033634
2020-04-20 08:00:00+00:00,10941.44624424582
2020-04-20 12:00:00+00:00,10870.075362452582
2020-04-20 16:00:00+00:00,11061.184390702861
2020-04-20 20:00:00+00:00,11025.37568839486
2020-04-21 00:00:00+00:00,11008.150338875535
2020-04-21 04:00:00+00:00,10995.932343776323
2020-04-21 08:00:00+00:00,11046.975755912768
2020-04-21 12:00:00+00:00,11023.025477552197
2020-04-21 16:00:00+00:00,11002.30495118143
2020-04-21 20:00:00+00:00,11017.638564118355
2020-04-22 00:00:00+00:00,11004.855419959687
2020-04-22 04:00:00+00:00,10953.837139230534
2020-04-22 08:00:00+00:00,10944.082234520467
2020-04-22 12:00:00+00:00,10838.23698624029
2020-04-22 16:00:00+00:00,10817.651881012223
2020-04-22 20:00:00+00:00,10844.652260174838
2020-04-23 00:00:00+00:00,10837.820640785645
2020-04-23 04:00:00+00:00,10802.231968185424
2020-04-23 08:00:00+00:00,10852.79024107903
2020-04-23 12:00:00+00:00,11129.127307310819
2020-04-23 16:00:00+00:00,11124.274947045524
2020-04-23 20:00:00+00:00,11102.705934648942
2020-04-24 00:00:00+00:00,11124.547402452736
2020-04-24 04:00:00+00:00,11149.584151092542
2020-04-24 08:00:00+00:00,11105.877974782883
2020-04-24 12:00:00+00:00,11112.4219356252
2020-04-24 16:00:00+00:00,11120.901745684332
2020-04-24 20:00:00+00:00,11111.674575165056
2020-04-25 00:00:00+00:00,11120.379827599912
2020-04-25 04:00:00+00:00,11144.887174246986
2020-04-25 08:00:00+00:00,11127.745700933607
2020-04-25 12:00:00+00:00,11127.056252045568
2020-04-25 16:00:00+00:00,11131.882543037416
2020-04-25 20:00:00+00:00,11128.135690975778
2020-04-26 00:00:00+00:00,11146.720464685513
2020-04-26 04:00:00+00:00,11132.571596894575
2020-04-26 08:00:00+00:00,11210.962087463571
2020-04-26 12:00:00+00:00,11133.534053530015
2020-04-26 16:00:00+00:00,11200.925124470858
2020-04-26 20:00:00+00:00,11231.106829341863
2020-04-27 00:00:00+00:00,11256.401062987774
2020-04-27 04:00:00+00:00,11232.713499799014
2020-04-27 08:00:00+00:00,11245.406240140874
2020-04-27 12:00:00+00:00,11216.291308739128
2020-04-27 16:00:00+00:00,11232.785174797677
2020-04-27 20:00:00+00:00,11284.295024981522
2020-04-28 00:00:00+00:00,11233.893837937474
2020-04-28 04:00:00+00:00,11237.676419704114
2020-04-28 08:00:00+00:00,11250.38495275752
2020-04-28 12:00:00+00:00,11242.723052038886
2020-04-28 16:00:00+00:00,11240.20730619642
2020-04-28 20:00:00+00:00,11256.885171336598
2020-04-29 00:00:00+00:00,11316.414755602176
2020-04-29 04:00:00+00:00,11414.565601584545
2020-04-29 08:00:00+00:00,11549.727586274528
2020-04-29 12:00:00+00:00,11712.680873676605
2020-04-29 16:00:00+00:00,11966.7559566983
2020-04-29 20:00:00+00:00,11998.846319419203
2020-04-30 00:00:00+00:00,12290.694577002145
2020-04-30 04:00:00+00:00,12226.701538094096
2020-04-30 08:00:00+00:00,12066.800632311113
2020-04-30 12:00:00+00:00,12039.374421516715
2020-04-30 16:00:00+00:00,12065.4088791752
2020-04-30 20:00:00+00:00,11980.715577595194
2020-05-01 00:00:00+00:00,12001.042790152918
2020-05-01 04:00:00+00:00,12036.735736680934
2020-05-01 08:00:00+00:00,12126.411660625845
2020-05-01 12:00:00+00:00,12020.141790281355
2020-05-01 16:00:00+00:00,12020.881825241948
2020-05-01 20:00:00+00:00,12058.55027420193
2020-05-02 00:00:00+00:00,12061.051236009882
2020-05-02 04:00:00+00:00,12047.19455049152
2020-05-02 08:00:00+00:00,12061.927803795501
2020-05-02 12:00:00+00:00,12105.420949386718
2020-05-02 16:00:00+00:00,12078.891227581194
2020-05-02 20:00:00+00:00,12118.776257578236
2020-05-03 00:00:00+00:00,12190.840102206626
2020-05-03 04:00:00+00:00,12127.791556849887
2020-05-03 08:00:00+00:00,12151.2585432385
2020-05-03 12:00:00+00:00,12049.073136698551
2020-05-03 16:00:00+00:00,12074.050140028083
2020-05-03 20:00:00+00:00,12082.96496019244
2020-05-04 00:00:00+00:00,12010.72410483074
2020-05-04 04:00:00+00:00,11976.685229103254
2020-05-04 08:00:00+00:00,11963.30002505481
2020-05-04 12:00:00+00:00,11890.504400145452
2020-05-04 16:00:00+00:00,11879.236587208261
2020-05-04 20:00:00+00:00,11897.68260585554
2020-05-05 00:00:00+00:00,11887.442403436757
2020-05-05 04:00:00+00:00,11963.184919090983
2020-05-05 08:00:00+00:00,11886.704139158088
2020-05-05 12:00:00+00:00,11884.695200747577
2020-05-05 16:00:00+00:00,11910.940972127848
2020-05-05 20:00:00+00:00,11963.141274501191
2020-05-06 00:00:00+00:00,11943.976451300578
2020-05-06 04:00:00+00:00,11961.416868908313
2020-05-06 08:00:00+00:00,12103.44263512271
2020-05-06 12:00:00+00:00,12083.571740819556
2020-05-06 16:00:00+00:00,12066.356119262035
2020-05-06 20:00:00+00:00,12023.05736214207
2020-05-07 00:00:00+00:00,12085.687403753715
2020-05-07 04:00:00+00:00,12094.042666454196
2020-05-07 08:00:00+00:00,12081.761546143043
2020-05-07 12:00:00+00:00,12186.570173397991
2020-05-07 16:00:00+00:00,12339.953273936708
2020-05-07 20:00:00+00:00,12391.187199688218
2020-05-08 00:00:00+00:00,12368.099871092107
2020-05-08 04:00:00+00:00,12318.739648881214
2020-05-08 08:00:00+00:00,12355.638260363206
2020-05-08 12:00:00+00:00,12370.733554460447
2020-05-08 16:00:00+00:00,12370.692816203164
2020-05-08 20:00:00+00:00,12308.43532953893
2020-05-09 00:00:00+00:00,12334.73140312255
2020-05-09 04:00:00+00:00,12223.000664405312
2020-05-09 08:00:00+00:00,12236.940513559115
2020-05-09 12:00:00+00:00,12256.184861010595
2020-05-09 16:00:00+00:00,12277.139394448785
2020-05-09 20:00:00+00:00,12189.285801399228
2020-05-10 00:00:00+00:00,11791.485079238764
2020-05-10 04:00:00+00:00,11730.653409153143
2020-05-10 08:00:00+00:00,11752.724187427833
2020-05-10 12:00:00+00:00,11779.129028158393
2020-05-10 16:00:00+00:00,11825.705976487352
2020-05-10 20:00:00+00:00,11759.245231273486
2020-05-11 00:00:00+00:00,11766.225863041504
2020-05-11 04:00:00+00:00,11777.184504011602
2020-05-11 08:00:00+00:00,11694.712216123591
2020-05-11 12:00:00+00:00,11707.675859370074
2020-05-11 16:00:00+00:00,11747.018345590315
2020-05-11 20:00:00+00:00,11797.914354304055
2020-05-12 00:00:00+00:00,11756.68021429935
2020-05-12 04:00:00+00:00,11773.57549150113
2020-05-12 08:00:00+00:00,11732.007311048234
2020-05-12 12:00:00+00:00,11713.259450881573
2020-05-12 16:00:00+00:00,11734.754809127247
2020-05-12 20:00:00+00:00,11729.189324820114
2020-05-13 00:00:00+00:00,11699.265223495397
2020-05-13 04:00:00+00:00,11711.798176408956
2020-05-13 08:00:00+00:00,11658.94987224837
2020-05-13 12:00:00+00:00,11626.647140510779
2020-05-13 16:00:00+00:00,11623.509470976722
2020-05-13 20:00:00+00:00,11570.244708220709
2020-05-14 00:00:00+00:00,11580.422300757426
2020-05-14 04:00:00+00:00,11633.255547960236
2020-05-14 08:00:00+00:00,11693.44515833091
2020-05-14 12:00:00+00:00,11713.827520417835
2020-05-14 16:00:00+00:00,11685.147556584543
2020-05-14 20:00:00+00:00,11728.048714190856
2020-05-15 00:00:00+00:00,11623.107612421583
2020-05-15 04:00:00+00:00,11684.255192227836
2020-05-15 08:00:00+00:00,11659.661934435457
2020-05-15 12:00:00+00:00,11623.538474576213
2020-05-15 16:00:00+00:00,11581.284466895864
2020-05-15 20:00:00+00:00,11572.957822477254
2020-05-16 00:00:00+00:00,11542.568822196368
2020-05-16 04:00:00+00:00,11547.289190920543
2020-05-16 08:00:00+00:00,11551.613655869834
2020-05-16 12:00:00+00:00,11559.75210051651
2020-05-16 16:00:00+00:00,11558.242180446548
2020-05-16 20:00:00+00:00,11558.242180446548
2020-05-17 00:00:00+00:00,11558.242180446548
2020-05-17 04:00:00+00:00,11558.242180446548
2020-05-17 08:00:00+00:00,11558.242180446548
2020-05-17 12:00:00+00:00,11558.242180446548
2020-05-17 16:00:00+00:00,11558.242180446548
2020-05-17 20:00:00+00:00,11558.242180446548
2020-05-18 00:00:00+00:00,11558.242180446548
2020-05-18 04:00:00+00:00,11558.242180446548
2020-05-18 08:00:00+00:00,11558.242180446548
2020-05-18 12:00:00+00:00,11558.242180446548
2020-05-18 16:00:00+00:00,11558.242180446548
2020-05-18 20:00:00+00:00,11558.242180446548
2020-05-19 00:00:00+00:00,11558.242180446548
2020-05-19 04:00:00+00:00,11558.242180446548
2020-05-19 08:00:00+00:00,11558.242180446548
2020-05-19 12:00:00+00:00,11558.242180446548
2020-05-19 16:00:00+00:00,11558.242180446548
2020-05-19 20:00:00+00:00,11558.242180446548
2020-05-20 00:00:00+00:00,11558.242180446548
2020-05-20 04:00:00+00:00,11558.242180446548
2020-05-20 08:00:00+00:00,11558.242180446548
2020-05-20 12:00:00+00:00,11558.242180446548
2020-05-20 16:00:00+00:00,11558.242180446548
2020-05-20 20:00:00+00:00,11558.242180446548
2020-05-21 00:00:00+00:00,11558.242180446548
2020-05-21 04:00:00+00:00,11558.242180446548
2020-05-21 08:00:00+00:00,11558.242180446548
2020-05-21 12:00:00+00:00,11558.242180446548
2020-05-21 16:00:00+00:00,11558.242180446548
2020-05-21 20:00:00+00:00,11558.242180446548
2020-05-22 00:00:00+00:00,11582.46556982425
2020-05-22 04:00:00+00:00,11549.289677988974
2020-05-22 08:00:00+00:00,11516.263460884069
2020-05-22 12:00:00+00:00,11493.543519620216
2020-05-22 16:00:00+00:00,11513.185430570837
2020-05-22 20:00:00+00:00,11515.033951249006
2020-05-23 00:00:00+00:00,11467.014591656838
2020-05-23 04:00:00+00:00,11478.912120462708
2020-05-23 08:00:00+00:00,11515.361113068948
2020-05-23 12:00:00+00:00,11503.558651565227
2020-05-23 16:00:00+00:00,11512.136837857432
2020-05-23 20:00:00+00:00,11512.365308472983
2020-05-24 00:00:00+00:00,11506.815082545983
2020-05-24 04:00:00+00:00,11476.671524097388
2020-05-24 08:00:00+00:00,11545.640583940833
2020-05-24 12:00:00+00:00,11543.356737094427
2020-05-24 16:00:00+00:00,11543.356737094427
2020-05-24 20:00:00+00:00,11543.356737094427
2020-05-25 00:00:00+00:00,11510.339972789352
2020-05-25 04:00:00+00:00,11473.227920083795
2020-05-25 08:00:00+00:00,11526.3067154118
2020-05-25 12:00:00+00:00,11512.746479271444
2020-05-25 16:00:00+00:00,11444.132808445676
2020-05-25 20:00:00+00:00,11456.312304455687
2020-05-26 00:00:00+00:00,11454.196583972149
2020-05-26 04:00:00+00:00,11429.038664045393
2020-05-26 08:00:00+00:00,11472.488179903914
2020-05-26 12:00:00+00:00,11542.218324876296
2020-05-26 16:00:00+00:00,11505.883943897237
2020-05-26 20:00:00+00:00,11485.74083192951
2020-05-27 00:00:00+00:00,11491.795786295632
2020-05-27 04:00:00+00:00,11483.066698976794
2020-05-27 08:00:00+00:00,11322.01610350215
2020-05-27 12:00:00+00:00,11322.945446239757
2020-05-27 16:00:00+00:00,11316.976866237956
2020-05-27 20:00:00+00:00,11294.289833092022
2020-05-28 00:00:00+00:00,11309.915440698447
2020-05-28 04:00:00+00:00,11320.262178939924
2020-05-28 08:00:00+00:00,11259.339715134312
2020-05-28 12:00:00+00:00,11132.995149446104
2020-05-28 16:00:00+00:00,11156.407545371556
2020-05-28 20:00:00+00:00,11094.417118531044
2020-05-29 00:00:00+00:00,11092.005272130831
2020-05-29 04:00:00+00:00,11092.005272130831
2020-05-29 08:00:00+00:00,11027.027395157424
2020-05-29 12:00:00+00:00,11032.565895369838
2020-05-29 16:00:00+00:00,11029.892078453275
2020-05-29 20:00:00+00:00,11040.38493254326
2020-05-30 00:00:00+00:00,11024.149256757644
2020-05-30 04:00:00+00:00,11094.811164450632
2020-05-30 08:00:00+00:00,11108.488936984815
2020-05-30 12:00:00+00:00,11101.434499913757
2020-05-30 16:00:00+00:00,11097.965175355464
2020-05-30 20:00:00+00:00,11191.524925233778
2020-05-31 00:00:00+00:00,11127.049111040396
2020-05-31 04:00:00+00:00,11119.84198205488
2020-05-31 08:00:00+00:00,11132.16546810772
2020-05-31 12:00:00+00:00,11072.026199940728
2020-05-31 16:00:00+00:00,11090.351116871432
2020-05-31 20:00:00+00:00,11053.105377274054
2020-06-01 00:00:00+00:00,11110.456628213497
2020-06-01 04:00:00+00:00,11117.526270935605
2020-06-01 08:00:00+00:00,11086.182494158023
2020-06-01 12:00:00+00:00,11105.630739994505
2020-06-01 16:00:00+00:00,11120.800749258146
2020-06-01 20:00:00+00:00,11524.040662259697
2020-06-02 00:00:00+00:00,11462.293293713185
2020-06-02 04:00:00+00:00,11470.041286054819
2020-06-02 08:00:00+00:00,11463.747434086603
2020-06-02 12:00:00+00:00,11128.98298298626
2020-06-02 16:00:00+00:00,11109.302119714812
2020-06-02 20:00:00+00:00,11105.824712706593
2020-06-03 00:00:00+00:00,11118.397120866743
2020-06-03 04:00:00+00:00,11110.413542874108
2020-06-03 08:00:00+00:00,11062.637877275103
2020-06-03 12:00:00+00:00,11089.011187141412
2020-06-03 16:00:00+00:00,11079.74986478597
2020-06-03 20:00:00+00:00,11040.126279047909
2020-06-04 00:00:00+00:00,11035.52311393782
2020-06-04 04:00:00+00:00,11026.486022469515
2020-06-04 08:00:00+00:00,11024.229031081668
2020-06-04 12:00:00+00:00,11024.229031081668
2020-06-04 16:00:00+00:00,11024.229031081668
2020-06-04 20:00:00+00:00,11024.229031081668
2020-06-05 00:00:00+00:00,11024.229031081668
2020-06-05 04:00:00+00:00,11024.229031081668
2020-06-05 08:00:00+00:00,11024.229031081668
2020-06-05 12:00:00+00:00,11024.229031081668
2020-06-05 16:00:00+00:00,11024.229031081668
2020-06-05 20:00:00+00:00,11024.229031081668
2020-06-06 00:00:00+00:00,11024.229031081668
2020-06-06 04:00:00+00:00,11024.229031081668
2020-06-06 08:00:00+00:00,11024.229031081668
2020-06-06 12:00:00+00:00,11024.229031081668
2020-06-06 16:00:00+00:00,11024.229031081668
2020-06-06 20:00:00+00:00,11024.229031081668
2020-06-07 00:00:00+00:00,11024.229031081668
2020-06-07 04:00:00+00:00,11024.229031081668
2020-06-07 08:00:00+00:00,11024.229031081668
2020-06-07 12:00:00+00:00,11024.229031081668
2020-06-07 16:00:00+00:00,11024.229031081668
2020-06-07 20:00:00+00:00,11024.229031081668
2020-06-08 00:00:00+00:00,11024.229031081668
2020-06-08 04:00:00+00:00,11024.229031081668
2020-06-08 08:00:00+00:00,11024.229031081668
2020-06-08 12:00:00+00:00,11024.229031081668
2020-06-08 16:00:00+00:00,11024.229031081668
2020-06-08 20:00:00+00:00,11024.229031081668
2020-06-09 00:00:00+00:00,11024.229031081668
2020-06-09 04:00:00+00:00,11024.229031081668
2020-06-09 08:00:00+00:00,11024.229031081668
2020-06-09 12:00:00+00:00,11024.229031081668
2020-06-09 16:00:00+00:00,11024.229031081668
2020-06-09 20:00:00+00:00,11024.229031081668
2020-06-10 00:00:00+00:00,11024.229031081668
2020-06-10 04:00:00+00:00,11024.229031081668
2020-06-10 08:00:00+00:00,11024.229031081668
2020-06-10 12:00:00+00:00,11024.229031081668
2020-06-10 16:00:00+00:00,11024.229031081668
2020-06-10 20:00:00+00:00,11024.229031081668
2020-06-11 00:00:00+00:00,11024.229031081668
2020-06-11 04:00:00+00:00,11024.229031081668
2020-06-11 08:00:00+00:00,11024.229031081668
2020-06-11 12:00:00+00:00,11024.229031081668
2020-06-11 16:00:00+00:00,11024.229031081668
2020-06-11 20:00:00+00:00,11021.621185209324
2020-06-12 00:00:00+00:00,11049.425584438275
2020-06-12 04:00:00+00:00,11074.999092111964
2020-06-12 08:00:00+00:00,11094.310270903099
2020-06-12 12:00:00+00:00,11068.203455325798
2020-06-12 16:00:00+00:00,11058.372816465897
2020-06-12 20:00:00+00:00,11055.81176129253
2020-06-13 00:00:00+00:00,11055.81176129253
2020-06-13 04:00:00+00:00,11055.81176129253
2020-06-13 08:00:00+00:00,11055.81176129253
2020-06-13 12:00:00+00:00,11055.81176129253
2020-06-13 16:00:00+00:00,11073.60226824831
2020-06-13 20:00:00+00:00,11032.151669739702
2020-06-14 00:00:00+00:00,11055.022937108555
2020-06-14 04:00:00+00:00,11066.967310440383
2020-06-14 08:00:00+00:00,11061.417284494944
2020-06-14 12:00:00+00:00,11066.497194072046
2020-06-14 16:00:00+00:00,11082.483262495958
2020-06-14 20:00:00+00:00,11117.80800762716
2020-06-15 00:00:00+00:00,11238.938402229744
2020-06-15 04:00:00+00:00,11268.628403348499
2020-06-15 08:00:00+00:00,11270.477042793485
2020-06-15 12:00:00+00:00,11160.459137642374
2020-06-15 16:00:00+00:00,11088.64721496965
2020-06-15 20:00:00+00:00,11083.061297906272
2020-06-16 00:00:00+00:00,11002.878413292648
2020-06-16 04:00:00+00:00,11035.988148025515
2020-06-16 08:00:00+00:00,11032.42059004957
2020-06-16 12:00:00+00:00,11065.520991848762
2020-06-16 16:00:00+00:00,11034.534475985187
2020-06-16 20:00:00+00:00,11026.278747069888
2020-06-17 00:00:00+00:00,11063.967550404781
2020-06-17 04:00:00+00:00,11032.416658309203
2020-06-17 08:00:00+00:00,11052.423148489572
2020-06-17 12:00:00+00:00,11103.86871277591
2020-06-17 16:00:00+00:00,11165.066418754037
2020-06-17 20:00:00+00:00,11063.771112981964
2020-06-18 00:00:00+00:00,11082.792868302904
2020-06-18 04:00:00+00:00,11076.11653505919
2020-06-18 08:00:00+00:00,11080.603087259415
2020-06-18 12:00:00+00:00,11108.25602829739
2020-06-18 16:00:00+00:00,11103.51498566929
2020-06-18 20:00:00+00:00,11109.985165191869
2020-06-19 00:00:00+00:00,11183.894029302652
2020-06-19 04:00:00+00:00,11166.630741053314
2020-06-19 08:00:00+00:00,11108.357735435528
2020-06-19 12:00:00+00:00,11111.636141256295
2020-06-19 16:00:00+00:00,11161.493813648489
2020-06-19 20:00:00+00:00,11158.729284715218
2020-06-20 00:00:00+00:00,11147.850666901337
2020-06-20 04:00:00+00:00,11165.722302144124
2020-06-20 08:00:00+00:00,11149.905013286787
2020-06-20 12:00:00+00:00,11193.768144985243
2020-06-20 16:00:00+00:00,11176.303800118469
2020-06-20 20:00:00+00:00,11125.289380060553
2020-06-21 00:00:00+00:00,11116.118899289015
2020-06-21 04:00:00+00:00,11117.983176048649
2020-06-21 08:00:00+00:00,11124.459004024147
2020-06-21 12:00:00+00:00,11112.968480070316
2020-06-21 16:00:00+00:00,11130.847935179996
2020-06-21 20:00:00+00:00,11173.73637134809
2020-06-22 00:00:00+00:00,11104.5288494982
2020-06-22 04:00:00+00:00,11075.418670812462
2020-06-22 08:00:00+00:00,11042.043501011609
2020-06-22 12:00:00+00:00,11016.723807960416
2020-06-22 16:00:00+00:00,10956.186628196874
2020-06-22 20:00:00+00:00,10857.739507331862
2020-06-23 00:00:00+00:00,10877.558906480259
2020-06-23 04:00:00+00:00,10873.94205389545
2020-06-23 08:00:00+00:00,10873.94205389545
2020-06-23 12:00:00+00:00,10873.94205389545
2020-06-23 16:00:00+00:00,10830.87090055352
2020-06-23 20:00:00+00:00,10818.471543522104
2020-06-24 00:00:00+00:00,10838.164194994486
2020-06-24 04:00:00+00:00,10723.089134727881
2020-06-24 08:00:00+00:00,10578.167846405155
2020-06-24 12:00:00+00:00,10630.39917854227
2020-06-24 16:00:00+00:00,10598.822647071467
2020-06-24 20:00:00+00:00,10595.634249307226
2020-06-25 00:00:00+00:00,10595.634249307226
2020-06-25 04:00:00+00:00,10547.847762297386
2020-06-25 08:00:00+00:00,10494.409436584381
2020-06-25 12:00:00+00:00,10505.586040193994
2020-06-25 16:00:00+00:00,10477.863190018814
2020-06-25 20:00:00+00:00,10499.201806359584
2020-06-26 00:00:00+00:00,10502.777930757498
2020-06-26 04:00:00+00:00,10565.819888909542
2020-06-26 08:00:00+00:00,10538.461897357229
2020-06-26 12:00:00+00:00,10562.61640269822
2020-06-26 16:00:00+00:00,10554.54450439007
2020-06-26 20:00:00+00:00,10556.341901823433
2020-06-27 00:00:00+00:00,10556.222422097679
2020-06-27 04:00:00+00:00,10547.624314547415
2020-06-27 08:00:00+00:00,10559.550741160278
2020-06-27 12:00:00+00:00,10577.443578187327
2020-06-27 16:00:00+00:00,10712.448725754974
2020-06-27 20:00:00+00:00,10664.647867211497
2020-06-28 00:00:00+00:00,10688.29737340348
2020-06-28 04:00:00+00:00,10656.0400082528
2020-06-28 08:00:00+00:00,10639.93335434411
2020-06-28 12:00:00+00:00,10572.169723175526
2020-06-28 16:00:00+00:00,10600.187156732642
2020-06-28 20:00:00+00:00,10597.392550873961
2020-06-29 00:00:00+00:00,10611.604964540194
2020-06-29 04:00:00+00:00,10610.201412304232
2020-06-29 08:00:00+00:00,10612.395378305126
2020-06-29 12:00:00+00:00,10592.088433278486
2020-06-29 16:00:00+00:00,10568.106916093795
2020-06-29 20:00:00+00:00,10545.379106009046
2020-06-30 00:00:00+00:00,10564.883472082985
2020-06-30 04:00:00+00:00,10578.280872035015
2020-06-30 08:00:00+00:00,10574.192926058291
2020-06-30 12:00:00+00:00,10559.8334006113
2020-06-30 16:00:00+00:00,10587.698628325144
2020-06-30 20:00:00+00:00,10583.406120273945
2020-07-01 00:00:00+00:00,10584.103673271404
2020-07-01 04:00:00+00:00,10585.87522315617
2020-07-01 08:00:00+00:00,10568.913620318488
2020-07-01 12:00:00+00:00,10479.82041249441
2020-07-01 16:00:00+00:00,10501.081249775967
2020-07-01 20:00:00+00:00,10505.435955882587
2020-07-02 00:00:00+00:00,10502.965944682746
2020-07-02 04:00:00+00:00,10527.038767178768
2020-07-02 08:00:00+00:00,10537.421850092274
2020-07-02 12:00:00+00:00,10533.34887570258
2020-07-02 16:00:00+00:00,10533.34887570258
2020-07-02 20:00:00+00:00,10533.34887570258
2020-07-03 00:00:00+00:00,10533.34887570258
2020-07-03 04:00:00+00:00,10533.34887570258
2020-07-03 08:00:00+00:00,10533.34887570258
2020-07-03 12:00:00+00:00,10533.34887570258
2020-07-03 16:00:00+00:00,10543.105601599877
2020-07-03 20:00:00+00:00,10566.006585073526
2020-07-04 00:00:00+00:00,10542.89770564664
2020-07-04 04:00:00+00:00,10551.536699526836
2020-07-04 08:00:00+00:00,10567.346606608284
2020-07-04 12:00:00+00:00,10559.46707762663
2020-07-04 16:00:00+00:00,10494.51409094299
2020-07-04 20:00:00+00:00,10488.693723276243
2020-07-05 00:00:00+00:00,10498.684829583306
2020-07-05 04:00:00+00:00,10566.433292885931
2020-07-05 08:00:00+00:00,10595.378935526904
2020-07-05 12:00:00+00:00,10601.836117034793
2020-07-05 16:00:00+00:00,10600.348430478685
2020-07-05 20:00:00+00:00,10557.1182797868
2020-07-06 00:00:00+00:00,10542.580471209449
2020-07-06 04:00:00+00:00,10431.847120795037
2020-07-06 08:00:00+00:00,10412.546563384218
2020-07-06 12:00:00+00:00,10335.519977416172
2020-07-06 16:00:00+00:00,10350.57639005759
2020-07-06 20:00:00+00:00,10302.844501585794
2020-07-07 00:00:00+00:00,10345.102045013376
2020-07-07 04:00:00+00:00,10372.8975570338
2020-07-07 08:00:00+00:00,10364.69093824145
2020-07-07 12:00:00+00:00,10361.097325277246
2020-07-07 16:00:00+00:00,10394.163066451554
2020-07-07 20:00:00+00:00,10376.593678802697
2020-07-08 00:00:00+00:00,10328.90750661173
2020-07-08 04:00:00+00:00,10324.566215485778
2020-07-08 08:00:00+00:00,10324.566215485778
2020-07-08 12:00:00+00:00,10324.566215485778
2020-07-08 16:00:00+00:00,10324.566215485778
2020-07-08 20:00:00+00:00,10324.566215485778
2020-07-09 00:00:00+00:00,10324.566215485778
2020-07-09 04:00:00+00:00,10324.566215485778
2020-07-09 08:00:00+00:00,10324.566215485778
2020-07-09 12:00:00+00:00,10324.566215485778
2020-07-09 16:00:00+00:00,10324.566215485778
2020-07-09 20:00:00+00:00,10324.566215485778
2020-07-10 00:00:00+00:00,10324.566215485778
2020-07-10 04:00:00+00:00,10324.566215485778
2020-07-10 08:00:00+00:00,10324.566215485778
2020-07-10 12:00:00+00:00,10324.566215485778
2020-07-10 16:00:00+00:00,10324.566215485778
2020-07-10 20:00:00+00:00,10324.566215485778
2020-07-11 00:00:00+00:00,10324.566215485778
2020-07-11 04:00:00+00:00,10324.566215485778
2020-07-11 08:00:00+00:00,10324.566215485778
2020-07-11 12:00:00+00:00,10324.566215485778
2020-07-11 16:00:00+00:00,10324.566215485778
2020-07-11 20:00:00+00:00,10324.566215485778
2020-07-12 00:00:00+00:00,10324.566215485778
2020-07-12 04:00:00+00:00,10324.566215485778
2020-07-12 08:00:00+00:00,10324.566215485778
2020-07-12 12:00:00+00:00,10324.566215485778
2020-07-12 16:00:00+00:00,10324.566215485778
2020-07-12 20:00:00+00:00,10324.566215485778
2020-07-13 00:00:00+00:00,10324.566215485778
2020-07-13 04:00:00+00:00,10324.566215485778
2020-07-13 08:00:00+00:00,10324.566215485778
2020-07-13 12:00:00+00:00,10324.566215485778
2020-07-13 16:00:00+00:00,10324.566215485778
2020-07-13 20:00:00+00:00,10324.566215485778
2020-07-14 00:00:00+00:00,10324.566215485778
2020-07-14 04:00:00+00:00,10324.566215485778
2020-07-14 08:00:00+00:00,10324.566215485778
2020-07-14 12:00:00+00:00,10324.566215485778
2020-07-14 16:00:00+00:00,10324.566215485778
2020-07-14 20:00:00+00:00,10324.566215485778
2020-07-15 00:00:00+00:00,10324.566215485778
2020-07-15 04:00:00+00:00,10324.566215485778
2020-07-15 08:00:00+00:00,10324.566215485778
2020-07-15 12:00:00+00:00,10324.566215485778
2020-07-15 16:00:00+00:00,10324.566215485778
2020-07-15 20:00:00+00:00,10324.566215485778
2020-07-16 00:00:00+00:00,10324.566215485778
2020-07-16 04:00:00+00:00,10324.566215485778
2020-07-16 08:00:00+00:00,10324.566215485778
2020-07-16 12:00:00+00:00,10324.566215485778
2020-07-16 16:00:00+00:00,10324.566215485778
2020-07-16 20:00:00+00:00,10324.566215485778
2020-07-17 00:00:00+00:00,10336.528180299596
2020-07-17 04:00:00+00:00,10345.59462003166
2020-07-17 08:00:00+00:00,10311.970411016486
2020-07-17 12:00:00+00:00,10303.3712363768
2020-07-17 16:00:00+00:00,10285.157299943776
2020-07-17 20:00:00+00:00,10297.824634908708
2020-07-18 00:00:00+00:00,10325.041652305512
2020-07-18 04:00:00+00:00,10323.462770519593
2020-07-18 08:00:00+00:00,10282.543512125774
2020-07-18 12:00:00+00:00,10272.150081760903
2020-07-18 16:00:00+00:00,10282.554523759867
2020-07-18 20:00:00+00:00,10272.393742018377
2020-07-19 00:00:00+00:00,10294.76474027314
2020-07-19 04:00:00+00:00,10294.014170511431
2020-07-19 08:00:00+00:00,10339.388624477206
2020-07-19 12:00:00+00:00,10332.622524594703
2020-07-19 16:00:00+00:00,10332.622524594703
2020-07-19 20:00:00+00:00,10332.622524594703
2020-07-20 00:00:00+00:00,10332.622524594703
2020-07-20 04:00:00+00:00,10332.622524594703
2020-07-20 08:00:00+00:00,10332.622524594703
2020-07-20 12:00:00+00:00,10332.622524594703
2020-07-20 16:00:00+00:00,10332.622524594703
2020-07-20 20:00:00+00:00,10332.622524594703
2020-07-21 00:00:00+00:00,10332.622524594703
2020-07-21 04:00:00+00:00,10332.622524594703
2020-07-21 08:00:00+00:00,10332.622524594703
2020-07-21 12:00:00+00:00,10332.622524594703
2020-07-21 16:00:00+00:00,10332.622524594703
2020-07-21 20:00:00+00:00,10332.622524594703
2020-07-22 00:00:00+00:00,10287.551045450173
2020-07-22 04:00:00+00:00,10212.45306888081
2020-07-22 08:00:00+00:00,10264.904580988652
2020-07-22 12:00:00+00:00,10257.821020413612
2020-07-22 16:00:00+00:00,10299.840602305905
2020-07-22 20:00:00+00:00,10488.576268657864
2020-07-23 00:00:00+00:00,10457.61431258829
2020-07-23 04:00:00+00:00,10459.448483112767
2020-07-23 08:00:00+00:00,10473.656433261096
2020-07-23 12:00:00+00:00,10497.246749325985
2020-07-23 16:00:00+00:00,10575.175673293743
2020-07-23 20:00:00+00:00,10582.483469953606
2020-07-24 00:00:00+00:00,10537.089813194225
2020-07-24 04:00:00+00:00,10483.070185098926
2020-07-24 08:00:00+00:00,10503.430976598233
2020-07-24 12:00:00+00:00,10524.118682469765
2020-07-24 16:00:00+00:00,10554.545763438498
2020-07-24 20:00:00+00:00,10507.335532382136
2020-07-25 00:00:00+00:00,10552.42053611339
2020-07-25 04:00:00+00:00,10542.048531427608
2020-07-25 08:00:00+00:00,10543.445002663606
2020-07-25 12:00:00+00:00,10562.060187018766
2020-07-25 16:00:00+00:00,10645.209680051586
2020-07-25 20:00:00+00:00,10673.252785301098
2020-07-26 00:00:00+00:00,10651.131209267229
2020-07-26 04:00:00+00:00,10691.971478622083
2020-07-26 08:00:00+00:00,10965.8261615051
2020-07-26 12:00:00+00:00,10955.361329904728
2020-07-26 16:00:00+00:00,10879.388442229736
2020-07-26 20:00:00+00:00,10927.13606973655
2020-07-27 00:00:00+00:00,11181.473499441672
2020-07-27 04:00:00+00:00,11106.914671137298
2020-07-27 08:00:00+00:00,11167.652996969531
2020-07-27 12:00:00+00:00,11193.389952692314
2020-07-27 16:00:00+00:00,11496.397487412245
2020-07-27 20:00:00+00:00,11622.73317258917
2020-07-28 00:00:00+00:00,11591.381746596871
2020-07-28 04:00:00+00:00,11549.259954655357
2020-07-28 08:00:00+00:00,11586.796406078991
2020-07-28 12:00:00+00:00,11651.211944433106
2020-07-28 16:00:00+00:00,11585.947889191568
2020-07-28 20:00:00+00:00,11552.197120830195
2020-07-29 00:00:00+00:00,11575.324374162317
2020-07-29 04:00:00+00:00,11589.80498534291
2020-07-29 08:00:00+00:00,11619.081711105622
2020-07-29 12:00:00+00:00,11644.343608427682
2020-07-29 16:00:00+00:00,11657.988247173986
2020-07-29 20:00:00+00:00,11617.722861350432
2020-07-30 00:00:00+00:00,11571.94580188297
2020-07-30 04:00:00+00:00,11554.72231087725
2020-07-30 08:00:00+00:00,11547.481947510063
2020-07-30 12:00:00+00:00,11578.18600902526
2020-07-30 16:00:00+00:00,11618.539369530235
2020-07-30 20:00:00+00:00,11611.028228258418
2020-07-31 00:00:00+00:00,11556.999993481055
2020-07-31 04:00:00+00:00,11619.133632166198
2020-07-31 08:00:00+00:00,11655.034058758989
2020-07-31 12:00:00+00:00,11706.994274886089
2020-07-31 16:00:00+00:00,11693.196776685309
2020-07-31 20:00:00+00:00,11700.384538323757
2020-08-01 00:00:00+00:00,11711.815067492413
2020-08-01 04:00:00+00:00,11835.375780453662
2020-08-01 08:00:00+00:00,11834.949083986028
2020-08-01 12:00:00+00:00,11823.912409339066
2020-08-01 16:00:00+00:00,11882.578643689698
2020-08-01 20:00:00+00:00,11890.901168537013
2020-08-02 00:00:00+00:00,11973.47319321626
2020-08-02 04:00:00+00:00,11692.337039652044
2020-08-02 08:00:00+00:00,11753.063830859666
2020-08-02 12:00:00+00:00,11758.90195754669
2020-08-02 16:00:00+00:00,11724.581425479324
2020-08-02 20:00:00+00:00,11764.20655344335
2020-08-03 00:00:00+00:00,11744.776425713966
2020-08-03 04:00:00+00:00,11726.544227275877
2020-08-03 08:00:00+00:00,11716.691697620903
2020-08-03 12:00:00+00:00,11669.268913313832
2020-08-03 16:00:00+00:00,11665.200067145823
2020-08-03 20:00:00+00:00,11725.425564528354
2020-08-04 00:00:00+00:00,11712.178183281152
2020-08-04 04:00:00+00:00,11702.78116774145
2020-08-04 08:00:00+00:00,11762.13912076965
2020-08-04 12:00:00+00:00,11730.505120943675
2020-08-04 16:00:00+00:00,11728.551006212638
2020-08-04 20:00:00+00:00,11739.156741784027
2020-08-05 00:00:00+00:00,11721.988520903116
2020-08-05 04:00:00+00:00,11707.983807575201
2020-08-05 08:00:00+00:00,11648.672959190579
2020-08-05 12:00:00+00:00,11561.866737075752
2020-08-05 16:00:00+00:00,11550.880596063198
2020-08-05 20:00:00+00:00,11587.45173221641
2020-08-06 00:00:00+00:00,11548.791747309015
2020-08-06 04:00:00+00:00,11543.474080571084
2020-08-06 08:00:00+00:00,11565.146415877976
2020-08-06 12:00:00+00:00,11624.235329431085
2020-08-06 16:00:00+00:00,11632.86550226677
2020-08-06 20:00:00+00:00,11589.508967149779
2020-08-07 00:00:00+00:00,11587.075641002157
2020-08-07 04:00:00+00:00,11587.075641002157
2020-08-07 08:00:00+00:00,11587.075641002157
2020-08-07 12:00:00+00:00,11587.075641002157
2020-08-07 16:00:00+00:00,11587.075641002157
2020-08-07 20:00:00+00:00,11587.075641002157
2020-08-08 00:00:00+00:00,11587.075641002157
2020-08-08 04:00:00+00:00,11587.075641002157
2020-08-08 08:00:00+00:00,11587.075641002157
2020-08-08 12:00:00+00:00,11587.075641002157
2020-08-08 16:00:00+00:00,11587.075641002157
2020-08-08 20:00:00+00:00,11587.075641002157
2020-08-09 00:00:00+00:00,11587.075641002157
2020-08-09 04:00:00+00:00,11587.075641002157
2020-08-09 08:00:00+00:00,11587.075641002157
2020-08-09 12:00:00+00:00,11587.075641002157
2020-08-09 16:00:00+00:00,11587.075641002157
2020-08-09 20:00:00+00:00,11587.075641002157
2020-08-10 00:00:00+00:00,11587.075641002157
2020-08-10 04:00:00+00:00,11587.075641002157
2020-08-10 08:00:00+00:00,11587.075641002157
2020-08-10 12:00:00+00:00,11587.075641002157
2020-08-10 16:00:00+00:00,11587.075641002157
2020-08-10 20:00:00+00:00,11587.075641002157
2020-08-11 00:00:00+00:00,11587.075641002157
2020-08-11 04:00:00+00:00,11587.075641002157
2020-08-11 08:00:00+00:00,11587.075641002157
2020-08-11 12:00:00+00:00,11587.075641002157
2020-08-11 16:00:00+00:00,11587.075641002157
2020-08-11 20:00:00+00:00,11585.864451026584
2020-08-12 00:00:00+00:00,11588.770369989754
2020-08-12 04:00:00+00:00,11562.764444636749
2020-08-12 08:00:00+00:00,11557.301536619601
2020-08-12 12:00:00+00:00,11509.813316195812
2020-08-12 16:00:00+00:00,11514.21160173391
2020-08-12 20:00:00+00:00,11516.544291528464
2020-08-13 00:00:00+00:00,11515.626310261452
2020-08-13 04:00:00+00:00,11537.534645723941
2020-08-13 08:00:00+00:00,11519.7974093257
2020-08-13 12:00:00+00:00,11543.267297641893
2020-08-13 16:00:00+00:00,11539.956321218737
2020-08-13 20:00:00+00:00,11421.21220355721
2020-08-14 00:00:00+00:00,11445.1950888004
2020-08-14 04:00:00+00:00,11456.792232047968
2020-08-14 08:00:00+00:00,11431.732137133973
2020-08-14 12:00:00+00:00,11441.252514736181
2020-08-14 16:00:00+00:00,11415.676953475851
2020-08-14 20:00:00+00:00,11434.11265739773
2020-08-15 00:00:00+00:00,11373.621049784522
2020-08-15 04:00:00+00:00,11368.754451240446
2020-08-15 08:00:00+00:00,11344.367662180484
2020-08-15 12:00:00+00:00,11346.425361988502
2020-08-15 16:00:00+00:00,11347.694166043924
2020-08-15 20:00:00+00:00,11341.45203952719
2020-08-16 00:00:00+00:00,11373.452465599406
2020-08-16 04:00:00+00:00,11370.706764969049
2020-08-16 08:00:00+00:00,11370.706764969049
2020-08-16 12:00:00+00:00,11370.706764969049
2020-08-16 16:00:00+00:00,11370.706764969049
2020-08-16 20:00:00+00:00,11370.706764969049
2020-08-17 00:00:00+00:00,11370.706764969049
2020-08-17 04:00:00+00:00,11370.706764969049
2020-08-17 08:00:00+00:00,11370.706764969049
2020-08-17 12:00:00+00:00,11370.706764969049
2020-08-17 16:00:00+00:00,11370.706764969049
2020-08-17 20:00:00+00:00,11370.706764969049
2020-08-18 00:00:00+00:00,11370.706764969049
2020-08-18 04:00:00+00:00,11370.706764969049
2020-08-18 08:00:00+00:00,11370.706764969049
2020-08-18 12:00:00+00:00,11370.706764969049
2020-08-18 16:00:00+00:00,11370.706764969049
2020-08-18 20:00:00+00:00,11370.706764969049
2020-08-19 00:00:00+00:00,11370.706764969049
2020-08-19 04:00:00+00:00,11370.706764969049
2020-08-19 08:00:00+00:00,11370.706764969049
2020-08-19 12:00:00+00:00,11370.706764969049
2020-08-19 16:00:00+00:00,11370.706764969049
2020-08-19 20:00:00+00:00,11370.706764969049
2020-08-20 00:00:00+00:00,11370.706764969049
2020-08-20 04:00:00+00:00,11370.706764969049
2020-08-20 08:00:00+00:00,11316.70429378871
2020-08-20 12:00:00+00:00,11300.186062074567
2020-08-20 16:00:00+00:00,11305.326194076455
2020-08-20 20:00:00+00:00,11302.366962546563
2020-08-21 00:00:00+00:00,11296.665143573342
2020-08-21 04:00:00+00:00,11310.946041398098
2020-08-21 08:00:00+00:00,11373.988660037616
2020-08-21 12:00:00+00:00,11371.959053871147
2020-08-21 16:00:00+00:00,11397.05268933478
2020-08-21 20:00:00+00:00,11471.22883867993
2020-08-22 00:00:00+00:00,11502.986273173356
2020-08-22 04:00:00+00:00,11447.491169640836
2020-08-22 08:00:00+00:00,11457.78401950802
2020-08-22 12:00:00+00:00,11446.457513647909
2020-08-22 16:00:00+00:00,11442.368607191673
2020-08-22 20:00:00+00:00,11400.248970206172
2020-08-23 00:00:00+00:00,11437.636877645955
2020-08-23 04:00:00+00:00,11428.344983490875
2020-08-23 08:00:00+00:00,11481.727881140241
2020-08-23 12:00:00+00:00,11407.337695104958
2020-08-23 16:00:00+00:00,11389.41348246972
2020-08-23 20:00:00+00:00,11409.253910816784
2020-08-24 00:00:00+00:00,11388.74982757367
2020-08-24 04:00:00+00:00,11341.604818540764
2020-08-24 08:00:00+00:00,11318.554829000745
2020-08-24 12:00:00+00:00,11290.926186069415
2020-08-24 16:00:00+00:00,11292.367323682663
2020-08-24 20:00:00+00:00,11293.616458695804
2020-08-25 00:00:00+00:00,11347.60640737721
2020-08-25 04:00:00+00:00,11402.734540071679
2020-08-25 08:00:00+00:00,11384.945948510893
2020-08-25 12:00:00+00:00,11514.38163303677
2020-08-25 16:00:00+00:00,11510.396153491725
2020-08-25 20:00:00+00:00,11510.396153491725
2020-08-26 00:00:00+00:00,11482.374419787586
2020-08-26 04:00:00+00:00,11492.908310663113
2020-08-26 08:00:00+00:00,11474.06678397746
2020-08-26 12:00:00+00:00,11413.425451236037
2020-08-26 16:00:00+00:00,11423.402264312128
2020-08-26 20:00:00+00:00,11424.899979934438
2020-08-27 00:00:00+00:00,11472.47815386824
2020-08-27 04:00:00+00:00,11458.633534447357
2020-08-27 08:00:00+00:00,11518.389740282337
2020-08-27 12:00:00+00:00,11510.397469068575
2020-08-27 16:00:00+00:00,11556.410222410475
2020-08-27 20:00:00+00:00,11508.470674360253
2020-08-28 00:00:00+00:00,11481.306535159583
2020-08-28 04:00:00+00:00,11482.082853724345
2020-08-28 08:00:00+00:00,11428.028515658532
2020-08-28 12:00:00+00:00,11394.484328378656
2020-08-28 16:00:00+00:00,11413.17741230196
2020-08-28 20:00:00+00:00,11397.415658265032
2020-08-29 00:00:00+00:00,11412.193256173261
2020-08-29 04:00:00+00:00,11377.271632670367
2020-08-29 08:00:00+00:00,11447.611554240944
2020-08-29 12:00:00+00:00,11414.69280274967
2020-08-29 16:00:00+00:00,11399.756111939156
2020-08-29 20:00:00+00:00,11438.858354982693
2020-08-30 00:00:00+00:00,11435.007937916509
2020-08-30 04:00:00+00:00,11435.007937916509
2020-08-30 08:00:00+00:00,11435.007937916509
2020-08-30 12:00:00+00:00,11435.007937916509
2020-08-30 16:00:00+00:00,11435.007937916509
2020-08-30 20:00:00+00:00,11435.007937916509
2020-08-31 00:00:00+00:00,11435.007937916509
2020-08-31 04:00:00+00:00,11435.007937916509
2020-08-31 08:00:00+00:00,11435.007937916509
2020-08-31 12:00:00+00:00,11435.007937916509
2020-08-31 16:00:00+00:00,11435.007937916509
2020-08-31 20:00:00+00:00,11435.007937916509
2020-09-01 00:00:00+00:00,11435.007937916509
2020-09-01 04:00:00+00:00,11435.007937916509
2020-09-01 08:00:00+00:00,11435.007937916509
2020-09-01 12:00:00+00:00,11435.007937916509
2020-09-01 16:00:00+00:00,11435.007937916509
2020-09-01 20:00:00+00:00,11435.007937916509
2020-09-02 00:00:00+00:00,11435.007937916509
2020-09-02 04:00:00+00:00,11435.007937916509
2020-09-02 08:00:00+00:00,11435.007937916509
2020-09-02 12:00:00+00:00,11435.007937916509
2020-09-02 16:00:00+00:00,11435.007937916509
2020-09-02 20:00:00+00:00,11432.719006429012
2020-09-03 00:00:00+00:00,11455.359882028504
2020-09-03 04:00:00+00:00,11452.36928372356
2020-09-03 08:00:00+00:00,11452.36928372356
2020-09-03 12:00:00+00:00,11722.43610606666
2020-09-03 16:00:00+00:00,11720.295853846797
2020-09-03 20:00:00+00:00,11958.95820639508
2020-09-04 00:00:00+00:00,11910.189210389623
2020-09-04 04:00:00+00:00,11900.559558262672
2020-09-04 08:00:00+00:00,11854.194983605115
2020-09-04 12:00:00+00:00,11851.948036350508
2020-09-04 16:00:00+00:00,11803.6962825102
2020-09-04 20:00:00+00:00,11844.581367007831
2020-09-05 00:00:00+00:00,11858.057006797195
2020-09-05 04:00:00+00:00,11859.80482480606
2020-09-05 08:00:00+00:00,11923.434438624632
2020-09-05 12:00:00+00:00,11906.638756411738
2020-09-05 16:00:00+00:00,12016.496150915442
2020-09-05 20:00:00+00:00,11946.341873847008
2020-09-06 00:00:00+00:00,11947.149459144195
2020-09-06 04:00:00+00:00,11925.14446730363
2020-09-06 08:00:00+00:00,11914.003899162783
2020-09-06 12:00:00+00:00,11945.201387870378
2020-09-06 16:00:00+00:00,11916.93764123988
2020-09-06 20:00:00+00:00,11916.660701343244
2020-09-07 00:00:00+00:00,11936.970730957397
2020-09-07 04:00:00+00:00,11969.69659915785
2020-09-07 08:00:00+00:00,12002.199512316085
2020-09-07 12:00:00+00:00,11957.738987867286
2020-09-07 16:00:00+00:00,11956.819639557762
2020-09-07 20:00:00+00:00,11868.125346363046
2020-09-08 00:00:00+00:00,11895.78562920746
2020-09-08 04:00:00+00:00,11909.879327041892
2020-09-08 08:00:00+00:00,12022.724548948843
2020-09-08 12:00:00+00:00,11978.31899816885
2020-09-08 16:00:00+00:00,12020.10821937588
2020-09-08 20:00:00+00:00,11968.120992287806
2020-09-09 00:00:00+00:00,12005.750896341813
2020-09-09 04:00:00+00:00,11944.087628152727
2020-09-09 08:00:00+00:00,11932.142956083582
2020-09-09 12:00:00+00:00,11923.781983118472
2020-09-09 16:00:00+00:00,11911.514471161578
2020-09-09 20:00:00+00:00,11935.039677138244
2020-09-10 00:00:00+00:00,11872.344161281046
2020-09-10 04:00:00+00:00,11912.729532238895
2020-09-10 08:00:00+00:00,11905.188333308906
2020-09-10 12:00:00+00:00,11853.026077471666
2020-09-10 16:00:00+00:00,11915.596834366068
2020-09-10 20:00:00+00:00,11886.830699380098
2020-09-11 00:00:00+00:00,11937.803583206065
2020-09-11 04:00:00+00:00,11920.620043678073
2020-09-11 08:00:00+00:00,11922.741285301174
2020-09-11 12:00:00+00:00,11892.90255667328
2020-09-11 16:00:00+00:00,11890.595747570444
2020-09-11 20:00:00+00:00,11858.882636779075
2020-09-12 00:00:00+00:00,11882.607732047818
2020-09-12 04:00:00+00:00,11881.852191636079
2020-09-12 08:00:00+00:00,11884.006833643087
2020-09-12 12:00:00+00:00,11872.99853605625
2020-09-12 16:00:00+00:00,11870.07302142716
2020-09-12 20:00:00+00:00,11870.07302142716
2020-09-13 00:00:00+00:00,11870.07302142716
2020-09-13 04:00:00+00:00,11870.07302142716
2020-09-13 08:00:00+00:00,11870.07302142716
2020-09-13 12:00:00+00:00,11870.07302142716
2020-09-13 16:00:00+00:00,11870.07302142716
2020-09-13 20:00:00+00:00,11870.07302142716
2020-09-14 00:00:00+00:00,11870.07302142716
2020-09-14 04:00:00+00:00,11870.07302142716
2020-09-14 08:00:00+00:00,11870.07302142716
2020-09-14 12:00:00+00:00,11870.07302142716
2020-09-14 16:00:00+00:00,11870.07302142716
2020-09-14 20:00:00+00:00,11870.07302142716
2020-09-15 00:00:00+00:00,11870.07302142716
2020-09-15 04:00:00+00:00,11870.07302142716
2020-09-15 08:00:00+00:00,11870.07302142716
2020-09-15 12:00:00+00:00,11870.07302142716
2020-09-15 16:00:00+00:00,11870.07302142716
2020-09-15 20:00:00+00:00,11870.07302142716
2020-09-16 00:00:00+00:00,11870.07302142716
2020-09-16 04:00:00+00:00,11870.07302142716
2020-09-16 08:00:00+00:00,11870.07302142716
2020-09-16 12:00:00+00:00,11870.07302142716
2020-09-16 16:00:00+00:00,11870.07302142716
2020-09-16 20:00:00+00:00,11870.07302142716
2020-09-17 00:00:00+00:00,11870.07302142716
2020-09-17 04:00:00+00:00,11870.07302142716
2020-09-17 08:00:00+00:00,11870.07302142716
2020-09-17 12:00:00+00:00,11870.07302142716
2020-09-17 16:00:00+00:00,11870.07302142716
2020-09-17 20:00:00+00:00,11870.07302142716
2020-09-18 00:00:00+00:00,11870.07302142716
2020-09-18 04:00:00+00:00,11870.07302142716
2020-09-18 08:00:00+00:00,11870.07302142716
2020-09-18 12:00:00+00:00,11870.07302142716
2020-09-18 16:00:00+00:00,11870.07302142716
2020-09-18 20:00:00+00:00,11870.07302142716
2020-09-19 00:00:00+00:00,11870.07302142716
2020-09-19 04:00:00+00:00,11870.07302142716
2020-09-19 08:00:00+00:00,11870.07302142716
2020-09-19 12:00:00+00:00,11870.07302142716
2020-09-19 16:00:00+00:00,11870.07302142716
2020-09-19 20:00:00+00:00,11870.07302142716
2020-09-20 00:00:00+00:00,11870.07302142716
2020-09-20 04:00:00+00:00,11870.07302142716
2020-09-20 08:00:00+00:00,11870.07302142716
2020-09-20 12:00:00+00:00,11870.07302142716
2020-09-20 16:00:00+00:00,11870.07302142716
2020-09-20 20:00:00+00:00,11870.07302142716
2020-09-21 00:00:00+00:00,11870.07302142716
2020-09-21 04:00:00+00:00,11870.07302142716
2020-09-21 08:00:00+00:00,11870.07302142716
2020-09-21 12:00:00+00:00,11870.07302142716
2020-09-21 16:00:00+00:00,11870.07302142716
2020-09-21 20:00:00+00:00,11870.07302142716
2020-09-22 00:00:00+00:00,11870.07302142716
2020-09-22 04:00:00+00:00,11870.07302142716
2020-09-22 08:00:00+00:00,11870.07302142716
2020-09-22 12:00:00+00:00,11867.639882655474
2020-09-22 16:00:00+00:00,11844.027257253165
2020-09-22 20:00:00+00:00,11820.398092955933
2020-09-23 00:00:00+00:00,11855.202410749034
2020-09-23 04:00:00+00:00,11886.251241401165
2020-09-23 08:00:00+00:00,11855.202209809526
2020-09-23 12:00:00+00:00,11870.805945823953
2020-09-23 16:00:00+00:00,11980.120536333425
2020-09-23 20:00:00+00:00,12014.322671233005
2020-09-24 00:00:00+00:00,11974.107938197203
2020-09-24 04:00:00+00:00,11950.359905810732
2020-09-24 08:00:00+00:00,11902.970682172563
2020-09-24 12:00:00+00:00,11819.663241351063
2020-09-24 16:00:00+00:00,11748.445673675677
2020-09-24 20:00:00+00:00,11698.784166187426
2020-09-25 00:00:00+00:00,11735.154169374593
2020-09-25 04:00:00+00:00,11722.30480550479
2020-09-25 08:00:00+00:00,11758.286920726716
2020-09-25 12:00:00+00:00,11748.254883004187
2020-09-25 16:00:00+00:00,11703.305275806122
2020-09-25 20:00:00+00:00,11722.080517187347
2020-09-26 00:00:00+00:00,11711.532661546724
2020-09-26 04:00:00+00:00,11711.228482562574
2020-09-26 08:00:00+00:00,11708.316701030511
2020-09-26 12:00:00+00:00,11700.49258819158
2020-09-26 16:00:00+00:00,11703.055861188612
2020-09-26 20:00:00+00:00,11695.677656457552
2020-09-27 00:00:00+00:00,11660.028423944845
2020-09-27 04:00:00+00:00,11739.33669522673
2020-09-27 08:00:00+00:00,11771.672173823434
2020-09-27 12:00:00+00:00,11679.321288355526
2020-09-27 16:00:00+00:00,11675.508990682787
2020-09-27 20:00:00+00:00,11675.508990682787
2020-09-28 00:00:00+00:00,11675.508990682787
2020-09-28 04:00:00+00:00,11675.508990682787
2020-09-28 08:00:00+00:00,11675.508990682787
2020-09-28 12:00:00+00:00,11687.03974595709
2020-09-28 16:00:00+00:00,11662.41763933613
2020-09-28 20:00:00+00:00,11534.513403161536
2020-09-29 00:00:00+00:00,11530.766764681917
2020-09-29 04:00:00+00:00,11554.81644110358
2020-09-29 08:00:00+00:00,11577.481664285819
2020-09-29 12:00:00+00:00,11553.994552967248
2020-09-29 16:00:00+00:00,11562.324266208574
2020-09-29 20:00:00+00:00,11636.826770743728
2020-09-30 00:00:00+00:00,11564.633165994708
2020-09-30 04:00:00+00:00,11536.474240864685
2020-09-30 08:00:00+00:00,11518.208974704698
2020-09-30 12:00:00+00:00,11590.305880331918
2020-09-30 16:00:00+00:00,11586.266946026773
2020-09-30 20:00:00+00:00,11586.266946026773
2020-10-01 00:00:00+00:00,11586.266946026773
2020-10-01 04:00:00+00:00,11586.266946026773
2020-10-01 08:00:00+00:00,11586.266946026773
2020-10-01 12:00:00+00:00,11586.266946026773
2020-10-01 16:00:00+00:00,11586.266946026773
2020-10-01 20:00:00+00:00,11586.266946026773
2020-10-02 00:00:00+00:00,11586.266946026773
2020-10-02 04:00:00+00:00,11586.266946026773
2020-10-02 08:00:00+00:00,11586.266946026773
2020-10-02 12:00:00+00:00,11586.266946026773
2020-10-02 16:00:00+00:00,11586.266946026773
2020-10-02 20:00:00+00:00,11586.266946026773
2020-10-03 00:00:00+00:00,11586.266946026773
2020-10-03 04:00:00+00:00,11586.266946026773
2020-10-03 08:00:00+00:00,11586.266946026773
2020-10-03 12:00:00+00:00,11586.266946026773
2020-10-03 16:00:00+00:00,11586.266946026773
2020-10-03 20:00:00+00:00,11586.266946026773
2020-10-04 00:00:00+00:00,11586.266946026773
2020-10-04 04:00:00+00:00,11586.266946026773
2020-10-04 08:00:00+00:00,11586.266946026773
2020-10-04 12:00:00+00:00,11586.266946026773
2020-10-04 16:00:00+00:00,11586.266946026773
2020-10-04 20:00:00+00:00,11586.266946026773
2020-10-05 00:00:00+00:00,11586.266946026773
2020-10-05 04:00:00+00:00,11586.266946026773
2020-10-05 08:00:00+00:00,11586.266946026773
2020-10-05 12:00:00+00:00,11586.266946026773
2020-10-05 16:00:00+00:00,11586.266946026773
2020-10-05 20:00:00+00:00,11586.266946026773
2020-10-06 00:00:00+00:00,11586.266946026773
2020-10-06 04:00:00+00:00,11586.266946026773
2020-10-06 08:00:00+00:00,11586.266946026773
2020-10-06 12:00:00+00:00,11586.266946026773
2020-10-06 16:00:00+00:00,11586.266946026773
2020-10-06 20:00:00+00:00,11586.266946026773
2020-10-07 00:00:00+00:00,11586.266946026773
2020-10-07 04:00:00+00:00,11586.266946026773
2020-10-07 08:00:00+00:00,11586.266946026773
2020-10-07 12:00:00+00:00,11586.266946026773
2020-10-07 16:00:00+00:00,11586.266946026773
2020-10-07 20:00:00+00:00,11586.266946026773
2020-10-08 00:00:00+00:00,11586.266946026773
2020-10-08 04:00:00+00:00,11586.266946026773
2020-10-08 08:00:00+00:00,11586.266946026773
2020-10-08 12:00:00+00:00,11586.266946026773
2020-10-08 16:00:00+00:00,11586.266946026773
2020-10-08 20:00:00+00:00,11586.266946026773
2020-10-09 00:00:00+00:00,11586.266946026773
2020-10-09 04:00:00+00:00,11586.266946026773
2020-10-09 08:00:00+00:00,11586.266946026773
2020-10-09 12:00:00+00:00,11586.266946026773
2020-10-09 16:00:00+00:00,11586.266946026773
2020-10-09 20:00:00+00:00,11595.323607262168
2020-10-10 00:00:00+00:00,11902.598735308362
2020-10-10 04:00:00+00:00,11878.664393538536
2020-10-10 08:00:00+00:00,11828.540890293132
2020-10-10 12:00:00+00:00,11854.885521359334
2020-10-10 16:00:00+00:00,11854.820226805003
2020-10-10 20:00:00+00:00,11810.111658163361
2020-10-11 00:00:00+00:00,11837.395288289601
2020-10-11 04:00:00+00:00,11853.778339682935
2020-10-11 08:00:00+00:00,11869.33089507134
2020-10-11 12:00:00+00:00,11892.066289105758
2020-10-11 16:00:00+00:00,11836.79040624278
2020-10-11 20:00:00+00:00,11863.58726311132
2020-10-12 00:00:00+00:00,11872.70348822636
2020-10-12 04:00:00+00:00,11867.709789195458
2020-10-12 08:00:00+00:00,11762.650230196014
2020-10-12 12:00:00+00:00,11991.64831291181
2020-10-12 16:00:00+00:00,11988.294924119997
2020-10-12 20:00:00+00:00,11975.221019186189
2020-10-13 00:00:00+00:00,11927.470966111303
2020-10-13 04:00:00+00:00,11922.385298384686
2020-10-13 08:00:00+00:00,11944.070573131756
2020-10-13 12:00:00+00:00,11876.777910850295
2020-10-13 16:00:00+00:00,11877.857311097934
2020-10-13 20:00:00+00:00,11898.48114042748
2020-10-14 00:00:00+00:00,11875.960479199633
2020-10-14 04:00:00+00:00,11892.980856820646
2020-10-14 08:00:00+00:00,11857.402478908696
2020-10-14 12:00:00+00:00,11827.904871302198
2020-10-14 16:00:00+00:00,11841.080845328566
2020-10-14 20:00:00+00:00,11891.992076519078
2020-10-15 00:00:00+00:00,11864.563513560333
2020-10-15 04:00:00+00:00,11875.448540055271
2020-10-15 08:00:00+00:00,11817.725284792647
2020-10-15 12:00:00+00:00,11874.531341967524
2020-10-15 16:00:00+00:00,11960.49860191758
2020-10-15 20:00:00+00:00,11948.993657995134
2020-10-16 00:00:00+00:00,11951.558946745381
2020-10-16 04:00:00+00:00,11814.305160243577
2020-10-16 08:00:00+00:00,11770.234333979239
2020-10-16 12:00:00+00:00,11792.094077036889
2020-10-16 16:00:00+00:00,11808.480954647888
2020-10-16 20:00:00+00:00,11801.075943174217
2020-10-17 00:00:00+00:00,11775.319085048175
2020-10-17 04:00:00+00:00,11787.171369731066
2020-10-17 08:00:00+00:00,11786.964189138947
2020-10-17 12:00:00+00:00,11791.341832773609
2020-10-17 16:00:00+00:00,11787.28138855185
2020-10-17 20:00:00+00:00,11787.28138855185
2020-10-18 00:00:00+00:00,11787.28138855185
2020-10-18 04:00:00+00:00,11787.28138855185
2020-10-18 08:00:00+00:00,11787.28138855185
2020-10-18 12:00:00+00:00,11787.28138855185
2020-10-18 16:00:00+00:00,11787.28138855185
2020-10-18 20:00:00+00:00,11787.28138855185
2020-10-19 00:00:00+00:00,11787.28138855185
2020-10-19 04:00:00+00:00,11787.28138855185
2020-10-19 08:00:00+00:00,11787.28138855185
2020-10-19 12:00:00+00:00,11787.28138855185
2020-10-19 16:00:00+00:00,11698.225344370821
2020-10-19 20:00:00+00:00,11739.190020773929
2020-10-20 00:00:00+00:00,11733.196242466296
2020-10-20 04:00:00+00:00,11727.365321545172
2020-10-20 08:00:00+00:00,11758.397383442305
2020-10-20 12:00:00+00:00,11859.400048678162
2020-10-20 16:00:00+00:00,11848.579574969894
2020-10-20 20:00:00+00:00,11845.051310894592
2020-10-21 00:00:00+00:00,12027.497203198125
2020-10-21 04:00:00+00:00,12040.21412441016
2020-10-21 08:00:00+00:00,12124.349053278573
2020-10-21 12:00:00+00:00,12364.617025257274
2020-10-21 16:00:00+00:00,12337.13759975723
2020-10-21 20:00:00+00:00,12396.88405429264
2020-10-22 00:00:00+00:00,12362.979642589233
2020-10-22 04:00:00+00:00,12375.29451219261
2020-10-22 08:00:00+00:00,12475.565755267264
2020-10-22 12:00:00+00:00,12458.372000511748
2020-10-22 16:00:00+00:00,12520.991241632591
2020-10-22 20:00:00+00:00,12474.362509643986
2020-10-23 00:00:00+00:00,12469.681150817485
2020-10-23 04:00:00+00:00,12438.039772201397
2020-10-23 08:00:00+00:00,12475.02788257232
2020-10-23 12:00:00+00:00,12453.629273330735
2020-10-23 16:00:00+00:00,12449.559538019485
2020-10-23 20:00:00+00:00,12453.174853836776
2020-10-24 00:00:00+00:00,12474.265552723416
2020-10-24 04:00:00+00:00,12452.292545684903
2020-10-24 08:00:00+00:00,12484.156173083085
2020-10-24 12:00:00+00:00,12540.886153121088
2020-10-24 16:00:00+00:00,12547.927716028855
2020-10-24 20:00:00+00:00,12543.72610204117
2020-10-25 00:00:00+00:00,12641.769290887169
2020-10-25 04:00:00+00:00,12498.778403981374
2020-10-25 08:00:00+00:00,12465.627506373927
2020-10-25 12:00:00+00:00,12461.83406681371
2020-10-25 16:00:00+00:00,12507.547510116505
2020-10-25 20:00:00+00:00,12500.527799572454
2020-10-26 00:00:00+00:00,12530.578979144882
2020-10-26 04:00:00+00:00,12504.391168861015
2020-10-26 08:00:00+00:00,12557.305932258518
2020-10-26 12:00:00+00:00,12476.891541184623
2020-10-26 16:00:00+00:00,12486.910591897062
2020-10-26 20:00:00+00:00,12458.283727722419
2020-10-27 00:00:00+00:00,12466.456961118602
2020-10-27 04:00:00+00:00,12494.94495301091
2020-10-27 08:00:00+00:00,12647.177840812627
2020-10-27 12:00:00+00:00,12720.313218058162
2020-10-27 16:00:00+00:00,12740.00610173523
2020-10-27 20:00:00+00:00,12730.645260378677
2020-10-28 00:00:00+00:00,12796.492611663496
2020-10-28 04:00:00+00:00,12743.731230363077
2020-10-28 08:00:00+00:00,12593.514791657004
2020-10-28 12:00:00+00:00,12549.346750249737
2020-10-28 16:00:00+00:00,12564.848892966049
2020-10-28 20:00:00+00:00,12526.052133928053
2020-10-29 00:00:00+00:00,12519.298260253756
2020-10-29 04:00:00+00:00,12574.37402525496
2020-10-29 08:00:00+00:00,12609.048026293258
2020-10-29 12:00:00+00:00,12452.322128283731
2020-10-29 16:00:00+00:00,12467.36596571197
2020-10-29 20:00:00+00:00,12453.966685269928
2020-10-30 00:00:00+00:00,12446.61298553033
2020-10-30 04:00:00+00:00,12367.269228135763
2020-10-30 08:00:00+00:00,12412.307910816508
2020-10-30 12:00:00+00:00,12486.117163300258
2020-10-30 16:00:00+00:00,12481.748778508987
2020-10-30 20:00:00+00:00,12490.245714207764
2020-10-31 00:00:00+00:00,12467.129451273113
2020-10-31 04:00:00+00:00,12496.854097830455
2020-10-31 08:00:00+00:00,12635.33875572054
2020-10-31 12:00:00+00:00,12603.961001090245
2020-10-31 16:00:00+00:00,12579.136265226767
2020-10-31 20:00:00+00:00,12582.91148972077
2020-11-01 00:00:00+00:00,12545.114340636195
2020-11-01 04:00:00+00:00,12583.350419227401
2020-11-01 08:00:00+00:00,12547.95115303205
2020-11-01 12:00:00+00:00,12586.354058687304
2020-11-01 16:00:00+00:00,12583.214901450647
2020-11-01 20:00:00+00:00,12571.562036314574
2020-11-02 00:00:00+00:00,12545.58624229223
2020-11-02 04:00:00+00:00,12563.03471690531
2020-11-02 08:00:00+00:00,12429.091078805115
2020-11-02 12:00:00+00:00,12391.317115921556
2020-11-02 16:00:00+00:00,12369.517307059114
2020-11-02 20:00:00+00:00,12371.527036728958
2020-11-03 00:00:00+00:00,12432.223406554274
2020-11-03 04:00:00+00:00,12412.509103094068
2020-11-03 08:00:00+00:00,12377.677090317336
2020-11-03 12:00:00+00:00,12306.446548963577
2020-11-03 16:00:00+00:00,12305.503278041313
2020-11-03 20:00:00+00:00,12427.970509973618
2020-11-04 00:00:00+00:00,12379.18827792707
2020-11-04 04:00:00+00:00,12266.75340163307
2020-11-04 08:00:00+00:00,12310.18103881701
2020-11-04 12:00:00+00:00,12378.857877937207
2020-11-04 16:00:00+00:00,12453.659461071873
2020-11-04 20:00:00+00:00,12467.287659657311
2020-11-05 00:00:00+00:00,12526.912769776622
2020-11-05 04:00:00+00:00,12587.017827763992
2020-11-05 08:00:00+00:00,12674.1421290061
2020-11-05 12:00:00+00:00,12802.49155573281
2020-11-05 16:00:00+00:00,12815.655095467688
2020-11-05 20:00:00+00:00,12967.765508317887
2020-11-06 00:00:00+00:00,12923.347373830444
2020-11-06 04:00:00+00:00,13005.112627375996
2020-11-06 08:00:00+00:00,12960.947039230781
2020-11-06 12:00:00+00:00,12913.042842646377
2020-11-06 16:00:00+00:00,12919.417730864217
2020-11-06 20:00:00+00:00,12960.787527696473
2020-11-07 00:00:00+00:00,12949.826232954
2020-11-07 04:00:00+00:00,12922.452270282689
2020-11-07 08:00:00+00:00,12940.634213588539
2020-11-07 12:00:00+00:00,12888.543409613801
2020-11-07 16:00:00+00:00,12683.389984738438
2020-11-07 20:00:00+00:00,12634.213642377576
2020-11-08 00:00:00+00:00,12597.240635912083
2020-11-08 04:00:00+00:00,12606.737890807153
2020-11-08 08:00:00+00:00,12544.557193876839
2020-11-08 12:00:00+00:00,12497.965595831607
2020-11-08 16:00:00+00:00,12491.002117185193
2020-11-08 20:00:00+00:00,12525.728332701185
2020-11-09 00:00:00+00:00,12514.799428436041
2020-11-09 04:00:00+00:00,12480.602633698172
2020-11-09 08:00:00+00:00,12617.050168155298
2020-11-09 12:00:00+00:00,12408.159434583082
2020-11-09 16:00:00+00:00,12492.009454387686
2020-11-09 20:00:00+00:00,12484.787061668932
2020-11-10 00:00:00+00:00,12485.417583268532
2020-11-10 04:00:00+00:00,12472.39503185047
2020-11-10 08:00:00+00:00,12472.860363425427
2020-11-10 12:00:00+00:00,12444.160961301865
2020-11-10 16:00:00+00:00,12476.417877561886
2020-11-10 20:00:00+00:00,12475.4821424719
2020-11-11 00:00:00+00:00,12473.524298534097
2020-11-11 04:00:00+00:00,12473.524298534097
2020-11-11 08:00:00+00:00,12473.524298534097
2020-11-11 12:00:00+00:00,12473.524298534097
2020-11-11 16:00:00+00:00,12473.524298534097
2020-11-11 20:00:00+00:00,12473.524298534097
2020-11-12 00:00:00+00:00,12473.524298534097
2020-11-12 04:00:00+00:00,12473.524298534097
2020-11-12 08:00:00+00:00,12473.524298534097
2020-11-12 12:00:00+00:00,12473.524298534097
2020-11-12 16:00:00+00:00,12453.176069899937
2020-11-12 20:00:00+00:00,12515.752870134904
2020-11-13 00:00:00+00:00,12554.580147857538
2020-11-13 04:00:00+00:00,12503.953838853236
2020-11-13 08:00:00+00:00,12495.099425785165
2020-11-13 12:00:00+00:00,12461.035514090257
2020-11-13 16:00:00+00:00,12512.187589291503
2020-11-13 20:00:00+00:00,12523.225805093924
2020-11-14 00:00:00+00:00,12480.489721620277
2020-11-14 04:00:00+00:00,12453.057565375442
2020-11-14 08:00:00+00:00,12401.15321664287
2020-11-14 12:00:00+00:00,12388.207293918858
2020-11-14 16:00:00+00:00,12409.118036573453
2020-11-14 20:00:00+00:00,12351.774124447533
2020-11-15 00:00:00+00:00,12394.861137971156
2020-11-15 04:00:00+00:00,12363.014598130381
2020-11-15 08:00:00+00:00,12387.515397238287
2020-11-15 12:00:00+00:00,12405.176718277367
2020-11-15 16:00:00+00:00,12402.661241541136
2020-11-15 20:00:00+00:00,12402.661241541136
2020-11-16 00:00:00+00:00,12402.661241541136
2020-11-16 04:00:00+00:00,12402.661241541136
2020-11-16 08:00:00+00:00,12402.661241541136
2020-11-16 12:00:00+00:00,12402.661241541136
2020-11-16 16:00:00+00:00,12402.661241541136
2020-11-16 20:00:00+00:00,12402.661241541136
2020-11-17 00:00:00+00:00,12402.661241541136
2020-11-17 04:00:00+00:00,12402.661241541136
2020-11-17 08:00:00+00:00,12402.661241541136
2020-11-17 12:00:00+00:00,12503.981654318628
2020-11-17 16:00:00+00:00,12621.333767774035
2020-11-17 20:00:00+00:00,12614.112661748475
2020-11-18 00:00:00+00:00,12735.895157947109
2020-11-18 04:00:00+00:00,12737.605837976547
2020-11-18 08:00:00+00:00,12781.884694667988
2020-11-18 12:00:00+00:00,12683.61032935669
2020-11-18 16:00:00+00:00,12633.218697465483
2020-11-18 20:00:00+00:00,12660.794947125509
2020-11-19 00:00:00+00:00,12694.949824884328
2020-11-19 04:00:00+00:00,12631.50568449311
2020-11-19 08:00:00+00:00,12658.484942869423
2020-11-19 12:00:00+00:00,12724.198454254494
2020-11-19 16:00:00+00:00,12701.161013305122
2020-11-19 20:00:00+00:00,12662.899893341644
2020-11-20 00:00:00+00:00,12698.005811332094
2020-11-20 04:00:00+00:00,12758.33552710065
2020-11-20 08:00:00+00:00,12771.008609552822
2020-11-20 12:00:00+00:00,12865.681974997358
2020-11-20 16:00:00+00:00,12854.847687875103
2020-11-20 20:00:00+00:00,12860.56289511755
2020-11-21 00:00:00+00:00,12861.423070054214
2020-11-21 04:00:00+00:00,12864.233653771464
2020-11-21 08:00:00+00:00,12829.676062647457
2020-11-21 12:00:00+00:00,12896.501291027991
2020-11-21 16:00:00+00:00,12868.750266114856
2020-11-21 20:00:00+00:00,12871.750958894505
2020-11-22 00:00:00+00:00,12834.04194769623
2020-11-22 04:00:00+00:00,12818.935522487029
2020-11-22 08:00:00+00:00,12665.756229698416
2020-11-22 12:00:00+00:00,12572.48642225947
2020-11-22 16:00:00+00:00,12507.76953279689
2020-11-22 20:00:00+00:00,12464.509505583781
2020-11-23 00:00:00+00:00,12450.00953811125
2020-11-23 04:00:00+00:00,12425.62848520254
2020-11-23 08:00:00+00:00,12400.033328700743
2020-11-23 12:00:00+00:00,12474.304128071895
2020-11-23 16:00:00+00:00,12436.841282144904
2020-11-23 20:00:00+00:00,12456.229718340768
2020-11-24 00:00:00+00:00,12463.75609634315
2020-11-24 04:00:00+00:00,12458.35334914412
2020-11-24 08:00:00+00:00,12295.005898493633
2020-11-24 12:00:00+00:00,12352.324998853397
2020-11-24 16:00:00+00:00,12307.73576931502
2020-11-24 20:00:00+00:00,12306.923114889976
2020-11-25 00:00:00+00:00,12224.049233508267
2020-11-25 04:00:00+00:00,12260.50264679906
2020-11-25 08:00:00+00:00,12258.426760027869
2020-11-25 12:00:00+00:00,12258.426760027869
2020-11-25 16:00:00+00:00,12258.426760027869
2020-11-25 20:00:00+00:00,12258.426760027869
2020-11-26 00:00:00+00:00,12258.426760027869
2020-11-26 04:00:00+00:00,12258.426760027869
2020-11-26 08:00:00+00:00,12258.426760027869
2020-11-26 12:00:00+00:00,12258.426760027869
2020-11-26 16:00:00+00:00,12321.587176142986
2020-11-26 20:00:00+00:00,12220.77137064209
2020-11-27 00:00:00+00:00,12232.354321810571
2020-11-27 04:00:00+00:00,12228.935868178864
2020-11-27 08:00:00+00:00,12279.84508455593
2020-11-27 12:00:00+00:00,12326.28945194434
2020-11-27 16:00:00+00:00,12278.932778362649
2020-11-27 20:00:00+00:00,12222.683514745479
2020-11-28 00:00:00+00:00,12247.524323510723
2020-11-28 04:00:00+00:00,12243.239342878223
2020-11-28 08:00:00+00:00,12217.388538561714
2020-11-28 12:00:00+00:00,12154.826926472957
2020-11-28 16:00:00+00:00,12101.632506289574
2020-11-28 20:00:00+00:00,12119.612260817059
2020-11-29 00:00:00+00:00,12091.535428796209
2020-11-29 04:00:00+00:00,12101.044616978717
2020-11-29 08:00:00+00:00,12049.554172876424
2020-11-29 12:00:00+00:00,12051.333617550496
2020-11-29 16:00:00+00:00,12036.026503642246
2020-11-29 20:00:00+00:00,12065.000432343131
2020-11-30 00:00:00+00:00,12145.670989184271
2020-11-30 04:00:00+00:00,12154.69396209728
2020-11-30 08:00:00+00:00,12150.624638451842
2020-11-30 12:00:00+00:00,12309.722332919308
2020-11-30 16:00:00+00:00,12295.883073798412
2020-11-30 20:00:00+00:00,12382.191959917121
2020-12-01 00:00:00+00:00,12325.1137428266
2020-12-01 04:00:00+00:00,12345.55591969104
2020-12-01 08:00:00+00:00,12324.130669588227
2020-12-01 12:00:00+00:00,12293.524984825019
2020-12-01 16:00:00+00:00,12323.282901257013
2020-12-01 20:00:00+00:00,12374.872586286934
2020-12-02 00:00:00+00:00,12400.24585075584
2020-12-02 04:00:00+00:00,12313.775305149067
2020-12-02 08:00:00+00:00,12315.064043823731
2020-12-02 12:00:00+00:00,12273.456523281711
2020-12-02 16:00:00+00:00,12236.202360040526
2020-12-02 20:00:00+00:00,12219.164974780253
2020-12-03 00:00:00+00:00,12217.55783734782
2020-12-03 04:00:00+00:00,12217.55783734782
2020-12-03 08:00:00+00:00,12217.55783734782
2020-12-03 12:00:00+00:00,12217.55783734782
2020-12-03 16:00:00+00:00,12217.55783734782
2020-12-03 20:00:00+00:00,12217.55783734782
2020-12-04 00:00:00+00:00,12217.55783734782
2020-12-04 04:00:00+00:00,12217.55783734782
2020-12-04 08:00:00+00:00,12217.55783734782
2020-12-04 12:00:00+00:00,12217.55783734782
2020-12-04 16:00:00+00:00,12217.55783734782
2020-12-04 20:00:00+00:00,12217.55783734782
2020-12-05 00:00:00+00:00,12217.55783734782
2020-12-05 04:00:00+00:00,12217.55783734782
2020-12-05 08:00:00+00:00,12217.55783734782
2020-12-05 12:00:00+00:00,12217.55783734782
2020-12-05 16:00:00+00:00,12217.55783734782
2020-12-05 20:00:00+00:00,12217.55783734782
2020-12-06 00:00:00+00:00,12217.55783734782
2020-12-06 04:00:00+00:00,12217.55783734782
2020-12-06 08:00:00+00:00,12217.55783734782
2020-12-06 12:00:00+00:00,12217.55783734782
2020-12-06 16:00:00+00:00,12217.55783734782
2020-12-06 20:00:00+00:00,12217.55783734782
2020-12-07 00:00:00+00:00,12217.55783734782
2020-12-07 04:00:00+00:00,12217.55783734782
2020-12-07 08:00:00+00:00,12217.55783734782
2020-12-07 12:00:00+00:00,12217.55783734782
2020-12-07 16:00:00+00:00,12217.55783734782
2020-12-07 20:00:00+00:00,12217.55783734782
2020-12-08 00:00:00+00:00,12217.55783734782
2020-12-08 04:00:00+00:00,12217.55783734782
2020-12-08 08:00:00+00:00,12217.55783734782
2020-12-08 12:00:00+00:00,12217.55783734782
2020-12-08 16:00:00+00:00,12217.55783734782
2020-12-08 20:00:00+00:00,12217.55783734782
2020-12-09 00:00:00+00:00,12217.55783734782
2020-12-09 04:00:00+00:00,12217.55783734782
2020-12-09 08:00:00+00:00,12135.03212433957
2020-12-09 12:00:00+00:00,12108.327986487984
2020-12-09 16:00:00+00:00,12132.423234557573
2020-12-09 20:00:00+00:00,12060.623271214896
2020-12-10 00:00:00+00:00,12092.16875063095
2020-12-10 04:00:00+00:00,12110.87315792444
2020-12-10 08:00:00+00:00,12148.000199470325
2020-12-10 12:00:00+00:00,12162.884515284122
2020-12-10 16:00:00+00:00,12095.824384309306
2020-12-10 20:00:00+00:00,12132.229086130701
2020-12-11 00:00:00+00:00,12201.575560641095
2020-12-11 04:00:00+00:00,12199.19748968337
2020-12-11 08:00:00+00:00,12199.19748968337
2020-12-11 12:00:00+00:00,12085.387411489726
2020-12-11 16:00:00+00:00,12115.995154597325
2020-12-11 20:00:00+00:00,12100.584436065832
2020-12-12 00:00:00+00:00,12040.967531292206
2020-12-12 04:00:00+00:00,12016.82090620091
2020-12-12 08:00:00+00:00,11983.314948085928
2020-12-12 12:00:00+00:00,12011.117494509366
2020-12-12 16:00:00+00:00,11903.085959896423
2020-12-12 20:00:00+00:00,11902.0465499446
2020-12-13 00:00:00+00:00,11899.61177275743
2020-12-13 04:00:00+00:00,11899.61177275743
2020-12-13 08:00:00+00:00,11899.61177275743
2020-12-13 12:00:00+00:00,11873.02580142537
2020-12-13 16:00:00+00:00,11866.215069395495
2020-12-13 20:00:00+00:00,11859.447913847542
2020-12-14 00:00:00+00:00,11882.844211330412
2020-12-14 04:00:00+00:00,11853.968598910804
2020-12-14 08:00:00+00:00,11839.838224175128
2020-12-14 12:00:00+00:00,11865.10965932407
2020-12-14 16:00:00+00:00,11855.497582449867
2020-12-14 20:00:00+00:00,11885.830308920704
2020-12-15 00:00:00+00:00,11949.504121163543
2020-12-15 04:00:00+00:00,11863.77528471843
2020-12-15 08:00:00+00:00,11890.523047487686
2020-12-15 12:00:00+00:00,11922.620423650194
2020-12-15 16:00:00+00:00,11959.276195323497
2020-12-15 20:00:00+00:00,11926.953434019631
2020-12-16 00:00:00+00:00,11901.867115951882
2020-12-16 04:00:00+00:00,11924.954307216001
2020-12-16 08:00:00+00:00,12027.356215854294
2020-12-16 12:00:00+00:00,12305.163836225835
2020-12-16 16:00:00+00:00,12321.52634370959
2020-12-16 20:00:00+00:00,12485.889014023978
2020-12-17 00:00:00+00:00,12592.210270500305
2020-12-17 04:00:00+00:00,12763.53532618009
2020-12-17 08:00:00+00:00,12827.150921684814
2020-12-17 12:00:00+00:00,12941.716997845502
2020-12-17 16:00:00+00:00,12853.119794754073
2020-12-17 20:00:00+00:00,12835.967564270606
2020-12-18 00:00:00+00:00,12837.618627358277
2020-12-18 04:00:00+00:00,12880.459614087742
2020-12-18 08:00:00+00:00,12848.086374217364
2020-12-18 12:00:00+00:00,12787.751071176512
2020-12-18 16:00:00+00:00,12821.582781331452
2020-12-18 20:00:00+00:00,12882.727518343932
2020-12-19 00:00:00+00:00,12881.875202335215
2020-12-19 04:00:00+00:00,12837.831246879172
2020-12-19 08:00:00+00:00,12842.02702262418
2020-12-19 12:00:00+00:00,12963.983658446297
2020-12-19 16:00:00+00:00,13007.41477518675
2020-12-19 20:00:00+00:00,13011.335438558293
2020-12-20 00:00:00+00:00,12921.463537583288
2020-12-20 04:00:00+00:00,12971.848716500086
2020-12-20 08:00:00+00:00,12956.39321137349
2020-12-20 12:00:00+00:00,13014.17736150353
2020-12-20 16:00:00+00:00,13022.002931106603
2020-12-20 20:00:00+00:00,12935.29708797487
2020-12-21 00:00:00+00:00,13015.840329132247
2020-12-21 04:00:00+00:00,13021.319735849234
2020-12-21 08:00:00+00:00,12795.076559894513
2020-12-21 12:00:00+00:00,12725.694993741274
2020-12-21 16:00:00+00:00,12764.81119507187
2020-12-21 20:00:00+00:00,12779.065365937655
2020-12-22 00:00:00+00:00,12759.9821707253
2020-12-22 04:00:00+00:00,12788.644239117715
2020-12-22 08:00:00+00:00,12720.924214431045
2020-12-22 12:00:00+00:00,12687.026358312753
2020-12-22 16:00:00+00:00,12679.643401939886
2020-12-22 20:00:00+00:00,12618.888329123507
2020-12-23 00:00:00+00:00,12597.519196149744
2020-12-23 04:00:00+00:00,12577.569008855167
2020-12-23 08:00:00+00:00,12501.231403311836
2020-12-23 12:00:00+00:00,12439.917650677078
2020-12-23 16:00:00+00:00,12449.520928055388
2020-12-23 20:00:00+00:00,12402.388515176446
2020-12-24 00:00:00+00:00,12446.59789196498
2020-12-24 04:00:00+00:00,12407.139340221273
2020-12-24 08:00:00+00:00,12399.33775328729
2020-12-24 12:00:00+00:00,12397.910368979225
2020-12-24 16:00:00+00:00,12390.561916182847
2020-12-24 20:00:00+00:00,12324.877708918844
2020-12-25 00:00:00+00:00,12283.826739037484
2020-12-25 04:00:00+00:00,12282.045356140381
2020-12-25 08:00:00+00:00,12282.045356140381
2020-12-25 12:00:00+00:00,12282.045356140381
2020-12-25 16:00:00+00:00,12282.045356140381
2020-12-25 20:00:00+00:00,12282.045356140381
2020-12-26 00:00:00+00:00,12282.045356140381
2020-12-26 04:00:00+00:00,12282.045356140381
2020-12-26 08:00:00+00:00,12287.215549666631
2020-12-26 12:00:00+00:00,12409.674230838567
2020-12-26 16:00:00+00:00,12455.547984804467
2020-12-26 20:00:00+00:00,12542.171248405843
2020-12-27 00:00:00+00:00,12553.550775854621
2020-12-27 04:00:00+00:00,12712.88253384997
2020-12-27 08:00:00+00:00,12715.30481383675
2020-12-27 12:00:00+00:00,12676.93462828757
2020-12-27 16:00:00+00:00,12637.173243139874
2020-12-27 20:00:00+00:00,12532.448771578845
2020-12-28 00:00:00+00:00,12651.963985078437
2020-12-28 04:00:00+00:00,12620.855625079137
2020-12-28 08:00:00+00:00,12603.129824494456
2020-12-28 12:00:00+00:00,12609.35511890707
2020-12-28 16:00:00+00:00,12617.131170174247
2020-12-28 20:00:00+00:00,12626.71199012568
2020-12-29 00:00:00+00:00,12546.28658641803
2020-12-29 04:00:00+00:00,12544.293904402803
2020-12-29 08:00:00+00:00,12599.348205042583
2020-12-29 12:00:00+00:00,12564.410813366989
2020-12-29 16:00:00+00:00,12604.281026239581
2020-12-29 20:00:00+00:00,12661.954555325095
2020-12-30 00:00:00+00:00,12752.78567070463
2020-12-30 04:00:00+00:00,12795.154472998236
2020-12-30 08:00:00+00:00,12719.695129116983
2020-12-30 12:00:00+00:00,12757.923549119718
2020-12-30 16:00:00+00:00,12833.46548285734
2020-12-30 20:00:00+00:00,12845.791778428822
2020-12-31 00:00:00+00:00,12863.017444637015
2020-12-31 04:00:00+00:00,12878.738662879632
2020-12-31 08:00:00+00:00,12846.537907887065
2020-12-31 12:00:00+00:00,12827.562016736858
2020-12-31 16:00:00+00:00,12841.229722065797
2020-12-31 20:00:00+00:00,12845.407477696699
2021-01-01 00:00:00+00:00,12888.121043800696
2021-01-01 04:00:00+00:00,12863.95726409461
2021-01-01 08:00:00+00:00,12892.369305570945
2021-01-01 12:00:00+00:00,12875.612572071617
2021-01-01 16:00:00+00:00,12853.462650292191
2021-01-01 20:00:00+00:00,12890.42983777148
2021-01-02 00:00:00+00:00,12893.59316862958
2021-01-02 04:00:00+00:00,12948.34551261639
2021-01-02 08:00:00+00:00,12947.260360473376
2021-01-02 12:00:00+00:00,13212.26468331659
2021-01-02 16:00:00+00:00,13384.823399045643
2021-01-02 20:00:00+00:00,13274.196020856916
2021-01-03 00:00:00+00:00,13313.05381714999
2021-01-03 04:00:00+00:00,13515.788309560989
2021-01-03 08:00:00+00:00,13510.883001790713
2021-01-03 12:00:00+00:00,13418.045562944291
2021-01-03 16:00:00+00:00,13344.260319548053
2021-01-03 20:00:00+00:00,13365.740047832354
2021-01-04 00:00:00+00:00,13407.78949946143
2021-01-04 04:00:00+00:00,13280.464036627025
2021-01-04 08:00:00+00:00,13147.99427460216
2021-01-04 12:00:00+00:00,13070.72242086555
2021-01-04 16:00:00+00:00,13077.07687241933
2021-01-04 20:00:00+00:00,13051.954354989868
2021-01-05 00:00:00+00:00,13114.05029188531
2021-01-05 04:00:00+00:00,13141.247970611666
2021-01-05 08:00:00+00:00,13071.456828782404
2021-01-05 12:00:00+00:00,13048.895110661088
2021-01-05 16:00:00+00:00,12932.97097853383
2021-01-05 20:00:00+00:00,12948.10082029936
2021-01-06 00:00:00+00:00,12957.857426560136
2021-01-06 04:00:00+00:00,12996.057579263126
2021-01-06 08:00:00+00:00,13010.365855908283
2021-01-06 12:00:00+00:00,12983.296854979337
2021-01-06 16:00:00+00:00,12997.624043857037
2021-01-06 20:00:00+00:00,13135.80831991073
2021-01-07 00:00:00+00:00,13182.996424501025
2021-01-07 04:00:00+00:00,13138.50213154709
2021-01-07 08:00:00+00:00,13205.025039168193
2021-01-07 12:00:00+00:00,13282.832737174069
2021-01-07 16:00:00+00:00,13285.497877118614
2021-01-07 20:00:00+00:00,13309.036915082985
2021-01-08 00:00:00+00:00,13232.20882116263
2021-01-08 04:00:00+00:00,13267.526535153436
2021-01-08 08:00:00+00:00,13411.892915319202
2021-01-08 12:00:00+00:00,13381.933607171712
2021-01-08 16:00:00+00:00,13353.334067310438
2021-01-08 20:00:00+00:00,13365.132694344162
2021-01-09 00:00:00+00:00,13343.749825667961
2021-01-09 04:00:00+00:00,13310.7997487155
2021-01-09 08:00:00+00:00,13362.287034305162
2021-01-09 12:00:00+00:00,13360.110640842515
2021-01-09 16:00:00+00:00,13366.248706719642
2021-01-09 20:00:00+00:00,13330.036966833692
2021-01-10 00:00:00+00:00,13341.620441895513
2021-01-10 04:00:00+00:00,13380.741489024811
2021-01-10 08:00:00+00:00,13267.74192568288
2021-01-10 12:00:00+00:00,13296.294649478361
2021-01-10 16:00:00+00:00,13166.180428136113
2021-01-10 20:00:00+00:00,13124.882794051156
2021-01-11 00:00:00+00:00,13273.09230210363
2021-01-11 04:00:00+00:00,13326.62269580835
2021-01-11 08:00:00+00:00,13336.71239670421
2021-01-11 12:00:00+00:00,13462.010271768046
2021-01-11 16:00:00+00:00,13431.85626893811
2021-01-11 20:00:00+00:00,13290.005224152173
2021-01-12 00:00:00+00:00,13307.177779736061
2021-01-12 04:00:00+00:00,13244.826396622278
2021-01-12 08:00:00+00:00,13289.120683851435
2021-01-12 12:00:00+00:00,13359.17001026673
2021-01-12 16:00:00+00:00,13322.52024471059
2021-01-12 20:00:00+00:00,13351.696430013186
2021-01-13 00:00:00+00:00,13361.450312889552
2021-01-13 04:00:00+00:00,13308.795000952168
2021-01-13 08:00:00+00:00,13335.390652642502
2021-01-13 12:00:00+00:00,13322.427124905034
2021-01-13 16:00:00+00:00,13261.695851582772
2021-01-13 20:00:00+00:00,13196.724250377583
2021-01-14 00:00:00+00:00,13212.89092366926
2021-01-14 04:00:00+00:00,13265.35595483854
2021-01-14 08:00:00+00:00,13272.422998784285
2021-01-14 12:00:00+00:00,13330.093941798956
2021-01-14 16:00:00+00:00,13345.692624142524
2021-01-14 20:00:00+00:00,13306.959393533296
2021-01-15 00:00:00+00:00,13284.674778086493
2021-01-15 04:00:00+00:00,13272.282126508346
2021-01-15 08:00:00+00:00,13289.589617623638
2021-01-15 12:00:00+00:00,13423.881932344195
2021-01-15 16:00:00+00:00,13449.219143203867
2021-01-15 20:00:00+00:00,13369.464005379627
2021-01-16 00:00:00+00:00,13379.631359786732
2021-01-16 04:00:00+00:00,13377.784153522342
2021-01-16 08:00:00+00:00,13316.8537929125
2021-01-16 12:00:00+00:00,13329.49166040959
2021-01-16 16:00:00+00:00,13390.596923911733
2021-01-16 20:00:00+00:00,13412.386981465632
2021-01-17 00:00:00+00:00,13402.132828100435
2021-01-17 04:00:00+00:00,13483.388261838361
2021-01-17 08:00:00+00:00,13456.510346609535
2021-01-17 12:00:00+00:00,13429.139728876287
2021-01-17 16:00:00+00:00,13434.637918774215
2021-01-17 20:00:00+00:00,13421.93376061776
2021-01-18 00:00:00+00:00,13466.60856061632
2021-01-18 04:00:00+00:00,13406.15990806424
2021-01-18 08:00:00+00:00,13385.23343602594
2021-01-18 12:00:00+00:00,13388.370759893218
2021-01-18 16:00:00+00:00,13419.551807283737
2021-01-18 20:00:00+00:00,13375.096604260789
2021-01-19 00:00:00+00:00,13373.954562871006
2021-01-19 04:00:00+00:00,13373.954562871006
2021-01-19 08:00:00+00:00,13373.954562871006
2021-01-19 12:00:00+00:00,13373.954562871006
2021-01-19 16:00:00+00:00,13373.954562871006
2021-01-19 20:00:00+00:00,13373.954562871006
2021-01-20 00:00:00+00:00,13373.954562871006
2021-01-20 04:00:00+00:00,13373.954562871006
2021-01-20 08:00:00+00:00,13373.954562871006
2021-01-20 12:00:00+00:00,13373.954562871006
2021-01-20 16:00:00+00:00,13373.954562871006
2021-01-20 20:00:00+00:00,13373.954562871006
2021-01-21 00:00:00+00:00,13373.954562871006
2021-01-21 04:00:00+00:00,13373.954562871006
2021-01-21 08:00:00+00:00,13373.954562871006
2021-01-21 12:00:00+00:00,13428.387896007553
2021-01-21 16:00:00+00:00,13427.298617960447
2021-01-21 20:00:00+00:00,13427.298617960447
2021-01-22 00:00:00+00:00,13422.377832504224
2021-01-22 04:00:00+00:00,13426.711194063555
2021-01-22 08:00:00+00:00,13371.783893252106
2021-01-22 12:00:00+00:00,13326.776987225967
2021-01-22 16:00:00+00:00,13253.703778143581
2021-01-22 20:00:00+00:00,13292.782931026855
2021-01-23 00:00:00+00:00,13331.313931522278
2021-01-23 04:00:00+00:00,13294.472943106282
2021-01-23 08:00:00+00:00,13379.233863958209
2021-01-23 12:00:00+00:00,13364.668557738547
2021-01-23 16:00:00+00:00,13333.073735289097
2021-01-23 20:00:00+00:00,13351.55463475574
2021-01-24 00:00:00+00:00,13323.010472015556
2021-01-24 04:00:00+00:00,13298.525020842542
2021-01-24 08:00:00+00:00,13296.485286524585
2021-01-24 12:00:00+00:00,13364.303540491483
2021-01-24 16:00:00+00:00,13416.795240053008
2021-01-24 20:00:00+00:00,13341.283445233019
2021-01-25 00:00:00+00:00,13239.665941457964
2021-01-25 04:00:00+00:00,13256.40869735799
2021-01-25 08:00:00+00:00,13270.134912625177
2021-01-25 12:00:00+00:00,13168.52288889263
2021-01-25 16:00:00+00:00,13251.14893538089
2021-01-25 20:00:00+00:00,13342.514671005818
2021-01-26 00:00:00+00:00,13398.956752167955
2021-01-26 04:00:00+00:00,13389.720759716745
2021-01-26 08:00:00+00:00,13377.088017979924
2021-01-26 12:00:00+00:00,13380.399573208282
2021-01-26 16:00:00+00:00,13345.311546994892
2021-01-26 20:00:00+00:00,13325.425382025529
2021-01-27 00:00:00+00:00,13377.249166305184
2021-01-27 04:00:00+00:00,13382.472881377264
2021-01-27 08:00:00+00:00,13472.834013689506
2021-01-27 12:00:00+00:00,13499.824141235114
2021-01-27 16:00:00+00:00,13466.397685727974
2021-01-27 20:00:00+00:00,13494.716392711747
2021-01-28 00:00:00+00:00,13412.705109806433
2021-01-28 04:00:00+00:00,13429.852132265358
2021-01-28 08:00:00+00:00,13408.401515348962
2021-01-28 12:00:00+00:00,13371.521718345135
2021-01-28 16:00:00+00:00,13321.780256929253
2021-01-28 20:00:00+00:00,13254.510482113425
2021-01-29 00:00:00+00:00,13226.380793193195
2021-01-29 04:00:00+00:00,13342.622029220092
2021-01-29 08:00:00+00:00,13341.256635185133
2021-01-29 12:00:00+00:00,13341.256635185133
2021-01-29 16:00:00+00:00,13341.256635185133
2021-01-29 20:00:00+00:00,13341.256635185133
2021-01-30 00:00:00+00:00,13341.256635185133
2021-01-30 04:00:00+00:00,13341.256635185133
2021-01-30 08:00:00+00:00,13341.256635185133
2021-01-30 12:00:00+00:00,13341.256635185133
2021-01-30 16:00:00+00:00,13341.256635185133
2021-01-30 20:00:00+00:00,13341.256635185133
2021-01-31 00:00:00+00:00,13341.256635185133
2021-01-31 04:00:00+00:00,13341.256635185133
2021-01-31 08:00:00+00:00,13341.256635185133
2021-01-31 12:00:00+00:00,13341.256635185133
2021-01-31 16:00:00+00:00,13341.256635185133
2021-01-31 20:00:00+00:00,13341.256635185133
2021-02-01 00:00:00+00:00,13341.256635185133
2021-02-01 04:00:00+00:00,13341.256635185133
2021-02-01 08:00:00+00:00,13341.256635185133
2021-02-01 12:00:00+00:00,13341.256635185133
2021-02-01 16:00:00+00:00,13341.256635185133
2021-02-01 20:00:00+00:00,13341.256635185133
2021-02-02 00:00:00+00:00,13341.256635185133
2021-02-02 04:00:00+00:00,13341.256635185133
2021-02-02 08:00:00+00:00,13341.256635185133
2021-02-02 12:00:00+00:00,13341.256635185133
2021-02-02 16:00:00+00:00,13341.256635185133
2021-02-02 20:00:00+00:00,13341.256635185133
2021-02-03 00:00:00+00:00,13341.256635185133
2021-02-03 04:00:00+00:00,13341.256635185133
2021-02-03 08:00:00+00:00,13341.256635185133
2021-02-03 12:00:00+00:00,13341.256635185133
2021-02-03 16:00:00+00:00,13341.256635185133
2021-02-03 20:00:00+00:00,13341.256635185133
2021-02-04 00:00:00+00:00,13341.256635185133
2021-02-04 04:00:00+00:00,13367.975517811188
2021-02-04 08:00:00+00:00,13318.29337062197
2021-02-04 12:00:00+00:00,13253.042475472255
2021-02-04 16:00:00+00:00,13327.156710189367
2021-02-04 20:00:00+00:00,13282.035675222418
2021-02-05 00:00:00+00:00,13318.39837696119
2021-02-05 04:00:00+00:00,13342.94589982376
2021-02-05 08:00:00+00:00,13343.674579084209
2021-02-05 12:00:00+00:00,13367.25291019892
2021-02-05 16:00:00+00:00,13330.002318763007
2021-02-05 20:00:00+00:00,13396.634569138627
2021-02-06 00:00:00+00:00,13495.979593588967
2021-02-06 04:00:00+00:00,13493.148524509814
2021-02-06 08:00:00+00:00,13570.415573618568
2021-02-06 12:00:00+00:00,13628.823285058992
2021-02-06 16:00:00+00:00,13565.29528416363
2021-02-06 20:00:00+00:00,13469.530133645618
2021-02-07 00:00:00+00:00,13431.885599021918
2021-02-07 04:00:00+00:00,13445.76700882763
2021-02-07 08:00:00+00:00,13449.78961932262
2021-02-07 12:00:00+00:00,13343.24509354767
2021-02-07 16:00:00+00:00,13352.220350706828
2021-02-07 20:00:00+00:00,13417.844509799312
2021-02-08 00:00:00+00:00,13351.706910959643
2021-02-08 04:00:00+00:00,13455.633526397743
2021-02-08 08:00:00+00:00,13469.973441963937
2021-02-08 12:00:00+00:00,13852.907667309119
2021-02-08 16:00:00+00:00,13796.102742338986
2021-02-08 20:00:00+00:00,14042.125380980757
2021-02-09 00:00:00+00:00,14054.713326495972
2021-02-09 04:00:00+00:00,14116.87450277258
2021-02-09 08:00:00+00:00,14034.084381494971
2021-02-09 12:00:00+00:00,14057.798116586408
2021-02-09 16:00:00+00:00,14073.88548696309
2021-02-09 20:00:00+00:00,14030.625359656207
2021-02-10 00:00:00+00:00,14016.31270804147
2021-02-10 04:00:00+00:00,14039.300355946107
2021-02-10 08:00:00+00:00,14034.35229710594
2021-02-10 12:00:00+00:00,13879.132343028408
2021-02-10 16:00:00+00:00,13929.996515800876
2021-02-10 20:00:00+00:00,13904.608857769974
2021-02-11 00:00:00+00:00,13946.445815636158
2021-02-11 04:00:00+00:00,13895.812308270732
2021-02-11 08:00:00+00:00,13985.667388902511
2021-02-11 12:00:00+00:00,14111.64399140811
2021-02-11 16:00:00+00:00,14091.893580331383
2021-02-11 20:00:00+00:00,14105.6534559292
2021-02-12 00:00:00+00:00,14078.342789299286
2021-02-12 04:00:00+00:00,14059.924842771023
2021-02-12 08:00:00+00:00,14072.950359546483
2021-02-12 12:00:00+00:00,14034.947692284499
2021-02-12 16:00:00+00:00,14049.08049403214
2021-02-12 20:00:00+00:00,14049.573905410147
2021-02-13 00:00:00+00:00,14082.863521866997
2021-02-13 04:00:00+00:00,14022.126441425013
2021-02-13 08:00:00+00:00,13991.338356935576
2021-02-13 12:00:00+00:00,14023.908759460233
2021-02-13 16:00:00+00:00,14008.075476821257
2021-02-13 20:00:00+00:00,14028.46885245709
2021-02-14 00:00:00+00:00,14036.329455929825
2021-02-14 04:00:00+00:00,14146.69272814432
2021-02-14 08:00:00+00:00,14165.225442392379
2021-02-14 12:00:00+00:00,14126.298591385947
2021-02-14 16:00:00+00:00,14133.217915085674
2021-02-14 20:00:00+00:00,14122.384576084089
2021-02-15 00:00:00+00:00,14001.592863223015
2021-02-15 04:00:00+00:00,13988.849023336603
2021-02-15 08:00:00+00:00,13949.865575806094
2021-02-15 12:00:00+00:00,13940.88602604203
2021-02-15 16:00:00+00:00,13887.764285655861
2021-02-15 20:00:00+00:00,13828.100025852653
2021-02-16 00:00:00+00:00,13826.265280672196
2021-02-16 04:00:00+00:00,13826.265280672196
2021-02-16 08:00:00+00:00,13826.265280672196
2021-02-16 12:00:00+00:00,13826.265280672196
2021-02-16 16:00:00+00:00,13826.265280672196
2021-02-16 20:00:00+00:00,13826.265280672196
2021-02-17 00:00:00+00:00,13826.265280672196
2021-02-17 04:00:00+00:00,13826.265280672196
2021-02-17 08:00:00+00:00,13826.265280672196
2021-02-17 12:00:00+00:00,13817.279918238253
2021-02-17 16:00:00+00:00,13881.398762829094
2021-02-17 20:00:00+00:00,13877.43412111489
2021-02-18 00:00:00+00:00,13867.844283492397
2021-02-18 04:00:00+00:00,13857.419577222689
2021-02-18 08:00:00+00:00,13813.616344516422
2021-02-18 12:00:00+00:00,13826.585860884408
2021-02-18 16:00:00+00:00,13833.501337793035
2021-02-18 20:00:00+00:00,13817.922039288786
2021-02-19 00:00:00+00:00,13790.9622534687
2021-02-19 04:00:00+00:00,13829.413011315137
2021-02-19 08:00:00+00:00,13907.935623336345
2021-02-19 12:00:00+00:00,13997.804780081922
2021-02-19 16:00:00+00:00,14088.83703628355
2021-02-19 20:00:00+00:00,14155.668378785425
2021-02-20 00:00:00+00:00,14135.899953362376
2021-02-20 04:00:00+00:00,14095.472131779541
2021-02-20 08:00:00+00:00,14179.088216750553
2021-02-20 12:00:00+00:00,14161.709128370698
2021-02-20 16:00:00+00:00,14220.897270136364
2021-02-20 20:00:00+00:00,14131.894965295285
2021-02-21 00:00:00+00:00,14176.891058302095
2021-02-21 04:00:00+00:00,14145.739303071445
2021-02-21 08:00:00+00:00,14233.040069439021
2021-02-21 12:00:00+00:00,14232.537399584417
2021-02-21 16:00:00+00:00,14283.889861337018
2021-02-21 20:00:00+00:00,14232.639751103467
2021-02-22 00:00:00+00:00,14114.518938938074
2021-02-22 04:00:00+00:00,14153.230184176622
2021-02-22 08:00:00+00:00,14012.499591678308
2021-02-22 12:00:00+00:00,14098.845303988785
2021-02-22 16:00:00+00:00,14079.526049289037
2021-02-22 20:00:00+00:00,14052.30968876175
2021-02-23 00:00:00+00:00,14176.794814619989
2021-02-23 04:00:00+00:00,14303.653470776664
2021-02-23 08:00:00+00:00,14480.849409153887
2021-02-23 12:00:00+00:00,14367.475149220065
2021-02-23 16:00:00+00:00,14515.590965312973
2021-02-23 20:00:00+00:00,14357.303705350336
2021-02-24 00:00:00+00:00,14268.98039046755
2021-02-24 04:00:00+00:00,14301.512343162565
2021-02-24 08:00:00+00:00,14291.251437466593
2021-02-24 12:00:00+00:00,14315.421690176643
2021-02-24 16:00:00+00:00,14353.53801179764
2021-02-24 20:00:00+00:00,14322.606039525652
2021-02-25 00:00:00+00:00,14297.777035942241
2021-02-25 04:00:00+00:00,14290.489521348069
2021-02-25 08:00:00+00:00,14294.35819232554
2021-02-25 12:00:00+00:00,14268.197509957316
2021-02-25 16:00:00+00:00,14337.112185024873
2021-02-25 20:00:00+00:00,14453.15880318976
2021-02-26 00:00:00+00:00,14440.873181417594
2021-02-26 04:00:00+00:00,14556.67144518821
2021-02-26 08:00:00+00:00,14487.22803334533
2021-02-26 12:00:00+00:00,14430.5887115878
2021-02-26 16:00:00+00:00,14459.933398081022
2021-02-26 20:00:00+00:00,14458.794220974281
2021-02-27 00:00:00+00:00,14458.794220974281
2021-02-27 04:00:00+00:00,14458.794220974281
2021-02-27 08:00:00+00:00,14458.794220974281
2021-02-27 12:00:00+00:00,14458.794220974281
2021-02-27 16:00:00+00:00,14413.52754676547
2021-02-27 20:00:00+00:00,14483.177024722314
2021-02-28 00:00:00+00:00,14558.532574024015
2021-02-28 04:00:00+00:00,14569.854268315139
2021-02-28 08:00:00+00:00,14522.687119067376
2021-02-28 12:00:00+00:00,14624.191538299548
2021-02-28 16:00:00+00:00,14571.567900965754
2021-02-28 20:00:00+00:00,14532.249536703212
2021-03-01 00:00:00+00:00,14468.790508268725
2021-03-01 04:00:00+00:00,14470.76568743207
2021-03-01 08:00:00+00:00,14393.620099421218
2021-03-01 12:00:00+00:00,14312.760308223564
2021-03-01 16:00:00+00:00,14362.790182049439
2021-03-01 20:00:00+00:00,14289.239584983417
2021-03-02 00:00:00+00:00,14323.152605724228
2021-03-02 04:00:00+00:00,14359.601598473686
2021-03-02 08:00:00+00:00,14329.648899103639
2021-03-02 12:00:00+00:00,14340.063445771892
2021-03-02 16:00:00+00:00,14412.146997741465
2021-03-02 20:00:00+00:00,14354.056470638281
2021-03-03 00:00:00+00:00,14337.359471856415
2021-03-03 04:00:00+00:00,14272.096492338434
2021-03-03 08:00:00+00:00,14149.157009016704
2021-03-03 12:00:00+00:00,14147.599804596157
2021-03-03 16:00:00+00:00,14147.599804596157
2021-03-03 20:00:00+00:00,14147.599804596157
2021-03-04 00:00:00+00:00,14097.799388583222
2021-03-04 04:00:00+00:00,14103.71178787137
2021-03-04 08:00:00+00:00,14080.752517205483
2021-03-04 12:00:00+00:00,14086.178484095723
2021-03-04 16:00:00+00:00,13998.439519242871
2021-03-04 20:00:00+00:00,14020.28843587579
2021-03-05 00:00:00+00:00,13953.879427070784
2021-03-05 04:00:00+00:00,13952.413659039496
2021-03-05 08:00:00+00:00,13952.413659039496
2021-03-05 12:00:00+00:00,13952.413659039496
2021-03-05 16:00:00+00:00,13952.413659039496
2021-03-05 20:00:00+00:00,13952.413659039496
2021-03-06 00:00:00+00:00,13952.413659039496
2021-03-06 04:00:00+00:00,13952.413659039496
2021-03-06 08:00:00+00:00,13952.413659039496
2021-03-06 12:00:00+00:00,13952.413659039496
2021-03-06 16:00:00+00:00,13952.413659039496
2021-03-06 20:00:00+00:00,13952.413659039496
2021-03-07 00:00:00+00:00,13952.413659039496
2021-03-07 04:00:00+00:00,13952.413659039496
2021-03-07 08:00:00+00:00,13952.413659039496
2021-03-07 12:00:00+00:00,13952.413659039496
2021-03-07 16:00:00+00:00,13952.413659039496
2021-03-07 20:00:00+00:00,13952.413659039496
2021-03-08 00:00:00+00:00,13952.413659039496
2021-03-08 04:00:00+00:00,13952.413659039496
2021-03-08 08:00:00+00:00,13952.413659039496
2021-03-08 12:00:00+00:00,13952.413659039496
2021-03-08 16:00:00+00:00,13952.413659039496
2021-03-08 20:00:00+00:00,13952.413659039496
2021-03-09 00:00:00+00:00,13952.413659039496
2021-03-09 04:00:00+00:00,13952.413659039496
2021-03-09 08:00:00+00:00,13952.413659039496
2021-03-09 12:00:00+00:00,13952.413659039496
2021-03-09 16:00:00+00:00,13949.240393182385
2021-03-09 20:00:00+00:00,14008.495763138078
2021-03-10 00:00:00+00:00,13901.48325163653
2021-03-10 04:00:00+00:00,13948.010258622453
2021-03-10 08:00:00+00:00,14000.326163977596
2021-03-10 12:00:00+00:00,14107.760328308146
2021-03-10 16:00:00+00:00,14139.214597387803
2021-03-10 20:00:00+00:00,14073.513872895259
2021-03-11 00:00:00+00:00,14079.439866629735
2021-03-11 04:00:00+00:00,14007.494834371222
2021-03-11 08:00:00+00:00,14090.390238623257
2021-03-11 12:00:00+00:00,14100.958821198967
2021-03-11 16:00:00+00:00,14131.981997441066
2021-03-11 20:00:00+00:00,14200.25572160318
2021-03-12 00:00:00+00:00,14147.54574914092
2021-03-12 04:00:00+00:00,14114.520035005233
2021-03-12 08:00:00+00:00,14100.284150806878
2021-03-12 12:00:00+00:00,14133.436686809315
2021-03-12 16:00:00+00:00,14130.60542225926
2021-03-12 20:00:00+00:00,14151.395591267314
2021-03-13 00:00:00+00:00,14110.249350505164
2021-03-13 04:00:00+00:00,14156.809582133503
2021-03-13 08:00:00+00:00,14341.722393225518
2021-03-13 12:00:00+00:00,14329.94400295053
2021-03-13 16:00:00+00:00,14403.568497408198
2021-03-13 20:00:00+00:00,14436.831933271364
2021-03-14 00:00:00+00:00,14445.153992550522
2021-03-14 04:00:00+00:00,14383.540910677924
2021-03-14 08:00:00+00:00,14366.035560015474
2021-03-14 12:00:00+00:00,14317.568250620388
2021-03-14 16:00:00+00:00,14331.607906824882
2021-03-14 20:00:00+00:00,14257.51836856791
2021-03-15 00:00:00+00:00,14361.17679806563
2021-03-15 04:00:00+00:00,14165.812095296536
2021-03-15 08:00:00+00:00,14049.825859502855
2021-03-15 12:00:00+00:00,14041.314531712464
2021-03-15 16:00:00+00:00,14020.781343497842
2021-03-15 20:00:00+00:00,14080.18584741243
2021-03-16 00:00:00+00:00,14163.83949127427
2021-03-16 04:00:00+00:00,14106.28166942121
2021-03-16 08:00:00+00:00,14091.578940820596
2021-03-16 12:00:00+00:00,14069.595598278358
2021-03-16 16:00:00+00:00,14077.389445424493
2021-03-16 20:00:00+00:00,14003.178632947127
2021-03-17 00:00:00+00:00,14093.17267518468
2021-03-17 04:00:00+00:00,14073.902966238908
2021-03-17 08:00:00+00:00,14138.319237316762
2021-03-17 12:00:00+00:00,14133.002772164815
2021-03-17 16:00:00+00:00,13941.567744261425
2021-03-17 20:00:00+00:00,14002.898278050787
2021-03-18 00:00:00+00:00,13990.263573857159
2021-03-18 04:00:00+00:00,13966.504168295993
2021-03-18 08:00:00+00:00,13955.524822596444
2021-03-18 12:00:00+00:00,14044.250903125801
2021-03-18 16:00:00+00:00,13897.657113856369
2021-03-18 20:00:00+00:00,13918.334638510762
2021-03-19 00:00:00+00:00,13923.134504098098
2021-03-19 04:00:00+00:00,13928.709953640457
2021-03-19 08:00:00+00:00,13991.904891720533
2021-03-19 12:00:00+00:00,14000.580509098216
2021-03-19 16:00:00+00:00,13990.089730321733
2021-03-19 20:00:00+00:00,13937.432536724258
2021-03-20 00:00:00+00:00,13958.722880682042
2021-03-20 04:00:00+00:00,13961.068065138687
2021-03-20 08:00:00+00:00,14019.80133848213
2021-03-20 12:00:00+00:00,14015.880191577293
2021-03-20 16:00:00+00:00,14017.173874598187
2021-03-20 20:00:00+00:00,13929.219906122407
2021-03-21 00:00:00+00:00,13903.390013863742
2021-03-21 04:00:00+00:00,13843.77793623898
2021-03-21 08:00:00+00:00,13894.656039783447
2021-03-21 12:00:00+00:00,13828.294870582633
2021-03-21 16:00:00+00:00,13802.201188393163
2021-03-21 20:00:00+00:00,13813.336582638354
2021-03-22 00:00:00+00:00,13800.693651089077
2021-03-22 04:00:00+00:00,13798.666451789859
2021-03-22 08:00:00+00:00,13790.043902070602
2021-03-22 12:00:00+00:00,13787.835366857953
2021-03-22 16:00:00+00:00,13787.835366857953
2021-03-22 20:00:00+00:00,13787.835366857953
2021-03-23 00:00:00+00:00,13787.835366857953
2021-03-23 04:00:00+00:00,13787.835366857953
2021-03-23 08:00:00+00:00,13787.835366857953
2021-03-23 12:00:00+00:00,13721.037578929185
2021-03-23 16:00:00+00:00,13734.330173289281
2021-03-23 20:00:00+00:00,13782.802533961152
2021-03-24 00:00:00+00:00,13784.987120050171
2021-03-24 04:00:00+00:00,13702.553287089653
2021-03-24 08:00:00+00:00,13621.448130033108
2021-03-24 12:00:00+00:00,13638.560656221573
2021-03-24 16:00:00+00:00,13756.92365161755
2021-03-24 20:00:00+00:00,13940.842237503348
2021-03-25 00:00:00+00:00,13938.780407225282
2021-03-25 04:00:00+00:00,13938.780407225282
2021-03-25 08:00:00+00:00,13944.474742133643
2021-03-25 12:00:00+00:00,14029.510827617014
2021-03-25 16:00:00+00:00,13944.052830484668
2021-03-25 20:00:00+00:00,14006.653140660812
2021-03-26 00:00:00+00:00,13930.162361500215
2021-03-26 04:00:00+00:00,13849.610276931891
2021-03-26 08:00:00+00:00,13906.69102729653
2021-03-26 12:00:00+00:00,13866.517486516801
2021-03-26 16:00:00+00:00,13835.23817358663
2021-03-26 20:00:00+00:00,13744.577736065647
2021-03-27 00:00:00+00:00,13764.15627709266
2021-03-27 04:00:00+00:00,13749.235302740979
2021-03-27 08:00:00+00:00,13785.813421212482
2021-03-27 12:00:00+00:00,13747.96897095004
2021-03-27 16:00:00+00:00,13686.430651082652
2021-03-27 20:00:00+00:00,13683.060521978072
2021-03-28 00:00:00+00:00,13665.941131946996
2021-03-28 04:00:00+00:00,13653.561949328172
2021-03-28 08:00:00+00:00,13686.559068907729
2021-03-28 12:00:00+00:00,13639.646661106342
2021-03-28 16:00:00+00:00,13637.34661302035
2021-03-28 20:00:00+00:00,13637.34661302035
2021-03-29 00:00:00+00:00,13637.34661302035
2021-03-29 04:00:00+00:00,13637.34661302035
2021-03-29 08:00:00+00:00,13637.34661302035
2021-03-29 12:00:00+00:00,13637.34661302035
2021-03-29 16:00:00+00:00,13637.34661302035
2021-03-29 20:00:00+00:00,13637.34661302035
2021-03-30 00:00:00+00:00,13637.34661302035
2021-03-30 04:00:00+00:00,13637.34661302035
2021-03-30 08:00:00+00:00,13637.34661302035
2021-03-30 12:00:00+00:00,13637.34661302035
2021-03-30 16:00:00+00:00,13676.60214147838
2021-03-30 20:00:00+00:00,13644.674092615565
2021-03-31 00:00:00+00:00,13632.186400441808
2021-03-31 04:00:00+00:00,13592.759345031996
2021-03-31 08:00:00+00:00,13575.449936427467
2021-03-31 12:00:00+00:00,13679.960190716054
2021-03-31 16:00:00+00:00,13619.324015183238
2021-03-31 20:00:00+00:00,13632.310148045155
2021-04-01 00:00:00+00:00,13660.422300684742
2021-04-01 04:00:00+00:00,13632.19846038997
2021-04-01 08:00:00+00:00,13607.15837904424
2021-04-01 12:00:00+00:00,13640.514155214403
2021-04-01 16:00:00+00:00,13633.721876462761
2021-04-01 20:00:00+00:00,13616.978736839179
2021-04-02 00:00:00+00:00,13716.256517441241
2021-04-02 04:00:00+00:00,13676.830953392584
2021-04-02 08:00:00+00:00,13683.313863451178
2021-04-02 12:00:00+00:00,13673.731308511278
2021-04-02 16:00:00+00:00,13613.444504180816
2021-04-02 20:00:00+00:00,13610.753696529462
2021-04-03 00:00:00+00:00,13610.753696529462
2021-04-03 04:00:00+00:00,13610.753696529462
2021-04-03 08:00:00+00:00,13610.753696529462
2021-04-03 12:00:00+00:00,13610.753696529462
2021-04-03 16:00:00+00:00,13610.753696529462
2021-04-03 20:00:00+00:00,13610.753696529462
2021-04-04 00:00:00+00:00,13610.753696529462
2021-04-04 04:00:00+00:00,13610.753696529462
2021-04-04 08:00:00+00:00,13610.753696529462
2021-04-04 12:00:00+00:00,13610.753696529462
2021-04-04 16:00:00+00:00,13610.753696529462
2021-04-04 20:00:00+00:00,13610.753696529462
2021-04-05 00:00:00+00:00,13610.753696529462
2021-04-05 04:00:00+00:00,13610.753696529462
2021-04-05 08:00:00+00:00,13610.753696529462
2021-04-05 12:00:00+00:00,13610.753696529462
2021-04-05 16:00:00+00:00,13610.753696529462
2021-04-05 20:00:00+00:00,13610.753696529462
2021-04-06 00:00:00+00:00,13610.753696529462
2021-04-06 04:00:00+00:00,13610.753696529462
2021-04-06 08:00:00+00:00,13610.753696529462
2021-04-06 12:00:00+00:00,13610.753696529462
2021-04-06 16:00:00+00:00,13610.753696529462
2021-04-06 20:00:00+00:00,13610.753696529462
2021-04-07 00:00:00+00:00,13610.753696529462
2021-04-07 04:00:00+00:00,13610.753696529462
2021-04-07 08:00:00+00:00,13610.753696529462
2021-04-07 12:00:00+00:00,13610.753696529462
2021-04-07 16:00:00+00:00,13610.753696529462
2021-04-07 20:00:00+00:00,13610.753696529462
2021-04-08 00:00:00+00:00,13610.753696529462
2021-04-08 04:00:00+00:00,13610.753696529462
2021-04-08 08:00:00+00:00,13610.753696529462
2021-04-08 12:00:00+00:00,13610.753696529462
2021-04-08 16:00:00+00:00,13610.753696529462
2021-04-08 20:00:00+00:00,13610.753696529462
2021-04-09 00:00:00+00:00,13610.753696529462
2021-04-09 04:00:00+00:00,13610.753696529462
2021-04-09 08:00:00+00:00,13610.753696529462
2021-04-09 12:00:00+00:00,13610.753696529462
2021-04-09 16:00:00+00:00,13610.753696529462
2021-04-09 20:00:00+00:00,13610.753696529462
2021-04-10 00:00:00+00:00,13610.753696529462
2021-04-10 04:00:00+00:00,13610.753696529462
2021-04-10 08:00:00+00:00,13610.753696529462
2021-04-10 12:00:00+00:00,13610.753696529462
2021-04-10 16:00:00+00:00,13610.753696529462
2021-04-10 20:00:00+00:00,13610.753696529462
2021-04-11 00:00:00+00:00,13610.753696529462
2021-04-11 04:00:00+00:00,13610.753696529462
2021-04-11 08:00:00+00:00,13610.753696529462
2021-04-11 12:00:00+00:00,13610.753696529462
2021-04-11 16:00:00+00:00,13610.753696529462
2021-04-11 20:00:00+00:00,13610.753696529462
2021-04-12 00:00:00+00:00,13610.753696529462
2021-04-12 04:00:00+00:00,13610.753696529462
2021-04-12 08:00:00+00:00,13610.753696529462
2021-04-12 12:00:00+00:00,13610.753696529462
2021-04-12 16:00:00+00:00,13610.753696529462
2021-04-12 20:00:00+00:00,13610.753696529462
2021-04-13 00:00:00+00:00,13610.753696529462
2021-04-13 04:00:00+00:00,13610.753696529462
2021-04-13 08:00:00+00:00,13610.753696529462
2021-04-13 12:00:00+00:00,13641.216153166557
2021-04-13 16:00:00+00:00,13602.072391327652
2021-04-13 20:00:00+00:00,13655.050072135164
2021-04-14 00:00:00+00:00,13669.344838451305
2021-04-14 04:00:00+00:00,13719.845992991402
2021-04-14 08:00:00+00:00,13736.18390511279
2021-04-14 12:00:00+00:00,13597.968527503306
2021-04-14 16:00:00+00:00,13514.720879169832
2021-04-14 20:00:00+00:00,13578.098982129579
2021-04-15 00:00:00+00:00,13584.054492174455
2021-04-15 04:00:00+00:00,13566.888512268562
2021-04-15 08:00:00+00:00,13522.667160345673
2021-04-15 12:00:00+00:00,13550.221320339191
2021-04-15 16:00:00+00:00,13603.195123327456
2021-04-15 20:00:00+00:00,13582.689396128291
2021-04-16 00:00:00+00:00,13560.213580134981
2021-04-16 04:00:00+00:00,13424.302079025738
2021-04-16 08:00:00+00:00,13473.867219625174
2021-04-16 12:00:00+00:00,13416.927277495683
2021-04-16 16:00:00+00:00,13409.40740709115
2021-04-16 20:00:00+00:00,13439.418322984637
2021-04-17 00:00:00+00:00,13353.642069419337
2021-04-17 04:00:00+00:00,13378.228651797284
2021-04-17 08:00:00+00:00,13484.50762421862
2021-04-17 12:00:00+00:00,13538.538169274454
2021-04-17 16:00:00+00:00,13505.253101407523
2021-04-17 20:00:00+00:00,13563.958478145703
2021-04-18 00:00:00+00:00,14020.246966477844
2021-04-18 04:00:00+00:00,13931.757452673279
2021-04-18 08:00:00+00:00,14110.791428487168
2021-04-18 12:00:00+00:00,13984.545874165136
2021-04-18 16:00:00+00:00,13982.974241092286
2021-04-18 20:00:00+00:00,13982.974241092286
2021-04-19 00:00:00+00:00,13928.976957030607
2021-04-19 04:00:00+00:00,13910.573043548611
2021-04-19 08:00:00+00:00,13920.919704707918
2021-04-19 12:00:00+00:00,14080.591159371452
2021-04-19 16:00:00+00:00,14000.661548856036
2021-04-19 20:00:00+00:00,14017.055697216487
2021-04-20 00:00:00+00:00,14083.545526255935
2021-04-20 04:00:00+00:00,14090.579262561296
2021-04-20 08:00:00+00:00,13979.453684171935
2021-04-20 12:00:00+00:00,14034.911160638856
2021-04-20 16:00:00+00:00,13963.029850214056
2021-04-20 20:00:00+00:00,13972.618989065291
2021-04-21 00:00:00+00:00,14045.489652755234
2021-04-21 04:00:00+00:00,14040.247371317566
2021-04-21 08:00:00+00:00,14086.363948405327
2021-04-21 12:00:00+00:00,13986.244268985127
2021-04-21 16:00:00+00:00,14028.954345136717
2021-04-21 20:00:00+00:00,14133.33528932587
2021-04-22 00:00:00+00:00,14152.176280464613
2021-04-22 04:00:00+00:00,14111.428033782928
2021-04-22 08:00:00+00:00,14066.462850121208
2021-04-22 12:00:00+00:00,14079.40780844386
2021-04-22 16:00:00+00:00,14188.209397044198
2021-04-22 20:00:00+00:00,14262.651753456576
2021-04-23 00:00:00+00:00,14346.568295020807
2021-04-23 04:00:00+00:00,14479.474216182238
2021-04-23 08:00:00+00:00,14363.51196945993
2021-04-23 12:00:00+00:00,14375.943061937054
2021-04-23 16:00:00+00:00,14319.342202500404
2021-04-23 20:00:00+00:00,14306.08733059595
2021-04-24 00:00:00+00:00,14361.160604534462
2021-04-24 04:00:00+00:00,14378.550996083899
2021-04-24 08:00:00+00:00,14422.543675791503
2021-04-24 12:00:00+00:00,14356.797508878666
2021-04-24 16:00:00+00:00,14329.08743550446
2021-04-24 20:00:00+00:00,14365.615412990777
2021-04-25 00:00:00+00:00,14391.698040295294
2021-04-25 04:00:00+00:00,14390.589429359467
2021-04-25 08:00:00+00:00,14400.318652779852
2021-04-25 12:00:00+00:00,14353.416761945924
2021-04-25 16:00:00+00:00,14415.424957077537
2021-04-25 20:00:00+00:00,14435.269513339828
2021-04-26 00:00:00+00:00,14213.431522096778
2021-04-26 04:00:00+00:00,14189.21473751251
2021-04-26 08:00:00+00:00,14141.122243757292
2021-04-26 12:00:00+00:00,14142.288907223898
2021-04-26 16:00:00+00:00,14113.339039582233
2021-04-26 20:00:00+00:00,14116.021776062507
2021-04-27 00:00:00+00:00,14149.98543534509
2021-04-27 04:00:00+00:00,14079.676082106997
2021-04-27 08:00:00+00:00,14039.206168531917
2021-04-27 12:00:00+00:00,14049.816043726407
2021-04-27 16:00:00+00:00,14065.8864455142
2021-04-27 20:00:00+00:00,14048.239980578424
2021-04-28 00:00:00+00:00,14064.192470999165
2021-04-28 04:00:00+00:00,14101.488613888347
2021-04-28 08:00:00+00:00,14057.98551332348
2021-04-28 12:00:00+00:00,14095.570292828066
2021-04-28 16:00:00+00:00,14014.559165050243
2021-04-28 20:00:00+00:00,14058.662406568332
2021-04-29 00:00:00+00:00,14101.661007676446
2021-04-29 04:00:00+00:00,14087.253968565452
2021-04-29 08:00:00+00:00,14099.402737518658
2021-04-29 12:00:00+00:00,14141.937880101188
2021-04-29 16:00:00+00:00,14207.627097106732
2021-04-29 20:00:00+00:00,14156.506050731547
2021-04-30 00:00:00+00:00,14154.478728245213
2021-04-30 04:00:00+00:00,14154.478728245213
2021-04-30 08:00:00+00:00,14154.478728245213
2021-04-30 12:00:00+00:00,14154.478728245213
2021-04-30 16:00:00+00:00,14154.478728245213
2021-04-30 20:00:00+00:00,14154.478728245213
2021-05-01 00:00:00+00:00,14154.478728245213
2021-05-01 04:00:00+00:00,14154.478728245213
2021-05-01 08:00:00+00:00,14154.478728245213
2021-05-01 12:00:00+00:00,14115.817768194314
2021-05-01 16:00:00+00:00,14146.861908924715
2021-05-01 20:00:00+00:00,14150.020824633182
2021-05-02 00:00:00+00:00,14035.987531399493
2021-05-02 04:00:00+00:00,14050.241920496239
2021-05-02 08:00:00+00:00,14088.228155992001
2021-05-02 12:00:00+00:00,14045.235181729064
2021-05-02 16:00:00+00:00,14064.910417631714
2021-05-02 20:00:00+00:00,14040.24213815963
2021-05-03 00:00:00+00:00,14160.913474317016
2021-05-03 04:00:00+00:00,14234.61487401453
2021-05-03 08:00:00+00:00,14222.31574378503
2021-05-03 12:00:00+00:00,14128.25032601517
2021-05-03 16:00:00+00:00,14121.845178980417
2021-05-03 20:00:00+00:00,14083.173045680931
2021-05-04 00:00:00+00:00,13930.120646338682
2021-05-04 04:00:00+00:00,13889.839029256304
2021-05-04 08:00:00+00:00,13870.513583336317
2021-05-04 12:00:00+00:00,14061.83092895935
2021-05-04 16:00:00+00:00,14008.775832831532
2021-05-04 20:00:00+00:00,14111.933408965406
2021-05-05 00:00:00+00:00,13989.164475349779
2021-05-05 04:00:00+00:00,13987.205196218978
2021-05-05 08:00:00+00:00,13967.585632893328
2021-05-05 12:00:00+00:00,13965.571583267263
2021-05-05 16:00:00+00:00,13937.977981553575
2021-05-05 20:00:00+00:00,13956.398533751906
2021-05-06 00:00:00+00:00,13906.763956629353
2021-05-06 04:00:00+00:00,13902.893149774985
2021-05-06 08:00:00+00:00,13814.245526040648
2021-05-06 12:00:00+00:00,13742.892628518715
2021-05-06 16:00:00+00:00,13740.756924318723
2021-05-06 20:00:00+00:00,13740.756924318723
2021-05-07 00:00:00+00:00,13740.756924318723
2021-05-07 04:00:00+00:00,13740.756924318723
2021-05-07 08:00:00+00:00,13740.756924318723
2021-05-07 12:00:00+00:00,13740.756924318723
2021-05-07 16:00:00+00:00,13740.756924318723
2021-05-07 20:00:00+00:00,13740.756924318723
2021-05-08 00:00:00+00:00,13740.756924318723
2021-05-08 04:00:00+00:00,13740.756924318723
2021-05-08 08:00:00+00:00,13740.756924318723
2021-05-08 12:00:00+00:00,13740.756924318723
2021-05-08 16:00:00+00:00,13740.756924318723
2021-05-08 20:00:00+00:00,13740.756924318723
2021-05-09 00:00:00+00:00,13740.756924318723
2021-05-09 04:00:00+00:00,13740.756924318723
2021-05-09 08:00:00+00:00,13740.756924318723
2021-05-09 12:00:00+00:00,13740.756924318723
2021-05-09 16:00:00+00:00,13740.756924318723
2021-05-09 20:00:00+00:00,13740.756924318723
2021-05-10 00:00:00+00:00,13740.756924318723
2021-05-10 04:00:00+00:00,13740.756924318723
2021-05-10 08:00:00+00:00,13740.756924318723
2021-05-10 12:00:00+00:00,13740.756924318723
2021-05-10 16:00:00+00:00,13740.756924318723
2021-05-10 20:00:00+00:00,13740.756924318723
2021-05-11 00:00:00+00:00,13740.756924318723
2021-05-11 04:00:00+00:00,13740.756924318723
2021-05-11 08:00:00+00:00,13740.756924318723
2021-05-11 12:00:00+00:00,13740.756924318723
2021-05-11 16:00:00+00:00,13740.756924318723
2021-05-11 20:00:00+00:00,13740.756924318723
2021-05-12 00:00:00+00:00,13740.756924318723
2021-05-12 04:00:00+00:00,13740.756924318723
2021-05-12 08:00:00+00:00,13740.756924318723
2021-05-12 12:00:00+00:00,13740.756924318723
2021-05-12 16:00:00+00:00,13740.756924318723
2021-05-12 20:00:00+00:00,13740.756924318723
2021-05-13 00:00:00+00:00,13740.756924318723
2021-05-13 04:00:00+00:00,13716.534760842806
2021-05-13 08:00:00+00:00,13777.257391653147
2021-05-13 12:00:00+00:00,13784.597985926845
2021-05-13 16:00:00+00:00,13843.767958595341
2021-05-13 20:00:00+00:00,13785.850996391882
2021-05-14 00:00:00+00:00,13814.279724995711
2021-05-14 04:00:00+00:00,13767.891258594203
2021-05-14 08:00:00+00:00,13739.616421109811
2021-05-14 12:00:00+00:00,13701.439149007672
2021-05-14 16:00:00+00:00,13761.9304542485
2021-05-14 20:00:00+00:00,13780.306955882063
2021-05-15 00:00:00+00:00,13792.314258631455
2021-05-15 04:00:00+00:00,13861.982061761693
2021-05-15 08:00:00+00:00,13835.061889941344
2021-05-15 12:00:00+00:00,13831.358203253989
2021-05-15 16:00:00+00:00,13885.610184572442
2021-05-15 20:00:00+00:00,13969.54651551139
2021-05-16 00:00:00+00:00,13870.448708035272
2021-05-16 04:00:00+00:00,13812.482328414308
2021-05-16 08:00:00+00:00,13834.421084686286
2021-05-16 12:00:00+00:00,13910.074091513854
2021-05-16 16:00:00+00:00,14049.454391416537
2021-05-16 20:00:00+00:00,13999.031307580388
2021-05-17 00:00:00+00:00,14195.858091535094
2021-05-17 04:00:00+00:00,14075.418564284659
2021-05-17 08:00:00+00:00,14044.342286505389
2021-05-17 12:00:00+00:00,14172.350008227237
2021-05-17 16:00:00+00:00,14128.849817744518
2021-05-17 20:00:00+00:00,14164.519510260008
2021-05-18 00:00:00+00:00,14100.586465634615
2021-05-18 04:00:00+00:00,14082.180416076082
2021-05-18 08:00:00+00:00,14072.457243935252
2021-05-18 12:00:00+00:00,14200.290933256763
2021-05-18 16:00:00+00:00,14185.563289159525
2021-05-18 20:00:00+00:00,14207.235145332415
2021-05-19 00:00:00+00:00,14331.447134809656
2021-05-19 04:00:00+00:00,14345.39269733507
2021-05-19 08:00:00+00:00,14434.37090799951
2021-05-19 12:00:00+00:00,14504.443241143774
2021-05-19 16:00:00+00:00,14417.282332711045
2021-05-19 20:00:00+00:00,14524.242460526999
2021-05-20 00:00:00+00:00,14458.269925415272
2021-05-20 04:00:00+00:00,14395.501100686986
2021-05-20 08:00:00+00:00,14375.659341130162
2021-05-20 12:00:00+00:00,14336.45547998121
2021-05-20 16:00:00+00:00,14390.554980078472
2021-05-20 20:00:00+00:00,14374.343691697333
2021-05-21 00:00:00+00:00,14368.969544278349
2021-05-21 04:00:00+00:00,14401.80702160134
2021-05-21 08:00:00+00:00,14349.67801035799
2021-05-21 12:00:00+00:00,14526.837966047733
2021-05-21 16:00:00+00:00,14557.703897433365
2021-05-21 20:00:00+00:00,14510.724878423693
2021-05-22 00:00:00+00:00,14521.031131140071
2021-05-22 04:00:00+00:00,14548.197460190975
2021-05-22 08:00:00+00:00,14472.077688652238
2021-05-22 12:00:00+00:00,14471.89054994454
2021-05-22 16:00:00+00:00,14507.634026497326
2021-05-22 20:00:00+00:00,14500.98084243333
2021-05-23 00:00:00+00:00,14502.592883581165
2021-05-23 04:00:00+00:00,14568.228303206068
2021-05-23 08:00:00+00:00,14592.640226020481
2021-05-23 12:00:00+00:00,14686.080107789938
2021-05-23 16:00:00+00:00,14698.351451248336
2021-05-23 20:00:00+00:00,14626.178208040234
2021-05-24 00:00:00+00:00,14600.435356960017
2021-05-24 04:00:00+00:00,14536.556591145143
2021-05-24 08:00:00+00:00,14493.258662984543
2021-05-24 12:00:00+00:00,14494.28807098608
2021-05-24 16:00:00+00:00,14399.352225574668
2021-05-24 20:00:00+00:00,14435.292074793619
2021-05-25 00:00:00+00:00,14457.697871533373
2021-05-25 04:00:00+00:00,14425.63508518158
2021-05-25 08:00:00+00:00,14540.468233104211
2021-05-25 12:00:00+00:00,14459.614113213702
2021-05-25 16:00:00+00:00,14506.026081331735
2021-05-25 20:00:00+00:00,14455.688218738813
2021-05-26 00:00:00+00:00,14398.176274495667
2021-05-26 04:00:00+00:00,14351.593484322915
2021-05-26 08:00:00+00:00,14380.833836389544
2021-05-26 12:00:00+00:00,14435.125763218937
2021-05-26 16:00:00+00:00,14450.949299944594
2021-05-26 20:00:00+00:00,14411.898135189982
2021-05-27 00:00:00+00:00,14496.533183746182
2021-05-27 04:00:00+00:00,14462.57317179835
2021-05-27 08:00:00+00:00,14386.277983073183
2021-05-27 12:00:00+00:00,14385.548333180895
2021-05-27 16:00:00+00:00,14436.219922785467
2021-05-27 20:00:00+00:00,14435.122342722332
2021-05-28 00:00:00+00:00,14435.122342722332
2021-05-28 04:00:00+00:00,14435.122342722332
2021-05-28 08:00:00+00:00,14435.122342722332
2021-05-28 12:00:00+00:00,14435.122342722332
2021-05-28 16:00:00+00:00,14435.122342722332
2021-05-28 20:00:00+00:00,14435.122342722332
2021-05-29 00:00:00+00:00,14435.122342722332
2021-05-29 04:00:00+00:00,14435.122342722332
2021-05-29 08:00:00+00:00,14435.122342722332
2021-05-29 12:00:00+00:00,14435.122342722332
2021-05-29 16:00:00+00:00,14458.612059300976
2021-05-29 20:00:00+00:00,14424.209545122469
2021-05-30 00:00:00+00:00,14413.935293227034
2021-05-30 04:00:00+00:00,14338.09702493238
2021-05-30 08:00:00+00:00,14315.895640547988
2021-05-30 12:00:00+00:00,14371.148152897651
2021-05-30 16:00:00+00:00,14332.313420202068
2021-05-30 20:00:00+00:00,14361.422203226548
2021-05-31 00:00:00+00:00,14439.350957058661
2021-05-31 04:00:00+00:00,14348.012360121615
2021-05-31 08:00:00+00:00,14283.093247142271
2021-05-31 12:00:00+00:00,14275.704179559898
2021-05-31 16:00:00+00:00,14281.684480388702
2021-05-31 20:00:00+00:00,14255.137197849483
2021-06-01 00:00:00+00:00,14292.864099736924
2021-06-01 04:00:00+00:00,14285.210800048273
2021-06-01 08:00:00+00:00,14303.037760713834
2021-06-01 12:00:00+00:00,14327.909231726871
2021-06-01 16:00:00+00:00,14326.567510199387
2021-06-01 20:00:00+00:00,14326.567510199387
2021-06-02 00:00:00+00:00,14326.567510199387
2021-06-02 04:00:00+00:00,14326.567510199387
2021-06-02 08:00:00+00:00,14326.567510199387
2021-06-02 12:00:00+00:00,14326.567510199387
2021-06-02 16:00:00+00:00,14326.567510199387
2021-06-02 20:00:00+00:00,14326.567510199387
2021-06-03 00:00:00+00:00,14326.567510199387
2021-06-03 04:00:00+00:00,14326.567510199387
2021-06-03 08:00:00+00:00,14326.567510199387
2021-06-03 12:00:00+00:00,14326.567510199387
2021-06-03 16:00:00+00:00,14326.567510199387
2021-06-03 20:00:00+00:00,14326.567510199387
2021-06-04 00:00:00+00:00,14326.567510199387
2021-06-04 04:00:00+00:00,14326.567510199387
2021-06-04 08:00:00+00:00,14326.567510199387
2021-06-04 12:00:00+00:00,14326.567510199387
2021-06-04 16:00:00+00:00,14326.567510199387
2021-06-04 20:00:00+00:00,14326.567510199387
2021-06-05 00:00:00+00:00,14326.567510199387
2021-06-05 04:00:00+00:00,14326.567510199387
2021-06-05 08:00:00+00:00,14326.567510199387
2021-06-05 12:00:00+00:00,14326.567510199387
2021-06-05 16:00:00+00:00,14326.567510199387
2021-06-05 20:00:00+00:00,14326.567510199387
2021-06-06 00:00:00+00:00,14326.567510199387
2021-06-06 04:00:00+00:00,14312.268112259348
2021-06-06 08:00:00+00:00,14336.590463685132
2021-06-06 12:00:00+00:00,14309.30934090793
2021-06-06 16:00:00+00:00,14348.35164962277
2021-06-06 20:00:00+00:00,14343.726720413762
2021-06-07 00:00:00+00:00,14284.527827167465
2021-06-07 04:00:00+00:00,14308.767689975832
2021-06-07 08:00:00+00:00,14286.214557681293
2021-06-07 12:00:00+00:00,14320.911021310518
2021-06-07 16:00:00+00:00,14361.944978601721
2021-06-07 20:00:00+00:00,14579.843983567456
2021-06-08 00:00:00+00:00,14654.08253119592
2021-06-08 04:00:00+00:00,14639.814463142835
2021-06-08 08:00:00+00:00,14628.250740724316
2021-06-08 12:00:00+00:00,14762.25971440247
2021-06-08 16:00:00+00:00,14654.614778101428
2021-06-08 20:00:00+00:00,14605.435126232942
2021-06-09 00:00:00+00:00,14653.503863619571
2021-06-09 04:00:00+00:00,14534.492830601557
2021-06-09 08:00:00+00:00,14464.507407145577
2021-06-09 12:00:00+00:00,14340.653134656603
2021-06-09 16:00:00+00:00,14349.984045960331
2021-06-09 20:00:00+00:00,14254.569458165071
2021-06-10 00:00:00+00:00,14288.55704926817
2021-06-10 04:00:00+00:00,14289.186175084604
2021-06-10 08:00:00+00:00,14215.249979491882
2021-06-10 12:00:00+00:00,14289.939982931059
2021-06-10 16:00:00+00:00,14308.80631261849
2021-06-10 20:00:00+00:00,14308.38039915428
2021-06-11 00:00:00+00:00,14302.946418867798
2021-06-11 04:00:00+00:00,14271.430278552853
2021-06-11 08:00:00+00:00,14251.778328049777
2021-06-11 12:00:00+00:00,14298.58596854297
2021-06-11 16:00:00+00:00,14262.859206938923
2021-06-11 20:00:00+00:00,14256.142113684466
2021-06-12 00:00:00+00:00,14408.838061239245
2021-06-12 04:00:00+00:00,14434.952342424698
2021-06-12 08:00:00+00:00,14408.695305923966
2021-06-12 12:00:00+00:00,14425.470018698024
2021-06-12 16:00:00+00:00,14395.276175370534
2021-06-12 20:00:00+00:00,14411.829257514748
2021-06-13 00:00:00+00:00,14474.46151438598
2021-06-13 04:00:00+00:00,14437.302669052968
2021-06-13 08:00:00+00:00,14378.981123288355
2021-06-13 12:00:00+00:00,14366.688149046297
2021-06-13 16:00:00+00:00,14209.473326212288
2021-06-13 20:00:00+00:00,14079.645321251915
2021-06-14 00:00:00+00:00,14081.398572815746
2021-06-14 04:00:00+00:00,14031.35733358721
2021-06-14 08:00:00+00:00,14066.10760639963
2021-06-14 12:00:00+00:00,14064.304391271082
2021-06-14 16:00:00+00:00,14064.304391271082
2021-06-14 20:00:00+00:00,14131.34918934486
2021-06-15 00:00:00+00:00,14121.843854316236
2021-06-15 04:00:00+00:00,14118.645631689335
2021-06-15 08:00:00+00:00,14070.909423469988
2021-06-15 12:00:00+00:00,14091.160681292216
2021-06-15 16:00:00+00:00,14080.597054043064
2021-06-15 20:00:00+00:00,14097.492401174379
2021-06-16 00:00:00+00:00,14084.725890636451
2021-06-16 04:00:00+00:00,14097.067204838671
2021-06-16 08:00:00+00:00,13993.461076236239
2021-06-16 12:00:00+00:00,13963.459382448955
2021-06-16 16:00:00+00:00,13954.317664720658
2021-06-16 20:00:00+00:00,13922.740245014642
2021-06-17 00:00:00+00:00,13971.342589490292
2021-06-17 04:00:00+00:00,14004.730267798532
2021-06-17 08:00:00+00:00,14000.125804196938
2021-06-17 12:00:00+00:00,13984.401672333923
2021-06-17 16:00:00+00:00,13848.589840093586
2021-06-17 20:00:00+00:00,13807.383577381093
2021-06-18 00:00:00+00:00,13822.971443978999
2021-06-18 04:00:00+00:00,13844.472622766245
2021-06-18 08:00:00+00:00,13832.73653723663
2021-06-18 12:00:00+00:00,13979.105237223925
2021-06-18 16:00:00+00:00,14084.74002899606
2021-06-18 20:00:00+00:00,14035.175788065379
2021-06-19 00:00:00+00:00,14107.272344180337
2021-06-19 04:00:00+00:00,14105.490199172003
2021-06-19 08:00:00+00:00,14105.490199172003
2021-06-19 12:00:00+00:00,14085.067986070573
2021-06-19 16:00:00+00:00,14102.735404263787
2021-06-19 20:00:00+00:00,14148.635361675868
2021-06-20 00:00:00+00:00,14144.894068928923
2021-06-20 04:00:00+00:00,14135.200539712394
2021-06-20 08:00:00+00:00,14324.674855933901
2021-06-20 12:00:00+00:00,14269.881983260968
2021-06-20 16:00:00+00:00,14158.022660213719
2021-06-20 20:00:00+00:00,14146.865191595527
2021-06-21 00:00:00+00:00,14240.75954503813
2021-06-21 04:00:00+00:00,14408.395613251518
2021-06-21 08:00:00+00:00,14453.505646833217
2021-06-21 12:00:00+00:00,14439.484172477978
2021-06-21 16:00:00+00:00,14449.908003698945
2021-06-21 20:00:00+00:00,14537.030102812863
2021-06-22 00:00:00+00:00,14409.362654491917
2021-06-22 04:00:00+00:00,14440.512060629093
2021-06-22 08:00:00+00:00,14566.85647915387
2021-06-22 12:00:00+00:00,14531.62125841948
2021-06-22 16:00:00+00:00,14468.275990174723
2021-06-22 20:00:00+00:00,14459.583508871567
2021-06-23 00:00:00+00:00,14340.263378622009
2021-06-23 04:00:00+00:00,14338.688888708353
2021-06-23 08:00:00+00:00,14344.425498999944
2021-06-23 12:00:00+00:00,14376.24086185987
2021-06-23 16:00:00+00:00,14425.192551601946
2021-06-23 20:00:00+00:00,14361.909499062169
2021-06-24 00:00:00+00:00,14449.329901283756
2021-06-24 04:00:00+00:00,14428.510680002692
2021-06-24 08:00:00+00:00,14347.305744047224
2021-06-24 12:00:00+00:00,14344.349196723919
2021-06-24 16:00:00+00:00,14260.331125563416
2021-06-24 20:00:00+00:00,14276.388364193863
2021-06-25 00:00:00+00:00,14243.1974353805
2021-06-25 04:00:00+00:00,14308.858814891913
2021-06-25 08:00:00+00:00,14391.886876361415
2021-06-25 12:00:00+00:00,14450.823802373678
2021-06-25 16:00:00+00:00,14488.072755230962
2021-06-25 20:00:00+00:00,14541.95439426465
2021-06-26 00:00:00+00:00,14507.878803248981
2021-06-26 04:00:00+00:00,14618.246958085472
2021-06-26 08:00:00+00:00,14527.174682074496
2021-06-26 12:00:00+00:00,14547.772438277998
2021-06-26 16:00:00+00:00,14543.326317229452
2021-06-26 20:00:00+00:00,14485.363327767136
2021-06-27 00:00:00+00:00,14413.158136182194
2021-06-27 04:00:00+00:00,14402.12210684677
2021-06-27 08:00:00+00:00,14403.81081087671
2021-06-27 12:00:00+00:00,14407.453069917796
2021-06-27 16:00:00+00:00,14439.427957681217
2021-06-27 20:00:00+00:00,14272.212009008561
2021-06-28 00:00:00+00:00,14296.856609009383
2021-06-28 04:00:00+00:00,14244.304992763276
2021-06-28 08:00:00+00:00,14322.172519542339
2021-06-28 12:00:00+00:00,14249.067710062827
2021-06-28 16:00:00+00:00,14294.34550551067
2021-06-28 20:00:00+00:00,14288.910154771303
2021-06-29 00:00:00+00:00,14287.410283053061
2021-06-29 04:00:00+00:00,14287.410283053061
2021-06-29 08:00:00+00:00,14287.410283053061
2021-06-29 12:00:00+00:00,14287.410283053061
2021-06-29 16:00:00+00:00,14287.410283053061
2021-06-29 20:00:00+00:00,14287.410283053061
2021-06-30 00:00:00+00:00,14287.410283053061
2021-06-30 04:00:00+00:00,14287.410283053061
2021-06-30 08:00:00+00:00,14287.410283053061
2021-06-30 12:00:00+00:00,14287.410283053061
2021-06-30 16:00:00+00:00,14287.410283053061
2021-06-30 20:00:00+00:00,14287.410283053061
2021-07-01 00:00:00+00:00,14287.410283053061
2021-07-01 04:00:00+00:00,14287.410283053061
2021-07-01 08:00:00+00:00,14287.410283053061
2021-07-01 12:00:00+00:00,14287.410283053061
2021-07-01 16:00:00+00:00,14287.410283053061
2021-07-01 20:00:00+00:00,14287.410283053061
2021-07-02 00:00:00+00:00,14287.410283053061
2021-07-02 04:00:00+00:00,14287.410283053061
2021-07-02 08:00:00+00:00,14287.410283053061
2021-07-02 12:00:00+00:00,14287.410283053061
2021-07-02 16:00:00+00:00,14287.410283053061
2021-07-02 20:00:00+00:00,14287.410283053061
2021-07-03 00:00:00+00:00,14287.410283053061
2021-07-03 04:00:00+00:00,14287.410283053061
2021-07-03 08:00:00+00:00,14287.410283053061
2021-07-03 12:00:00+00:00,14287.410283053061
2021-07-03 16:00:00+00:00,14287.410283053061
2021-07-03 20:00:00+00:00,14287.410283053061
2021-07-04 00:00:00+00:00,14287.410283053061
2021-07-04 04:00:00+00:00,14287.410283053061
2021-07-04 08:00:00+00:00,14287.410283053061
2021-07-04 12:00:00+00:00,14287.410283053061
2021-07-04 16:00:00+00:00,14287.410283053061
2021-07-04 20:00:00+00:00,14287.410283053061
2021-07-05 00:00:00+00:00,14287.410283053061
2021-07-05 04:00:00+00:00,14287.410283053061
2021-07-05 08:00:00+00:00,14287.410283053061
2021-07-05 12:00:00+00:00,14287.410283053061
2021-07-05 16:00:00+00:00,14287.410283053061
2021-07-05 20:00:00+00:00,14287.410283053061
2021-07-06 00:00:00+00:00,14287.410283053061
2021-07-06 04:00:00+00:00,14287.410283053061
2021-07-06 08:00:00+00:00,14287.410283053061
2021-07-06 12:00:00+00:00,14287.410283053061
2021-07-06 16:00:00+00:00,14287.410283053061
2021-07-06 20:00:00+00:00,14287.410283053061
2021-07-07 00:00:00+00:00,14287.410283053061
2021-07-07 04:00:00+00:00,14287.410283053061
2021-07-07 08:00:00+00:00,14287.410283053061
2021-07-07 12:00:00+00:00,14287.410283053061
2021-07-07 16:00:00+00:00,14287.410283053061
2021-07-07 20:00:00+00:00,14287.410283053061
2021-07-08 00:00:00+00:00,14287.410283053061
2021-07-08 04:00:00+00:00,14287.410283053061
2021-07-08 08:00:00+00:00,14287.410283053061
2021-07-08 12:00:00+00:00,14287.410283053061
2021-07-08 16:00:00+00:00,14287.410283053061
2021-07-08 20:00:00+00:00,14287.410283053061
2021-07-09 00:00:00+00:00,14287.410283053061
2021-07-09 04:00:00+00:00,14287.410283053061
2021-07-09 08:00:00+00:00,14287.410283053061
2021-07-09 12:00:00+00:00,14287.410283053061
2021-07-09 16:00:00+00:00,14287.410283053061
2021-07-09 20:00:00+00:00,14287.410283053061
2021-07-10 00:00:00+00:00,14287.410283053061
2021-07-10 04:00:00+00:00,14287.410283053061
2021-07-10 08:00:00+00:00,14287.410283053061
2021-07-10 12:00:00+00:00,14287.410283053061
2021-07-10 16:00:00+00:00,14287.410283053061
2021-07-10 20:00:00+00:00,14287.410283053061
2021-07-11 00:00:00+00:00,14287.410283053061
2021-07-11 04:00:00+00:00,14287.410283053061
2021-07-11 08:00:00+00:00,14287.410283053061
2021-07-11 12:00:00+00:00,14287.410283053061
2021-07-11 16:00:00+00:00,14287.410283053061
2021-07-11 20:00:00+00:00,14287.410283053061
2021-07-12 00:00:00+00:00,14287.410283053061
2021-07-12 04:00:00+00:00,14287.410283053061
2021-07-12 08:00:00+00:00,14287.410283053061
2021-07-12 12:00:00+00:00,14287.410283053061
2021-07-12 16:00:00+00:00,14287.410283053061
2021-07-12 20:00:00+00:00,14287.410283053061
2021-07-13 00:00:00+00:00,14287.410283053061
2021-07-13 04:00:00+00:00,14287.410283053061
2021-07-13 08:00:00+00:00,14287.410283053061
2021-07-13 12:00:00+00:00,14287.410283053061
2021-07-13 16:00:00+00:00,14287.410283053061
2021-07-13 20:00:00+00:00,14287.410283053061
2021-07-14 00:00:00+00:00,14287.410283053061
2021-07-14 04:00:00+00:00,14287.410283053061
2021-07-14 08:00:00+00:00,14287.410283053061
2021-07-14 12:00:00+00:00,14287.410283053061
2021-07-14 16:00:00+00:00,14287.410283053061
2021-07-14 20:00:00+00:00,14287.410283053061
2021-07-15 00:00:00+00:00,14287.410283053061
2021-07-15 04:00:00+00:00,14287.410283053061
2021-07-15 08:00:00+00:00,14287.410283053061
2021-07-15 12:00:00+00:00,14287.410283053061
2021-07-15 16:00:00+00:00,14287.410283053061
2021-07-15 20:00:00+00:00,14287.410283053061
2021-07-16 00:00:00+00:00,14287.410283053061
2021-07-16 04:00:00+00:00,14287.410283053061
2021-07-16 08:00:00+00:00,14287.410283053061
2021-07-16 12:00:00+00:00,14287.410283053061
2021-07-16 16:00:00+00:00,14287.410283053061
2021-07-16 20:00:00+00:00,14287.410283053061
2021-07-17 00:00:00+00:00,14287.410283053061
2021-07-17 04:00:00+00:00,14287.410283053061
2021-07-17 08:00:00+00:00,14305.207415850586
2021-07-17 12:00:00+00:00,14243.153984140894
2021-07-17 16:00:00+00:00,14229.104948617602
2021-07-17 20:00:00+00:00,14286.110844089058
2021-07-18 00:00:00+00:00,14167.687766192425
2021-07-18 04:00:00+00:00,14245.733909821345
2021-07-18 08:00:00+00:00,14232.746582233693
2021-07-18 12:00:00+00:00,14229.964694465336
2021-07-18 16:00:00+00:00,14229.964694465336
2021-07-18 20:00:00+00:00,14229.964694465336
2021-07-19 00:00:00+00:00,14229.964694465336
2021-07-19 04:00:00+00:00,14229.964694465336
2021-07-19 08:00:00+00:00,14229.964694465336
2021-07-19 12:00:00+00:00,14229.964694465336
2021-07-19 16:00:00+00:00,14229.964694465336
2021-07-19 20:00:00+00:00,14229.964694465336
2021-07-20 00:00:00+00:00,14229.964694465336
2021-07-20 04:00:00+00:00,14252.555074546888
2021-07-20 08:00:00+00:00,14269.550788019818
2021-07-20 12:00:00+00:00,14236.577989121102
2021-07-20 16:00:00+00:00,14253.908657065904
2021-07-20 20:00:00+00:00,14250.129626600601
2021-07-21 00:00:00+00:00,14241.219713301909
2021-07-21 04:00:00+00:00,14062.615076165886
2021-07-21 08:00:00+00:00,13939.684304642915
2021-07-21 12:00:00+00:00,13872.536711870845
2021-07-21 16:00:00+00:00,13918.34846465131
2021-07-21 20:00:00+00:00,13838.901718297275
2021-07-22 00:00:00+00:00,13870.10606444179
2021-07-22 04:00:00+00:00,13838.579344398608
2021-07-22 08:00:00+00:00,13875.10010343155
2021-07-22 12:00:00+00:00,13778.818120929202
2021-07-22 16:00:00+00:00,13800.114964738092
2021-07-22 20:00:00+00:00,13812.994736392126
2021-07-23 00:00:00+00:00,13763.182197903356
2021-07-23 04:00:00+00:00,13778.345929946016
2021-07-23 08:00:00+00:00,13808.853053275054
2021-07-23 12:00:00+00:00,13805.715061692714
2021-07-23 16:00:00+00:00,13820.224239396459
2021-07-23 20:00:00+00:00,13570.9250605887
2021-07-24 00:00:00+00:00,13568.275244710567
2021-07-24 04:00:00+00:00,13544.328001458827
2021-07-24 08:00:00+00:00,13533.244247616054
2021-07-24 12:00:00+00:00,13530.428554740134
2021-07-24 16:00:00+00:00,13530.428554740134
2021-07-24 20:00:00+00:00,13595.201126772528
2021-07-25 00:00:00+00:00,13583.130656309813
2021-07-25 04:00:00+00:00,13671.515168274322
2021-07-25 08:00:00+00:00,13621.176012122887
2021-07-25 12:00:00+00:00,13585.031247391615
2021-07-25 16:00:00+00:00,13612.439980965797
2021-07-25 20:00:00+00:00,13793.051067916917
2021-07-26 00:00:00+00:00,14277.131492366278
2021-07-26 04:00:00+00:00,14265.467974355981
2021-07-26 08:00:00+00:00,14291.57150073394
2021-07-26 12:00:00+00:00,14297.461592922127
2021-07-26 16:00:00+00:00,14368.34812954677
2021-07-26 20:00:00+00:00,14188.13751739077
2021-07-27 00:00:00+00:00,14156.395025684693
2021-07-27 04:00:00+00:00,14178.843783559712
2021-07-27 08:00:00+00:00,14253.636685439913
2021-07-27 12:00:00+00:00,14267.831890312682
2021-07-27 16:00:00+00:00,14232.809190526214
2021-07-27 20:00:00+00:00,14371.972189014276
2021-07-28 00:00:00+00:00,14402.910674562694
2021-07-28 04:00:00+00:00,14408.924146571399
2021-07-28 08:00:00+00:00,14478.878580715813
2021-07-28 12:00:00+00:00,14390.77855842676
2021-07-28 16:00:00+00:00,14448.08071671087
2021-07-28 20:00:00+00:00,14418.202640056192
2021-07-29 00:00:00+00:00,14384.81744919253
2021-07-29 04:00:00+00:00,14411.947632549547
2021-07-29 08:00:00+00:00,14396.795538360526
2021-07-29 12:00:00+00:00,14411.799635237825
2021-07-29 16:00:00+00:00,14387.375678067667
2021-07-29 20:00:00+00:00,14419.32554880504
2021-07-30 00:00:00+00:00,14413.453102834566
2021-07-30 04:00:00+00:00,14393.149767682391
2021-07-30 08:00:00+00:00,14289.688426412797
2021-07-30 12:00:00+00:00,14328.298974846417
2021-07-30 16:00:00+00:00,14404.47091787431
2021-07-30 20:00:00+00:00,14629.370299810787
2021-07-31 00:00:00+00:00,14594.384113492513
2021-07-31 04:00:00+00:00,14567.830926853409
2021-07-31 08:00:00+00:00,14573.263575813235
2021-07-31 12:00:00+00:00,14566.471941466494
2021-07-31 16:00:00+00:00,14543.061126772032
2021-07-31 20:00:00+00:00,14558.295710299377
2021-08-01 00:00:00+00:00,14656.941735726523
2021-08-01 04:00:00+00:00,14585.051626496022
2021-08-01 08:00:00+00:00,14573.603755971886
2021-08-01 12:00:00+00:00,14543.411823441289
2021-08-01 16:00:00+00:00,14539.118815288066
2021-08-01 20:00:00+00:00,14389.587178390766
2021-08-02 00:00:00+00:00,14382.652882780281
2021-08-02 04:00:00+00:00,14414.31245109017
2021-08-02 08:00:00+00:00,14356.918209928828
2021-08-02 12:00:00+00:00,14371.367522650182
2021-08-02 16:00:00+00:00,14419.113503865216
2021-08-02 20:00:00+00:00,14421.853077369109
2021-08-03 00:00:00+00:00,14473.664689554405
2021-08-03 04:00:00+00:00,14481.996205280435
2021-08-03 08:00:00+00:00,14491.332191567342
2021-08-03 12:00:00+00:00,14524.631028472377
2021-08-03 16:00:00+00:00,14541.517134446833
2021-08-03 20:00:00+00:00,14521.382204249565
2021-08-04 00:00:00+00:00,14545.929603553475
2021-08-04 04:00:00+00:00,14562.74489374883
2021-08-04 08:00:00+00:00,14526.393291373257
2021-08-04 12:00:00+00:00,14396.635204872948
2021-08-04 16:00:00+00:00,14442.765845294556
2021-08-04 20:00:00+00:00,14441.131710232008
2021-08-05 00:00:00+00:00,14407.885738044843
2021-08-05 04:00:00+00:00,14341.798826671871
2021-08-05 08:00:00+00:00,14442.101595529066
2021-08-05 12:00:00+00:00,14357.673129536443
2021-08-05 16:00:00+00:00,14141.830059635033
2021-08-05 20:00:00+00:00,14156.44521054209
2021-08-06 00:00:00+00:00,14154.417369055353
2021-08-06 04:00:00+00:00,14154.417369055353
2021-08-06 08:00:00+00:00,14154.417369055353
2021-08-06 12:00:00+00:00,14154.417369055353
2021-08-06 16:00:00+00:00,14154.417369055353
2021-08-06 20:00:00+00:00,14154.417369055353
2021-08-07 00:00:00+00:00,14154.417369055353
2021-08-07 04:00:00+00:00,14154.417369055353
2021-08-07 08:00:00+00:00,14154.417369055353
2021-08-07 12:00:00+00:00,14154.417369055353
2021-08-07 16:00:00+00:00,14154.417369055353
2021-08-07 20:00:00+00:00,14154.417369055353
2021-08-08 00:00:00+00:00,14126.814479043347
2021-08-08 04:00:00+00:00,14170.319346961796
2021-08-08 08:00:00+00:00,14138.110673817144
2021-08-08 12:00:00+00:00,14094.74591486054
2021-08-08 16:00:00+00:00,14068.491993490234
2021-08-08 20:00:00+00:00,14074.466201100535
2021-08-09 00:00:00+00:00,14045.898795801417
2021-08-09 04:00:00+00:00,14074.115452709608
2021-08-09 08:00:00+00:00,14277.483512125018
2021-08-09 12:00:00+00:00,14272.120114197647
2021-08-09 16:00:00+00:00,14282.125144772714
2021-08-09 20:00:00+00:00,14307.315436973135
2021-08-10 00:00:00+00:00,14258.458605903716
2021-08-10 04:00:00+00:00,14280.60595234275
2021-08-10 08:00:00+00:00,14223.450276586093
2021-08-10 12:00:00+00:00,14206.479336914463
2021-08-10 16:00:00+00:00,14237.274548666235
2021-08-10 20:00:00+00:00,14244.066218034699
2021-08-11 00:00:00+00:00,14243.437738193059
2021-08-11 04:00:00+00:00,14319.103284865687
2021-08-11 08:00:00+00:00,14277.265899961472
2021-08-11 12:00:00+00:00,14327.027494437534
2021-08-11 16:00:00+00:00,14326.56319591835
2021-08-11 20:00:00+00:00,14230.640406881881
2021-08-12 00:00:00+00:00,14272.636660316932
2021-08-12 04:00:00+00:00,14199.398300167823
2021-08-12 08:00:00+00:00,14242.649705854014
2021-08-12 12:00:00+00:00,14299.901176087169
2021-08-12 16:00:00+00:00,14283.218664662598
2021-08-12 20:00:00+00:00,14281.631583374843
2021-08-13 00:00:00+00:00,14199.811809396582
2021-08-13 04:00:00+00:00,14101.002375664693
2021-08-13 08:00:00+00:00,14100.449996967594
2021-08-13 12:00:00+00:00,14122.910205027043
2021-08-13 16:00:00+00:00,14132.443030251277
2021-08-13 20:00:00+00:00,14277.747153089284
2021-08-14 00:00:00+00:00,14252.690355821751
2021-08-14 04:00:00+00:00,14260.989065498507
2021-08-14 08:00:00+00:00,14139.184840575017
2021-08-14 12:00:00+00:00,14177.300212654478
2021-08-14 16:00:00+00:00,14187.596972386438
2021-08-14 20:00:00+00:00,14191.78222208141
2021-08-15 00:00:00+00:00,14171.400309240686
2021-08-15 04:00:00+00:00,14048.844625901214
2021-08-15 08:00:00+00:00,14046.282833399659
2021-08-15 12:00:00+00:00,14046.282833399659
2021-08-15 16:00:00+00:00,14046.282833399659
2021-08-15 20:00:00+00:00,14046.282833399659
2021-08-16 00:00:00+00:00,14046.282833399659
2021-08-16 04:00:00+00:00,14046.282833399659
2021-08-16 08:00:00+00:00,14046.282833399659
2021-08-16 12:00:00+00:00,14046.282833399659
2021-08-16 16:00:00+00:00,14046.282833399659
2021-08-16 20:00:00+00:00,14046.282833399659
2021-08-17 00:00:00+00:00,14046.282833399659
2021-08-17 04:00:00+00:00,14046.282833399659
2021-08-17 08:00:00+00:00,14046.282833399659
2021-08-17 12:00:00+00:00,14046.282833399659
2021-08-17 16:00:00+00:00,14046.282833399659
2021-08-17 20:00:00+00:00,14046.282833399659
2021-08-18 00:00:00+00:00,14046.282833399659
2021-08-18 04:00:00+00:00,14046.282833399659
2021-08-18 08:00:00+00:00,14046.282833399659
2021-08-18 12:00:00+00:00,14046.282833399659
2021-08-18 16:00:00+00:00,14046.282833399659
2021-08-18 20:00:00+00:00,14046.282833399659
2021-08-19 00:00:00+00:00,14046.282833399659
2021-08-19 04:00:00+00:00,14046.282833399659
2021-08-19 08:00:00+00:00,14046.282833399659
2021-08-19 12:00:00+00:00,14046.282833399659
2021-08-19 16:00:00+00:00,14046.282833399659
2021-08-19 20:00:00+00:00,14046.282833399659
2021-08-20 00:00:00+00:00,14046.282833399659
2021-08-20 04:00:00+00:00,14046.282833399659
2021-08-20 08:00:00+00:00,14046.282833399659
2021-08-20 12:00:00+00:00,14046.282833399659
2021-08-20 16:00:00+00:00,14046.282833399659
2021-08-20 20:00:00+00:00,14046.282833399659
2021-08-21 00:00:00+00:00,13994.746608995
2021-08-21 04:00:00+00:00,14006.78929961094
2021-08-21 08:00:00+00:00,13957.175962447172
2021-08-21 12:00:00+00:00,14027.81414142884
2021-08-21 16:00:00+00:00,14005.399170660026
2021-08-21 20:00:00+00:00,13989.09093672794
2021-08-22 00:00:00+00:00,13984.22816854449
2021-08-22 04:00:00+00:00,14029.236725651212
2021-08-22 08:00:00+00:00,14023.879829236876
2021-08-22 12:00:00+00:00,13951.09447815034
2021-08-22 16:00:00+00:00,13965.131442293337
2021-08-22 20:00:00+00:00,14034.040788919861
2021-08-23 00:00:00+00:00,14151.604203605151
2021-08-23 04:00:00+00:00,14137.358478292263
2021-08-23 08:00:00+00:00,14162.526422140128
2021-08-23 12:00:00+00:00,14062.617982624859
2021-08-23 16:00:00+00:00,14028.346980288596
2021-08-23 20:00:00+00:00,14055.834702357723
2021-08-24 00:00:00+00:00,14034.831317518543
2021-08-24 04:00:00+00:00,14086.427126977258
2021-08-24 08:00:00+00:00,14045.118819973648
2021-08-24 12:00:00+00:00,13914.624168705095
2021-08-24 16:00:00+00:00,13923.193753083278
2021-08-24 20:00:00+00:00,13987.578704650628
2021-08-25 00:00:00+00:00,13955.079016509106
2021-08-25 04:00:00+00:00,13936.190506122251
2021-08-25 08:00:00+00:00,14005.236811987994
2021-08-25 12:00:00+00:00,13858.81363172672
2021-08-25 16:00:00+00:00,13875.82083143397
2021-08-25 20:00:00+00:00,13838.11414353465
2021-08-26 00:00:00+00:00,13709.128710685629
2021-08-26 04:00:00+00:00,13818.445426196782
2021-08-26 08:00:00+00:00,13826.950138168295
2021-08-26 12:00:00+00:00,13830.377648328546
2021-08-26 16:00:00+00:00,13816.822023338207
2021-08-26 20:00:00+00:00,13827.35692473638
2021-08-27 00:00:00+00:00,13828.698391891206
2021-08-27 04:00:00+00:00,13757.32243415803
2021-08-27 08:00:00+00:00,13760.892863818683
2021-08-27 12:00:00+00:00,13677.799804451264
2021-08-27 16:00:00+00:00,13668.244860540486
2021-08-27 20:00:00+00:00,13581.04080680222
2021-08-28 00:00:00+00:00,13554.432316643371
2021-08-28 04:00:00+00:00,13563.857196986417
2021-08-28 08:00:00+00:00,13531.113151086689
2021-08-28 12:00:00+00:00,13546.503445412089
2021-08-28 16:00:00+00:00,13543.65636200475
2021-08-28 20:00:00+00:00,13543.65636200475
2021-08-29 00:00:00+00:00,13543.65636200475
2021-08-29 04:00:00+00:00,13543.65636200475
2021-08-29 08:00:00+00:00,13543.65636200475
2021-08-29 12:00:00+00:00,13543.65636200475
2021-08-29 16:00:00+00:00,13543.65636200475
2021-08-29 20:00:00+00:00,13543.65636200475
2021-08-30 00:00:00+00:00,13543.65636200475
2021-08-30 04:00:00+00:00,13543.65636200475
2021-08-30 08:00:00+00:00,13543.65636200475
2021-08-30 12:00:00+00:00,13543.65636200475
2021-08-30 16:00:00+00:00,13543.65636200475
2021-08-30 20:00:00+00:00,13543.65636200475
2021-08-31 00:00:00+00:00,13543.65636200475
2021-08-31 04:00:00+00:00,13543.65636200475
2021-08-31 08:00:00+00:00,13543.65636200475
2021-08-31 12:00:00+00:00,13543.65636200475
2021-08-31 16:00:00+00:00,13543.65636200475
2021-08-31 20:00:00+00:00,13543.65636200475
2021-09-01 00:00:00+00:00,13543.65636200475
2021-09-01 04:00:00+00:00,13543.65636200475
2021-09-01 08:00:00+00:00,13543.65636200475
2021-09-01 12:00:00+00:00,13543.65636200475
2021-09-01 16:00:00+00:00,13543.65636200475
2021-09-01 20:00:00+00:00,13543.65636200475
2021-09-02 00:00:00+00:00,13543.65636200475
2021-09-02 04:00:00+00:00,13543.65636200475
2021-09-02 08:00:00+00:00,13543.65636200475
2021-09-02 12:00:00+00:00,13543.65636200475
2021-09-02 16:00:00+00:00,13543.65636200475
2021-09-02 20:00:00+00:00,13543.65636200475
2021-09-03 00:00:00+00:00,13543.65636200475
2021-09-03 04:00:00+00:00,13543.65636200475
2021-09-03 08:00:00+00:00,13543.65636200475
2021-09-03 12:00:00+00:00,13543.65636200475
2021-09-03 16:00:00+00:00,13543.65636200475
2021-09-03 20:00:00+00:00,13543.65636200475
2021-09-04 00:00:00+00:00,13543.65636200475
2021-09-04 04:00:00+00:00,13543.65636200475
2021-09-04 08:00:00+00:00,13543.65636200475
2021-09-04 12:00:00+00:00,13543.65636200475
2021-09-04 16:00:00+00:00,13543.65636200475
2021-09-04 20:00:00+00:00,13543.65636200475
2021-09-05 00:00:00+00:00,13543.65636200475
2021-09-05 04:00:00+00:00,13543.65636200475
2021-09-05 08:00:00+00:00,13543.65636200475
2021-09-05 12:00:00+00:00,13543.65636200475
2021-09-05 16:00:00+00:00,13543.65636200475
2021-09-05 20:00:00+00:00,13543.65636200475
2021-09-06 00:00:00+00:00,13543.65636200475
2021-09-06 04:00:00+00:00,13543.65636200475
2021-09-06 08:00:00+00:00,13543.65636200475
2021-09-06 12:00:00+00:00,13543.65636200475
2021-09-06 16:00:00+00:00,13543.65636200475
2021-09-06 20:00:00+00:00,13543.65636200475
2021-09-07 00:00:00+00:00,13543.65636200475
2021-09-07 04:00:00+00:00,13543.65636200475
2021-09-07 08:00:00+00:00,13356.372582466041
2021-09-07 12:00:00+00:00,13875.695922810119
2021-09-07 16:00:00+00:00,13869.548160291444
2021-09-07 20:00:00+00:00,13857.036211640147
2021-09-08 00:00:00+00:00,13890.860450505517
2021-09-08 04:00:00+00:00,14003.886277814718
2021-09-08 08:00:00+00:00,13897.292945012463
2021-09-08 12:00:00+00:00,13921.366589240097
2021-09-08 16:00:00+00:00,13893.74201302763
2021-09-08 20:00:00+00:00,13891.927088665998
2021-09-09 00:00:00+00:00,13891.927088665998
2021-09-09 04:00:00+00:00,13868.60061551282
2021-09-09 08:00:00+00:00,13867.389373738823
2021-09-09 12:00:00+00:00,13806.051901490564
2021-09-09 16:00:00+00:00,13840.357373104662
2021-09-09 20:00:00+00:00,13855.943310828028
2021-09-10 00:00:00+00:00,13827.910263817146
2021-09-10 04:00:00+00:00,13878.590851647232
2021-09-10 08:00:00+00:00,13862.694618590887
2021-09-10 12:00:00+00:00,13947.222377307895
2021-09-10 16:00:00+00:00,13926.929219944383
2021-09-10 20:00:00+00:00,14002.313792179491
2021-09-11 00:00:00+00:00,13969.472662384058
2021-09-11 04:00:00+00:00,13983.773649564679
2021-09-11 08:00:00+00:00,13936.892921422212
2021-09-11 12:00:00+00:00,13934.819304826944
2021-09-11 16:00:00+00:00,13956.171825489504
2021-09-11 20:00:00+00:00,13974.404202511716
2021-09-12 00:00:00+00:00,13960.83078050921
2021-09-12 04:00:00+00:00,13957.099201011239
2021-09-12 08:00:00+00:00,13878.511020894937
2021-09-12 12:00:00+00:00,13898.868453529087
2021-09-12 16:00:00+00:00,13897.226055110135
2021-09-12 20:00:00+00:00,13883.363136558453
2021-09-13 00:00:00+00:00,14039.18526592086
2021-09-13 04:00:00+00:00,14053.20426198575
2021-09-13 08:00:00+00:00,14013.784130092397
2021-09-13 12:00:00+00:00,14068.058401268965
2021-09-13 16:00:00+00:00,14029.826778121893
2021-09-13 20:00:00+00:00,14009.07753609777
2021-09-14 00:00:00+00:00,13987.030044286565
2021-09-14 04:00:00+00:00,13934.263576259435
2021-09-14 08:00:00+00:00,13908.994918476577
2021-09-14 12:00:00+00:00,13830.543465838713
2021-09-14 16:00:00+00:00,13859.442347310542
2021-09-14 20:00:00+00:00,13794.872753001946
2021-09-15 00:00:00+00:00,13797.348743057773
2021-09-15 04:00:00+00:00,13786.789627018701
2021-09-15 08:00:00+00:00,13746.729589305962
2021-09-15 12:00:00+00:00,13667.700397919105
2021-09-15 16:00:00+00:00,13690.173081764755
2021-09-15 20:00:00+00:00,13684.380982949318
2021-09-16 00:00:00+00:00,13740.840035129879
2021-09-16 04:00:00+00:00,13659.916456338802
2021-09-16 08:00:00+00:00,13709.403330526027
2021-09-16 12:00:00+00:00,13695.186472387588
2021-09-16 16:00:00+00:00,13761.454372203709
2021-09-16 20:00:00+00:00,13726.153218899864
2021-09-17 00:00:00+00:00,13723.429986883148
2021-09-17 04:00:00+00:00,13723.429986883148
2021-09-17 08:00:00+00:00,13723.429986883148
2021-09-17 12:00:00+00:00,13723.429986883148
2021-09-17 16:00:00+00:00,13723.429986883148
2021-09-17 20:00:00+00:00,13723.429986883148
2021-09-18 00:00:00+00:00,13723.429986883148
2021-09-18 04:00:00+00:00,13723.429986883148
2021-09-18 08:00:00+00:00,13723.429986883148
2021-09-18 12:00:00+00:00,13725.012516071887
2021-09-18 16:00:00+00:00,13705.662267543581
2021-09-18 20:00:00+00:00,13707.267801294443
2021-09-19 00:00:00+00:00,13649.807053175115
2021-09-19 04:00:00+00:00,13689.580677893655
2021-09-19 08:00:00+00:00,13580.569984249101
2021-09-19 12:00:00+00:00,13534.042699440432
2021-09-19 16:00:00+00:00,13530.999387201426
2021-09-19 20:00:00+00:00,13530.999387201426
2021-09-20 00:00:00+00:00,13530.999387201426
2021-09-20 04:00:00+00:00,13530.999387201426
2021-09-20 08:00:00+00:00,13530.999387201426
2021-09-20 12:00:00+00:00,13517.267222957917
2021-09-20 16:00:00+00:00,13516.070118418116
2021-09-20 20:00:00+00:00,13599.965677748967
2021-09-21 00:00:00+00:00,13636.153488442467
2021-09-21 04:00:00+00:00,13579.76361144004
2021-09-21 08:00:00+00:00,13581.303658185689
2021-09-21 12:00:00+00:00,13600.16729234776
2021-09-21 16:00:00+00:00,13698.669002462033
2021-09-21 20:00:00+00:00,13813.102391733884
2021-09-22 00:00:00+00:00,13701.847298121591
2021-09-22 04:00:00+00:00,13662.906024428807
2021-09-22 08:00:00+00:00,13712.972878603707
2021-09-22 12:00:00+00:00,13604.954375040368
2021-09-22 16:00:00+00:00,13590.509294414738
2021-09-22 20:00:00+00:00,13578.494119318053
2021-09-23 00:00:00+00:00,13533.191484015006
2021-09-23 04:00:00+00:00,13519.742763888558
2021-09-23 08:00:00+00:00,13570.08975105063
2021-09-23 12:00:00+00:00,13560.694672424754
2021-09-23 16:00:00+00:00,13471.86571266498
2021-09-23 20:00:00+00:00,13464.4612821752
2021-09-24 00:00:00+00:00,13513.973600337464
2021-09-24 04:00:00+00:00,13467.026239094732
2021-09-24 08:00:00+00:00,13762.2572402738
2021-09-24 12:00:00+00:00,13728.285632671508
2021-09-24 16:00:00+00:00,13696.193155241692
2021-09-24 20:00:00+00:00,13659.288145946983
2021-09-25 00:00:00+00:00,13676.559732877435
2021-09-25 04:00:00+00:00,13695.485215943863
2021-09-25 08:00:00+00:00,13685.988173344904
2021-09-25 12:00:00+00:00,13671.661851024854
2021-09-25 16:00:00+00:00,13672.553339224083
2021-09-25 20:00:00+00:00,13671.228235296234
2021-09-26 00:00:00+00:00,13712.796219195949
2021-09-26 04:00:00+00:00,13803.943439974568
2021-09-26 08:00:00+00:00,13635.430681515621
2021-09-26 12:00:00+00:00,13613.823070624654
2021-09-26 16:00:00+00:00,13619.760094757987
2021-09-26 20:00:00+00:00,13628.220633746132
2021-09-27 00:00:00+00:00,13549.966882287381
2021-09-27 04:00:00+00:00,13581.818105586717
2021-09-27 08:00:00+00:00,13575.956801892602
2021-09-27 12:00:00+00:00,13618.811440672074
2021-09-27 16:00:00+00:00,13644.22748521038
2021-09-27 20:00:00+00:00,13726.70004100315
2021-09-28 00:00:00+00:00,13688.712658415592
2021-09-28 04:00:00+00:00,13761.709953656073
2021-09-28 08:00:00+00:00,13730.652769254117
2021-09-28 12:00:00+00:00,13793.10275949021
2021-09-28 16:00:00+00:00,13780.186047024237
2021-09-28 20:00:00+00:00,13836.900337754709
2021-09-29 00:00:00+00:00,13720.983216012006
2021-09-29 04:00:00+00:00,13697.86788477873
2021-09-29 08:00:00+00:00,13703.34154653784
2021-09-29 12:00:00+00:00,13771.877414248458
2021-09-29 16:00:00+00:00,13822.484598019453
2021-09-29 20:00:00+00:00,13791.383924425054
2021-09-30 00:00:00+00:00,13575.173126273243
2021-09-30 04:00:00+00:00,13603.201083778333
2021-09-30 08:00:00+00:00,13625.370957277803
2021-09-30 12:00:00+00:00,13618.19480060704
2021-09-30 16:00:00+00:00,13579.49929995138
2021-09-30 20:00:00+00:00,13551.688535977073
2021-10-01 00:00:00+00:00,13570.426438409531
2021-10-01 04:00:00+00:00,13454.774223492495
2021-10-01 08:00:00+00:00,13186.087200881255
2021-10-01 12:00:00+00:00,13198.373236484458
2021-10-01 16:00:00+00:00,13140.48028718933
2021-10-01 20:00:00+00:00,13130.45805323526
2021-10-02 00:00:00+00:00,13128.367993249032
2021-10-02 04:00:00+00:00,13143.531797165382
2021-10-02 08:00:00+00:00,13139.791256265711
2021-10-02 12:00:00+00:00,13153.778396883847
2021-10-02 16:00:00+00:00,13194.38171273128
2021-10-02 20:00:00+00:00,13133.987293676255
2021-10-03 00:00:00+00:00,13159.882287423748
2021-10-03 04:00:00+00:00,13158.340525808531
2021-10-03 08:00:00+00:00,13166.780946162715
2021-10-03 12:00:00+00:00,13156.18796505111
2021-10-03 16:00:00+00:00,13256.349872121384
2021-10-03 20:00:00+00:00,13193.025627822011
2021-10-04 00:00:00+00:00,13115.451819137561
2021-10-04 04:00:00+00:00,13155.030231550603
2021-10-04 08:00:00+00:00,13126.063522203964
2021-10-04 12:00:00+00:00,13145.287364712623
2021-10-04 16:00:00+00:00,13314.553302184338
2021-10-04 20:00:00+00:00,13296.704702661773
2021-10-05 00:00:00+00:00,13304.237375453496
2021-10-05 04:00:00+00:00,13321.451277098276
2021-10-05 08:00:00+00:00,13363.277849992026
2021-10-05 12:00:00+00:00,13355.050708391344
2021-10-05 16:00:00+00:00,13501.108021049677
2021-10-05 20:00:00+00:00,13530.454665338231
2021-10-06 00:00:00+00:00,13532.932636789901
2021-10-06 04:00:00+00:00,13527.18438763634
2021-10-06 08:00:00+00:00,13512.48769230605
2021-10-06 12:00:00+00:00,13902.313978279122
2021-10-06 16:00:00+00:00,13907.210627905353
2021-10-06 20:00:00+00:00,13929.189228692014
2021-10-07 00:00:00+00:00,13885.833798056981
2021-10-07 04:00:00+00:00,13881.689693598346
2021-10-07 08:00:00+00:00,13838.710341293498
2021-10-07 12:00:00+00:00,13802.163793622765
2021-10-07 16:00:00+00:00,13805.987900275306
2021-10-07 20:00:00+00:00,13787.194018351018
2021-10-08 00:00:00+00:00,13789.540206033364
2021-10-08 04:00:00+00:00,13882.723477370197
2021-10-08 08:00:00+00:00,13923.378296757961
2021-10-08 12:00:00+00:00,13835.593724317197
2021-10-08 16:00:00+00:00,13867.765499473147
2021-10-08 20:00:00+00:00,13799.283921852082
2021-10-09 00:00:00+00:00,13855.546687728405
2021-10-09 04:00:00+00:00,13888.734104019308
2021-10-09 08:00:00+00:00,13876.458909343006
2021-10-09 12:00:00+00:00,13895.188695968722
2021-10-09 16:00:00+00:00,13861.716223885827
2021-10-09 20:00:00+00:00,13889.433244261656
2021-10-10 00:00:00+00:00,13900.427759632941
2021-10-10 04:00:00+00:00,13962.550684278656
2021-10-10 08:00:00+00:00,13910.214055775126
2021-10-10 12:00:00+00:00,13929.793721418617
2021-10-10 16:00:00+00:00,13938.29095129699
2021-10-10 20:00:00+00:00,13860.05666814173
2021-10-11 00:00:00+00:00,14031.693125627507
2021-10-11 04:00:00+00:00,14056.89454386858
2021-10-11 08:00:00+00:00,14021.78203347611
2021-10-11 12:00:00+00:00,14118.273318185711
2021-10-11 16:00:00+00:00,14117.920986715488
2021-10-11 20:00:00+00:00,14117.691516045126
2021-10-12 00:00:00+00:00,14046.26416022279
2021-10-12 04:00:00+00:00,14101.532958385575
2021-10-12 08:00:00+00:00,14093.927389785316
2021-10-12 12:00:00+00:00,14008.228138509363
2021-10-12 16:00:00+00:00,13916.648247284094
2021-10-12 20:00:00+00:00,13852.84819804692
2021-10-13 00:00:00+00:00,13830.843910413827
2021-10-13 04:00:00+00:00,13971.524509186784
2021-10-13 08:00:00+00:00,13923.5583203214
2021-10-13 12:00:00+00:00,13841.641111259725
2021-10-13 16:00:00+00:00,13752.314925052675
2021-10-13 20:00:00+00:00,13741.394055689727
2021-10-14 00:00:00+00:00,13795.622130951497
2021-10-14 04:00:00+00:00,13738.224180164983
2021-10-14 08:00:00+00:00,13759.114502114082
2021-10-14 12:00:00+00:00,13733.71820282237
2021-10-14 16:00:00+00:00,13773.578588656386
2021-10-14 20:00:00+00:00,13732.819773213016
2021-10-15 00:00:00+00:00,13910.303154922185
2021-10-15 04:00:00+00:00,13897.540978038734
2021-10-15 08:00:00+00:00,13917.327586338031
2021-10-15 12:00:00+00:00,13963.261080228369
2021-10-15 16:00:00+00:00,14083.469976631372
2021-10-15 20:00:00+00:00,14099.743151772664
2021-10-16 00:00:00+00:00,14096.4282935894
2021-10-16 04:00:00+00:00,14103.629150825405
2021-10-16 08:00:00+00:00,14094.465440075062
2021-10-16 12:00:00+00:00,14036.375947409399
2021-10-16 16:00:00+00:00,14025.484337765187
2021-10-16 20:00:00+00:00,14028.911859681057
2021-10-17 00:00:00+00:00,14048.434323859681
2021-10-17 04:00:00+00:00,13980.918686505054
2021-10-17 08:00:00+00:00,14033.384779896143
2021-10-17 12:00:00+00:00,14015.93578684557
2021-10-17 16:00:00+00:00,13990.81867075181
2021-10-17 20:00:00+00:00,14081.351779639188
2021-10-18 00:00:00+00:00,14129.908084989684
2021-10-18 04:00:00+00:00,14109.121160507828
2021-10-18 08:00:00+00:00,14027.31973876513
2021-10-18 12:00:00+00:00,14112.80564339908
2021-10-18 16:00:00+00:00,14153.765649753317
2021-10-18 20:00:00+00:00,14106.836093707985
2021-10-19 00:00:00+00:00,14059.2302902208
2021-10-19 04:00:00+00:00,14029.087452108994
2021-10-19 08:00:00+00:00,14016.617779544262
2021-10-19 12:00:00+00:00,14037.288983508515
2021-10-19 16:00:00+00:00,14180.68228289098
2021-10-19 20:00:00+00:00,14188.313957344619
2021-10-20 00:00:00+00:00,14151.827162580637
2021-10-20 04:00:00+00:00,14165.158692238683
2021-10-20 08:00:00+00:00,14149.61606293397
2021-10-20 12:00:00+00:00,14415.477551935655
2021-10-20 16:00:00+00:00,14374.104964105796
2021-10-20 20:00:00+00:00,14341.993334270443
2021-10-21 00:00:00+00:00,14259.464641350876
2021-10-21 04:00:00+00:00,14259.623894968812
2021-10-21 08:00:00+00:00,14237.130075230105
2021-10-21 12:00:00+00:00,14092.898001511976
2021-10-21 16:00:00+00:00,14077.722471560912
2021-10-21 20:00:00+00:00,14034.106006384793
2021-10-22 00:00:00+00:00,13957.581525331536
2021-10-22 04:00:00+00:00,13963.522634831543
2021-10-22 08:00:00+00:00,13962.050210450654
2021-10-22 12:00:00+00:00,13959.715125214181
2021-10-22 16:00:00+00:00,13959.715125214181
2021-10-22 20:00:00+00:00,13959.715125214181
2021-10-23 00:00:00+00:00,13959.715125214181
2021-10-23 04:00:00+00:00,13959.715125214181
2021-10-23 08:00:00+00:00,13959.715125214181
2021-10-23 12:00:00+00:00,13959.715125214181
2021-10-23 16:00:00+00:00,13959.715125214181
2021-10-23 20:00:00+00:00,13959.715125214181
2021-10-24 00:00:00+00:00,13959.715125214181
2021-10-24 04:00:00+00:00,13959.715125214181
2021-10-24 08:00:00+00:00,13959.715125214181
2021-10-24 12:00:00+00:00,13990.769477439113
2021-10-24 16:00:00+00:00,13929.600502536174
2021-10-24 20:00:00+00:00,13912.160664938465
2021-10-25 00:00:00+00:00,13813.168497465153
2021-10-25 04:00:00+00:00,13768.27918949714
2021-10-25 08:00:00+00:00,13759.820590923853
2021-10-25 12:00:00+00:00,13825.616502988207
2021-10-25 16:00:00+00:00,13748.528167505283
2021-10-25 20:00:00+00:00,13780.215898898497
2021-10-26 00:00:00+00:00,13752.54191182923
2021-10-26 04:00:00+00:00,13723.880886041876
2021-10-26 08:00:00+00:00,13721.172519022619
2021-10-26 12:00:00+00:00,13721.172519022619
2021-10-26 16:00:00+00:00,13721.172519022619
2021-10-26 20:00:00+00:00,13721.172519022619
2021-10-27 00:00:00+00:00,13721.172519022619
2021-10-27 04:00:00+00:00,13721.172519022619
2021-10-27 08:00:00+00:00,13721.172519022619
2021-10-27 12:00:00+00:00,13721.172519022619
2021-10-27 16:00:00+00:00,13721.172519022619
2021-10-27 20:00:00+00:00,13721.172519022619
2021-10-28 00:00:00+00:00,13683.746401815375
2021-10-28 04:00:00+00:00,13671.05503193844
2021-10-28 08:00:00+00:00,13501.536153717358
2021-10-28 12:00:00+00:00,13485.99223846382
2021-10-28 16:00:00+00:00,13493.48900089239
2021-10-28 20:00:00+00:00,13542.213771400462
2021-10-29 00:00:00+00:00,13466.771921571393
2021-10-29 04:00:00+00:00,13542.172239451198
2021-10-29 08:00:00+00:00,13516.926954734145
2021-10-29 12:00:00+00:00,13419.042659467419
2021-10-29 16:00:00+00:00,13402.672182663799
2021-10-29 20:00:00+00:00,13400.491306323409
2021-10-30 00:00:00+00:00,13400.491306323409
2021-10-30 04:00:00+00:00,13400.491306323409
2021-10-30 08:00:00+00:00,13400.491306323409
2021-10-30 12:00:00+00:00,13400.491306323409
2021-10-30 16:00:00+00:00,13400.491306323409
2021-10-30 20:00:00+00:00,13400.491306323409
2021-10-31 00:00:00+00:00,13400.491306323409
2021-10-31 04:00:00+00:00,13400.491306323409
2021-10-31 08:00:00+00:00,13400.491306323409
2021-10-31 12:00:00+00:00,13400.491306323409
2021-10-31 16:00:00+00:00,13400.491306323409
2021-10-31 20:00:00+00:00,13400.491306323409
2021-11-01 00:00:00+00:00,13400.491306323409
2021-11-01 04:00:00+00:00,13400.491306323409
2021-11-01 08:00:00+00:00,13400.491306323409
2021-11-01 12:00:00+00:00,13400.491306323409
2021-11-01 16:00:00+00:00,13400.491306323409
2021-11-01 20:00:00+00:00,13400.491306323409
2021-11-02 00:00:00+00:00,13400.491306323409
2021-11-02 04:00:00+00:00,13400.491306323409
2021-11-02 08:00:00+00:00,13400.491306323409
2021-11-02 12:00:00+00:00,13400.491306323409
2021-11-02 16:00:00+00:00,13400.491306323409
2021-11-02 20:00:00+00:00,13400.491306323409
2021-11-03 00:00:00+00:00,13400.491306323409
2021-11-03 04:00:00+00:00,13400.491306323409
2021-11-03 08:00:00+00:00,13400.491306323409
2021-11-03 12:00:00+00:00,13400.491306323409
2021-11-03 16:00:00+00:00,13400.491306323409
2021-11-03 20:00:00+00:00,13400.491306323409
2021-11-04 00:00:00+00:00,13400.491306323409
2021-11-04 04:00:00+00:00,13400.491306323409
2021-11-04 08:00:00+00:00,13400.491306323409
2021-11-04 12:00:00+00:00,13400.491306323409
2021-11-04 16:00:00+00:00,13400.491306323409
2021-11-04 20:00:00+00:00,13385.872370817096
2021-11-05 00:00:00+00:00,13317.740154471141
2021-11-05 04:00:00+00:00,13322.674325960283
2021-11-05 08:00:00+00:00,13397.79791507678
2021-11-05 12:00:00+00:00,13438.816207140739
2021-11-05 16:00:00+00:00,13413.472383461696
2021-11-05 20:00:00+00:00,13426.227608136369
2021-11-06 00:00:00+00:00,13414.465090307907
2021-11-06 04:00:00+00:00,13446.187597636344
2021-11-06 08:00:00+00:00,13488.531338007693
2021-11-06 12:00:00+00:00,13461.054295943954
2021-11-06 16:00:00+00:00,13413.836366925365
2021-11-06 20:00:00+00:00,13386.381130780317
2021-11-07 00:00:00+00:00,13322.003125519064
2021-11-07 04:00:00+00:00,13357.705558750127
2021-11-07 08:00:00+00:00,13345.798831228183
2021-11-07 12:00:00+00:00,13343.53848547534
2021-11-07 16:00:00+00:00,13312.75340323559
2021-11-07 20:00:00+00:00,13411.154542690838
2021-11-08 00:00:00+00:00,13611.53566906216
2021-11-08 04:00:00+00:00,13681.597013047487
2021-11-08 08:00:00+00:00,13687.928406517105
2021-11-08 12:00:00+00:00,13721.815984628978
2021-11-08 16:00:00+00:00,13665.25066099877
2021-11-08 20:00:00+00:00,13831.596982328238
2021-11-09 00:00:00+00:00,13917.532093668762
2021-11-09 04:00:00+00:00,13856.393913197879
2021-11-09 08:00:00+00:00,13834.086362879212
2021-11-09 12:00:00+00:00,13759.528564184391
2021-11-09 16:00:00+00:00,13754.19982579876
2021-11-09 20:00:00+00:00,13767.611508116956
2021-11-10 00:00:00+00:00,13725.932733268375
2021-11-10 04:00:00+00:00,13719.232978104905
2021-11-10 08:00:00+00:00,13724.729319566952
2021-11-10 12:00:00+00:00,13895.04258997909
2021-11-10 16:00:00+00:00,13746.734771456471
2021-11-10 20:00:00+00:00,13596.01811281587
2021-11-11 00:00:00+00:00,13601.912947054974
2021-11-11 04:00:00+00:00,13567.164217642961
2021-11-11 08:00:00+00:00,13564.077304048857
2021-11-11 12:00:00+00:00,13598.288384505151
2021-11-11 16:00:00+00:00,13575.538421942229
2021-11-11 20:00:00+00:00,13601.153269777424
2021-11-12 00:00:00+00:00,13597.302545649942
2021-11-12 04:00:00+00:00,13625.610099446229
2021-11-12 08:00:00+00:00,13686.001152497605
2021-11-12 12:00:00+00:00,13733.983224489393
2021-11-12 16:00:00+00:00,13681.142665153606
2021-11-12 20:00:00+00:00,13660.404380084836
2021-11-13 00:00:00+00:00,13687.393565197086
2021-11-13 04:00:00+00:00,13666.83756892713
2021-11-13 08:00:00+00:00,13708.012086691739
2021-11-13 12:00:00+00:00,13610.690749451016
2021-11-13 16:00:00+00:00,13676.67419049142
2021-11-13 20:00:00+00:00,13638.369121309208
2021-11-14 00:00:00+00:00,13616.515164289307
2021-11-14 04:00:00+00:00,13609.98938793611
2021-11-14 08:00:00+00:00,13591.751174684794
2021-11-14 12:00:00+00:00,13618.525803584926
2021-11-14 16:00:00+00:00,13615.614195507163
2021-11-14 20:00:00+00:00,13615.614195507163
2021-11-15 00:00:00+00:00,13615.614195507163
2021-11-15 04:00:00+00:00,13615.614195507163
2021-11-15 08:00:00+00:00,13615.614195507163
2021-11-15 12:00:00+00:00,13615.614195507163
2021-11-15 16:00:00+00:00,13615.614195507163
2021-11-15 20:00:00+00:00,13615.614195507163
2021-11-16 00:00:00+00:00,13615.614195507163
2021-11-16 04:00:00+00:00,13615.614195507163
2021-11-16 08:00:00+00:00,13599.845329125534
2021-11-16 12:00:00+00:00,13605.221385002782
2021-11-16 16:00:00+00:00,13581.331757679494
2021-11-16 20:00:00+00:00,13579.767258704127
2021-11-17 00:00:00+00:00,13657.383399457769
2021-11-17 04:00:00+00:00,13608.108873267716
2021-11-17 08:00:00+00:00,13530.168902762089
2021-11-17 12:00:00+00:00,13608.926703616775
2021-11-17 16:00:00+00:00,13569.613220522688
2021-11-17 20:00:00+00:00,13559.082843552607
2021-11-18 00:00:00+00:00,13595.138592102312
2021-11-18 04:00:00+00:00,13602.385306001726
2021-11-18 08:00:00+00:00,13643.078779956935
2021-11-18 12:00:00+00:00,13729.401285938962
2021-11-18 16:00:00+00:00,13743.95312206226
2021-11-18 20:00:00+00:00,13819.679544373517
2021-11-19 00:00:00+00:00,13891.016911958302
2021-11-19 04:00:00+00:00,13884.774791482168
2021-11-19 08:00:00+00:00,13812.28152761947
2021-11-19 12:00:00+00:00,13748.33494460563
2021-11-19 16:00:00+00:00,13737.621191802358
2021-11-19 20:00:00+00:00,13736.076034063746
2021-11-20 00:00:00+00:00,13700.986983787387
2021-11-20 04:00:00+00:00,13710.791110162203
2021-11-20 08:00:00+00:00,13691.295648640504
2021-11-20 12:00:00+00:00,13775.221383372666
2021-11-20 16:00:00+00:00,13624.903799412694
2021-11-20 20:00:00+00:00,13604.883834951215
2021-11-21 00:00:00+00:00,13686.063612640062
2021-11-21 04:00:00+00:00,13662.356780439517
2021-11-21 08:00:00+00:00,13686.1340219576
2021-11-21 12:00:00+00:00,13644.70309980384
2021-11-21 16:00:00+00:00,13635.108902889988
2021-11-21 20:00:00+00:00,13693.410725254891
2021-11-22 00:00:00+00:00,13801.431687211487
2021-11-22 04:00:00+00:00,13814.610515287037
2021-11-22 08:00:00+00:00,13821.039021813867
2021-11-22 12:00:00+00:00,13732.945418420257
2021-11-22 16:00:00+00:00,13912.252242808261
2021-11-22 20:00:00+00:00,13891.568138938217
2021-11-23 00:00:00+00:00,13836.123506753998
2021-11-23 04:00:00+00:00,13908.394374701014
2021-11-23 08:00:00+00:00,13899.415582842654
2021-11-23 12:00:00+00:00,13842.66948078931
2021-11-23 16:00:00+00:00,13840.539703463091
2021-11-23 20:00:00+00:00,13840.539703463091
2021-11-24 00:00:00+00:00,13840.539703463091
2021-11-24 04:00:00+00:00,13840.539703463091
2021-11-24 08:00:00+00:00,13840.539703463091
2021-11-24 12:00:00+00:00,13840.539703463091
2021-11-24 16:00:00+00:00,13840.539703463091
2021-11-24 20:00:00+00:00,13840.539703463091
2021-11-25 00:00:00+00:00,13840.539703463091
2021-11-25 04:00:00+00:00,13840.539703463091
2021-11-25 08:00:00+00:00,13840.539703463091
2021-11-25 12:00:00+00:00,13840.539703463091
2021-11-25 16:00:00+00:00,13840.539703463091
2021-11-25 20:00:00+00:00,13840.539703463091
2021-11-26 00:00:00+00:00,13840.539703463091
2021-11-26 04:00:00+00:00,13840.539703463091
2021-11-26 08:00:00+00:00,13840.539703463091
2021-11-26 12:00:00+00:00,13840.539703463091
2021-11-26 16:00:00+00:00,13840.539703463091
2021-11-26 20:00:00+00:00,13840.539703463091
2021-11-27 00:00:00+00:00,13840.539703463091
2021-11-27 04:00:00+00:00,13840.539703463091
2021-11-27 08:00:00+00:00,13819.723615807148
2021-11-27 12:00:00+00:00,13795.005785587566
2021-11-27 16:00:00+00:00,13792.325613781932
2021-11-27 20:00:00+00:00,13811.631771067865
2021-11-28 00:00:00+00:00,13863.209892887904
2021-11-28 04:00:00+00:00,13830.66587785707
2021-11-28 08:00:00+00:00,13830.503909769668
2021-11-28 12:00:00+00:00,13849.83392523324
2021-11-28 16:00:00+00:00,13820.396886981644
2021-11-28 20:00:00+00:00,13571.008864971496
2021-11-29 00:00:00+00:00,13563.645757966486
2021-11-29 04:00:00+00:00,13552.636892451581
2021-11-29 08:00:00+00:00,13606.208916373405
2021-11-29 12:00:00+00:00,13587.27383237368
2021-11-29 16:00:00+00:00,13517.193641723268
2021-11-29 20:00:00+00:00,13525.972785986138
2021-11-30 00:00:00+00:00,13590.050157153077
2021-11-30 04:00:00+00:00,13642.512254444244
2021-11-30 08:00:00+00:00,13548.02985910252
2021-11-30 12:00:00+00:00,13577.902414100065
2021-11-30 16:00:00+00:00,13543.852078001626
2021-11-30 20:00:00+00:00,13541.46566961046
2021-12-01 00:00:00+00:00,13541.46566961046
2021-12-01 04:00:00+00:00,13541.46566961046
2021-12-01 08:00:00+00:00,13541.46566961046
2021-12-01 12:00:00+00:00,13541.46566961046
2021-12-01 16:00:00+00:00,13541.46566961046
2021-12-01 20:00:00+00:00,13541.46566961046
2021-12-02 00:00:00+00:00,13541.46566961046
2021-12-02 04:00:00+00:00,13541.46566961046
2021-12-02 08:00:00+00:00,13541.46566961046
2021-12-02 12:00:00+00:00,13541.46566961046
2021-12-02 16:00:00+00:00,13541.46566961046
2021-12-02 20:00:00+00:00,13541.46566961046
2021-12-03 00:00:00+00:00,13541.46566961046
2021-12-03 04:00:00+00:00,13541.46566961046
2021-12-03 08:00:00+00:00,13541.46566961046
2021-12-03 12:00:00+00:00,13541.46566961046
2021-12-03 16:00:00+00:00,13541.46566961046
2021-12-03 20:00:00+00:00,13541.46566961046
2021-12-04 00:00:00+00:00,13541.46566961046
2021-12-04 04:00:00+00:00,13314.144972816659
2021-12-04 08:00:00+00:00,13351.525564946178
2021-12-04 12:00:00+00:00,13263.143163563334
2021-12-04 16:00:00+00:00,13206.634344004871
2021-12-04 20:00:00+00:00,13212.398303001002
2021-12-05 00:00:00+00:00,13211.283881509362
2021-12-05 04:00:00+00:00,13205.456730747655
2021-12-05 08:00:00+00:00,13208.786279752154
2021-12-05 12:00:00+00:00,13280.620698084653
2021-12-05 16:00:00+00:00,13227.211502361166
2021-12-05 20:00:00+00:00,13199.348845262524
2021-12-06 00:00:00+00:00,13221.524637155024
2021-12-06 04:00:00+00:00,13257.700706479069
2021-12-06 08:00:00+00:00,13247.306903954783
2021-12-06 12:00:00+00:00,13226.85347138838
2021-12-06 16:00:00+00:00,13216.847846530873
2021-12-06 20:00:00+00:00,13135.85623243221
2021-12-07 00:00:00+00:00,13106.51306400452
2021-12-07 04:00:00+00:00,13108.399377242988
2021-12-07 08:00:00+00:00,13074.61313690135
2021-12-07 12:00:00+00:00,13056.134052900792
2021-12-07 16:00:00+00:00,13110.527933776833
2021-12-07 20:00:00+00:00,13130.324513464679
2021-12-08 00:00:00+00:00,13160.973084997122
2021-12-08 04:00:00+00:00,13135.675302686737
2021-12-08 08:00:00+00:00,13228.109056903975
2021-12-08 12:00:00+00:00,13127.086180225911
2021-12-08 16:00:00+00:00,13141.280872171965
2021-12-08 20:00:00+00:00,13138.618782341078
2021-12-09 00:00:00+00:00,13204.911617545837
2021-12-09 04:00:00+00:00,13171.220863979777
2021-12-09 08:00:00+00:00,13230.527707335088
2021-12-09 12:00:00+00:00,13280.139862592885
2021-12-09 16:00:00+00:00,13339.896952967982
2021-12-09 20:00:00+00:00,13345.57828810508
2021-12-10 00:00:00+00:00,13287.466815049374
2021-12-10 04:00:00+00:00,13335.214596989059
2021-12-10 08:00:00+00:00,13261.469127323753
2021-12-10 12:00:00+00:00,13314.630034957818
2021-12-10 16:00:00+00:00,13305.800918749166
2021-12-10 20:00:00+00:00,13374.899053074485
2021-12-11 00:00:00+00:00,13292.559493258237
2021-12-11 04:00:00+00:00,13311.830564016942
2021-12-11 08:00:00+00:00,13297.872357131942
2021-12-11 12:00:00+00:00,13261.754307574518
2021-12-11 16:00:00+00:00,13285.981647088722
2021-12-11 20:00:00+00:00,13213.591516140972
2021-12-12 00:00:00+00:00,13221.457275269779
2021-12-12 04:00:00+00:00,13221.634900507837
2021-12-12 08:00:00+00:00,13235.436952519198
2021-12-12 12:00:00+00:00,13195.00285352899
2021-12-12 16:00:00+00:00,13146.333293654317
2021-12-12 20:00:00+00:00,13159.008097447797
2021-12-13 00:00:00+00:00,13258.644555937915
2021-12-13 04:00:00+00:00,13268.437798997225
2021-12-13 08:00:00+00:00,13261.02416840771
2021-12-13 12:00:00+00:00,13392.74300548689
2021-12-13 16:00:00+00:00,13436.805290281645
2021-12-13 20:00:00+00:00,13438.221418018427
2021-12-14 00:00:00+00:00,13417.957952128985
2021-12-14 04:00:00+00:00,13414.381211940217
2021-12-14 08:00:00+00:00,13364.737467272917
2021-12-14 12:00:00+00:00,13427.098111121255
2021-12-14 16:00:00+00:00,13426.50380074162
2021-12-14 20:00:00+00:00,13303.478519404462
2021-12-15 00:00:00+00:00,13309.785240204163
2021-12-15 04:00:00+00:00,13313.84037381903
2021-12-15 08:00:00+00:00,13319.611376430244
2021-12-15 12:00:00+00:00,13448.910517251685
2021-12-15 16:00:00+00:00,13277.707353537231
2021-12-15 20:00:00+00:00,13261.161817343369
2021-12-16 00:00:00+00:00,13259.26445586569
2021-12-16 04:00:00+00:00,13259.26445586569
2021-12-16 08:00:00+00:00,13259.26445586569
2021-12-16 12:00:00+00:00,13259.26445586569
2021-12-16 16:00:00+00:00,13259.26445586569
2021-12-16 20:00:00+00:00,13259.26445586569
2021-12-17 00:00:00+00:00,13259.26445586569
2021-12-17 04:00:00+00:00,13259.26445586569
2021-12-17 08:00:00+00:00,13259.26445586569
2021-12-17 12:00:00+00:00,13259.26445586569
2021-12-17 16:00:00+00:00,13259.26445586569
2021-12-17 20:00:00+00:00,13259.26445586569
2021-12-18 00:00:00+00:00,13259.26445586569
2021-12-18 04:00:00+00:00,13259.26445586569
2021-12-18 08:00:00+00:00,13259.26445586569
2021-12-18 12:00:00+00:00,13275.766499273665
2021-12-18 16:00:00+00:00,13295.866915553923
2021-12-18 20:00:00+00:00,13278.378080868015
2021-12-19 00:00:00+00:00,13197.78215866274
2021-12-19 04:00:00+00:00,13213.86213242918
2021-12-19 08:00:00+00:00,13248.133089121271
2021-12-19 12:00:00+00:00,13239.931096639159
2021-12-19 16:00:00+00:00,13292.531418547696
2021-12-19 20:00:00+00:00,13291.36328241337
2021-12-20 00:00:00+00:00,13291.064634164539
2021-12-20 04:00:00+00:00,13288.923946600999
2021-12-20 08:00:00+00:00,13288.923946600999
2021-12-20 12:00:00+00:00,13288.923946600999
2021-12-20 16:00:00+00:00,13288.923946600999
2021-12-20 20:00:00+00:00,13288.923946600999
2021-12-21 00:00:00+00:00,13288.923946600999
2021-12-21 04:00:00+00:00,13288.923946600999
2021-12-21 08:00:00+00:00,13288.923946600999
2021-12-21 12:00:00+00:00,13288.923946600999
2021-12-21 16:00:00+00:00,13288.923946600999
2021-12-21 20:00:00+00:00,13288.923946600999
2021-12-22 00:00:00+00:00,13288.923946600999
2021-12-22 04:00:00+00:00,13288.923946600999
2021-12-22 08:00:00+00:00,13307.119914493098
2021-12-22 12:00:00+00:00,13319.751925512974
2021-12-22 16:00:00+00:00,13314.639938569131
2021-12-22 20:00:00+00:00,13351.210572193808
2021-12-23 00:00:00+00:00,13358.302295471274
2021-12-23 04:00:00+00:00,13401.581025133966
2021-12-23 08:00:00+00:00,13376.372562157185
2021-12-23 12:00:00+00:00,13324.963450632162
2021-12-23 16:00:00+00:00,13055.286647613806
2021-12-23 20:00:00+00:00,13082.561990452574
2021-12-24 00:00:00+00:00,13060.617635122137
2021-12-24 04:00:00+00:00,13064.83638726781
2021-12-24 08:00:00+00:00,13062.130501895525
2021-12-24 12:00:00+00:00,13062.130501895525
2021-12-24 16:00:00+00:00,13081.421065894645
2021-12-24 20:00:00+00:00,13046.272652950916
2021-12-25 00:00:00+00:00,13048.445553022182
2021-12-25 04:00:00+00:00,13057.768363236044
2021-12-25 08:00:00+00:00,13030.280931134133
2021-12-25 12:00:00+00:00,13028.305232233193
2021-12-25 16:00:00+00:00,13055.984825364703
2021-12-25 20:00:00+00:00,12996.020297974137
2021-12-26 00:00:00+00:00,12907.343378863121
2021-12-26 04:00:00+00:00,12935.888243931264
2021-12-26 08:00:00+00:00,12912.52623827853
2021-12-26 12:00:00+00:00,12868.977463543366
2021-12-26 16:00:00+00:00,12897.744042079736
2021-12-26 20:00:00+00:00,12952.04703075491
2021-12-27 00:00:00+00:00,12980.40401837019
2021-12-27 04:00:00+00:00,12942.170222009156
2021-12-27 08:00:00+00:00,12950.41820462653
2021-12-27 12:00:00+00:00,13037.140296809854
2021-12-27 16:00:00+00:00,13006.316969862988
2021-12-27 20:00:00+00:00,12944.539298622029
2021-12-28 00:00:00+00:00,12835.354267563682
2021-12-28 04:00:00+00:00,12903.993470403138
2021-12-28 08:00:00+00:00,12906.277696102248
2021-12-28 12:00:00+00:00,12936.771764813722
2021-12-28 16:00:00+00:00,13079.90138413022
2021-12-28 20:00:00+00:00,13096.77539759452
2021-12-29 00:00:00+00:00,13046.256809459266
2021-12-29 04:00:00+00:00,13043.615944011766
2021-12-29 08:00:00+00:00,13043.615944011766
2021-12-29 12:00:00+00:00,13017.02522263033
2021-12-29 16:00:00+00:00,13108.352392389503
2021-12-29 20:00:00+00:00,13184.375635491926
2021-12-30 00:00:00+00:00,13178.395237794351
2021-12-30 04:00:00+00:00,13129.771843982666
2021-12-30 08:00:00+00:00,13072.090200844614
2021-12-30 12:00:00+00:00,13109.475051250907
2021-12-30 16:00:00+00:00,13066.607892464219
2021-12-30 20:00:00+00:00,13115.285141076267
2021-12-31 00:00:00+00:00,13105.222814283517
2021-12-31 04:00:00+00:00,13106.979216748303
2021-12-31 08:00:00+00:00,13016.51744279002
2021-12-31 12:00:00+00:00,13013.542175283828
2021-12-31 16:00:00+00:00,13269.413135627838
2021-12-31 20:00:00+00:00,13216.764303053751
2022-01-01 00:00:00+00:00,13157.091096265745
2022-01-01 04:00:00+00:00,13115.492906985104
2022-01-01 08:00:00+00:00,13160.927341693672
2022-01-01 12:00:00+00:00,13114.208346924495
2022-01-01 16:00:00+00:00,13100.526927317844
2022-01-01 20:00:00+00:00,13059.900446555142
2022-01-02 00:00:00+00:00,13101.098894811053
2022-01-02 04:00:00+00:00,13118.942282155596
2022-01-02 08:00:00+00:00,13112.617268134058
2022-01-02 12:00:00+00:00,13101.188366389302
2022-01-02 16:00:00+00:00,13151.519375447808
2022-01-02 20:00:00+00:00,13148.709502744714
2022-01-03 00:00:00+00:00,13148.709502744714
2022-01-03 04:00:00+00:00,13148.709502744714
2022-01-03 08:00:00+00:00,13148.709502744714
2022-01-03 12:00:00+00:00,13148.709502744714
2022-01-03 16:00:00+00:00,13148.709502744714
2022-01-03 20:00:00+00:00,13148.709502744714
2022-01-04 00:00:00+00:00,13148.709502744714
2022-01-04 04:00:00+00:00,13148.709502744714
2022-01-04 08:00:00+00:00,13148.709502744714
2022-01-04 12:00:00+00:00,13148.709502744714
2022-01-04 16:00:00+00:00,13148.709502744714
2022-01-04 20:00:00+00:00,13148.709502744714
2022-01-05 00:00:00+00:00,13148.709502744714
2022-01-05 04:00:00+00:00,13148.709502744714
2022-01-05 08:00:00+00:00,13148.709502744714
2022-01-05 12:00:00+00:00,13148.709502744714
2022-01-05 16:00:00+00:00,13148.709502744714
2022-01-05 20:00:00+00:00,13148.709502744714
2022-01-06 00:00:00+00:00,13107.606541889763
2022-01-06 04:00:00+00:00,13133.92626351556
2022-01-06 08:00:00+00:00,13109.982542636753
2022-01-06 12:00:00+00:00,13097.930279185268
2022-01-06 16:00:00+00:00,13050.372323935822
2022-01-06 20:00:00+00:00,13084.768737278371
2022-01-07 00:00:00+00:00,13223.33029497209
2022-01-07 04:00:00+00:00,13233.413936625904
2022-01-07 08:00:00+00:00,13175.906887055524
2022-01-07 12:00:00+00:00,13272.239952469148
2022-01-07 16:00:00+00:00,13227.981691581479
2022-01-07 20:00:00+00:00,13247.56324516771
2022-01-08 00:00:00+00:00,13225.024731928615
2022-01-08 04:00:00+00:00,13214.777895667596
2022-01-08 08:00:00+00:00,13213.538708850285
2022-01-08 12:00:00+00:00,13245.98992479052
2022-01-08 16:00:00+00:00,13325.728143283597
2022-01-08 20:00:00+00:00,13238.006131118436
2022-01-09 00:00:00+00:00,13223.776123414302
2022-01-09 04:00:00+00:00,13228.844720476978
2022-01-09 08:00:00+00:00,13222.046705014272
2022-01-09 12:00:00+00:00,13247.509541118749
2022-01-09 16:00:00+00:00,13134.53520003065
2022-01-09 20:00:00+00:00,13220.502068138185
2022-01-10 00:00:00+00:00,13211.008195374605
2022-01-10 04:00:00+00:00,13201.438292383293
2022-01-10 08:00:00+00:00,13253.272038383051
2022-01-10 12:00:00+00:00,13319.207845322097
2022-01-10 16:00:00+00:00,13287.076237069612
2022-01-10 20:00:00+00:00,13234.087804854253
2022-01-11 00:00:00+00:00,13188.634575467748
2022-01-11 04:00:00+00:00,13194.709896898477
2022-01-11 08:00:00+00:00,13236.157403492147
2022-01-11 12:00:00+00:00,13244.95321376916
2022-01-11 16:00:00+00:00,13117.48314008179
2022-01-11 20:00:00+00:00,13141.486948506083
2022-01-12 00:00:00+00:00,13152.404393324143
2022-01-12 04:00:00+00:00,13156.903461141688
2022-01-12 08:00:00+00:00,13118.344569523013
2022-01-12 12:00:00+00:00,13048.58312477586
2022-01-12 16:00:00+00:00,13031.677950505373
2022-01-12 20:00:00+00:00,13012.914105611942
2022-01-13 00:00:00+00:00,13053.859582521925
2022-01-13 04:00:00+00:00,13033.696246521491
2022-01-13 08:00:00+00:00,13044.488536918896
2022-01-13 12:00:00+00:00,13093.79357949506
2022-01-13 16:00:00+00:00,13147.38372407878
2022-01-13 20:00:00+00:00,13164.814982949625
2022-01-14 00:00:00+00:00,13155.945341649154
2022-01-14 04:00:00+00:00,13153.513149123011
2022-01-14 08:00:00+00:00,13153.513149123011
2022-01-14 12:00:00+00:00,13153.513149123011
2022-01-14 16:00:00+00:00,13153.513149123011
2022-01-14 20:00:00+00:00,13153.513149123011
2022-01-15 00:00:00+00:00,13153.513149123011
2022-01-15 04:00:00+00:00,13153.513149123011
2022-01-15 08:00:00+00:00,13153.513149123011
2022-01-15 12:00:00+00:00,13153.513149123011
2022-01-15 16:00:00+00:00,13153.513149123011
2022-01-15 20:00:00+00:00,13153.513149123011
2022-01-16 00:00:00+00:00,13153.513149123011
2022-01-16 04:00:00+00:00,13153.513149123011
2022-01-16 08:00:00+00:00,13153.513149123011
2022-01-16 12:00:00+00:00,13153.513149123011
2022-01-16 16:00:00+00:00,13153.513149123011
2022-01-16 20:00:00+00:00,13153.513149123011
2022-01-17 00:00:00+00:00,13153.513149123011
2022-01-17 04:00:00+00:00,13153.513149123011
2022-01-17 08:00:00+00:00,13153.513149123011
2022-01-17 12:00:00+00:00,13153.513149123011
2022-01-17 16:00:00+00:00,13153.513149123011
2022-01-17 20:00:00+00:00,13153.513149123011
2022-01-18 00:00:00+00:00,13153.513149123011
2022-01-18 04:00:00+00:00,13153.513149123011
2022-01-18 08:00:00+00:00,13153.513149123011
2022-01-18 12:00:00+00:00,13190.614846664612
2022-01-18 16:00:00+00:00,13175.167974422839
2022-01-18 20:00:00+00:00,13074.688252220874
2022-01-19 00:00:00+00:00,13169.076902726783
2022-01-19 04:00:00+00:00,13229.203717408129
2022-01-19 08:00:00+00:00,13121.399552550884
2022-01-19 12:00:00+00:00,13128.602436218633
2022-01-19 16:00:00+00:00,13144.064644844182
2022-01-19 20:00:00+00:00,13172.917385040719
2022-01-20 00:00:00+00:00,13136.709992568734
2022-01-20 04:00:00+00:00,13118.559861433792
2022-01-20 08:00:00+00:00,13107.664442425472
2022-01-20 12:00:00+00:00,12933.043662330529
2022-01-20 16:00:00+00:00,12984.515238408745
2022-01-20 20:00:00+00:00,13299.340889208115
2022-01-21 00:00:00+00:00,13581.648028306214
2022-01-21 04:00:00+00:00,13505.697128898037
2022-01-21 08:00:00+00:00,13532.027533646418
2022-01-21 12:00:00+00:00,13537.481752807882
2022-01-21 16:00:00+00:00,13635.978179539676
2022-01-21 20:00:00+00:00,13808.769456763053
2022-01-22 00:00:00+00:00,13819.172077259558
2022-01-22 04:00:00+00:00,13915.878221477045
2022-01-22 08:00:00+00:00,13914.789115325446
2022-01-22 12:00:00+00:00,13968.577260045608
2022-01-22 16:00:00+00:00,13999.894334252518
2022-01-22 20:00:00+00:00,13948.643648075229
2022-01-23 00:00:00+00:00,13950.059245712482
2022-01-23 04:00:00+00:00,13900.170862833198
2022-01-23 08:00:00+00:00,13888.656024740329
2022-01-23 12:00:00+00:00,13928.314479283625
2022-01-23 16:00:00+00:00,13977.46068509033
2022-01-23 20:00:00+00:00,13831.665928431625
2022-01-24 00:00:00+00:00,13918.662667180208
2022-01-24 04:00:00+00:00,13960.584141397554
2022-01-24 08:00:00+00:00,14076.64752361392
2022-01-24 12:00:00+00:00,14027.893646986251
2022-01-24 16:00:00+00:00,13862.407088143187
2022-01-24 20:00:00+00:00,13812.247572205195
2022-01-25 00:00:00+00:00,13832.59128925376
2022-01-25 04:00:00+00:00,13863.75597643589
2022-01-25 08:00:00+00:00,13833.888639056067
2022-01-25 12:00:00+00:00,13821.885576244313
2022-01-25 16:00:00+00:00,13776.430076633902
2022-01-25 20:00:00+00:00,13785.623719540023
2022-01-26 00:00:00+00:00,13747.301668275799
2022-01-26 04:00:00+00:00,13751.024970023824
2022-01-26 08:00:00+00:00,13685.079884249142
2022-01-26 12:00:00+00:00,13692.686968127151
2022-01-26 16:00:00+00:00,13730.651670918158
2022-01-26 20:00:00+00:00,13799.731072059798
2022-01-27 00:00:00+00:00,13895.194077385242
2022-01-27 04:00:00+00:00,13857.555244693916
2022-01-27 08:00:00+00:00,13809.736139543482
2022-01-27 12:00:00+00:00,13813.809174890606
2022-01-27 16:00:00+00:00,13853.680175058184
2022-01-27 20:00:00+00:00,13765.413388978555
2022-01-28 00:00:00+00:00,13763.718969299405
2022-01-28 04:00:00+00:00,13763.718969299405
2022-01-28 08:00:00+00:00,13763.718969299405
2022-01-28 12:00:00+00:00,13763.718969299405
2022-01-28 16:00:00+00:00,13763.718969299405
2022-01-28 20:00:00+00:00,13763.718969299405
2022-01-29 00:00:00+00:00,13763.718969299405
2022-01-29 04:00:00+00:00,13763.718969299405
2022-01-29 08:00:00+00:00,13763.718969299405
2022-01-29 12:00:00+00:00,13763.718969299405
2022-01-29 16:00:00+00:00,13763.718969299405
2022-01-29 20:00:00+00:00,13763.718969299405
2022-01-30 00:00:00+00:00,13763.718969299405
2022-01-30 04:00:00+00:00,13763.718969299405
2022-01-30 08:00:00+00:00,13763.718969299405
2022-01-30 12:00:00+00:00,13763.718969299405
2022-01-30 16:00:00+00:00,13763.718969299405
2022-01-30 20:00:00+00:00,13763.718969299405
2022-01-31 00:00:00+00:00,13763.718969299405
2022-01-31 04:00:00+00:00,13763.718969299405
2022-01-31 08:00:00+00:00,13763.718969299405
2022-01-31 12:00:00+00:00,13763.718969299405
2022-01-31 16:00:00+00:00,13763.718969299405
2022-01-31 20:00:00+00:00,13763.718969299405
2022-02-01 00:00:00+00:00,13763.718969299405
2022-02-01 04:00:00+00:00,13763.718969299405
2022-02-01 08:00:00+00:00,13763.718969299405
2022-02-01 12:00:00+00:00,13763.718969299405
2022-02-01 16:00:00+00:00,13763.718969299405
2022-02-01 20:00:00+00:00,13763.718969299405
2022-02-02 00:00:00+00:00,13778.919870373154
2022-02-02 04:00:00+00:00,13814.15593625166
2022-02-02 08:00:00+00:00,13787.162985215316
2022-02-02 12:00:00+00:00,13931.411962710305
2022-02-02 16:00:00+00:00,13915.511232129242
2022-02-02 20:00:00+00:00,14002.302681657673
2022-02-03 00:00:00+00:00,14013.858159318801
2022-02-03 04:00:00+00:00,13987.300336105334
2022-02-03 08:00:00+00:00,14020.994002011877
2022-02-03 12:00:00+00:00,14003.9753118871
2022-02-03 16:00:00+00:00,14051.006005564943
2022-02-03 20:00:00+00:00,13945.298676171196
2022-02-04 00:00:00+00:00,13946.318127114153
2022-02-04 04:00:00+00:00,13866.05336562326
2022-02-04 08:00:00+00:00,13873.651671585143
2022-02-04 12:00:00+00:00,13639.503516591414
2022-02-04 16:00:00+00:00,13491.17654946454
2022-02-04 20:00:00+00:00,13392.539506817246
2022-02-05 00:00:00+00:00,13406.465574241312
2022-02-05 04:00:00+00:00,13404.134788963194
2022-02-05 08:00:00+00:00,13408.186657148848
2022-02-05 12:00:00+00:00,13444.260148207752
2022-02-05 16:00:00+00:00,13419.590792439498
2022-02-05 20:00:00+00:00,13400.551932546468
2022-02-06 00:00:00+00:00,13406.679161519385
2022-02-06 04:00:00+00:00,13426.760470550393
2022-02-06 08:00:00+00:00,13416.073996789042
2022-02-06 12:00:00+00:00,13413.864107863763
2022-02-06 16:00:00+00:00,13438.917244586906
2022-02-06 20:00:00+00:00,13528.282861767522
2022-02-07 00:00:00+00:00,13583.53461333353
2022-02-07 04:00:00+00:00,13574.35005295767
2022-02-07 08:00:00+00:00,13571.376661374614
2022-02-07 12:00:00+00:00,13716.744990698482
2022-02-07 16:00:00+00:00,13772.6789946963
2022-02-07 20:00:00+00:00,13720.969618974179
2022-02-08 00:00:00+00:00,13762.115714931368
2022-02-08 04:00:00+00:00,13848.719807251784
2022-02-08 08:00:00+00:00,13742.125393341781
2022-02-08 12:00:00+00:00,13674.514855363735
2022-02-08 16:00:00+00:00,13625.312409952046
2022-02-08 20:00:00+00:00,13743.391587817465
2022-02-09 00:00:00+00:00,13664.971257772615
2022-02-09 04:00:00+00:00,13716.890434156143
2022-02-09 08:00:00+00:00,13704.1988664376
2022-02-09 12:00:00+00:00,13722.895215173563
2022-02-09 16:00:00+00:00,13789.637559950512
2022-02-09 20:00:00+00:00,13778.850117683212
2022-02-10 00:00:00+00:00,13709.535334956876
2022-02-10 04:00:00+00:00,13745.310842031364
2022-02-10 08:00:00+00:00,13831.681649508324
2022-02-10 12:00:00+00:00,13845.424057889171
2022-02-10 16:00:00+00:00,13783.915565013525
2022-02-10 20:00:00+00:00,13694.015280785377
2022-02-11 00:00:00+00:00,13677.80688026497
2022-02-11 04:00:00+00:00,13671.577477380395
2022-02-11 08:00:00+00:00,13671.053938710538
2022-02-11 12:00:00+00:00,13638.89182484376
2022-02-11 16:00:00+00:00,13539.517977581243
2022-02-11 20:00:00+00:00,13570.690381340566
2022-02-12 00:00:00+00:00,13579.660252379126
2022-02-12 04:00:00+00:00,13599.078237810863
2022-02-12 08:00:00+00:00,13568.647672448056
2022-02-12 12:00:00+00:00,13597.32408366214
2022-02-12 16:00:00+00:00,13540.49012235319
2022-02-12 20:00:00+00:00,13588.266094569177
2022-02-13 00:00:00+00:00,13587.000396186104
2022-02-13 04:00:00+00:00,13568.256590352386
2022-02-13 08:00:00+00:00,13559.951634142884
2022-02-13 12:00:00+00:00,13549.88130047527
2022-02-13 16:00:00+00:00,13612.797778484086
2022-02-13 20:00:00+00:00,13609.710352199727
2022-02-14 00:00:00+00:00,13628.099951213666
2022-02-14 04:00:00+00:00,13579.316764388384
2022-02-14 08:00:00+00:00,13601.9963573061
2022-02-14 12:00:00+00:00,13544.16116096522
2022-02-14 16:00:00+00:00,13602.402279235723
2022-02-14 20:00:00+00:00,13550.128821676875
2022-02-15 00:00:00+00:00,13426.345140692581
2022-02-15 04:00:00+00:00,13436.663690485499
2022-02-15 08:00:00+00:00,13503.902282628262
2022-02-15 12:00:00+00:00,13500.928743682789
2022-02-15 16:00:00+00:00,13475.531221930982
2022-02-15 20:00:00+00:00,13544.471123531208
2022-02-16 00:00:00+00:00,13472.344140631358
2022-02-16 04:00:00+00:00,13497.33594922437
2022-02-16 08:00:00+00:00,13496.058463539128
2022-02-16 12:00:00+00:00,13419.589609401
2022-02-16 16:00:00+00:00,13499.532578963419
2022-02-16 20:00:00+00:00,13455.086080979476
2022-02-17 00:00:00+00:00,13416.808863893819
2022-02-17 04:00:00+00:00,13460.326031914188
2022-02-17 08:00:00+00:00,13554.9755742889
2022-02-17 12:00:00+00:00,13552.006628263367
2022-02-17 16:00:00+00:00,13552.006628263367
2022-02-17 20:00:00+00:00,13552.006628263367
2022-02-18 00:00:00+00:00,13527.71620520665
2022-02-18 04:00:00+00:00,13532.446039862529
2022-02-18 08:00:00+00:00,13590.129407363134
2022-02-18 12:00:00+00:00,13634.79879722015
2022-02-18 16:00:00+00:00,13587.254458574023
2022-02-18 20:00:00+00:00,13584.849473390208
2022-02-19 00:00:00+00:00,13584.849473390208
2022-02-19 04:00:00+00:00,13565.07163637816
2022-02-19 08:00:00+00:00,13619.265289941723
2022-02-19 12:00:00+00:00,13602.738294247705
2022-02-19 16:00:00+00:00,13601.900467862084
2022-02-19 20:00:00+00:00,13589.258555089902
2022-02-20 00:00:00+00:00,13627.2995690842
2022-02-20 04:00:00+00:00,13769.852996500915
2022-02-20 08:00:00+00:00,13832.590498468348
2022-02-20 12:00:00+00:00,13833.49858842838
2022-02-20 16:00:00+00:00,13823.372040776585
2022-02-20 20:00:00+00:00,13824.852617475235
2022-02-21 00:00:00+00:00,13750.569188974538
2022-02-21 04:00:00+00:00,13701.044253815757
2022-02-21 08:00:00+00:00,13933.938782054774
2022-02-21 12:00:00+00:00,13773.69587126888
2022-02-21 16:00:00+00:00,13853.92512696874
2022-02-21 20:00:00+00:00,13980.937968478727
2022-02-22 00:00:00+00:00,14024.941085002178
2022-02-22 04:00:00+00:00,14006.608692043925
2022-02-22 08:00:00+00:00,13923.825856368676
2022-02-22 12:00:00+00:00,13897.911653797713
2022-02-22 16:00:00+00:00,13866.179156470744
2022-02-22 20:00:00+00:00,13847.540356711088
2022-02-23 00:00:00+00:00,13899.971682512012
2022-02-23 04:00:00+00:00,13856.8294199907
2022-02-23 08:00:00+00:00,13784.691097265046
2022-02-23 12:00:00+00:00,13812.65553254376
2022-02-23 16:00:00+00:00,13913.366693967382
2022-02-23 20:00:00+00:00,13954.782560266665
2022-02-24 00:00:00+00:00,14214.348035745368
2022-02-24 04:00:00+00:00,14175.141854898837
2022-02-24 08:00:00+00:00,14159.910635545279
2022-02-24 12:00:00+00:00,14112.336468799003
2022-02-24 16:00:00+00:00,13972.142754882967
2022-02-24 20:00:00+00:00,13870.554291131952
2022-02-25 00:00:00+00:00,13819.210309077409
2022-02-25 04:00:00+00:00,13858.064507424628
2022-02-25 08:00:00+00:00,13833.844473422805
2022-02-25 12:00:00+00:00,13773.119786212692
2022-02-25 16:00:00+00:00,13839.426314991773
2022-02-25 20:00:00+00:00,13789.565362116073
2022-02-26 00:00:00+00:00,13773.681709074128
2022-02-26 04:00:00+00:00,13790.1526842349
2022-02-26 08:00:00+00:00,13816.708843614131
2022-02-26 12:00:00+00:00,13791.064588040896
2022-02-26 16:00:00+00:00,13786.829825225414
2022-02-26 20:00:00+00:00,13800.460406240178
2022-02-27 00:00:00+00:00,13851.926120074888
2022-02-27 04:00:00+00:00,13833.339683502827
2022-02-27 08:00:00+00:00,13762.279013009498
2022-02-27 12:00:00+00:00,13775.9802410891
2022-02-27 16:00:00+00:00,13952.437129462662
2022-02-27 20:00:00+00:00,13942.791766868824
2022-02-28 00:00:00+00:00,13932.440571246914
2022-02-28 04:00:00+00:00,13879.890953056136
2022-02-28 08:00:00+00:00,13880.174495088479
2022-02-28 12:00:00+00:00,13878.332542625878
2022-02-28 16:00:00+00:00,13878.332542625878
2022-02-28 20:00:00+00:00,13878.332542625878
2022-03-01 00:00:00+00:00,13878.332542625878
2022-03-01 04:00:00+00:00,13878.332542625878
2022-03-01 08:00:00+00:00,13878.332542625878
2022-03-01 12:00:00+00:00,13878.698777189866
2022-03-01 16:00:00+00:00,13884.31765935166
2022-03-01 20:00:00+00:00,13945.113752529554
2022-03-02 00:00:00+00:00,13938.422659837608
2022-03-02 04:00:00+00:00,13906.55407278842
2022-03-02 08:00:00+00:00,13918.511400884569
2022-03-02 12:00:00+00:00,13919.967189594452
2022-03-02 16:00:00+00:00,13881.586974296308
2022-03-02 20:00:00+00:00,13898.994281001249
2022-03-03 00:00:00+00:00,13846.322388360659
2022-03-03 04:00:00+00:00,13860.579523868724
2022-03-03 08:00:00+00:00,13851.688498577552
2022-03-03 12:00:00+00:00,13772.667726861338
2022-03-03 16:00:00+00:00,13741.896839261
2022-03-03 20:00:00+00:00,13763.293587202594
2022-03-04 00:00:00+00:00,13667.361868039256
2022-03-04 04:00:00+00:00,13666.03296579418
2022-03-04 08:00:00+00:00,13685.78935790497
2022-03-04 12:00:00+00:00,13595.619182890789
2022-03-04 16:00:00+00:00,13509.846547239566
2022-03-04 20:00:00+00:00,13566.811249109063
2022-03-05 00:00:00+00:00,13576.144581821738
2022-03-05 04:00:00+00:00,13578.469545258633
2022-03-05 08:00:00+00:00,13568.91608372701
2022-03-05 12:00:00+00:00,13566.120282419457
2022-03-05 16:00:00+00:00,13537.378405350404
2022-03-05 20:00:00+00:00,13541.634036677338
2022-03-06 00:00:00+00:00,13539.580069563435
2022-03-06 04:00:00+00:00,13539.580069563435
2022-03-06 08:00:00+00:00,13539.580069563435
2022-03-06 12:00:00+00:00,13481.662708954986
2022-03-06 16:00:00+00:00,13503.039104593974
2022-03-06 20:00:00+00:00,13530.253712825024
2022-03-07 00:00:00+00:00,13590.185015979425
2022-03-07 04:00:00+00:00,13586.954394358036
2022-03-07 08:00:00+00:00,13538.051419804237
2022-03-07 12:00:00+00:00,13454.411679432182
2022-03-07 16:00:00+00:00,13650.675422574208
2022-03-07 20:00:00+00:00,13580.307499055612
2022-03-08 00:00:00+00:00,13508.106901261197
2022-03-08 04:00:00+00:00,13522.930516418992
2022-03-08 08:00:00+00:00,13478.95031328456
2022-03-08 12:00:00+00:00,13511.56659069965
2022-03-08 16:00:00+00:00,13502.423489211218
2022-03-08 20:00:00+00:00,13505.614352643008
2022-03-09 00:00:00+00:00,13246.915804351103
2022-03-09 04:00:00+00:00,13193.210815411758
2022-03-09 08:00:00+00:00,13157.985897892246
2022-03-09 12:00:00+00:00,13123.798898968133
2022-03-09 16:00:00+00:00,13153.531728114674
2022-03-09 20:00:00+00:00,13151.507093936641
2022-03-10 00:00:00+00:00,13151.507093936641
2022-03-10 04:00:00+00:00,13151.507093936641
2022-03-10 08:00:00+00:00,13151.507093936641
2022-03-10 12:00:00+00:00,13151.507093936641
2022-03-10 16:00:00+00:00,13151.507093936641
2022-03-10 20:00:00+00:00,13149.55255003878
2022-03-11 00:00:00+00:00,13214.70974213242
2022-03-11 04:00:00+00:00,13176.728305588229
2022-03-11 08:00:00+00:00,13105.37204403801
2022-03-11 12:00:00+00:00,13178.65929708428
2022-03-11 16:00:00+00:00,13176.841432273708
2022-03-11 20:00:00+00:00,13176.841432273708
2022-03-12 00:00:00+00:00,13176.841432273708
2022-03-12 04:00:00+00:00,13176.841432273708
2022-03-12 08:00:00+00:00,13176.841432273708
2022-03-12 12:00:00+00:00,13176.841432273708
2022-03-12 16:00:00+00:00,13176.841432273708
2022-03-12 20:00:00+00:00,13176.841432273708
2022-03-13 00:00:00+00:00,13176.841432273708
2022-03-13 04:00:00+00:00,13176.841432273708
2022-03-13 08:00:00+00:00,13176.841432273708
2022-03-13 12:00:00+00:00,13176.841432273708
2022-03-13 16:00:00+00:00,13176.841432273708
2022-03-13 20:00:00+00:00,13176.841432273708
2022-03-14 00:00:00+00:00,13176.841432273708
2022-03-14 04:00:00+00:00,13176.841432273708
2022-03-14 08:00:00+00:00,13176.841432273708
2022-03-14 12:00:00+00:00,13176.841432273708
2022-03-14 16:00:00+00:00,13176.841432273708
2022-03-14 20:00:00+00:00,13176.841432273708
2022-03-15 00:00:00+00:00,13176.841432273708
2022-03-15 04:00:00+00:00,13176.841432273708
2022-03-15 08:00:00+00:00,13176.841432273708
2022-03-15 12:00:00+00:00,13176.841432273708
2022-03-15 16:00:00+00:00,13176.841432273708
2022-03-15 20:00:00+00:00,13176.841432273708
2022-03-16 00:00:00+00:00,13176.841432273708
2022-03-16 04:00:00+00:00,13176.841432273708
2022-03-16 08:00:00+00:00,13176.841432273708
2022-03-16 12:00:00+00:00,13176.841432273708
2022-03-16 16:00:00+00:00,13176.841432273708
2022-03-16 20:00:00+00:00,13176.841432273708
2022-03-17 00:00:00+00:00,13176.841432273708
2022-03-17 04:00:00+00:00,13176.841432273708
2022-03-17 08:00:00+00:00,13176.841432273708
2022-03-17 12:00:00+00:00,13176.841432273708
2022-03-17 16:00:00+00:00,13181.866229152694
2022-03-17 20:00:00+00:00,13186.110564564853
2022-03-18 00:00:00+00:00,13140.346720478708
2022-03-18 04:00:00+00:00,13147.20534714373
2022-03-18 08:00:00+00:00,13126.047484892264
2022-03-18 12:00:00+00:00,13187.490636680533
2022-03-18 16:00:00+00:00,13319.453383765762
2022-03-18 20:00:00+00:00,13288.002779425438
2022-03-19 00:00:00+00:00,13291.449196368958
2022-03-19 04:00:00+00:00,13269.752094842968
2022-03-19 08:00:00+00:00,13283.163626166785
2022-03-19 12:00:00+00:00,13307.402437982202
2022-03-19 16:00:00+00:00,13319.783173753423
2022-03-19 20:00:00+00:00,13343.856319491493
2022-03-20 00:00:00+00:00,13307.48631335362
2022-03-20 04:00:00+00:00,13297.443812425738
2022-03-20 08:00:00+00:00,13260.095339537222
2022-03-20 12:00:00+00:00,13223.608396360867
2022-03-20 16:00:00+00:00,13227.385819235738
2022-03-20 20:00:00+00:00,13212.216029105804
2022-03-21 00:00:00+00:00,13145.49361424162
2022-03-21 04:00:00+00:00,13101.77012618565
2022-03-21 08:00:00+00:00,13081.061485177739
2022-03-21 12:00:00+00:00,13072.062373360739
2022-03-21 16:00:00+00:00,13070.434585553776
2022-03-21 20:00:00+00:00,13097.817742350298
2022-03-22 00:00:00+00:00,13278.861923182014
2022-03-22 04:00:00+00:00,13274.177385751398
2022-03-22 08:00:00+00:00,13377.731593141325
2022-03-22 12:00:00+00:00,13323.25784461291
2022-03-22 16:00:00+00:00,13282.7989118434
2022-03-22 20:00:00+00:00,13293.800612588113
2022-03-23 00:00:00+00:00,13253.589590184803
2022-03-23 04:00:00+00:00,13258.401317774058
2022-03-23 08:00:00+00:00,13248.741289514603
2022-03-23 12:00:00+00:00,13327.330708847476
2022-03-23 16:00:00+00:00,13271.59481277529
2022-03-23 20:00:00+00:00,13365.381643563222
2022-03-24 00:00:00+00:00,13341.563288518875
2022-03-24 04:00:00+00:00,13392.047940158925
2022-03-24 08:00:00+00:00,13376.583100294421
2022-03-24 12:00:00+00:00,13520.128605017204
2022-03-24 16:00:00+00:00,13509.832122688336
2022-03-24 20:00:00+00:00,13521.113061131071
2022-03-25 00:00:00+00:00,13519.327427355332
2022-03-25 04:00:00+00:00,13510.81428121247
2022-03-25 08:00:00+00:00,13605.954169223565
2022-03-25 12:00:00+00:00,13572.176494649511
2022-03-25 16:00:00+00:00,13587.09282827057
2022-03-25 20:00:00+00:00,13567.333577542244
2022-03-26 00:00:00+00:00,13578.800683308096
2022-03-26 04:00:00+00:00,13594.947930652714
2022-03-26 08:00:00+00:00,13570.685137471291
2022-03-26 12:00:00+00:00,13549.911479462706
2022-03-26 16:00:00+00:00,13573.178993805868
2022-03-26 20:00:00+00:00,13597.973713195746
2022-03-27 00:00:00+00:00,13632.597076543872
2022-03-27 04:00:00+00:00,13637.471994059697
2022-03-27 08:00:00+00:00,13608.581986860652
2022-03-27 12:00:00+00:00,13658.825225452936
2022-03-27 16:00:00+00:00,13653.876743621187
2022-03-27 20:00:00+00:00,14022.113763324369
2022-03-28 00:00:00+00:00,14056.96532538062
2022-03-28 04:00:00+00:00,14047.680629181505
2022-03-28 08:00:00+00:00,14088.781819962804
2022-03-28 12:00:00+00:00,14114.331482278934
2022-03-28 16:00:00+00:00,14194.027994664606
2022-03-28 20:00:00+00:00,14069.576459224434
2022-03-29 00:00:00+00:00,14099.187785394866
2022-03-29 04:00:00+00:00,14099.450303741829
2022-03-29 08:00:00+00:00,14181.63331975266
2022-03-29 12:00:00+00:00,14112.359959725278
2022-03-29 16:00:00+00:00,14154.22618449764
2022-03-29 20:00:00+00:00,14110.871858337536
2022-03-30 00:00:00+00:00,14108.547626233023
2022-03-30 04:00:00+00:00,14103.09449345966
2022-03-30 08:00:00+00:00,14094.264260681633
2022-03-30 12:00:00+00:00,14069.030043183346
2022-03-30 16:00:00+00:00,14053.919691349904
2022-03-30 20:00:00+00:00,14052.640387674204
2022-03-31 00:00:00+00:00,14057.316184766674
2022-03-31 04:00:00+00:00,14065.402121102477
2022-03-31 08:00:00+00:00,14065.57480610683
2022-03-31 12:00:00+00:00,13949.104205394422
2022-03-31 16:00:00+00:00,13812.153428987936
2022-03-31 20:00:00+00:00,13815.977331721722
2022-04-01 00:00:00+00:00,13955.39387306396
2022-04-01 04:00:00+00:00,13896.160839323138
2022-04-01 08:00:00+00:00,13889.118759806743
2022-04-01 12:00:00+00:00,13668.46549567076
2022-04-01 16:00:00+00:00,13638.131737263184
2022-04-01 20:00:00+00:00,13626.954605208517
2022-04-02 00:00:00+00:00,13670.498536061154
2022-04-02 04:00:00+00:00,13669.152933090323
2022-04-02 08:00:00+00:00,13662.365393020296
2022-04-02 12:00:00+00:00,13626.418108317806
2022-04-02 16:00:00+00:00,13599.511688084125
2022-04-02 20:00:00+00:00,13635.486432989675
2022-04-03 00:00:00+00:00,13617.080914235356
2022-04-03 04:00:00+00:00,13555.536365574133
2022-04-03 08:00:00+00:00,13530.429705174447
2022-04-03 12:00:00+00:00,13553.640556845981
2022-04-03 16:00:00+00:00,13551.459438112865
2022-04-03 20:00:00+00:00,13552.082668343175
2022-04-04 00:00:00+00:00,13494.092635712723
2022-04-04 04:00:00+00:00,13517.87302402567
2022-04-04 08:00:00+00:00,13515.932402342787
2022-04-04 12:00:00+00:00,13439.420106011452
2022-04-04 16:00:00+00:00,13478.836024563308
2022-04-04 20:00:00+00:00,13475.539334248871
2022-04-05 00:00:00+00:00,13475.539334248871
2022-04-05 04:00:00+00:00,13475.539334248871
2022-04-05 08:00:00+00:00,13475.539334248871
2022-04-05 12:00:00+00:00,13475.539334248871
2022-04-05 16:00:00+00:00,13475.539334248871
2022-04-05 20:00:00+00:00,13475.539334248871
2022-04-06 00:00:00+00:00,13475.539334248871
2022-04-06 04:00:00+00:00,13475.539334248871
2022-04-06 08:00:00+00:00,13475.539334248871
2022-04-06 12:00:00+00:00,13475.539334248871
2022-04-06 16:00:00+00:00,13475.539334248871
2022-04-06 20:00:00+00:00,13549.10023761304
2022-04-07 00:00:00+00:00,13532.572244251998
2022-04-07 04:00:00+00:00,13516.637619751458
2022-04-07 08:00:00+00:00,13474.573845392806
2022-04-07 12:00:00+00:00,13532.294808264785
2022-04-07 16:00:00+00:00,13529.376807831204
2022-04-07 20:00:00+00:00,13529.376807831204
2022-04-08 00:00:00+00:00,13504.264489384399
2022-04-08 04:00:00+00:00,13481.934901516179
2022-04-08 08:00:00+00:00,13546.762087318517
2022-04-08 12:00:00+00:00,13497.347457666914
2022-04-08 16:00:00+00:00,13623.109524044305
2022-04-08 20:00:00+00:00,13688.101710246372
2022-04-09 00:00:00+00:00,13671.543258836102
2022-04-09 04:00:00+00:00,13656.65250303937
2022-04-09 08:00:00+00:00,13661.458909637824
2022-04-09 12:00:00+00:00,13689.184018274062
2022-04-09 16:00:00+00:00,13652.977328988181
2022-04-09 20:00:00+00:00,13617.021078746866
2022-04-10 00:00:00+00:00,13611.97704733739
2022-04-10 04:00:00+00:00,13635.693968538824
2022-04-10 08:00:00+00:00,13626.888849525596
2022-04-10 12:00:00+00:00,13617.322675708081
2022-04-10 16:00:00+00:00,13533.368378258248
2022-04-10 20:00:00+00:00,13714.997136965214
2022-04-11 00:00:00+00:00,13720.241001397624
2022-04-11 04:00:00+00:00,13692.327286927186
2022-04-11 08:00:00+00:00,13891.23938508209
2022-04-11 12:00:00+00:00,13965.026473843003
2022-04-11 16:00:00+00:00,14060.72897886246
2022-04-11 20:00:00+00:00,14129.231053692372
2022-04-12 00:00:00+00:00,14097.2515038347
2022-04-12 04:00:00+00:00,14032.798513756698
2022-04-12 08:00:00+00:00,14002.440188751965
2022-04-12 12:00:00+00:00,14031.227165108681
2022-04-12 16:00:00+00:00,14162.340816464824
2022-04-12 20:00:00+00:00,14048.372520132365
2022-04-13 00:00:00+00:00,14048.441115377394
2022-04-13 04:00:00+00:00,14041.0123616344
2022-04-13 08:00:00+00:00,14100.750278438161
2022-04-13 12:00:00+00:00,13889.90214102808
2022-04-13 16:00:00+00:00,13902.21885939637
2022-04-13 20:00:00+00:00,13890.335261395272
2022-04-14 00:00:00+00:00,13866.619261838563
2022-04-14 04:00:00+00:00,13874.804033249446
2022-04-14 08:00:00+00:00,13922.977756013797
2022-04-14 12:00:00+00:00,14066.387953452617
2022-04-14 16:00:00+00:00,14093.593483695173
2022-04-14 20:00:00+00:00,14069.920086949833
2022-04-15 00:00:00+00:00,14029.882738765675
2022-04-15 04:00:00+00:00,14022.985247568817
2022-04-15 08:00:00+00:00,14025.26038618704
2022-04-15 12:00:00+00:00,13995.698682010569
2022-04-15 16:00:00+00:00,14011.360424131202
2022-04-15 20:00:00+00:00,13975.539921878546
2022-04-16 00:00:00+00:00,13993.244715109277
2022-04-16 04:00:00+00:00,13999.831997639929
2022-04-16 08:00:00+00:00,13995.49071712153
2022-04-16 12:00:00+00:00,14058.287251751575
2022-04-16 16:00:00+00:00,14032.698606653781
2022-04-16 20:00:00+00:00,14002.022174028632
2022-04-17 00:00:00+00:00,14027.98202323215
2022-04-17 04:00:00+00:00,14017.631779674131
2022-04-17 08:00:00+00:00,13983.751154310316
2022-04-17 12:00:00+00:00,13979.957180675941
2022-04-17 16:00:00+00:00,13979.957180675941
2022-04-17 20:00:00+00:00,13979.957180675941
2022-04-18 00:00:00+00:00,13979.957180675941
2022-04-18 04:00:00+00:00,13979.957180675941
2022-04-18 08:00:00+00:00,13979.957180675941
2022-04-18 12:00:00+00:00,13979.957180675941
2022-04-18 16:00:00+00:00,13979.957180675941
2022-04-18 20:00:00+00:00,13979.957180675941
2022-04-19 00:00:00+00:00,13979.957180675941
2022-04-19 04:00:00+00:00,13979.957180675941
2022-04-19 08:00:00+00:00,13979.957180675941
2022-04-19 12:00:00+00:00,13979.957180675941
2022-04-19 16:00:00+00:00,13979.957180675941
2022-04-19 20:00:00+00:00,13964.860894509871
2022-04-20 00:00:00+00:00,13981.99742901074
2022-04-20 04:00:00+00:00,13989.894290582153
2022-04-20 08:00:00+00:00,13861.614014366884
2022-04-20 12:00:00+00:00,13999.573694883777
2022-04-20 16:00:00+00:00,14010.914364768392
2022-04-20 20:00:00+00:00,13986.488508388438
2022-04-21 00:00:00+00:00,13929.785401211251
2022-04-21 04:00:00+00:00,13903.322170941246
2022-04-21 08:00:00+00:00,13805.922808310344
2022-04-21 12:00:00+00:00,13852.160921186236
2022-04-21 16:00:00+00:00,13997.768266295521
2022-04-21 20:00:00+00:00,14116.215560675713
2022-04-22 00:00:00+00:00,14113.097677380903
2022-04-22 04:00:00+00:00,14080.709769935755
2022-04-22 08:00:00+00:00,14099.082902588983
2022-04-22 12:00:00+00:00,14272.374670213516
2022-04-22 16:00:00+00:00,14262.154033705914
2022-04-22 20:00:00+00:00,14233.843676235374
2022-04-23 00:00:00+00:00,14268.664705411751
2022-04-23 04:00:00+00:00,14247.236806201623
2022-04-23 08:00:00+00:00,14245.9089315417
2022-04-23 12:00:00+00:00,14217.128040908547
2022-04-23 16:00:00+00:00,14220.398257880854
2022-04-23 20:00:00+00:00,14274.743295844311
2022-04-24 00:00:00+00:00,14216.428944305546
2022-04-24 04:00:00+00:00,14220.552029705852
2022-04-24 08:00:00+00:00,14243.392467667609
2022-04-24 12:00:00+00:00,14234.302096091873
2022-04-24 16:00:00+00:00,14227.433970504162
2022-04-24 20:00:00+00:00,14270.667167780097
2022-04-25 00:00:00+00:00,14307.892193680165
2022-04-25 04:00:00+00:00,14449.102896826658
2022-04-25 08:00:00+00:00,14383.654929774362
2022-04-25 12:00:00+00:00,14356.91215563547
2022-04-25 16:00:00+00:00,14150.08342649451
2022-04-25 20:00:00+00:00,14117.91021101289
2022-04-26 00:00:00+00:00,14101.585423348834
2022-04-26 04:00:00+00:00,14093.117162495537
2022-04-26 08:00:00+00:00,14113.275690421213
2022-04-26 12:00:00+00:00,14423.395094708927
2022-04-26 16:00:00+00:00,14467.79169018173
2022-04-26 20:00:00+00:00,14490.716918031028
2022-04-27 00:00:00+00:00,14456.134803555206
2022-04-27 04:00:00+00:00,14347.081104416688
2022-04-27 08:00:00+00:00,14356.068598300133
2022-04-27 12:00:00+00:00,14357.25357107885
2022-04-27 16:00:00+00:00,14379.372856497313
2022-04-27 20:00:00+00:00,14325.393092545433
2022-04-28 00:00:00+00:00,14306.91703987557
2022-04-28 04:00:00+00:00,14302.13804309516
2022-04-28 08:00:00+00:00,14256.375865245223
2022-04-28 12:00:00+00:00,14292.512082460831
2022-04-28 16:00:00+00:00,14214.292989503943
2022-04-28 20:00:00+00:00,14248.03708371271
2022-04-29 00:00:00+00:00,14277.588733782153
2022-04-29 04:00:00+00:00,14269.62631672405
2022-04-29 08:00:00+00:00,14394.852878282914
2022-04-29 12:00:00+00:00,14358.272437183265
2022-04-29 16:00:00+00:00,14456.037222296973
2022-04-29 20:00:00+00:00,14418.75751798939
2022-04-30 00:00:00+00:00,14407.900762728934
2022-04-30 04:00:00+00:00,14408.805825337067
2022-04-30 08:00:00+00:00,14419.99074599982
2022-04-30 12:00:00+00:00,14440.306778807771
2022-04-30 16:00:00+00:00,14439.360397594754
2022-04-30 20:00:00+00:00,14580.076424258052
2022-05-01 00:00:00+00:00,14512.08354119497
2022-05-01 04:00:00+00:00,14524.841901729385
2022-05-01 08:00:00+00:00,14528.518406329938
2022-05-01 12:00:00+00:00,14431.943248447345
2022-05-01 16:00:00+00:00,14549.143666121758
2022-05-01 20:00:00+00:00,14439.431777503214
2022-05-02 00:00:00+00:00,14405.27672906155
2022-05-02 04:00:00+00:00,14369.579435650685
2022-05-02 08:00:00+00:00,14428.655424959741
2022-05-02 12:00:00+00:00,14399.283032947631
2022-05-02 16:00:00+00:00,14422.53339086441
2022-05-02 20:00:00+00:00,14426.687963550401
2022-05-03 00:00:00+00:00,14427.766222992852
2022-05-03 04:00:00+00:00,14422.70058736046
2022-05-03 08:00:00+00:00,14421.73996798277
2022-05-03 12:00:00+00:00,14462.326223894706
2022-05-03 16:00:00+00:00,14571.891548830816
2022-05-03 20:00:00+00:00,14570.793194299293
2022-05-04 00:00:00+00:00,14521.993311144013
2022-05-04 04:00:00+00:00,14402.492490181388
2022-05-04 08:00:00+00:00,14348.653238205052
2022-05-04 12:00:00+00:00,14351.789601494445
2022-05-04 16:00:00+00:00,14197.712691782526
2022-05-04 20:00:00+00:00,14225.210135021352
2022-05-05 00:00:00+00:00,14217.935407540635
2022-05-05 04:00:00+00:00,14242.813647116513
2022-05-05 08:00:00+00:00,14258.60916704819
2022-05-05 12:00:00+00:00,14732.59343564805
2022-05-05 16:00:00+00:00,14819.545341526513
2022-05-05 20:00:00+00:00,14785.35331865693
2022-05-06 00:00:00+00:00,14797.478433727665
2022-05-06 04:00:00+00:00,14808.961517609527
2022-05-06 08:00:00+00:00,14892.236509880895
2022-05-06 12:00:00+00:00,14860.9113495694
2022-05-06 16:00:00+00:00,14862.26383913489
2022-05-06 20:00:00+00:00,14860.115076212465
2022-05-07 00:00:00+00:00,14888.489605939218
2022-05-07 04:00:00+00:00,14872.949647691681
2022-05-07 08:00:00+00:00,14851.252842353153
2022-05-07 12:00:00+00:00,14866.266305702095
2022-05-07 16:00:00+00:00,14880.793461399651
2022-05-07 20:00:00+00:00,14947.688806061955
2022-05-08 00:00:00+00:00,15111.275779765903
2022-05-08 04:00:00+00:00,15092.380632571907
2022-05-08 08:00:00+00:00,15062.838868861076
2022-05-08 12:00:00+00:00,15131.453116078044
2022-05-08 16:00:00+00:00,15094.828634722377
2022-05-08 20:00:00+00:00,15183.355064688065
2022-05-09 00:00:00+00:00,15258.38433870517
2022-05-09 04:00:00+00:00,15267.34630843266
2022-05-09 08:00:00+00:00,15332.284443886398
2022-05-09 12:00:00+00:00,15452.005730257344
2022-05-09 16:00:00+00:00,15665.492105637479
2022-05-09 20:00:00+00:00,15785.509855573806
2022-05-10 00:00:00+00:00,15708.76176135193
2022-05-10 04:00:00+00:00,15588.550810502373
2022-05-10 08:00:00+00:00,15586.530882227475
2022-05-10 12:00:00+00:00,15622.980648887164
2022-05-10 16:00:00+00:00,15622.844753109175
2022-05-10 20:00:00+00:00,15659.489998680281
2022-05-11 00:00:00+00:00,15638.091549986399
2022-05-11 04:00:00+00:00,15705.86807054833
2022-05-11 08:00:00+00:00,15603.776826190715
2022-05-11 12:00:00+00:00,15661.999947494112
2022-05-11 16:00:00+00:00,15819.951957985855
2022-05-11 20:00:00+00:00,15847.28352694654
2022-05-12 00:00:00+00:00,15911.458416281268
2022-05-12 04:00:00+00:00,15932.309363614873
2022-05-12 08:00:00+00:00,15903.691620948412
2022-05-12 12:00:00+00:00,15855.188745293348
2022-05-12 16:00:00+00:00,15888.35301887746
2022-05-12 20:00:00+00:00,15854.736645737506
2022-05-13 00:00:00+00:00,15724.217470881322
2022-05-13 04:00:00+00:00,15756.251123395115
2022-05-13 08:00:00+00:00,15716.309633309369
2022-05-13 12:00:00+00:00,15743.957150035483
2022-05-13 16:00:00+00:00,15766.143023614648
2022-05-13 20:00:00+00:00,15837.037612395829
2022-05-14 00:00:00+00:00,15811.232023322458
2022-05-14 04:00:00+00:00,15824.994326381358
2022-05-14 08:00:00+00:00,15858.715450369606
2022-05-14 12:00:00+00:00,15883.422252864726
2022-05-14 16:00:00+00:00,15832.064661716277
2022-05-14 20:00:00+00:00,15756.92918675126
2022-05-15 00:00:00+00:00,15793.379666389777
2022-05-15 04:00:00+00:00,15783.627872605934
2022-05-15 08:00:00+00:00,15740.827890449675
2022-05-15 12:00:00+00:00,15764.132762314373
2022-05-15 16:00:00+00:00,15716.335145577801
2022-05-15 20:00:00+00:00,15620.8452719972
2022-05-16 00:00:00+00:00,15730.697335291912
2022-05-16 04:00:00+00:00,15811.572220786018
2022-05-16 08:00:00+00:00,15772.025716866548
2022-05-16 12:00:00+00:00,15802.268137154724
2022-05-16 16:00:00+00:00,15813.39446811041
2022-05-16 20:00:00+00:00,15779.567461665236
2022-05-17 00:00:00+00:00,15777.917688951155
2022-05-17 04:00:00+00:00,15777.917688951155
2022-05-17 08:00:00+00:00,15777.917688951155
2022-05-17 12:00:00+00:00,15777.917688951155
2022-05-17 16:00:00+00:00,15777.917688951155
2022-05-17 20:00:00+00:00,15777.917688951155
2022-05-18 00:00:00+00:00,15777.917688951155
2022-05-18 04:00:00+00:00,15777.917688951155
2022-05-18 08:00:00+00:00,15777.917688951155
2022-05-18 12:00:00+00:00,15777.917688951155
2022-05-18 16:00:00+00:00,15777.917688951155
2022-05-18 20:00:00+00:00,15777.917688951155
2022-05-19 00:00:00+00:00,15777.917688951155
2022-05-19 04:00:00+00:00,15777.917688951155
2022-05-19 08:00:00+00:00,15777.917688951155
2022-05-19 12:00:00+00:00,15777.917688951155
2022-05-19 16:00:00+00:00,15777.917688951155
2022-05-19 20:00:00+00:00,15777.917688951155
2022-05-20 00:00:00+00:00,15777.917688951155
2022-05-20 04:00:00+00:00,15777.917688951155
2022-05-20 08:00:00+00:00,15777.917688951155
2022-05-20 12:00:00+00:00,15777.917688951155
2022-05-20 16:00:00+00:00,15777.917688951155
2022-05-20 20:00:00+00:00,15777.917688951155
2022-05-21 00:00:00+00:00,15777.917688951155
2022-05-21 04:00:00+00:00,15777.917688951155
2022-05-21 08:00:00+00:00,15777.917688951155
2022-05-21 12:00:00+00:00,15777.917688951155
2022-05-21 16:00:00+00:00,15777.917688951155
2022-05-21 20:00:00+00:00,15777.917688951155
2022-05-22 00:00:00+00:00,15777.917688951155
2022-05-22 04:00:00+00:00,15777.917688951155
2022-05-22 08:00:00+00:00,15777.917688951155
2022-05-22 12:00:00+00:00,15777.917688951155
2022-05-22 16:00:00+00:00,15777.917688951155
2022-05-22 20:00:00+00:00,15777.917688951155
2022-05-23 00:00:00+00:00,15777.917688951155
2022-05-23 04:00:00+00:00,15777.917688951155
2022-05-23 08:00:00+00:00,15777.917688951155
2022-05-23 12:00:00+00:00,15777.917688951155
2022-05-23 16:00:00+00:00,15777.917688951155
2022-05-23 20:00:00+00:00,15777.917688951155
2022-05-24 00:00:00+00:00,15777.917688951155
2022-05-24 04:00:00+00:00,15777.917688951155
2022-05-24 08:00:00+00:00,15777.917688951155
2022-05-24 12:00:00+00:00,15777.917688951155
2022-05-24 16:00:00+00:00,15777.917688951155
2022-05-24 20:00:00+00:00,15777.917688951155
2022-05-25 00:00:00+00:00,15777.917688951155
2022-05-25 04:00:00+00:00,15777.917688951155
2022-05-25 08:00:00+00:00,15777.917688951155
2022-05-25 12:00:00+00:00,15777.917688951155
2022-05-25 16:00:00+00:00,15777.917688951155
2022-05-25 20:00:00+00:00,15777.917688951155
2022-05-26 00:00:00+00:00,15777.917688951155
2022-05-26 04:00:00+00:00,15777.917688951155
2022-05-26 08:00:00+00:00,15777.917688951155
2022-05-26 12:00:00+00:00,15777.917688951155
2022-05-26 16:00:00+00:00,15777.917688951155
2022-05-26 20:00:00+00:00,15777.917688951155
2022-05-27 00:00:00+00:00,15777.917688951155
2022-05-27 04:00:00+00:00,15780.421506353145
2022-05-27 08:00:00+00:00,15795.190491299167
2022-05-27 12:00:00+00:00,15808.044848208257
2022-05-27 16:00:00+00:00,15801.94677919563
2022-05-27 20:00:00+00:00,15848.570275081536
2022-05-28 00:00:00+00:00,15814.246958097245
2022-05-28 04:00:00+00:00,15801.278533226367
2022-05-28 08:00:00+00:00,15812.444110434968
2022-05-28 12:00:00+00:00,15779.34233197073
2022-05-28 16:00:00+00:00,15771.715587982291
2022-05-28 20:00:00+00:00,15770.477234936641
2022-05-29 00:00:00+00:00,15781.97705089821
2022-05-29 04:00:00+00:00,15774.83469763183
2022-05-29 08:00:00+00:00,15726.677648799545
2022-05-29 12:00:00+00:00,15724.995560243264
2022-05-29 16:00:00+00:00,15748.171329009749
2022-05-29 20:00:00+00:00,15663.926756413572
2022-05-30 00:00:00+00:00,15441.742396048543
2022-05-30 04:00:00+00:00,15377.397040620692
2022-05-30 08:00:00+00:00,15370.489711237336
2022-05-30 12:00:00+00:00,15379.847070259679
2022-05-30 16:00:00+00:00,15377.86970011121
2022-05-30 20:00:00+00:00,15126.459850570222
2022-05-31 00:00:00+00:00,15119.455734408253
2022-05-31 04:00:00+00:00,15158.465430188588
2022-05-31 08:00:00+00:00,15120.752593886698
2022-05-31 12:00:00+00:00,15117.500865133621
2022-05-31 16:00:00+00:00,15117.500865133621
2022-05-31 20:00:00+00:00,15149.553564236445
2022-06-01 00:00:00+00:00,15113.900146340207
2022-06-01 04:00:00+00:00,15084.418076932227
2022-06-01 08:00:00+00:00,15107.93282026584
2022-06-01 12:00:00+00:00,14923.490760521025
2022-06-01 16:00:00+00:00,14799.808623390174
2022-06-01 20:00:00+00:00,14855.226131763424
2022-06-02 00:00:00+00:00,14869.82383815192
2022-06-02 04:00:00+00:00,14824.621628566601
2022-06-02 08:00:00+00:00,14785.007586720942
2022-06-02 12:00:00+00:00,14777.722915853257
2022-06-02 16:00:00+00:00,14762.792290857378
2022-06-02 20:00:00+00:00,14759.885413647173
2022-06-03 00:00:00+00:00,14759.885413647173
2022-06-03 04:00:00+00:00,14759.885413647173
2022-06-03 08:00:00+00:00,14759.885413647173
2022-06-03 12:00:00+00:00,14759.885413647173
2022-06-03 16:00:00+00:00,14759.885413647173
2022-06-03 20:00:00+00:00,14759.885413647173
2022-06-04 00:00:00+00:00,14785.43671248463
2022-06-04 04:00:00+00:00,14754.443958616686
2022-06-04 08:00:00+00:00,14759.134978735277
2022-06-04 12:00:00+00:00,14721.148859688197
2022-06-04 16:00:00+00:00,14765.161090135725
2022-06-04 20:00:00+00:00,14718.274456842366
2022-06-05 00:00:00+00:00,14739.70346141954
2022-06-05 04:00:00+00:00,14769.33858373631
2022-06-05 08:00:00+00:00,14752.299695375828
2022-06-05 12:00:00+00:00,14687.515259428796
2022-06-05 16:00:00+00:00,14668.142482439322
2022-06-05 20:00:00+00:00,14699.705564980284
2022-06-06 00:00:00+00:00,14695.945024625553
2022-06-06 04:00:00+00:00,14695.945024625553
2022-06-06 08:00:00+00:00,14695.945024625553
2022-06-06 12:00:00+00:00,14695.945024625553
2022-06-06 16:00:00+00:00,14695.945024625553
2022-06-06 20:00:00+00:00,14668.03791257963
2022-06-07 00:00:00+00:00,14244.431974859406
2022-06-07 04:00:00+00:00,14233.93623878603
2022-06-07 08:00:00+00:00,14231.108705765324
2022-06-07 12:00:00+00:00,14231.108705765324
2022-06-07 16:00:00+00:00,14231.108705765324
2022-06-07 20:00:00+00:00,14231.108705765324
2022-06-08 00:00:00+00:00,14231.108705765324
2022-06-08 04:00:00+00:00,14231.108705765324
2022-06-08 08:00:00+00:00,14231.108705765324
2022-06-08 12:00:00+00:00,14231.108705765324
2022-06-08 16:00:00+00:00,14231.108705765324
2022-06-08 20:00:00+00:00,14231.108705765324
2022-06-09 00:00:00+00:00,14231.108705765324
2022-06-09 04:00:00+00:00,14231.108705765324
2022-06-09 08:00:00+00:00,14231.108705765324
2022-06-09 12:00:00+00:00,14231.108705765324
2022-06-09 16:00:00+00:00,14231.108705765324
2022-06-09 20:00:00+00:00,14231.108705765324
2022-06-10 00:00:00+00:00,14231.108705765324
2022-06-10 04:00:00+00:00,14231.108705765324
2022-06-10 08:00:00+00:00,14231.108705765324
2022-06-10 12:00:00+00:00,14231.108705765324
2022-06-10 16:00:00+00:00,14231.108705765324
2022-06-10 20:00:00+00:00,14231.108705765324
2022-06-11 00:00:00+00:00,14231.108705765324
2022-06-11 04:00:00+00:00,14231.108705765324
2022-06-11 08:00:00+00:00,14231.108705765324
2022-06-11 12:00:00+00:00,14231.108705765324
2022-06-11 16:00:00+00:00,14193.103370716784
2022-06-11 20:00:00+00:00,14223.680992103304
2022-06-12 00:00:00+00:00,14389.933751687113
2022-06-12 04:00:00+00:00,14373.332649906863
2022-06-12 08:00:00+00:00,14406.837864451267
2022-06-12 12:00:00+00:00,14289.914398722907
2022-06-12 16:00:00+00:00,14403.17285057306
2022-06-12 20:00:00+00:00,14545.441508230491
2022-06-13 00:00:00+00:00,14721.585704600855
2022-06-13 04:00:00+00:00,14827.316357446347
2022-06-13 08:00:00+00:00,14982.202178422598
2022-06-13 12:00:00+00:00,15046.50660158819
2022-06-13 16:00:00+00:00,15053.313298652285
2022-06-13 20:00:00+00:00,15147.548807974705
2022-06-14 00:00:00+00:00,15192.444571361793
2022-06-14 04:00:00+00:00,15103.966973496645
2022-06-14 08:00:00+00:00,15202.722883329243
2022-06-14 12:00:00+00:00,15125.499791193579
2022-06-14 16:00:00+00:00,15179.773522465404
2022-06-14 20:00:00+00:00,15186.49169527636
2022-06-15 00:00:00+00:00,15263.617464452313
2022-06-15 04:00:00+00:00,15347.82883137064
2022-06-15 08:00:00+00:00,15294.669034681487
2022-06-15 12:00:00+00:00,15266.586134836565
2022-06-15 16:00:00+00:00,15242.41566888536
2022-06-15 20:00:00+00:00,15139.23240335903
2022-06-16 00:00:00+00:00,15178.38334203841
2022-06-16 04:00:00+00:00,15226.621756159106
2022-06-16 08:00:00+00:00,15305.752831308035
2022-06-16 12:00:00+00:00,15301.424856684924
2022-06-16 16:00:00+00:00,15324.17127751947
2022-06-16 20:00:00+00:00,15378.20681425802
2022-06-17 00:00:00+00:00,15380.26014319954
2022-06-17 04:00:00+00:00,15296.666824229327
2022-06-17 08:00:00+00:00,15310.698366281229
2022-06-17 12:00:00+00:00,15347.145894046153
2022-06-17 16:00:00+00:00,15365.293325524028
2022-06-17 20:00:00+00:00,15371.408926595643
2022-06-18 00:00:00+00:00,15372.504747901483
2022-06-18 04:00:00+00:00,15531.202651144748
2022-06-18 08:00:00+00:00,15532.201752746483
2022-06-18 12:00:00+00:00,15569.574964756883
2022-06-18 16:00:00+00:00,15687.604936196134
2022-06-18 20:00:00+00:00,15568.281368916845
2022-06-19 00:00:00+00:00,15650.389507014008
2022-06-19 04:00:00+00:00,15650.670217309611
2022-06-19 08:00:00+00:00,15475.02191977373
2022-06-19 12:00:00+00:00,15459.40152956388
2022-06-19 16:00:00+00:00,15424.20234922721
2022-06-19 20:00:00+00:00,15370.057687166398
2022-06-20 00:00:00+00:00,15441.85842876978
2022-06-20 04:00:00+00:00,15428.581279098335
2022-06-20 08:00:00+00:00,15340.60475945488
2022-06-20 12:00:00+00:00,15337.59779904299
2022-06-20 16:00:00+00:00,15430.10479223555
2022-06-20 20:00:00+00:00,15367.71248321899
2022-06-21 00:00:00+00:00,15363.680520972976
2022-06-21 04:00:00+00:00,15299.694941319194
2022-06-21 08:00:00+00:00,15319.361427960013
2022-06-21 12:00:00+00:00,15263.818572717053
2022-06-21 16:00:00+00:00,15328.61992738533
2022-06-21 20:00:00+00:00,15350.36783240889
2022-06-22 00:00:00+00:00,15404.378737545227
2022-06-22 04:00:00+00:00,15434.193354305366
2022-06-22 08:00:00+00:00,15377.767608064623
2022-06-22 12:00:00+00:00,15436.753650955605
2022-06-22 16:00:00+00:00,15432.809653820446
2022-06-22 20:00:00+00:00,15450.670256311103
2022-06-23 00:00:00+00:00,15417.823931861552
2022-06-23 04:00:00+00:00,15382.33341048475
2022-06-23 08:00:00+00:00,15355.106793078878
2022-06-23 12:00:00+00:00,15353.596097546073
2022-06-23 16:00:00+00:00,15353.596097546073
2022-06-23 20:00:00+00:00,15353.596097546073
2022-06-24 00:00:00+00:00,15353.596097546073
2022-06-24 04:00:00+00:00,15353.596097546073
2022-06-24 08:00:00+00:00,15353.596097546073
2022-06-24 12:00:00+00:00,15353.596097546073
2022-06-24 16:00:00+00:00,15353.596097546073
2022-06-24 20:00:00+00:00,15353.596097546073
2022-06-25 00:00:00+00:00,15353.596097546073
2022-06-25 04:00:00+00:00,15353.596097546073
2022-06-25 08:00:00+00:00,15353.596097546073
2022-06-25 12:00:00+00:00,15353.596097546073
2022-06-25 16:00:00+00:00,15353.596097546073
2022-06-25 20:00:00+00:00,15353.596097546073
2022-06-26 00:00:00+00:00,15353.596097546073
2022-06-26 04:00:00+00:00,15353.596097546073
2022-06-26 08:00:00+00:00,15353.596097546073
2022-06-26 12:00:00+00:00,15353.596097546073
2022-06-26 16:00:00+00:00,15353.596097546073
2022-06-26 20:00:00+00:00,15353.596097546073
2022-06-27 00:00:00+00:00,15353.596097546073
2022-06-27 04:00:00+00:00,15353.596097546073
2022-06-27 08:00:00+00:00,15353.596097546073
2022-06-27 12:00:00+00:00,15353.596097546073
2022-06-27 16:00:00+00:00,15353.596097546073
2022-06-27 20:00:00+00:00,15353.596097546073
2022-06-28 00:00:00+00:00,15353.596097546073
2022-06-28 04:00:00+00:00,15353.596097546073
2022-06-28 08:00:00+00:00,15353.596097546073
2022-06-28 12:00:00+00:00,15353.596097546073
2022-06-28 16:00:00+00:00,15353.596097546073
2022-06-28 20:00:00+00:00,15353.596097546073
2022-06-29 00:00:00+00:00,15353.596097546073
2022-06-29 04:00:00+00:00,15353.596097546073
2022-06-29 08:00:00+00:00,15353.596097546073
2022-06-29 12:00:00+00:00,15353.596097546073
2022-06-29 16:00:00+00:00,15353.596097546073
2022-06-29 20:00:00+00:00,15353.596097546073
2022-06-30 00:00:00+00:00,15353.596097546073
2022-06-30 04:00:00+00:00,15353.596097546073
2022-06-30 08:00:00+00:00,15297.049352107515
2022-06-30 12:00:00+00:00,15281.857503806737
2022-06-30 16:00:00+00:00,15333.11218634186
2022-06-30 20:00:00+00:00,15086.243910629337
2022-07-01 00:00:00+00:00,15130.543858791149
2022-07-01 04:00:00+00:00,15162.016909036523
2022-07-01 08:00:00+00:00,15242.414837019638
2022-07-01 12:00:00+00:00,15222.081556046882
2022-07-01 16:00:00+00:00,15201.300669207381
2022-07-01 20:00:00+00:00,15223.718045809026
2022-07-02 00:00:00+00:00,15255.08865383021
2022-07-02 04:00:00+00:00,15255.451184216256
2022-07-02 08:00:00+00:00,15240.431792509931
2022-07-02 12:00:00+00:00,15233.343901325376
2022-07-02 16:00:00+00:00,15231.187091646001
2022-07-02 20:00:00+00:00,15231.187091646001
2022-07-03 00:00:00+00:00,15231.187091646001
2022-07-03 04:00:00+00:00,15231.187091646001
2022-07-03 08:00:00+00:00,15231.187091646001
2022-07-03 12:00:00+00:00,15231.187091646001
2022-07-03 16:00:00+00:00,15231.187091646001
2022-07-03 20:00:00+00:00,15231.187091646001
2022-07-04 00:00:00+00:00,15231.187091646001
2022-07-04 04:00:00+00:00,15231.187091646001
2022-07-04 08:00:00+00:00,15231.187091646001
2022-07-04 12:00:00+00:00,15231.187091646001
2022-07-04 16:00:00+00:00,15231.187091646001
2022-07-04 20:00:00+00:00,15231.187091646001
2022-07-05 00:00:00+00:00,15231.187091646001
2022-07-05 04:00:00+00:00,15231.187091646001
2022-07-05 08:00:00+00:00,15231.187091646001
2022-07-05 12:00:00+00:00,15231.187091646001
2022-07-05 16:00:00+00:00,15231.187091646001
2022-07-05 20:00:00+00:00,15231.187091646001
2022-07-06 00:00:00+00:00,15231.187091646001
2022-07-06 04:00:00+00:00,15231.187091646001
2022-07-06 08:00:00+00:00,15231.187091646001
2022-07-06 12:00:00+00:00,15231.187091646001
2022-07-06 16:00:00+00:00,15231.187091646001
2022-07-06 20:00:00+00:00,15231.187091646001
2022-07-07 00:00:00+00:00,15231.187091646001
2022-07-07 04:00:00+00:00,15231.187091646001
2022-07-07 08:00:00+00:00,15231.187091646001
2022-07-07 12:00:00+00:00,15231.187091646001
2022-07-07 16:00:00+00:00,15231.187091646001
2022-07-07 20:00:00+00:00,15231.187091646001
2022-07-08 00:00:00+00:00,15104.51589532913
2022-07-08 04:00:00+00:00,15179.81017982482
2022-07-08 08:00:00+00:00,15177.258814287721
2022-07-08 12:00:00+00:00,15177.258814287721
2022-07-08 16:00:00+00:00,15177.258814287721
2022-07-08 20:00:00+00:00,15126.804094068224
2022-07-09 00:00:00+00:00,15130.284911327304
2022-07-09 04:00:00+00:00,15138.988569453428
2022-07-09 08:00:00+00:00,15090.458356407264
2022-07-09 12:00:00+00:00,15113.835236666462
2022-07-09 16:00:00+00:00,15130.984836665713
2022-07-09 20:00:00+00:00,15123.168304659745
2022-07-10 00:00:00+00:00,15052.32163502228
2022-07-10 04:00:00+00:00,15062.158688635787
2022-07-10 08:00:00+00:00,15053.23786960634
2022-07-10 12:00:00+00:00,14951.851602727469
2022-07-10 16:00:00+00:00,14956.351268275275
2022-07-10 20:00:00+00:00,14965.844865113037
2022-07-11 00:00:00+00:00,14883.222052047626
2022-07-11 04:00:00+00:00,14905.386195195963
2022-07-11 08:00:00+00:00,14896.713871918484
2022-07-11 12:00:00+00:00,14905.665023527934
2022-07-11 16:00:00+00:00,14888.22952086346
2022-07-11 20:00:00+00:00,15029.11070493313
2022-07-12 00:00:00+00:00,15026.437841578832
2022-07-12 04:00:00+00:00,15026.437841578832
2022-07-12 08:00:00+00:00,15013.225802083889
2022-07-12 12:00:00+00:00,14983.634695674315
2022-07-12 16:00:00+00:00,15115.471425458589
2022-07-12 20:00:00+00:00,15131.059883676528
2022-07-13 00:00:00+00:00,15094.151399819766
2022-07-13 04:00:00+00:00,15031.065498081478
2022-07-13 08:00:00+00:00,14995.92563014662
2022-07-13 12:00:00+00:00,15099.706263946924
2022-07-13 16:00:00+00:00,15050.404260368105
2022-07-13 20:00:00+00:00,14915.765243951586
2022-07-14 00:00:00+00:00,14916.827482488314
2022-07-14 04:00:00+00:00,14970.294351405733
2022-07-14 08:00:00+00:00,15029.567488453216
2022-07-14 12:00:00+00:00,14876.904200737357
2022-07-14 16:00:00+00:00,14827.167621990102
2022-07-14 20:00:00+00:00,14832.39130870143
2022-07-15 00:00:00+00:00,14827.718454015863
2022-07-15 04:00:00+00:00,14778.379097369036
2022-07-15 08:00:00+00:00,14791.573414369686
2022-07-15 12:00:00+00:00,14786.818831533366
2022-07-15 16:00:00+00:00,14701.53964175714
2022-07-15 20:00:00+00:00,14699.167365817648
2022-07-16 00:00:00+00:00,14699.167365817648
2022-07-16 04:00:00+00:00,14699.167365817648
2022-07-16 08:00:00+00:00,14699.167365817648
2022-07-16 12:00:00+00:00,14699.167365817648
2022-07-16 16:00:00+00:00,14699.167365817648
2022-07-16 20:00:00+00:00,14699.167365817648
2022-07-17 00:00:00+00:00,14699.167365817648
2022-07-17 04:00:00+00:00,14699.167365817648
2022-07-17 08:00:00+00:00,14699.167365817648
2022-07-17 12:00:00+00:00,14699.167365817648
2022-07-17 16:00:00+00:00,14699.167365817648
2022-07-17 20:00:00+00:00,14699.167365817648
2022-07-18 00:00:00+00:00,14699.167365817648
2022-07-18 04:00:00+00:00,14699.167365817648
2022-07-18 08:00:00+00:00,14699.167365817648
2022-07-18 12:00:00+00:00,14699.167365817648
2022-07-18 16:00:00+00:00,14469.402865415168
2022-07-18 20:00:00+00:00,14627.255068304941
2022-07-19 00:00:00+00:00,14528.847089793508
2022-07-19 04:00:00+00:00,14504.543051975555
2022-07-19 08:00:00+00:00,14540.756435640393
2022-07-19 12:00:00+00:00,14745.740203814596
2022-07-19 16:00:00+00:00,14792.746176217994
2022-07-19 20:00:00+00:00,14791.789887626803
2022-07-20 00:00:00+00:00,14799.547308155281
2022-07-20 04:00:00+00:00,14789.76171546765
2022-07-20 08:00:00+00:00,14848.462017385951
2022-07-20 12:00:00+00:00,14923.654871024315
2022-07-20 16:00:00+00:00,14836.117856443854
2022-07-20 20:00:00+00:00,14762.775620779674
2022-07-21 00:00:00+00:00,14687.699704335186
2022-07-21 04:00:00+00:00,14712.71306718421
2022-07-21 08:00:00+00:00,14658.443648439385
2022-07-21 12:00:00+00:00,14663.157667714606
2022-07-21 16:00:00+00:00,14757.487232366233
2022-07-21 20:00:00+00:00,14749.110430211435
2022-07-22 00:00:00+00:00,14706.44608664537
2022-07-22 04:00:00+00:00,14742.772708978864
2022-07-22 08:00:00+00:00,14830.11427009606
2022-07-22 12:00:00+00:00,14773.38935213154
2022-07-22 16:00:00+00:00,14645.089103764423
2022-07-22 20:00:00+00:00,14661.981538247512
2022-07-23 00:00:00+00:00,14683.601023204104
2022-07-23 04:00:00+00:00,14677.555598160288
2022-07-23 08:00:00+00:00,14575.239729182149
2022-07-23 12:00:00+00:00,14574.080861697845
2022-07-23 16:00:00+00:00,14563.20911286771
2022-07-23 20:00:00+00:00,14529.91974987002
2022-07-24 00:00:00+00:00,14552.479151789606
2022-07-24 04:00:00+00:00,14478.929238291741
2022-07-24 08:00:00+00:00,14476.697370228274
2022-07-24 12:00:00+00:00,14476.697370228274
2022-07-24 16:00:00+00:00,14476.697370228274
2022-07-24 20:00:00+00:00,14476.697370228274
2022-07-25 00:00:00+00:00,14476.697370228274
2022-07-25 04:00:00+00:00,14476.697370228274
2022-07-25 08:00:00+00:00,14476.697370228274
2022-07-25 12:00:00+00:00,14476.697370228274
2022-07-25 16:00:00+00:00,14476.697370228274
2022-07-25 20:00:00+00:00,14476.697370228274
2022-07-26 00:00:00+00:00,14476.697370228274
2022-07-26 04:00:00+00:00,14476.697370228274
2022-07-26 08:00:00+00:00,14476.697370228274
2022-07-26 12:00:00+00:00,14476.697370228274
2022-07-26 16:00:00+00:00,14499.204472972055
2022-07-26 20:00:00+00:00,14497.726248148481
2022-07-27 00:00:00+00:00,14497.726248148481
2022-07-27 04:00:00+00:00,14497.726248148481
2022-07-27 08:00:00+00:00,14497.726248148481
2022-07-27 12:00:00+00:00,14419.587125059747
2022-07-27 16:00:00+00:00,14126.563149449637
2022-07-27 20:00:00+00:00,14124.086558890378
2022-07-28 00:00:00+00:00,14124.086558890378
2022-07-28 04:00:00+00:00,14079.845567723649
2022-07-28 08:00:00+00:00,14117.588002601084
2022-07-28 12:00:00+00:00,14248.136213704978
2022-07-28 16:00:00+00:00,14257.299940663876
2022-07-28 20:00:00+00:00,14266.131904309728
2022-07-29 00:00:00+00:00,14279.217061652791
2022-07-29 04:00:00+00:00,14285.605438405704
2022-07-29 08:00:00+00:00,14241.393093633784
2022-07-29 12:00:00+00:00,14297.515597222671
2022-07-29 16:00:00+00:00,14275.223676889958
2022-07-29 20:00:00+00:00,14252.100216852788
2022-07-30 00:00:00+00:00,14257.428948998897
2022-07-30 04:00:00+00:00,14271.24722631773
2022-07-30 08:00:00+00:00,14288.500351895671
2022-07-30 12:00:00+00:00,14407.194352863211
2022-07-30 16:00:00+00:00,14281.644152187013
2022-07-30 20:00:00+00:00,14224.586758774836
2022-07-31 00:00:00+00:00,14244.445328041691
2022-07-31 04:00:00+00:00,14238.83326035138
2022-07-31 08:00:00+00:00,14255.665814132462
2022-07-31 12:00:00+00:00,14250.4442781996
2022-07-31 16:00:00+00:00,14265.040313573361
2022-07-31 20:00:00+00:00,14150.52100360431
2022-08-01 00:00:00+00:00,14165.638935344774
2022-08-01 04:00:00+00:00,14154.31626003465
2022-08-01 08:00:00+00:00,14132.730957126256
2022-08-01 12:00:00+00:00,14154.205387309494
2022-08-01 16:00:00+00:00,14073.820617772824
2022-08-01 20:00:00+00:00,14140.92383722468
2022-08-02 00:00:00+00:00,14051.589983375789
2022-08-02 04:00:00+00:00,14057.859319993571
2022-08-02 08:00:00+00:00,14056.547801573599
2022-08-02 12:00:00+00:00,14076.447346770674
2022-08-02 16:00:00+00:00,14070.14954829232
2022-08-02 20:00:00+00:00,14078.671312524466
2022-08-03 00:00:00+00:00,14051.423016302408
2022-08-03 04:00:00+00:00,14079.74701336037
2022-08-03 08:00:00+00:00,14174.120342669878
2022-08-03 12:00:00+00:00,14163.765759103024
2022-08-03 16:00:00+00:00,14187.230161336403
2022-08-03 20:00:00+00:00,14035.753321694012
2022-08-04 00:00:00+00:00,14098.688842512658
2022-08-04 04:00:00+00:00,14065.113896934863
2022-08-04 08:00:00+00:00,14050.748435444726
2022-08-04 12:00:00+00:00,14035.645778262715
2022-08-04 16:00:00+00:00,14032.973302677603
2022-08-04 20:00:00+00:00,14032.973302677603
2022-08-05 00:00:00+00:00,14032.973302677603
2022-08-05 04:00:00+00:00,14032.973302677603
2022-08-05 08:00:00+00:00,14032.973302677603
2022-08-05 12:00:00+00:00,14032.973302677603
2022-08-05 16:00:00+00:00,14032.973302677603
2022-08-05 20:00:00+00:00,14032.973302677603
2022-08-06 00:00:00+00:00,14032.973302677603
2022-08-06 04:00:00+00:00,14032.973302677603
2022-08-06 08:00:00+00:00,14032.973302677603
2022-08-06 12:00:00+00:00,14032.973302677603
2022-08-06 16:00:00+00:00,14032.973302677603
2022-08-06 20:00:00+00:00,14032.973302677603
2022-08-07 00:00:00+00:00,14032.973302677603
2022-08-07 04:00:00+00:00,14032.973302677603
2022-08-07 08:00:00+00:00,14032.973302677603
2022-08-07 12:00:00+00:00,14032.973302677603
2022-08-07 16:00:00+00:00,14032.973302677603
2022-08-07 20:00:00+00:00,14032.973302677603
2022-08-08 00:00:00+00:00,14032.973302677603
2022-08-08 04:00:00+00:00,14032.973302677603
2022-08-08 08:00:00+00:00,14032.973302677603
2022-08-08 12:00:00+00:00,14032.973302677603
2022-08-08 16:00:00+00:00,14032.973302677603
2022-08-08 20:00:00+00:00,14032.973302677603
2022-08-09 00:00:00+00:00,14032.973302677603
2022-08-09 04:00:00+00:00,14032.973302677603
2022-08-09 08:00:00+00:00,14032.973302677603
2022-08-09 12:00:00+00:00,14032.973302677603
2022-08-09 16:00:00+00:00,14032.973302677603
2022-08-09 20:00:00+00:00,14032.973302677603
2022-08-10 00:00:00+00:00,14032.973302677603
2022-08-10 04:00:00+00:00,14032.973302677603
2022-08-10 08:00:00+00:00,14032.973302677603
2022-08-10 12:00:00+00:00,14032.973302677603
2022-08-10 16:00:00+00:00,14032.973302677603
2022-08-10 20:00:00+00:00,14032.973302677603
2022-08-11 00:00:00+00:00,14032.973302677603
2022-08-11 04:00:00+00:00,14032.973302677603
2022-08-11 08:00:00+00:00,14032.973302677603
2022-08-11 12:00:00+00:00,13976.06309761157
2022-08-11 16:00:00+00:00,13945.484019437708
2022-08-11 20:00:00+00:00,13872.18390763521
2022-08-12 00:00:00+00:00,13891.2464132159
2022-08-12 04:00:00+00:00,13879.23006149308
2022-08-12 08:00:00+00:00,13806.499908688704
2022-08-12 12:00:00+00:00,13881.34994651171
2022-08-12 16:00:00+00:00,13930.366449414756
2022-08-12 20:00:00+00:00,13987.58351325544
2022-08-13 00:00:00+00:00,14089.54026387018
2022-08-13 04:00:00+00:00,14033.388308267771
2022-08-13 08:00:00+00:00,13996.976226378467
2022-08-13 12:00:00+00:00,14016.401795578862
2022-08-13 16:00:00+00:00,13986.96129485989
2022-08-13 20:00:00+00:00,13997.421867390356
2022-08-14 00:00:00+00:00,14030.999511264716
2022-08-14 04:00:00+00:00,14116.518915161842
2022-08-14 08:00:00+00:00,14032.53151731353
2022-08-14 12:00:00+00:00,14021.227104264583
2022-08-14 16:00:00+00:00,13955.694416696184
2022-08-14 20:00:00+00:00,13961.171819320216
2022-08-15 00:00:00+00:00,14116.856051791663
2022-08-15 04:00:00+00:00,13899.523080021736
2022-08-15 08:00:00+00:00,13905.299200375759
2022-08-15 12:00:00+00:00,13946.29822556692
2022-08-15 16:00:00+00:00,13889.365261056337
2022-08-15 20:00:00+00:00,13916.472787203696
2022-08-16 00:00:00+00:00,13913.25440315633
2022-08-16 04:00:00+00:00,13908.740330899836
2022-08-16 08:00:00+00:00,13902.108049059692
2022-08-16 12:00:00+00:00,13866.634198458694
2022-08-16 16:00:00+00:00,13852.475010299855
2022-08-16 20:00:00+00:00,13871.700849772446
2022-08-17 00:00:00+00:00,13831.824095453352
2022-08-17 04:00:00+00:00,13828.747676495921
2022-08-17 08:00:00+00:00,13828.747676495921
2022-08-17 12:00:00+00:00,13828.747676495921
2022-08-17 16:00:00+00:00,13828.747676495921
2022-08-17 20:00:00+00:00,13828.747676495921
2022-08-18 00:00:00+00:00,13828.747676495921
2022-08-18 04:00:00+00:00,13828.747676495921
2022-08-18 08:00:00+00:00,13828.747676495921
2022-08-18 12:00:00+00:00,13828.747676495921
2022-08-18 16:00:00+00:00,13828.747676495921
2022-08-18 20:00:00+00:00,13828.747676495921
2022-08-19 00:00:00+00:00,13828.747676495921
2022-08-19 04:00:00+00:00,13664.708561581994
2022-08-19 08:00:00+00:00,13595.130738787597
2022-08-19 12:00:00+00:00,13593.41620395658
2022-08-19 16:00:00+00:00,13574.793326570463
2022-08-19 20:00:00+00:00,13686.451551949154
2022-08-20 00:00:00+00:00,13616.130493051012
2022-08-20 04:00:00+00:00,13577.522129021881
2022-08-20 08:00:00+00:00,13594.718296809628
2022-08-20 12:00:00+00:00,13577.364136583275
2022-08-20 16:00:00+00:00,13654.40323760272
2022-08-20 20:00:00+00:00,13617.730557149987
2022-08-21 00:00:00+00:00,13600.197755140895
2022-08-21 04:00:00+00:00,13589.14455985744
2022-08-21 08:00:00+00:00,13518.34676335327
2022-08-21 12:00:00+00:00,13545.842964693884
2022-08-21 16:00:00+00:00,13521.685175364895
2022-08-21 20:00:00+00:00,13519.792436093632
2022-08-22 00:00:00+00:00,13545.243675862255
2022-08-22 04:00:00+00:00,13630.95364970219
2022-08-22 08:00:00+00:00,13590.39071108532
2022-08-22 12:00:00+00:00,13550.707129136812
2022-08-22 16:00:00+00:00,13641.338914003212
2022-08-22 20:00:00+00:00,13552.966405019844
2022-08-23 00:00:00+00:00,13593.652165855165
2022-08-23 04:00:00+00:00,13575.469951572662
2022-08-23 08:00:00+00:00,13536.704690457349
2022-08-23 12:00:00+00:00,13532.343312929204
2022-08-23 16:00:00+00:00,13518.549789437506
2022-08-23 20:00:00+00:00,13516.944129103498
2022-08-24 00:00:00+00:00,13590.149050466182
2022-08-24 04:00:00+00:00,13575.64459823286
2022-08-24 08:00:00+00:00,13541.700686632073
2022-08-24 12:00:00+00:00,13490.568331666464
2022-08-24 16:00:00+00:00,13464.418064693293
2022-08-24 20:00:00+00:00,13562.282718956885
2022-08-25 00:00:00+00:00,13531.804032198877
2022-08-25 04:00:00+00:00,13453.720954471046
2022-08-25 08:00:00+00:00,13459.259990285136
2022-08-25 12:00:00+00:00,13505.135819123367
2022-08-25 16:00:00+00:00,13494.333054666833
2022-08-25 20:00:00+00:00,13508.130058278966
2022-08-26 00:00:00+00:00,13509.888097290937
2022-08-26 04:00:00+00:00,13542.528206260424
2022-08-26 08:00:00+00:00,13625.605312976575
2022-08-26 12:00:00+00:00,13754.599618559852
2022-08-26 16:00:00+00:00,13791.416684659533
2022-08-26 20:00:00+00:00,13905.096661895212
2022-08-27 00:00:00+00:00,13915.328641778147
2022-08-27 04:00:00+00:00,13897.24739385727
2022-08-27 08:00:00+00:00,13912.513413817718
2022-08-27 12:00:00+00:00,13979.055489099848
2022-08-27 16:00:00+00:00,13967.116844433054
2022-08-27 20:00:00+00:00,13962.246991522097
2022-08-28 00:00:00+00:00,13975.302617070041
2022-08-28 04:00:00+00:00,13955.564350093739
2022-08-28 08:00:00+00:00,13961.983983155707
2022-08-28 12:00:00+00:00,13966.419831077954
2022-08-28 16:00:00+00:00,13980.497198936207
2022-08-28 20:00:00+00:00,14114.8320594358
2022-08-29 00:00:00+00:00,14016.49377427916
2022-08-29 04:00:00+00:00,14006.921128412481
2022-08-29 08:00:00+00:00,14029.506732510192
2022-08-29 12:00:00+00:00,13886.655070648734
2022-08-29 16:00:00+00:00,13935.577483402496
2022-08-29 20:00:00+00:00,13878.060997633165
2022-08-30 00:00:00+00:00,13882.510147697634
2022-08-30 04:00:00+00:00,13830.607084658155
2022-08-30 08:00:00+00:00,13839.125924345839
2022-08-30 12:00:00+00:00,14051.795880990156
2022-08-30 16:00:00+00:00,13991.632958240045
2022-08-30 20:00:00+00:00,14031.338344194148
2022-08-31 00:00:00+00:00,13854.633762462501
2022-08-31 04:00:00+00:00,13895.686264745656
2022-08-31 08:00:00+00:00,13878.719362130805
2022-08-31 12:00:00+00:00,13929.986601009157
2022-08-31 16:00:00+00:00,13905.576891450743
2022-08-31 20:00:00+00:00,13954.548290720344
2022-09-01 00:00:00+00:00,13961.974857016012
2022-09-01 04:00:00+00:00,13999.2156945092
2022-09-01 08:00:00+00:00,13949.231414181453
2022-09-01 12:00:00+00:00,14031.111473048497
2022-09-01 16:00:00+00:00,14007.904375138838
2022-09-01 20:00:00+00:00,13932.273639509369
2022-09-02 00:00:00+00:00,13925.933370733348
2022-09-02 04:00:00+00:00,13938.690619256757
2022-09-02 08:00:00+00:00,13944.205882500662
2022-09-02 12:00:00+00:00,13866.008354971944
2022-09-02 16:00:00+00:00,13996.845644003584
2022-09-02 20:00:00+00:00,13984.797177707045
2022-09-03 00:00:00+00:00,13999.524365694842
2022-09-03 04:00:00+00:00,14024.051348619332
2022-09-03 08:00:00+00:00,14030.143560021408
2022-09-03 12:00:00+00:00,14038.139774854379
2022-09-03 16:00:00+00:00,14057.968431561549
2022-09-03 20:00:00+00:00,14019.036324455814
2022-09-04 00:00:00+00:00,14037.40288188853
2022-09-04 04:00:00+00:00,14088.627396942655
2022-09-04 08:00:00+00:00,14009.256708245595
2022-09-04 12:00:00+00:00,14030.94733712306
2022-09-04 16:00:00+00:00,13998.793192251587
2022-09-04 20:00:00+00:00,13955.859082715713
2022-09-05 00:00:00+00:00,14000.014511014919
2022-09-05 04:00:00+00:00,14048.156815554974
2022-09-05 08:00:00+00:00,14065.510870846227
2022-09-05 12:00:00+00:00,14006.850594075266
2022-09-05 16:00:00+00:00,14003.148457792659
2022-09-05 20:00:00+00:00,14003.148457792659
2022-09-06 00:00:00+00:00,14003.148457792659
2022-09-06 04:00:00+00:00,14003.148457792659
2022-09-06 08:00:00+00:00,14003.148457792659
2022-09-06 12:00:00+00:00,14003.148457792659
2022-09-06 16:00:00+00:00,14003.148457792659
2022-09-06 20:00:00+00:00,13994.4817387714
2022-09-07 00:00:00+00:00,13985.409163899329
2022-09-07 04:00:00+00:00,13996.760118601685
2022-09-07 08:00:00+00:00,14012.083472966218
2022-09-07 12:00:00+00:00,13967.425489449168
2022-09-07 16:00:00+00:00,13927.59393757179
2022-09-07 20:00:00+00:00,13826.769415035325
2022-09-08 00:00:00+00:00,13851.718334960382
2022-09-08 04:00:00+00:00,13866.353565268833
2022-09-08 08:00:00+00:00,13821.296622513579
2022-09-08 12:00:00+00:00,13841.749241218628
2022-09-08 16:00:00+00:00,13809.160562652003
2022-09-08 20:00:00+00:00,13819.710208699062
2022-09-09 00:00:00+00:00,13816.545659101024
2022-09-09 04:00:00+00:00,13816.545659101024
2022-09-09 08:00:00+00:00,13816.545659101024
2022-09-09 12:00:00+00:00,13816.545659101024
2022-09-09 16:00:00+00:00,13808.185189969687
2022-09-09 20:00:00+00:00,13787.973166539776
2022-09-10 00:00:00+00:00,13804.365821961304
2022-09-10 04:00:00+00:00,13809.829237031066
2022-09-10 08:00:00+00:00,13809.236605408547
2022-09-10 12:00:00+00:00,13806.268557866564
2022-09-10 16:00:00+00:00,13806.268557866564
2022-09-10 20:00:00+00:00,13823.338450317779
2022-09-11 00:00:00+00:00,13793.905251027323
2022-09-11 04:00:00+00:00,13811.870065066252
2022-09-11 08:00:00+00:00,13811.787244292822
2022-09-11 12:00:00+00:00,13821.257709011878
2022-09-11 16:00:00+00:00,13813.77581645827
2022-09-11 20:00:00+00:00,13876.522362085161
2022-09-12 00:00:00+00:00,13824.934987912466
2022-09-12 04:00:00+00:00,13971.851909808493
2022-09-12 08:00:00+00:00,14003.921541530757
2022-09-12 12:00:00+00:00,13951.574890980177
2022-09-12 16:00:00+00:00,14032.731795757483
2022-09-12 20:00:00+00:00,14025.025750525543
2022-09-13 00:00:00+00:00,13981.021615887905
2022-09-13 04:00:00+00:00,13992.340436595556
2022-09-13 08:00:00+00:00,14057.872666253366
2022-09-13 12:00:00+00:00,13612.627255020445
2022-09-13 16:00:00+00:00,13723.651017545411
2022-09-13 20:00:00+00:00,13745.721056902425
2022-09-14 00:00:00+00:00,13715.102756891816
2022-09-14 04:00:00+00:00,13730.799988212997
2022-09-14 08:00:00+00:00,13733.994699705909
2022-09-14 12:00:00+00:00,13745.3316038492
2022-09-14 16:00:00+00:00,13794.57150670854
2022-09-14 20:00:00+00:00,13735.00482356315
2022-09-15 00:00:00+00:00,13777.04681012346
2022-09-15 04:00:00+00:00,13738.906755334201
2022-09-15 08:00:00+00:00,13750.951709149742
2022-09-15 12:00:00+00:00,13748.782148646387
2022-09-15 16:00:00+00:00,13748.782148646387
2022-09-15 20:00:00+00:00,13748.782148646387
2022-09-16 00:00:00+00:00,13736.346126239589
2022-09-16 04:00:00+00:00,13738.087316346548
2022-09-16 08:00:00+00:00,13708.550070530475
2022-09-16 12:00:00+00:00,13757.186930377246
2022-09-16 16:00:00+00:00,13768.645357440866
2022-09-16 20:00:00+00:00,13723.473888697701
2022-09-17 00:00:00+00:00,13703.139840162929
2022-09-17 04:00:00+00:00,13713.34978707682
2022-09-17 08:00:00+00:00,13722.028252602066
2022-09-17 12:00:00+00:00,13681.767585424242
2022-09-17 16:00:00+00:00,13668.43315995423
2022-09-17 20:00:00+00:00,13640.817374397837
2022-09-18 00:00:00+00:00,13672.113586687528
2022-09-18 04:00:00+00:00,13657.585327356923
2022-09-18 08:00:00+00:00,13695.251257011145
2022-09-18 12:00:00+00:00,13728.0975233176
2022-09-18 16:00:00+00:00,13754.889266205115
2022-09-18 20:00:00+00:00,13848.507256634039
2022-09-19 00:00:00+00:00,14039.930203738233
2022-09-19 04:00:00+00:00,14126.433969543526
2022-09-19 08:00:00+00:00,14067.34559454751
2022-09-19 12:00:00+00:00,13958.987443402351
2022-09-19 16:00:00+00:00,13847.345344381903
2022-09-19 20:00:00+00:00,13841.426238177686
2022-09-20 00:00:00+00:00,13885.56087838497
2022-09-20 04:00:00+00:00,13886.46782417301
2022-09-20 08:00:00+00:00,13921.960970865495
2022-09-20 12:00:00+00:00,13917.83686368077
2022-09-20 16:00:00+00:00,13978.782896662746
2022-09-20 20:00:00+00:00,14008.039674144184
2022-09-21 00:00:00+00:00,13971.766949094288
2022-09-21 04:00:00+00:00,13990.452625381331
2022-09-21 08:00:00+00:00,13934.255739565517
2022-09-21 12:00:00+00:00,13927.255891972853
2022-09-21 16:00:00+00:00,13977.15905903835
2022-09-21 20:00:00+00:00,14096.806470514652
2022-09-22 00:00:00+00:00,14047.470200666898
2022-09-22 04:00:00+00:00,13995.15102171528
2022-09-22 08:00:00+00:00,13931.210978252988
2022-09-22 12:00:00+00:00,13983.995677234085
2022-09-22 16:00:00+00:00,13913.332127481659
2022-09-22 20:00:00+00:00,13894.798634404628
2022-09-23 00:00:00+00:00,13896.865434604942
2022-09-23 04:00:00+00:00,13933.356361989032
2022-09-23 08:00:00+00:00,14014.064016123268
2022-09-23 12:00:00+00:00,14047.764087241634
2022-09-23 16:00:00+00:00,14026.453208835681
2022-09-23 20:00:00+00:00,13916.656440944871
2022-09-24 00:00:00+00:00,13953.988076000767
2022-09-24 04:00:00+00:00,13983.00718246452
2022-09-24 08:00:00+00:00,13969.285032934336
2022-09-24 12:00:00+00:00,13952.303568416532
2022-09-24 16:00:00+00:00,13957.941718637
2022-09-24 20:00:00+00:00,14004.123213751955
2022-09-25 00:00:00+00:00,13969.840982238571
2022-09-25 04:00:00+00:00,13957.904244303234
2022-09-25 08:00:00+00:00,13952.915442405498
2022-09-25 12:00:00+00:00,13950.324091019902
2022-09-25 16:00:00+00:00,13950.324091019902
2022-09-25 20:00:00+00:00,13950.324091019902
2022-09-26 00:00:00+00:00,13950.324091019902
2022-09-26 04:00:00+00:00,13950.324091019902
2022-09-26 08:00:00+00:00,13950.324091019902
2022-09-26 12:00:00+00:00,13950.324091019902
2022-09-26 16:00:00+00:00,13950.324091019902
2022-09-26 20:00:00+00:00,13950.324091019902
2022-09-27 00:00:00+00:00,13950.324091019902
2022-09-27 04:00:00+00:00,13950.324091019902
2022-09-27 08:00:00+00:00,13950.324091019902
2022-09-27 12:00:00+00:00,13950.324091019902
2022-09-27 16:00:00+00:00,13950.324091019902
2022-09-27 20:00:00+00:00,13950.324091019902
2022-09-28 00:00:00+00:00,13950.324091019902
2022-09-28 04:00:00+00:00,13950.324091019902
2022-09-28 08:00:00+00:00,13950.324091019902
2022-09-28 12:00:00+00:00,13950.324091019902
2022-09-28 16:00:00+00:00,13950.324091019902
2022-09-28 20:00:00+00:00,13950.324091019902
2022-09-29 00:00:00+00:00,13950.324091019902
2022-09-29 04:00:00+00:00,13950.324091019902
2022-09-29 08:00:00+00:00,13950.324091019902
2022-09-29 12:00:00+00:00,13950.324091019902
2022-09-29 16:00:00+00:00,13950.324091019902
2022-09-29 20:00:00+00:00,13950.324091019902
2022-09-30 00:00:00+00:00,13950.324091019902
2022-09-30 04:00:00+00:00,13950.324091019902
2022-09-30 08:00:00+00:00,13950.324091019902
2022-09-30 12:00:00+00:00,13950.324091019902
2022-09-30 16:00:00+00:00,13950.324091019902
2022-09-30 20:00:00+00:00,13950.324091019902
2022-10-01 00:00:00+00:00,13950.324091019902
2022-10-01 04:00:00+00:00,13950.324091019902
2022-10-01 08:00:00+00:00,13950.324091019902
2022-10-01 12:00:00+00:00,13950.324091019902
2022-10-01 16:00:00+00:00,13950.324091019902
2022-10-01 20:00:00+00:00,13950.324091019902
2022-10-02 00:00:00+00:00,13950.324091019902
2022-10-02 04:00:00+00:00,13950.324091019902
2022-10-02 08:00:00+00:00,13950.324091019902
2022-10-02 12:00:00+00:00,13950.324091019902
2022-10-02 16:00:00+00:00,13950.324091019902
2022-10-02 20:00:00+00:00,13950.324091019902
2022-10-03 00:00:00+00:00,13950.324091019902
2022-10-03 04:00:00+00:00,13950.324091019902
2022-10-03 08:00:00+00:00,13950.324091019902
2022-10-03 12:00:00+00:00,13950.324091019902
2022-10-03 16:00:00+00:00,13950.324091019902
2022-10-03 20:00:00+00:00,13950.324091019902
2022-10-04 00:00:00+00:00,13950.324091019902
2022-10-04 04:00:00+00:00,13950.324091019902
2022-10-04 08:00:00+00:00,13950.324091019902
2022-10-04 12:00:00+00:00,13950.324091019902
2022-10-04 16:00:00+00:00,13950.324091019902
2022-10-04 20:00:00+00:00,13950.324091019902
2022-10-05 00:00:00+00:00,13950.324091019902
2022-10-05 04:00:00+00:00,13950.324091019902
2022-10-05 08:00:00+00:00,13882.65523048567
2022-10-05 12:00:00+00:00,13872.234321235595
2022-10-05 16:00:00+00:00,13910.19448513877
2022-10-05 20:00:00+00:00,13922.32585302293
2022-10-06 00:00:00+00:00,13986.20672381178
2022-10-06 04:00:00+00:00,13942.526485965469
2022-10-06 08:00:00+00:00,13949.566006863999
2022-10-06 12:00:00+00:00,13870.325752508907
2022-10-06 16:00:00+00:00,13870.043308214064
2022-10-06 20:00:00+00:00,13852.995542045239
2022-10-07 00:00:00+00:00,13859.611689167648
2022-10-07 04:00:00+00:00,13839.131172268653
2022-10-07 08:00:00+00:00,13807.27087339252
2022-10-07 12:00:00+00:00,13956.76762023418
2022-10-07 16:00:00+00:00,13998.652677476735
2022-10-07 20:00:00+00:00,13975.183601268685
2022-10-08 00:00:00+00:00,13984.636036192147
2022-10-08 04:00:00+00:00,13986.242190012435
2022-10-08 08:00:00+00:00,13973.11884014901
2022-10-08 12:00:00+00:00,13990.740394733097
2022-10-08 16:00:00+00:00,13998.818246376712
2022-10-08 20:00:00+00:00,14020.699749697424
2022-10-09 00:00:00+00:00,14040.616143696207
2022-10-09 04:00:00+00:00,14023.635649281636
2022-10-09 08:00:00+00:00,14019.585180003309
2022-10-09 12:00:00+00:00,14019.585180003309
2022-10-09 16:00:00+00:00,14019.585180003309
2022-10-09 20:00:00+00:00,14019.585180003309
2022-10-10 00:00:00+00:00,14019.585180003309
2022-10-10 04:00:00+00:00,14019.585180003309
2022-10-10 08:00:00+00:00,14019.585180003309
2022-10-10 12:00:00+00:00,14044.256733558806
2022-10-10 16:00:00+00:00,14072.283105927125
2022-10-10 20:00:00+00:00,14110.62284005119
2022-10-11 00:00:00+00:00,14151.036664197329
2022-10-11 04:00:00+00:00,14134.21766971097
2022-10-11 08:00:00+00:00,14098.630039546622
2022-10-11 12:00:00+00:00,14104.607003437815
2022-10-11 16:00:00+00:00,14174.540013802807
2022-10-11 20:00:00+00:00,14144.451568636832
2022-10-12 00:00:00+00:00,14151.77298438208
2022-10-12 04:00:00+00:00,14120.72855779164
2022-10-12 08:00:00+00:00,14119.695435295056
2022-10-12 12:00:00+00:00,14107.518931885563
2022-10-12 16:00:00+00:00,14107.52102210491
2022-10-12 20:00:00+00:00,14099.291209169092
2022-10-13 00:00:00+00:00,14135.598688356873
2022-10-13 04:00:00+00:00,14178.840695806308
2022-10-13 08:00:00+00:00,14318.597060982676
2022-10-13 12:00:00+00:00,14214.525619978627
2022-10-13 16:00:00+00:00,14042.005795342578
2022-10-13 20:00:00+00:00,14040.064720242863
2022-10-14 00:00:00+00:00,13867.286620029654
2022-10-14 04:00:00+00:00,13930.097849480615
2022-10-14 08:00:00+00:00,13947.197618218474
2022-10-14 12:00:00+00:00,14034.327497939656
2022-10-14 16:00:00+00:00,14103.383047824289
2022-10-14 20:00:00+00:00,14101.701535947745
2022-10-15 00:00:00+00:00,14092.351170999118
2022-10-15 04:00:00+00:00,14104.24151339535
2022-10-15 08:00:00+00:00,14103.688952893563
2022-10-15 12:00:00+00:00,14120.221642757131
2022-10-15 16:00:00+00:00,14131.931926311627
2022-10-15 20:00:00+00:00,14145.291053190125
2022-10-16 00:00:00+00:00,14123.211772680337
2022-10-16 04:00:00+00:00,14117.3372716909
2022-10-16 08:00:00+00:00,14111.36573136559
2022-10-16 12:00:00+00:00,14105.543300835458
2022-10-16 16:00:00+00:00,13996.089336434468
2022-10-16 20:00:00+00:00,14053.332767166701
2022-10-17 00:00:00+00:00,14088.149787354901
2022-10-17 04:00:00+00:00,14036.457690812947
2022-10-17 08:00:00+00:00,13954.674137534652
2022-10-17 12:00:00+00:00,13920.435896027702
2022-10-17 16:00:00+00:00,13923.46856372248
2022-10-17 20:00:00+00:00,13913.173087289722
2022-10-18 00:00:00+00:00,13914.391932562812
2022-10-18 04:00:00+00:00,13856.89915685279
2022-10-18 08:00:00+00:00,13907.473312469003
2022-10-18 12:00:00+00:00,13902.575001922974
2022-10-18 16:00:00+00:00,13902.575001922974
2022-10-18 20:00:00+00:00,13902.575001922974
2022-10-19 00:00:00+00:00,13902.575001922974
2022-10-19 04:00:00+00:00,13929.070672359057
2022-10-19 08:00:00+00:00,13937.963227880287
2022-10-19 12:00:00+00:00,13905.504229612887
2022-10-19 16:00:00+00:00,13923.823383529896
2022-10-19 20:00:00+00:00,13975.619990197965
2022-10-20 00:00:00+00:00,14017.602421141852
2022-10-20 04:00:00+00:00,13966.580557381949
2022-10-20 08:00:00+00:00,13937.198897660248
2022-10-20 12:00:00+00:00,13914.653189825593
2022-10-20 16:00:00+00:00,14007.718738599977
2022-10-20 20:00:00+00:00,14017.861074913471
2022-10-21 00:00:00+00:00,14013.69803306655
2022-10-21 04:00:00+00:00,14025.918669064557
2022-10-21 08:00:00+00:00,14070.070238225393
2022-10-21 12:00:00+00:00,13952.436924869191
2022-10-21 16:00:00+00:00,13942.430017716059
2022-10-21 20:00:00+00:00,13955.814797885856
2022-10-22 00:00:00+00:00,13960.461625912218
2022-10-22 04:00:00+00:00,13953.49852787688
2022-10-22 08:00:00+00:00,13946.907148054695
2022-10-22 12:00:00+00:00,13916.423086864623
2022-10-22 16:00:00+00:00,13943.649701222568
2022-10-22 20:00:00+00:00,13932.045912042284
2022-10-23 00:00:00+00:00,13936.009777620642
2022-10-23 04:00:00+00:00,13958.839276930474
2022-10-23 08:00:00+00:00,13964.930442403887
2022-10-23 12:00:00+00:00,13939.379749835234
2022-10-23 16:00:00+00:00,13735.458352150594
2022-10-23 20:00:00+00:00,13693.58513073057
2022-10-24 00:00:00+00:00,13798.954853714731
2022-10-24 04:00:00+00:00,13836.841488682045
2022-10-24 08:00:00+00:00,13782.66121828966
2022-10-24 12:00:00+00:00,13853.831516325426
2022-10-24 16:00:00+00:00,13828.54544760158
2022-10-24 20:00:00+00:00,13823.029858677646
2022-10-25 00:00:00+00:00,13823.029858677646
2022-10-25 04:00:00+00:00,13823.029858677646
2022-10-25 08:00:00+00:00,13823.029858677646
2022-10-25 12:00:00+00:00,13823.029858677646
2022-10-25 16:00:00+00:00,13823.029858677646
2022-10-25 20:00:00+00:00,13721.579595211488
2022-10-26 00:00:00+00:00,13801.42141803081
2022-10-26 04:00:00+00:00,13846.080667142061
2022-10-26 08:00:00+00:00,13968.443177669906
2022-10-26 12:00:00+00:00,14074.169008909557
2022-10-26 16:00:00+00:00,14040.32607924259
2022-10-26 20:00:00+00:00,14041.784364140742
2022-10-27 00:00:00+00:00,14036.116993105275
2022-10-27 04:00:00+00:00,14019.811792186454
2022-10-27 08:00:00+00:00,13983.29519085311
2022-10-27 12:00:00+00:00,13959.527195942457
2022-10-27 16:00:00+00:00,13985.317600110777
2022-10-27 20:00:00+00:00,13851.187226603506
2022-10-28 00:00:00+00:00,13850.612302477288
2022-10-28 04:00:00+00:00,13767.061563046975
2022-10-28 08:00:00+00:00,13803.054868712283
2022-10-28 12:00:00+00:00,13924.448675506603
2022-10-28 16:00:00+00:00,13970.290104640584
2022-10-28 20:00:00+00:00,13964.92390143791
2022-10-29 00:00:00+00:00,14025.864344560494
2022-10-29 04:00:00+00:00,14033.595479266854
2022-10-29 08:00:00+00:00,14003.314803909014
2022-10-29 12:00:00+00:00,14087.110334991985
2022-10-29 16:00:00+00:00,14054.284184704944
2022-10-29 20:00:00+00:00,14042.738807470658
2022-10-30 00:00:00+00:00,14031.733000821763
2022-10-30 04:00:00+00:00,14061.133628911522
2022-10-30 08:00:00+00:00,14027.819535826215
2022-10-30 12:00:00+00:00,13990.73597098056
2022-10-30 16:00:00+00:00,13977.91396415983
2022-10-30 20:00:00+00:00,13968.881392721147
2022-10-31 00:00:00+00:00,13924.112036151198
2022-10-31 04:00:00+00:00,13936.205268884929
2022-10-31 08:00:00+00:00,14014.044001954086
2022-10-31 12:00:00+00:00,13876.94650826516
2022-10-31 16:00:00+00:00,13864.42661189203
2022-10-31 20:00:00+00:00,13912.7748575838
2022-11-01 00:00:00+00:00,13908.32522628001
2022-11-01 04:00:00+00:00,13956.971964505965
2022-11-01 08:00:00+00:00,13924.311685749926
2022-11-01 12:00:00+00:00,13892.425659627133
2022-11-01 16:00:00+00:00,13893.563199520415
2022-11-01 20:00:00+00:00,13907.79728351081
2022-11-02 00:00:00+00:00,13924.447434247446
2022-11-02 04:00:00+00:00,13880.591238644438
2022-11-02 08:00:00+00:00,13884.464541117351
2022-11-02 12:00:00+00:00,13874.057817324201
2022-11-02 16:00:00+00:00,13798.826485318994
2022-11-02 20:00:00+00:00,13755.834100295595
2022-11-03 00:00:00+00:00,13822.725045697032
2022-11-03 04:00:00+00:00,13820.291271664415
2022-11-03 08:00:00+00:00,13746.356147739936
2022-11-03 12:00:00+00:00,13796.238570719592
2022-11-03 16:00:00+00:00,13801.001217281178
2022-11-03 20:00:00+00:00,13777.462984772192
2022-11-04 00:00:00+00:00,13825.698046837191
2022-11-04 04:00:00+00:00,13959.474143500353
2022-11-04 08:00:00+00:00,13934.250922693349
2022-11-04 12:00:00+00:00,14062.252591607818
2022-11-04 16:00:00+00:00,14167.244823445704
2022-11-04 20:00:00+00:00,14182.73346733714
2022-11-05 00:00:00+00:00,14300.34236183812
2022-11-05 04:00:00+00:00,14276.165961210165
2022-11-05 08:00:00+00:00,14284.105220063602
2022-11-05 12:00:00+00:00,14241.110679780737
2022-11-05 16:00:00+00:00,14253.21671910022
2022-11-05 20:00:00+00:00,14239.692551584852
2022-11-06 00:00:00+00:00,14211.806229765114
2022-11-06 04:00:00+00:00,14193.649735710072
2022-11-06 08:00:00+00:00,14220.252919866527
2022-11-06 12:00:00+00:00,14213.995705542062
2022-11-06 16:00:00+00:00,14191.011338427279
2022-11-06 20:00:00+00:00,14052.977802543517
2022-11-07 00:00:00+00:00,14055.548477794187
2022-11-07 04:00:00+00:00,13926.523078620068
2022-11-07 08:00:00+00:00,13874.784995407172
2022-11-07 12:00:00+00:00,13860.579923806552
2022-11-07 16:00:00+00:00,13825.221071436956
2022-11-07 20:00:00+00:00,13941.013725903018
2022-11-08 00:00:00+00:00,14128.495341741535
2022-11-08 04:00:00+00:00,14272.758100718442
2022-11-08 08:00:00+00:00,14307.564553711316
2022-11-08 12:00:00+00:00,14372.587043824664
2022-11-08 16:00:00+00:00,14829.140805138835
2022-11-08 20:00:00+00:00,14825.542025364835
2022-11-09 00:00:00+00:00,14874.007215922207
2022-11-09 04:00:00+00:00,14891.213733815897
2022-11-09 08:00:00+00:00,14986.604919697473
2022-11-09 12:00:00+00:00,15136.909437129734
2022-11-09 16:00:00+00:00,15203.92983454689
2022-11-09 20:00:00+00:00,15375.11645864259
2022-11-10 00:00:00+00:00,15287.600379952297
2022-11-10 04:00:00+00:00,15216.515777385855
2022-11-10 08:00:00+00:00,15276.77270951843
2022-11-10 12:00:00+00:00,15067.903791906083
2022-11-10 16:00:00+00:00,15084.319699247242
2022-11-10 20:00:00+00:00,15059.810411942854
2022-11-11 00:00:00+00:00,15145.743159236157
2022-11-11 04:00:00+00:00,15090.07022823806
2022-11-11 08:00:00+00:00,15099.17920619563
2022-11-11 12:00:00+00:00,15178.871950094834
2022-11-11 16:00:00+00:00,15182.220952682823
2022-11-11 20:00:00+00:00,15146.715146691766
2022-11-12 00:00:00+00:00,15173.144802631825
2022-11-12 04:00:00+00:00,15187.999225681451
2022-11-12 08:00:00+00:00,15179.466455129503
2022-11-12 12:00:00+00:00,15167.582069196034
2022-11-12 16:00:00+00:00,15175.14607495843
2022-11-12 20:00:00+00:00,15190.22813682474
2022-11-13 00:00:00+00:00,15170.265078321872
2022-11-13 04:00:00+00:00,15199.385170592212
2022-11-13 08:00:00+00:00,15223.161361064247
2022-11-13 12:00:00+00:00,15241.091393973786
2022-11-13 16:00:00+00:00,15245.772212453525
2022-11-13 20:00:00+00:00,15297.863621817143
2022-11-14 00:00:00+00:00,15342.484568687625
2022-11-14 04:00:00+00:00,15182.251625458506
2022-11-14 08:00:00+00:00,15197.72774825243
2022-11-14 12:00:00+00:00,15233.099630240342
2022-11-14 16:00:00+00:00,15306.79320286739
2022-11-14 20:00:00+00:00,15227.501080620594
2022-11-15 00:00:00+00:00,15182.753586168124
2022-11-15 04:00:00+00:00,15176.95165608589
2022-11-15 08:00:00+00:00,15189.825716053225
2022-11-15 12:00:00+00:00,15143.022352725264
2022-11-15 16:00:00+00:00,15173.260372871897
2022-11-15 20:00:00+00:00,15163.744878493433
2022-11-16 00:00:00+00:00,15146.03702208133
2022-11-16 04:00:00+00:00,15181.66932635621
2022-11-16 08:00:00+00:00,15211.730621310418
2022-11-16 12:00:00+00:00,15282.331107900034
2022-11-16 16:00:00+00:00,15249.27294134067
2022-11-16 20:00:00+00:00,15221.54269777464
2022-11-17 00:00:00+00:00,15257.733104722922
2022-11-17 04:00:00+00:00,15234.004721965506
2022-11-17 08:00:00+00:00,15237.76087413151
2022-11-17 12:00:00+00:00,15255.699032450537
2022-11-17 16:00:00+00:00,15229.237830306276
2022-11-17 20:00:00+00:00,15208.634947139934
2022-11-18 00:00:00+00:00,15156.989651013982
2022-11-18 04:00:00+00:00,15190.323168150875
2022-11-18 08:00:00+00:00,15189.017618462292
2022-11-18 12:00:00+00:00,15208.068890611392
2022-11-18 16:00:00+00:00,15205.266850681302
2022-11-18 20:00:00+00:00,15205.266850681302
2022-11-19 00:00:00+00:00,15205.266850681302
2022-11-19 04:00:00+00:00,15205.266850681302
2022-11-19 08:00:00+00:00,15205.266850681302
2022-11-19 12:00:00+00:00,15205.266850681302
2022-11-19 16:00:00+00:00,15205.266850681302
2022-11-19 20:00:00+00:00,15205.266850681302
2022-11-20 00:00:00+00:00,15205.266850681302
2022-11-20 04:00:00+00:00,15205.266850681302
2022-11-20 08:00:00+00:00,15205.266850681302
2022-11-20 12:00:00+00:00,15205.266850681302
2022-11-20 16:00:00+00:00,15205.266850681302
2022-11-20 20:00:00+00:00,15205.266850681302
2022-11-21 00:00:00+00:00,15205.266850681302
2022-11-21 04:00:00+00:00,15205.266850681302
2022-11-21 08:00:00+00:00,15205.266850681302
2022-11-21 12:00:00+00:00,15205.266850681302
2022-11-21 16:00:00+00:00,15387.02393405902
2022-11-21 20:00:00+00:00,15360.847697560052
2022-11-22 00:00:00+00:00,15332.010625581459
2022-11-22 04:00:00+00:00,15368.038174899148
2022-11-22 08:00:00+00:00,15373.461686554398
2022-11-22 12:00:00+00:00,15162.785022260592
2022-11-22 16:00:00+00:00,15191.863371700634
2022-11-22 20:00:00+00:00,15167.780420449742
2022-11-23 00:00:00+00:00,15022.516363519488
2022-11-23 04:00:00+00:00,15024.468424778695
2022-11-23 08:00:00+00:00,15023.458851929
2022-11-23 12:00:00+00:00,15088.451169728745
2022-11-23 16:00:00+00:00,15067.642235636953
2022-11-23 20:00:00+00:00,15016.226510688992
2022-11-24 00:00:00+00:00,14973.681165664399
2022-11-24 04:00:00+00:00,15009.291246015735
2022-11-24 08:00:00+00:00,15028.548435272305
2022-11-24 12:00:00+00:00,15036.101723076525
2022-11-24 16:00:00+00:00,15027.854439711995
2022-11-24 20:00:00+00:00,15017.510167930122
2022-11-25 00:00:00+00:00,15013.876096203849
2022-11-25 04:00:00+00:00,15013.876096203849
2022-11-25 08:00:00+00:00,15013.876096203849
2022-11-25 12:00:00+00:00,15013.876096203849
2022-11-25 16:00:00+00:00,15013.876096203849
2022-11-25 20:00:00+00:00,15013.876096203849
2022-11-26 00:00:00+00:00,15013.876096203849
2022-11-26 04:00:00+00:00,15013.876096203849
2022-11-26 08:00:00+00:00,15013.876096203849
2022-11-26 12:00:00+00:00,15013.876096203849
2022-11-26 16:00:00+00:00,15013.876096203849
2022-11-26 20:00:00+00:00,15013.876096203849
2022-11-27 00:00:00+00:00,15013.876096203849
2022-11-27 04:00:00+00:00,15013.876096203849
2022-11-27 08:00:00+00:00,15013.876096203849
2022-11-27 12:00:00+00:00,15013.876096203849
2022-11-27 16:00:00+00:00,15013.876096203849
2022-11-27 20:00:00+00:00,15013.876096203849
2022-11-28 00:00:00+00:00,15013.876096203849
2022-11-28 04:00:00+00:00,15013.876096203849
2022-11-28 08:00:00+00:00,15013.876096203849
2022-11-28 12:00:00+00:00,15013.876096203849
2022-11-28 16:00:00+00:00,15013.876096203849
2022-11-28 20:00:00+00:00,15013.876096203849
2022-11-29 00:00:00+00:00,15013.876096203849
2022-11-29 04:00:00+00:00,14903.797645690905
2022-11-29 08:00:00+00:00,14885.113681194895
2022-11-29 12:00:00+00:00,14945.88945457646
2022-11-29 16:00:00+00:00,14926.48677957964
2022-11-29 20:00:00+00:00,14917.414427353378
2022-11-30 00:00:00+00:00,14670.534368156907
2022-11-30 04:00:00+00:00,14650.157409098185
2022-11-30 08:00:00+00:00,14651.877091596823
2022-11-30 12:00:00+00:00,14659.926750356073
2022-11-30 16:00:00+00:00,14550.09023911381
2022-11-30 20:00:00+00:00,14495.862067350772
2022-12-01 00:00:00+00:00,14500.943626013557
2022-12-01 04:00:00+00:00,14544.21232824706
2022-12-01 08:00:00+00:00,14524.849963471685
2022-12-01 12:00:00+00:00,14595.640755325638
2022-12-01 16:00:00+00:00,14609.425938611093
2022-12-01 20:00:00+00:00,14595.708023598927
2022-12-02 00:00:00+00:00,14638.602394905562
2022-12-02 04:00:00+00:00,14633.912252892724
2022-12-02 08:00:00+00:00,14633.912252892724
2022-12-02 12:00:00+00:00,14633.912252892724
2022-12-02 16:00:00+00:00,14633.912252892724
2022-12-02 20:00:00+00:00,14633.912252892724
2022-12-03 00:00:00+00:00,14587.246879649105
2022-12-03 04:00:00+00:00,14553.376314643609
2022-12-03 08:00:00+00:00,14543.069608782384
2022-12-03 12:00:00+00:00,14552.325996928072
2022-12-03 16:00:00+00:00,14545.682320331214
2022-12-03 20:00:00+00:00,14502.19266385863
2022-12-04 00:00:00+00:00,14549.796428517495
2022-12-04 04:00:00+00:00,14573.958523022628
2022-12-04 08:00:00+00:00,14539.543633898435
2022-12-04 12:00:00+00:00,14596.413043655431
2022-12-04 16:00:00+00:00,14633.663485656609
2022-12-04 20:00:00+00:00,14648.510833587727
2022-12-05 00:00:00+00:00,14710.379751477974
2022-12-05 04:00:00+00:00,14785.545616776812
2022-12-05 08:00:00+00:00,14784.948141322375
2022-12-05 12:00:00+00:00,14633.400915090288
2022-12-05 16:00:00+00:00,14535.035272673576
2022-12-05 20:00:00+00:00,14500.759568212921
2022-12-06 00:00:00+00:00,14477.61244100233
2022-12-06 04:00:00+00:00,14465.803048102714
2022-12-06 08:00:00+00:00,14452.791193564804
2022-12-06 12:00:00+00:00,14452.942168589721
2022-12-06 16:00:00+00:00,14445.340221990436
2022-12-06 20:00:00+00:00,14439.658084269538
2022-12-07 00:00:00+00:00,14439.658084269538
2022-12-07 04:00:00+00:00,14439.658084269538
2022-12-07 08:00:00+00:00,14439.658084269538
2022-12-07 12:00:00+00:00,14439.658084269538
2022-12-07 16:00:00+00:00,14439.658084269538
2022-12-07 20:00:00+00:00,14439.658084269538
2022-12-08 00:00:00+00:00,14439.658084269538
2022-12-08 04:00:00+00:00,14439.658084269538
2022-12-08 08:00:00+00:00,14439.658084269538
2022-12-08 12:00:00+00:00,14439.658084269538
2022-12-08 16:00:00+00:00,14439.658084269538
2022-12-08 20:00:00+00:00,14439.658084269538
2022-12-09 00:00:00+00:00,14439.658084269538
2022-12-09 04:00:00+00:00,14439.658084269538
2022-12-09 08:00:00+00:00,14439.658084269538
2022-12-09 12:00:00+00:00,14439.658084269538
2022-12-09 16:00:00+00:00,14439.658084269538
2022-12-09 20:00:00+00:00,14439.658084269538
2022-12-10 00:00:00+00:00,14439.658084269538
2022-12-10 04:00:00+00:00,14439.658084269538
2022-12-10 08:00:00+00:00,14439.658084269538
2022-12-10 12:00:00+00:00,14439.658084269538
2022-12-10 16:00:00+00:00,14439.658084269538
2022-12-10 20:00:00+00:00,14439.658084269538
2022-12-11 00:00:00+00:00,14439.658084269538
2022-12-11 04:00:00+00:00,14439.658084269538
2022-12-11 08:00:00+00:00,14439.658084269538
2022-12-11 12:00:00+00:00,14439.658084269538
2022-12-11 16:00:00+00:00,14439.658084269538
2022-12-11 20:00:00+00:00,14439.658084269538
2022-12-12 00:00:00+00:00,14439.658084269538
2022-12-12 04:00:00+00:00,14439.658084269538
2022-12-12 08:00:00+00:00,14439.658084269538
2022-12-12 12:00:00+00:00,14439.658084269538
2022-12-12 16:00:00+00:00,14439.658084269538
2022-12-12 20:00:00+00:00,14439.658084269538
2022-12-13 00:00:00+00:00,14439.658084269538
2022-12-13 04:00:00+00:00,14439.658084269538
2022-12-13 08:00:00+00:00,14439.658084269538
2022-12-13 12:00:00+00:00,14439.658084269538
2022-12-13 16:00:00+00:00,14439.658084269538
2022-12-13 20:00:00+00:00,14439.658084269538
2022-12-14 00:00:00+00:00,14436.021235776234
2022-12-14 04:00:00+00:00,14452.969666136432
2022-12-14 08:00:00+00:00,14463.387416969776
2022-12-14 12:00:00+00:00,14630.230719170246
2022-12-14 16:00:00+00:00,14443.905339598366
2022-12-14 20:00:00+00:00,14451.373053102889
2022-12-15 00:00:00+00:00,14405.04995517197
2022-12-15 04:00:00+00:00,14383.300185503096
2022-12-15 08:00:00+00:00,14397.086152367374
2022-12-15 12:00:00+00:00,14228.203302008696
2022-12-15 16:00:00+00:00,14233.523743270816
2022-12-15 20:00:00+00:00,14187.015026495525
2022-12-16 00:00:00+00:00,14223.819199549895
2022-12-16 04:00:00+00:00,14268.23219194893
2022-12-16 08:00:00+00:00,13990.820379457964
2022-12-16 12:00:00+00:00,14010.470590848303
2022-12-16 16:00:00+00:00,14064.063611764816
2022-12-16 20:00:00+00:00,14181.279907813363
2022-12-17 00:00:00+00:00,14160.173545355354
2022-12-17 04:00:00+00:00,14125.474395555684
2022-12-17 08:00:00+00:00,14144.770058230422
2022-12-17 12:00:00+00:00,14148.894846395819
2022-12-17 16:00:00+00:00,14144.585085516146
2022-12-17 20:00:00+00:00,14144.585085516146
2022-12-18 00:00:00+00:00,14158.117508260957
2022-12-18 04:00:00+00:00,14156.022814149545
2022-12-18 08:00:00+00:00,14178.93122309761
2022-12-18 12:00:00+00:00,14194.496800211444
2022-12-18 16:00:00+00:00,14150.849761866311
2022-12-18 20:00:00+00:00,14160.46314789715
2022-12-19 00:00:00+00:00,14197.265405685548
2022-12-19 04:00:00+00:00,14171.328333089281
2022-12-19 08:00:00+00:00,14164.466206524647
2022-12-19 12:00:00+00:00,14207.805075982586
2022-12-19 16:00:00+00:00,14283.924552806608
2022-12-19 20:00:00+00:00,14365.527950456719
2022-12-20 00:00:00+00:00,14183.964131235534
2022-12-20 04:00:00+00:00,14139.250617198995
2022-12-20 08:00:00+00:00,14134.133951427973
2022-12-20 12:00:00+00:00,14072.686451401705
2022-12-20 16:00:00+00:00,14081.702070902309
2022-12-20 20:00:00+00:00,14085.826950288054
2022-12-21 00:00:00+00:00,14118.701339336438
2022-12-21 04:00:00+00:00,14113.88995302558
2022-12-21 08:00:00+00:00,14113.88995302558
2022-12-21 12:00:00+00:00,14113.88995302558
2022-12-21 16:00:00+00:00,14113.88995302558
2022-12-21 20:00:00+00:00,14113.88995302558
2022-12-22 00:00:00+00:00,14113.88995302558
2022-12-22 04:00:00+00:00,14113.88995302558
2022-12-22 08:00:00+00:00,14113.88995302558
2022-12-22 12:00:00+00:00,14113.88995302558
2022-12-22 16:00:00+00:00,14113.88995302558
2022-12-22 20:00:00+00:00,14113.88995302558
2022-12-23 00:00:00+00:00,14113.88995302558
2022-12-23 04:00:00+00:00,14113.88995302558
2022-12-23 08:00:00+00:00,14113.88995302558
2022-12-23 12:00:00+00:00,14113.88995302558
2022-12-23 16:00:00+00:00,14113.88995302558
2022-12-23 20:00:00+00:00,14113.88995302558
2022-12-24 00:00:00+00:00,14113.88995302558
2022-12-24 04:00:00+00:00,14113.88995302558
2022-12-24 08:00:00+00:00,14113.88995302558
2022-12-24 12:00:00+00:00,14113.88995302558
2022-12-24 16:00:00+00:00,14113.88995302558
2022-12-24 20:00:00+00:00,14113.88995302558
2022-12-25 00:00:00+00:00,14113.88995302558
2022-12-25 04:00:00+00:00,14113.88995302558
2022-12-25 08:00:00+00:00,14113.88995302558
2022-12-25 12:00:00+00:00,14113.88995302558
2022-12-25 16:00:00+00:00,14113.88995302558
2022-12-25 20:00:00+00:00,14113.88995302558
2022-12-26 00:00:00+00:00,14113.88995302558
2022-12-26 04:00:00+00:00,14113.88995302558
2022-12-26 08:00:00+00:00,14113.88995302558
2022-12-26 12:00:00+00:00,14113.88995302558
2022-12-26 16:00:00+00:00,14113.88995302558
2022-12-26 20:00:00+00:00,14113.88995302558
2022-12-27 00:00:00+00:00,14113.88995302558
2022-12-27 04:00:00+00:00,14113.88995302558
2022-12-27 08:00:00+00:00,14113.88995302558
2022-12-27 12:00:00+00:00,14113.88995302558
2022-12-27 16:00:00+00:00,14113.88995302558
2022-12-27 20:00:00+00:00,14113.88995302558
2022-12-28 00:00:00+00:00,14113.88995302558
2022-12-28 04:00:00+00:00,14113.88995302558
2022-12-28 08:00:00+00:00,14113.88995302558
2022-12-28 12:00:00+00:00,14113.88995302558
2022-12-28 16:00:00+00:00,14113.88995302558
2022-12-28 20:00:00+00:00,14113.88995302558
2022-12-29 00:00:00+00:00,14113.88995302558
2022-12-29 04:00:00+00:00,14113.88995302558
2022-12-29 08:00:00+00:00,14067.459734524697
2022-12-29 12:00:00+00:00,14051.666655625626
2022-12-29 16:00:00+00:00,14055.131006466345
2022-12-29 20:00:00+00:00,14032.615272588455
2022-12-30 00:00:00+00:00,14070.920368612484
2022-12-30 04:00:00+00:00,14200.911170702315
2022-12-30 08:00:00+00:00,14179.795629574475
2022-12-30 12:00:00+00:00,14121.019362851846
2022-12-30 16:00:00+00:00,14147.340720196495
2022-12-30 20:00:00+00:00,14069.693259851125
2022-12-31 00:00:00+00:00,14120.284256894194
2022-12-31 04:00:00+00:00,14105.357451656851
2022-12-31 08:00:00+00:00,14105.52710047749
2022-12-31 12:00:00+00:00,14084.2838648682
2022-12-31 16:00:00+00:00,14108.341442371437
2022-12-31 20:00:00+00:00,14136.47678648446
2023-01-01 00:00:00+00:00,14146.973246163556
2023-01-01 04:00:00+00:00,14157.30112859497
2023-01-01 08:00:00+00:00,14125.4503790267
2023-01-01 12:00:00+00:00,14121.48977076038
2023-01-01 16:00:00+00:00,14071.294999159201
2023-01-01 20:00:00+00:00,14054.396120390555
2023-01-02 00:00:00+00:00,14000.203816191484
2023-01-02 04:00:00+00:00,13932.836682245907
2023-01-02 08:00:00+00:00,13913.940266827882
2023-01-02 12:00:00+00:00,13913.014123621815
2023-01-02 16:00:00+00:00,13911.981716051625
2023-01-02 20:00:00+00:00,13987.287155182312
2023-01-03 00:00:00+00:00,13967.732130448505
2023-01-03 04:00:00+00:00,13922.833977255248
2023-01-03 08:00:00+00:00,13934.765131371481
2023-01-03 12:00:00+00:00,13985.415265510286
2023-01-03 16:00:00+00:00,14023.176114675745
2023-01-03 20:00:00+00:00,13989.381908046587
2023-01-04 00:00:00+00:00,13770.325226977631
2023-01-04 04:00:00+00:00,13762.709823183275
2023-01-04 08:00:00+00:00,13801.801600151071
2023-01-04 12:00:00+00:00,13780.365844706326
2023-01-04 16:00:00+00:00,13792.771494737644
2023-01-04 20:00:00+00:00,13785.885043227487
2023-01-05 00:00:00+00:00,13810.582897083015
2023-01-05 04:00:00+00:00,13801.89642834806
2023-01-05 08:00:00+00:00,13801.89642834806
2023-01-05 12:00:00+00:00,13801.89642834806
2023-01-05 16:00:00+00:00,13801.89642834806
2023-01-05 20:00:00+00:00,13801.89642834806
2023-01-06 00:00:00+00:00,13801.89642834806
2023-01-06 04:00:00+00:00,13748.149212932682
2023-01-06 08:00:00+00:00,13684.876698410006
2023-01-06 12:00:00+00:00,13799.530593686999
2023-01-06 16:00:00+00:00,13903.435957984871
2023-01-06 20:00:00+00:00,13914.955487722224
2023-01-07 00:00:00+00:00,13914.921980804484
2023-01-07 04:00:00+00:00,13909.851123460345
2023-01-07 08:00:00+00:00,13879.42965000314
2023-01-07 12:00:00+00:00,13904.008478737596
2023-01-07 16:00:00+00:00,13905.012271497573
2023-01-07 20:00:00+00:00,13903.716699921813
2023-01-08 00:00:00+00:00,13905.237170277547
2023-01-08 04:00:00+00:00,13913.21326312361
2023-01-08 08:00:00+00:00,13875.130945574123
2023-01-08 12:00:00+00:00,13972.235356330228
2023-01-08 16:00:00+00:00,13876.246971286557
2023-01-08 20:00:00+00:00,14141.894910153882
2023-01-09 00:00:00+00:00,14214.992616804964
2023-01-09 04:00:00+00:00,14216.557933636866
2023-01-09 08:00:00+00:00,14266.18881595276
2023-01-09 12:00:00+00:00,14299.07412421271
2023-01-09 16:00:00+00:00,14327.405053203338
2023-01-09 20:00:00+00:00,14197.433016011762
2023-01-10 00:00:00+00:00,14228.522518542759
2023-01-10 04:00:00+00:00,14222.88729475333
2023-01-10 08:00:00+00:00,14275.390700779926
2023-01-10 12:00:00+00:00,14355.944274043224
2023-01-10 16:00:00+00:00,14469.275968915897
2023-01-10 20:00:00+00:00,14473.889368113601
2023-01-11 00:00:00+00:00,14451.231995045113
2023-01-11 04:00:00+00:00,14481.270366594172
2023-01-11 08:00:00+00:00,14471.90747803441
2023-01-11 12:00:00+00:00,14361.766666969583
2023-01-11 16:00:00+00:00,14586.513427416327
2023-01-11 20:00:00+00:00,14980.666892213065
2023-01-12 00:00:00+00:00,15222.055774423778
2023-01-12 04:00:00+00:00,15153.465396559754
2023-01-12 08:00:00+00:00,15201.760865808308
2023-01-12 12:00:00+00:00,15112.63829241382
2023-01-12 16:00:00+00:00,15658.129058409719
2023-01-12 20:00:00+00:00,15634.933227134281
2023-01-13 00:00:00+00:00,15651.954940956308
2023-01-13 04:00:00+00:00,15622.284807516602
2023-01-13 08:00:00+00:00,15673.985278648457
2023-01-13 12:00:00+00:00,15864.549926694084
2023-01-13 16:00:00+00:00,15917.428160072766
2023-01-13 20:00:00+00:00,16212.24926055108
2023-01-14 00:00:00+00:00,16724.69977522519
2023-01-14 04:00:00+00:00,16691.667702759714
2023-01-14 08:00:00+00:00,16617.860192941807
2023-01-14 12:00:00+00:00,16640.51762217405
2023-01-14 16:00:00+00:00,16639.59455240494
2023-01-14 20:00:00+00:00,16697.54251718227
2023-01-15 00:00:00+00:00,16616.71136223582
2023-01-15 04:00:00+00:00,16621.288778364637
2023-01-15 08:00:00+00:00,16615.736274331393
2023-01-15 12:00:00+00:00,16684.19386646393
2023-01-15 16:00:00+00:00,16665.187260523584
2023-01-15 20:00:00+00:00,16667.133369202824
2023-01-16 00:00:00+00:00,16740.56067348587
2023-01-16 04:00:00+00:00,16751.599041263304
2023-01-16 08:00:00+00:00,16644.986169826952
2023-01-16 12:00:00+00:00,16707.363775525704
2023-01-16 16:00:00+00:00,16814.891077148117
2023-01-16 20:00:00+00:00,16771.95552852448
2023-01-17 00:00:00+00:00,16751.453963367814
2023-01-17 04:00:00+00:00,16753.08146022943
2023-01-17 08:00:00+00:00,16780.80346607878
2023-01-17 12:00:00+00:00,16765.644472493677
2023-01-17 16:00:00+00:00,16819.336894580236
2023-01-17 20:00:00+00:00,16749.20037867922
2023-01-18 00:00:00+00:00,16790.628139699802
2023-01-18 04:00:00+00:00,16809.183437742664
2023-01-18 08:00:00+00:00,16769.922252033768
2023-01-18 12:00:00+00:00,16708.545282644023
2023-01-18 16:00:00+00:00,16662.989913999365
2023-01-18 20:00:00+00:00,16589.970029813252
2023-01-19 00:00:00+00:00,16611.6823524124
2023-01-19 04:00:00+00:00,16634.789216988087
2023-01-19 08:00:00+00:00,16607.302203722174
2023-01-19 12:00:00+00:00,16653.361303544003
2023-01-19 16:00:00+00:00,16731.532625004354
2023-01-19 20:00:00+00:00,16723.65432295382
2023-01-20 00:00:00+00:00,16729.384423410003
2023-01-20 04:00:00+00:00,16680.140564884205
2023-01-20 08:00:00+00:00,16680.615081666383
2023-01-20 12:00:00+00:00,16751.296300145386
2023-01-20 16:00:00+00:00,16889.379717385244
2023-01-20 20:00:00+00:00,17344.901793488887
2023-01-21 00:00:00+00:00,17301.930846736934
2023-01-21 04:00:00+00:00,17333.20300690513
2023-01-21 08:00:00+00:00,17429.932808802245
2023-01-21 12:00:00+00:00,17461.414979145517
2023-01-21 16:00:00+00:00,17554.226307608933
2023-01-21 20:00:00+00:00,17387.4920453751
2023-01-22 00:00:00+00:00,17381.386262289212
2023-01-22 04:00:00+00:00,17423.013979085346
2023-01-22 08:00:00+00:00,17386.108616844052
2023-01-22 12:00:00+00:00,17388.56501847421
2023-01-22 16:00:00+00:00,17363.029169888923
2023-01-22 20:00:00+00:00,17357.703586492797
2023-01-23 00:00:00+00:00,17340.97095903894
2023-01-23 04:00:00+00:00,17352.9624592155
2023-01-23 08:00:00+00:00,17428.277550985982
2023-01-23 12:00:00+00:00,17408.534857699666
2023-01-23 16:00:00+00:00,17385.97188301735
2023-01-23 20:00:00+00:00,17427.658565775986
2023-01-24 00:00:00+00:00,17483.50270527824
2023-01-24 04:00:00+00:00,17474.37711046951
2023-01-24 08:00:00+00:00,17423.017803604645
2023-01-24 12:00:00+00:00,17427.335472488598
2023-01-24 16:00:00+00:00,17459.30250761392
2023-01-24 20:00:00+00:00,17318.1584542194
2023-01-25 00:00:00+00:00,17321.890832666882
2023-01-25 04:00:00+00:00,17292.166966958368
2023-01-25 08:00:00+00:00,17331.387002457035
2023-01-25 12:00:00+00:00,17339.540680793227
2023-01-25 16:00:00+00:00,17279.19366435099
2023-01-25 20:00:00+00:00,17163.732216108456
2023-01-26 00:00:00+00:00,17177.601211958514
2023-01-26 04:00:00+00:00,17121.358119930585
2023-01-26 08:00:00+00:00,17128.68274787916
2023-01-26 12:00:00+00:00,17115.44020983241
2023-01-26 16:00:00+00:00,17154.57756134941
2023-01-26 20:00:00+00:00,17132.928662612125
2023-01-27 00:00:00+00:00,17046.217393186875
2023-01-27 04:00:00+00:00,17152.143206508645
2023-01-27 08:00:00+00:00,17115.063867783123
2023-01-27 12:00:00+00:00,17102.188616878168
2023-01-27 16:00:00+00:00,17215.81233421125
2023-01-27 20:00:00+00:00,17151.04025716151
2023-01-28 00:00:00+00:00,17164.46179926785
2023-01-28 04:00:00+00:00,17119.24101743359
2023-01-28 08:00:00+00:00,17114.280377389598
2023-01-28 12:00:00+00:00,17126.084591502746
2023-01-28 16:00:00+00:00,17136.183501436146
2023-01-28 20:00:00+00:00,17129.0032994994
2023-01-29 00:00:00+00:00,17201.180856674466
2023-01-29 04:00:00+00:00,17205.242182275226
2023-01-29 08:00:00+00:00,17300.275695555807
2023-01-29 12:00:00+00:00,17337.829687492773
2023-01-29 16:00:00+00:00,17489.01863643212
2023-01-29 20:00:00+00:00,17426.47659091356
2023-01-30 00:00:00+00:00,17409.732197760783
2023-01-30 04:00:00+00:00,17388.351566776702
2023-01-30 08:00:00+00:00,17150.047288984566
2023-01-30 12:00:00+00:00,17189.589370819962
2023-01-30 16:00:00+00:00,17036.658916474807
2023-01-30 20:00:00+00:00,17014.896815804157
2023-01-31 00:00:00+00:00,17013.248245107094
2023-01-31 04:00:00+00:00,16960.721830517545
2023-01-31 08:00:00+00:00,17003.16826621654
2023-01-31 12:00:00+00:00,16903.936529404375
2023-01-31 16:00:00+00:00,16909.794944116762
2023-01-31 20:00:00+00:00,16895.830625399383
2023-02-01 00:00:00+00:00,16884.760822393077
2023-02-01 04:00:00+00:00,16906.542576896787
2023-02-01 08:00:00+00:00,16902.042829761864
2023-02-01 12:00:00+00:00,16902.042829761864
2023-02-01 16:00:00+00:00,16902.042829761864
2023-02-01 20:00:00+00:00,16902.042829761864
2023-02-02 00:00:00+00:00,16902.042829761864
2023-02-02 04:00:00+00:00,16902.042829761864
2023-02-02 08:00:00+00:00,16902.042829761864
2023-02-02 12:00:00+00:00,16902.042829761864
2023-02-02 16:00:00+00:00,16902.042829761864
2023-02-02 20:00:00+00:00,16902.042829761864
2023-02-03 00:00:00+00:00,16902.042829761864
2023-02-03 04:00:00+00:00,16902.042829761864
2023-02-03 08:00:00+00:00,16902.042829761864
2023-02-03 12:00:00+00:00,16902.042829761864
2023-02-03 16:00:00+00:00,16902.042829761864
2023-02-03 20:00:00+00:00,16902.042829761864
2023-02-04 00:00:00+00:00,16902.042829761864
2023-02-04 04:00:00+00:00,16902.042829761864
2023-02-04 08:00:00+00:00,16902.042829761864
2023-02-04 12:00:00+00:00,16902.042829761864
2023-02-04 16:00:00+00:00,16902.042829761864
2023-02-04 20:00:00+00:00,16902.042829761864
2023-02-05 00:00:00+00:00,16902.042829761864
2023-02-05 04:00:00+00:00,16902.042829761864
2023-02-05 08:00:00+00:00,16902.042829761864
2023-02-05 12:00:00+00:00,16902.042829761864
2023-02-05 16:00:00+00:00,16902.042829761864
2023-02-05 20:00:00+00:00,16902.042829761864
2023-02-06 00:00:00+00:00,16902.042829761864
2023-02-06 04:00:00+00:00,16902.042829761864
2023-02-06 08:00:00+00:00,16902.042829761864
2023-02-06 12:00:00+00:00,16902.042829761864
2023-02-06 16:00:00+00:00,16902.042829761864
2023-02-06 20:00:00+00:00,16902.042829761864
2023-02-07 00:00:00+00:00,16902.042829761864
2023-02-07 04:00:00+00:00,16902.042829761864
2023-02-07 08:00:00+00:00,16902.042829761864
2023-02-07 12:00:00+00:00,16902.042829761864
2023-02-07 16:00:00+00:00,16902.042829761864
2023-02-07 20:00:00+00:00,16902.042829761864
2023-02-08 00:00:00+00:00,16902.042829761864
2023-02-08 04:00:00+00:00,16902.042829761864
2023-02-08 08:00:00+00:00,16902.042829761864
2023-02-08 12:00:00+00:00,16902.042829761864
2023-02-08 16:00:00+00:00,16902.042829761864
2023-02-08 20:00:00+00:00,16902.042829761864
2023-02-09 00:00:00+00:00,16902.042829761864
2023-02-09 04:00:00+00:00,16902.042829761864
2023-02-09 08:00:00+00:00,16902.042829761864
2023-02-09 12:00:00+00:00,16902.042829761864
2023-02-09 16:00:00+00:00,16902.042829761864
2023-02-09 20:00:00+00:00,16995.27803363857
2023-02-10 00:00:00+00:00,16990.644193139495
2023-02-10 04:00:00+00:00,16990.644193139495
2023-02-10 08:00:00+00:00,17060.885533941004
2023-02-10 12:00:00+00:00,17094.228525146988
2023-02-10 16:00:00+00:00,17046.431578690263
2023-02-10 20:00:00+00:00,17108.240544605527
2023-02-11 00:00:00+00:00,17087.69248749855
2023-02-11 04:00:00+00:00,17081.861504308956
2023-02-11 08:00:00+00:00,17078.93221797445
2023-02-11 12:00:00+00:00,17060.965245244257
2023-02-11 16:00:00+00:00,17097.279355139504
2023-02-11 20:00:00+00:00,16998.490455015235
2023-02-12 00:00:00+00:00,17038.12665116829
2023-02-12 04:00:00+00:00,17029.81597036272
2023-02-12 08:00:00+00:00,16983.447243292532
2023-02-12 12:00:00+00:00,16954.53952906623
2023-02-12 16:00:00+00:00,16927.251554608516
2023-02-12 20:00:00+00:00,17041.352632682345
2023-02-13 00:00:00+00:00,17025.721529068855
2023-02-13 04:00:00+00:00,16996.343880599048
2023-02-13 08:00:00+00:00,17136.91126168693
2023-02-13 12:00:00+00:00,17158.58827138641
2023-02-13 16:00:00+00:00,17136.10608548832
2023-02-13 20:00:00+00:00,17048.72518209003
2023-02-14 00:00:00+00:00,17087.89659693351
2023-02-14 04:00:00+00:00,17052.055275379596
2023-02-14 08:00:00+00:00,17032.017754759694
2023-02-14 12:00:00+00:00,16905.35552563476
2023-02-14 16:00:00+00:00,16827.943257229832
2023-02-14 20:00:00+00:00,16832.287808749825
2023-02-15 00:00:00+00:00,16879.53619489555
2023-02-15 04:00:00+00:00,16875.233465755846
2023-02-15 08:00:00+00:00,16705.993125404748
2023-02-15 12:00:00+00:00,16529.567971492022
2023-02-15 16:00:00+00:00,16296.039389408865
2023-02-15 20:00:00+00:00,15862.806336692844
2023-02-16 00:00:00+00:00,15716.412463682644
2023-02-16 04:00:00+00:00,15670.437469930741
2023-02-16 08:00:00+00:00,15652.351300520086
2023-02-16 12:00:00+00:00,15830.001584696978
2023-02-16 16:00:00+00:00,15758.210015806877
2023-02-16 20:00:00+00:00,15332.285560321243
2023-02-17 00:00:00+00:00,15415.537180392019
2023-02-17 04:00:00+00:00,15361.25824473544
2023-02-17 08:00:00+00:00,15403.05572556455
2023-02-17 12:00:00+00:00,15495.946478720658
2023-02-17 16:00:00+00:00,15602.171176167893
2023-02-17 20:00:00+00:00,15616.692102703428
2023-02-18 00:00:00+00:00,15625.46718016123
2023-02-18 04:00:00+00:00,15600.712183895253
2023-02-18 08:00:00+00:00,15600.743670231393
2023-02-18 12:00:00+00:00,15639.314262573387
2023-02-18 16:00:00+00:00,15622.128501947105
2023-02-18 20:00:00+00:00,15629.523846706343
2023-02-19 00:00:00+00:00,15643.047706834483
2023-02-19 04:00:00+00:00,15610.288506115008
2023-02-19 08:00:00+00:00,15635.996902337472
2023-02-19 12:00:00+00:00,15717.324929298135
2023-02-19 16:00:00+00:00,15587.935141463904
2023-02-19 20:00:00+00:00,15517.380997053724
2023-02-20 00:00:00+00:00,15558.960367373884
2023-02-20 04:00:00+00:00,15582.457729445636
2023-02-20 08:00:00+00:00,15694.861835536196
2023-02-20 12:00:00+00:00,15708.484931908673
2023-02-20 16:00:00+00:00,15689.223397323978
2023-02-20 20:00:00+00:00,15681.147069229495
2023-02-21 00:00:00+00:00,15702.329698023746
2023-02-21 04:00:00+00:00,15725.099090793059
2023-02-21 08:00:00+00:00,15595.077309262264
2023-02-21 12:00:00+00:00,15589.594770759144
2023-02-21 16:00:00+00:00,15604.023012066458
2023-02-21 20:00:00+00:00,15558.042507556325
2023-02-22 00:00:00+00:00,15619.508808281898
2023-02-22 04:00:00+00:00,15657.15857269337
2023-02-22 08:00:00+00:00,15631.045684332636
2023-02-22 12:00:00+00:00,15755.670644620148
2023-02-22 16:00:00+00:00,15735.941075730529
2023-02-22 20:00:00+00:00,15628.93152924007
2023-02-23 00:00:00+00:00,15555.535800163096
2023-02-23 04:00:00+00:00,15527.78572309356
2023-02-23 08:00:00+00:00,15363.110571745923
2023-02-23 12:00:00+00:00,15312.106750633857
2023-02-23 16:00:00+00:00,15306.67350875635
2023-02-23 20:00:00+00:00,15315.18410653176
2023-02-24 00:00:00+00:00,15311.210483483816
2023-02-24 04:00:00+00:00,15343.964241562111
2023-02-24 08:00:00+00:00,15329.247685841372
2023-02-24 12:00:00+00:00,15479.537069204578
2023-02-24 16:00:00+00:00,15524.450094720029
2023-02-24 20:00:00+00:00,15523.499793227782
2023-02-25 00:00:00+00:00,15553.518068029642
2023-02-25 04:00:00+00:00,15541.201630381796
2023-02-25 08:00:00+00:00,15580.158193668989
2023-02-25 12:00:00+00:00,15573.479678178861
2023-02-25 16:00:00+00:00,15579.659023451653
2023-02-25 20:00:00+00:00,15576.181243025321
2023-02-26 00:00:00+00:00,15576.181243025321
2023-02-26 04:00:00+00:00,15576.181243025321
2023-02-26 08:00:00+00:00,15576.181243025321
2023-02-26 12:00:00+00:00,15576.181243025321
2023-02-26 16:00:00+00:00,15487.554248752782
2023-02-26 20:00:00+00:00,15469.392505744436
2023-02-27 00:00:00+00:00,15471.461739584944
2023-02-27 04:00:00+00:00,15467.54052008481
2023-02-27 08:00:00+00:00,15460.508355053069
2023-02-27 12:00:00+00:00,15415.21825270475
2023-02-27 16:00:00+00:00,15411.050200338623
2023-02-27 20:00:00+00:00,15333.432027005943
2023-02-28 00:00:00+00:00,15342.12159291115
2023-02-28 04:00:00+00:00,15419.882412062181
2023-02-28 08:00:00+00:00,15365.65960769963
2023-02-28 12:00:00+00:00,15320.505261703656
2023-02-28 16:00:00+00:00,15411.968169487844
2023-02-28 20:00:00+00:00,15454.152336580531
2023-03-01 00:00:00+00:00,15348.579899865174
2023-03-01 04:00:00+00:00,15254.154558633962
2023-03-01 08:00:00+00:00,15245.886837254178
2023-03-01 12:00:00+00:00,15257.170718147434
2023-03-01 16:00:00+00:00,15253.228642006361
2023-03-01 20:00:00+00:00,15253.228642006361
2023-03-02 00:00:00+00:00,15253.228642006361
2023-03-02 04:00:00+00:00,15253.228642006361
2023-03-02 08:00:00+00:00,15253.228642006361
2023-03-02 12:00:00+00:00,15253.228642006361
2023-03-02 16:00:00+00:00,15253.228642006361
2023-03-02 20:00:00+00:00,15253.228642006361
2023-03-03 00:00:00+00:00,15253.228642006361
2023-03-03 04:00:00+00:00,15253.228642006361
2023-03-03 08:00:00+00:00,15253.228642006361
2023-03-03 12:00:00+00:00,15253.228642006361
2023-03-03 16:00:00+00:00,15253.228642006361
2023-03-03 20:00:00+00:00,15251.402935226495
2023-03-04 00:00:00+00:00,15252.49506511547
2023-03-04 04:00:00+00:00,15249.888821598464
2023-03-04 08:00:00+00:00,15253.054517453675
2023-03-04 12:00:00+00:00,15264.531583201382
2023-03-04 16:00:00+00:00,15290.225356935598
2023-03-04 20:00:00+00:00,15252.172575752487
2023-03-05 00:00:00+00:00,15237.023363345503
2023-03-05 04:00:00+00:00,15240.338253760376
2023-03-05 08:00:00+00:00,15234.352288884933
2023-03-05 12:00:00+00:00,15216.242104482568
2023-03-05 16:00:00+00:00,15229.169876481948
2023-03-05 20:00:00+00:00,15218.002790467946
2023-03-06 00:00:00+00:00,15236.376119745913
2023-03-06 04:00:00+00:00,15235.106419490656
2023-03-06 08:00:00+00:00,15240.39560800006
2023-03-06 12:00:00+00:00,15160.110310050843
2023-03-06 16:00:00+00:00,15234.467954354915
2023-03-06 20:00:00+00:00,15227.826167276111
2023-03-07 00:00:00+00:00,15203.152687397009
2023-03-07 04:00:00+00:00,15222.577126388622
2023-03-07 08:00:00+00:00,15257.015047715406
2023-03-07 12:00:00+00:00,15273.409723674209
2023-03-07 16:00:00+00:00,15362.906128029372
2023-03-07 20:00:00+00:00,15330.764172634927
2023-03-08 00:00:00+00:00,15351.928908323132
2023-03-08 04:00:00+00:00,15435.635176250953
2023-03-08 08:00:00+00:00,15390.46045646078
2023-03-08 12:00:00+00:00,15358.843979208
2023-03-08 16:00:00+00:00,15421.2134310361
2023-03-08 20:00:00+00:00,15556.17016399657
2023-03-09 00:00:00+00:00,15527.926260678898
2023-03-09 04:00:00+00:00,15563.377014272002
2023-03-09 08:00:00+00:00,15571.640984844584
2023-03-09 12:00:00+00:00,15583.897867892865
2023-03-09 16:00:00+00:00,15945.331856952373
2023-03-09 20:00:00+00:00,16149.769922721838
2023-03-10 00:00:00+00:00,16265.143937473544
2023-03-10 04:00:00+00:00,16301.329011499509
2023-03-10 08:00:00+00:00,16372.712915426215
2023-03-10 12:00:00+00:00,16283.178721605493
2023-03-10 16:00:00+00:00,16275.903047543008
2023-03-10 20:00:00+00:00,16233.269008425852
2023-03-11 00:00:00+00:00,16152.050873183229
2023-03-11 04:00:00+00:00,16327.807637897244
2023-03-11 08:00:00+00:00,16252.712423032222
2023-03-11 12:00:00+00:00,16260.702765165244
2023-03-11 16:00:00+00:00,16209.198814782101
2023-03-11 20:00:00+00:00,16132.335275789535
2023-03-12 00:00:00+00:00,16158.223010751848
2023-03-12 04:00:00+00:00,16168.744316000219
2023-03-12 08:00:00+00:00,16135.247291440679
2023-03-12 12:00:00+00:00,16165.729555903848
2023-03-12 16:00:00+00:00,16013.054423925629
2023-03-12 20:00:00+00:00,15618.83633895783
2023-03-13 00:00:00+00:00,15554.126945191741
2023-03-13 04:00:00+00:00,15493.087818839807
2023-03-13 08:00:00+00:00,15589.863902684609
2023-03-13 12:00:00+00:00,15089.2021598503
2023-03-13 16:00:00+00:00,15026.95614733248
2023-03-13 20:00:00+00:00,15066.235043800232
2023-03-14 00:00:00+00:00,15013.70666293188
2023-03-14 04:00:00+00:00,15039.8409468991
2023-03-14 08:00:00+00:00,15037.344472990233
2023-03-14 12:00:00+00:00,15266.471707629165
2023-03-14 16:00:00+00:00,15114.283769121952
2023-03-14 20:00:00+00:00,15052.114117673258
2023-03-15 00:00:00+00:00,15060.79201449475
2023-03-15 04:00:00+00:00,15084.056037582655
2023-03-15 08:00:00+00:00,15065.608970948899
2023-03-15 12:00:00+00:00,15017.358629084089
2023-03-15 16:00:00+00:00,15000.661834834003
2023-03-15 20:00:00+00:00,14986.146391111615
2023-03-16 00:00:00+00:00,14983.126999974103
2023-03-16 04:00:00+00:00,15039.827886606276
2023-03-16 08:00:00+00:00,15074.175413992622
2023-03-16 12:00:00+00:00,15084.12951560339
2023-03-16 16:00:00+00:00,15094.807617574814
2023-03-16 20:00:00+00:00,15102.42868116992
2023-03-17 00:00:00+00:00,15237.829050440312
2023-03-17 04:00:00+00:00,15285.080296821658
2023-03-17 08:00:00+00:00,15434.189701845737
2023-03-17 12:00:00+00:00,15349.415136445316
2023-03-17 16:00:00+00:00,15418.431081072213
2023-03-17 20:00:00+00:00,15511.669947200153
2023-03-18 00:00:00+00:00,15496.370172816116
2023-03-18 04:00:00+00:00,15505.954188120097
2023-03-18 08:00:00+00:00,15520.187904660866
2023-03-18 12:00:00+00:00,15482.435033339067
2023-03-18 16:00:00+00:00,15499.730821693014
2023-03-18 20:00:00+00:00,15429.878687972654
2023-03-19 00:00:00+00:00,15477.571741224252
2023-03-19 04:00:00+00:00,15437.715063129448
2023-03-19 08:00:00+00:00,15470.11872108509
2023-03-19 12:00:00+00:00,15538.495534257721
2023-03-19 16:00:00+00:00,15665.292188136347
2023-03-19 20:00:00+00:00,15614.100983767365
2023-03-20 00:00:00+00:00,15491.897560240379
2023-03-20 04:00:00+00:00,15646.601957743971
2023-03-20 08:00:00+00:00,15647.562652177208
2023-03-20 12:00:00+00:00,15563.735753015688
2023-03-20 16:00:00+00:00,15578.30079741488
2023-03-20 20:00:00+00:00,15567.203885314746
2023-03-21 00:00:00+00:00,15578.532740430473
2023-03-21 04:00:00+00:00,15529.003149915445
2023-03-21 08:00:00+00:00,15622.38417463705
2023-03-21 12:00:00+00:00,15622.8126181522
2023-03-21 16:00:00+00:00,15637.287340918636
2023-03-21 20:00:00+00:00,15633.66993670366
2023-03-22 00:00:00+00:00,15642.092301590666
2023-03-22 04:00:00+00:00,15632.785969120954
2023-03-22 08:00:00+00:00,15637.572246734946
2023-03-22 12:00:00+00:00,15731.009164531633
2023-03-22 16:00:00+00:00,15348.612881978986
2023-03-22 20:00:00+00:00,15245.520941162957
2023-03-23 00:00:00+00:00,15227.246091610823
2023-03-23 04:00:00+00:00,15180.673214742412
2023-03-23 08:00:00+00:00,15187.990866851827
2023-03-23 12:00:00+00:00,15010.194382921096
2023-03-23 16:00:00+00:00,14970.140143402703
2023-03-23 20:00:00+00:00,14957.432134535442
2023-03-24 00:00:00+00:00,14945.027685300167
2023-03-24 04:00:00+00:00,14954.854935071733
2023-03-24 08:00:00+00:00,14830.229608465817
2023-03-24 12:00:00+00:00,14751.55000862911
2023-03-24 16:00:00+00:00,14782.966233892232
2023-03-24 20:00:00+00:00,14845.721104387441
2023-03-25 00:00:00+00:00,14824.074462235936
2023-03-25 04:00:00+00:00,14840.286392802413
2023-03-25 08:00:00+00:00,14845.180875297341
2023-03-25 12:00:00+00:00,14811.080144230507
2023-03-25 16:00:00+00:00,14894.695333258273
2023-03-25 20:00:00+00:00,14844.764797924503
2023-03-26 00:00:00+00:00,14831.46056172005
2023-03-26 04:00:00+00:00,14836.221987683342
2023-03-26 08:00:00+00:00,14762.973919548544
2023-03-26 12:00:00+00:00,14760.199679056059
2023-03-26 16:00:00+00:00,14760.199679056059
2023-03-26 20:00:00+00:00,14760.199679056059
2023-03-27 00:00:00+00:00,14760.199679056059
2023-03-27 04:00:00+00:00,14760.199679056059
2023-03-27 08:00:00+00:00,14760.199679056059
2023-03-27 12:00:00+00:00,14760.199679056059
2023-03-27 16:00:00+00:00,14760.199679056059
2023-03-27 20:00:00+00:00,14760.199679056059
2023-03-28 00:00:00+00:00,14760.199679056059
2023-03-28 04:00:00+00:00,14760.199679056059
2023-03-28 08:00:00+00:00,14760.199679056059
2023-03-28 12:00:00+00:00,14760.199679056059
2023-03-28 16:00:00+00:00,14760.199679056059
2023-03-28 20:00:00+00:00,14760.199679056059
2023-03-29 00:00:00+00:00,14760.199679056059
2023-03-29 04:00:00+00:00,14760.199679056059
2023-03-29 08:00:00+00:00,14760.199679056059
2023-03-29 12:00:00+00:00,14760.199679056059
2023-03-29 16:00:00+00:00,14760.199679056059
2023-03-29 20:00:00+00:00,14760.199679056059
2023-03-30 00:00:00+00:00,14760.199679056059
2023-03-30 04:00:00+00:00,14760.199679056059
2023-03-30 08:00:00+00:00,14740.43546642653
2023-03-30 12:00:00+00:00,14664.37662102931
2023-03-30 16:00:00+00:00,14596.676780681639
2023-03-30 20:00:00+00:00,14605.927773025427
2023-03-31 00:00:00+00:00,14635.616783705464
2023-03-31 04:00:00+00:00,14544.857958359473
2023-03-31 08:00:00+00:00,14500.772634760508
2023-03-31 12:00:00+00:00,14377.884314725514
2023-03-31 16:00:00+00:00,14365.302409043541
2023-03-31 20:00:00+00:00,14364.371991485568
2023-04-01 00:00:00+00:00,14380.291203902474
2023-04-01 04:00:00+00:00,14355.162844631286
2023-04-01 08:00:00+00:00,14343.30944903271
2023-04-01 12:00:00+00:00,14348.16633241197
2023-04-01 16:00:00+00:00,14343.062693777321
2023-04-01 20:00:00+00:00,14361.239112346559
2023-04-02 00:00:00+00:00,14365.596972815263
2023-04-02 04:00:00+00:00,14349.651029417026
2023-04-02 08:00:00+00:00,14334.004244193273
2023-04-02 12:00:00+00:00,14269.48628525085
2023-04-02 16:00:00+00:00,14265.614860470763
2023-04-02 20:00:00+00:00,14265.614860470763
2023-04-03 00:00:00+00:00,14265.614860470763
2023-04-03 04:00:00+00:00,14265.614860470763
2023-04-03 08:00:00+00:00,14265.614860470763
2023-04-03 12:00:00+00:00,14265.614860470763
2023-04-03 16:00:00+00:00,14265.614860470763
2023-04-03 20:00:00+00:00,14265.614860470763
2023-04-04 00:00:00+00:00,14265.614860470763
2023-04-04 04:00:00+00:00,14265.614860470763
2023-04-04 08:00:00+00:00,14265.614860470763
2023-04-04 12:00:00+00:00,14265.614860470763
2023-04-04 16:00:00+00:00,14265.614860470763
2023-04-04 20:00:00+00:00,14265.614860470763
2023-04-05 00:00:00+00:00,14265.614860470763
2023-04-05 04:00:00+00:00,14265.614860470763
2023-04-05 08:00:00+00:00,14265.614860470763
2023-04-05 12:00:00+00:00,14265.614860470763
2023-04-05 16:00:00+00:00,14265.614860470763
2023-04-05 20:00:00+00:00,14265.614860470763
2023-04-06 00:00:00+00:00,14265.614860470763
2023-04-06 04:00:00+00:00,14265.614860470763
2023-04-06 08:00:00+00:00,14265.614860470763
2023-04-06 12:00:00+00:00,14265.614860470763
2023-04-06 16:00:00+00:00,14265.614860470763
2023-04-06 20:00:00+00:00,14265.614860470763
2023-04-07 00:00:00+00:00,14265.614860470763
2023-04-07 04:00:00+00:00,14265.614860470763
2023-04-07 08:00:00+00:00,14265.614860470763
2023-04-07 12:00:00+00:00,14265.614860470763
2023-04-07 16:00:00+00:00,14265.614860470763
2023-04-07 20:00:00+00:00,14265.614860470763
2023-04-08 00:00:00+00:00,14265.614860470763
2023-04-08 04:00:00+00:00,14265.614860470763
2023-04-08 08:00:00+00:00,14265.614860470763
2023-04-08 12:00:00+00:00,14265.614860470763
2023-04-08 16:00:00+00:00,14265.614860470763
2023-04-08 20:00:00+00:00,14265.614860470763
2023-04-09 00:00:00+00:00,14265.614860470763
2023-04-09 04:00:00+00:00,14265.614860470763
2023-04-09 08:00:00+00:00,14265.614860470763
2023-04-09 12:00:00+00:00,14265.614860470763
2023-04-09 16:00:00+00:00,14265.614860470763
2023-04-09 20:00:00+00:00,14265.614860470763
2023-04-10 00:00:00+00:00,14265.614860470763
2023-04-10 04:00:00+00:00,14265.614860470763
2023-04-10 08:00:00+00:00,14265.614860470763
2023-04-10 12:00:00+00:00,14265.614860470763
2023-04-10 16:00:00+00:00,14265.614860470763
2023-04-10 20:00:00+00:00,14265.614860470763
2023-04-11 00:00:00+00:00,14415.377704042252
2023-04-11 04:00:00+00:00,14411.916872280799
2023-04-11 08:00:00+00:00,14396.046821800714
2023-04-11 12:00:00+00:00,14436.888693852248
2023-04-11 16:00:00+00:00,14418.335005174935
2023-04-11 20:00:00+00:00,14437.008731816943
2023-04-12 00:00:00+00:00,14355.739834385731
2023-04-12 04:00:00+00:00,14374.250987411446
2023-04-12 08:00:00+00:00,14380.595463317904
2023-04-12 12:00:00+00:00,14363.570447934148
2023-04-12 16:00:00+00:00,14318.29137449406
2023-04-12 20:00:00+00:00,14342.476547576265
2023-04-13 00:00:00+00:00,14394.64712865026
2023-04-13 04:00:00+00:00,14393.713218699748
2023-04-13 08:00:00+00:00,14421.500320591585
2023-04-13 12:00:00+00:00,14503.232378269615
2023-04-13 16:00:00+00:00,14473.06518604288
2023-04-13 20:00:00+00:00,14484.761831097787
2023-04-14 00:00:00+00:00,14582.260943508782
2023-04-14 04:00:00+00:00,14598.321684385977
2023-04-14 08:00:00+00:00,14612.070328247859
2023-04-14 12:00:00+00:00,14442.480975610562
2023-04-14 16:00:00+00:00,14465.697320690286
2023-04-14 20:00:00+00:00,14505.59366019542
2023-04-15 00:00:00+00:00,14481.211924779038
2023-04-15 04:00:00+00:00,14495.48829108312
2023-04-15 08:00:00+00:00,14480.957921035804
2023-04-15 12:00:00+00:00,14465.040614879765
2023-04-15 16:00:00+00:00,14463.60991422154
2023-04-15 20:00:00+00:00,14450.950216788886
2023-04-16 00:00:00+00:00,14439.525229997555
2023-04-16 04:00:00+00:00,14467.390301547957
2023-04-16 08:00:00+00:00,14427.300134167765
2023-04-16 12:00:00+00:00,14464.857686277934
2023-04-16 16:00:00+00:00,14456.80981809053
2023-04-16 20:00:00+00:00,14449.711410034972
2023-04-17 00:00:00+00:00,14330.373233807717
2023-04-17 04:00:00+00:00,14366.725036602935
2023-04-17 08:00:00+00:00,14464.860532290093
2023-04-17 12:00:00+00:00,14536.641282768693
2023-04-17 16:00:00+00:00,14499.143970362906
2023-04-17 20:00:00+00:00,14512.636183473822
2023-04-18 00:00:00+00:00,14508.876927571384
2023-04-18 04:00:00+00:00,14396.199934101027
2023-04-18 08:00:00+00:00,14187.17461622446
2023-04-18 12:00:00+00:00,14114.22261802537
2023-04-18 16:00:00+00:00,14124.623931780208
2023-04-18 20:00:00+00:00,14174.580813128792
2023-04-19 00:00:00+00:00,14121.437745178298
2023-04-19 04:00:00+00:00,14078.910978723854
2023-04-19 08:00:00+00:00,13839.359682347751
2023-04-19 12:00:00+00:00,13844.813349636077
2023-04-19 16:00:00+00:00,13854.703398335934
2023-04-19 20:00:00+00:00,13966.512479965439
2023-04-20 00:00:00+00:00,13952.674516999445
2023-04-20 04:00:00+00:00,13950.699998267757
2023-04-20 08:00:00+00:00,14017.671146508525
2023-04-20 12:00:00+00:00,14046.419488134003
2023-04-20 16:00:00+00:00,14149.383000877531
2023-04-20 20:00:00+00:00,14114.545908686718
2023-04-21 00:00:00+00:00,14111.043048709183
2023-04-21 04:00:00+00:00,14111.043048709183
2023-04-21 08:00:00+00:00,14130.27883218695
2023-04-21 12:00:00+00:00,14135.77518907325
2023-04-21 16:00:00+00:00,14331.548001858173
2023-04-21 20:00:00+00:00,14336.440243639749
2023-04-22 00:00:00+00:00,14322.724614759563
2023-04-22 04:00:00+00:00,14333.241517877088
2023-04-22 08:00:00+00:00,14331.612066777054
2023-04-22 12:00:00+00:00,14276.848961321453
2023-04-22 16:00:00+00:00,14242.140458273085
2023-04-22 20:00:00+00:00,14186.391042776506
2023-04-23 00:00:00+00:00,14258.902824671502
2023-04-23 04:00:00+00:00,14214.837860388174
2023-04-23 08:00:00+00:00,14235.039146705667
2023-04-23 12:00:00+00:00,14284.164112382889
2023-04-23 16:00:00+00:00,14286.236496874057
2023-04-23 20:00:00+00:00,14251.491292737359
2023-04-24 00:00:00+00:00,14193.201243483814
2023-04-24 04:00:00+00:00,14287.342434029479
2023-04-24 08:00:00+00:00,14260.050942587333
2023-04-24 12:00:00+00:00,14338.41209526201
2023-04-24 16:00:00+00:00,14306.27434476085
2023-04-24 20:00:00+00:00,14273.493939273772
2023-04-25 00:00:00+00:00,14316.782851313186
2023-04-25 04:00:00+00:00,14340.10861081083
2023-04-25 08:00:00+00:00,14304.193389413314
2023-04-25 12:00:00+00:00,14319.056848430762
2023-04-25 16:00:00+00:00,14242.71220163866
2023-04-25 20:00:00+00:00,14047.380263696981
2023-04-26 00:00:00+00:00,14045.085630641559
2023-04-26 04:00:00+00:00,14026.43866329719
2023-04-26 08:00:00+00:00,13869.575688146653
2023-04-26 12:00:00+00:00,13648.62413519138
2023-04-26 16:00:00+00:00,14096.956837432157
2023-04-26 20:00:00+00:00,13992.099346964891
2023-04-27 00:00:00+00:00,13905.430179326533
2023-04-27 04:00:00+00:00,13904.77756672019
2023-04-27 08:00:00+00:00,13898.028765549368
2023-04-27 12:00:00+00:00,13860.529236426162
2023-04-27 16:00:00+00:00,13772.55650954074
2023-04-27 20:00:00+00:00,13805.401044772178
2023-04-28 00:00:00+00:00,13802.969896836245
2023-04-28 04:00:00+00:00,13802.969896836245
2023-04-28 08:00:00+00:00,13802.969896836245
2023-04-28 12:00:00+00:00,13783.858791077475
2023-04-28 16:00:00+00:00,13816.423957526431
2023-04-28 20:00:00+00:00,13813.14228431182
2023-04-29 00:00:00+00:00,13818.492809300817
2023-04-29 04:00:00+00:00,13819.397409738347
2023-04-29 08:00:00+00:00,13816.772408028266
2023-04-29 12:00:00+00:00,13802.937448629998
2023-04-29 16:00:00+00:00,13794.528081076469
2023-04-29 20:00:00+00:00,13792.420414401731
2023-04-30 00:00:00+00:00,13789.197450778796
2023-04-30 04:00:00+00:00,13789.197450778796
2023-04-30 08:00:00+00:00,13789.197450778796
2023-04-30 12:00:00+00:00,13789.197450778796
2023-04-30 16:00:00+00:00,13789.197450778796
2023-04-30 20:00:00+00:00,13789.197450778796
2023-05-01 00:00:00+00:00,13789.197450778796
2023-05-01 04:00:00+00:00,13789.197450778796
2023-05-01 08:00:00+00:00,13789.197450778796
2023-05-01 12:00:00+00:00,13789.197450778796
2023-05-01 16:00:00+00:00,13789.197450778796
2023-05-01 20:00:00+00:00,13789.197450778796
2023-05-02 00:00:00+00:00,13789.197450778796
2023-05-02 04:00:00+00:00,13789.197450778796
2023-05-02 08:00:00+00:00,13789.197450778796
2023-05-02 12:00:00+00:00,13789.197450778796
2023-05-02 16:00:00+00:00,13750.995488275725
2023-05-02 20:00:00+00:00,13747.784301338523
2023-05-03 00:00:00+00:00,13747.784301338523
2023-05-03 04:00:00+00:00,13747.784301338523
2023-05-03 08:00:00+00:00,13747.784301338523
2023-05-03 12:00:00+00:00,13747.784301338523
2023-05-03 16:00:00+00:00,13747.784301338523
2023-05-03 20:00:00+00:00,13747.784301338523
2023-05-04 00:00:00+00:00,13747.784301338523
2023-05-04 04:00:00+00:00,13747.784301338523
2023-05-04 08:00:00+00:00,13747.784301338523
2023-05-04 12:00:00+00:00,13747.784301338523
2023-05-04 16:00:00+00:00,13747.784301338523
2023-05-04 20:00:00+00:00,13747.784301338523
2023-05-05 00:00:00+00:00,13747.784301338523
2023-05-05 04:00:00+00:00,13747.784301338523
2023-05-05 08:00:00+00:00,13747.784301338523
2023-05-05 12:00:00+00:00,13747.784301338523
2023-05-05 16:00:00+00:00,13747.784301338523
2023-05-05 20:00:00+00:00,13747.784301338523
2023-05-06 00:00:00+00:00,13747.784301338523
2023-05-06 04:00:00+00:00,13747.784301338523
2023-05-06 08:00:00+00:00,13747.784301338523
2023-05-06 12:00:00+00:00,13747.784301338523
2023-05-06 16:00:00+00:00,13747.784301338523
2023-05-06 20:00:00+00:00,13747.784301338523
2023-05-07 00:00:00+00:00,13747.784301338523
2023-05-07 04:00:00+00:00,13747.784301338523
2023-05-07 08:00:00+00:00,13747.784301338523
2023-05-07 12:00:00+00:00,13747.784301338523
2023-05-07 16:00:00+00:00,13747.784301338523
2023-05-07 20:00:00+00:00,13747.784301338523
2023-05-08 00:00:00+00:00,13747.784301338523
2023-05-08 04:00:00+00:00,13747.784301338523
2023-05-08 08:00:00+00:00,13747.784301338523
2023-05-08 12:00:00+00:00,13747.784301338523
2023-05-08 16:00:00+00:00,13747.784301338523
2023-05-08 20:00:00+00:00,13797.413868882926
2023-05-09 00:00:00+00:00,13803.68539073986
2023-05-09 04:00:00+00:00,13794.496574579616
2023-05-09 08:00:00+00:00,13791.203414797732
2023-05-09 12:00:00+00:00,13863.109583068133
2023-05-09 16:00:00+00:00,13781.103455859586
2023-05-09 20:00:00+00:00,13805.200195629473
2023-05-10 00:00:00+00:00,13790.172147483094
2023-05-10 04:00:00+00:00,13826.247719696954
2023-05-10 08:00:00+00:00,13791.613674139986
2023-05-10 12:00:00+00:00,13658.103429863995
2023-05-10 16:00:00+00:00,13779.204797404516
2023-05-10 20:00:00+00:00,13801.775099332146
2023-05-11 00:00:00+00:00,13834.467366689734
2023-05-11 04:00:00+00:00,13833.869863784717
2023-05-11 08:00:00+00:00,13844.602024317906
2023-05-11 12:00:00+00:00,13898.925087004101
2023-05-11 16:00:00+00:00,13977.236945616436
2023-05-11 20:00:00+00:00,13948.111696304804
2023-05-12 00:00:00+00:00,14038.657796536661
2023-05-12 04:00:00+00:00,14104.48182995861
2023-05-12 08:00:00+00:00,14095.614282389617
2023-05-12 12:00:00+00:00,14101.554577274972
2023-05-12 16:00:00+00:00,14068.544666901342
2023-05-12 20:00:00+00:00,13989.333135777504
2023-05-13 00:00:00+00:00,13987.142503937655
2023-05-13 04:00:00+00:00,13995.326759807436
2023-05-13 08:00:00+00:00,13982.3534961336
2023-05-13 12:00:00+00:00,13985.293559755208
2023-05-13 16:00:00+00:00,13980.221455521185
2023-05-13 20:00:00+00:00,13995.736778340353
2023-05-14 00:00:00+00:00,13971.51495174952
2023-05-14 04:00:00+00:00,13975.15390940491
2023-05-14 08:00:00+00:00,13987.84958511308
2023-05-14 12:00:00+00:00,13907.41611868827
2023-05-14 16:00:00+00:00,13966.350921935782
2023-05-14 20:00:00+00:00,13955.726633615583
2023-05-15 00:00:00+00:00,13862.382667084768
2023-05-15 04:00:00+00:00,13810.152298797986
2023-05-15 08:00:00+00:00,13831.436420066542
2023-05-15 12:00:00+00:00,13813.9044780306
2023-05-15 16:00:00+00:00,13805.935240310342
2023-05-15 20:00:00+00:00,13881.290994891711
2023-05-16 00:00:00+00:00,13891.976381703698
2023-05-16 04:00:00+00:00,13856.32719481098
2023-05-16 08:00:00+00:00,13912.87964204792
2023-05-16 12:00:00+00:00,13919.25756847907
2023-05-16 16:00:00+00:00,13952.979401985309
2023-05-16 20:00:00+00:00,13920.22106296375
2023-05-17 00:00:00+00:00,13912.2450122287
2023-05-17 04:00:00+00:00,13908.009711530458
2023-05-17 08:00:00+00:00,13908.009711530458
2023-05-17 12:00:00+00:00,13908.009711530458
2023-05-17 16:00:00+00:00,13908.009711530458
2023-05-17 20:00:00+00:00,13908.009711530458
2023-05-18 00:00:00+00:00,13908.009711530458
2023-05-18 04:00:00+00:00,13908.009711530458
2023-05-18 08:00:00+00:00,13908.009711530458
2023-05-18 12:00:00+00:00,13908.009711530458
2023-05-18 16:00:00+00:00,13908.009711530458
2023-05-18 20:00:00+00:00,13908.009711530458
2023-05-19 00:00:00+00:00,13908.009711530458
2023-05-19 04:00:00+00:00,13908.009711530458
2023-05-19 08:00:00+00:00,13908.009711530458
2023-05-19 12:00:00+00:00,13908.009711530458
2023-05-19 16:00:00+00:00,13908.009711530458
2023-05-19 20:00:00+00:00,13908.009711530458
2023-05-20 00:00:00+00:00,13908.009711530458
2023-05-20 04:00:00+00:00,13908.009711530458
2023-05-20 08:00:00+00:00,13908.009711530458
2023-05-20 12:00:00+00:00,13908.009711530458
2023-05-20 16:00:00+00:00,13908.009711530458
2023-05-20 20:00:00+00:00,13908.009711530458
2023-05-21 00:00:00+00:00,13908.009711530458
2023-05-21 04:00:00+00:00,13908.009711530458
2023-05-21 08:00:00+00:00,13908.009711530458
2023-05-21 12:00:00+00:00,13908.009711530458
2023-05-21 16:00:00+00:00,13908.009711530458
2023-05-21 20:00:00+00:00,13908.009711530458
2023-05-22 00:00:00+00:00,13908.009711530458
2023-05-22 04:00:00+00:00,13908.009711530458
2023-05-22 08:00:00+00:00,13908.009711530458
2023-05-22 12:00:00+00:00,13908.009711530458
2023-05-22 16:00:00+00:00,13908.009711530458
2023-05-22 20:00:00+00:00,13908.009711530458
2023-05-23 00:00:00+00:00,13908.009711530458
2023-05-23 04:00:00+00:00,13908.009711530458
2023-05-23 08:00:00+00:00,13908.009711530458
2023-05-23 12:00:00+00:00,13908.009711530458
2023-05-23 16:00:00+00:00,13908.009711530458
2023-05-23 20:00:00+00:00,13908.009711530458
2023-05-24 00:00:00+00:00,13908.009711530458
2023-05-24 04:00:00+00:00,13908.009711530458
2023-05-24 08:00:00+00:00,13908.009711530458
2023-05-24 12:00:00+00:00,13908.009711530458
2023-05-24 16:00:00+00:00,13908.009711530458
2023-05-24 20:00:00+00:00,13908.009711530458
2023-05-25 00:00:00+00:00,13908.009711530458
2023-05-25 04:00:00+00:00,13908.009711530458
2023-05-25 08:00:00+00:00,13844.715003085086
2023-05-25 12:00:00+00:00,13868.602787920694
2023-05-25 16:00:00+00:00,13782.167072202279
2023-05-25 20:00:00+00:00,13780.712388984524
2023-05-26 00:00:00+00:00,13794.537760268955
2023-05-26 04:00:00+00:00,13770.485864919203
2023-05-26 08:00:00+00:00,13785.913810253733
2023-05-26 12:00:00+00:00,13677.357017902463
2023-05-26 16:00:00+00:00,13671.303593011324
2023-05-26 20:00:00+00:00,13694.749852820869
2023-05-27 00:00:00+00:00,13676.942161524443
2023-05-27 04:00:00+00:00,13685.983708629181
2023-05-27 08:00:00+00:00,13680.918597013468
2023-05-27 12:00:00+00:00,13680.918597013468
2023-05-27 16:00:00+00:00,13680.918597013468
2023-05-27 20:00:00+00:00,13680.918597013468
2023-05-28 00:00:00+00:00,13680.918597013468
2023-05-28 04:00:00+00:00,13680.918597013468
2023-05-28 08:00:00+00:00,13680.918597013468
2023-05-28 12:00:00+00:00,13680.918597013468
2023-05-28 16:00:00+00:00,13680.918597013468
2023-05-28 20:00:00+00:00,13680.918597013468
2023-05-29 00:00:00+00:00,13680.918597013468
2023-05-29 04:00:00+00:00,13680.918597013468
2023-05-29 08:00:00+00:00,13680.918597013468
2023-05-29 12:00:00+00:00,13577.276084331314
2023-05-29 16:00:00+00:00,13576.872952225982
2023-05-29 20:00:00+00:00,13610.4272159653
2023-05-30 00:00:00+00:00,13641.920194135653
2023-05-30 04:00:00+00:00,13609.713082899298
2023-05-30 08:00:00+00:00,13707.991557735782
2023-05-30 12:00:00+00:00,13589.388819393791
2023-05-30 16:00:00+00:00,13646.823913053648
2023-05-30 20:00:00+00:00,13593.911165214724
2023-05-31 00:00:00+00:00,13582.141262207057
2023-05-31 04:00:00+00:00,13411.816707151043
2023-05-31 08:00:00+00:00,13422.82296112218
2023-05-31 12:00:00+00:00,13483.10196540606
2023-05-31 16:00:00+00:00,13452.153675558744
2023-05-31 20:00:00+00:00,13387.733219433196
2023-06-01 00:00:00+00:00,13525.720459749702
2023-06-01 04:00:00+00:00,13518.86636161267
2023-06-01 08:00:00+00:00,13491.142154906685
2023-06-01 12:00:00+00:00,13490.23170572636
2023-06-01 16:00:00+00:00,13485.966156503055
2023-06-01 20:00:00+00:00,13485.966156503055
2023-06-02 00:00:00+00:00,13485.966156503055
2023-06-02 04:00:00+00:00,13485.966156503055
2023-06-02 08:00:00+00:00,13485.966156503055
2023-06-02 12:00:00+00:00,13485.966156503055
2023-06-02 16:00:00+00:00,13485.966156503055
2023-06-02 20:00:00+00:00,13485.966156503055
2023-06-03 00:00:00+00:00,13485.966156503055
2023-06-03 04:00:00+00:00,13485.966156503055
2023-06-03 08:00:00+00:00,13485.966156503055
2023-06-03 12:00:00+00:00,13485.966156503055
2023-06-03 16:00:00+00:00,13485.966156503055
2023-06-03 20:00:00+00:00,13485.966156503055
2023-06-04 00:00:00+00:00,13485.966156503055
2023-06-04 04:00:00+00:00,13485.966156503055
2023-06-04 08:00:00+00:00,13485.966156503055
2023-06-04 12:00:00+00:00,13485.966156503055
2023-06-04 16:00:00+00:00,13485.966156503055
2023-06-04 20:00:00+00:00,13485.966156503055
2023-06-05 00:00:00+00:00,13485.966156503055
2023-06-05 04:00:00+00:00,13485.966156503055
2023-06-05 08:00:00+00:00,13485.966156503055
2023-06-05 12:00:00+00:00,13485.966156503055
2023-06-05 16:00:00+00:00,13395.138920928586
2023-06-05 20:00:00+00:00,13415.631848441733
2023-06-06 00:00:00+00:00,13417.105068954319
2023-06-06 04:00:00+00:00,13414.133890168445
2023-06-06 08:00:00+00:00,13417.115762655485
2023-06-06 12:00:00+00:00,13284.46310368522
2023-06-06 16:00:00+00:00,12957.68507817695
2023-06-06 20:00:00+00:00,12916.787279422562
2023-06-07 00:00:00+00:00,13004.427515366517
2023-06-07 04:00:00+00:00,13032.722778761441
2023-06-07 08:00:00+00:00,13006.562236663525
2023-06-07 12:00:00+00:00,13147.364734687886
2023-06-07 16:00:00+00:00,13113.928228103741
2023-06-07 20:00:00+00:00,13149.588676890051
2023-06-08 00:00:00+00:00,13148.414455014363
2023-06-08 04:00:00+00:00,13123.019887467544
2023-06-08 08:00:00+00:00,13125.771130142499
2023-06-08 12:00:00+00:00,13122.349121516274
2023-06-08 16:00:00+00:00,13122.349121516274
2023-06-08 20:00:00+00:00,13122.349121516274
2023-06-09 00:00:00+00:00,13122.349121516274
2023-06-09 04:00:00+00:00,13122.349121516274
2023-06-09 08:00:00+00:00,13122.349121516274
2023-06-09 12:00:00+00:00,13122.349121516274
2023-06-09 16:00:00+00:00,13122.349121516274
2023-06-09 20:00:00+00:00,13122.349121516274
2023-06-10 00:00:00+00:00,13122.349121516274
2023-06-10 04:00:00+00:00,13122.349121516274
2023-06-10 08:00:00+00:00,13122.349121516274
2023-06-10 12:00:00+00:00,13122.349121516274
2023-06-10 16:00:00+00:00,13122.349121516274
2023-06-10 20:00:00+00:00,13122.349121516274
2023-06-11 00:00:00+00:00,13122.349121516274
2023-06-11 04:00:00+00:00,13122.349121516274
2023-06-11 08:00:00+00:00,13122.349121516274
2023-06-11 12:00:00+00:00,13122.349121516274
2023-06-11 16:00:00+00:00,13122.349121516274
2023-06-11 20:00:00+00:00,13122.349121516274
2023-06-12 00:00:00+00:00,13122.349121516274
2023-06-12 04:00:00+00:00,13122.349121516274
2023-06-12 08:00:00+00:00,13122.349121516274
2023-06-12 12:00:00+00:00,13122.349121516274
2023-06-12 16:00:00+00:00,13122.349121516274
2023-06-12 20:00:00+00:00,13122.349121516274
2023-06-13 00:00:00+00:00,13122.349121516274
2023-06-13 04:00:00+00:00,13122.349121516274
2023-06-13 08:00:00+00:00,13122.349121516274
2023-06-13 12:00:00+00:00,13122.349121516274
2023-06-13 16:00:00+00:00,13122.349121516274
2023-06-13 20:00:00+00:00,13122.349121516274
2023-06-14 00:00:00+00:00,13122.349121516274
2023-06-14 04:00:00+00:00,13122.349121516274
2023-06-14 08:00:00+00:00,13122.349121516274
2023-06-14 12:00:00+00:00,13122.349121516274
2023-06-14 16:00:00+00:00,13122.349121516274
2023-06-14 20:00:00+00:00,13122.349121516274
2023-06-15 00:00:00+00:00,13122.349121516274
2023-06-15 04:00:00+00:00,13122.349121516274
2023-06-15 08:00:00+00:00,13126.072094192003
2023-06-15 12:00:00+00:00,13114.069388187027
2023-06-15 16:00:00+00:00,13216.724991802566
2023-06-15 20:00:00+00:00,13245.333629770108
2023-06-16 00:00:00+00:00,13237.22429741628
2023-06-16 04:00:00+00:00,13233.276085383763
2023-06-16 08:00:00+00:00,13220.275282023716
2023-06-16 12:00:00+00:00,13297.378378733023
2023-06-16 16:00:00+00:00,13294.704858277082
2023-06-16 20:00:00+00:00,13294.704858277082
2023-06-17 00:00:00+00:00,13294.704858277082
2023-06-17 04:00:00+00:00,13294.704858277082
2023-06-17 08:00:00+00:00,13294.704858277082
2023-06-17 12:00:00+00:00,13294.704858277082
2023-06-17 16:00:00+00:00,13294.704858277082
2023-06-17 20:00:00+00:00,13294.704858277082
2023-06-18 00:00:00+00:00,13294.704858277082
2023-06-18 04:00:00+00:00,13294.704858277082
2023-06-18 08:00:00+00:00,13294.704858277082
2023-06-18 12:00:00+00:00,13294.704858277082
2023-06-18 16:00:00+00:00,13294.704858277082
2023-06-18 20:00:00+00:00,13294.704858277082
2023-06-19 00:00:00+00:00,13294.704858277082
2023-06-19 04:00:00+00:00,13294.704858277082
2023-06-19 08:00:00+00:00,13294.704858277082
2023-06-19 12:00:00+00:00,13294.704858277082
2023-06-19 16:00:00+00:00,13294.704858277082
2023-06-19 20:00:00+00:00,13294.704858277082
2023-06-20 00:00:00+00:00,13294.704858277082
2023-06-20 04:00:00+00:00,13294.704858277082
2023-06-20 08:00:00+00:00,13294.704858277082
2023-06-20 12:00:00+00:00,13294.704858277082
2023-06-20 16:00:00+00:00,13294.704858277082
2023-06-20 20:00:00+00:00,13381.464811830258
2023-06-21 00:00:00+00:00,13497.057791907404
2023-06-21 04:00:00+00:00,13538.091785583147
2023-06-21 08:00:00+00:00,13551.465167412553
2023-06-21 12:00:00+00:00,13796.487119145446
2023-06-21 16:00:00+00:00,13861.879650230183
2023-06-21 20:00:00+00:00,13834.907020742918
2023-06-22 00:00:00+00:00,13901.725620575671
2023-06-22 04:00:00+00:00,13858.958716310972
2023-06-22 08:00:00+00:00,13818.275936877835
2023-06-22 12:00:00+00:00,13799.58555074263
2023-06-22 16:00:00+00:00,13879.754154651464
2023-06-22 20:00:00+00:00,13806.17798379182
2023-06-23 00:00:00+00:00,13833.625065548968
2023-06-23 04:00:00+00:00,13816.475475871115
2023-06-23 08:00:00+00:00,13861.938971856085
2023-06-23 12:00:00+00:00,14125.48543126647
2023-06-23 16:00:00+00:00,14047.64852785553
2023-06-23 20:00:00+00:00,14006.319311679283
2023-06-24 00:00:00+00:00,14015.130183326299
2023-06-24 04:00:00+00:00,13982.698956721071
2023-06-24 08:00:00+00:00,14005.766865519476
2023-06-24 12:00:00+00:00,13943.056530362257
2023-06-24 16:00:00+00:00,13992.7810860453
2023-06-24 20:00:00+00:00,13971.27953865152
2023-06-25 00:00:00+00:00,14019.444440366711
2023-06-25 04:00:00+00:00,14012.95629492102
2023-06-25 08:00:00+00:00,14011.308942215926
2023-06-25 12:00:00+00:00,13978.971085096091
2023-06-25 16:00:00+00:00,13941.171512647703
2023-06-25 20:00:00+00:00,13950.356757140775
2023-06-26 00:00:00+00:00,13907.017276617553
2023-06-26 04:00:00+00:00,13933.401214409147
2023-06-26 08:00:00+00:00,13913.319854549545
2023-06-26 12:00:00+00:00,13934.064501220071
2023-06-26 16:00:00+00:00,13892.68797500031
2023-06-26 20:00:00+00:00,13898.91181782498
2023-06-27 00:00:00+00:00,13922.724477248541
2023-06-27 04:00:00+00:00,13933.845565315247
2023-06-27 08:00:00+00:00,14014.10283481213
2023-06-27 12:00:00+00:00,13954.470544511856
2023-06-27 16:00:00+00:00,13991.01061905193
2023-06-27 20:00:00+00:00,14002.210919415167
2023-06-28 00:00:00+00:00,13939.00331579458
2023-06-28 04:00:00+00:00,13870.59174991023
2023-06-28 08:00:00+00:00,13900.345011370433
2023-06-28 12:00:00+00:00,13928.024217842267
2023-06-28 16:00:00+00:00,13844.412054797831
2023-06-28 20:00:00+00:00,13840.237803775908
2023-06-29 00:00:00+00:00,13816.198153872121
2023-06-29 04:00:00+00:00,13771.251954813491
2023-06-29 08:00:00+00:00,13848.708642256048
2023-06-29 12:00:00+00:00,13797.89071075056
2023-06-29 16:00:00+00:00,13823.972578415276
2023-06-29 20:00:00+00:00,13788.858872128621
2023-06-30 00:00:00+00:00,13865.991900693705
2023-06-30 04:00:00+00:00,13872.434093813663
2023-06-30 08:00:00+00:00,13906.432757263248
2023-06-30 12:00:00+00:00,13687.935869289764
2023-06-30 16:00:00+00:00,13613.369161468441
2023-06-30 20:00:00+00:00,13592.170406708217
2023-07-01 00:00:00+00:00,13607.703762185727
2023-07-01 04:00:00+00:00,13594.824190677173
2023-07-01 08:00:00+00:00,13581.390539327747
2023-07-01 12:00:00+00:00,13568.6255720945
2023-07-01 16:00:00+00:00,13559.67958164296
2023-07-01 20:00:00+00:00,13566.39394382184
2023-07-02 00:00:00+00:00,13562.483892775055
2023-07-02 04:00:00+00:00,13562.483892775055
2023-07-02 08:00:00+00:00,13562.483892775055
2023-07-02 12:00:00+00:00,13562.483892775055
2023-07-02 16:00:00+00:00,13562.483892775055
2023-07-02 20:00:00+00:00,13562.483892775055
2023-07-03 00:00:00+00:00,13562.483892775055
2023-07-03 04:00:00+00:00,13562.483892775055
2023-07-03 08:00:00+00:00,13562.483892775055
2023-07-03 12:00:00+00:00,13562.483892775055
2023-07-03 16:00:00+00:00,13562.483892775055
2023-07-03 20:00:00+00:00,13562.483892775055
2023-07-04 00:00:00+00:00,13562.483892775055
2023-07-04 04:00:00+00:00,13562.483892775055
2023-07-04 08:00:00+00:00,13562.483892775055
2023-07-04 12:00:00+00:00,13562.483892775055
2023-07-04 16:00:00+00:00,13562.483892775055
2023-07-04 20:00:00+00:00,13562.483892775055
2023-07-05 00:00:00+00:00,13562.483892775055
2023-07-05 04:00:00+00:00,13562.483892775055
2023-07-05 08:00:00+00:00,13562.483892775055
2023-07-05 12:00:00+00:00,13562.483892775055
2023-07-05 16:00:00+00:00,13562.483892775055
2023-07-05 20:00:00+00:00,13562.483892775055
2023-07-06 00:00:00+00:00,13562.483892775055
2023-07-06 04:00:00+00:00,13562.483892775055
2023-07-06 08:00:00+00:00,13562.483892775055
2023-07-06 12:00:00+00:00,13562.483892775055
2023-07-06 16:00:00+00:00,13562.483892775055
2023-07-06 20:00:00+00:00,13562.483892775055
2023-07-07 00:00:00+00:00,13562.483892775055
2023-07-07 04:00:00+00:00,13562.483892775055
2023-07-07 08:00:00+00:00,13562.483892775055
2023-07-07 12:00:00+00:00,13562.483892775055
2023-07-07 16:00:00+00:00,13562.483892775055
2023-07-07 20:00:00+00:00,13562.483892775055
2023-07-08 00:00:00+00:00,13562.483892775055
2023-07-08 04:00:00+00:00,13562.483892775055
2023-07-08 08:00:00+00:00,13562.483892775055
2023-07-08 12:00:00+00:00,13562.483892775055
2023-07-08 16:00:00+00:00,13562.483892775055
2023-07-08 20:00:00+00:00,13562.483892775055
2023-07-09 00:00:00+00:00,13562.483892775055
2023-07-09 04:00:00+00:00,13562.483892775055
2023-07-09 08:00:00+00:00,13562.483892775055
2023-07-09 12:00:00+00:00,13562.483892775055
2023-07-09 16:00:00+00:00,13562.483892775055
2023-07-09 20:00:00+00:00,13562.483892775055
2023-07-10 00:00:00+00:00,13562.483892775055
2023-07-10 04:00:00+00:00,13562.483892775055
2023-07-10 08:00:00+00:00,13562.483892775055
2023-07-10 12:00:00+00:00,13562.483892775055
2023-07-10 16:00:00+00:00,13562.483892775055
2023-07-10 20:00:00+00:00,13562.483892775055
2023-07-11 00:00:00+00:00,13562.483892775055
2023-07-11 04:00:00+00:00,13562.483892775055
2023-07-11 08:00:00+00:00,13562.483892775055
2023-07-11 12:00:00+00:00,13562.483892775055
2023-07-11 16:00:00+00:00,13562.483892775055
2023-07-11 20:00:00+00:00,13562.483892775055
2023-07-12 00:00:00+00:00,13562.483892775055
2023-07-12 04:00:00+00:00,13607.414890958351
2023-07-12 08:00:00+00:00,13618.322084875645
2023-07-12 12:00:00+00:00,13530.339198974456
2023-07-12 16:00:00+00:00,13449.985998346994
2023-07-12 20:00:00+00:00,13482.692223724418
2023-07-13 00:00:00+00:00,13454.368165252257
2023-07-13 04:00:00+00:00,13478.500871166001
2023-07-13 08:00:00+00:00,13538.603158288926
2023-07-13 12:00:00+00:00,13672.499060728882
2023-07-13 16:00:00+00:00,13895.006063936375
2023-07-13 20:00:00+00:00,13848.138724854674
2023-07-14 00:00:00+00:00,13848.059303334461
2023-07-14 04:00:00+00:00,13750.374490386388
2023-07-14 08:00:00+00:00,13780.015042589821
2023-07-14 12:00:00+00:00,13788.440124819826
2023-07-14 16:00:00+00:00,13463.339881899232
2023-07-14 20:00:00+00:00,13408.231463151014
2023-07-15 00:00:00+00:00,13411.868026510321
2023-07-15 04:00:00+00:00,13401.239773542533
2023-07-15 08:00:00+00:00,13406.334299660633
2023-07-15 12:00:00+00:00,13408.362406431681
2023-07-15 16:00:00+00:00,13403.054316916878
2023-07-15 20:00:00+00:00,13412.62777136148
2023-07-16 00:00:00+00:00,13443.841076794242
2023-07-16 04:00:00+00:00,13419.488055007547
2023-07-16 08:00:00+00:00,13407.328442343583
2023-07-16 12:00:00+00:00,13383.517977038697
2023-07-16 16:00:00+00:00,13425.895681798516
2023-07-16 20:00:00+00:00,13433.519654357364
2023-07-17 00:00:00+00:00,13406.727477046412
2023-07-17 04:00:00+00:00,13417.265695072556
2023-07-17 08:00:00+00:00,13461.194406867933
2023-07-17 12:00:00+00:00,13454.535209527607
2023-07-17 16:00:00+00:00,13559.128575473274
2023-07-17 20:00:00+00:00,13553.744830251422
2023-07-18 00:00:00+00:00,13553.744830251422
2023-07-18 04:00:00+00:00,13553.744830251422
2023-07-18 08:00:00+00:00,13553.744830251422
2023-07-18 12:00:00+00:00,13540.63516647449
2023-07-18 16:00:00+00:00,13604.742183378865
2023-07-18 20:00:00+00:00,13559.579519975592
2023-07-19 00:00:00+00:00,13493.128368017386
2023-07-19 04:00:00+00:00,13514.44845501766
2023-07-19 08:00:00+00:00,13507.908765633954
2023-07-19 12:00:00+00:00,13530.226969088822
2023-07-19 16:00:00+00:00,13499.377875345792
2023-07-19 20:00:00+00:00,13546.341249796551
2023-07-20 00:00:00+00:00,13532.12283657783
2023-07-20 04:00:00+00:00,13440.138391938215
2023-07-20 08:00:00+00:00,13413.653236738626
2023-07-20 12:00:00+00:00,13582.405834969972
2023-07-20 16:00:00+00:00,13598.531592302887
2023-07-20 20:00:00+00:00,13583.226294298473
2023-07-21 00:00:00+00:00,13552.566155628234
2023-07-21 04:00:00+00:00,13594.69531281975
2023-07-21 08:00:00+00:00,13592.280625079848
2023-07-21 12:00:00+00:00,13561.39854635261
2023-07-21 16:00:00+00:00,13556.917031097892
2023-07-21 20:00:00+00:00,13547.43985584547
2023-07-22 00:00:00+00:00,13549.298970627711
2023-07-22 04:00:00+00:00,13531.431866913797
2023-07-22 08:00:00+00:00,13554.2970831588
2023-07-22 12:00:00+00:00,13550.232533841743
2023-07-22 16:00:00+00:00,13576.195374324954
2023-07-22 20:00:00+00:00,13591.823456168499
2023-07-23 00:00:00+00:00,13571.266248933418
2023-07-23 04:00:00+00:00,13541.541468877656
2023-07-23 08:00:00+00:00,13551.26430118945
2023-07-23 12:00:00+00:00,13548.993343414122
2023-07-23 16:00:00+00:00,13457.407972912382
2023-07-23 20:00:00+00:00,13462.454409701475
2023-07-24 00:00:00+00:00,13624.569742987753
2023-07-24 04:00:00+00:00,13577.019325877125
2023-07-24 08:00:00+00:00,13814.568074408318
2023-07-24 12:00:00+00:00,13879.571745077796
2023-07-24 16:00:00+00:00,13872.646499007576
2023-07-24 20:00:00+00:00,13851.032532615947
2023-07-25 00:00:00+00:00,13876.635257582124
2023-07-25 04:00:00+00:00,13863.501040226107
2023-07-25 08:00:00+00:00,13870.16624611093
2023-07-25 12:00:00+00:00,13849.450300953766
2023-07-25 16:00:00+00:00,13841.451702879036
2023-07-25 20:00:00+00:00,13830.009693143142
2023-07-26 00:00:00+00:00,13825.92500921804
2023-07-26 04:00:00+00:00,13835.425446222262
2023-07-26 08:00:00+00:00,13854.295466592079
2023-07-26 12:00:00+00:00,13790.828453786342
2023-07-26 16:00:00+00:00,13754.677107634325
2023-07-26 20:00:00+00:00,13778.078521671045
2023-07-27 00:00:00+00:00,13756.423296410188
2023-07-27 04:00:00+00:00,13752.540568862865
2023-07-27 08:00:00+00:00,13710.477243350257
2023-07-27 12:00:00+00:00,13805.595899781485
2023-07-27 16:00:00+00:00,13861.017750447463
2023-07-27 20:00:00+00:00,13835.868564877817
2023-07-28 00:00:00+00:00,13822.681373676463
2023-07-28 04:00:00+00:00,13874.524050557045
2023-07-28 08:00:00+00:00,13867.76534649123
2023-07-28 12:00:00+00:00,13867.76534649123
2023-07-28 16:00:00+00:00,13867.76534649123
2023-07-28 20:00:00+00:00,13867.76534649123
2023-07-29 00:00:00+00:00,13867.76534649123
2023-07-29 04:00:00+00:00,13867.76534649123
2023-07-29 08:00:00+00:00,13867.76534649123
2023-07-29 12:00:00+00:00,13867.76534649123
2023-07-29 16:00:00+00:00,13867.76534649123
2023-07-29 20:00:00+00:00,13867.76534649123
2023-07-30 00:00:00+00:00,13867.76534649123
2023-07-30 04:00:00+00:00,13867.76534649123
2023-07-30 08:00:00+00:00,13867.76534649123
2023-07-30 12:00:00+00:00,13867.76534649123
2023-07-30 16:00:00+00:00,13867.76534649123
2023-07-30 20:00:00+00:00,13867.76534649123
2023-07-31 00:00:00+00:00,13867.76534649123
2023-07-31 04:00:00+00:00,13867.76534649123
2023-07-31 08:00:00+00:00,13867.76534649123
2023-07-31 12:00:00+00:00,13867.76534649123
2023-07-31 16:00:00+00:00,13867.76534649123
2023-07-31 20:00:00+00:00,13867.76534649123
2023-08-01 00:00:00+00:00,13867.76534649123
2023-08-01 04:00:00+00:00,13867.76534649123
2023-08-01 08:00:00+00:00,13867.76534649123
2023-08-01 12:00:00+00:00,13867.76534649123
2023-08-01 16:00:00+00:00,13867.76534649123
2023-08-01 20:00:00+00:00,13867.76534649123
2023-08-02 00:00:00+00:00,13867.76534649123
2023-08-02 04:00:00+00:00,13867.76534649123
2023-08-02 08:00:00+00:00,13867.76534649123
2023-08-02 12:00:00+00:00,13867.76534649123
2023-08-02 16:00:00+00:00,13867.76534649123
2023-08-02 20:00:00+00:00,13867.76534649123
2023-08-03 00:00:00+00:00,13867.76534649123
2023-08-03 04:00:00+00:00,13867.76534649123
2023-08-03 08:00:00+00:00,13867.76534649123
2023-08-03 12:00:00+00:00,13867.76534649123
2023-08-03 16:00:00+00:00,13867.76534649123
2023-08-03 20:00:00+00:00,13867.76534649123
2023-08-04 00:00:00+00:00,13867.76534649123
2023-08-04 04:00:00+00:00,13867.76534649123
2023-08-04 08:00:00+00:00,13867.76534649123
2023-08-04 12:00:00+00:00,13867.76534649123
2023-08-04 16:00:00+00:00,13867.76534649123
2023-08-04 20:00:00+00:00,13867.76534649123
2023-08-05 00:00:00+00:00,13867.76534649123
2023-08-05 04:00:00+00:00,13867.76534649123
2023-08-05 08:00:00+00:00,13867.76534649123
2023-08-05 12:00:00+00:00,13867.76534649123
2023-08-05 16:00:00+00:00,13867.76534649123
2023-08-05 20:00:00+00:00,13867.76534649123
2023-08-06 00:00:00+00:00,13867.76534649123
2023-08-06 04:00:00+00:00,13867.76534649123
2023-08-06 08:00:00+00:00,13867.76534649123
2023-08-06 12:00:00+00:00,13867.76534649123
2023-08-06 16:00:00+00:00,13867.76534649123
2023-08-06 20:00:00+00:00,13867.76534649123
2023-08-07 00:00:00+00:00,13867.76534649123
2023-08-07 04:00:00+00:00,13867.76534649123
2023-08-07 08:00:00+00:00,13867.76534649123
2023-08-07 12:00:00+00:00,13867.76534649123
2023-08-07 16:00:00+00:00,13867.76534649123
2023-08-07 20:00:00+00:00,13867.76534649123
2023-08-08 00:00:00+00:00,13867.76534649123
2023-08-08 04:00:00+00:00,13867.76534649123
2023-08-08 08:00:00+00:00,13867.76534649123
2023-08-08 12:00:00+00:00,13867.76534649123
2023-08-08 16:00:00+00:00,13867.76534649123
2023-08-08 20:00:00+00:00,13867.76534649123
2023-08-09 00:00:00+00:00,13867.76534649123
2023-08-09 04:00:00+00:00,13867.76534649123
2023-08-09 08:00:00+00:00,13867.76534649123
2023-08-09 12:00:00+00:00,13867.76534649123
2023-08-09 16:00:00+00:00,13711.019369662963
2023-08-09 20:00:00+00:00,13780.499236140447
2023-08-10 00:00:00+00:00,13777.630525236764
2023-08-10 04:00:00+00:00,13749.682317107396
2023-08-10 08:00:00+00:00,13742.159453345756
2023-08-10 12:00:00+00:00,13725.224437253513
2023-08-10 16:00:00+00:00,13716.405731852148
2023-08-10 20:00:00+00:00,13719.955889114955
2023-08-11 00:00:00+00:00,13698.571381886017
2023-08-11 04:00:00+00:00,13701.274585256973
2023-08-11 08:00:00+00:00,13713.232571126395
2023-08-11 12:00:00+00:00,13687.522104885566
2023-08-11 16:00:00+00:00,13688.802609538705
2023-08-11 20:00:00+00:00,13702.336056882605
2023-08-12 00:00:00+00:00,13686.572176333157
2023-08-12 04:00:00+00:00,13697.963894528099
2023-08-12 08:00:00+00:00,13699.579718475348
2023-08-12 12:00:00+00:00,13704.524949106932
2023-08-12 16:00:00+00:00,13691.737883896418
2023-08-12 20:00:00+00:00,13699.459426650748
2023-08-13 00:00:00+00:00,13685.338962257792
2023-08-13 04:00:00+00:00,13674.500634603415
2023-08-13 08:00:00+00:00,13665.5931537954
2023-08-13 12:00:00+00:00,13655.77316761811
2023-08-13 16:00:00+00:00,13655.77316761811
2023-08-13 20:00:00+00:00,13655.77316761811
2023-08-14 00:00:00+00:00,13655.77316761811
2023-08-14 04:00:00+00:00,13655.77316761811
2023-08-14 08:00:00+00:00,13655.77316761811
2023-08-14 12:00:00+00:00,13655.77316761811
2023-08-14 16:00:00+00:00,13655.77316761811
2023-08-14 20:00:00+00:00,13655.77316761811
2023-08-15 00:00:00+00:00,13655.77316761811
2023-08-15 04:00:00+00:00,13655.77316761811
2023-08-15 08:00:00+00:00,13655.77316761811
2023-08-15 12:00:00+00:00,13655.77316761811
2023-08-15 16:00:00+00:00,13655.77316761811
2023-08-15 20:00:00+00:00,13655.77316761811
2023-08-16 00:00:00+00:00,13655.77316761811
2023-08-16 04:00:00+00:00,13655.77316761811
2023-08-16 08:00:00+00:00,13655.77316761811
2023-08-16 12:00:00+00:00,13655.77316761811
2023-08-16 16:00:00+00:00,13655.77316761811
2023-08-16 20:00:00+00:00,13655.77316761811
2023-08-17 00:00:00+00:00,13623.118227899276
2023-08-17 04:00:00+00:00,13612.301342989971
2023-08-17 08:00:00+00:00,13640.37041657468
2023-08-17 12:00:00+00:00,13975.471705572078
2023-08-17 16:00:00+00:00,13991.041811869725
2023-08-17 20:00:00+00:00,14591.508273134366
2023-08-18 00:00:00+00:00,14653.797844581723
2023-08-18 04:00:00+00:00,14645.760144406979
2023-08-18 08:00:00+00:00,14627.194612240519
2023-08-18 12:00:00+00:00,14767.007850419506
2023-08-18 16:00:00+00:00,14750.144734986456
2023-08-18 20:00:00+00:00,14753.08717959856
2023-08-19 00:00:00+00:00,14776.153124532828
2023-08-19 04:00:00+00:00,14790.81906126342
2023-08-19 08:00:00+00:00,14796.994406296517
2023-08-19 12:00:00+00:00,14701.82789602792
2023-08-19 16:00:00+00:00,14727.826883502343
2023-08-19 20:00:00+00:00,14735.179463048842
2023-08-20 00:00:00+00:00,14733.979286178645
2023-08-20 04:00:00+00:00,14739.46079592966
2023-08-20 08:00:00+00:00,14708.79357056917
2023-08-20 12:00:00+00:00,14732.269160299966
2023-08-20 16:00:00+00:00,14722.830417567144
2023-08-20 20:00:00+00:00,14703.63029951881
2023-08-21 00:00:00+00:00,14739.241727769497
2023-08-21 04:00:00+00:00,14763.346115254499
2023-08-21 08:00:00+00:00,14760.02866546988
2023-08-21 12:00:00+00:00,14796.91165859382
2023-08-21 16:00:00+00:00,14735.383480376486
2023-08-21 20:00:00+00:00,14724.15120584277
2023-08-22 00:00:00+00:00,14752.368501955396
2023-08-22 04:00:00+00:00,14732.503613750583
2023-08-22 08:00:00+00:00,14753.70160618406
2023-08-22 12:00:00+00:00,14802.816903752713
2023-08-22 16:00:00+00:00,14870.471985390079
2023-08-22 20:00:00+00:00,14752.195233461744
2023-08-23 00:00:00+00:00,14771.941316375945
2023-08-23 04:00:00+00:00,14751.087181119889
2023-08-23 08:00:00+00:00,14797.28917435481
2023-08-23 12:00:00+00:00,14714.162806821256
2023-08-23 16:00:00+00:00,14525.63457662702
2023-08-23 20:00:00+00:00,14596.135776505176
2023-08-24 00:00:00+00:00,14591.891104273125
2023-08-24 04:00:00+00:00,14580.859883849287
2023-08-24 08:00:00+00:00,14590.817707465838
2023-08-24 12:00:00+00:00,14757.85743475875
2023-08-24 16:00:00+00:00,14743.90143451814
2023-08-24 20:00:00+00:00,14693.02907503753
2023-08-25 00:00:00+00:00,14718.371326253058
2023-08-25 04:00:00+00:00,14765.492104848125
2023-08-25 08:00:00+00:00,14719.95702422019
2023-08-25 12:00:00+00:00,14786.95607015491
2023-08-25 16:00:00+00:00,14770.377560682953
2023-08-25 20:00:00+00:00,14736.106552341469
2023-08-26 00:00:00+00:00,14726.690991072159
2023-08-26 04:00:00+00:00,14741.303816150232
2023-08-26 08:00:00+00:00,14743.265231279234
2023-08-26 12:00:00+00:00,14741.17082349491
2023-08-26 16:00:00+00:00,14748.990435801508
2023-08-26 20:00:00+00:00,14757.526701281502
2023-08-27 00:00:00+00:00,14754.732247676548
2023-08-27 04:00:00+00:00,14744.962096854908
2023-08-27 08:00:00+00:00,14734.413487250511
2023-08-27 12:00:00+00:00,14700.5149445534
2023-08-27 16:00:00+00:00,14699.834441306622
2023-08-27 20:00:00+00:00,14713.398927102502
2023-08-28 00:00:00+00:00,14762.3905059466
2023-08-28 04:00:00+00:00,14808.65371227714
2023-08-28 08:00:00+00:00,14768.070470358862
2023-08-28 12:00:00+00:00,14707.97829637394
2023-08-28 16:00:00+00:00,14773.524476102424
2023-08-28 20:00:00+00:00,14702.041509675733
2023-08-29 00:00:00+00:00,14723.559164320328
2023-08-29 04:00:00+00:00,14766.890184076501
2023-08-29 08:00:00+00:00,14784.708013842692
2023-08-29 12:00:00+00:00,13924.889243800806
2023-08-29 16:00:00+00:00,13760.687584900732
2023-08-29 20:00:00+00:00,13802.455079890331
2023-08-30 00:00:00+00:00,13914.8916165599
2023-08-30 04:00:00+00:00,13898.359430727336
2023-08-30 08:00:00+00:00,13935.237917867382
2023-08-30 12:00:00+00:00,13982.316206343017
2023-08-30 16:00:00+00:00,13991.07010333406
2023-08-30 20:00:00+00:00,13947.699888805677
2023-08-31 00:00:00+00:00,13977.465091083513
2023-08-31 04:00:00+00:00,13962.064025095286
2023-08-31 08:00:00+00:00,13946.2426870253
2023-08-31 12:00:00+00:00,14086.418566330625
2023-08-31 16:00:00+00:00,14355.4585641014
2023-08-31 20:00:00+00:00,14425.455727260505
2023-09-01 00:00:00+00:00,14380.630047378949
2023-09-01 04:00:00+00:00,14411.136075332659
2023-09-01 08:00:00+00:00,14391.759665530726
2023-09-01 12:00:00+00:00,14471.546954759326
2023-09-01 16:00:00+00:00,14523.877515627331
2023-09-01 20:00:00+00:00,14474.05713343438
2023-09-02 00:00:00+00:00,14476.999007145656
2023-09-02 04:00:00+00:00,14477.556025284222
2023-09-02 08:00:00+00:00,14471.964014797393
2023-09-02 12:00:00+00:00,14444.003789107139
2023-09-02 16:00:00+00:00,14464.542568727993
2023-09-02 20:00:00+00:00,14452.091105556105
2023-09-03 00:00:00+00:00,14454.088197523439
2023-09-03 04:00:00+00:00,14418.503531554814
2023-09-03 08:00:00+00:00,14422.71111117487
2023-09-03 12:00:00+00:00,14452.442746124078
2023-09-03 16:00:00+00:00,14395.063794111391
2023-09-03 20:00:00+00:00,14409.583920793277
2023-09-04 00:00:00+00:00,14404.582703423723
2023-09-04 04:00:00+00:00,14412.991383009989
2023-09-04 08:00:00+00:00,14445.294087132746
2023-09-04 12:00:00+00:00,14477.627663463156
2023-09-04 16:00:00+00:00,14443.837134010224
2023-09-04 20:00:00+00:00,14473.60801570049
2023-09-05 00:00:00+00:00,14531.947907469581
2023-09-05 04:00:00+00:00,14513.036182973095
2023-09-05 08:00:00+00:00,14491.785566448365
2023-09-05 12:00:00+00:00,14502.387065357487
2023-09-05 16:00:00+00:00,14537.556617104858
2023-09-05 20:00:00+00:00,14486.935963347425
2023-09-06 00:00:00+00:00,14491.301556700771
2023-09-06 04:00:00+00:00,14517.850906406
2023-09-06 08:00:00+00:00,14514.069493985724
2023-09-06 12:00:00+00:00,14589.821654608517
2023-09-06 16:00:00+00:00,14536.119146034369
2023-09-06 20:00:00+00:00,14504.045665289445
2023-09-07 00:00:00+00:00,14467.533933521987
2023-09-07 04:00:00+00:00,14502.847736288222
2023-09-07 08:00:00+00:00,14530.137085713795
2023-09-07 12:00:00+00:00,14523.746596863855
2023-09-07 16:00:00+00:00,14523.746596863855
2023-09-07 20:00:00+00:00,14523.746596863855
2023-09-08 00:00:00+00:00,14523.746596863855
2023-09-08 04:00:00+00:00,14523.746596863855
2023-09-08 08:00:00+00:00,14523.746596863855
2023-09-08 12:00:00+00:00,14523.746596863855
2023-09-08 16:00:00+00:00,14523.746596863855
2023-09-08 20:00:00+00:00,14523.746596863855
2023-09-09 00:00:00+00:00,14523.746596863855
2023-09-09 04:00:00+00:00,14523.746596863855
2023-09-09 08:00:00+00:00,14523.746596863855
2023-09-09 12:00:00+00:00,14523.746596863855
2023-09-09 16:00:00+00:00,14523.746596863855
2023-09-09 20:00:00+00:00,14523.746596863855
2023-09-10 00:00:00+00:00,14523.746596863855
2023-09-10 04:00:00+00:00,14523.746596863855
2023-09-10 08:00:00+00:00,14523.746596863855
2023-09-10 12:00:00+00:00,14523.746596863855
2023-09-10 16:00:00+00:00,14523.746596863855
2023-09-10 20:00:00+00:00,14523.746596863855
2023-09-11 00:00:00+00:00,14523.746596863855
2023-09-11 04:00:00+00:00,14523.746596863855
2023-09-11 08:00:00+00:00,14523.746596863855
2023-09-11 12:00:00+00:00,14523.746596863855
2023-09-11 16:00:00+00:00,14490.79658882978
2023-09-11 20:00:00+00:00,14414.295134339574
2023-09-12 00:00:00+00:00,14121.766799473999
2023-09-12 04:00:00+00:00,14112.488658742579
2023-09-12 08:00:00+00:00,14004.562102508802
2023-09-12 12:00:00+00:00,13966.081458396135
2023-09-12 16:00:00+00:00,14016.157093248536
2023-09-12 20:00:00+00:00,14091.447647902536
2023-09-13 00:00:00+00:00,14077.20706994512
2023-09-13 04:00:00+00:00,14078.04536933748
2023-09-13 08:00:00+00:00,13969.729368892513
2023-09-13 12:00:00+00:00,13954.97059625587
2023-09-13 16:00:00+00:00,13987.685375181312
2023-09-13 20:00:00+00:00,13961.32634760957
2023-09-14 00:00:00+00:00,13946.510316876524
2023-09-14 04:00:00+00:00,13920.67238353138
2023-09-14 08:00:00+00:00,13887.646809677784
2023-09-14 12:00:00+00:00,13804.150278408748
2023-09-14 16:00:00+00:00,13799.738629259751
2023-09-14 20:00:00+00:00,13799.738629259751
2023-09-15 00:00:00+00:00,13799.738629259751
2023-09-15 04:00:00+00:00,13779.203325419337
2023-09-15 08:00:00+00:00,13731.150449993505
2023-09-15 12:00:00+00:00,13695.558604504044
2023-09-15 16:00:00+00:00,13721.26491812282
2023-09-15 20:00:00+00:00,13792.565602205666
2023-09-16 00:00:00+00:00,13796.236378643098
2023-09-16 04:00:00+00:00,13756.162481042356
2023-09-16 08:00:00+00:00,13764.74207770239
2023-09-16 12:00:00+00:00,13758.452808392492
2023-09-16 16:00:00+00:00,13769.69508435519
2023-09-16 20:00:00+00:00,13778.253386909812
2023-09-17 00:00:00+00:00,13763.824603168858
2023-09-17 04:00:00+00:00,13752.147023118268
2023-09-17 08:00:00+00:00,13781.883611863394
2023-09-17 12:00:00+00:00,13774.468123555365
2023-09-17 16:00:00+00:00,13754.007981490398
2023-09-17 20:00:00+00:00,13764.306077077941
2023-09-18 00:00:00+00:00,13825.695970317463
2023-09-18 04:00:00+00:00,13850.566697697635
2023-09-18 08:00:00+00:00,14068.232327423722
2023-09-18 12:00:00+00:00,14099.506964015862
2023-09-18 16:00:00+00:00,13906.188287817733
2023-09-18 20:00:00+00:00,13885.139891021243
2023-09-19 00:00:00+00:00,13906.696767780892
2023-09-19 04:00:00+00:00,13918.986433237827
2023-09-19 08:00:00+00:00,14078.434949382454
2023-09-19 12:00:00+00:00,14151.231334435855
2023-09-19 16:00:00+00:00,14062.682211249628
2023-09-19 20:00:00+00:00,14071.023630321155
2023-09-20 00:00:00+00:00,14038.821159626721
2023-09-20 04:00:00+00:00,14032.757691707755
2023-09-20 08:00:00+00:00,14031.224504852658
2023-09-20 12:00:00+00:00,14061.461354864861
2023-09-20 16:00:00+00:00,13968.964032373357
2023-09-20 20:00:00+00:00,14035.170812857148
2023-09-21 00:00:00+00:00,14007.113277773342
2023-09-21 04:00:00+00:00,13990.014340563268
2023-09-21 08:00:00+00:00,13897.584733609418
2023-09-21 12:00:00+00:00,13942.590160959075
2023-09-21 16:00:00+00:00,13935.05673940687
2023-09-21 20:00:00+00:00,13947.896014315751
2023-09-22 00:00:00+00:00,13924.287741552465
2023-09-22 04:00:00+00:00,13907.869810806425
2023-09-22 08:00:00+00:00,13919.463500671363
2023-09-22 12:00:00+00:00,13923.281989584924
2023-09-22 16:00:00+00:00,13960.774027544643
2023-09-22 20:00:00+00:00,13943.629501215226
2023-09-23 00:00:00+00:00,13963.448690004345
2023-09-23 04:00:00+00:00,13940.34626446188
2023-09-23 08:00:00+00:00,13944.391315508414
2023-09-23 12:00:00+00:00,13941.806880802518
2023-09-23 16:00:00+00:00,13928.49583494759
2023-09-23 20:00:00+00:00,13943.963628165806
2023-09-24 00:00:00+00:00,13945.388254904487
2023-09-24 04:00:00+00:00,13949.165473179288
2023-09-24 08:00:00+00:00,13928.921438741892
2023-09-24 12:00:00+00:00,13941.302963864317
2023-09-24 16:00:00+00:00,14021.876566264982
2023-09-24 20:00:00+00:00,14134.29186856193
2023-09-25 00:00:00+00:00,14178.532095617638
2023-09-25 04:00:00+00:00,14163.72275509866
2023-09-25 08:00:00+00:00,14157.003471630202
2023-09-25 12:00:00+00:00,14157.003471630202
2023-09-25 16:00:00+00:00,14157.003471630202
2023-09-25 20:00:00+00:00,14157.003471630202
2023-09-26 00:00:00+00:00,14125.900263585738
2023-09-26 04:00:00+00:00,14167.92866433784
2023-09-26 08:00:00+00:00,14164.595658945447
2023-09-26 12:00:00+00:00,14242.79233570934
2023-09-26 16:00:00+00:00,14178.552968989818
2023-09-26 20:00:00+00:00,14192.794756898003
2023-09-27 00:00:00+00:00,14162.001382884499
2023-09-27 04:00:00+00:00,14179.995850522018
2023-09-27 08:00:00+00:00,13885.29267401126
2023-09-27 12:00:00+00:00,14112.998183348265
2023-09-27 16:00:00+00:00,14127.389421715656
2023-09-27 20:00:00+00:00,14082.508555962637
2023-09-28 00:00:00+00:00,14080.504707537426
2023-09-28 04:00:00+00:00,14043.595385878267
2023-09-28 08:00:00+00:00,14034.961860952057
2023-09-28 12:00:00+00:00,13786.118579553453
2023-09-28 16:00:00+00:00,13780.215763038228
2023-09-28 20:00:00+00:00,13780.215763038228
2023-09-29 00:00:00+00:00,13748.553824121376
2023-09-29 04:00:00+00:00,13835.700392739389
2023-09-29 08:00:00+00:00,13754.67915302079
2023-09-29 12:00:00+00:00,13722.363499308734
2023-09-29 16:00:00+00:00,13736.236390774475
2023-09-29 20:00:00+00:00,13727.969921062826
2023-09-30 00:00:00+00:00,13732.934887451578
2023-09-30 04:00:00+00:00,13737.466084815824
2023-09-30 08:00:00+00:00,13740.754293359472
2023-09-30 12:00:00+00:00,13767.345543825912
2023-09-30 16:00:00+00:00,13778.21748954025
2023-09-30 20:00:00+00:00,13750.665469421461
2023-10-01 00:00:00+00:00,13788.392779258997
2023-10-01 04:00:00+00:00,13816.302802251423
2023-10-01 08:00:00+00:00,13856.051863356362
2023-10-01 12:00:00+00:00,13837.341533267057
2023-10-01 16:00:00+00:00,13815.52464787287
2023-10-01 20:00:00+00:00,14263.018677695542
2023-10-02 00:00:00+00:00,14315.16076249147
2023-10-02 04:00:00+00:00,14387.946815552821
2023-10-02 08:00:00+00:00,14343.787481722926
2023-10-02 12:00:00+00:00,14280.490534255894
2023-10-02 16:00:00+00:00,14259.25803051558
2023-10-02 20:00:00+00:00,14096.300165979388
2023-10-03 00:00:00+00:00,14129.912083826875
2023-10-03 04:00:00+00:00,14111.302038618982
2023-10-03 08:00:00+00:00,14117.963945946462
2023-10-03 12:00:00+00:00,14044.538969465919
2023-10-03 16:00:00+00:00,14021.492105632542
2023-10-03 20:00:00+00:00,14071.329312880473
2023-10-04 00:00:00+00:00,14061.225453125528
2023-10-04 04:00:00+00:00,14052.602560563415
2023-10-04 08:00:00+00:00,14012.221165603332
2023-10-04 12:00:00+00:00,13942.510944152971
2023-10-04 16:00:00+00:00,14018.677577829614
2023-10-04 20:00:00+00:00,14071.25545741114
2023-10-05 00:00:00+00:00,14029.526369828936
2023-10-05 04:00:00+00:00,14014.658271368582
2023-10-05 08:00:00+00:00,14055.967265282536
2023-10-05 12:00:00+00:00,13993.888549425723
2023-10-05 16:00:00+00:00,13965.876034771776
2023-10-05 20:00:00+00:00,13946.075862009608
2023-10-06 00:00:00+00:00,13996.81735851303
2023-10-06 04:00:00+00:00,14025.733348072967
2023-10-06 08:00:00+00:00,14069.950104892387
2023-10-06 12:00:00+00:00,14134.611602857087
2023-10-06 16:00:00+00:00,14138.664628128914
2023-10-06 20:00:00+00:00,14130.927839573602
2023-10-07 00:00:00+00:00,14122.332264842573
2023-10-07 04:00:00+00:00,14117.960024193104
2023-10-07 08:00:00+00:00,14135.232332397027
2023-10-07 12:00:00+00:00,14134.033364542633
2023-10-07 16:00:00+00:00,14105.399857068285
2023-10-07 20:00:00+00:00,14140.569299854333
2023-10-08 00:00:00+00:00,14182.177869343152
2023-10-08 04:00:00+00:00,14118.910810309097
2023-10-08 08:00:00+00:00,14081.088613026905
2023-10-08 12:00:00+00:00,14115.605395017514
2023-10-08 16:00:00+00:00,14113.708607283066
2023-10-08 20:00:00+00:00,14122.225894062602
2023-10-09 00:00:00+00:00,14126.183702629105
2023-10-09 04:00:00+00:00,14080.412409944583
2023-10-09 08:00:00+00:00,13928.339540419882
2023-10-09 12:00:00+00:00,13926.141621269657
2023-10-09 16:00:00+00:00,13854.30511740558
2023-10-09 20:00:00+00:00,13865.660849384136
2023-10-10 00:00:00+00:00,13848.540072460235
2023-10-10 04:00:00+00:00,13842.920196359522
2023-10-10 08:00:00+00:00,13842.920196359522
2023-10-10 12:00:00+00:00,13842.920196359522
2023-10-10 16:00:00+00:00,13842.920196359522
2023-10-10 20:00:00+00:00,13842.920196359522
2023-10-11 00:00:00+00:00,13842.920196359522
2023-10-11 04:00:00+00:00,13842.547985165182
2023-10-11 08:00:00+00:00,13763.051659114013
2023-10-11 12:00:00+00:00,13931.966910490322
2023-10-11 16:00:00+00:00,13938.210945292147
2023-10-11 20:00:00+00:00,13895.123239416514
2023-10-12 00:00:00+00:00,13907.222681697302
2023-10-12 04:00:00+00:00,13901.957650494856
2023-10-12 08:00:00+00:00,13901.957650494856
2023-10-12 12:00:00+00:00,13962.679379532898
2023-10-12 16:00:00+00:00,13949.10460480539
2023-10-12 20:00:00+00:00,13931.18905578583
2023-10-13 00:00:00+00:00,13920.421697549724
2023-10-13 04:00:00+00:00,13881.99662338397
2023-10-13 08:00:00+00:00,13903.172945767908
2023-10-13 12:00:00+00:00,13955.278099445934
2023-10-13 16:00:00+00:00,13921.93439670047
2023-10-13 20:00:00+00:00,13885.271214652492
2023-10-14 00:00:00+00:00,13855.333938975644
2023-10-14 04:00:00+00:00,13880.708018405074
2023-10-14 08:00:00+00:00,13880.995617339613
2023-10-14 12:00:00+00:00,13848.653591758773
2023-10-14 16:00:00+00:00,13885.937774578313
2023-10-14 20:00:00+00:00,13893.393983221826
2023-10-15 00:00:00+00:00,13874.93582470481
2023-10-15 04:00:00+00:00,13874.053109536339
2023-10-15 08:00:00+00:00,13892.210000341327
2023-10-15 12:00:00+00:00,13866.242142486497
2023-10-15 16:00:00+00:00,13784.018759158289
2023-10-15 20:00:00+00:00,13721.920631153786
2023-10-16 00:00:00+00:00,13678.726850171848
2023-10-16 04:00:00+00:00,13355.602093592861
2023-10-16 08:00:00+00:00,13397.16676836021
2023-10-16 12:00:00+00:00,13262.665265933838
2023-10-16 16:00:00+00:00,13256.842424322402
2023-10-16 20:00:00+00:00,13260.403889513384
2023-10-17 00:00:00+00:00,13203.57157253572
2023-10-17 04:00:00+00:00,13241.001174243547
2023-10-17 08:00:00+00:00,13241.029930770572
2023-10-17 12:00:00+00:00,13250.482829179127
2023-10-17 16:00:00+00:00,13264.194922373446
2023-10-17 20:00:00+00:00,13233.926963850203
2023-10-18 00:00:00+00:00,13264.789667584515
2023-10-18 04:00:00+00:00,13261.17664015641
2023-10-18 08:00:00+00:00,13219.988259021382
2023-10-18 12:00:00+00:00,13196.066314882746
2023-10-18 16:00:00+00:00,13195.373836831008
2023-10-18 20:00:00+00:00,13215.160201229506
2023-10-19 00:00:00+00:00,13198.5961741622
2023-10-19 04:00:00+00:00,13217.365915940742
2023-10-19 08:00:00+00:00,13251.971764544973
2023-10-19 12:00:00+00:00,13317.22408927232
2023-10-19 16:00:00+00:00,13340.035771506742
2023-10-19 20:00:00+00:00,13329.171963569857
2023-10-20 00:00:00+00:00,13480.776029096785
2023-10-20 04:00:00+00:00,13482.116089784884
2023-10-20 08:00:00+00:00,13646.569522519838
2023-10-20 12:00:00+00:00,13572.25581082647
2023-10-20 16:00:00+00:00,13574.716928246913
2023-10-20 20:00:00+00:00,13600.741062265159
2023-10-21 00:00:00+00:00,13584.873696951803
2023-10-21 04:00:00+00:00,13608.36795021375
2023-10-21 08:00:00+00:00,13638.468076989046
2023-10-21 12:00:00+00:00,13671.72946948583
2023-10-21 16:00:00+00:00,13729.825453164838
2023-10-21 20:00:00+00:00,13666.540758709294
2023-10-22 00:00:00+00:00,13666.792398849446
2023-10-22 04:00:00+00:00,13639.959886507035
2023-10-22 08:00:00+00:00,13665.09905655379
2023-10-22 12:00:00+00:00,13642.95307124241
2023-10-22 16:00:00+00:00,13646.717545141779
2023-10-22 20:00:00+00:00,13690.244188797114
2023-10-23 00:00:00+00:00,13903.915440345732
2023-10-23 04:00:00+00:00,13845.227736532615
2023-10-23 08:00:00+00:00,13880.191532941668
2023-10-23 12:00:00+00:00,13937.726734501051
2023-10-23 16:00:00+00:00,14059.841120774889
2023-10-23 20:00:00+00:00,14474.758124169863
2023-10-24 00:00:00+00:00,14638.834107855737
2023-10-24 04:00:00+00:00,14631.89829362411
2023-10-24 08:00:00+00:00,14707.917067660244
2023-10-24 12:00:00+00:00,14580.77027555202
2023-10-24 16:00:00+00:00,14596.198772724087
2023-10-24 20:00:00+00:00,14612.995756594684
2023-10-25 00:00:00+00:00,14624.190802463352
2023-10-25 04:00:00+00:00,14603.678651790262
2023-10-25 08:00:00+00:00,14650.508853933767
2023-10-25 12:00:00+00:00,14740.589560086688
2023-10-25 16:00:00+00:00,14724.778717248702
2023-10-25 20:00:00+00:00,14690.627785696473
2023-10-26 00:00:00+00:00,14731.719332283428
2023-10-26 04:00:00+00:00,14712.206359961214
2023-10-26 08:00:00+00:00,14631.25904155567
2023-10-26 12:00:00+00:00,14623.274797320777
2023-10-26 16:00:00+00:00,14623.04966879271
2023-10-26 20:00:00+00:00,14638.471683565813
2023-10-27 00:00:00+00:00,14633.12905472205
2023-10-27 04:00:00+00:00,14605.808038945257
2023-10-27 08:00:00+00:00,14621.844540478227
2023-10-27 12:00:00+00:00,14614.191161854353
2023-10-27 16:00:00+00:00,14560.605881153095
2023-10-27 20:00:00+00:00,14592.809537363919
2023-10-28 00:00:00+00:00,14623.228310212822
2023-10-28 04:00:00+00:00,14621.080157365386
2023-10-28 08:00:00+00:00,14643.986987125476
2023-10-28 12:00:00+00:00,14647.266761494739
2023-10-28 16:00:00+00:00,14630.62166786908
2023-10-28 20:00:00+00:00,14624.096491934095
2023-10-29 00:00:00+00:00,14601.091775632938
2023-10-29 04:00:00+00:00,14623.773866068062
2023-10-29 08:00:00+00:00,14664.670368908168
2023-10-29 12:00:00+00:00,14708.185819717453
2023-10-29 16:00:00+00:00,14732.853582045136
2023-10-29 20:00:00+00:00,14722.642791619988
2023-10-30 00:00:00+00:00,14661.309065225061
2023-10-30 04:00:00+00:00,14640.921969189669
2023-10-30 08:00:00+00:00,14747.068897137686
2023-10-30 12:00:00+00:00,14756.015136763255
2023-10-30 16:00:00+00:00,14699.946944516041
2023-10-30 20:00:00+00:00,14710.37618200923
2023-10-31 00:00:00+00:00,14644.624855018319
2023-10-31 04:00:00+00:00,14627.91985360046
2023-10-31 08:00:00+00:00,14714.94673298997
2023-10-31 12:00:00+00:00,14661.873930515088
2023-10-31 16:00:00+00:00,14726.454985027516
2023-10-31 20:00:00+00:00,14750.973402112797
2023-11-01 00:00:00+00:00,14693.47897269124
2023-11-01 04:00:00+00:00,14702.206329935867
2023-11-01 08:00:00+00:00,14695.560248572318
2023-11-01 12:00:00+00:00,14655.306655184122
2023-11-01 16:00:00+00:00,14720.824483953362
2023-11-01 20:00:00+00:00,14939.36263866668
2023-11-02 00:00:00+00:00,14971.180987132058
2023-11-02 04:00:00+00:00,14902.470069060568
2023-11-02 08:00:00+00:00,14923.675379976592
2023-11-02 12:00:00+00:00,14754.702054841418
2023-11-02 16:00:00+00:00,14830.60713372628
2023-11-02 20:00:00+00:00,14818.104857757227
2023-11-03 00:00:00+00:00,14760.896729790713
2023-11-03 04:00:00+00:00,14715.781345653733
2023-11-03 08:00:00+00:00,14670.77629311648
2023-11-03 12:00:00+00:00,14556.726607898332
2023-11-03 16:00:00+00:00,14497.896704007495
2023-11-03 20:00:00+00:00,14536.062176294674
2023-11-04 00:00:00+00:00,14535.098752549917
2023-11-04 04:00:00+00:00,14548.163819453586
2023-11-04 08:00:00+00:00,14535.635216389219
2023-11-04 12:00:00+00:00,14536.350231895043
2023-11-04 16:00:00+00:00,14538.087675289966
2023-11-04 20:00:00+00:00,14533.991879955685
2023-11-05 00:00:00+00:00,14533.991879955685
2023-11-05 04:00:00+00:00,14533.991879955685
2023-11-05 08:00:00+00:00,14533.991879955685
2023-11-05 12:00:00+00:00,14533.991879955685
2023-11-05 16:00:00+00:00,14533.991879955685
2023-11-05 20:00:00+00:00,14533.991879955685
2023-11-06 00:00:00+00:00,14533.991879955685
2023-11-06 04:00:00+00:00,14533.991879955685
2023-11-06 08:00:00+00:00,14533.991879955685
2023-11-06 12:00:00+00:00,14533.991879955685
2023-11-06 16:00:00+00:00,14533.991879955685
2023-11-06 20:00:00+00:00,14533.991879955685
2023-11-07 00:00:00+00:00,14533.991879955685
2023-11-07 04:00:00+00:00,14533.991879955685
2023-11-07 08:00:00+00:00,14533.991879955685
2023-11-07 12:00:00+00:00,14533.991879955685
2023-11-07 16:00:00+00:00,14533.991879955685
2023-11-07 20:00:00+00:00,14533.991879955685
2023-11-08 00:00:00+00:00,14533.991879955685
2023-11-08 04:00:00+00:00,14533.991879955685
2023-11-08 08:00:00+00:00,14533.991879955685
2023-11-08 12:00:00+00:00,14533.991879955685
2023-11-08 16:00:00+00:00,14533.991879955685
2023-11-08 20:00:00+00:00,14533.991879955685
2023-11-09 00:00:00+00:00,14533.991879955685
2023-11-09 04:00:00+00:00,14533.991879955685
2023-11-09 08:00:00+00:00,14588.646923876002
2023-11-09 12:00:00+00:00,14661.641234500887
2023-11-09 16:00:00+00:00,14511.04808814143
2023-11-09 20:00:00+00:00,14566.699608475372
2023-11-10 00:00:00+00:00,14572.253877584744
2023-11-10 04:00:00+00:00,14523.371435137069
2023-11-10 08:00:00+00:00,14634.40109702738
2023-11-10 12:00:00+00:00,14637.887876404746
2023-11-10 16:00:00+00:00,14661.666728713612
2023-11-10 20:00:00+00:00,14675.819304427261
2023-11-11 00:00:00+00:00,14625.353039190562
2023-11-11 04:00:00+00:00,14619.031562166212
2023-11-11 08:00:00+00:00,14614.558171896484
2023-11-11 12:00:00+00:00,14625.951050832615
2023-11-11 16:00:00+00:00,14646.586109622485
2023-11-11 20:00:00+00:00,14643.072766097608
2023-11-12 00:00:00+00:00,14611.09424961966
2023-11-12 04:00:00+00:00,14640.211017911519
2023-11-12 08:00:00+00:00,14623.77592065542
2023-11-12 12:00:00+00:00,14644.082689167019
2023-11-12 16:00:00+00:00,14631.449508148818
2023-11-12 20:00:00+00:00,14619.769304232115
2023-11-13 00:00:00+00:00,14581.81343840058
2023-11-13 04:00:00+00:00,14591.531621077733
2023-11-13 08:00:00+00:00,14555.57151017075
2023-11-13 12:00:00+00:00,14563.692888313544
2023-11-13 16:00:00+00:00,14563.275152691374
2023-11-13 20:00:00+00:00,14467.565633636204
2023-11-14 00:00:00+00:00,14463.39510565546
2023-11-14 04:00:00+00:00,14406.589022884842
2023-11-14 08:00:00+00:00,14402.156766054743
2023-11-14 12:00:00+00:00,14402.156766054743
2023-11-14 16:00:00+00:00,14402.156766054743
2023-11-14 20:00:00+00:00,14432.163358656153
2023-11-15 00:00:00+00:00,14412.274605018689
2023-11-15 04:00:00+00:00,14368.152019423906
2023-11-15 08:00:00+00:00,14232.981864198435
2023-11-15 12:00:00+00:00,14201.249144590687
2023-11-15 16:00:00+00:00,13975.518893653429
2023-11-15 20:00:00+00:00,14033.392943105197
2023-11-16 00:00:00+00:00,13959.506326195082
2023-11-16 04:00:00+00:00,13956.024019425024
2023-11-16 08:00:00+00:00,13920.259032673977
2023-11-16 12:00:00+00:00,13762.726239187967
2023-11-16 16:00:00+00:00,13841.998735581175
2023-11-16 20:00:00+00:00,13801.647254115303
2023-11-17 00:00:00+00:00,13748.709757732297
2023-11-17 04:00:00+00:00,13789.452941243024
2023-11-17 08:00:00+00:00,13767.537829013596
2023-11-17 12:00:00+00:00,13824.000265451014
2023-11-17 16:00:00+00:00,13776.80839162172
2023-11-17 20:00:00+00:00,13729.644692136942
2023-11-18 00:00:00+00:00,13769.671337084019
2023-11-18 04:00:00+00:00,13762.014169586415
2023-11-18 08:00:00+00:00,13758.88609248799
2023-11-18 12:00:00+00:00,13758.88609248799
2023-11-18 16:00:00+00:00,13758.88609248799
2023-11-18 20:00:00+00:00,13758.88609248799
2023-11-19 00:00:00+00:00,13758.88609248799
2023-11-19 04:00:00+00:00,13758.88609248799
2023-11-19 08:00:00+00:00,13758.88609248799
2023-11-19 12:00:00+00:00,13758.88609248799
2023-11-19 16:00:00+00:00,13758.88609248799
2023-11-19 20:00:00+00:00,13758.88609248799
2023-11-20 00:00:00+00:00,13758.88609248799
2023-11-20 04:00:00+00:00,13758.88609248799
2023-11-20 08:00:00+00:00,13758.88609248799
2023-11-20 12:00:00+00:00,13758.88609248799
2023-11-20 16:00:00+00:00,13758.88609248799
2023-11-20 20:00:00+00:00,13758.88609248799
2023-11-21 00:00:00+00:00,13758.88609248799
2023-11-21 04:00:00+00:00,13758.88609248799
2023-11-21 08:00:00+00:00,13758.88609248799
2023-11-21 12:00:00+00:00,13758.88609248799
2023-11-21 16:00:00+00:00,13758.88609248799
2023-11-21 20:00:00+00:00,13758.88609248799
2023-11-22 00:00:00+00:00,13758.88609248799
2023-11-22 04:00:00+00:00,13758.88609248799
2023-11-22 08:00:00+00:00,13758.88609248799
2023-11-22 12:00:00+00:00,13758.88609248799
2023-11-22 16:00:00+00:00,13758.88609248799
2023-11-22 20:00:00+00:00,13758.88609248799
2023-11-23 00:00:00+00:00,13758.88609248799
2023-11-23 04:00:00+00:00,13758.88609248799
2023-11-23 08:00:00+00:00,13758.88609248799
2023-11-23 12:00:00+00:00,13758.88609248799
2023-11-23 16:00:00+00:00,13758.88609248799
2023-11-23 20:00:00+00:00,13758.88609248799
2023-11-24 00:00:00+00:00,13758.88609248799
2023-11-24 04:00:00+00:00,13758.88609248799
2023-11-24 08:00:00+00:00,13758.88609248799
2023-11-24 12:00:00+00:00,13758.88609248799
2023-11-24 16:00:00+00:00,13758.88609248799
2023-11-24 20:00:00+00:00,13758.88609248799
2023-11-25 00:00:00+00:00,13758.88609248799
2023-11-25 04:00:00+00:00,13758.88609248799
2023-11-25 08:00:00+00:00,13758.88609248799
2023-11-25 12:00:00+00:00,13758.88609248799
2023-11-25 16:00:00+00:00,13758.88609248799
2023-11-25 20:00:00+00:00,13758.88609248799
2023-11-26 00:00:00+00:00,13742.80272757717
2023-11-26 04:00:00+00:00,13755.458753714982
2023-11-26 08:00:00+00:00,13726.255643271568
2023-11-26 12:00:00+00:00,13662.086535839044
2023-11-26 16:00:00+00:00,13646.034505283464
2023-11-26 20:00:00+00:00,13616.11561938243
2023-11-27 00:00:00+00:00,13568.888938682556
2023-11-27 04:00:00+00:00,13562.782364224637
2023-11-27 08:00:00+00:00,13557.989573579764
2023-11-27 12:00:00+00:00,13557.989573579764
2023-11-27 16:00:00+00:00,13557.989573579764
2023-11-27 20:00:00+00:00,13557.989573579764
2023-11-28 00:00:00+00:00,13557.989573579764
2023-11-28 04:00:00+00:00,13557.989573579764
2023-11-28 08:00:00+00:00,13557.989573579764
2023-11-28 12:00:00+00:00,13557.989573579764
2023-11-28 16:00:00+00:00,13557.989573579764
2023-11-28 20:00:00+00:00,13557.989573579764
2023-11-29 00:00:00+00:00,13557.989573579764
2023-11-29 04:00:00+00:00,13557.989573579764
2023-11-29 08:00:00+00:00,13557.989573579764
2023-11-29 12:00:00+00:00,13557.989573579764
2023-11-29 16:00:00+00:00,13557.989573579764
2023-11-29 20:00:00+00:00,13557.989573579764
2023-11-30 00:00:00+00:00,13557.989573579764
2023-11-30 04:00:00+00:00,13557.989573579764
2023-11-30 08:00:00+00:00,13572.421528683324
2023-11-30 12:00:00+00:00,13511.866219516933
2023-11-30 16:00:00+00:00,13541.788184667577
2023-11-30 20:00:00+00:00,13534.864960117902
2023-12-01 00:00:00+00:00,13610.77185869076
2023-12-01 04:00:00+00:00,13660.951303532545
2023-12-01 08:00:00+00:00,13745.142199510767
2023-12-01 12:00:00+00:00,13702.137547663104
2023-12-01 16:00:00+00:00,13785.71208983692
2023-12-01 20:00:00+00:00,13764.141013274755
2023-12-02 00:00:00+00:00,13789.256606395946
2023-12-02 04:00:00+00:00,13768.126150567694
2023-12-02 08:00:00+00:00,13777.352039174853
2023-12-02 12:00:00+00:00,13794.36269547093
2023-12-02 16:00:00+00:00,13966.670601718799
2023-12-02 20:00:00+00:00,13970.87156999505
2023-12-03 00:00:00+00:00,13955.127967588101
2023-12-03 04:00:00+00:00,13979.908993387504
2023-12-03 08:00:00+00:00,13978.016118016103
2023-12-03 12:00:00+00:00,14055.18800203251
2023-12-03 16:00:00+00:00,13999.47839248518
2023-12-03 20:00:00+00:00,14112.52464583611
2023-12-04 00:00:00+00:00,14298.877498957592
2023-12-04 04:00:00+00:00,14479.892199609552
2023-12-04 08:00:00+00:00,14509.1760979178
2023-12-04 12:00:00+00:00,14437.656679273992
2023-12-04 16:00:00+00:00,14589.19933558912
2023-12-04 20:00:00+00:00,14587.48054278298
2023-12-05 00:00:00+00:00,14553.93164942478
2023-12-05 04:00:00+00:00,14492.715679525314
2023-12-05 08:00:00+00:00,14532.067036546552
2023-12-05 12:00:00+00:00,14643.846835301427
2023-12-05 16:00:00+00:00,14962.624929021951
2023-12-05 20:00:00+00:00,15007.407241122686
2023-12-06 00:00:00+00:00,14949.50736264093
2023-12-06 04:00:00+00:00,14938.835404873016
2023-12-06 08:00:00+00:00,14965.902494496033
2023-12-06 12:00:00+00:00,14955.710177333334
2023-12-06 16:00:00+00:00,14992.279628746091
2023-12-06 20:00:00+00:00,14950.453692960675
2023-12-07 00:00:00+00:00,14979.614417115014
2023-12-07 04:00:00+00:00,14971.734896898377
2023-12-07 08:00:00+00:00,14838.417738395154
2023-12-07 12:00:00+00:00,14924.052132098617
2023-12-07 16:00:00+00:00,14845.256030669832
2023-12-07 20:00:00+00:00,14855.142462936903
2023-12-08 00:00:00+00:00,14873.393652514038
2023-12-08 04:00:00+00:00,14833.028157629058
2023-12-08 08:00:00+00:00,14924.551272619638
2023-12-08 12:00:00+00:00,14941.463163575503
2023-12-08 16:00:00+00:00,14975.005180665461
2023-12-08 20:00:00+00:00,15020.987658207321
2023-12-09 00:00:00+00:00,15013.50820143992
2023-12-09 04:00:00+00:00,15022.189521712946
2023-12-09 08:00:00+00:00,14943.333838495544
2023-12-09 12:00:00+00:00,14993.08269809823
2023-12-09 16:00:00+00:00,14964.493650610662
2023-12-09 20:00:00+00:00,14918.453719193993
2023-12-10 00:00:00+00:00,14944.730393293703
2023-12-10 04:00:00+00:00,14971.314349625123
2023-12-10 08:00:00+00:00,14917.038120849242
2023-12-10 12:00:00+00:00,14958.091825552981
2023-12-10 16:00:00+00:00,14927.00205112944
2023-12-10 20:00:00+00:00,14924.663821183703
2023-12-11 00:00:00+00:00,14576.92496002333
2023-12-11 04:00:00+00:00,14599.982101426023
2023-12-11 08:00:00+00:00,14563.379725520474
2023-12-11 12:00:00+00:00,14653.020217799465
2023-12-11 16:00:00+00:00,14829.82232243814
2023-12-11 20:00:00+00:00,14753.5757468746
2023-12-12 00:00:00+00:00,14676.531311032368
2023-12-12 04:00:00+00:00,14649.815445948781
2023-12-12 08:00:00+00:00,14701.220110659126
2023-12-12 12:00:00+00:00,14737.831983729153
2023-12-12 16:00:00+00:00,14770.910189578977
2023-12-12 20:00:00+00:00,14716.8146872962
2023-12-13 00:00:00+00:00,14821.295654358977
2023-12-13 04:00:00+00:00,14776.24408548832
2023-12-13 08:00:00+00:00,14794.255041076405
2023-12-13 12:00:00+00:00,14645.309480277547
2023-12-13 16:00:00+00:00,14523.260871749366
2023-12-13 20:00:00+00:00,14504.021547062594
2023-12-14 00:00:00+00:00,14475.225662540386
2023-12-14 04:00:00+00:00,14502.936507415592
2023-12-14 08:00:00+00:00,14557.951328820189
2023-12-14 12:00:00+00:00,14430.577994858279
2023-12-14 16:00:00+00:00,14334.218689748956
2023-12-14 20:00:00+00:00,14344.121451503861
2023-12-15 00:00:00+00:00,14375.400932886847
2023-12-15 04:00:00+00:00,14387.952610948827
2023-12-15 08:00:00+00:00,14377.583906883656
2023-12-15 12:00:00+00:00,14506.597807527514
2023-12-15 16:00:00+00:00,14478.727035904838
2023-12-15 20:00:00+00:00,14501.828971269262
2023-12-16 00:00:00+00:00,14443.765518368333
2023-12-16 04:00:00+00:00,14460.477693397248
2023-12-16 08:00:00+00:00,14444.40246898574
2023-12-16 12:00:00+00:00,14399.029202519818
2023-12-16 16:00:00+00:00,14442.784986802892
2023-12-16 20:00:00+00:00,14456.197750847241
2023-12-17 00:00:00+00:00,14515.244191632739
2023-12-17 04:00:00+00:00,14524.42330735495
2023-12-17 08:00:00+00:00,14509.807914404624
2023-12-17 12:00:00+00:00,14537.3917048269
2023-12-17 16:00:00+00:00,14481.423656417131
2023-12-17 20:00:00+00:00,14615.155781067566
2023-12-18 00:00:00+00:00,14667.141982256784
2023-12-18 04:00:00+00:00,14657.755835813594
2023-12-18 08:00:00+00:00,14662.493964274274
2023-12-18 12:00:00+00:00,14635.455944981013
2023-12-18 16:00:00+00:00,14561.633568002897
2023-12-18 20:00:00+00:00,14394.262585510765
2023-12-19 00:00:00+00:00,14457.170748274906
2023-12-19 04:00:00+00:00,14450.946364715874
2023-12-19 08:00:00+00:00,14440.469792163796
2023-12-19 12:00:00+00:00,14356.685291205684
2023-12-19 16:00:00+00:00,14333.553039394526
2023-12-19 20:00:00+00:00,14339.770720923972
2023-12-20 00:00:00+00:00,14314.781113202464
2023-12-20 04:00:00+00:00,14229.157652068385
2023-12-20 08:00:00+00:00,14211.195021721644
2023-12-20 12:00:00+00:00,14417.465901280611
2023-12-20 16:00:00+00:00,14363.585696192484
2023-12-20 20:00:00+00:00,14355.284806404805
2023-12-21 00:00:00+00:00,14348.440754967261
2023-12-21 04:00:00+00:00,14367.487152221725
2023-12-21 08:00:00+00:00,14394.53995258781
2023-12-21 12:00:00+00:00,14375.610195782629
2023-12-21 16:00:00+00:00,14334.707983374505
2023-12-21 20:00:00+00:00,14379.962921340524
2023-12-22 00:00:00+00:00,14402.369273759617
2023-12-22 04:00:00+00:00,14330.078694980037
2023-12-22 08:00:00+00:00,14355.484625576812
2023-12-22 12:00:00+00:00,14341.505960369437
2023-12-22 16:00:00+00:00,14334.416647831016
2023-12-22 20:00:00+00:00,14391.32358158836
2023-12-23 00:00:00+00:00,14310.462965131213
2023-12-23 04:00:00+00:00,14317.202389724816
2023-12-23 08:00:00+00:00,14316.523081241372
2023-12-23 12:00:00+00:00,14353.027535562078
2023-12-23 16:00:00+00:00,14341.686789178613
2023-12-23 20:00:00+00:00,14340.775090123192
2023-12-24 00:00:00+00:00,14368.546596320926
2023-12-24 04:00:00+00:00,14329.422372516117
2023-12-24 08:00:00+00:00,14325.066478414024
2023-12-24 12:00:00+00:00,14333.437660037573
2023-12-24 16:00:00+00:00,14318.33745105282
2023-12-24 20:00:00+00:00,14313.677496317912
2023-12-25 00:00:00+00:00,14313.677496317912
2023-12-25 04:00:00+00:00,14313.677496317912
2023-12-25 08:00:00+00:00,14313.677496317912
2023-12-25 12:00:00+00:00,14313.677496317912
2023-12-25 16:00:00+00:00,14313.677496317912
2023-12-25 20:00:00+00:00,14313.677496317912
2023-12-26 00:00:00+00:00,14313.677496317912
2023-12-26 04:00:00+00:00,14313.677496317912
2023-12-26 08:00:00+00:00,14313.677496317912
2023-12-26 12:00:00+00:00,14313.677496317912
2023-12-26 16:00:00+00:00,14313.677496317912
2023-12-26 20:00:00+00:00,14313.677496317912
2023-12-27 00:00:00+00:00,14313.677496317912
2023-12-27 04:00:00+00:00,14264.70943476345
2023-12-27 08:00:00+00:00,14152.441282638167
2023-12-27 12:00:00+00:00,14162.181466800852
2023-12-27 16:00:00+00:00,14130.257981938299
2023-12-27 20:00:00+00:00,14075.811292040955
2023-12-28 00:00:00+00:00,14064.200254537876
2023-12-28 04:00:00+00:00,13992.640029701659
2023-12-28 08:00:00+00:00,13982.498025094992
2023-12-28 12:00:00+00:00,13978.339752884354
2023-12-28 16:00:00+00:00,13978.339752884354
2023-12-28 20:00:00+00:00,13978.339752884354
2023-12-29 00:00:00+00:00,13978.339752884354
2023-12-29 04:00:00+00:00,13978.339752884354
2023-12-29 08:00:00+00:00,13978.339752884354
2023-12-29 12:00:00+00:00,13978.339752884354
2023-12-29 16:00:00+00:00,13978.339752884354
2023-12-29 20:00:00+00:00,13978.339752884354
2023-12-30 00:00:00+00:00,13978.339752884354
2023-12-30 04:00:00+00:00,13978.339752884354
2023-12-30 08:00:00+00:00,13978.339752884354
2023-12-30 12:00:00+00:00,13886.868073173806
2023-12-30 16:00:00+00:00,13892.55197523512
2023-12-30 20:00:00+00:00,13933.562960511344
2023-12-31 00:00:00+00:00,13929.030614885916
2023-12-31 04:00:00+00:00,13860.44726879947
2023-12-31 08:00:00+00:00,13864.212431985969
2023-12-31 12:00:00+00:00,13877.98155384026
2023-12-31 16:00:00+00:00,13847.463202028757
2023-12-31 20:00:00+00:00,13916.176738753886
2024-01-01 00:00:00+00:00,13908.193060207655
2024-01-01 04:00:00+00:00,13877.234516205159
2024-01-01 08:00:00+00:00,13839.287977132806
2024-01-01 12:00:00+00:00,13835.04182946215
2024-01-01 16:00:00+00:00,13835.04182946215
2024-01-01 20:00:00+00:00,13835.04182946215
2024-01-02 00:00:00+00:00,13835.04182946215
2024-01-02 04:00:00+00:00,13835.04182946215
2024-01-02 08:00:00+00:00,13826.569104694185
2024-01-02 12:00:00+00:00,13778.488173194237
2024-01-02 16:00:00+00:00,13750.038201043017
2024-01-02 20:00:00+00:00,13734.207884386875
2024-01-03 00:00:00+00:00,13785.716259459086
2024-01-03 04:00:00+00:00,13740.644483315149
2024-01-03 08:00:00+00:00,13518.156353099988
2024-01-03 12:00:00+00:00,13617.581243060253
2024-01-03 16:00:00+00:00,13669.207152821644
2024-01-03 20:00:00+00:00,13639.368908440343
2024-01-04 00:00:00+00:00,13606.935949028564
2024-01-04 04:00:00+00:00,13649.306047444428
2024-01-04 08:00:00+00:00,13597.841956851986
2024-01-04 12:00:00+00:00,13488.380141039179
2024-01-04 16:00:00+00:00,13501.204761935964
2024-01-04 20:00:00+00:00,13477.180598036372
2024-01-05 00:00:00+00:00,13560.428438579165
2024-01-05 04:00:00+00:00,13525.588140705559
2024-01-05 08:00:00+00:00,13526.02510859229
2024-01-05 12:00:00+00:00,13557.816186331176
2024-01-05 16:00:00+00:00,13546.388345515361
2024-01-05 20:00:00+00:00,13483.36876022552
2024-01-06 00:00:00+00:00,13508.96128521452
2024-01-06 04:00:00+00:00,13541.93135258246
2024-01-06 08:00:00+00:00,13539.561893303242
2024-01-06 12:00:00+00:00,13515.258929196134
2024-01-06 16:00:00+00:00,13510.633526418795
2024-01-06 20:00:00+00:00,13503.575344719507
2024-01-07 00:00:00+00:00,13506.715008289068
2024-01-07 04:00:00+00:00,13488.137606792943
2024-01-07 08:00:00+00:00,13491.144148592814
2024-01-07 12:00:00+00:00,13488.010343437034
2024-01-07 16:00:00+00:00,13488.010343437034
2024-01-07 20:00:00+00:00,13488.010343437034
2024-01-08 00:00:00+00:00,13488.010343437034
2024-01-08 04:00:00+00:00,13488.010343437034
2024-01-08 08:00:00+00:00,13488.010343437034
2024-01-08 12:00:00+00:00,13488.010343437034
2024-01-08 16:00:00+00:00,13488.010343437034
2024-01-08 20:00:00+00:00,13488.010343437034
2024-01-09 00:00:00+00:00,13488.010343437034
2024-01-09 04:00:00+00:00,13488.010343437034
2024-01-09 08:00:00+00:00,13488.010343437034
2024-01-09 12:00:00+00:00,13488.010343437034
2024-01-09 16:00:00+00:00,13488.010343437034
2024-01-09 20:00:00+00:00,13488.010343437034
2024-01-10 00:00:00+00:00,13488.010343437034
2024-01-10 04:00:00+00:00,13488.010343437034
2024-01-10 08:00:00+00:00,13488.010343437034
2024-01-10 12:00:00+00:00,13488.010343437034
2024-01-10 16:00:00+00:00,13488.010343437034
2024-01-10 20:00:00+00:00,13488.010343437034
2024-01-11 00:00:00+00:00,13488.010343437034
2024-01-11 04:00:00+00:00,13488.010343437034
2024-01-11 08:00:00+00:00,13488.010343437034
2024-01-11 12:00:00+00:00,13488.010343437034
2024-01-11 16:00:00+00:00,13488.010343437034
2024-01-11 20:00:00+00:00,13488.010343437034
2024-01-12 00:00:00+00:00,13488.010343437034
2024-01-12 04:00:00+00:00,13488.010343437034
2024-01-12 08:00:00+00:00,13488.010343437034
2024-01-12 12:00:00+00:00,13488.010343437034
2024-01-12 16:00:00+00:00,13488.010343437034
2024-01-12 20:00:00+00:00,13488.010343437034
2024-01-13 00:00:00+00:00,13477.660678422855
2024-01-13 04:00:00+00:00,13504.434588532093
2024-01-13 08:00:00+00:00,13477.108100434287
2024-01-13 12:00:00+00:00,13507.930919363955
2024-01-13 16:00:00+00:00,13485.707446623033
2024-01-13 20:00:00+00:00,13477.215143261297
2024-01-14 00:00:00+00:00,13475.20457132916
2024-01-14 04:00:00+00:00,13475.20457132916
2024-01-14 08:00:00+00:00,13475.20457132916
2024-01-14 12:00:00+00:00,13465.249079667094
2024-01-14 16:00:00+00:00,13492.498013272532
2024-01-14 20:00:00+00:00,13598.770681376654
2024-01-15 00:00:00+00:00,13503.680832663793
2024-01-15 04:00:00+00:00,13487.663482158603
2024-01-15 08:00:00+00:00,13489.614102303443
2024-01-15 12:00:00+00:00,13540.462375769474
2024-01-15 16:00:00+00:00,13454.544040554758
2024-01-15 20:00:00+00:00,13510.870685718472
2024-01-16 00:00:00+00:00,13462.940263507717
2024-01-16 04:00:00+00:00,13478.882417276624
2024-01-16 08:00:00+00:00,13465.919784841688
2024-01-16 12:00:00+00:00,13420.010159504982
2024-01-16 16:00:00+00:00,13431.267841986763
2024-01-16 20:00:00+00:00,13435.237299318362
2024-01-17 00:00:00+00:00,13472.932807461348
2024-01-17 04:00:00+00:00,13497.66218738573
2024-01-17 08:00:00+00:00,13494.497788691373
2024-01-17 12:00:00+00:00,13522.81391382181
2024-01-17 16:00:00+00:00,13503.659222851658
2024-01-17 20:00:00+00:00,13479.861813353758
2024-01-18 00:00:00+00:00,13508.031478623705
2024-01-18 04:00:00+00:00,13459.1142236632
2024-01-18 08:00:00+00:00,13517.865000920088
2024-01-18 12:00:00+00:00,13505.573320236204
2024-01-18 16:00:00+00:00,13759.387531007693
2024-01-18 20:00:00+00:00,13713.497254832291
2024-01-19 00:00:00+00:00,13754.206788849668
2024-01-19 04:00:00+00:00,13719.844759478889
2024-01-19 08:00:00+00:00,13692.111153696242
2024-01-19 12:00:00+00:00,13779.50814082335
2024-01-19 16:00:00+00:00,13639.956573342493
2024-01-19 20:00:00+00:00,13661.67915653597
2024-01-20 00:00:00+00:00,13665.670787775533
2024-01-20 04:00:00+00:00,13663.478016752615
2024-01-20 08:00:00+00:00,13674.3677697931
2024-01-20 12:00:00+00:00,13676.339978832264
2024-01-20 16:00:00+00:00,13665.906990886182
2024-01-20 20:00:00+00:00,13656.82428892051
2024-01-21 00:00:00+00:00,13659.918215573884
2024-01-21 04:00:00+00:00,13664.940130810915
2024-01-21 08:00:00+00:00,13652.097945733432
2024-01-21 12:00:00+00:00,13665.084051188593
2024-01-21 16:00:00+00:00,13652.30064663897
2024-01-21 20:00:00+00:00,13680.880142744889
2024-01-22 00:00:00+00:00,13760.617693288705
2024-01-22 04:00:00+00:00,13792.796818940014
2024-01-22 08:00:00+00:00,13840.810746618283
2024-01-22 12:00:00+00:00,13847.642379868821
2024-01-22 16:00:00+00:00,14033.353153325586
2024-01-22 20:00:00+00:00,14076.9622202431
2024-01-23 00:00:00+00:00,14001.746884013564
2024-01-23 04:00:00+00:00,14041.04696982699
2024-01-23 08:00:00+00:00,14203.995884861013
2024-01-23 12:00:00+00:00,14145.046850227302
2024-01-23 16:00:00+00:00,14155.057382088527
2024-01-23 20:00:00+00:00,14032.527479469092
2024-01-24 00:00:00+00:00,14077.557343144324
2024-01-24 04:00:00+00:00,14018.809510847612
2024-01-24 08:00:00+00:00,13985.058296417481
2024-01-24 12:00:00+00:00,14008.534322736725
2024-01-24 16:00:00+00:00,14049.024604086337
2024-01-24 20:00:00+00:00,14003.731392189733
2024-01-25 00:00:00+00:00,14016.512733688953
2024-01-25 04:00:00+00:00,13997.130659574612
2024-01-25 08:00:00+00:00,13989.980894554503
2024-01-25 12:00:00+00:00,14053.994962266162
2024-01-25 16:00:00+00:00,14022.037546393722
2024-01-25 20:00:00+00:00,14027.118401342988
2024-01-26 00:00:00+00:00,14009.423401183329
2024-01-26 04:00:00+00:00,14027.43689949012
2024-01-26 08:00:00+00:00,13787.212888597549
2024-01-26 12:00:00+00:00,13765.643803421108
2024-01-26 16:00:00+00:00,13658.821808302264
2024-01-26 20:00:00+00:00,13697.788077440418
2024-01-27 00:00:00+00:00,13698.5794412836
2024-01-27 04:00:00+00:00,13716.562864217556
2024-01-27 08:00:00+00:00,13709.212461833658
2024-01-27 12:00:00+00:00,13699.795807304235
2024-01-27 16:00:00+00:00,13682.115764126685
2024-01-27 20:00:00+00:00,13643.174385252696
2024-01-28 00:00:00+00:00,13623.111914488793
2024-01-28 04:00:00+00:00,13591.68019130618
2024-01-28 08:00:00+00:00,13575.264590967936
2024-01-28 12:00:00+00:00,13616.735359774866
2024-01-28 16:00:00+00:00,13711.751712904088
2024-01-28 20:00:00+00:00,13662.106616785617
2024-01-29 00:00:00+00:00,13606.4316652298
2024-01-29 04:00:00+00:00,13658.3790377898
2024-01-29 08:00:00+00:00,13620.662895114396
2024-01-29 12:00:00+00:00,13542.695092749998
2024-01-29 16:00:00+00:00,13538.499333403199
2024-01-29 20:00:00+00:00,13538.499333403199
2024-01-30 00:00:00+00:00,13574.432723502496
2024-01-30 04:00:00+00:00,13545.048419437719
2024-01-30 08:00:00+00:00,13576.101995147263
2024-01-30 12:00:00+00:00,13545.20521101653
2024-01-30 16:00:00+00:00,13576.821224500776
2024-01-30 20:00:00+00:00,13459.784270978536
2024-01-31 00:00:00+00:00,13459.297953829138
2024-01-31 04:00:00+00:00,13480.064717379848
2024-01-31 08:00:00+00:00,13403.235336621306
2024-01-31 12:00:00+00:00,13534.388044455722
2024-01-31 16:00:00+00:00,13528.970744982349
2024-01-31 20:00:00+00:00,13395.245561938727
2024-02-01 00:00:00+00:00,13300.094357268052
2024-02-01 04:00:00+00:00,13263.035512079678
2024-02-01 08:00:00+00:00,13281.267587640352
2024-02-01 12:00:00+00:00,13209.005656139552
2024-02-01 16:00:00+00:00,13316.519463756735
2024-02-01 20:00:00+00:00,13295.065291144065
2024-02-02 00:00:00+00:00,13285.461520921275
2024-02-02 04:00:00+00:00,13294.961920823773
2024-02-02 08:00:00+00:00,13304.412116886797
2024-02-02 12:00:00+00:00,13319.25536378256
2024-02-02 16:00:00+00:00,13287.826410417429
2024-02-02 20:00:00+00:00,13311.058122576567
2024-02-03 00:00:00+00:00,13305.786543772778
2024-02-03 04:00:00+00:00,13284.67714468758
2024-02-03 08:00:00+00:00,13272.999557832947
2024-02-03 12:00:00+00:00,13295.549041380318
2024-02-03 16:00:00+00:00,13291.458788013058
2024-02-03 20:00:00+00:00,13291.458788013058
2024-02-04 00:00:00+00:00,13291.458788013058
2024-02-04 04:00:00+00:00,13291.458788013058
2024-02-04 08:00:00+00:00,13291.458788013058
2024-02-04 12:00:00+00:00,13291.458788013058
2024-02-04 16:00:00+00:00,13291.458788013058
2024-02-04 20:00:00+00:00,13291.458788013058
2024-02-05 00:00:00+00:00,13291.458788013058
2024-02-05 04:00:00+00:00,13291.458788013058
2024-02-05 08:00:00+00:00,13291.458788013058
2024-02-05 12:00:00+00:00,13291.458788013058
2024-02-05 16:00:00+00:00,13291.458788013058
2024-02-05 20:00:00+00:00,13291.458788013058
2024-02-06 00:00:00+00:00,13291.458788013058
2024-02-06 04:00:00+00:00,13291.458788013058
2024-02-06 08:00:00+00:00,13291.458788013058
2024-02-06 12:00:00+00:00,13291.458788013058
2024-02-06 16:00:00+00:00,13291.458788013058
2024-02-06 20:00:00+00:00,13291.458788013058
2024-02-07 00:00:00+00:00,13291.458788013058
2024-02-07 04:00:00+00:00,13291.458788013058
2024-02-07 08:00:00+00:00,13291.458788013058
2024-02-07 12:00:00+00:00,13291.458788013058
2024-02-07 16:00:00+00:00,13291.458788013058
2024-02-07 20:00:00+00:00,13291.458788013058
2024-02-08 00:00:00+00:00,13291.458788013058
2024-02-08 04:00:00+00:00,13291.458788013058
2024-02-08 08:00:00+00:00,13291.458788013058
2024-02-08 12:00:00+00:00,13291.458788013058
2024-02-08 16:00:00+00:00,13256.420278781514
2024-02-08 20:00:00+00:00,13258.170165341804
2024-02-09 00:00:00+00:00,13416.99488257059
2024-02-09 04:00:00+00:00,13443.40979990801
2024-02-09 08:00:00+00:00,13628.410195470557
2024-02-09 12:00:00+00:00,13624.769368498215
2024-02-09 16:00:00+00:00,13685.190015408753
2024-02-09 20:00:00+00:00,13622.576278361059
2024-02-10 00:00:00+00:00,13663.871793696615
2024-02-10 04:00:00+00:00,13623.641364371717
2024-02-10 08:00:00+00:00,13630.090618350005
2024-02-10 12:00:00+00:00,13658.110841160733
2024-02-10 16:00:00+00:00,13689.608251804262
2024-02-10 20:00:00+00:00,13729.975685331641
2024-02-11 00:00:00+00:00,13870.239897938025
2024-02-11 04:00:00+00:00,13809.420895096844
2024-02-11 08:00:00+00:00,13849.434088614984
2024-02-11 12:00:00+00:00,13803.109000608581
2024-02-11 16:00:00+00:00,13827.165342725122
2024-02-11 20:00:00+00:00,13830.848342787775
2024-02-12 00:00:00+00:00,13800.13427295981
2024-02-12 04:00:00+00:00,13813.120476813083
2024-02-12 08:00:00+00:00,13758.598221460996
2024-02-12 12:00:00+00:00,14109.449953212681
2024-02-12 16:00:00+00:00,14048.454242531554
2024-02-12 20:00:00+00:00,14109.292930980288
2024-02-13 00:00:00+00:00,14088.622138033805
2024-02-13 04:00:00+00:00,14120.187829950466
2024-02-13 08:00:00+00:00,14116.776652702436
2024-02-13 12:00:00+00:00,13919.231238966047
2024-02-13 16:00:00+00:00,13960.484111765987
2024-02-13 20:00:00+00:00,14053.517476220783
2024-02-14 00:00:00+00:00,14028.091811330189
2024-02-14 04:00:00+00:00,14075.008428882016
2024-02-14 08:00:00+00:00,14333.065244032794
2024-02-14 12:00:00+00:00,14334.938857415102
2024-02-14 16:00:00+00:00,14346.532545786271
2024-02-14 20:00:00+00:00,14362.546677534521
2024-02-15 00:00:00+00:00,14440.833827130686
2024-02-15 04:00:00+00:00,14358.733009092242
2024-02-15 08:00:00+00:00,14436.692495792853
2024-02-15 12:00:00+00:00,14381.621728633567
2024-02-15 16:00:00+00:00,14388.124393703696
2024-02-15 20:00:00+00:00,14371.113508780965
2024-02-16 00:00:00+00:00,14427.252091892882
2024-02-16 04:00:00+00:00,14353.455347123632
2024-02-16 08:00:00+00:00,14417.058692009601
2024-02-16 12:00:00+00:00,14370.20496491374
2024-02-16 16:00:00+00:00,14351.515292391594
2024-02-16 20:00:00+00:00,14402.996330659578
2024-02-17 00:00:00+00:00,14380.109622743857
2024-02-17 04:00:00+00:00,14371.27592702154
2024-02-17 08:00:00+00:00,14338.660343442341
2024-02-17 12:00:00+00:00,14229.36483586414
2024-02-17 16:00:00+00:00,14161.399456577119
2024-02-17 20:00:00+00:00,14124.43160754426
2024-02-18 00:00:00+00:00,14091.948990494537
2024-02-18 04:00:00+00:00,14119.178926997403
2024-02-18 08:00:00+00:00,14141.608170590298
2024-02-18 12:00:00+00:00,14133.479547308996
2024-02-18 16:00:00+00:00,14129.284509221263
2024-02-18 20:00:00+00:00,14191.010757158789
2024-02-19 00:00:00+00:00,14177.606674375767
2024-02-19 04:00:00+00:00,14228.943065767418
2024-02-19 08:00:00+00:00,14219.369656284776
2024-02-19 12:00:00+00:00,14183.02967018685
2024-02-19 16:00:00+00:00,14130.425706326087
2024-02-19 20:00:00+00:00,14124.065228850273
2024-02-20 00:00:00+00:00,14088.092102063585
2024-02-20 04:00:00+00:00,14034.68463893864
2024-02-20 08:00:00+00:00,14103.200811357336
2024-02-20 12:00:00+00:00,13999.471139907615
2024-02-20 16:00:00+00:00,14062.025982472993
2024-02-20 20:00:00+00:00,14086.337021080708
2024-02-21 00:00:00+00:00,14047.717406994054
2024-02-21 04:00:00+00:00,13980.616652769186
2024-02-21 08:00:00+00:00,13887.184977840665
2024-02-21 12:00:00+00:00,13850.854573695584
2024-02-21 16:00:00+00:00,13866.201725837072
2024-02-21 20:00:00+00:00,13751.982791238657
2024-02-22 00:00:00+00:00,13789.496070203208
2024-02-22 04:00:00+00:00,13754.920006954877
2024-02-22 08:00:00+00:00,13751.340109828227
2024-02-22 12:00:00+00:00,13751.340109828227
2024-02-22 16:00:00+00:00,13751.340109828227
2024-02-22 20:00:00+00:00,13751.340109828227
2024-02-23 00:00:00+00:00,13751.340109828227
2024-02-23 04:00:00+00:00,13751.340109828227
2024-02-23 08:00:00+00:00,13751.340109828227
2024-02-23 12:00:00+00:00,13751.340109828227
2024-02-23 16:00:00+00:00,13751.340109828227
2024-02-23 20:00:00+00:00,13751.340109828227
2024-02-24 00:00:00+00:00,13751.340109828227
2024-02-24 04:00:00+00:00,13751.340109828227
2024-02-24 08:00:00+00:00,13751.340109828227
2024-02-24 12:00:00+00:00,13751.340109828227
2024-02-24 16:00:00+00:00,13751.340109828227
2024-02-24 20:00:00+00:00,13751.340109828227
2024-02-25 00:00:00+00:00,13751.340109828227
2024-02-25 04:00:00+00:00,13751.340109828227
2024-02-25 08:00:00+00:00,13751.340109828227
2024-02-25 12:00:00+00:00,13751.340109828227
2024-02-25 16:00:00+00:00,13751.340109828227
2024-02-25 20:00:00+00:00,13751.340109828227
2024-02-26 00:00:00+00:00,13751.340109828227
2024-02-26 04:00:00+00:00,13751.340109828227
2024-02-26 08:00:00+00:00,13751.340109828227
2024-02-26 12:00:00+00:00,13751.340109828227
2024-02-26 16:00:00+00:00,13751.340109828227
2024-02-26 20:00:00+00:00,13751.340109828227
2024-02-27 00:00:00+00:00,13751.340109828227
2024-02-27 04:00:00+00:00,13790.831709878632
2024-02-27 08:00:00+00:00,13849.127187523432
2024-02-27 12:00:00+00:00,13874.810930336109
2024-02-27 16:00:00+00:00,13953.876121624104
2024-02-27 20:00:00+00:00,13913.693304739903
2024-02-28 00:00:00+00:00,13897.66848478637
2024-02-28 04:00:00+00:00,14070.879819412845
2024-02-28 08:00:00+00:00,14156.574635393486
2024-02-28 12:00:00+00:00,14401.66774675307
2024-02-28 16:00:00+00:00,14401.481141722084
2024-02-28 20:00:00+00:00,14535.459482258926
2024-02-29 00:00:00+00:00,14457.673491990696
2024-02-29 04:00:00+00:00,14554.207931388926
2024-02-29 08:00:00+00:00,14571.598693378548
2024-02-29 12:00:00+00:00,14554.083751273174
2024-02-29 16:00:00+00:00,14458.408957480962
2024-02-29 20:00:00+00:00,14420.831267666332
2024-03-01 00:00:00+00:00,14416.735389118132
2024-03-01 04:00:00+00:00,14440.335484530213
2024-03-01 08:00:00+00:00,14472.506111721283
2024-03-01 12:00:00+00:00,14424.120047102155
2024-03-01 16:00:00+00:00,14497.208072428853
2024-03-01 20:00:00+00:00,14510.181729421729
2024-03-02 00:00:00+00:00,14503.757799604444
2024-03-02 04:00:00+00:00,14477.906328124116
2024-03-02 08:00:00+00:00,14459.691356431358
2024-03-02 12:00:00+00:00,14453.716532104774
2024-03-02 16:00:00+00:00,14482.77512064885
2024-03-02 20:00:00+00:00,14468.84020456621
2024-03-03 00:00:00+00:00,14461.795580977494
2024-03-03 04:00:00+00:00,14425.785506709783
2024-03-03 08:00:00+00:00,14449.410812674561
2024-03-03 12:00:00+00:00,14481.80030987243
2024-03-03 16:00:00+00:00,14540.865637821698
2024-03-03 20:00:00+00:00,14581.512518521655
2024-03-04 00:00:00+00:00,14615.210980953298
2024-03-04 04:00:00+00:00,14676.617175179108
2024-03-04 08:00:00+00:00,14796.685496308983
2024-03-04 12:00:00+00:00,14917.375498893904
2024-03-04 16:00:00+00:00,15008.631165049037
2024-03-04 20:00:00+00:00,15087.116760744366
2024-03-05 00:00:00+00:00,15075.159580965457
2024-03-05 04:00:00+00:00,14888.312041614034
2024-03-05 08:00:00+00:00,14927.976707686066
2024-03-05 12:00:00+00:00,14935.721742321408
2024-03-05 16:00:00+00:00,14506.82080871166
2024-03-05 20:00:00+00:00,14362.317096768229
2024-03-06 00:00:00+00:00,14388.885775313454
2024-03-06 04:00:00+00:00,14181.58785702806
2024-03-06 08:00:00+00:00,14211.920347446076
2024-03-06 12:00:00+00:00,14163.692888411575
2024-03-06 16:00:00+00:00,14147.278584939362
2024-03-06 20:00:00+00:00,14185.094825192553
2024-03-07 00:00:00+00:00,14198.268374038891
2024-03-07 04:00:00+00:00,14167.300509411007
2024-03-07 08:00:00+00:00,14137.475677128992
2024-03-07 12:00:00+00:00,14116.597304687026
2024-03-07 16:00:00+00:00,14125.110053753757
2024-03-07 20:00:00+00:00,14081.901235630277
2024-03-08 00:00:00+00:00,14102.622022404266
2024-03-08 04:00:00+00:00,14108.36585694839
2024-03-08 08:00:00+00:00,14140.899893382642
2024-03-08 12:00:00+00:00,14131.386433720554
2024-03-08 16:00:00+00:00,14209.815247696875
2024-03-08 20:00:00+00:00,14162.44910033888
2024-03-09 00:00:00+00:00,14169.039351262421
2024-03-09 04:00:00+00:00,14171.544559165051
2024-03-09 08:00:00+00:00,14171.637532994228
2024-03-09 12:00:00+00:00,14170.230164741102
2024-03-09 16:00:00+00:00,14162.449217079473
2024-03-09 20:00:00+00:00,14170.38251349764
2024-03-10 00:00:00+00:00,14236.187044710548
2024-03-10 04:00:00+00:00,14254.068531110532
2024-03-10 08:00:00+00:00,14267.715193180216
2024-03-10 12:00:00+00:00,14235.04435765758
2024-03-10 16:00:00+00:00,14249.612484394824
2024-03-10 20:00:00+00:00,14209.418429160016
2024-03-11 00:00:00+00:00,14177.700806036148
2024-03-11 04:00:00+00:00,13958.77194880666
2024-03-11 08:00:00+00:00,13974.575399111893
2024-03-11 12:00:00+00:00,14013.384334194636
2024-03-11 16:00:00+00:00,14008.105257298601
2024-03-11 20:00:00+00:00,14016.871891023009
2024-03-12 00:00:00+00:00,13976.176487735922
2024-03-12 04:00:00+00:00,14015.950660217202
2024-03-12 08:00:00+00:00,14007.124855968923
2024-03-12 12:00:00+00:00,13981.211433554137
2024-03-12 16:00:00+00:00,13949.45162273241
2024-03-12 20:00:00+00:00,13956.427597888423
2024-03-13 00:00:00+00:00,14000.737188148125
2024-03-13 04:00:00+00:00,14062.311299784256
2024-03-13 08:00:00+00:00,14072.687649706408
2024-03-13 12:00:00+00:00,14035.862103630307
2024-03-13 16:00:00+00:00,14088.624301407091
2024-03-13 20:00:00+00:00,14085.860080140601
2024-03-14 00:00:00+00:00,14085.860080140601
2024-03-14 04:00:00+00:00,14085.860080140601
2024-03-14 08:00:00+00:00,14085.860080140601
2024-03-14 12:00:00+00:00,14085.860080140601
2024-03-14 16:00:00+00:00,14085.860080140601
2024-03-14 20:00:00+00:00,14085.860080140601
2024-03-15 00:00:00+00:00,14085.860080140601
2024-03-15 04:00:00+00:00,14085.860080140601
2024-03-15 08:00:00+00:00,14085.860080140601
2024-03-15 12:00:00+00:00,14061.228388137464
2024-03-15 16:00:00+00:00,14013.564432941312
2024-03-15 20:00:00+00:00,13981.910668789378
2024-03-16 00:00:00+00:00,13999.504277486523
2024-03-16 04:00:00+00:00,13985.473041060328
2024-03-16 08:00:00+00:00,14056.791774180849
2024-03-16 12:00:00+00:00,14048.92045366419
2024-03-16 16:00:00+00:00,14138.703638364042
2024-03-16 20:00:00+00:00,14237.562245155177
2024-03-17 00:00:00+00:00,14165.01782502691
2024-03-17 04:00:00+00:00,14218.42858668549
2024-03-17 08:00:00+00:00,14139.550798338752
2024-03-17 12:00:00+00:00,14081.337800751522
2024-03-17 16:00:00+00:00,14049.230753978805
2024-03-17 20:00:00+00:00,14056.786585168942
2024-03-18 00:00:00+00:00,14082.63814973556
2024-03-18 04:00:00+00:00,14068.84245269664
2024-03-18 08:00:00+00:00,14067.325066024172
2024-03-18 12:00:00+00:00,14117.556762614482
2024-03-18 16:00:00+00:00,14151.379195810274
2024-03-18 20:00:00+00:00,14108.93306720816
2024-03-19 00:00:00+00:00,14220.57408295054
2024-03-19 04:00:00+00:00,14293.362071053307
2024-03-19 08:00:00+00:00,14391.521733707072
2024-03-19 12:00:00+00:00,14334.477859208891
2024-03-19 16:00:00+00:00,14314.33571168167
2024-03-19 20:00:00+00:00,14312.418067797913
2024-03-20 00:00:00+00:00,14312.418067797913
2024-03-20 04:00:00+00:00,14246.968507459473
2024-03-20 08:00:00+00:00,14222.858319141262
2024-03-20 12:00:00+00:00,14210.359432531453
2024-03-20 16:00:00+00:00,14084.296559930712
2024-03-20 20:00:00+00:00,13972.431433160535
2024-03-21 00:00:00+00:00,14035.04200844868
2024-03-21 04:00:00+00:00,14017.642941491036
2024-03-21 08:00:00+00:00,14015.553515956251
2024-03-21 12:00:00+00:00,14042.343860603412
2024-03-21 16:00:00+00:00,14117.631813055987
2024-03-21 20:00:00+00:00,14102.76692817804
2024-03-22 00:00:00+00:00,14076.234004904203
2024-03-22 04:00:00+00:00,14064.274147383087
2024-03-22 08:00:00+00:00,14180.692484353614
2024-03-22 12:00:00+00:00,14201.122801290188
2024-03-22 16:00:00+00:00,14202.293985809098
2024-03-22 20:00:00+00:00,14207.082889633226
2024-03-23 00:00:00+00:00,14221.358107249962
2024-03-23 04:00:00+00:00,14160.365005683878
2024-03-23 08:00:00+00:00,14156.559901961478
2024-03-23 12:00:00+00:00,14126.953162429993
2024-03-23 16:00:00+00:00,14141.905644431614
2024-03-23 20:00:00+00:00,14199.60516995595
2024-03-24 00:00:00+00:00,14200.85061159856
2024-03-24 04:00:00+00:00,14159.61124926088
2024-03-24 08:00:00+00:00,14109.192705870018
2024-03-24 12:00:00+00:00,14085.060821960502
2024-03-24 16:00:00+00:00,14073.77587579992
2024-03-24 20:00:00+00:00,13976.20958740275
2024-03-25 00:00:00+00:00,13967.183678616699
2024-03-25 04:00:00+00:00,13964.84866586585
2024-03-25 08:00:00+00:00,13964.84866586585
2024-03-25 12:00:00+00:00,13964.84866586585
2024-03-25 16:00:00+00:00,13964.84866586585
2024-03-25 20:00:00+00:00,13964.84866586585
2024-03-26 00:00:00+00:00,13964.84866586585
2024-03-26 04:00:00+00:00,13966.674911392442
2024-03-26 08:00:00+00:00,13979.830851534834
2024-03-26 12:00:00+00:00,13949.110564522405
2024-03-26 16:00:00+00:00,13892.364772071094
2024-03-26 20:00:00+00:00,13929.454853695757
2024-03-27 00:00:00+00:00,13957.074416529535
2024-03-27 04:00:00+00:00,13909.069588231272
2024-03-27 08:00:00+00:00,13944.423438580028
2024-03-27 12:00:00+00:00,13839.752181177135
2024-03-27 16:00:00+00:00,13822.238716180125
2024-03-27 20:00:00+00:00,13881.194410876875
2024-03-28 00:00:00+00:00,13866.545986380148
2024-03-28 04:00:00+00:00,13947.952031024677
2024-03-28 08:00:00+00:00,13965.000123038128
2024-03-28 12:00:00+00:00,14012.867044062594
2024-03-28 16:00:00+00:00,13972.826072537617
2024-03-28 20:00:00+00:00,13972.926036478413
2024-03-29 00:00:00+00:00,13943.880213310196
2024-03-29 04:00:00+00:00,13891.395898892017
2024-03-29 08:00:00+00:00,13917.256793047207
2024-03-29 12:00:00+00:00,13836.640655218574
2024-03-29 16:00:00+00:00,13874.816831974249
2024-03-29 20:00:00+00:00,13890.401580268248
2024-03-30 00:00:00+00:00,13883.248696699218
2024-03-30 04:00:00+00:00,13888.884290526657
2024-03-30 08:00:00+00:00,13917.969870853205
2024-03-30 12:00:00+00:00,13901.291249536425
2024-03-30 16:00:00+00:00,13886.859776703956
2024-03-30 20:00:00+00:00,13856.22416658003
2024-03-31 00:00:00+00:00,13889.036954443081
2024-03-31 04:00:00+00:00,13929.974215797234
2024-03-31 08:00:00+00:00,13935.102614431311
2024-03-31 12:00:00+00:00,13935.376877124603
2024-03-31 16:00:00+00:00,14011.185919269996
2024-03-31 20:00:00+00:00,14037.370504188846
2024-04-01 00:00:00+00:00,13948.820916638033
2024-04-01 04:00:00+00:00,13831.339311985526
2024-04-01 08:00:00+00:00,13838.758014521482
2024-04-01 12:00:00+00:00,13976.431080171782
2024-04-01 16:00:00+00:00,13828.958495255645
2024-04-01 20:00:00+00:00,13827.07789142047
2024-04-02 00:00:00+00:00,14134.807718509273
2024-04-02 04:00:00+00:00,14155.2844201811
2024-04-02 08:00:00+00:00,14231.412346027771
2024-04-02 12:00:00+00:00,14299.912356618634
2024-04-02 16:00:00+00:00,14209.706573953525
2024-04-02 20:00:00+00:00,14248.242237212131
2024-04-03 00:00:00+00:00,14245.355948026849
2024-04-03 04:00:00+00:00,14245.355948026849
2024-04-03 08:00:00+00:00,14245.355948026849
2024-04-03 12:00:00+00:00,14261.991165457313
2024-04-03 16:00:00+00:00,14269.211072882297
2024-04-03 20:00:00+00:00,14253.842693968423
2024-04-04 00:00:00+00:00,14284.539923144477
2024-04-04 04:00:00+00:00,14241.832992276704
2024-04-04 08:00:00+00:00,14219.088619559812
2024-04-04 12:00:00+00:00,14100.13517046489
2024-04-04 16:00:00+00:00,14023.195495870674
2024-04-04 20:00:00+00:00,14022.629434240385
2024-04-05 00:00:00+00:00,14076.203014282666
2024-04-05 04:00:00+00:00,14158.976487982987
2024-04-05 08:00:00+00:00,14196.915958413254
2024-04-05 12:00:00+00:00,14050.569130307906
2024-04-05 16:00:00+00:00,14115.723103977522
2024-04-05 20:00:00+00:00,14080.878149866001
2024-04-06 00:00:00+00:00,14084.0704702309
2024-04-06 04:00:00+00:00,14067.520504723612
2024-04-06 08:00:00+00:00,14097.059545115791
2024-04-06 12:00:00+00:00,14057.183945169361
2024-04-06 16:00:00+00:00,14042.536581852704
2024-04-06 20:00:00+00:00,13981.99732110693
2024-04-07 00:00:00+00:00,13978.798004814429
2024-04-07 04:00:00+00:00,13978.798004814429
2024-04-07 08:00:00+00:00,13978.798004814429
2024-04-07 12:00:00+00:00,13978.798004814429
2024-04-07 16:00:00+00:00,13926.649545260188
2024-04-07 20:00:00+00:00,13953.220549700955
2024-04-08 00:00:00+00:00,13964.677268752495
2024-04-08 04:00:00+00:00,14092.149344673591
2024-04-08 08:00:00+00:00,14262.844900771257
2024-04-08 12:00:00+00:00,14199.783105727316
2024-04-08 16:00:00+00:00,14196.523639875693
2024-04-08 20:00:00+00:00,14184.29495806894
2024-04-09 00:00:00+00:00,14149.798140357481
2024-04-09 04:00:00+00:00,14062.408839786427
2024-04-09 08:00:00+00:00,14100.853704911919
2024-04-09 12:00:00+00:00,13954.722394594875
2024-04-09 16:00:00+00:00,13929.100076211931
2024-04-09 20:00:00+00:00,13910.632950148223
2024-04-10 00:00:00+00:00,13910.948673798403
2024-04-10 04:00:00+00:00,13893.832124851846
2024-04-10 08:00:00+00:00,13921.293945555732
2024-04-10 12:00:00+00:00,13959.94491257164
2024-04-10 16:00:00+00:00,13827.621497946006
2024-04-10 20:00:00+00:00,13777.069373381357
2024-04-11 00:00:00+00:00,13789.07185797819
2024-04-11 04:00:00+00:00,13779.108269902395
2024-04-11 08:00:00+00:00,13711.008019292432
2024-04-11 12:00:00+00:00,13711.168173924407
2024-04-11 16:00:00+00:00,13667.68119782894
2024-04-11 20:00:00+00:00,13705.59294141016
2024-04-12 00:00:00+00:00,13702.513759756777
2024-04-12 04:00:00+00:00,13702.513759756777
2024-04-12 08:00:00+00:00,13702.513759756777
2024-04-12 12:00:00+00:00,13702.513759756777
2024-04-12 16:00:00+00:00,13702.513759756777
2024-04-12 20:00:00+00:00,13702.513759756777
2024-04-13 00:00:00+00:00,13702.513759756777
2024-04-13 04:00:00+00:00,13702.513759756777
2024-04-13 08:00:00+00:00,13707.52711544739
2024-04-13 12:00:00+00:00,13682.199575765593
2024-04-13 16:00:00+00:00,13679.424285956798
2024-04-13 20:00:00+00:00,13679.424285956798
2024-04-14 00:00:00+00:00,13710.414262730674
2024-04-14 04:00:00+00:00,13646.124556081142
2024-04-14 08:00:00+00:00,13665.336693060433
2024-04-14 12:00:00+00:00,13664.46924771604
2024-04-14 16:00:00+00:00,13665.986577543228
2024-04-14 20:00:00+00:00,13572.915681212238
2024-04-15 00:00:00+00:00,13604.36739313991
2024-04-15 04:00:00+00:00,13534.371612799585
2024-04-15 08:00:00+00:00,13557.673721450135
2024-04-15 12:00:00+00:00,13639.267687438552
2024-04-15 16:00:00+00:00,13718.502658322655
2024-04-15 20:00:00+00:00,13711.019968494129
2024-04-16 00:00:00+00:00,13739.149551323853
2024-04-16 04:00:00+00:00,13704.761979221385
2024-04-16 08:00:00+00:00,13731.108263482598
2024-04-16 12:00:00+00:00,13810.887392913844
2024-04-16 16:00:00+00:00,13753.503558430048
2024-04-16 20:00:00+00:00,13688.01350625229
2024-04-17 00:00:00+00:00,13685.758983108255
2024-04-17 04:00:00+00:00,13719.573213611806
2024-04-17 08:00:00+00:00,13762.742643332349
2024-04-17 12:00:00+00:00,13910.741126073204
2024-04-17 16:00:00+00:00,13866.036802455306
2024-04-17 20:00:00+00:00,13850.478411455973
2024-04-18 00:00:00+00:00,13807.610319839896
2024-04-18 04:00:00+00:00,13857.218502466327
2024-04-18 08:00:00+00:00,13768.585858114684
2024-04-18 12:00:00+00:00,13712.457888059675
2024-04-18 16:00:00+00:00,13714.46243968031
2024-04-18 20:00:00+00:00,13714.036362673698
2024-04-19 00:00:00+00:00,13818.269005319018
2024-04-19 04:00:00+00:00,13656.852584908855
2024-04-19 08:00:00+00:00,13639.464858456131
2024-04-19 12:00:00+00:00,13662.921275647648
2024-04-19 16:00:00+00:00,13669.32309540801
2024-04-19 20:00:00+00:00,13698.829446006694
2024-04-20 00:00:00+00:00,13690.918427285953
2024-04-20 04:00:00+00:00,13690.527986340088
2024-04-20 08:00:00+00:00,13705.493034338628
2024-04-20 12:00:00+00:00,13638.007124612273
2024-04-20 16:00:00+00:00,13634.149923915274
2024-04-20 20:00:00+00:00,13630.123904532826
2024-04-21 00:00:00+00:00,13614.74750446186
2024-04-21 04:00:00+00:00,13616.139431235026
2024-04-21 08:00:00+00:00,13609.462725040954
2024-04-21 12:00:00+00:00,13622.822187032718
2024-04-21 16:00:00+00:00,13660.431908511182
2024-04-21 20:00:00+00:00,13629.972780501215
2024-04-22 00:00:00+00:00,13571.935199729194
2024-04-22 04:00:00+00:00,13551.990801378615
2024-04-22 08:00:00+00:00,13558.710383952395
2024-04-22 12:00:00+00:00,13549.972728759962
2024-04-22 16:00:00+00:00,13507.857089005347
2024-04-22 20:00:00+00:00,13485.097106930483
2024-04-23 00:00:00+00:00,13514.910884701896
2024-04-23 04:00:00+00:00,13542.308980660846
2024-04-23 08:00:00+00:00,13547.36074251047
2024-04-23 12:00:00+00:00,13514.77773782124
2024-04-23 16:00:00+00:00,13509.246067408989
2024-04-23 20:00:00+00:00,13515.383568090774
2024-04-24 00:00:00+00:00,13497.119462256265
2024-04-24 04:00:00+00:00,13494.081813079136
2024-04-24 08:00:00+00:00,13494.081813079136
2024-04-24 12:00:00+00:00,13494.081813079136
2024-04-24 16:00:00+00:00,13494.081813079136
2024-04-24 20:00:00+00:00,13464.628648637248
2024-04-25 00:00:00+00:00,13464.073521130273
2024-04-25 04:00:00+00:00,13488.704001216756
2024-04-25 08:00:00+00:00,13505.109797691659
2024-04-25 12:00:00+00:00,13479.474691708232
2024-04-25 16:00:00+00:00,13420.226852303063
2024-04-25 20:00:00+00:00,13442.938686587675
2024-04-26 00:00:00+00:00,13454.316209694398
2024-04-26 04:00:00+00:00,13466.108032134209
2024-04-26 08:00:00+00:00,13468.348933951951
2024-04-26 12:00:00+00:00,13542.064554981624
2024-04-26 16:00:00+00:00,13518.30491589471
2024-04-26 20:00:00+00:00,13515.757272903875
2024-04-27 00:00:00+00:00,13588.222843446398
2024-04-27 04:00:00+00:00,13598.391962546597
2024-04-27 08:00:00+00:00,13610.126486744113
2024-04-27 12:00:00+00:00,13600.023474636824
2024-04-27 16:00:00+00:00,13556.613385324226
2024-04-27 20:00:00+00:00,13546.721794781775
2024-04-28 00:00:00+00:00,13483.44066608348
2024-04-28 04:00:00+00:00,13495.210506669056
2024-04-28 08:00:00+00:00,13543.542376735946
2024-04-28 12:00:00+00:00,13537.788148672293
2024-04-28 16:00:00+00:00,13516.460332144288
2024-04-28 20:00:00+00:00,13589.074628032677
2024-04-29 00:00:00+00:00,13688.909948450135
2024-04-29 04:00:00+00:00,13676.695698395875
2024-04-29 08:00:00+00:00,13693.619010247423
2024-04-29 12:00:00+00:00,13597.59664941523
2024-04-29 16:00:00+00:00,13604.922132564157
2024-04-29 20:00:00+00:00,13499.791357059748
2024-04-30 00:00:00+00:00,13524.906583871469
2024-04-30 04:00:00+00:00,13579.7853985832
2024-04-30 08:00:00+00:00,13796.887388062556
2024-04-30 12:00:00+00:00,13840.658430551388
2024-04-30 16:00:00+00:00,13998.440715861414
2024-04-30 20:00:00+00:00,13856.879004976014
2024-05-01 00:00:00+00:00,13900.264920011094
2024-05-01 04:00:00+00:00,14166.169223481455
2024-05-01 08:00:00+00:00,14132.087301869813
2024-05-01 12:00:00+00:00,14220.793662144342
2024-05-01 16:00:00+00:00,14214.997093680156
2024-05-01 20:00:00+00:00,14101.798049710398
2024-05-02 00:00:00+00:00,14174.184765531496
2024-05-02 04:00:00+00:00,14155.227537393937
2024-05-02 08:00:00+00:00,14082.881147765605
2024-05-02 12:00:00+00:00,14026.558099147493
2024-05-02 16:00:00+00:00,14018.922480498079
2024-05-02 20:00:00+00:00,14042.758325502606
2024-05-03 00:00:00+00:00,13988.008573257504
2024-05-03 04:00:00+00:00,14032.37372623584
2024-05-03 08:00:00+00:00,14022.629943176553
2024-05-03 12:00:00+00:00,13813.606997190072
2024-05-03 16:00:00+00:00,13784.603384416212
2024-05-03 20:00:00+00:00,13717.98789227621
2024-05-04 00:00:00+00:00,13730.578784947073
2024-05-04 04:00:00+00:00,13711.666808296417
2024-05-04 08:00:00+00:00,13636.198411359373
2024-05-04 12:00:00+00:00,13657.173914377325
2024-05-04 16:00:00+00:00,13633.067597722784
2024-05-04 20:00:00+00:00,13634.768161253582
2024-05-05 00:00:00+00:00,13691.410923807696
2024-05-05 04:00:00+00:00,13649.52127505427
2024-05-05 08:00:00+00:00,13637.268469158256
2024-05-05 12:00:00+00:00,13586.953208205123
2024-05-05 16:00:00+00:00,13636.635861974442
2024-05-05 20:00:00+00:00,13623.631400951113
2024-05-06 00:00:00+00:00,13638.303790282494
2024-05-06 04:00:00+00:00,13574.013513384223
2024-05-06 08:00:00+00:00,13605.451495959263
2024-05-06 12:00:00+00:00,13602.372684766924
2024-05-06 16:00:00+00:00,13602.372684766924
2024-05-06 20:00:00+00:00,13602.372684766924
2024-05-07 00:00:00+00:00,13602.372684766924
2024-05-07 04:00:00+00:00,13602.372684766924
2024-05-07 08:00:00+00:00,13602.372684766924
2024-05-07 12:00:00+00:00,13602.372684766924
2024-05-07 16:00:00+00:00,13602.372684766924
2024-05-07 20:00:00+00:00,13602.372684766924
2024-05-08 00:00:00+00:00,13602.372684766924
2024-05-08 04:00:00+00:00,13602.372684766924
2024-05-08 08:00:00+00:00,13602.372684766924
2024-05-08 12:00:00+00:00,13602.372684766924
2024-05-08 16:00:00+00:00,13602.372684766924
2024-05-08 20:00:00+00:00,13697.196519236575
2024-05-09 00:00:00+00:00,13649.53953377152
2024-05-09 04:00:00+00:00,13691.657000794614
2024-05-09 08:00:00+00:00,13711.044919573174
2024-05-09 12:00:00+00:00,13599.680539484078
2024-05-09 16:00:00+00:00,13570.507845179109
2024-05-09 20:00:00+00:00,13507.791764322263
2024-05-10 00:00:00+00:00,13524.607463822038
2024-05-10 04:00:00+00:00,13506.856181017762
2024-05-10 08:00:00+00:00,13484.293598693639
2024-05-10 12:00:00+00:00,13734.493277568978
2024-05-10 16:00:00+00:00,13755.174404785197
2024-05-10 20:00:00+00:00,13745.83486693086
2024-05-11 00:00:00+00:00,13753.477461781638
2024-05-11 04:00:00+00:00,13724.40876643476
2024-05-11 08:00:00+00:00,13759.832371695691
2024-05-11 12:00:00+00:00,13706.735236992341
2024-05-11 16:00:00+00:00,13710.612953781
2024-05-11 20:00:00+00:00,13744.239874237895
2024-05-12 00:00:00+00:00,13733.659108408348
2024-05-12 04:00:00+00:00,13745.212760356497
2024-05-12 08:00:00+00:00,13707.190246045802
2024-05-12 12:00:00+00:00,13673.417244050932
2024-05-12 16:00:00+00:00,13674.393383826164
2024-05-12 20:00:00+00:00,13670.586865710058
2024-05-13 00:00:00+00:00,13670.586865710058
2024-05-13 04:00:00+00:00,13670.586865710058
2024-05-13 08:00:00+00:00,13670.586865710058
2024-05-13 12:00:00+00:00,13670.586865710058
2024-05-13 16:00:00+00:00,13670.586865710058
2024-05-13 20:00:00+00:00,13670.586865710058
2024-05-14 00:00:00+00:00,13670.586865710058
2024-05-14 04:00:00+00:00,13670.586865710058
2024-05-14 08:00:00+00:00,13670.586865710058
2024-05-14 12:00:00+00:00,13670.586865710058
2024-05-14 16:00:00+00:00,13670.586865710058
2024-05-14 20:00:00+00:00,13670.586865710058
2024-05-15 00:00:00+00:00,13670.586865710058
2024-05-15 04:00:00+00:00,13670.586865710058
2024-05-15 08:00:00+00:00,13670.586865710058
2024-05-15 12:00:00+00:00,13670.586865710058
2024-05-15 16:00:00+00:00,13670.586865710058
2024-05-15 20:00:00+00:00,13670.586865710058
2024-05-16 00:00:00+00:00,13670.586865710058
2024-05-16 04:00:00+00:00,13683.56597106977
2024-05-16 08:00:00+00:00,13725.41065580908
2024-05-16 12:00:00+00:00,13648.435744465367
2024-05-16 16:00:00+00:00,13577.694885346655
2024-05-16 20:00:00+00:00,13584.566712501672
2024-05-17 00:00:00+00:00,13619.894918685732
2024-05-17 04:00:00+00:00,13708.684347280536
2024-05-17 08:00:00+00:00,13690.211549882455
2024-05-17 12:00:00+00:00,13800.764679590991
2024-05-17 16:00:00+00:00,13783.03373365979
2024-05-17 20:00:00+00:00,13780.033326376748
2024-05-18 00:00:00+00:00,13773.104651664862
2024-05-18 04:00:00+00:00,13765.585853103566
2024-05-18 08:00:00+00:00,13799.668428154211
2024-05-18 12:00:00+00:00,13755.325254003732
2024-05-18 16:00:00+00:00,13767.413258662062
2024-05-18 20:00:00+00:00,13767.665713245098
2024-05-19 00:00:00+00:00,13799.148924099514
2024-05-19 04:00:00+00:00,13820.369782834214
2024-05-19 08:00:00+00:00,13820.900513809605
2024-05-19 12:00:00+00:00,13761.679756604986
2024-05-19 16:00:00+00:00,13645.452760254313
2024-05-19 20:00:00+00:00,13676.127861021037
2024-05-20 00:00:00+00:00,13729.326338153642
2024-05-20 04:00:00+00:00,13748.83234866167
2024-05-20 08:00:00+00:00,13772.9656510309
2024-05-20 12:00:00+00:00,13827.395205557877
2024-05-20 16:00:00+00:00,14177.294669771614
2024-05-20 20:00:00+00:00,14355.623099800789
2024-05-21 00:00:00+00:00,14338.65055288593
2024-05-21 04:00:00+00:00,14295.45021372199
2024-05-21 08:00:00+00:00,14320.668627168658
2024-05-21 12:00:00+00:00,14175.48114015339
2024-05-21 16:00:00+00:00,14114.926105717224
2024-05-21 20:00:00+00:00,14204.8343815291
2024-05-22 00:00:00+00:00,14186.437618324273
2024-05-22 04:00:00+00:00,14160.184257574912
2024-05-22 08:00:00+00:00,14160.148876343643
2024-05-22 12:00:00+00:00,14238.894520734788
2024-05-22 16:00:00+00:00,14148.535992970867
2024-05-22 20:00:00+00:00,14100.759222929375
2024-05-23 00:00:00+00:00,14127.530189404213
2024-05-23 04:00:00+00:00,14158.322542638265
2024-05-23 08:00:00+00:00,14184.910215922573
2024-05-23 12:00:00+00:00,13968.202185129732
2024-05-23 16:00:00+00:00,14050.149421024731
2024-05-23 20:00:00+00:00,13973.051656735224
2024-05-24 00:00:00+00:00,13982.505274074569
2024-05-24 04:00:00+00:00,14052.709205269612
2024-05-24 08:00:00+00:00,14034.355436811546
2024-05-24 12:00:00+00:00,13939.24574804438
2024-05-24 16:00:00+00:00,13863.764980248989
2024-05-24 20:00:00+00:00,13915.428182869011
2024-05-25 00:00:00+00:00,13897.737981404352
2024-05-25 04:00:00+00:00,13897.372362733991
2024-05-25 08:00:00+00:00,13862.746478663606
2024-05-25 12:00:00+00:00,13838.435042244055
2024-05-25 16:00:00+00:00,13861.002633527827
2024-05-25 20:00:00+00:00,13877.196408256435
2024-05-26 00:00:00+00:00,13850.940004483888
2024-05-26 04:00:00+00:00,13881.943362597265
2024-05-26 08:00:00+00:00,13877.897927885251
2024-05-26 12:00:00+00:00,13877.897927885251
2024-05-26 16:00:00+00:00,13877.897927885251
2024-05-26 20:00:00+00:00,13877.897927885251
2024-05-27 00:00:00+00:00,13877.897927885251
2024-05-27 04:00:00+00:00,13877.897927885251
2024-05-27 08:00:00+00:00,13877.897927885251
2024-05-27 12:00:00+00:00,13877.897927885251
2024-05-27 16:00:00+00:00,13877.897927885251
2024-05-27 20:00:00+00:00,13877.897927885251
2024-05-28 00:00:00+00:00,13877.897927885251
2024-05-28 04:00:00+00:00,13877.897927885251
2024-05-28 08:00:00+00:00,13877.897927885251
2024-05-28 12:00:00+00:00,13877.897927885251
2024-05-28 16:00:00+00:00,13877.897927885251
2024-05-28 20:00:00+00:00,13877.897927885251
2024-05-29 00:00:00+00:00,13877.897927885251
2024-05-29 04:00:00+00:00,13877.897927885251
2024-05-29 08:00:00+00:00,13877.897927885251
2024-05-29 12:00:00+00:00,13877.897927885251
2024-05-29 16:00:00+00:00,13877.897927885251
2024-05-29 20:00:00+00:00,13877.897927885251
2024-05-30 00:00:00+00:00,13877.897927885251
2024-05-30 04:00:00+00:00,13877.897927885251
2024-05-30 08:00:00+00:00,13877.897927885251
2024-05-30 12:00:00+00:00,13877.897927885251
2024-05-30 16:00:00+00:00,13877.897927885251
2024-05-30 20:00:00+00:00,13877.897927885251
2024-05-31 00:00:00+00:00,13877.897927885251
2024-05-31 04:00:00+00:00,13877.897927885251
2024-05-31 08:00:00+00:00,13877.897927885251
2024-05-31 12:00:00+00:00,13877.897927885251
2024-05-31 16:00:00+00:00,13877.897927885251
2024-05-31 20:00:00+00:00,13877.897927885251
2024-06-01 00:00:00+00:00,13877.897927885251
2024-06-01 04:00:00+00:00,13877.897927885251
2024-06-01 08:00:00+00:00,13877.897927885251
2024-06-01 12:00:00+00:00,13877.897927885251
2024-06-01 16:00:00+00:00,13877.897927885251
2024-06-01 20:00:00+00:00,13877.897927885251
2024-06-02 00:00:00+00:00,13877.897927885251
2024-06-02 04:00:00+00:00,13877.897927885251
2024-06-02 08:00:00+00:00,13877.897927885251
2024-06-02 12:00:00+00:00,13877.897927885251
2024-06-02 16:00:00+00:00,13877.897927885251
2024-06-02 20:00:00+00:00,13877.897927885251
2024-06-03 00:00:00+00:00,13877.897927885251
2024-06-03 04:00:00+00:00,13877.897927885251
2024-06-03 08:00:00+00:00,13877.897927885251
2024-06-03 12:00:00+00:00,13877.897927885251
2024-06-03 16:00:00+00:00,13877.897927885251
2024-06-03 20:00:00+00:00,13877.897927885251
2024-06-04 00:00:00+00:00,13877.897927885251
2024-06-04 04:00:00+00:00,13877.897927885251
2024-06-04 08:00:00+00:00,13877.897927885251
2024-06-04 12:00:00+00:00,13877.897927885251
2024-06-04 16:00:00+00:00,13868.246429841089
2024-06-04 20:00:00+00:00,13883.479072196615
2024-06-05 00:00:00+00:00,13935.699109329262
2024-06-05 04:00:00+00:00,13967.718490298199
2024-06-05 08:00:00+00:00,13935.3715811579
2024-06-05 12:00:00+00:00,14016.847885564175
2024-06-05 16:00:00+00:00,13975.70376077737
2024-06-05 20:00:00+00:00,13952.582840235122
2024-06-06 00:00:00+00:00,13945.818556092054
2024-06-06 04:00:00+00:00,13944.307626438916
2024-06-06 08:00:00+00:00,13962.435664422159
2024-06-06 12:00:00+00:00,13978.395955127502
2024-06-06 16:00:00+00:00,13863.53237532945
2024-06-06 20:00:00+00:00,13905.267774798363
2024-06-07 00:00:00+00:00,13932.058136632606
2024-06-07 04:00:00+00:00,13948.112474496029
2024-06-07 08:00:00+00:00,14033.601559354685
2024-06-07 12:00:00+00:00,13946.474508637673
2024-06-07 16:00:00+00:00,13689.832787845053
2024-06-07 20:00:00+00:00,13670.32851101797
2024-06-08 00:00:00+00:00,13661.827133709163
2024-06-08 04:00:00+00:00,13642.092895590582
2024-06-08 08:00:00+00:00,13669.345799551593
2024-06-08 12:00:00+00:00,13661.59500170724
2024-06-08 16:00:00+00:00,13659.077940379257
2024-06-08 20:00:00+00:00,13678.641796646685
2024-06-09 00:00:00+00:00,13686.163310697802
2024-06-09 04:00:00+00:00,13681.284279514019
2024-06-09 08:00:00+00:00,13671.37654048412
2024-06-09 12:00:00+00:00,13649.943104123833
2024-06-09 16:00:00+00:00,13616.05560542815
2024-06-09 20:00:00+00:00,13628.577596125906
2024-06-10 00:00:00+00:00,13634.764945172592
2024-06-10 04:00:00+00:00,13689.57879932327
2024-06-10 08:00:00+00:00,13658.34607265576
2024-06-10 12:00:00+00:00,13552.355546849092
2024-06-10 16:00:00+00:00,13440.514145961719
2024-06-10 20:00:00+00:00,13446.241803663672
2024-06-11 00:00:00+00:00,13256.90330099653
2024-06-11 04:00:00+00:00,13383.90550933705
2024-06-11 08:00:00+00:00,13484.399890826424
2024-06-11 12:00:00+00:00,13580.948697758624
2024-06-11 16:00:00+00:00,13575.961554903713
2024-06-11 20:00:00+00:00,13575.961554903713
2024-06-12 00:00:00+00:00,13559.399610863866
2024-06-12 04:00:00+00:00,13554.32410957472
2024-06-12 08:00:00+00:00,13506.835267447383
2024-06-12 12:00:00+00:00,13231.287840524994
2024-06-12 16:00:00+00:00,13508.22660367475
2024-06-12 20:00:00+00:00,13422.419132415745
2024-06-13 00:00:00+00:00,13511.730194855701
2024-06-13 04:00:00+00:00,13484.07092693857
2024-06-13 08:00:00+00:00,13482.518440083002
2024-06-13 12:00:00+00:00,13625.681381811533
2024-06-13 16:00:00+00:00,13609.611447710857
2024-06-13 20:00:00+00:00,13592.020911225089
2024-06-14 00:00:00+00:00,13596.673916214999
2024-06-14 04:00:00+00:00,13579.289064715726
2024-06-14 08:00:00+00:00,13565.494898664208
2024-06-14 12:00:00+00:00,13640.92347164275
2024-06-14 16:00:00+00:00,13741.173984997646
2024-06-14 20:00:00+00:00,13682.101365418683
2024-06-15 00:00:00+00:00,13657.872333450654
2024-06-15 04:00:00+00:00,13678.609826562635
2024-06-15 08:00:00+00:00,13653.121466593991
2024-06-15 12:00:00+00:00,13652.158562327493
2024-06-15 16:00:00+00:00,13673.864987872568
2024-06-15 20:00:00+00:00,13664.740420793327
2024-06-16 00:00:00+00:00,13676.625552711539
2024-06-16 04:00:00+00:00,13660.030437309391
2024-06-16 08:00:00+00:00,13629.557357439056
2024-06-16 12:00:00+00:00,13598.479968361773
2024-06-16 16:00:00+00:00,13620.797519891787
2024-06-16 20:00:00+00:00,13603.915042377586
2024-06-17 00:00:00+00:00,13673.836580764506
2024-06-17 04:00:00+00:00,13681.7299780197
2024-06-17 08:00:00+00:00,13736.703291339401
2024-06-17 12:00:00+00:00,13804.66411147666
2024-06-17 16:00:00+00:00,13605.670881334961
2024-06-17 20:00:00+00:00,13630.803038594222
2024-06-18 00:00:00+00:00,13767.537050870154
2024-06-18 04:00:00+00:00,13745.337229670828
2024-06-18 08:00:00+00:00,13785.628235099079
2024-06-18 12:00:00+00:00,13872.247707214605
2024-06-18 16:00:00+00:00,13908.434832040286
2024-06-18 20:00:00+00:00,13812.343913212158
2024-06-19 00:00:00+00:00,13784.76989061702
2024-06-19 04:00:00+00:00,13794.990621261551
2024-06-19 08:00:00+00:00,13809.608767448733
2024-06-19 12:00:00+00:00,13846.524338862635
2024-06-19 16:00:00+00:00,13852.463134815454
2024-06-19 20:00:00+00:00,13841.40319217865
2024-06-20 00:00:00+00:00,13811.373953277618
2024-06-20 04:00:00+00:00,13718.39914293087
2024-06-20 08:00:00+00:00,13675.892352361503
2024-06-20 12:00:00+00:00,13856.55056599477
2024-06-20 16:00:00+00:00,13826.35647849522
2024-06-20 20:00:00+00:00,13849.279189052975
2024-06-21 00:00:00+00:00,13899.887039308256
2024-06-21 04:00:00+00:00,13939.054352786212
2024-06-21 08:00:00+00:00,13998.511977380716
2024-06-21 12:00:00+00:00,14002.32751090293
2024-06-21 16:00:00+00:00,13937.558812351142
2024-06-21 20:00:00+00:00,13948.626343947672
2024-06-22 00:00:00+00:00,13926.218454466914
2024-06-22 04:00:00+00:00,13899.618058146538
2024-06-22 08:00:00+00:00,13934.472427365097
2024-06-22 12:00:00+00:00,13928.76583942178
2024-06-22 16:00:00+00:00,13931.442830998492
2024-06-22 20:00:00+00:00,13936.115369091753
2024-06-23 00:00:00+00:00,13912.382867985532
2024-06-23 04:00:00+00:00,13912.04031112645
2024-06-23 08:00:00+00:00,13926.10167713065
2024-06-23 12:00:00+00:00,13969.685758980706
2024-06-23 16:00:00+00:00,13959.52709279395
2024-06-23 20:00:00+00:00,14138.32571959383
2024-06-24 00:00:00+00:00,14205.248963934517
2024-06-24 04:00:00+00:00,14280.264140500416
2024-06-24 08:00:00+00:00,14495.478189400274
2024-06-24 12:00:00+00:00,14563.808254891543
2024-06-24 16:00:00+00:00,14803.147649234268
2024-06-24 20:00:00+00:00,14660.629516210842
2024-06-25 00:00:00+00:00,14530.051410906804
2024-06-25 04:00:00+00:00,14607.050412072758
2024-06-25 08:00:00+00:00,14542.51179849752
2024-06-25 12:00:00+00:00,14466.10444235271
2024-06-25 16:00:00+00:00,14444.263709577963
2024-06-25 20:00:00+00:00,14465.737965750672
2024-06-26 00:00:00+00:00,14450.16052714972
2024-06-26 04:00:00+00:00,14475.305468048948
2024-06-26 08:00:00+00:00,14510.994111097969
2024-06-26 12:00:00+00:00,14507.61860359279
2024-06-26 16:00:00+00:00,14567.706406804873
2024-06-26 20:00:00+00:00,14584.558783402175
2024-06-27 00:00:00+00:00,14563.200896524331
2024-06-27 04:00:00+00:00,14595.38841026228
2024-06-27 08:00:00+00:00,14541.400901909432
2024-06-27 12:00:00+00:00,14489.420294804846
2024-06-27 16:00:00+00:00,14506.574321729964
2024-06-27 20:00:00+00:00,14474.935529774179
2024-06-28 00:00:00+00:00,14459.02700990497
2024-06-28 04:00:00+00:00,14525.749444591369
2024-06-28 08:00:00+00:00,14477.220485500593
2024-06-28 12:00:00+00:00,14566.078405221147
2024-06-28 16:00:00+00:00,14692.2830458624
2024-06-28 20:00:00+00:00,14651.27547660881
2024-06-29 00:00:00+00:00,14605.677549718306
2024-06-29 04:00:00+00:00,14564.690584221698
2024-06-29 08:00:00+00:00,14556.629180397476
2024-06-29 12:00:00+00:00,14552.231970167597
2024-06-29 16:00:00+00:00,14552.231970167597
2024-06-29 20:00:00+00:00,14552.231970167597
2024-06-30 00:00:00+00:00,14552.231970167597
2024-06-30 04:00:00+00:00,14552.231970167597
2024-06-30 08:00:00+00:00,14552.231970167597
2024-06-30 12:00:00+00:00,14552.231970167597
2024-06-30 16:00:00+00:00,14552.231970167597
2024-06-30 20:00:00+00:00,14552.231970167597
2024-07-01 00:00:00+00:00,14552.231970167597
2024-07-01 04:00:00+00:00,14552.231970167597
2024-07-01 08:00:00+00:00,14552.231970167597
2024-07-01 12:00:00+00:00,14552.231970167597
2024-07-01 16:00:00+00:00,14552.231970167597
2024-07-01 20:00:00+00:00,14598.440227229536
2024-07-02 00:00:00+00:00,14562.4967066553
2024-07-02 04:00:00+00:00,14642.417184327143
2024-07-02 08:00:00+00:00,14610.164469004105
2024-07-02 12:00:00+00:00,14754.014126240316
2024-07-02 16:00:00+00:00,14754.833940726265
2024-07-02 20:00:00+00:00,14726.183154819777
2024-07-03 00:00:00+00:00,14913.468248401268
2024-07-03 04:00:00+00:00,14932.070234490191
2024-07-03 08:00:00+00:00,15008.01419505684
2024-07-03 12:00:00+00:00,15039.198729498583
2024-07-03 16:00:00+00:00,15116.760479620336
2024-07-03 20:00:00+00:00,15036.082277976902
2024-07-04 00:00:00+00:00,15197.31754633016
2024-07-04 04:00:00+00:00,15309.228121146709
2024-07-04 08:00:00+00:00,15369.426144242812
2024-07-04 12:00:00+00:00,15321.10044082805
2024-07-04 16:00:00+00:00,15306.285708995118
2024-07-04 20:00:00+00:00,15451.848295151332
2024-07-05 00:00:00+00:00,15658.832444308067
2024-07-05 04:00:00+00:00,15746.055863194299
2024-07-05 08:00:00+00:00,15636.893433218078
2024-07-05 12:00:00+00:00,15520.072244582587
2024-07-05 16:00:00+00:00,15538.454339516351
2024-07-05 20:00:00+00:00,15523.244653845437
2024-07-06 00:00:00+00:00,15544.789904985113
2024-07-06 04:00:00+00:00,15526.46659928945
2024-07-06 08:00:00+00:00,15512.314142580244
2024-07-06 12:00:00+00:00,15451.967185058795
2024-07-06 16:00:00+00:00,15394.074912685013
2024-07-06 20:00:00+00:00,15353.62170498806
2024-07-07 00:00:00+00:00,15383.3668552407
2024-07-07 04:00:00+00:00,15449.394514798012
2024-07-07 08:00:00+00:00,15439.727149513716
2024-07-07 12:00:00+00:00,15511.363824134027
2024-07-07 16:00:00+00:00,15474.590028055773
2024-07-07 20:00:00+00:00,15625.524021900563
2024-07-08 00:00:00+00:00,15704.674212680862
2024-07-08 04:00:00+00:00,15628.280976917236
2024-07-08 08:00:00+00:00,15484.339550212739
2024-07-08 12:00:00+00:00,15627.641035775818
2024-07-08 16:00:00+00:00,15557.908049812355
2024-07-08 20:00:00+00:00,15536.282912305229
2024-07-09 00:00:00+00:00,15492.4131773243
2024-07-09 04:00:00+00:00,15496.00688239006
2024-07-09 08:00:00+00:00,15465.578099315382
2024-07-09 12:00:00+00:00,15461.678877951132
2024-07-09 16:00:00+00:00,15422.939030358284
2024-07-09 20:00:00+00:00,15404.217932031865
2024-07-10 00:00:00+00:00,15390.857757281181
2024-07-10 04:00:00+00:00,15308.459402539125
2024-07-10 08:00:00+00:00,15358.189782909138
2024-07-10 12:00:00+00:00,15443.286475512205
2024-07-10 16:00:00+00:00,15473.476419925899
2024-07-10 20:00:00+00:00,15437.585877540901
2024-07-11 00:00:00+00:00,15434.5042137075
2024-07-11 04:00:00+00:00,15434.5042137075
2024-07-11 08:00:00+00:00,15434.5042137075
2024-07-11 12:00:00+00:00,15434.5042137075
2024-07-11 16:00:00+00:00,15434.5042137075
2024-07-11 20:00:00+00:00,15434.5042137075
2024-07-12 00:00:00+00:00,15434.5042137075
2024-07-12 04:00:00+00:00,15434.5042137075
2024-07-12 08:00:00+00:00,15434.5042137075
2024-07-12 12:00:00+00:00,15434.5042137075
2024-07-12 16:00:00+00:00,15434.5042137075
2024-07-12 20:00:00+00:00,15434.5042137075
2024-07-13 00:00:00+00:00,15434.5042137075
2024-07-13 04:00:00+00:00,15434.5042137075
2024-07-13 08:00:00+00:00,15434.5042137075
2024-07-13 12:00:00+00:00,15434.5042137075
2024-07-13 16:00:00+00:00,15434.5042137075
2024-07-13 20:00:00+00:00,15434.5042137075
2024-07-14 00:00:00+00:00,15399.761211496107
2024-07-14 04:00:00+00:00,15326.103702446868
2024-07-14 08:00:00+00:00,15320.471678261707
2024-07-14 12:00:00+00:00,15323.615395742596
2024-07-14 16:00:00+00:00,15345.371388815274
2024-07-14 20:00:00+00:00,15229.816808808791
2024-07-15 00:00:00+00:00,14998.098322133961
2024-07-15 04:00:00+00:00,14994.349107854952
2024-07-15 08:00:00+00:00,14994.349107854952
2024-07-15 12:00:00+00:00,15055.572047884267
2024-07-15 16:00:00+00:00,15093.82480843394
2024-07-15 20:00:00+00:00,15255.998117427114
2024-07-16 00:00:00+00:00,15261.454469597618
2024-07-16 04:00:00+00:00,15043.598377823397
2024-07-16 08:00:00+00:00,15133.860360200266
2024-07-16 12:00:00+00:00,15253.195881661753
2024-07-16 16:00:00+00:00,15283.171017473152
2024-07-16 20:00:00+00:00,15271.181016397231
2024-07-17 00:00:00+00:00,15338.475779113918
2024-07-17 04:00:00+00:00,15293.587197253424
2024-07-17 08:00:00+00:00,15238.74806188211
2024-07-17 12:00:00+00:00,15238.306097874738
2024-07-17 16:00:00+00:00,15222.845100478064
2024-07-17 20:00:00+00:00,15170.399486464545
2024-07-18 00:00:00+00:00,15253.5236632276
2024-07-18 04:00:00+00:00,15233.923928685372
2024-07-18 08:00:00+00:00,15242.921345320967
2024-07-18 12:00:00+00:00,15105.444968193804
2024-07-18 16:00:00+00:00,15108.843387617946
2024-07-18 20:00:00+00:00,15154.922268174018
2024-07-19 00:00:00+00:00,15192.069072135524
2024-07-19 04:00:00+00:00,15122.84371991625
2024-07-19 08:00:00+00:00,15169.273352382515
2024-07-19 12:00:00+00:00,15360.268928534577
2024-07-19 16:00:00+00:00,15503.910974143377
2024-07-19 20:00:00+00:00,15452.193101960718
2024-07-20 00:00:00+00:00,15445.923839220728
2024-07-20 04:00:00+00:00,15441.134536432648
2024-07-20 08:00:00+00:00,15431.594845835603
2024-07-20 12:00:00+00:00,15473.394621989415
2024-07-20 16:00:00+00:00,15521.852017825953
2024-07-20 20:00:00+00:00,15509.688301626877
2024-07-21 00:00:00+00:00,15516.299847733586
2024-07-21 04:00:00+00:00,15455.712147103288
2024-07-21 08:00:00+00:00,15478.041853989987
2024-07-21 12:00:00+00:00,15515.729658443093
2024-07-21 16:00:00+00:00,15550.157872908609
2024-07-21 20:00:00+00:00,15643.166176164876
2024-07-22 00:00:00+00:00,15606.20825213119
2024-07-22 04:00:00+00:00,15526.332621160433
2024-07-22 08:00:00+00:00,15559.44813380996
2024-07-22 12:00:00+00:00,15504.061505727683
2024-07-22 16:00:00+00:00,15645.646585246834
2024-07-22 20:00:00+00:00,15561.332564924323
2024-07-23 00:00:00+00:00,15553.444825969682
2024-07-23 04:00:00+00:00,15444.270445305332
2024-07-23 08:00:00+00:00,15425.592650437353
2024-07-23 12:00:00+00:00,15436.240036541234
2024-07-23 16:00:00+00:00,15559.387602958388
2024-07-23 20:00:00+00:00,15512.283571852995
2024-07-24 00:00:00+00:00,15499.69869724135
2024-07-24 04:00:00+00:00,15497.029030376705
2024-07-24 08:00:00+00:00,15460.894882255283
2024-07-24 12:00:00+00:00,15484.75674088378
2024-07-24 16:00:00+00:00,15409.848586922608
2024-07-24 20:00:00+00:00,15436.325620019576
2024-07-25 00:00:00+00:00,15594.215118506447
2024-07-25 04:00:00+00:00,15589.0749310941
2024-07-25 08:00:00+00:00,15593.716968900784
2024-07-25 12:00:00+00:00,15508.236539652808
2024-07-25 16:00:00+00:00,15521.305626589998
2024-07-25 20:00:00+00:00,15388.506099289774
2024-07-26 00:00:00+00:00,15522.284945655621
2024-07-26 04:00:00+00:00,15506.608922048174
2024-07-26 08:00:00+00:00,15554.078079797973
2024-07-26 12:00:00+00:00,15581.573504227523
2024-07-26 16:00:00+00:00,15631.658928510076
2024-07-26 20:00:00+00:00,15622.757791790244
2024-07-27 00:00:00+00:00,15608.323164916379
2024-07-27 04:00:00+00:00,15638.507070232785
2024-07-27 08:00:00+00:00,15659.178016868282
2024-07-27 12:00:00+00:00,15741.542044863601
2024-07-27 16:00:00+00:00,15662.314764091412
2024-07-27 20:00:00+00:00,15620.636095912252
2024-07-28 00:00:00+00:00,15623.86953110667
2024-07-28 04:00:00+00:00,15579.150269533271
2024-07-28 08:00:00+00:00,15610.542450040139
2024-07-28 12:00:00+00:00,15590.226409219797
2024-07-28 16:00:00+00:00,15644.752237921355
2024-07-28 20:00:00+00:00,15659.705728472112
2024-07-29 00:00:00+00:00,15795.181592924893
2024-07-29 04:00:00+00:00,15817.543612471003
2024-07-29 08:00:00+00:00,15821.776529693472
2024-07-29 12:00:00+00:00,15636.095914950682
2024-07-29 16:00:00+00:00,15544.252875621258
2024-07-29 20:00:00+00:00,15594.661079746556
2024-07-30 00:00:00+00:00,15613.140985509659
2024-07-30 04:00:00+00:00,15576.637650075509
2024-07-30 08:00:00+00:00,15619.881040067856
2024-07-30 12:00:00+00:00,15658.49509335829
2024-07-30 16:00:00+00:00,15692.891414797075
2024-07-30 20:00:00+00:00,15663.282901292725
2024-07-31 00:00:00+00:00,15678.299548593972
2024-07-31 04:00:00+00:00,15658.743985693527
2024-07-31 08:00:00+00:00,15674.770397331795
2024-07-31 12:00:00+00:00,15639.90305831773
2024-07-31 16:00:00+00:00,15774.494946123437
2024-07-31 20:00:00+00:00,15846.406857561116
2024-08-01 00:00:00+00:00,15927.041406046255
2024-08-01 04:00:00+00:00,15882.265337770878
2024-08-01 08:00:00+00:00,15842.40359677333
2024-08-01 12:00:00+00:00,16052.495870945482
2024-08-01 16:00:00+00:00,15994.649941186228
2024-08-01 20:00:00+00:00,15991.075662734745
2024-08-02 00:00:00+00:00,15991.075662734745
2024-08-02 04:00:00+00:00,15991.075662734745
2024-08-02 08:00:00+00:00,15991.075662734745
2024-08-02 12:00:00+00:00,15991.075662734745
2024-08-02 16:00:00+00:00,16063.224743207324
2024-08-02 20:00:00+00:00,16173.754534439995
2024-08-03 00:00:00+00:00,16138.195591237038
2024-08-03 04:00:00+00:00,16159.47960357501
2024-08-03 08:00:00+00:00,16135.86787711705
2024-08-03 12:00:00+00:00,16238.003901590551
2024-08-03 16:00:00+00:00,16301.992228332363
2024-08-03 20:00:00+00:00,16255.47939729221
2024-08-04 00:00:00+00:00,16253.973563609356
2024-08-04 04:00:00+00:00,16290.391831616087
2024-08-04 08:00:00+00:00,16235.157378849377
2024-08-04 12:00:00+00:00,16424.77498354729
2024-08-04 16:00:00+00:00,16408.471877206088
2024-08-04 20:00:00+00:00,16513.68869880531
2024-08-05 00:00:00+00:00,16925.464030198826
2024-08-05 04:00:00+00:00,17026.0253215924
2024-08-05 08:00:00+00:00,17123.657237395248
2024-08-05 12:00:00+00:00,16909.000914782413
2024-08-05 16:00:00+00:00,16963.338809074936
2024-08-05 20:00:00+00:00,16928.391079185792
2024-08-06 00:00:00+00:00,16824.8623019049
2024-08-06 04:00:00+00:00,16803.522574237737
2024-08-06 08:00:00+00:00,16854.082424137006
2024-08-06 12:00:00+00:00,16777.276994976128
2024-08-06 16:00:00+00:00,16753.9062751633
2024-08-06 20:00:00+00:00,16803.01264506518
2024-08-07 00:00:00+00:00,16746.568538623374
2024-08-07 04:00:00+00:00,16741.68003430734
2024-08-07 08:00:00+00:00,16738.60789194655
2024-08-07 12:00:00+00:00,16800.78353261199
2024-08-07 16:00:00+00:00,16895.914017220635
2024-08-07 20:00:00+00:00,16869.647028395142
2024-08-08 00:00:00+00:00,16727.643610093517
2024-08-08 04:00:00+00:00,16718.161074078096
2024-08-08 08:00:00+00:00,16709.112127775636
2024-08-08 12:00:00+00:00,16552.573685358246
2024-08-08 16:00:00+00:00,16552.775811828273
2024-08-08 20:00:00+00:00,16385.332642205514
2024-08-09 00:00:00+00:00,16408.573255871386
2024-08-09 04:00:00+00:00,16442.79634613021
2024-08-09 08:00:00+00:00,16458.223228002393
2024-08-09 12:00:00+00:00,16521.322461563315
2024-08-09 16:00:00+00:00,16456.81675525551
2024-08-09 20:00:00+00:00,16444.632240774245
2024-08-10 00:00:00+00:00,16475.21061988291
2024-08-10 04:00:00+00:00,16443.89718603987
2024-08-10 08:00:00+00:00,16437.052833815615
2024-08-10 12:00:00+00:00,16471.328011768204
2024-08-10 16:00:00+00:00,16427.267854499987
2024-08-10 20:00:00+00:00,16435.908597082187
2024-08-11 00:00:00+00:00,16421.012808688465
2024-08-11 04:00:00+00:00,16404.91966155399
2024-08-11 08:00:00+00:00,16461.862905222246
2024-08-11 12:00:00+00:00,16513.563613998864
2024-08-11 16:00:00+00:00,16562.97637279129
2024-08-11 20:00:00+00:00,16653.78963677667
2024-08-12 00:00:00+00:00,16674.291489216987
2024-08-12 04:00:00+00:00,16658.8979797129
2024-08-12 08:00:00+00:00,16541.445240619305
2024-08-12 12:00:00+00:00,16506.045225118072
2024-08-12 16:00:00+00:00,16610.730476692122
2024-08-12 20:00:00+00:00,16583.79395308248
2024-08-13 00:00:00+00:00,16612.122037398814
2024-08-13 04:00:00+00:00,16594.214974858223
2024-08-13 08:00:00+00:00,16632.377536808945
2024-08-13 12:00:00+00:00,16629.584499912817
2024-08-13 16:00:00+00:00,16629.584499912817
2024-08-13 20:00:00+00:00,16629.584499912817
2024-08-14 00:00:00+00:00,16629.584499912817
2024-08-14 04:00:00+00:00,16629.584499912817
2024-08-14 08:00:00+00:00,16629.584499912817
2024-08-14 12:00:00+00:00,16629.584499912817
2024-08-14 16:00:00+00:00,16629.584499912817
2024-08-14 20:00:00+00:00,16629.584499912817
2024-08-15 00:00:00+00:00,16629.584499912817
2024-08-15 04:00:00+00:00,16629.584499912817
2024-08-15 08:00:00+00:00,16629.584499912817
2024-08-15 12:00:00+00:00,16629.584499912817
2024-08-15 16:00:00+00:00,16629.584499912817
2024-08-15 20:00:00+00:00,16629.584499912817
2024-08-16 00:00:00+00:00,16629.584499912817
2024-08-16 04:00:00+00:00,16629.584499912817
2024-08-16 08:00:00+00:00,16629.584499912817
2024-08-16 12:00:00+00:00,16629.584499912817
2024-08-16 16:00:00+00:00,16629.584499912817
2024-08-16 20:00:00+00:00,16629.584499912817
2024-08-17 00:00:00+00:00,16629.584499912817
2024-08-17 04:00:00+00:00,16629.584499912817
2024-08-17 08:00:00+00:00,16629.584499912817
2024-08-17 12:00:00+00:00,16629.584499912817
2024-08-17 16:00:00+00:00,16629.584499912817
2024-08-17 20:00:00+00:00,16629.584499912817
2024-08-18 00:00:00+00:00,16629.584499912817
2024-08-18 04:00:00+00:00,16629.584499912817
2024-08-18 08:00:00+00:00,16629.584499912817
2024-08-18 12:00:00+00:00,16629.584499912817
2024-08-18 16:00:00+00:00,16629.584499912817
2024-08-18 20:00:00+00:00,16629.584499912817
2024-08-19 00:00:00+00:00,16629.584499912817
2024-08-19 04:00:00+00:00,16629.584499912817
2024-08-19 08:00:00+00:00,16629.584499912817
2024-08-19 12:00:00+00:00,16629.584499912817
2024-08-19 16:00:00+00:00,16629.584499912817
2024-08-19 20:00:00+00:00,16629.584499912817
2024-08-20 00:00:00+00:00,16629.584499912817
2024-08-20 04:00:00+00:00,16629.584499912817
2024-08-20 08:00:00+00:00,16629.584499912817
2024-08-20 12:00:00+00:00,16629.584499912817
2024-08-20 16:00:00+00:00,16629.584499912817
2024-08-20 20:00:00+00:00,16629.584499912817
2024-08-21 00:00:00+00:00,16629.584499912817
2024-08-21 04:00:00+00:00,16629.584499912817
2024-08-21 08:00:00+00:00,16629.584499912817
2024-08-21 12:00:00+00:00,16629.584499912817
2024-08-21 16:00:00+00:00,16629.584499912817
2024-08-21 20:00:00+00:00,16629.584499912817
2024-08-22 00:00:00+00:00,16629.584499912817
2024-08-22 04:00:00+00:00,16629.584499912817
2024-08-22 08:00:00+00:00,16629.584499912817
2024-08-22 12:00:00+00:00,16629.584499912817
2024-08-22 16:00:00+00:00,16629.584499912817
2024-08-22 20:00:00+00:00,16629.584499912817
2024-08-23 00:00:00+00:00,16629.584499912817
2024-08-23 04:00:00+00:00,16629.584499912817
2024-08-23 08:00:00+00:00,16629.584499912817
2024-08-23 12:00:00+00:00,16629.584499912817
2024-08-23 16:00:00+00:00,16629.584499912817
2024-08-23 20:00:00+00:00,16629.584499912817
2024-08-24 00:00:00+00:00,16629.584499912817
2024-08-24 04:00:00+00:00,16629.584499912817
2024-08-24 08:00:00+00:00,16629.584499912817
2024-08-24 12:00:00+00:00,16633.244789164175
2024-08-24 16:00:00+00:00,16661.47240385257
2024-08-24 20:00:00+00:00,16654.36833395411
2024-08-25 00:00:00+00:00,16647.95301793284
2024-08-25 04:00:00+00:00,16617.041640543313
2024-08-25 08:00:00+00:00,16619.316961453
2024-08-25 12:00:00+00:00,16654.639961239995
2024-08-25 16:00:00+00:00,16661.888211482685
2024-08-25 20:00:00+00:00,16667.48225407013
2024-08-26 00:00:00+00:00,16652.13550512666
2024-08-26 04:00:00+00:00,16579.152637379044
2024-08-26 08:00:00+00:00,16611.047796034833
2024-08-26 12:00:00+00:00,16562.413073393185
2024-08-26 16:00:00+00:00,16533.976680388096
2024-08-26 20:00:00+00:00,16459.4283239372
2024-08-27 00:00:00+00:00,16480.013213521852
2024-08-27 04:00:00+00:00,16470.022905799502
2024-08-27 08:00:00+00:00,16393.91536750786
2024-08-27 12:00:00+00:00,16495.165472535937
2024-08-27 16:00:00+00:00,16434.90334835002
2024-08-27 20:00:00+00:00,16846.979594993474
2024-08-28 00:00:00+00:00,16817.76018215202
2024-08-28 04:00:00+00:00,16951.411274338257
2024-08-28 08:00:00+00:00,16778.51106305383
2024-08-28 12:00:00+00:00,16895.504712947215
2024-08-28 16:00:00+00:00,16906.60635867521
2024-08-28 20:00:00+00:00,16890.293951674335
2024-08-29 00:00:00+00:00,16886.874062764662
2024-08-29 04:00:00+00:00,16886.874062764662
2024-08-29 08:00:00+00:00,16886.874062764662
2024-08-29 12:00:00+00:00,16886.874062764662
2024-08-29 16:00:00+00:00,17066.252556489322
2024-08-29 20:00:00+00:00,17055.94526441651
2024-08-30 00:00:00+00:00,17093.753243978925
2024-08-30 04:00:00+00:00,17065.47127372435
2024-08-30 08:00:00+00:00,17049.845744141454
2024-08-30 12:00:00+00:00,17210.92229643877
2024-08-30 16:00:00+00:00,17139.261675518876
2024-08-30 20:00:00+00:00,17089.98004820413
2024-08-31 00:00:00+00:00,17077.55874635952
2024-08-31 04:00:00+00:00,17094.332702973603
2024-08-31 08:00:00+00:00,17090.394396672
2024-08-31 12:00:00+00:00,17104.532526236544
2024-08-31 16:00:00+00:00,17124.866653122528
2024-08-31 20:00:00+00:00,17109.799682469824
2024-09-01 00:00:00+00:00,17173.06806815036
2024-09-01 04:00:00+00:00,17181.365694697157
2024-09-01 08:00:00+00:00,17215.27882211184
2024-09-01 12:00:00+00:00,17218.75641035178
2024-09-01 16:00:00+00:00,17175.86808709449
2024-09-01 20:00:00+00:00,17349.663854965587
2024-09-02 00:00:00+00:00,17287.353830754422
2024-09-02 04:00:00+00:00,17313.59813323139
2024-09-02 08:00:00+00:00,17187.662168525163
2024-09-02 12:00:00+00:00,17171.841777135356
2024-09-02 16:00:00+00:00,17184.483417290976
2024-09-02 20:00:00+00:00,17082.422483689345
2024-09-03 00:00:00+00:00,17086.451179889118
2024-09-03 04:00:00+00:00,17087.87021788158
2024-09-03 08:00:00+00:00,17094.095062650005
2024-09-03 12:00:00+00:00,17299.17774213646
2024-09-03 16:00:00+00:00,17251.613498093477
2024-09-03 20:00:00+00:00,17335.384399554892
2024-09-04 00:00:00+00:00,17456.63832103809
2024-09-04 04:00:00+00:00,17444.70376712566
2024-09-04 08:00:00+00:00,17469.816463597766
2024-09-04 12:00:00+00:00,17247.33729776164
2024-09-04 16:00:00+00:00,17255.93965666046
2024-09-04 20:00:00+00:00,17267.287721164375
2024-09-05 00:00:00+00:00,17382.59542165543
2024-09-05 04:00:00+00:00,17379.373378634606
2024-09-05 08:00:00+00:00,17441.788782051342
2024-09-05 12:00:00+00:00,17541.03468563505
2024-09-05 16:00:00+00:00,17530.41292380167
2024-09-05 20:00:00+00:00,17514.24279202841
2024-09-06 00:00:00+00:00,17458.349876813412
2024-09-06 04:00:00+00:00,17566.436953128916
2024-09-06 08:00:00+00:00,17538.59682014203
2024-09-06 12:00:00+00:00,17805.048348560747
2024-09-06 16:00:00+00:00,17867.529375373786
2024-09-06 20:00:00+00:00,17816.355942513597
2024-09-07 00:00:00+00:00,17833.138764729196
2024-09-07 04:00:00+00:00,17773.951713762424
2024-09-07 08:00:00+00:00,17768.073359114882
2024-09-07 12:00:00+00:00,17708.441630681024
2024-09-07 16:00:00+00:00,17758.26559671012
2024-09-07 20:00:00+00:00,17791.184043556175
2024-09-08 00:00:00+00:00,17758.353305151675
2024-09-08 04:00:00+00:00,17752.550624481086
2024-09-08 08:00:00+00:00,17734.67083187889
2024-09-08 12:00:00+00:00,17865.74270454299
2024-09-08 16:00:00+00:00,17768.124999651154
2024-09-08 20:00:00+00:00,17686.666281441998
2024-09-09 00:00:00+00:00,17649.69459806917
2024-09-09 04:00:00+00:00,17671.414120222886
2024-09-09 08:00:00+00:00,17625.396780503263
2024-09-09 12:00:00+00:00,17606.285985293525
2024-09-09 16:00:00+00:00,17346.787119589557
2024-09-09 20:00:00+00:00,17353.814940237775
2024-09-10 00:00:00+00:00,17423.972023215956
2024-09-10 04:00:00+00:00,17326.765498337907
2024-09-10 08:00:00+00:00,17325.50124005829
2024-09-10 12:00:00+00:00,17416.42609525846
2024-09-10 16:00:00+00:00,17218.74733458907
2024-09-10 20:00:00+00:00,17262.30352148824
2024-09-11 00:00:00+00:00,17377.339062862156
2024-09-11 04:00:00+00:00,17394.006046842464
2024-09-11 08:00:00+00:00,17380.373497671386
2024-09-11 12:00:00+00:00,17393.82518302017
2024-09-11 16:00:00+00:00,17269.119078137282
2024-09-11 20:00:00+00:00,17303.82987836347
2024-09-12 00:00:00+00:00,17178.704668421487
2024-09-12 04:00:00+00:00,17191.87339770391
2024-09-12 08:00:00+00:00,17201.560535382785
2024-09-12 12:00:00+00:00,17281.78971749896
2024-09-12 16:00:00+00:00,17155.27665350001
2024-09-12 20:00:00+00:00,17151.252562300087
2024-09-13 00:00:00+00:00,17151.252562300087
2024-09-13 04:00:00+00:00,17151.252562300087
2024-09-13 08:00:00+00:00,17151.252562300087
2024-09-13 12:00:00+00:00,17151.252562300087
2024-09-13 16:00:00+00:00,17151.252562300087
2024-09-13 20:00:00+00:00,17151.252562300087
2024-09-14 00:00:00+00:00,17151.252562300087
2024-09-14 04:00:00+00:00,17151.252562300087
2024-09-14 08:00:00+00:00,17151.252562300087
2024-09-14 12:00:00+00:00,17151.252562300087
2024-09-14 16:00:00+00:00,17151.252562300087
2024-09-14 20:00:00+00:00,17151.252562300087
2024-09-15 00:00:00+00:00,17151.252562300087
2024-09-15 04:00:00+00:00,17151.252562300087
2024-09-15 08:00:00+00:00,17151.252562300087
2024-09-15 12:00:00+00:00,17151.252562300087
2024-09-15 16:00:00+00:00,17151.252562300087
2024-09-15 20:00:00+00:00,17151.252562300087
2024-09-16 00:00:00+00:00,17151.252562300087
2024-09-16 04:00:00+00:00,17151.252562300087
2024-09-16 08:00:00+00:00,17151.252562300087
2024-09-16 12:00:00+00:00,17151.252562300087
2024-09-16 16:00:00+00:00,17151.252562300087
2024-09-16 20:00:00+00:00,17151.252562300087
2024-09-17 00:00:00+00:00,17151.252562300087
2024-09-17 04:00:00+00:00,17151.252562300087
2024-09-17 08:00:00+00:00,17151.252562300087
2024-09-17 12:00:00+00:00,17151.252562300087
2024-09-17 16:00:00+00:00,17151.252562300087
2024-09-17 20:00:00+00:00,17151.252562300087
2024-09-18 00:00:00+00:00,17151.252562300087
2024-09-18 04:00:00+00:00,17134.241288176137
2024-09-18 08:00:00+00:00,17047.670968639217
2024-09-18 12:00:00+00:00,16985.285984680384
2024-09-18 16:00:00+00:00,17076.165115489875
2024-09-18 20:00:00+00:00,17309.693608880978
2024-09-19 00:00:00+00:00,17354.4962592536
2024-09-19 04:00:00+00:00,17352.475715528482
2024-09-19 08:00:00+00:00,17423.20128617085
2024-09-19 12:00:00+00:00,17493.786517158976
2024-09-19 16:00:00+00:00,17506.992884036445
2024-09-19 20:00:00+00:00,17465.89548560636
2024-09-20 00:00:00+00:00,17575.077867760752
2024-09-20 04:00:00+00:00,17543.60923654848
2024-09-20 08:00:00+00:00,17532.911259605422
2024-09-20 12:00:00+00:00,17490.927997123796
2024-09-20 16:00:00+00:00,17441.556555875588
2024-09-20 20:00:00+00:00,17497.98680900912
2024-09-21 00:00:00+00:00,17453.10982251898
2024-09-21 04:00:00+00:00,17481.443500381574
2024-09-21 08:00:00+00:00,17480.050879335457
2024-09-21 12:00:00+00:00,17493.709355106097
2024-09-21 16:00:00+00:00,17497.15926321451
2024-09-21 20:00:00+00:00,17521.41365919556
2024-09-22 00:00:00+00:00,17481.283594406334
2024-09-22 04:00:00+00:00,17450.520743847166
2024-09-22 08:00:00+00:00,17421.699681012342
2024-09-22 12:00:00+00:00,17398.973568857433
2024-09-22 16:00:00+00:00,17490.13710259141
2024-09-22 20:00:00+00:00,17567.42449766903
2024-09-23 00:00:00+00:00,17696.66915065704
2024-09-23 04:00:00+00:00,17570.083138355938
2024-09-23 08:00:00+00:00,17551.148330510565
2024-09-23 12:00:00+00:00,17581.24442625492
2024-09-23 16:00:00+00:00,17530.058884622784
2024-09-23 20:00:00+00:00,17534.76151260924
2024-09-24 00:00:00+00:00,17500.801056812885
2024-09-24 04:00:00+00:00,17571.824694445844
2024-09-24 08:00:00+00:00,17557.772113725918
2024-09-24 12:00:00+00:00,17503.840456835158
2024-09-24 16:00:00+00:00,17693.38507131137
2024-09-24 20:00:00+00:00,17688.9344548069
2024-09-25 00:00:00+00:00,17718.096633201603
2024-09-25 04:00:00+00:00,17618.81477266985
2024-09-25 08:00:00+00:00,17617.54038400844
2024-09-25 12:00:00+00:00,17561.513636915774
2024-09-25 16:00:00+00:00,17508.605071780697
2024-09-25 20:00:00+00:00,17503.07079285799
2024-09-26 00:00:00+00:00,17564.097422623585
2024-09-26 04:00:00+00:00,17496.458962037723
2024-09-26 08:00:00+00:00,17578.225481480815
2024-09-26 12:00:00+00:00,17717.664514729364
2024-09-26 16:00:00+00:00,17631.21325217606
2024-09-26 20:00:00+00:00,17704.509509705236
2024-09-27 00:00:00+00:00,17735.544258954345
2024-09-27 04:00:00+00:00,17752.02998103518
2024-09-27 08:00:00+00:00,17746.011312395498
2024-09-27 12:00:00+00:00,17841.722921934957
2024-09-27 16:00:00+00:00,17781.378391098075
2024-09-27 20:00:00+00:00,17803.916210010317
2024-09-28 00:00:00+00:00,17852.669969818322
2024-09-28 04:00:00+00:00,17809.117684239893
2024-09-28 08:00:00+00:00,17802.9551764439
2024-09-28 12:00:00+00:00,17772.33448772474
2024-09-28 16:00:00+00:00,17791.663739524094
2024-09-28 20:00:00+00:00,17814.91054559159
2024-09-29 00:00:00+00:00,17806.889341200105
2024-09-29 04:00:00+00:00,17738.915586812465
2024-09-29 08:00:00+00:00,17785.18249187858
2024-09-29 12:00:00+00:00,17795.217452288045
2024-09-29 16:00:00+00:00,17837.660954200237
2024-09-29 20:00:00+00:00,17759.668108643968
2024-09-30 00:00:00+00:00,17536.036946405817
2024-09-30 04:00:00+00:00,17522.69230794532
2024-09-30 08:00:00+00:00,17676.119704067394
2024-09-30 12:00:00+00:00,17726.43142486462
2024-09-30 16:00:00+00:00,17740.049273058456
2024-09-30 20:00:00+00:00,17772.28853602582
2024-10-01 00:00:00+00:00,17696.730601512674
2024-10-01 04:00:00+00:00,17637.527819274936
2024-10-01 08:00:00+00:00,17700.01926341776
2024-10-01 12:00:00+00:00,17915.477927768145
2024-10-01 16:00:00+00:00,18075.780186252843
2024-10-01 20:00:00+00:00,18242.435768421554
2024-10-02 00:00:00+00:00,18086.38958004589
2024-10-02 04:00:00+00:00,18088.868061464902
2024-10-02 08:00:00+00:00,18181.631603875532
2024-10-02 12:00:00+00:00,18068.839877578986
2024-10-02 16:00:00+00:00,18331.826494774148
2024-10-02 20:00:00+00:00,18326.925827154017
2024-10-03 00:00:00+00:00,18326.925827154017
2024-10-03 04:00:00+00:00,18326.925827154017
2024-10-03 08:00:00+00:00,18347.269434395002
2024-10-03 12:00:00+00:00,18365.983716055827
2024-10-03 16:00:00+00:00,18308.867610462617
2024-10-03 20:00:00+00:00,18348.083490257548
2024-10-04 00:00:00+00:00,18318.663928720318
2024-10-04 04:00:00+00:00,18247.63048751668
2024-10-04 08:00:00+00:00,18244.81121881846
2024-10-04 12:00:00+00:00,18179.099031753456
2024-10-04 16:00:00+00:00,18103.99143185213
2024-10-04 20:00:00+00:00,18146.854736806552
2024-10-05 00:00:00+00:00,18180.647874034756
2024-10-05 04:00:00+00:00,18147.588164193887
2024-10-05 08:00:00+00:00,18130.324439996486
2024-10-05 12:00:00+00:00,18133.110709320616
2024-10-05 16:00:00+00:00,18186.73425385621
2024-10-05 20:00:00+00:00,18150.81976852557
2024-10-06 00:00:00+00:00,18181.863709731042
2024-10-06 04:00:00+00:00,18169.00387614624
2024-10-06 08:00:00+00:00,18140.426433482753
2024-10-06 12:00:00+00:00,18014.708218020594
2024-10-06 16:00:00+00:00,18032.902543820106
2024-10-06 20:00:00+00:00,17994.716150971217
2024-10-07 00:00:00+00:00,17852.06275971939
2024-10-07 04:00:00+00:00,17848.89338961246
2024-10-07 08:00:00+00:00,17926.13734485065
2024-10-07 12:00:00+00:00,17919.893194683227
2024-10-07 16:00:00+00:00,17919.893194683227
2024-10-07 20:00:00+00:00,17919.893194683227
2024-10-08 00:00:00+00:00,17919.893194683227
2024-10-08 04:00:00+00:00,17919.893194683227
2024-10-08 08:00:00+00:00,17919.893194683227
2024-10-08 12:00:00+00:00,17919.893194683227
2024-10-08 16:00:00+00:00,17919.893194683227
2024-10-08 20:00:00+00:00,17919.893194683227
2024-10-09 00:00:00+00:00,17919.893194683227
2024-10-09 04:00:00+00:00,17919.893194683227
2024-10-09 08:00:00+00:00,17919.893194683227
2024-10-09 12:00:00+00:00,17919.893194683227
2024-10-09 16:00:00+00:00,17919.893194683227
2024-10-09 20:00:00+00:00,17919.893194683227
2024-10-10 00:00:00+00:00,17919.893194683227
2024-10-10 04:00:00+00:00,17919.893194683227
2024-10-10 08:00:00+00:00,17919.893194683227
2024-10-10 12:00:00+00:00,17919.893194683227
2024-10-10 16:00:00+00:00,17919.893194683227
2024-10-10 20:00:00+00:00,17817.233630529376
2024-10-11 00:00:00+00:00,17771.625440790092
2024-10-11 04:00:00+00:00,17759.92932604428
2024-10-11 08:00:00+00:00,17675.5196299412
2024-10-11 12:00:00+00:00,17491.795579862042
2024-10-11 16:00:00+00:00,17357.625990334294
2024-10-11 20:00:00+00:00,17440.952781309403
2024-10-12 00:00:00+00:00,17436.959459839127
2024-10-12 04:00:00+00:00,17405.457422870106
2024-10-12 08:00:00+00:00,17378.614567387267
2024-10-12 12:00:00+00:00,17341.09443255428
2024-10-12 16:00:00+00:00,17367.430870412798
2024-10-12 20:00:00+00:00,17331.553566759732
2024-10-13 00:00:00+00:00,17326.190281653497
2024-10-13 04:00:00+00:00,17326.190281653497
2024-10-13 08:00:00+00:00,17326.190281653497
2024-10-13 12:00:00+00:00,17326.190281653497
2024-10-13 16:00:00+00:00,17326.190281653497
2024-10-13 20:00:00+00:00,17326.190281653497
2024-10-14 00:00:00+00:00,17326.190281653497
2024-10-14 04:00:00+00:00,17374.82124680755
2024-10-14 08:00:00+00:00,17424.322967639324
2024-10-14 12:00:00+00:00,17583.917871436708
2024-10-14 16:00:00+00:00,17590.67055813006
2024-10-14 20:00:00+00:00,17617.29184144979
2024-10-15 00:00:00+00:00,17504.852396960294
2024-10-15 04:00:00+00:00,17545.743364352023
2024-10-15 08:00:00+00:00,17503.528906916064
2024-10-15 12:00:00+00:00,17603.491417220357
2024-10-15 16:00:00+00:00,17737.23976970706
2024-10-15 20:00:00+00:00,17752.24834394806
2024-10-16 00:00:00+00:00,17754.309328825046
2024-10-16 04:00:00+00:00,17737.945528087454
2024-10-16 08:00:00+00:00,17869.666475290833
2024-10-16 12:00:00+00:00,17849.069849011663
2024-10-16 16:00:00+00:00,17843.418456320083
2024-10-16 20:00:00+00:00,17829.243886288717
2024-10-17 00:00:00+00:00,17824.991957398775
2024-10-17 04:00:00+00:00,17782.446945161566
2024-10-17 08:00:00+00:00,17717.418487177325
2024-10-17 12:00:00+00:00,17823.853287786966
2024-10-17 16:00:00+00:00,17712.053654440093
2024-10-17 20:00:00+00:00,17798.272350727053
2024-10-18 00:00:00+00:00,17816.92830609044
2024-10-18 04:00:00+00:00,17880.068945025916
2024-10-18 08:00:00+00:00,17839.560918589355
2024-10-18 12:00:00+00:00,17996.485404843796
2024-10-18 16:00:00+00:00,17975.940083981535
2024-10-18 20:00:00+00:00,17948.98139491522
2024-10-19 00:00:00+00:00,17951.04354799737
2024-10-19 04:00:00+00:00,17934.820079279998
2024-10-19 08:00:00+00:00,17890.518432345747
2024-10-19 12:00:00+00:00,17913.502817330867
2024-10-19 16:00:00+00:00,17904.25290843615
2024-10-19 20:00:00+00:00,17939.63291051359
2024-10-20 00:00:00+00:00,17900.983101231013
2024-10-20 04:00:00+00:00,17936.85056673393
2024-10-20 08:00:00+00:00,17945.12479420441
2024-10-20 12:00:00+00:00,17988.272527927493
2024-10-20 16:00:00+00:00,17961.58245905258
2024-10-20 20:00:00+00:00,18076.850454457744
2024-10-21 00:00:00+00:00,18057.92517599393
2024-10-21 04:00:00+00:00,17971.78385807924
2024-10-21 08:00:00+00:00,17915.78400318649
2024-10-21 12:00:00+00:00,17732.469343222332
2024-10-21 16:00:00+00:00,17644.171812760735
2024-10-21 20:00:00+00:00,17715.554637444435
2024-10-22 00:00:00+00:00,17712.76882568726
2024-10-22 04:00:00+00:00,17713.12346250278
2024-10-22 08:00:00+00:00,17733.949749413154
2024-10-22 12:00:00+00:00,17736.447725941773
2024-10-22 16:00:00+00:00,17701.678612144566
2024-10-22 20:00:00+00:00,17712.45911426428
2024-10-23 00:00:00+00:00,17776.77775545898
2024-10-23 04:00:00+00:00,17817.106840005457
2024-10-23 08:00:00+00:00,17898.950866728523
2024-10-23 12:00:00+00:00,17936.715089586392
2024-10-23 16:00:00+00:00,17889.832653900798
2024-10-23 20:00:00+00:00,17857.90658391541
2024-10-24 00:00:00+00:00,17762.44496489465
2024-10-24 04:00:00+00:00,17777.509128855076
2024-10-24 08:00:00+00:00,17748.301263736656
2024-10-24 12:00:00+00:00,17677.982342243275
2024-10-24 16:00:00+00:00,17572.048172741714
2024-10-24 20:00:00+00:00,17590.32271266566
2024-10-25 00:00:00+00:00,17544.858647174893
2024-10-25 04:00:00+00:00,17461.327583430506
2024-10-25 08:00:00+00:00,17351.04155004472
2024-10-25 12:00:00+00:00,17422.73851763859
2024-10-25 16:00:00+00:00,17272.867269635975
2024-10-25 20:00:00+00:00,17287.04610491112
2024-10-26 00:00:00+00:00,17255.10971652285
2024-10-26 04:00:00+00:00,17240.935987379242
2024-10-26 08:00:00+00:00,17222.426857215516
2024-10-26 12:00:00+00:00,17260.17838630616
2024-10-26 16:00:00+00:00,17215.19496286048
2024-10-26 20:00:00+00:00,17228.427570119988
2024-10-27 00:00:00+00:00,17197.814507140734
2024-10-27 04:00:00+00:00,17212.483811042217
2024-10-27 08:00:00+00:00,17226.441592682364
2024-10-27 12:00:00+00:00,17105.605887529575
2024-10-27 16:00:00+00:00,17096.47151587232
2024-10-27 20:00:00+00:00,17090.330361872097
2024-10-28 00:00:00+00:00,17090.330361872097
2024-10-28 04:00:00+00:00,17090.330361872097
2024-10-28 08:00:00+00:00,17090.330361872097
2024-10-28 12:00:00+00:00,17090.330361872097
2024-10-28 16:00:00+00:00,17090.330361872097
2024-10-28 20:00:00+00:00,17090.330361872097
2024-10-29 00:00:00+00:00,17090.330361872097
2024-10-29 04:00:00+00:00,17096.858048307746
2024-10-29 08:00:00+00:00,17165.842473622997
2024-10-29 12:00:00+00:00,17318.6312093531
2024-10-29 16:00:00+00:00,17341.40549903583
2024-10-29 20:00:00+00:00,17373.40769055521
2024-10-30 00:00:00+00:00,17298.645023262896
2024-10-30 04:00:00+00:00,17297.86799644557
2024-10-30 08:00:00+00:00,17258.310382241983
2024-10-30 12:00:00+00:00,17268.13817800329
2024-10-30 16:00:00+00:00,17231.429879784595
2024-10-30 20:00:00+00:00,17312.461459605413
2024-10-31 00:00:00+00:00,17312.88411765247
2024-10-31 04:00:00+00:00,17321.688184528797
2024-10-31 08:00:00+00:00,17287.962691055505
2024-10-31 12:00:00+00:00,17035.050203509825
2024-10-31 16:00:00+00:00,16957.53074866238
2024-10-31 20:00:00+00:00,16986.180436057875
2024-11-01 00:00:00+00:00,17112.953419882553
2024-11-01 04:00:00+00:00,17126.410388295168
2024-11-01 08:00:00+00:00,17022.752748284653
2024-11-01 12:00:00+00:00,17114.71404633087
2024-11-01 16:00:00+00:00,17090.82615686749
2024-11-01 20:00:00+00:00,17117.985132451693
2024-11-02 00:00:00+00:00,17130.363901772707
2024-11-02 04:00:00+00:00,17158.268922717987
2024-11-02 08:00:00+00:00,17128.53028685811
2024-11-02 12:00:00+00:00,17099.331968146776
2024-11-02 16:00:00+00:00,17113.625932049417
2024-11-02 20:00:00+00:00,17093.70551191504
2024-11-03 00:00:00+00:00,16943.591667032553
2024-11-03 04:00:00+00:00,16929.62029458587
2024-11-03 08:00:00+00:00,16937.790432391954
2024-11-03 12:00:00+00:00,16977.850941856082
2024-11-03 16:00:00+00:00,16891.245978193205
2024-11-03 20:00:00+00:00,16877.814156464152
2024-11-04 00:00:00+00:00,16839.414391212176
2024-11-04 04:00:00+00:00,16900.570222419297
2024-11-04 08:00:00+00:00,16876.282484062536
2024-11-04 12:00:00+00:00,16899.872448319646
2024-11-04 16:00:00+00:00,17011.234449553474
2024-11-04 20:00:00+00:00,17012.568205615116
2024-11-05 00:00:00+00:00,16960.029456665994
2024-11-05 04:00:00+00:00,16871.199882197383
2024-11-05 08:00:00+00:00,16884.069974012767
2024-11-05 12:00:00+00:00,16767.930245297557
2024-11-05 16:00:00+00:00,16669.418105311575
2024-11-05 20:00:00+00:00,16719.41403895191
2024-11-06 00:00:00+00:00,17351.583937151277
2024-11-06 04:00:00+00:00,17254.969651835432
2024-11-06 08:00:00+00:00,17337.96808634148
2024-11-06 12:00:00+00:00,17337.75481095809
2024-11-06 16:00:00+00:00,17485.312491335146
2024-11-06 20:00:00+00:00,17462.37232760565
2024-11-07 00:00:00+00:00,17411.039870885426
2024-11-07 04:00:00+00:00,17385.146141661833
2024-11-07 08:00:00+00:00,17381.974062962414
2024-11-07 12:00:00+00:00,17517.804951561324
2024-11-07 16:00:00+00:00,17563.802048348083
2024-11-07 20:00:00+00:00,17493.50315042808
2024-11-08 00:00:00+00:00,17496.888619482503
2024-11-08 04:00:00+00:00,17525.281720340314
2024-11-08 08:00:00+00:00,17500.573651515366
2024-11-08 12:00:00+00:00,17552.88395208917
2024-11-08 16:00:00+00:00,17604.882070462856
2024-11-08 20:00:00+00:00,17558.81998848857
2024-11-09 00:00:00+00:00,17540.672298132442
2024-11-09 04:00:00+00:00,17563.134707705427
2024-11-09 08:00:00+00:00,17556.65175710702
2024-11-09 12:00:00+00:00,17535.07895268339
2024-11-09 16:00:00+00:00,17519.75104093128
2024-11-09 20:00:00+00:00,17581.303277946052
2024-11-10 00:00:00+00:00,17649.16913096325
2024-11-10 04:00:00+00:00,17865.298514211456
2024-11-10 08:00:00+00:00,17992.662155948605
2024-11-10 12:00:00+00:00,17969.381490242158
2024-11-10 16:00:00+00:00,17975.102516550975
2024-11-10 20:00:00+00:00,18047.77209774297
2024-11-11 00:00:00+00:00,18180.631130414517
2024-11-11 04:00:00+00:00,18125.1509321299
2024-11-11 08:00:00+00:00,18233.723250646843
2024-11-11 12:00:00+00:00,18442.633812453496
2024-11-11 16:00:00+00:00,18652.638328060126
2024-11-11 20:00:00+00:00,18899.8225695521
2024-11-12 00:00:00+00:00,18842.381119039077
2024-11-12 04:00:00+00:00,18924.942793656424
2024-11-12 08:00:00+00:00,18761.728215361
2024-11-12 12:00:00+00:00,18716.34610195985
2024-11-12 16:00:00+00:00,18875.022168513246
2024-11-12 20:00:00+00:00,18817.209707034588
2024-11-13 00:00:00+00:00,18761.077897917232
2024-11-13 04:00:00+00:00,18775.84418468135
2024-11-13 08:00:00+00:00,18797.413347425118
2024-11-13 12:00:00+00:00,19163.39580711727
2024-11-13 16:00:00+00:00,18994.799904733132
2024-11-13 20:00:00+00:00,19007.662723738176
2024-11-14 00:00:00+00:00,18979.18213695571
2024-11-14 04:00:00+00:00,19034.74874964612
2024-11-14 08:00:00+00:00,19082.640549002444
2024-11-14 12:00:00+00:00,18838.369882904604
2024-11-14 16:00:00+00:00,18935.412246468153
2024-11-14 20:00:00+00:00,18796.726043584298
2024-11-15 00:00:00+00:00,18851.760165200514
2024-11-15 04:00:00+00:00,18814.980606617213
2024-11-15 08:00:00+00:00,18953.77673696367
2024-11-15 12:00:00+00:00,18867.12007724224
2024-11-15 16:00:00+00:00,18992.32973756848
2024-11-15 20:00:00+00:00,19035.02558329886
2024-11-16 00:00:00+00:00,19048.412248105364
2024-11-16 04:00:00+00:00,19040.552275153685
2024-11-16 08:00:00+00:00,19044.524902312274
2024-11-16 12:00:00+00:00,18995.949888325464
2024-11-16 16:00:00+00:00,19039.522670759896
2024-11-16 20:00:00+00:00,18998.93726663904
2024-11-17 00:00:00+00:00,18970.667015159932
2024-11-17 04:00:00+00:00,18994.518546088595
2024-11-17 08:00:00+00:00,19005.237096894583
2024-11-17 12:00:00+00:00,18969.010703712745
2024-11-17 16:00:00+00:00,18951.063943265126
2024-11-17 20:00:00+00:00,18934.02637034769
2024-11-18 00:00:00+00:00,18856.518770975625
2024-11-18 04:00:00+00:00,18764.929658349676
2024-11-18 08:00:00+00:00,18631.058182358447
2024-11-18 12:00:00+00:00,18801.699792844134
2024-11-18 16:00:00+00:00,18797.937625201346
2024-11-18 20:00:00+00:00,18797.937625201346
2024-11-19 00:00:00+00:00,18797.937625201346
2024-11-19 04:00:00+00:00,18797.937625201346
2024-11-19 08:00:00+00:00,18797.937625201346
2024-11-19 12:00:00+00:00,18797.937625201346
2024-11-19 16:00:00+00:00,18797.937625201346
2024-11-19 20:00:00+00:00,18797.937625201346
2024-11-20 00:00:00+00:00,18797.937625201346
2024-11-20 04:00:00+00:00,18797.937625201346
2024-11-20 08:00:00+00:00,18797.937625201346
2024-11-20 12:00:00+00:00,18797.937625201346
2024-11-20 16:00:00+00:00,18797.937625201346
2024-11-20 20:00:00+00:00,18797.937625201346
2024-11-21 00:00:00+00:00,18797.937625201346
2024-11-21 04:00:00+00:00,18797.937625201346
2024-11-21 08:00:00+00:00,18884.031002475407
2024-11-21 12:00:00+00:00,18769.738381267598
2024-11-21 16:00:00+00:00,18868.754288220865
2024-11-21 20:00:00+00:00,18907.009573514286
2024-11-22 00:00:00+00:00,18948.945951887694
2024-11-22 04:00:00+00:00,18978.948838533033
2024-11-22 08:00:00+00:00,18950.72733293941
2024-11-22 12:00:00+00:00,18930.577274004707
2024-11-22 16:00:00+00:00,18965.28034888047
2024-11-22 20:00:00+00:00,18948.720607011706
2024-11-23 00:00:00+00:00,18928.51573331158
2024-11-23 04:00:00+00:00,18919.139198538283
2024-11-23 08:00:00+00:00,18905.899573328
2024-11-23 12:00:00+00:00,18901.34501704718
2024-11-23 16:00:00+00:00,18813.134798153016
2024-11-23 20:00:00+00:00,18829.653210926503
2024-11-24 00:00:00+00:00,18883.766139609463
2024-11-24 04:00:00+00:00,18907.714447610175
2024-11-24 08:00:00+00:00,18781.090735268277
2024-11-24 12:00:00+00:00,18635.69763371376
2024-11-24 16:00:00+00:00,18584.681218621095
2024-11-24 20:00:00+00:00,18418.79401495473
2024-11-25 00:00:00+00:00,18404.154870748895
2024-11-25 04:00:00+00:00,18422.242436920416
2024-11-25 08:00:00+00:00,18437.31630195781
2024-11-25 12:00:00+00:00,18202.23294770251
2024-11-25 16:00:00+00:00,18320.328596089737
2024-11-25 20:00:00+00:00,18475.783000247633
2024-11-26 00:00:00+00:00,18343.67488733552
2024-11-26 04:00:00+00:00,18404.98708337735
2024-11-26 08:00:00+00:00,18532.35263661504
2024-11-26 12:00:00+00:00,18492.364439956647
2024-11-26 16:00:00+00:00,18591.096511793538
2024-11-26 20:00:00+00:00,18569.213408902324
2024-11-27 00:00:00+00:00,18519.786141647728
2024-11-27 04:00:00+00:00,18435.41214573637
2024-11-27 08:00:00+00:00,18455.831944129288
2024-11-27 12:00:00+00:00,18266.19848352018
2024-11-27 16:00:00+00:00,18344.473630001437
2024-11-27 20:00:00+00:00,18280.901592648934
2024-11-28 00:00:00+00:00,18248.305045158322
2024-11-28 04:00:00+00:00,18235.735382880663
2024-11-28 08:00:00+00:00,18246.21002070067
2024-11-28 12:00:00+00:00,18208.074346600682
2024-11-28 16:00:00+00:00,18218.24739167323
2024-11-28 20:00:00+00:00,18214.132027700714
2024-11-29 00:00:00+00:00,18214.132027700714
2024-11-29 04:00:00+00:00,18214.132027700714
2024-11-29 08:00:00+00:00,18214.132027700714
2024-11-29 12:00:00+00:00,18214.132027700714
2024-11-29 16:00:00+00:00,18214.132027700714
2024-11-29 20:00:00+00:00,18214.132027700714
2024-11-30 00:00:00+00:00,18214.132027700714
2024-11-30 04:00:00+00:00,18214.132027700714
2024-11-30 08:00:00+00:00,18214.132027700714
2024-11-30 12:00:00+00:00,18214.132027700714
2024-11-30 16:00:00+00:00,18214.132027700714
2024-11-30 20:00:00+00:00,18214.132027700714
2024-12-01 00:00:00+00:00,18214.132027700714
2024-12-01 04:00:00+00:00,18214.132027700714
2024-12-01 08:00:00+00:00,18214.132027700714
2024-12-01 12:00:00+00:00,18214.132027700714
2024-12-01 16:00:00+00:00,18214.132027700714
2024-12-01 20:00:00+00:00,18214.132027700714
2024-12-02 00:00:00+00:00,18214.132027700714
2024-12-02 04:00:00+00:00,18214.132027700714
2024-12-02 08:00:00+00:00,18214.132027700714
2024-12-02 12:00:00+00:00,18214.132027700714
2024-12-02 16:00:00+00:00,18214.132027700714
2024-12-02 20:00:00+00:00,18214.132027700714
2024-12-03 00:00:00+00:00,18214.132027700714
2024-12-03 04:00:00+00:00,18214.132027700714
2024-12-03 08:00:00+00:00,18214.132027700714
2024-12-03 12:00:00+00:00,18214.132027700714
2024-12-03 16:00:00+00:00,18214.132027700714
2024-12-03 20:00:00+00:00,18214.132027700714
2024-12-04 00:00:00+00:00,18214.132027700714
2024-12-04 04:00:00+00:00,18214.132027700714
2024-12-04 08:00:00+00:00,18214.132027700714
2024-12-04 12:00:00+00:00,18214.132027700714
2024-12-04 16:00:00+00:00,18214.132027700714
2024-12-04 20:00:00+00:00,18214.132027700714
2024-12-05 00:00:00+00:00,18214.132027700714
2024-12-05 04:00:00+00:00,18214.132027700714
2024-12-05 08:00:00+00:00,18214.132027700714
2024-12-05 12:00:00+00:00,18214.132027700714
2024-12-05 16:00:00+00:00,18214.132027700714
2024-12-05 20:00:00+00:00,18214.132027700714
2024-12-06 00:00:00+00:00,18214.132027700714
2024-12-06 04:00:00+00:00,18185.62749695289
2024-12-06 08:00:00+00:00,18191.73270575529
2024-12-06 12:00:00+00:00,18110.46200839517
2024-12-06 16:00:00+00:00,17968.255957540216
2024-12-06 20:00:00+00:00,18078.235000860048
2024-12-07 00:00:00+00:00,18106.483893022898
2024-12-07 04:00:00+00:00,18102.5807754002
2024-12-07 08:00:00+00:00,18088.84002270734
2024-12-07 12:00:00+00:00,18078.32220173255
2024-12-07 16:00:00+00:00,18055.874815946892
2024-12-07 20:00:00+00:00,18073.353497512406
2024-12-08 00:00:00+00:00,18067.219882478956
2024-12-08 04:00:00+00:00,18086.82323031936
2024-12-08 08:00:00+00:00,18082.955093677185
2024-12-08 12:00:00+00:00,18082.955093677185
2024-12-08 16:00:00+00:00,18082.955093677185
2024-12-08 20:00:00+00:00,18082.955093677185
2024-12-09 00:00:00+00:00,18082.955093677185
2024-12-09 04:00:00+00:00,18082.955093677185
2024-12-09 08:00:00+00:00,18082.955093677185
2024-12-09 12:00:00+00:00,18082.955093677185
2024-12-09 16:00:00+00:00,18082.955093677185
2024-12-09 20:00:00+00:00,18082.955093677185
2024-12-10 00:00:00+00:00,18082.955093677185
2024-12-10 04:00:00+00:00,18082.955093677185
2024-12-10 08:00:00+00:00,18082.955093677185
2024-12-10 12:00:00+00:00,18082.955093677185
2024-12-10 16:00:00+00:00,18082.955093677185
2024-12-10 20:00:00+00:00,18082.955093677185
2024-12-11 00:00:00+00:00,18082.955093677185
2024-12-11 04:00:00+00:00,18082.955093677185
2024-12-11 08:00:00+00:00,18082.955093677185
2024-12-11 12:00:00+00:00,18082.955093677185
2024-12-11 16:00:00+00:00,18082.955093677185
2024-12-11 20:00:00+00:00,18082.955093677185
2024-12-12 00:00:00+00:00,18082.955093677185
2024-12-12 04:00:00+00:00,18082.955093677185
2024-12-12 08:00:00+00:00,18082.955093677185
2024-12-12 12:00:00+00:00,18082.955093677185
2024-12-12 16:00:00+00:00,18082.955093677185
2024-12-12 20:00:00+00:00,18082.955093677185
2024-12-13 00:00:00+00:00,18082.955093677185
2024-12-13 04:00:00+00:00,18082.955093677185
2024-12-13 08:00:00+00:00,18082.955093677185
2024-12-13 12:00:00+00:00,18082.955093677185
2024-12-13 16:00:00+00:00,18082.955093677185
2024-12-13 20:00:00+00:00,18082.955093677185
2024-12-14 00:00:00+00:00,18082.955093677185
2024-12-14 04:00:00+00:00,18082.955093677185
2024-12-14 08:00:00+00:00,18082.955093677185
2024-12-14 12:00:00+00:00,18082.955093677185
2024-12-14 16:00:00+00:00,18082.955093677185
2024-12-14 20:00:00+00:00,18082.955093677185
2024-12-15 00:00:00+00:00,18082.955093677185
2024-12-15 04:00:00+00:00,18082.955093677185
2024-12-15 08:00:00+00:00,18082.955093677185
2024-12-15 12:00:00+00:00,18082.955093677185
2024-12-15 16:00:00+00:00,18082.955093677185
2024-12-15 20:00:00+00:00,18082.955093677185
2024-12-16 00:00:00+00:00,18082.955093677185
2024-12-16 04:00:00+00:00,18114.46189626252
2024-12-16 08:00:00+00:00,17996.1285715204
2024-12-16 12:00:00+00:00,18238.52866193229
2024-12-16 16:00:00+00:00,18261.360861457277
2024-12-16 20:00:00+00:00,18214.83269231683
2024-12-17 00:00:00+00:00,18285.879067719605
2024-12-17 04:00:00+00:00,18282.161802897306
2024-12-17 08:00:00+00:00,18280.424060312725
2024-12-17 12:00:00+00:00,18247.393513253726
2024-12-17 16:00:00+00:00,18248.070847503073
2024-12-17 20:00:00+00:00,18213.96308305773
2024-12-18 00:00:00+00:00,18090.502796775425
2024-12-18 04:00:00+00:00,18044.7603478941
2024-12-18 08:00:00+00:00,17968.164496065463
2024-12-18 12:00:00+00:00,18019.442695300873
2024-12-18 16:00:00+00:00,17867.995783075374
2024-12-18 20:00:00+00:00,18080.417252022453
2024-12-19 00:00:00+00:00,18000.023080291965
2024-12-19 04:00:00+00:00,17963.895602245942
2024-12-19 08:00:00+00:00,17899.382895885963
2024-12-19 12:00:00+00:00,18045.561586421307
2024-12-19 16:00:00+00:00,18317.41605330024
2024-12-19 20:00:00+00:00,18297.843929277307
2024-12-20 00:00:00+00:00,18323.4721101625
2024-12-20 04:00:00+00:00,18270.404114592326
2024-12-20 08:00:00+00:00,18635.31592424986
2024-12-20 12:00:00+00:00,18350.915929876217
2024-12-20 16:00:00+00:00,18347.863222900338
2024-12-20 20:00:00+00:00,18347.863222900338
2024-12-21 00:00:00+00:00,18347.863222900338
2024-12-21 04:00:00+00:00,18347.863222900338
2024-12-21 08:00:00+00:00,18347.863222900338
2024-12-21 12:00:00+00:00,18392.961389390362
2024-12-21 16:00:00+00:00,18409.69765244057
2024-12-21 20:00:00+00:00,18408.280449233727
2024-12-22 00:00:00+00:00,18429.28856238761
2024-12-22 04:00:00+00:00,18483.856428626892
2024-12-22 08:00:00+00:00,18422.12170044676
2024-12-22 12:00:00+00:00,18548.05685794405
2024-12-22 16:00:00+00:00,18588.70848197759
2024-12-22 20:00:00+00:00,18562.267795336662
2024-12-23 00:00:00+00:00,18500.801333401057
2024-12-23 04:00:00+00:00,18546.776406501107
2024-12-23 08:00:00+00:00,18507.934969089918
2024-12-23 12:00:00+00:00,18706.06711211441
2024-12-23 16:00:00+00:00,18722.254848503115
2024-12-23 20:00:00+00:00,18586.9529392065
2024-12-24 00:00:00+00:00,18624.813699845963
2024-12-24 04:00:00+00:00,18634.0674458689
2024-12-24 08:00:00+00:00,18622.248295664718
2024-12-24 12:00:00+00:00,18329.260346203184
2024-12-24 16:00:00+00:00,18377.7263737265
2024-12-24 20:00:00+00:00,18302.775663444587
2024-12-25 00:00:00+00:00,18347.339818089382
2024-12-25 04:00:00+00:00,18343.73057595988
2024-12-25 08:00:00+00:00,18356.196589472587
2024-12-25 12:00:00+00:00,18311.212790583733
2024-12-25 16:00:00+00:00,18275.015432815504
2024-12-25 20:00:00+00:00,18244.345741853598
2024-12-26 00:00:00+00:00,18277.862320189757
2024-12-26 04:00:00+00:00,18378.836632488845
2024-12-26 08:00:00+00:00,18539.60519242845
2024-12-26 12:00:00+00:00,18513.436037366566
2024-12-26 16:00:00+00:00,18508.288608528685
2024-12-26 20:00:00+00:00,18533.772374509103
2024-12-27 00:00:00+00:00,18481.994910754034
2024-12-27 04:00:00+00:00,18592.696687304386
2024-12-27 08:00:00+00:00,18438.84432526218
2024-12-27 12:00:00+00:00,18631.988771928023
2024-12-27 16:00:00+00:00,18618.14364832194
2024-12-27 20:00:00+00:00,18655.014714248962
2024-12-28 00:00:00+00:00,18631.599778525513
2024-12-28 04:00:00+00:00,18649.86844499844
2024-12-28 08:00:00+00:00,18617.072549792738
2024-12-28 12:00:00+00:00,18644.584499571643
2024-12-28 16:00:00+00:00,18640.263067193795
2024-12-28 20:00:00+00:00,18640.263067193795
2024-12-29 00:00:00+00:00,18640.263067193795
2024-12-29 04:00:00+00:00,18640.263067193795
2024-12-29 08:00:00+00:00,18640.263067193795
2024-12-29 12:00:00+00:00,18640.263067193795
2024-12-29 16:00:00+00:00,18640.263067193795
2024-12-29 20:00:00+00:00,18640.263067193795
2024-12-30 00:00:00+00:00,18640.263067193795
2024-12-30 04:00:00+00:00,18640.263067193795
2024-12-30 08:00:00+00:00,18640.263067193795
2024-12-30 12:00:00+00:00,18640.263067193795
2024-12-30 16:00:00+00:00,18640.263067193795
2024-12-30 20:00:00+00:00,18640.263067193795
2024-12-31 00:00:00+00:00,18640.263067193795
2024-12-31 04:00:00+00:00,18640.263067193795
2024-12-31 08:00:00+00:00,18640.263067193795
2024-12-31 12:00:00+00:00,18640.263067193795
2024-12-31 16:00:00+00:00,18640.263067193795
2024-12-31 20:00:00+00:00,18640.263067193795
2025-01-01 00:00:00+00:00,18640.263067193795
2025-01-01 04:00:00+00:00,18640.263067193795
2025-01-01 08:00:00+00:00,18640.263067193795
2025-01-01 12:00:00+00:00,18640.263067193795
2025-01-01 16:00:00+00:00,18640.263067193795
2025-01-01 20:00:00+00:00,18640.263067193795
2025-01-02 00:00:00+00:00,18640.263067193795
2025-01-02 04:00:00+00:00,18640.263067193795
2025-01-02 08:00:00+00:00,18640.263067193795
2025-01-02 12:00:00+00:00,18640.263067193795
2025-01-02 16:00:00+00:00,18640.263067193795
2025-01-02 20:00:00+00:00,18640.263067193795
2025-01-03 00:00:00+00:00,18630.662591744196
2025-01-03 04:00:00+00:00,18711.4167743901
2025-01-03 08:00:00+00:00,18663.971939075345
2025-01-03 12:00:00+00:00,18576.64574056102
2025-01-03 16:00:00+00:00,18456.803537741904
2025-01-03 20:00:00+00:00,18500.980996373946
2025-01-04 00:00:00+00:00,18501.3129890717
2025-01-04 04:00:00+00:00,18495.747313969227
2025-01-04 08:00:00+00:00,18495.747313969227
2025-01-04 12:00:00+00:00,18495.747313969227
2025-01-04 16:00:00+00:00,18495.747313969227
2025-01-04 20:00:00+00:00,18496.230389281034
2025-01-05 00:00:00+00:00,18493.156775712116
2025-01-05 04:00:00+00:00,18501.626770702904
2025-01-05 08:00:00+00:00,18415.052549439555
2025-01-05 12:00:00+00:00,18467.604591572042
2025-01-05 16:00:00+00:00,18475.3071772495
2025-01-05 20:00:00+00:00,18516.236795594286
2025-01-06 00:00:00+00:00,18609.474333172027
2025-01-06 04:00:00+00:00,18647.87946393743
2025-01-06 08:00:00+00:00,18637.852970212425
2025-01-06 12:00:00+00:00,19045.858631596817
2025-01-06 16:00:00+00:00,19001.7269456674
2025-01-06 20:00:00+00:00,19053.083874518838
2025-01-07 00:00:00+00:00,18985.04259498324
2025-01-07 04:00:00+00:00,18983.43295050934
2025-01-07 08:00:00+00:00,18869.450245355012
2025-01-07 12:00:00+00:00,18504.07178636824
2025-01-07 16:00:00+00:00,18657.883483683017
2025-01-07 20:00:00+00:00,18604.68497673254
2025-01-08 00:00:00+00:00,18651.239680364673
2025-01-08 04:00:00+00:00,18748.211510501227
2025-01-08 08:00:00+00:00,18808.387948434585
2025-01-08 12:00:00+00:00,18769.266143155717
2025-01-08 16:00:00+00:00,18904.086118132334
2025-01-08 20:00:00+00:00,18821.857352168347
2025-01-09 00:00:00+00:00,18926.601475266903
2025-01-09 04:00:00+00:00,18921.78250209368
2025-01-09 08:00:00+00:00,18921.78250209368
2025-01-09 12:00:00+00:00,18838.687077242925
2025-01-09 16:00:00+00:00,19061.142803991173
2025-01-09 20:00:00+00:00,19001.057612712717
2025-01-10 00:00:00+00:00,18895.891706916416
2025-01-10 04:00:00+00:00,18821.951703611812
2025-01-10 08:00:00+00:00,18769.206584484462
2025-01-10 12:00:00+00:00,18893.02497229475
2025-01-10 16:00:00+00:00,18752.203286384025
2025-01-10 20:00:00+00:00,18803.767441783544
2025-01-11 00:00:00+00:00,18848.949424521117
2025-01-11 04:00:00+00:00,18845.011763577244
2025-01-11 08:00:00+00:00,18811.343825092117
2025-01-11 12:00:00+00:00,18830.921544173587
2025-01-11 16:00:00+00:00,18846.96445676563
2025-01-11 20:00:00+00:00,18810.277265996156
2025-01-12 00:00:00+00:00,18808.200144386017
2025-01-12 04:00:00+00:00,18839.95470854346
2025-01-12 08:00:00+00:00,18849.383310792742
2025-01-12 12:00:00+00:00,18754.12988363832
2025-01-12 16:00:00+00:00,18801.65742332876
2025-01-12 20:00:00+00:00,18816.17821054944
2025-01-13 00:00:00+00:00,18850.16354358906
2025-01-13 04:00:00+00:00,18924.587999293017
2025-01-13 08:00:00+00:00,19231.273255256197
2025-01-13 12:00:00+00:00,19094.950458686315
2025-01-13 16:00:00+00:00,19077.153543729728
2025-01-13 20:00:00+00:00,18862.743575082448
2025-01-14 00:00:00+00:00,18832.71301961482
2025-01-14 04:00:00+00:00,18832.41768643602
2025-01-14 08:00:00+00:00,18671.752076716642
2025-01-14 12:00:00+00:00,18680.08041788175
2025-01-14 16:00:00+00:00,18673.59672731191
2025-01-14 20:00:00+00:00,18671.89490601822
2025-01-15 00:00:00+00:00,18600.02956779522
2025-01-15 04:00:00+00:00,18603.22899683382
2025-01-15 08:00:00+00:00,18654.600983669257
2025-01-15 12:00:00+00:00,18438.111497043716
2025-01-15 16:00:00+00:00,18433.44679888767
2025-01-15 20:00:00+00:00,18433.44679888767
2025-01-16 00:00:00+00:00,18335.282569954677
2025-01-16 04:00:00+00:00,18363.913420965877
2025-01-16 08:00:00+00:00,18302.405339199744
2025-01-16 12:00:00+00:00,18316.586561374963
2025-01-16 16:00:00+00:00,18419.027045052866
2025-01-16 20:00:00+00:00,18377.866374877278
2025-01-17 00:00:00+00:00,18476.61551446558
2025-01-17 04:00:00+00:00,18513.14581790341
2025-01-17 08:00:00+00:00,18584.21241919413
2025-01-17 12:00:00+00:00,18750.678747884955
2025-01-17 16:00:00+00:00,18920.69460718845
2025-01-17 20:00:00+00:00,18760.572380282007
2025-01-18 00:00:00+00:00,18713.199325441885
2025-01-18 04:00:00+00:00,18645.130140127374
2025-01-18 08:00:00+00:00,18714.204131243765
2025-01-18 12:00:00+00:00,18802.952694640135
2025-01-18 16:00:00+00:00,18786.792899289638
2025-01-18 20:00:00+00:00,18802.610197080932
2025-01-19 00:00:00+00:00,18841.690245638387
2025-01-19 04:00:00+00:00,18859.63089315436
2025-01-19 08:00:00+00:00,18784.191106039572
2025-01-19 12:00:00+00:00,18837.30620152501
2025-01-19 16:00:00+00:00,18956.896570700035
2025-01-19 20:00:00+00:00,18503.283485119093
2025-01-20 00:00:00+00:00,18452.35285049208
2025-01-20 04:00:00+00:00,18058.26075395509
2025-01-20 08:00:00+00:00,18117.735561881884
2025-01-20 12:00:00+00:00,17915.84472041623
2025-01-20 16:00:00+00:00,17836.937534377827
2025-01-20 20:00:00+00:00,17906.525290654165
2025-01-21 00:00:00+00:00,17871.25370452351
2025-01-21 04:00:00+00:00,17920.414737487798
2025-01-21 08:00:00+00:00,17828.38242893225
2025-01-21 12:00:00+00:00,17817.48369868779
2025-01-21 16:00:00+00:00,17655.54953145569
2025-01-21 20:00:00+00:00,17604.876058379297
2025-01-22 00:00:00+00:00,17576.791156898358
2025-01-22 04:00:00+00:00,17548.474350698976
2025-01-22 08:00:00+00:00,17548.92962212534
2025-01-22 12:00:00+00:00,17546.01353851068
2025-01-22 16:00:00+00:00,17546.01353851068
2025-01-22 20:00:00+00:00,17546.01353851068
2025-01-23 00:00:00+00:00,17546.01353851068
2025-01-23 04:00:00+00:00,17546.01353851068
2025-01-23 08:00:00+00:00,17546.01353851068
2025-01-23 12:00:00+00:00,17546.01353851068
2025-01-23 16:00:00+00:00,17546.01353851068
2025-01-23 20:00:00+00:00,17546.01353851068
2025-01-24 00:00:00+00:00,17546.01353851068
2025-01-24 04:00:00+00:00,17546.01353851068
2025-01-24 08:00:00+00:00,17546.01353851068
2025-01-24 12:00:00+00:00,17546.01353851068
2025-01-24 16:00:00+00:00,17546.01353851068
2025-01-24 20:00:00+00:00,17546.01353851068
2025-01-25 00:00:00+00:00,17546.01353851068
2025-01-25 04:00:00+00:00,17546.01353851068
2025-01-25 08:00:00+00:00,17546.01353851068
2025-01-25 12:00:00+00:00,17546.01353851068
2025-01-25 16:00:00+00:00,17546.01353851068
2025-01-25 20:00:00+00:00,17546.01353851068
2025-01-26 00:00:00+00:00,17546.01353851068
2025-01-26 04:00:00+00:00,17546.01353851068
2025-01-26 08:00:00+00:00,17546.01353851068
2025-01-26 12:00:00+00:00,17546.01353851068
2025-01-26 16:00:00+00:00,17546.01353851068
2025-01-26 20:00:00+00:00,17546.01353851068
2025-01-27 00:00:00+00:00,17546.01353851068
2025-01-27 04:00:00+00:00,17546.01353851068
2025-01-27 08:00:00+00:00,17528.67106664737
2025-01-27 12:00:00+00:00,17647.662569583954
2025-01-27 16:00:00+00:00,17580.085368725417
2025-01-27 20:00:00+00:00,17690.730952282844
2025-01-28 00:00:00+00:00,17716.00139814294
2025-01-28 04:00:00+00:00,17723.890869542724
2025-01-28 08:00:00+00:00,17721.929956443193
2025-01-28 12:00:00+00:00,17722.482435434278
2025-01-28 16:00:00+00:00,17704.383858747322
2025-01-28 20:00:00+00:00,17650.78762016936
2025-01-29 00:00:00+00:00,17684.76667936051
2025-01-29 04:00:00+00:00,17720.7674681033
2025-01-29 08:00:00+00:00,17713.635771247376
2025-01-29 12:00:00+00:00,17679.182189702493
2025-01-29 16:00:00+00:00,17763.64807837226
2025-01-29 20:00:00+00:00,17760.954495249294
2025-01-30 00:00:00+00:00,17760.954495249294
2025-01-30 04:00:00+00:00,17760.954495249294
2025-01-30 08:00:00+00:00,17760.954495249294
2025-01-30 12:00:00+00:00,17760.954495249294
2025-01-30 16:00:00+00:00,17760.954495249294
2025-01-30 20:00:00+00:00,17760.954495249294
2025-01-31 00:00:00+00:00,17760.954495249294
2025-01-31 04:00:00+00:00,17760.954495249294
2025-01-31 08:00:00+00:00,17760.954495249294
2025-01-31 12:00:00+00:00,17760.954495249294
2025-01-31 16:00:00+00:00,17760.954495249294
2025-01-31 20:00:00+00:00,17760.954495249294
2025-02-01 00:00:00+00:00,17760.954495249294
2025-02-01 04:00:00+00:00,17760.954495249294
2025-02-01 08:00:00+00:00,17760.954495249294
2025-02-01 12:00:00+00:00,17760.954495249294
2025-02-01 16:00:00+00:00,17760.954495249294
2025-02-01 20:00:00+00:00,17760.954495249294
2025-02-02 00:00:00+00:00,17760.954495249294
2025-02-02 04:00:00+00:00,17760.954495249294
2025-02-02 08:00:00+00:00,17760.954495249294
2025-02-02 12:00:00+00:00,17760.954495249294
2025-02-02 16:00:00+00:00,17760.954495249294
2025-02-02 20:00:00+00:00,17760.954495249294
2025-02-03 00:00:00+00:00,18073.38848509737
2025-02-03 04:00:00+00:00,17977.007060261178
2025-02-03 08:00:00+00:00,17992.263638233104
2025-02-03 12:00:00+00:00,17714.754678326673
2025-02-03 16:00:00+00:00,17513.10804438705
2025-02-03 20:00:00+00:00,17546.926016980316
2025-02-04 00:00:00+00:00,17591.512857288613
2025-02-04 04:00:00+00:00,17734.539607247058
2025-02-04 08:00:00+00:00,17701.16513809197
2025-02-04 12:00:00+00:00,17675.778313094102
2025-02-04 16:00:00+00:00,17708.57600849625
2025-02-04 20:00:00+00:00,17780.572258548986
2025-02-05 00:00:00+00:00,17762.621914452327
2025-02-05 04:00:00+00:00,17773.756800919182
2025-02-05 08:00:00+00:00,17751.197650587514
2025-02-05 12:00:00+00:00,17757.729794215178
2025-02-05 16:00:00+00:00,17808.121884066248
2025-02-05 20:00:00+00:00,17861.330697347603
2025-02-06 00:00:00+00:00,17809.057517647827
2025-02-06 04:00:00+00:00,17747.949350722065
2025-02-06 08:00:00+00:00,17700.14950280693
2025-02-06 12:00:00+00:00,17812.770808112913
2025-02-06 16:00:00+00:00,17910.784279601154
2025-02-06 20:00:00+00:00,17869.0739163123
2025-02-07 00:00:00+00:00,17803.246356255
2025-02-07 04:00:00+00:00,17855.75152251105
2025-02-07 08:00:00+00:00,17780.521855875137
2025-02-07 12:00:00+00:00,17737.91662330766
2025-02-07 16:00:00+00:00,17843.044439130914
2025-02-07 20:00:00+00:00,17871.762912019232
2025-02-08 00:00:00+00:00,17855.878088792306
2025-02-08 04:00:00+00:00,17852.231271762845
2025-02-08 08:00:00+00:00,17852.231271762845
2025-02-08 12:00:00+00:00,17852.231271762845
2025-02-08 16:00:00+00:00,17852.231271762845
2025-02-08 20:00:00+00:00,17852.231271762845
2025-02-09 00:00:00+00:00,17852.231271762845
2025-02-09 04:00:00+00:00,17852.231271762845
2025-02-09 08:00:00+00:00,17852.231271762845
2025-02-09 12:00:00+00:00,17852.231271762845
2025-02-09 16:00:00+00:00,17852.231271762845
2025-02-09 20:00:00+00:00,17852.231271762845
2025-02-10 00:00:00+00:00,17852.231271762845
2025-02-10 04:00:00+00:00,17852.231271762845
2025-02-10 08:00:00+00:00,17852.231271762845
2025-02-10 12:00:00+00:00,17852.231271762845
2025-02-10 16:00:00+00:00,17852.231271762845
2025-02-10 20:00:00+00:00,17852.231271762845
2025-02-11 00:00:00+00:00,17852.231271762845
2025-02-11 04:00:00+00:00,17852.231271762845
2025-02-11 08:00:00+00:00,17852.231271762845
2025-02-11 12:00:00+00:00,17852.231271762845
2025-02-11 16:00:00+00:00,17852.231271762845
2025-02-11 20:00:00+00:00,17852.231271762845
2025-02-12 00:00:00+00:00,17852.231271762845
2025-02-12 04:00:00+00:00,17852.231271762845
2025-02-12 08:00:00+00:00,17852.231271762845
2025-02-12 12:00:00+00:00,17852.231271762845
2025-02-12 16:00:00+00:00,17852.231271762845
2025-02-12 20:00:00+00:00,17852.231271762845
2025-02-13 00:00:00+00:00,17852.231271762845
2025-02-13 04:00:00+00:00,17852.231271762845
2025-02-13 08:00:00+00:00,17852.231271762845
2025-02-13 12:00:00+00:00,17852.231271762845
2025-02-13 16:00:00+00:00,17883.619588984897
2025-02-13 20:00:00+00:00,17783.868970618892
2025-02-14 00:00:00+00:00,17729.53675132351
2025-02-14 04:00:00+00:00,17750.70000490175
2025-02-14 08:00:00+00:00,17755.977940218345
2025-02-14 12:00:00+00:00,17751.190437081266
2025-02-14 16:00:00+00:00,17641.207001697654
2025-02-14 20:00:00+00:00,17688.103225594816
2025-02-15 00:00:00+00:00,17670.09427785361
2025-02-15 04:00:00+00:00,17702.170946239763
2025-02-15 08:00:00+00:00,17674.465770989285
2025-02-15 12:00:00+00:00,17671.465986431496
2025-02-15 16:00:00+00:00,17666.00411825576
2025-02-15 20:00:00+00:00,17666.00411825576
2025-02-16 00:00:00+00:00,17666.00411825576
2025-02-16 04:00:00+00:00,17666.00411825576
2025-02-16 08:00:00+00:00,17666.00411825576
2025-02-16 12:00:00+00:00,17666.00411825576
2025-02-16 16:00:00+00:00,17666.00411825576
2025-02-16 20:00:00+00:00,17666.00411825576
2025-02-17 00:00:00+00:00,17666.00411825576
2025-02-17 04:00:00+00:00,17666.00411825576
2025-02-17 08:00:00+00:00,17666.00411825576
2025-02-17 12:00:00+00:00,17666.00411825576
2025-02-17 16:00:00+00:00,17666.00411825576
2025-02-17 20:00:00+00:00,17666.00411825576
2025-02-18 00:00:00+00:00,17666.00411825576
2025-02-18 04:00:00+00:00,17666.00411825576
2025-02-18 08:00:00+00:00,17666.00411825576
2025-02-18 12:00:00+00:00,17666.00411825576
2025-02-18 16:00:00+00:00,17666.00411825576
2025-02-18 20:00:00+00:00,17666.00411825576
2025-02-19 00:00:00+00:00,17666.00411825576
2025-02-19 04:00:00+00:00,17666.00411825576
2025-02-19 08:00:00+00:00,17666.00411825576
2025-02-19 12:00:00+00:00,17666.00411825576
2025-02-19 16:00:00+00:00,17666.00411825576
2025-02-19 20:00:00+00:00,17666.00411825576
2025-02-20 00:00:00+00:00,17666.00411825576
2025-02-20 04:00:00+00:00,17666.00411825576
2025-02-20 08:00:00+00:00,17666.00411825576
2025-02-20 12:00:00+00:00,17666.00411825576
2025-02-20 16:00:00+00:00,17666.00411825576
2025-02-20 20:00:00+00:00,17666.00411825576
2025-02-21 00:00:00+00:00,17666.00411825576
2025-02-21 04:00:00+00:00,17666.00411825576
2025-02-21 08:00:00+00:00,17666.00411825576
2025-02-21 12:00:00+00:00,17666.00411825576
2025-02-21 16:00:00+00:00,17666.00411825576
2025-02-21 20:00:00+00:00,17666.00411825576
2025-02-22 00:00:00+00:00,17666.00411825576
2025-02-22 04:00:00+00:00,17666.00411825576
2025-02-22 08:00:00+00:00,17666.00411825576
2025-02-22 12:00:00+00:00,17666.00411825576
2025-02-22 16:00:00+00:00,17666.00411825576
2025-02-22 20:00:00+00:00,17666.00411825576
2025-02-23 00:00:00+00:00,17666.00411825576
2025-02-23 04:00:00+00:00,17666.00411825576
2025-02-23 08:00:00+00:00,17666.00411825576
2025-02-23 12:00:00+00:00,17666.00411825576
2025-02-23 16:00:00+00:00,17666.00411825576
2025-02-23 20:00:00+00:00,17666.00411825576
2025-02-24 00:00:00+00:00,17666.00411825576
2025-02-24 04:00:00+00:00,17666.00411825576
2025-02-24 08:00:00+00:00,17666.00411825576
2025-02-24 12:00:00+00:00,17666.00411825576
2025-02-24 16:00:00+00:00,17666.00411825576
2025-02-24 20:00:00+00:00,17982.90117246706
2025-02-25 00:00:00+00:00,17908.181898549938
2025-02-25 04:00:00+00:00,18249.583520754524
2025-02-25 08:00:00+00:00,18257.416182672216
2025-02-25 12:00:00+00:00,18454.685665324294
2025-02-25 16:00:00+00:00,18388.132172285026
2025-02-25 20:00:00+00:00,18321.48130844165
2025-02-26 00:00:00+00:00,18302.504279506775
2025-02-26 04:00:00+00:00,18317.907456487897
2025-02-26 08:00:00+00:00,18328.791677391302
2025-02-26 12:00:00+00:00,18426.092688626286
2025-02-26 16:00:00+00:00,18756.768189867227
2025-02-26 20:00:00+00:00,18725.10231105756
2025-02-27 00:00:00+00:00,18649.11605906548
2025-02-27 04:00:00+00:00,18565.018991150668
2025-02-27 08:00:00+00:00,18531.329210974294
2025-02-27 12:00:00+00:00,18625.53886216027
2025-02-27 16:00:00+00:00,18736.11900908561
2025-02-27 20:00:00+00:00,18689.932090857914
2025-02-28 00:00:00+00:00,19020.07269780114
2025-02-28 04:00:00+00:00,19110.989437067172
2025-02-28 08:00:00+00:00,19016.82512081746
2025-02-28 12:00:00+00:00,18771.706182177095
2025-02-28 16:00:00+00:00,18742.33545691464
2025-02-28 20:00:00+00:00,18748.496230783134
2025-03-01 00:00:00+00:00,18682.253420945253
2025-03-01 04:00:00+00:00,18720.911701486224
2025-03-01 08:00:00+00:00,18728.312904246603
2025-03-01 12:00:00+00:00,18716.968410670408
2025-03-01 16:00:00+00:00,18667.924833105535
2025-03-01 20:00:00+00:00,18625.177570644148
2025-03-02 00:00:00+00:00,18639.812916504678
2025-03-02 04:00:00+00:00,18610.241932678397
2025-03-02 08:00:00+00:00,18621.412757941845
2025-03-02 12:00:00+00:00,18511.17136509842
2025-03-02 16:00:00+00:00,18042.10923687061
2025-03-02 20:00:00+00:00,17993.107722648976
2025-03-03 00:00:00+00:00,18095.021719981563
2025-03-03 04:00:00+00:00,18117.530031293172
2025-03-03 08:00:00+00:00,18092.397704963874
2025-03-03 12:00:00+00:00,18270.501937740948
2025-03-03 16:00:00+00:00,18551.244593082498
2025-03-03 20:00:00+00:00,18512.831609280507
2025-03-04 00:00:00+00:00,18648.025498203973
2025-03-04 04:00:00+00:00,18692.237161820896
2025-03-04 08:00:00+00:00,18649.10625436381
2025-03-04 12:00:00+00:00,18705.8494706527
2025-03-04 16:00:00+00:00,18400.331534772173
2025-03-04 20:00:00+00:00,18448.939609433393
2025-03-05 00:00:00+00:00,18472.151648404608
2025-03-05 04:00:00+00:00,18430.696220353027
2025-03-05 08:00:00+00:00,18307.199467176826
2025-03-05 12:00:00+00:00,18387.733243752904
2025-03-05 16:00:00+00:00,18311.453881238467
2025-03-05 20:00:00+00:00,18265.23309409063
2025-03-06 00:00:00+00:00,18210.32096863675
2025-03-06 04:00:00+00:00,18224.251136305615
2025-03-06 08:00:00+00:00,18224.095343909106
2025-03-06 12:00:00+00:00,18255.520236980297
2025-03-06 16:00:00+00:00,18389.296039594126
2025-03-06 20:00:00+00:00,18386.63128367931
2025-03-07 00:00:00+00:00,18386.63128367931
2025-03-07 04:00:00+00:00,18386.63128367931
2025-03-07 08:00:00+00:00,18386.63128367931
2025-03-07 12:00:00+00:00,18386.63128367931
2025-03-07 16:00:00+00:00,18386.63128367931
2025-03-07 20:00:00+00:00,18386.63128367931
2025-03-08 00:00:00+00:00,18386.63128367931
2025-03-08 04:00:00+00:00,18386.63128367931
2025-03-08 08:00:00+00:00,18386.63128367931
2025-03-08 12:00:00+00:00,18386.63128367931
2025-03-08 16:00:00+00:00,18386.63128367931
2025-03-08 20:00:00+00:00,18386.63128367931
2025-03-09 00:00:00+00:00,18386.63128367931
2025-03-09 04:00:00+00:00,18386.63128367931
2025-03-09 08:00:00+00:00,18386.63128367931
2025-03-09 12:00:00+00:00,18386.63128367931
2025-03-09 16:00:00+00:00,18386.63128367931
2025-03-09 20:00:00+00:00,18518.914366578585
2025-03-10 00:00:00+00:00,18429.49339708477
2025-03-10 04:00:00+00:00,18410.956382482087
2025-03-10 08:00:00+00:00,18324.05143232475
2025-03-10 12:00:00+00:00,18560.399412458588
2025-03-10 16:00:00+00:00,18622.4319410575
2025-03-10 20:00:00+00:00,18651.999710889835
2025-03-11 00:00:00+00:00,18593.127477255213
2025-03-11 04:00:00+00:00,18536.93708219467
2025-03-11 08:00:00+00:00,18454.226432329033
2025-03-11 12:00:00+00:00,18485.801875138703
2025-03-11 16:00:00+00:00,18369.081849015245
2025-03-11 20:00:00+00:00,18379.102371688874
2025-03-12 00:00:00+00:00,18429.536836681058
2025-03-12 04:00:00+00:00,18409.97321064515
2025-03-12 08:00:00+00:00,18372.950326856604
2025-03-12 12:00:00+00:00,18458.895835833966
2025-03-12 16:00:00+00:00,18382.354762526556
2025-03-12 20:00:00+00:00,18332.631395036908
2025-03-13 00:00:00+00:00,18339.439748589015
2025-03-13 04:00:00+00:00,18367.849331913614
2025-03-13 08:00:00+00:00,18380.459171221282
2025-03-13 12:00:00+00:00,18518.320420247444
2025-03-13 16:00:00+00:00,18577.05146474433
2025-03-13 20:00:00+00:00,18512.219420780693
2025-03-14 00:00:00+00:00,18456.26692920406
2025-03-14 04:00:00+00:00,18437.003615292364
2025-03-14 08:00:00+00:00,18356.013090407356
2025-03-14 12:00:00+00:00,18242.30637918763
2025-03-14 16:00:00+00:00,18255.933608190644
2025-03-14 20:00:00+00:00,18298.94155078551
2025-03-15 00:00:00+00:00,18259.46052177972
2025-03-15 04:00:00+00:00,18310.931162799327
2025-03-15 08:00:00+00:00,18307.5335537716
2025-03-15 12:00:00+00:00,18307.5335537716
2025-03-15 16:00:00+00:00,18307.5335537716
2025-03-15 20:00:00+00:00,18307.5335537716
2025-03-16 00:00:00+00:00,18307.5335537716
2025-03-16 04:00:00+00:00,18307.5335537716
2025-03-16 08:00:00+00:00,18307.5335537716
2025-03-16 12:00:00+00:00,18307.5335537716
2025-03-16 16:00:00+00:00,18307.5335537716
2025-03-16 20:00:00+00:00,18307.5335537716
2025-03-17 00:00:00+00:00,18307.5335537716
2025-03-17 04:00:00+00:00,18307.5335537716
2025-03-17 08:00:00+00:00,18307.5335537716
2025-03-17 12:00:00+00:00,18307.5335537716
2025-03-17 16:00:00+00:00,18307.5335537716
2025-03-17 20:00:00+00:00,18307.5335537716
2025-03-18 00:00:00+00:00,18307.5335537716
2025-03-18 04:00:00+00:00,18307.5335537716
2025-03-18 08:00:00+00:00,18307.5335537716
2025-03-18 12:00:00+00:00,18307.5335537716
2025-03-18 16:00:00+00:00,18307.5335537716
2025-03-18 20:00:00+00:00,18307.5335537716
2025-03-19 00:00:00+00:00,18307.5335537716
2025-03-19 04:00:00+00:00,18307.5335537716
2025-03-19 08:00:00+00:00,18307.5335537716
2025-03-19 12:00:00+00:00,18307.5335537716
2025-03-19 16:00:00+00:00,18307.5335537716
2025-03-19 20:00:00+00:00,18307.5335537716
2025-03-20 00:00:00+00:00,18307.5335537716
2025-03-20 04:00:00+00:00,18307.5335537716
2025-03-20 08:00:00+00:00,18307.5335537716
2025-03-20 12:00:00+00:00,18307.5335537716
2025-03-20 16:00:00+00:00,18307.5335537716
2025-03-20 20:00:00+00:00,18307.5335537716
2025-03-21 00:00:00+00:00,18307.5335537716
2025-03-21 04:00:00+00:00,18307.5335537716
2025-03-21 08:00:00+00:00,18307.5335537716
2025-03-21 12:00:00+00:00,18307.5335537716
2025-03-21 16:00:00+00:00,18307.5335537716
2025-03-21 20:00:00+00:00,18307.5335537716
2025-03-22 00:00:00+00:00,18307.5335537716
2025-03-22 04:00:00+00:00,18307.5335537716
2025-03-22 08:00:00+00:00,18307.5335537716
2025-03-22 12:00:00+00:00,18307.5335537716
2025-03-22 16:00:00+00:00,18307.5335537716
2025-03-22 20:00:00+00:00,18307.5335537716
2025-03-23 00:00:00+00:00,18307.5335537716
2025-03-23 04:00:00+00:00,18307.5335537716
2025-03-23 08:00:00+00:00,18307.5335537716
2025-03-23 12:00:00+00:00,18307.5335537716
2025-03-23 16:00:00+00:00,18307.5335537716
2025-03-23 20:00:00+00:00,18307.5335537716
2025-03-24 00:00:00+00:00,18307.5335537716
2025-03-24 04:00:00+00:00,18307.5335537716
2025-03-24 08:00:00+00:00,18307.5335537716
2025-03-24 12:00:00+00:00,18307.5335537716
2025-03-24 16:00:00+00:00,18307.5335537716
2025-03-24 20:00:00+00:00,18201.588829693224
2025-03-25 00:00:00+00:00,18064.925134526795
2025-03-25 04:00:00+00:00,18054.905498337295
2025-03-25 08:00:00+00:00,18181.045514513407
2025-03-25 12:00:00+00:00,18236.0750029538
2025-03-25 16:00:00+00:00,18280.918115577024
2025-03-25 20:00:00+00:00,18187.073706076982
2025-03-26 00:00:00+00:00,18153.869956689283
2025-03-26 04:00:00+00:00,18286.557210868705
2025-03-26 08:00:00+00:00,18260.68328030646
2025-03-26 12:00:00+00:00,18093.09409268991
2025-03-26 16:00:00+00:00,18070.498829695727
2025-03-26 20:00:00+00:00,18013.53830640048
2025-03-27 00:00:00+00:00,17914.344229108774
2025-03-27 04:00:00+00:00,17867.855613428866
2025-03-27 08:00:00+00:00,17804.868928886637
2025-03-27 12:00:00+00:00,17789.022814375836
2025-03-27 16:00:00+00:00,17776.10098817513
2025-03-27 20:00:00+00:00,17754.148801302374
2025-03-28 00:00:00+00:00,17813.464452221553
2025-03-28 04:00:00+00:00,18025.86206863431
2025-03-28 08:00:00+00:00,18020.36578859769
2025-03-28 12:00:00+00:00,18182.19602983774
2025-03-28 16:00:00+00:00,18215.759198807176
2025-03-28 20:00:00+00:00,18132.4623530178
2025-03-29 00:00:00+00:00,18167.35385964466
2025-03-29 04:00:00+00:00,18225.602095985363
2025-03-29 08:00:00+00:00,18426.41263612976
2025-03-29 12:00:00+00:00,18420.541698933037
2025-03-29 16:00:00+00:00,18368.39971457015
2025-03-29 20:00:00+00:00,18384.275546930843
2025-03-30 00:00:00+00:00,18323.853790646775
2025-03-30 04:00:00+00:00,18324.566650992336
2025-03-30 08:00:00+00:00,18318.45408471814
2025-03-30 12:00:00+00:00,18373.044214701098
2025-03-30 16:00:00+00:00,18401.24761640591
2025-03-30 20:00:00+00:00,18424.44423671512
2025-03-31 00:00:00+00:00,18549.487658206173
2025-03-31 04:00:00+00:00,18491.18602505583
2025-03-31 08:00:00+00:00,18452.075458422594
2025-03-31 12:00:00+00:00,18279.625830042634
2025-03-31 16:00:00+00:00,18405.362459157845
2025-03-31 20:00:00+00:00,18393.235407467128
2025-04-01 00:00:00+00:00,18338.179091524777
2025-04-01 04:00:00+00:00,18272.486293923652
2025-04-01 08:00:00+00:00,18209.17292734025
2025-04-01 12:00:00+00:00,18023.82393042403
2025-04-01 16:00:00+00:00,18064.60674549783
2025-04-01 20:00:00+00:00,18038.524003690734
2025-04-02 00:00:00+00:00,18114.919990961425
2025-04-02 04:00:00+00:00,18130.1907304052
2025-04-02 08:00:00+00:00,18112.547799192915
2025-04-02 12:00:00+00:00,17832.75604585749
2025-04-02 16:00:00+00:00,17815.703608928514
2025-04-02 20:00:00+00:00,18324.195169846662
2025-04-03 00:00:00+00:00,18229.001267818127
2025-04-03 04:00:00+00:00,18231.434460624117
2025-04-03 08:00:00+00:00,18267.828752030655
2025-04-03 12:00:00+00:00,18374.573606723072
2025-04-03 16:00:00+00:00,18377.3892254184
2025-04-03 20:00:00+00:00,18255.583168563055
2025-04-04 00:00:00+00:00,18295.173180998154
2025-04-04 04:00:00+00:00,18174.698680413225
2025-04-04 08:00:00+00:00,18309.915870391826
2025-04-04 12:00:00+00:00,18291.57484348507
2025-04-04 16:00:00+00:00,18183.930892210312
2025-04-04 20:00:00+00:00,18194.125734237256
2025-04-05 00:00:00+00:00,18220.60324162645
2025-04-05 04:00:00+00:00,18229.70509431139
2025-04-05 08:00:00+00:00,18236.285386980926
2025-04-05 12:00:00+00:00,18232.156091753037
2025-04-05 16:00:00+00:00,18232.156091753037
2025-04-05 20:00:00+00:00,18232.156091753037
2025-04-06 00:00:00+00:00,18232.156091753037
2025-04-06 04:00:00+00:00,18232.156091753037
2025-04-06 08:00:00+00:00,18232.156091753037
2025-04-06 12:00:00+00:00,18232.156091753037
2025-04-06 16:00:00+00:00,18232.156091753037
2025-04-06 20:00:00+00:00,18232.156091753037
2025-04-07 00:00:00+00:00,18182.460985801426
2025-04-07 04:00:00+00:00,18428.35774861019
2025-04-07 08:00:00+00:00,18283.871463486073
2025-04-07 12:00:00+00:00,18125.868441895247
2025-04-07 16:00:00+00:00,18153.735948545276
2025-04-07 20:00:00+00:00,18072.408185359665
2025-04-08 00:00:00+00:00,18017.21824723655
2025-04-08 04:00:00+00:00,18048.799292225078
2025-04-08 08:00:00+00:00,18010.66315868267
2025-04-08 12:00:00+00:00,18125.921547391423
2025-04-08 16:00:00+00:00,18251.26051954466
2025-04-08 20:00:00+00:00,18291.841913545177
2025-04-09 00:00:00+00:00,18390.754272574555
2025-04-09 04:00:00+00:00,18188.251530459183
2025-04-09 08:00:00+00:00,18295.49354002366
2025-04-09 12:00:00+00:00,18218.843449359934
2025-04-09 16:00:00+00:00,17850.86736055488
2025-04-09 20:00:00+00:00,17831.626851768768
2025-04-10 00:00:00+00:00,17887.852218135726
2025-04-10 04:00:00+00:00,17899.17849311842
2025-04-10 08:00:00+00:00,17880.163157666746
2025-04-10 12:00:00+00:00,18098.679095991763
2025-04-10 16:00:00+00:00,18039.337452073614
2025-04-10 20:00:00+00:00,18042.74521143405
2025-04-11 00:00:00+00:00,17955.674238580144
2025-04-11 04:00:00+00:00,17926.42895552546
2025-04-11 08:00:00+00:00,17923.60244998795
2025-04-11 12:00:00+00:00,17923.60244998795
2025-04-11 16:00:00+00:00,17923.60244998795
2025-04-11 20:00:00+00:00,17923.60244998795
2025-04-12 00:00:00+00:00,17923.60244998795
2025-04-12 04:00:00+00:00,17923.60244998795
2025-04-12 08:00:00+00:00,17923.60244998795
2025-04-12 12:00:00+00:00,17923.60244998795
2025-04-12 16:00:00+00:00,17923.60244998795
2025-04-12 20:00:00+00:00,17923.60244998795
2025-04-13 00:00:00+00:00,17923.60244998795
2025-04-13 04:00:00+00:00,17923.60244998795
2025-04-13 08:00:00+00:00,17928.82185805696
2025-04-13 12:00:00+00:00,17871.52963957083
2025-04-13 16:00:00+00:00,17881.98887479874
2025-04-13 20:00:00+00:00,17861.899474479385
2025-04-14 00:00:00+00:00,17931.38323510112
2025-04-14 04:00:00+00:00,17932.040031727163
2025-04-14 08:00:00+00:00,17961.47278666063
2025-04-14 12:00:00+00:00,17886.890703186786
2025-04-14 16:00:00+00:00,17957.734059872597
2025-04-14 20:00:00+00:00,17929.69709400716
2025-04-15 00:00:00+00:00,18002.011066456103
2025-04-15 04:00:00+00:00,18033.19510836843
2025-04-15 08:00:00+00:00,18019.09608459706
2025-04-15 12:00:00+00:00,17953.136257649956
2025-04-15 16:00:00+00:00,17865.571335285287
2025-04-15 20:00:00+00:00,17832.57697645345
2025-04-16 00:00:00+00:00,17836.714920166665
2025-04-16 04:00:00+00:00,17803.82696485503
2025-04-16 08:00:00+00:00,17873.040271407473
2025-04-16 12:00:00+00:00,17956.304903751996
2025-04-16 16:00:00+00:00,17902.347246701367
2025-04-16 20:00:00+00:00,17873.030549737177
2025-04-17 00:00:00+00:00,17869.114302684044
2025-04-17 04:00:00+00:00,17938.81698798946
2025-04-17 08:00:00+00:00,17928.140745653174
2025-04-17 12:00:00+00:00,17924.138612162333
2025-04-17 16:00:00+00:00,17956.27274853232
2025-04-17 20:00:00+00:00,17968.964021849602
2025-04-18 00:00:00+00:00,17954.638786706488
2025-04-18 04:00:00+00:00,17935.086966544386
2025-04-18 08:00:00+00:00,17935.004634657198
2025-04-18 12:00:00+00:00,17898.003615642232
2025-04-18 16:00:00+00:00,17922.62731954935
2025-04-18 20:00:00+00:00,17908.158509838886
2025-04-19 00:00:00+00:00,17965.460108688334
2025-04-19 04:00:00+00:00,18011.146657281683
2025-04-19 08:00:00+00:00,18010.89682092359
2025-04-19 12:00:00+00:00,18005.7883597771
2025-04-19 16:00:00+00:00,17992.026477387695
2025-04-19 20:00:00+00:00,17990.818697189177
2025-04-20 00:00:00+00:00,18001.645136498195
2025-04-20 04:00:00+00:00,17939.412452816643
2025-04-20 08:00:00+00:00,17831.790745537626
2025-04-20 12:00:00+00:00,17781.95186981833
2025-04-20 16:00:00+00:00,17731.112293237766
2025-04-20 20:00:00+00:00,17641.04855709052
2025-04-21 00:00:00+00:00,17969.629071691917
2025-04-21 04:00:00+00:00,18005.40036092503
2025-04-21 08:00:00+00:00,17931.59070884348
2025-04-21 12:00:00+00:00,18094.602008137146
2025-04-21 16:00:00+00:00,18000.937077825278
2025-04-21 20:00:00+00:00,18014.14123865454
2025-04-22 00:00:00+00:00,18104.570130830452
2025-04-22 04:00:00+00:00,18148.450350320414
2025-04-22 08:00:00+00:00,18167.635909884124
2025-04-22 12:00:00+00:00,18499.116257763624
2025-04-22 16:00:00+00:00,18562.383422783507
2025-04-22 20:00:00+00:00,18833.365320006706
2025-04-23 00:00:00+00:00,18799.055242503666
2025-04-23 04:00:00+00:00,18917.14545628623
2025-04-23 08:00:00+00:00,18834.984781370753
2025-04-23 12:00:00+00:00,18800.615381010946
2025-04-23 16:00:00+00:00,18832.71976467734
2025-04-23 20:00:00+00:00,18854.536415445957
2025-04-24 00:00:00+00:00,18740.604211191523
2025-04-24 04:00:00+00:00,18687.352845254107
2025-04-24 08:00:00+00:00,18734.02911061332
2025-04-24 12:00:00+00:00,18800.557308627227
2025-04-24 16:00:00+00:00,18842.364491325057
2025-04-24 20:00:00+00:00,18894.13171157104
2025-04-25 00:00:00+00:00,18813.614621388802
2025-04-25 04:00:00+00:00,18868.979329777747
2025-04-25 08:00:00+00:00,18972.913636518646
2025-04-25 12:00:00+00:00,19020.812992319894
2025-04-25 16:00:00+00:00,19047.579312757927
2025-04-25 20:00:00+00:00,18972.566753613606
2025-04-26 00:00:00+00:00,18984.733660290833
2025-04-26 04:00:00+00:00,18964.543989146037
2025-04-26 08:00:00+00:00,18911.62965230303
2025-04-26 12:00:00+00:00,18940.6726835709
2025-04-26 16:00:00+00:00,18931.786703961578
2025-04-26 20:00:00+00:00,18974.1209687525
2025-04-27 00:00:00+00:00,18911.982752300937
2025-04-27 04:00:00+00:00,18899.169461612633
2025-04-27 08:00:00+00:00,18877.62917287871
2025-04-27 12:00:00+00:00,18875.56259454989
2025-04-27 16:00:00+00:00,18952.05892209899
2025-04-27 20:00:00+00:00,18850.421949412692
2025-04-28 00:00:00+00:00,18865.377474606725
2025-04-28 04:00:00+00:00,18986.76215936164
2025-04-28 08:00:00+00:00,19078.9139039738
2025-04-28 12:00:00+00:00,18862.057194328987
2025-04-28 16:00:00+00:00,18993.303590662395
2025-04-28 20:00:00+00:00,19023.623722098473
2025-04-29 00:00:00+00:00,18974.013939789773
2025-04-29 04:00:00+00:00,19011.34199331642
2025-04-29 08:00:00+00:00,19039.673265338213
2025-04-29 12:00:00+00:00,18998.101704105215
2025-04-29 16:00:00+00:00,19062.725025862514
2025-04-29 20:00:00+00:00,18912.704385984733
2025-04-30 00:00:00+00:00,19021.201640137937
2025-04-30 04:00:00+00:00,18964.311685641325
2025-04-30 08:00:00+00:00,19040.585118714134
2025-04-30 12:00:00+00:00,18872.631560202368
2025-04-30 16:00:00+00:00,18836.7425435561
2025-04-30 20:00:00+00:00,18835.800972101435
2025-05-01 00:00:00+00:00,18753.98605015491
2025-05-01 04:00:00+00:00,18721.43819812836
2025-05-01 08:00:00+00:00,18563.033683517682
2025-05-01 12:00:00+00:00,18638.88323973902
2025-05-01 16:00:00+00:00,18596.058273025617
2025-05-01 20:00:00+00:00,18591.36020544
2025-05-02 00:00:00+00:00,18676.87480682808
2025-05-02 04:00:00+00:00,18574.878190514126
2025-05-02 08:00:00+00:00,18653.4678547689
2025-05-02 12:00:00+00:00,18707.460379777363
2025-05-02 16:00:00+00:00,18652.40555925409
2025-05-02 20:00:00+00:00,18648.90867635479
2025-05-03 00:00:00+00:00,18574.945783040934
2025-05-03 04:00:00+00:00,18574.6677007928
2025-05-03 08:00:00+00:00,18517.056627161503
2025-05-03 12:00:00+00:00,18584.89769269743
2025-05-03 16:00:00+00:00,18577.9572176277
2025-05-03 20:00:00+00:00,18500.069462051186
2025-05-04 00:00:00+00:00,18480.98530257954
2025-05-04 04:00:00+00:00,18506.064891972273
2025-05-04 08:00:00+00:00,18498.63881310493
2025-05-04 12:00:00+00:00,18498.63881310493
2025-05-04 16:00:00+00:00,18498.63881310493
2025-05-04 20:00:00+00:00,18498.63881310493
2025-05-05 00:00:00+00:00,18498.63881310493
2025-05-05 04:00:00+00:00,18498.63881310493
2025-05-05 08:00:00+00:00,18498.63881310493
2025-05-05 12:00:00+00:00,18498.63881310493
2025-05-05 16:00:00+00:00,18401.357788313846
2025-05-05 20:00:00+00:00,18339.495936659387
2025-05-06 00:00:00+00:00,18381.291074675108
2025-05-06 04:00:00+00:00,18391.500393455608
2025-05-06 08:00:00+00:00,18481.70975729767
2025-05-06 12:00:00+00:00,18364.75428669664
2025-05-06 16:00:00+00:00,18304.234925849563
2025-05-06 20:00:00+00:00,18019.081111439064
2025-05-07 00:00:00+00:00,17958.068553732013
2025-05-07 04:00:00+00:00,18022.31294858691
2025-05-07 08:00:00+00:00,18030.2903767712
2025-05-07 12:00:00+00:00,18014.489908668023
2025-05-07 16:00:00+00:00,17906.259279679532
2025-05-07 20:00:00+00:00,18025.892359205227
2025-05-08 00:00:00+00:00,18314.2435331829
2025-05-08 04:00:00+00:00,18328.76359116952
2025-05-08 08:00:00+00:00,18348.915835642754
2025-05-08 12:00:00+00:00,18532.04027357937
2025-05-08 16:00:00+00:00,18597.478205332798
2025-05-08 20:00:00+00:00,18848.705439021836
2025-05-09 00:00:00+00:00,18751.416562534632
2025-05-09 04:00:00+00:00,18891.712951955327
2025-05-09 08:00:00+00:00,18811.26092121851
2025-05-09 12:00:00+00:00,18804.13159416948
2025-05-09 16:00:00+00:00,18836.673648648284
2025-05-09 20:00:00+00:00,18813.41925849061
2025-05-10 00:00:00+00:00,18839.8052785038
2025-05-10 04:00:00+00:00,18904.921938653435
2025-05-10 08:00:00+00:00,18861.504506235782
2025-05-10 12:00:00+00:00,18827.904813722686
2025-05-10 16:00:00+00:00,18833.01671642349
2025-05-10 20:00:00+00:00,19042.67946896232
2025-05-11 00:00:00+00:00,18936.63975382282
2025-05-11 04:00:00+00:00,18861.13083928278
2025-05-11 08:00:00+00:00,19016.82550005793
2025-05-11 12:00:00+00:00,18952.54705701221
2025-05-11 16:00:00+00:00,18986.40529754419
2025-05-11 20:00:00+00:00,18949.818743528955
2025-05-12 00:00:00+00:00,18948.17159017243
2025-05-12 04:00:00+00:00,18991.54956696325
2025-05-12 08:00:00+00:00,18906.8380441575
2025-05-12 12:00:00+00:00,18765.614764822316
2025-05-12 16:00:00+00:00,18691.56633402259
2025-05-12 20:00:00+00:00,18788.546961870805
2025-05-13 00:00:00+00:00,18676.223765121445
2025-05-13 04:00:00+00:00,18774.913001470377
2025-05-13 08:00:00+00:00,18885.61614118964
2025-05-13 12:00:00+00:00,18879.98108270666
2025-05-13 16:00:00+00:00,18997.91534144445
2025-05-13 20:00:00+00:00,18927.01059799521
2025-05-14 00:00:00+00:00,18868.61083998538
2025-05-14 04:00:00+00:00,18880.912496286248
2025-05-14 08:00:00+00:00,18907.073195229044
2025-05-14 12:00:00+00:00,18857.247027532943
2025-05-14 16:00:00+00:00,18836.48634552034
2025-05-14 20:00:00+00:00,18856.48498746322
2025-05-15 00:00:00+00:00,18768.858964316583
2025-05-15 04:00:00+00:00,18869.19798568717
2025-05-15 08:00:00+00:00,18800.019280260698
2025-05-15 12:00:00+00:00,18697.66304100414
2025-05-15 16:00:00+00:00,18709.42174768568
2025-05-15 20:00:00+00:00,18765.12926138512
2025-05-16 00:00:00+00:00,18793.939018251327
2025-05-16 04:00:00+00:00,18756.564365322414
2025-05-16 08:00:00+00:00,18751.79905226291
2025-05-16 12:00:00+00:00,18813.837089203862
2025-05-16 16:00:00+00:00,18792.974236675473
2025-05-16 20:00:00+00:00,18725.618387593546
2025-05-17 00:00:00+00:00,18731.562487542786
2025-05-17 04:00:00+00:00,18726.905684462232
2025-05-17 08:00:00+00:00,18720.551610640043
2025-05-17 12:00:00+00:00,18720.551610640043
2025-05-17 16:00:00+00:00,18720.551610640043
2025-05-17 20:00:00+00:00,18720.551610640043
2025-05-18 00:00:00+00:00,18720.551610640043
2025-05-18 04:00:00+00:00,18720.551610640043
2025-05-18 08:00:00+00:00,18720.551610640043
2025-05-18 12:00:00+00:00,18720.551610640043
2025-05-18 16:00:00+00:00,18720.551610640043
2025-05-18 20:00:00+00:00,18720.551610640043
2025-05-19 00:00:00+00:00,18720.551610640043
2025-05-19 04:00:00+00:00,18720.551610640043
2025-05-19 08:00:00+00:00,18720.551610640043
2025-05-19 12:00:00+00:00,18720.551610640043
2025-05-19 16:00:00+00:00,18720.551610640043
2025-05-19 20:00:00+00:00,18720.551610640043
2025-05-20 00:00:00+00:00,18734.042385914352
2025-05-20 04:00:00+00:00,18655.23130064745
2025-05-20 08:00:00+00:00,18673.227322856623
2025-05-20 12:00:00+00:00,18687.73752927478
2025-05-20 16:00:00+00:00,18870.109168304727
2025-05-20 20:00:00+00:00,18851.75408069317
2025-05-21 00:00:00+00:00,18849.77827987054
2025-05-21 04:00:00+00:00,18814.74922643422
2025-05-21 08:00:00+00:00,18816.763565727673
2025-05-21 12:00:00+00:00,19081.260721759132
2025-05-21 16:00:00+00:00,19040.549652236718
2025-05-21 20:00:00+00:00,19140.30881968718
2025-05-22 00:00:00+00:00,19332.11463846648
2025-05-22 04:00:00+00:00,19266.22926070547
2025-05-22 08:00:00+00:00,19259.791954217082
2025-05-22 12:00:00+00:00,19287.2265163636
2025-05-22 16:00:00+00:00,19275.65207959046
2025-05-22 20:00:00+00:00,19324.41069656455
2025-05-23 00:00:00+00:00,19264.72126586989
2025-05-23 04:00:00+00:00,19229.944179349317
2025-05-23 08:00:00+00:00,19065.82367096671
2025-05-23 12:00:00+00:00,19052.25204327921
2025-05-23 16:00:00+00:00,19030.04943656348
2025-05-23 20:00:00+00:00,18905.138711252614
2025-05-24 00:00:00+00:00,18804.47436348267
2025-05-24 04:00:00+00:00,18871.07535115684
2025-05-24 08:00:00+00:00,18727.081262526495
2025-05-24 12:00:00+00:00,18694.16672171013
2025-05-24 16:00:00+00:00,18695.40461041728
2025-05-24 20:00:00+00:00,18581.21188068235
2025-05-25 00:00:00+00:00,18539.995439397975
2025-05-25 04:00:00+00:00,18578.237529854585
2025-05-25 08:00:00+00:00,18619.326055535093
2025-05-25 12:00:00+00:00,18647.246316188284
2025-05-25 16:00:00+00:00,18575.69667837714
2025-05-25 20:00:00+00:00,18447.297799957872
2025-05-26 00:00:00+00:00,18496.286200057508
2025-05-26 04:00:00+00:00,18540.857148820178
2025-05-26 08:00:00+00:00,18508.760459941186
2025-05-26 12:00:00+00:00,18531.54477207364
2025-05-26 16:00:00+00:00,18439.015870577598
2025-05-26 20:00:00+00:00,18470.58990660884
2025-05-27 00:00:00+00:00,18413.818441549774
2025-05-27 04:00:00+00:00,18408.202610826705
2025-05-27 08:00:00+00:00,18408.202610826705
2025-05-27 12:00:00+00:00,18408.202610826705
2025-05-27 16:00:00+00:00,18408.202610826705
2025-05-27 20:00:00+00:00,18408.202610826705
2025-05-28 00:00:00+00:00,18408.202610826705
2025-05-28 04:00:00+00:00,18408.202610826705
2025-05-28 08:00:00+00:00,18408.202610826705
2025-05-28 12:00:00+00:00,18408.202610826705
2025-05-28 16:00:00+00:00,18408.202610826705
2025-05-28 20:00:00+00:00,18408.202610826705
2025-05-29 00:00:00+00:00,18408.202610826705
2025-05-29 04:00:00+00:00,18408.202610826705
2025-05-29 08:00:00+00:00,18408.202610826705
2025-05-29 12:00:00+00:00,18408.202610826705
2025-05-29 16:00:00+00:00,18408.202610826705
2025-05-29 20:00:00+00:00,18408.202610826705
2025-05-30 00:00:00+00:00,18408.202610826705
2025-05-30 04:00:00+00:00,18503.129364552842
2025-05-30 08:00:00+00:00,18418.86883801915
2025-05-30 12:00:00+00:00,18451.619829318737
2025-05-30 16:00:00+00:00,18545.832974280987
2025-05-30 20:00:00+00:00,18611.46880262816
2025-05-31 00:00:00+00:00,18644.029804593363
2025-05-31 04:00:00+00:00,18637.793748304164
2025-05-31 08:00:00+00:00,18632.463125059454
2025-05-31 12:00:00+00:00,18632.463125059454
2025-05-31 16:00:00+00:00,18632.463125059454
2025-05-31 20:00:00+00:00,18632.463125059454
2025-06-01 00:00:00+00:00,18650.556982294802
2025-06-01 04:00:00+00:00,18662.97800595104
2025-06-01 08:00:00+00:00,18686.684320616132
2025-06-01 12:00:00+00:00,18608.539118310775
2025-06-01 16:00:00+00:00,18557.813881821465
2025-06-01 20:00:00+00:00,18494.33911440185
2025-06-02 00:00:00+00:00,18594.42775960667
2025-06-02 04:00:00+00:00,18523.597339325057
2025-06-02 08:00:00+00:00,18694.321676799827
2025-06-02 12:00:00+00:00,18645.44444215927
2025-06-02 16:00:00+00:00,18649.687625244747
2025-06-02 20:00:00+00:00,18468.83300889495
2025-06-03 00:00:00+00:00,18513.815313191444
2025-06-03 04:00:00+00:00,18551.94718309621
2025-06-03 08:00:00+00:00,18539.274711761693
2025-06-03 12:00:00+00:00,18369.036626925837
2025-06-03 16:00:00+00:00,18417.05930599388
2025-06-03 20:00:00+00:00,18521.591451410997
2025-06-04 00:00:00+00:00,18503.396302012978
2025-06-04 04:00:00+00:00,18530.65550889099
2025-06-04 08:00:00+00:00,18559.349218387386
2025-06-04 12:00:00+00:00,18531.29758029374
2025-06-04 16:00:00+00:00,18581.534532052538
2025-06-04 20:00:00+00:00,18574.64022448693
2025-06-05 00:00:00+00:00,18574.64022448693
2025-06-05 04:00:00+00:00,18574.64022448693
2025-06-05 08:00:00+00:00,18574.64022448693
2025-06-05 12:00:00+00:00,18574.64022448693
2025-06-05 16:00:00+00:00,18574.64022448693
2025-06-05 20:00:00+00:00,18574.64022448693
2025-06-06 00:00:00+00:00,18647.668295242776
2025-06-06 04:00:00+00:00,18697.909905980152
2025-06-06 08:00:00+00:00,18757.754965369448
2025-06-06 12:00:00+00:00,18849.86930210541
2025-06-06 16:00:00+00:00,18845.754610151267
2025-06-06 20:00:00+00:00,18845.754610151267
2025-06-07 00:00:00+00:00,18845.754610151267
2025-06-07 04:00:00+00:00,18845.754610151267
2025-06-07 08:00:00+00:00,18845.754610151267
2025-06-07 12:00:00+00:00,18845.754610151267
2025-06-07 16:00:00+00:00,18845.754610151267
2025-06-07 20:00:00+00:00,18845.754610151267
2025-06-08 00:00:00+00:00,18845.754610151267
2025-06-08 04:00:00+00:00,18845.754610151267
2025-06-08 08:00:00+00:00,18845.754610151267
2025-06-08 12:00:00+00:00,18845.754610151267
2025-06-08 16:00:00+00:00,18845.754610151267
2025-06-08 20:00:00+00:00,18845.754610151267
2025-06-09 00:00:00+00:00,18845.754610151267
2025-06-09 04:00:00+00:00,18845.754610151267
2025-06-09 08:00:00+00:00,18845.754610151267
2025-06-09 12:00:00+00:00,18845.754610151267
2025-06-09 16:00:00+00:00,18845.754610151267
2025-06-09 20:00:00+00:00,18845.754610151267
2025-06-10 00:00:00+00:00,18845.754610151267
2025-06-10 04:00:00+00:00,18790.948708519707
2025-06-10 08:00:00+00:00,18833.6124758741
2025-06-10 12:00:00+00:00,18760.18687031233
2025-06-10 16:00:00+00:00,18824.584893116687
2025-06-10 20:00:00+00:00,18925.767576136386
2025-06-11 00:00:00+00:00,18849.29604922285
2025-06-11 04:00:00+00:00,18813.673441346982
2025-06-11 08:00:00+00:00,18785.21615606894
2025-06-11 12:00:00+00:00,18854.548989445382
2025-06-11 16:00:00+00:00,18713.966222938623
2025-06-11 20:00:00+00:00,18702.384135283788
2025-06-12 00:00:00+00:00,18597.944323935855
2025-06-12 04:00:00+00:00,18565.65029675356
2025-06-12 08:00:00+00:00,18468.34218646878
2025-06-12 12:00:00+00:00,18440.84678905703
2025-06-12 16:00:00+00:00,18468.98112681301
2025-06-12 20:00:00+00:00,18308.661384011863
2025-06-13 00:00:00+00:00,18467.99548300882
2025-06-13 04:00:00+00:00,18397.769691414724
2025-06-13 08:00:00+00:00,18379.281894903466
2025-06-13 12:00:00+00:00,18332.429694114264
2025-06-13 16:00:00+00:00,18371.68361751714
2025-06-13 20:00:00+00:00,18260.68081618049
2025-06-14 00:00:00+00:00,18355.53512223931
2025-06-14 04:00:00+00:00,18374.340076127253
2025-06-14 08:00:00+00:00,18368.313706418234
2025-06-14 12:00:00+00:00,18368.313706418234
2025-06-14 16:00:00+00:00,18368.313706418234
2025-06-14 20:00:00+00:00,18368.313706418234
2025-06-15 00:00:00+00:00,18368.313706418234
2025-06-15 04:00:00+00:00,18368.152875736432
2025-06-15 08:00:00+00:00,18427.26532628455
2025-06-15 12:00:00+00:00,18346.45010457928
2025-06-15 16:00:00+00:00,18384.225637033458
2025-06-15 20:00:00+00:00,18345.578374174787
2025-06-16 00:00:00+00:00,18300.958220261073
2025-06-16 04:00:00+00:00,18144.785340390932
2025-06-16 08:00:00+00:00,18169.175195534848
2025-06-16 12:00:00+00:00,18162.157000393076
2025-06-16 16:00:00+00:00,18162.157000393076
2025-06-16 20:00:00+00:00,18162.157000393076
2025-06-17 00:00:00+00:00,18162.157000393076
2025-06-17 04:00:00+00:00,18056.221967498164
2025-06-17 08:00:00+00:00,17924.478376878906
2025-06-17 12:00:00+00:00,17918.275739007204
2025-06-17 16:00:00+00:00,17918.275739007204
2025-06-17 20:00:00+00:00,17918.275739007204
2025-06-18 00:00:00+00:00,17918.275739007204
2025-06-18 04:00:00+00:00,17935.61498524677
2025-06-18 08:00:00+00:00,17951.379879400698
2025-06-18 12:00:00+00:00,17956.760574220985
2025-06-18 16:00:00+00:00,18066.993007926372
2025-06-18 20:00:00+00:00,17947.51966634373
2025-06-19 00:00:00+00:00,17923.10587954007
2025-06-19 04:00:00+00:00,17975.573768047154
2025-06-19 08:00:00+00:00,17960.332973181583
2025-06-19 12:00:00+00:00,18038.850272406722
2025-06-19 16:00:00+00:00,18021.281966406998
2025-06-19 20:00:00+00:00,17971.952496319685
2025-06-20 00:00:00+00:00,17978.703220317846
2025-06-20 04:00:00+00:00,17824.799123310477
2025-06-20 08:00:00+00:00,17805.419689852304
2025-06-20 12:00:00+00:00,18024.84516958537
2025-06-20 16:00:00+00:00,18132.62694288424
2025-06-20 20:00:00+00:00,18134.412127054104
2025-06-21 00:00:00+00:00,18112.746793725546
2025-06-21 04:00:00+00:00,18116.457129644834
2025-06-21 08:00:00+00:00,18063.40153000604
2025-06-21 12:00:00+00:00,18102.872699101168
2025-06-21 16:00:00+00:00,18274.30017278099
2025-06-21 20:00:00+00:00,18290.52573685084
2025-06-22 00:00:00+00:00,18258.546328781227
2025-06-22 04:00:00+00:00,18251.330318079912
2025-06-22 08:00:00+00:00,18216.29281932137
2025-06-22 12:00:00+00:00,18694.836469370795
2025-06-22 16:00:00+00:00,18696.590395876072
2025-06-22 20:00:00+00:00,18467.017965467745
2025-06-23 00:00:00+00:00,18446.1868371814
2025-06-23 04:00:00+00:00,18366.596616437215
2025-06-23 08:00:00+00:00,18430.81924008343
2025-06-23 12:00:00+00:00,18418.05267185844
2025-06-23 16:00:00+00:00,18239.087052710347
2025-06-23 20:00:00+00:00,18035.23481764974
2025-06-24 00:00:00+00:00,18071.85521769479
2025-06-24 04:00:00+00:00,18069.808384460535
2025-06-24 08:00:00+00:00,18047.851587595946
2025-06-24 12:00:00+00:00,18043.16162941114
2025-06-24 16:00:00+00:00,18005.765267492137
2025-06-24 20:00:00+00:00,17962.77402671595
2025-06-25 00:00:00+00:00,17948.50403578031
2025-06-25 04:00:00+00:00,17911.98543014583
2025-06-25 08:00:00+00:00,17852.93467504167
2025-06-25 12:00:00+00:00,17868.47268693049
2025-06-25 16:00:00+00:00,17863.011468788216
2025-06-25 20:00:00+00:00,17863.011468788216
2025-06-26 00:00:00+00:00,17863.011468788216
2025-06-26 04:00:00+00:00,17853.113168432592
2025-06-26 08:00:00+00:00,17799.26913416322
2025-06-26 12:00:00+00:00,17797.87934970024
2025-06-26 16:00:00+00:00,17821.09811332077
2025-06-26 20:00:00+00:00,17758.83937491963
2025-06-27 00:00:00+00:00,17815.346248311944
2025-06-27 04:00:00+00:00,17747.506198514828
2025-06-27 08:00:00+00:00,17761.342047620194
2025-06-27 12:00:00+00:00,17797.797024704832
2025-06-27 16:00:00+00:00,17737.89056930299
2025-06-27 20:00:00+00:00,17768.007136933353
2025-06-28 00:00:00+00:00,17796.082537627342
2025-06-28 04:00:00+00:00,17818.439167261055
2025-06-28 08:00:00+00:00,17803.125990660265
2025-06-28 12:00:00+00:00,17814.324251594422
2025-06-28 16:00:00+00:00,17807.27688262934
2025-06-28 20:00:00+00:00,17807.27688262934
2025-06-29 00:00:00+00:00,17807.27688262934
2025-06-29 04:00:00+00:00,17807.27688262934
2025-06-29 08:00:00+00:00,17807.27688262934
2025-06-29 12:00:00+00:00,17807.27688262934
2025-06-29 16:00:00+00:00,17807.27688262934
2025-06-29 20:00:00+00:00,17807.27688262934
2025-06-30 00:00:00+00:00,17807.27688262934
2025-06-30 04:00:00+00:00,17807.27688262934
2025-06-30 08:00:00+00:00,17807.27688262934
2025-06-30 12:00:00+00:00,17807.27688262934
2025-06-30 16:00:00+00:00,17807.27688262934
2025-06-30 20:00:00+00:00,17807.27688262934
2025-07-01 00:00:00+00:00,17807.27688262934
2025-07-01 04:00:00+00:00,17807.27688262934
2025-07-01 08:00:00+00:00,17807.27688262934
2025-07-01 12:00:00+00:00,17807.27688262934
2025-07-01 16:00:00+00:00,17807.27688262934
2025-07-01 20:00:00+00:00,17807.27688262934
2025-07-02 00:00:00+00:00,17807.27688262934
2025-07-02 04:00:00+00:00,17807.27688262934
2025-07-02 08:00:00+00:00,17807.27688262934
2025-07-02 12:00:00+00:00,17807.27688262934
2025-07-02 16:00:00+00:00,17807.27688262934
2025-07-02 20:00:00+00:00,17807.27688262934
2025-07-03 00:00:00+00:00,17807.27688262934
2025-07-03 04:00:00+00:00,17807.27688262934
2025-07-03 08:00:00+00:00,17807.27688262934
2025-07-03 12:00:00+00:00,17733.340299137035
2025-07-03 16:00:00+00:00,17821.51338627036
2025-07-03 20:00:00+00:00,17794.078801784177
2025-07-04 00:00:00+00:00,17743.76228287854
2025-07-04 04:00:00+00:00,17667.41073512212
2025-07-04 08:00:00+00:00,17692.71990235789
2025-07-04 12:00:00+00:00,17500.279375425183
2025-07-04 16:00:00+00:00,17499.850492738176
2025-07-04 20:00:00+00:00,17427.513046596094
2025-07-05 00:00:00+00:00,17405.03404743413
2025-07-05 04:00:00+00:00,17418.346653790617
2025-07-05 08:00:00+00:00,17409.919626022922
2025-07-05 12:00:00+00:00,17401.83780647866
2025-07-05 16:00:00+00:00,17401.83780647866
2025-07-05 20:00:00+00:00,17401.83780647866
2025-07-06 00:00:00+00:00,17401.83780647866
2025-07-06 04:00:00+00:00,17401.83780647866
2025-07-06 08:00:00+00:00,17401.83780647866
2025-07-06 12:00:00+00:00,17401.83780647866
2025-07-06 16:00:00+00:00,17401.83780647866
2025-07-06 20:00:00+00:00,17401.83780647866
2025-07-07 00:00:00+00:00,17401.83780647866
2025-07-07 04:00:00+00:00,17401.83780647866
2025-07-07 08:00:00+00:00,17401.83780647866
2025-07-07 12:00:00+00:00,17401.83780647866
2025-07-07 16:00:00+00:00,17401.83780647866
2025-07-07 20:00:00+00:00,17401.83780647866
2025-07-08 00:00:00+00:00,17401.83780647866
2025-07-08 04:00:00+00:00,17401.83780647866
2025-07-08 08:00:00+00:00,17401.83780647866
2025-07-08 12:00:00+00:00,17401.83780647866
2025-07-08 16:00:00+00:00,17401.83780647866
2025-07-08 20:00:00+00:00,17401.83780647866
2025-07-09 00:00:00+00:00,17401.83780647866
2025-07-09 04:00:00+00:00,17401.83780647866
2025-07-09 08:00:00+00:00,17401.83780647866
2025-07-09 12:00:00+00:00,17401.83780647866
2025-07-09 16:00:00+00:00,17401.83780647866
2025-07-09 20:00:00+00:00,17401.83780647866
2025-07-10 00:00:00+00:00,17401.83780647866
2025-07-10 04:00:00+00:00,17401.83780647866
2025-07-10 08:00:00+00:00,17401.83780647866
2025-07-10 12:00:00+00:00,17449.706486028743
2025-07-10 16:00:00+00:00,17731.02948245226
2025-07-10 20:00:00+00:00,18108.2572360147
2025-07-11 00:00:00+00:00,18209.320167059475
2025-07-11 04:00:00+00:00,18289.556458820436
2025-07-11 08:00:00+00:00,18318.551257260304
2025-07-11 12:00:00+00:00,18218.58479241392
2025-07-11 16:00:00+00:00,18346.881152995455
2025-07-11 20:00:00+00:00,18283.270862083464
2025-07-12 00:00:00+00:00,18307.66605699679
2025-07-12 04:00:00+00:00,18302.921752632265
2025-07-12 08:00:00+00:00,18311.2049629566
2025-07-12 12:00:00+00:00,18227.089409600198
2025-07-12 16:00:00+00:00,18279.973259833783
2025-07-12 20:00:00+00:00,18262.86995605804
2025-07-13 00:00:00+00:00,18302.094078930935
2025-07-13 04:00:00+00:00,18332.886662985376
2025-07-13 08:00:00+00:00,18342.600261498832
2025-07-13 12:00:00+00:00,18421.86414477609
2025-07-13 16:00:00+00:00,18461.9012942346
2025-07-13 20:00:00+00:00,18477.297461057075
2025-07-14 00:00:00+00:00,18701.651457526597
2025-07-14 04:00:00+00:00,18947.72742266396
2025-07-14 08:00:00+00:00,18799.408380188805
2025-07-14 12:00:00+00:00,18614.400609577864
2025-07-14 16:00:00+00:00,18618.812445285792
2025-07-14 20:00:00+00:00,18607.649876680258
2025-07-15 00:00:00+00:00,18321.23205052377
2025-07-15 04:00:00+00:00,18277.206026192387
2025-07-15 08:00:00+00:00,18233.44136285954
2025-07-15 12:00:00+00:00,18305.878632138316
2025-07-15 16:00:00+00:00,18296.665001864916
2025-07-15 20:00:00+00:00,18421.50901617549
2025-07-16 00:00:00+00:00,18395.631971485316
2025-07-16 04:00:00+00:00,18462.866486795705
2025-07-16 08:00:00+00:00,18517.44072212781
2025-07-16 12:00:00+00:00,18546.96984359119
2025-07-16 16:00:00+00:00,18558.5531642164
2025-07-16 20:00:00+00:00,18500.323626523565
2025-07-17 00:00:00+00:00,18450.954152646114
2025-07-17 04:00:00+00:00,18470.38369506889
2025-07-17 08:00:00+00:00,18437.391900055245
2025-07-17 12:00:00+00:00,18526.04550477387
2025-07-17 16:00:00+00:00,18532.06074216384
2025-07-17 20:00:00+00:00,18554.091297484483
2025-07-18 00:00:00+00:00,18649.258972456682
2025-07-18 04:00:00+00:00,18569.92029839762
2025-07-18 08:00:00+00:00,18552.088066665998
2025-07-18 12:00:00+00:00,18426.47037110267
2025-07-18 16:00:00+00:00,18382.930546842465
2025-07-18 20:00:00+00:00,18431.935038456777
2025-07-19 00:00:00+00:00,18385.11790675745
2025-07-19 04:00:00+00:00,18358.820395319875
2025-07-19 08:00:00+00:00,18373.723771766112
2025-07-19 12:00:00+00:00,18345.58119372641
2025-07-19 16:00:00+00:00,18339.570110677247
2025-07-19 20:00:00+00:00,18333.418538304304
2025-07-20 00:00:00+00:00,18333.418538304304
2025-07-20 04:00:00+00:00,18333.418538304304
2025-07-20 08:00:00+00:00,18333.418538304304
2025-07-20 12:00:00+00:00,18333.418538304304
2025-07-20 16:00:00+00:00,18333.418538304304
2025-07-20 20:00:00+00:00,18333.418538304304
2025-07-21 00:00:00+00:00,18333.418538304304
2025-07-21 04:00:00+00:00,18333.418538304304
2025-07-21 08:00:00+00:00,18333.418538304304
2025-07-21 12:00:00+00:00,18333.418538304304
2025-07-21 16:00:00+00:00,18333.418538304304
2025-07-21 20:00:00+00:00,18333.418538304304
2025-07-22 00:00:00+00:00,18333.418538304304
2025-07-22 04:00:00+00:00,18333.418538304304
2025-07-22 08:00:00+00:00,18333.418538304304
2025-07-22 12:00:00+00:00,18333.418538304304
2025-07-22 16:00:00+00:00,18333.418538304304
2025-07-22 20:00:00+00:00,18333.418538304304
2025-07-23 00:00:00+00:00,18333.418538304304
2025-07-23 04:00:00+00:00,18333.418538304304
2025-07-23 08:00:00+00:00,18333.418538304304
2025-07-23 12:00:00+00:00,18333.418538304304
2025-07-23 16:00:00+00:00,18333.418538304304
2025-07-23 20:00:00+00:00,18333.418538304304
2025-07-24 00:00:00+00:00,18333.418538304304
2025-07-24 04:00:00+00:00,18333.418538304304
2025-07-24 08:00:00+00:00,18333.418538304304
2025-07-24 12:00:00+00:00,18333.418538304304
2025-07-24 16:00:00+00:00,18333.418538304304
2025-07-24 20:00:00+00:00,18333.418538304304
2025-07-25 00:00:00+00:00,18333.418538304304
2025-07-25 04:00:00+00:00,18333.418538304304
2025-07-25 08:00:00+00:00,18333.418538304304
2025-07-25 12:00:00+00:00,18333.418538304304
2025-07-25 16:00:00+00:00,18333.418538304304
2025-07-25 20:00:00+00:00,18333.418538304304
2025-07-26 00:00:00+00:00,18333.418538304304
2025-07-26 04:00:00+00:00,18333.418538304304
2025-07-26 08:00:00+00:00,18333.418538304304
2025-07-26 12:00:00+00:00,18333.418538304304
2025-07-26 16:00:00+00:00,18333.418538304304
2025-07-26 20:00:00+00:00,18333.418538304304
2025-07-27 00:00:00+00:00,18333.418538304304
2025-07-27 04:00:00+00:00,18333.418538304304
2025-07-27 08:00:00+00:00,18333.418538304304
2025-07-27 12:00:00+00:00,18333.418538304304
2025-07-27 16:00:00+00:00,18333.418538304304
2025-07-27 20:00:00+00:00,18333.418538304304
2025-07-28 00:00:00+00:00,18333.418538304304
2025-07-28 04:00:00+00:00,18333.418538304304
2025-07-28 08:00:00+00:00,18333.418538304304
2025-07-28 12:00:00+00:00,18333.418538304304
2025-07-28 16:00:00+00:00,18333.418538304304
2025-07-28 20:00:00+00:00,18333.418538304304
2025-07-29 00:00:00+00:00,18333.418538304304
2025-07-29 04:00:00+00:00,18333.418538304304
2025-07-29 08:00:00+00:00,18333.418538304304
2025-07-29 12:00:00+00:00,18333.418538304304
2025-07-29 16:00:00+00:00,18333.418538304304
2025-07-29 20:00:00+00:00,18333.418538304304
2025-07-30 00:00:00+00:00,18333.418538304304
2025-07-30 04:00:00+00:00,18333.418538304304
2025-07-30 08:00:00+00:00,18333.418538304304
2025-07-30 12:00:00+00:00,18333.418538304304
2025-07-30 16:00:00+00:00,18333.418538304304
2025-07-30 20:00:00+00:00,18333.418538304304
2025-07-31 00:00:00+00:00,18333.418538304304
2025-07-31 04:00:00+00:00,18333.418538304304
2025-07-31 08:00:00+00:00,18333.418538304304
2025-07-31 12:00:00+00:00,18333.418538304304
2025-07-31 16:00:00+00:00,18333.418538304304
2025-07-31 20:00:00+00:00,18333.418538304304
2025-08-01 00:00:00+00:00,18333.418538304304
2025-08-01 04:00:00+00:00,18333.418538304304
2025-08-01 08:00:00+00:00,18333.418538304304
2025-08-01 12:00:00+00:00,18333.418538304304
2025-08-01 16:00:00+00:00,18333.418538304304
2025-08-01 20:00:00+00:00,18330.951458845087
2025-08-02 00:00:00+00:00,18265.663407895885
2025-08-02 04:00:00+00:00,18258.95597760314
2025-08-02 08:00:00+00:00,18279.878346518693
2025-08-02 12:00:00+00:00,18387.05695930651
2025-08-02 16:00:00+00:00,18460.33226619987
2025-08-02 20:00:00+00:00,18421.662898513834
2025-08-03 00:00:00+00:00,18301.14295497233
2025-08-03 04:00:00+00:00,18290.20107100486
2025-08-03 08:00:00+00:00,18271.62751268672
2025-08-03 12:00:00+00:00,18260.318157694703
2025-08-03 16:00:00+00:00,18217.961583114742
2025-08-03 20:00:00+00:00,18231.12121877139
2025-08-04 00:00:00+00:00,18185.226333956063
2025-08-04 04:00:00+00:00,18174.197655262207
2025-08-04 08:00:00+00:00,18195.077034660477
2025-08-04 12:00:00+00:00,18153.184052538632
2025-08-04 16:00:00+00:00,18159.14670986385
2025-08-04 20:00:00+00:00,18123.025043215763
2025-08-05 00:00:00+00:00,18227.579751109428
2025-08-05 04:00:00+00:00,18266.325430973786
2025-08-05 08:00:00+00:00,18151.742149877653
2025-08-05 12:00:00+00:00,18406.022983595572
2025-08-05 16:00:00+00:00,18316.973674991368
2025-08-05 20:00:00+00:00,18253.762567809503
2025-08-06 00:00:00+00:00,18330.895159602736
2025-08-06 04:00:00+00:00,18238.557252245515
2025-08-06 08:00:00+00:00,18238.753947015182
2025-08-06 12:00:00+00:00,18231.374536691874
2025-08-06 16:00:00+00:00,18231.374536691874
2025-08-06 20:00:00+00:00,18231.374536691874
2025-08-07 00:00:00+00:00,18231.374536691874
2025-08-07 04:00:00+00:00,18231.374536691874
2025-08-07 08:00:00+00:00,18231.374536691874
2025-08-07 12:00:00+00:00,18231.374536691874
2025-08-07 16:00:00+00:00,18231.374536691874
2025-08-07 20:00:00+00:00,18231.374536691874
2025-08-08 00:00:00+00:00,18231.374536691874
2025-08-08 04:00:00+00:00,18231.374536691874
2025-08-08 08:00:00+00:00,18231.374536691874
2025-08-08 12:00:00+00:00,18231.374536691874
2025-08-08 16:00:00+00:00,18231.374536691874
2025-08-08 20:00:00+00:00,18231.374536691874
2025-08-09 00:00:00+00:00,18231.374536691874
2025-08-09 04:00:00+00:00,18231.374536691874
2025-08-09 08:00:00+00:00,18231.374536691874
2025-08-09 12:00:00+00:00,18231.374536691874
2025-08-09 16:00:00+00:00,18231.374536691874
2025-08-09 20:00:00+00:00,18211.496171173472
2025-08-10 00:00:00+00:00,18514.74396134467
2025-08-10 04:00:00+00:00,18413.745978601062
2025-08-10 08:00:00+00:00,18484.455200097294
2025-08-10 12:00:00+00:00,18549.748741681513
2025-08-10 16:00:00+00:00,18528.17611681555
2025-08-10 20:00:00+00:00,18618.448742457276
2025-08-11 00:00:00+00:00,18963.32506797544
2025-08-11 04:00:00+00:00,18941.16964162576
2025-08-11 08:00:00+00:00,18810.922598834786
2025-08-11 12:00:00+00:00,18776.09014596129
2025-08-11 16:00:00+00:00,18619.94763125718
2025-08-11 20:00:00+00:00,18573.146702988128
2025-08-12 00:00:00+00:00,18591.93959885111
2025-08-12 04:00:00+00:00,18606.103149865714
2025-08-12 08:00:00+00:00,18547.343240874914
2025-08-12 12:00:00+00:00,18723.76129566178
2025-08-12 16:00:00+00:00,18687.316533411264
2025-08-12 20:00:00+00:00,18746.105453501285
2025-08-13 00:00:00+00:00,18664.698168494666
2025-08-13 04:00:00+00:00,18677.581083657213
2025-08-13 08:00:00+00:00,18800.63550114321
2025-08-13 12:00:00+00:00,18845.3410081392
2025-08-13 16:00:00+00:00,19061.415513594
2025-08-13 20:00:00+00:00,19132.04302154491
2025-08-14 00:00:00+00:00,19140.07110894433
2025-08-14 04:00:00+00:00,18946.336740131195
2025-08-14 08:00:00+00:00,18856.37453410182
2025-08-14 12:00:00+00:00,18552.331553873555
2025-08-14 16:00:00+00:00,18570.373037173835
2025-08-14 20:00:00+00:00,18535.57724416312
2025-08-15 00:00:00+00:00,18468.793607024094
2025-08-15 04:00:00+00:00,18469.66899006327
2025-08-15 08:00:00+00:00,18466.191625807565
2025-08-15 12:00:00+00:00,18649.355625138604
2025-08-15 16:00:00+00:00,18682.05869059649
2025-08-15 20:00:00+00:00,18642.616845783174
2025-08-16 00:00:00+00:00,18632.42778059094
2025-08-16 04:00:00+00:00,18614.461805575043
2025-08-16 08:00:00+00:00,18638.55995836037
2025-08-16 12:00:00+00:00,18605.74015086776
2025-08-16 16:00:00+00:00,18607.307223036878
2025-08-16 20:00:00+00:00,18642.791440977326
2025-08-17 00:00:00+00:00,18606.35518366241
2025-08-17 04:00:00+00:00,18564.701880402394
2025-08-17 08:00:00+00:00,18525.259086064387
2025-08-17 12:00:00+00:00,18533.501391873266
2025-08-17 16:00:00+00:00,18624.947828400786
2025-08-17 20:00:00+00:00,18648.818428824536
2025-08-18 00:00:00+00:00,18943.6648580291
2025-08-18 04:00:00+00:00,18957.740391651474
2025-08-18 08:00:00+00:00,18950.083597082536
2025-08-18 12:00:00+00:00,18950.083597082536
2025-08-18 16:00:00+00:00,18919.82260626227
2025-08-18 20:00:00+00:00,18931.838783461848
2025-08-19 00:00:00+00:00,19125.02233117479
2025-08-19 04:00:00+00:00,19102.164876493054
2025-08-19 08:00:00+00:00,19033.867017869034
2025-08-19 12:00:00+00:00,19260.56015604057
2025-08-19 16:00:00+00:00,19342.1736250637
2025-08-19 20:00:00+00:00,19374.152327789914
2025-08-20 00:00:00+00:00,19292.77914445886
2025-08-20 04:00:00+00:00,19296.385743361618
2025-08-20 08:00:00+00:00,19271.27762122155
2025-08-20 12:00:00+00:00,19314.876694280563
2025-08-20 16:00:00+00:00,19198.320235187563
2025-08-20 20:00:00+00:00,19197.756702802006
2025-08-21 00:00:00+00:00,19237.52074950558
2025-08-21 04:00:00+00:00,19247.288492683594
2025-08-21 08:00:00+00:00,19347.057812523024
2025-08-21 12:00:00+00:00,19394.50068434885
2025-08-21 16:00:00+00:00,19475.04561185253
2025-08-21 20:00:00+00:00,19433.39487387936
2025-08-22 00:00:00+00:00,19376.261909985365
2025-08-22 04:00:00+00:00,19356.019208427668
2025-08-22 08:00:00+00:00,19462.47167257242
2025-08-22 12:00:00+00:00,18907.589470212148
2025-08-22 16:00:00+00:00,18873.6848311704
2025-08-22 20:00:00+00:00,18844.003419704197
2025-08-23 00:00:00+00:00,18998.864923506793
2025-08-23 04:00:00+00:00,18971.160955974905
2025-08-23 08:00:00+00:00,19029.951464575144
2025-08-23 12:00:00+00:00,19087.528784262595
2025-08-23 16:00:00+00:00,19049.599547762045
2025-08-23 20:00:00+00:00,19015.996304473454
2025-08-24 00:00:00+00:00,19064.06928439891
2025-08-24 04:00:00+00:00,19083.532950275083
2025-08-24 08:00:00+00:00,19105.17672075848
2025-08-24 12:00:00+00:00,19150.13441258187
2025-08-24 16:00:00+00:00,19407.63166503151
2025-08-24 20:00:00+00:00,19297.494876374858
2025-08-25 00:00:00+00:00,19366.414828435067
2025-08-25 04:00:00+00:00,19528.774811055475
2025-08-25 08:00:00+00:00,19562.653557754267
2025-08-25 12:00:00+00:00,19450.755264630694
2025-08-25 16:00:00+00:00,19619.712174649103
2025-08-25 20:00:00+00:00,19683.522912937646
2025-08-26 00:00:00+00:00,19709.673427312588
2025-08-26 04:00:00+00:00,19664.625787911547
2025-08-26 08:00:00+00:00,19708.928590273797
2025-08-26 12:00:00+00:00,19733.12724446647
2025-08-26 16:00:00+00:00,19575.524756462084
2025-08-26 20:00:00+00:00,19504.178915539007
2025-08-27 00:00:00+00:00,19540.62251444458
2025-08-27 04:00:00+00:00,19615.84202176724
2025-08-27 08:00:00+00:00,19551.728732852447
2025-08-27 12:00:00+00:00,19473.829549685506
2025-08-27 16:00:00+00:00,19466.759603581948
2025-08-27 20:00:00+00:00,19560.01193608025
2025-08-28 00:00:00+00:00,19476.37632196966
2025-08-28 04:00:00+00:00,19351.426895694556
2025-08-28 08:00:00+00:00,19374.852507485582
2025-08-28 12:00:00+00:00,19402.262716970068
2025-08-28 16:00:00+00:00,19491.09304699008
2025-08-28 20:00:00+00:00,19417.287389660778
2025-08-29 00:00:00+00:00,19410.892109954402
2025-08-29 04:00:00+00:00,19410.892109954402
2025-08-29 08:00:00+00:00,19410.892109954402
2025-08-29 12:00:00+00:00,19410.892109954402
2025-08-29 16:00:00+00:00,19410.892109954402
2025-08-29 20:00:00+00:00,19410.892109954402
2025-08-30 00:00:00+00:00,19402.036457425536
2025-08-30 04:00:00+00:00,19391.16598737385
2025-08-30 08:00:00+00:00,19372.55191665254
2025-08-30 12:00:00+00:00,19352.32092538784
2025-08-30 16:00:00+00:00,19358.033434950772
2025-08-30 20:00:00+00:00,19359.204199563894
2025-08-31 00:00:00+00:00,19305.205222415738
2025-08-31 04:00:00+00:00,19372.720201367305
2025-08-31 08:00:00+00:00,19414.205530385407
2025-08-31 12:00:00+00:00,19358.948319273684
2025-08-31 16:00:00+00:00,19343.90858993708
2025-08-31 20:00:00+00:00,19437.257113410727
2025-09-01 00:00:00+00:00,19520.0946325427
2025-09-01 04:00:00+00:00,19272.43274187179
2025-09-01 08:00:00+00:00,19361.097034980423
2025-09-01 12:00:00+00:00,19358.793193630627
2025-09-01 16:00:00+00:00,19302.701117545897
2025-09-01 20:00:00+00:00,19301.427306519527
2025-09-02 00:00:00+00:00,19165.519012241934
2025-09-02 04:00:00+00:00,19176.958960801247
2025-09-02 08:00:00+00:00,19238.608393493312
2025-09-02 12:00:00+00:00,19103.774883574155
2025-09-02 16:00:00+00:00,19109.290589820517
2025-09-02 20:00:00+00:00,19058.77584767077
2025-09-03 00:00:00+00:00,19081.306658142566
2025-09-03 04:00:00+00:00,19075.41311639432
2025-09-03 08:00:00+00:00,19034.060166500232
2025-09-03 12:00:00+00:00,18939.767585803584
2025-09-03 16:00:00+00:00,18943.44693970328
2025-09-03 20:00:00+00:00,19001.14822333749
2025-09-04 00:00:00+00:00,18994.37989459209
2025-09-04 04:00:00+00:00,18994.37989459209
2025-09-04 08:00:00+00:00,18994.37989459209
2025-09-04 12:00:00+00:00,18994.37989459209
2025-09-04 16:00:00+00:00,18994.37989459209
2025-09-04 20:00:00+00:00,18994.37989459209
2025-09-05 00:00:00+00:00,18994.37989459209
2025-09-05 04:00:00+00:00,18994.37989459209
2025-09-05 08:00:00+00:00,18994.37989459209
2025-09-05 12:00:00+00:00,18994.37989459209
2025-09-05 16:00:00+00:00,18994.37989459209
2025-09-05 20:00:00+00:00,18994.37989459209
2025-09-06 00:00:00+00:00,18994.37989459209
2025-09-06 04:00:00+00:00,18994.37989459209
2025-09-06 08:00:00+00:00,18994.37989459209
2025-09-06 12:00:00+00:00,18994.37989459209
2025-09-06 16:00:00+00:00,18994.37989459209
2025-09-06 20:00:00+00:00,18994.37989459209
2025-09-07 00:00:00+00:00,18994.37989459209
2025-09-07 04:00:00+00:00,18994.37989459209
2025-09-07 08:00:00+00:00,18994.37989459209
2025-09-07 12:00:00+00:00,18994.37989459209
2025-09-07 16:00:00+00:00,18994.37989459209
2025-09-07 20:00:00+00:00,18994.37989459209
2025-09-08 00:00:00+00:00,18994.37989459209
2025-09-08 04:00:00+00:00,18994.37989459209
2025-09-08 08:00:00+00:00,18994.37989459209
2025-09-08 12:00:00+00:00,18994.37989459209
2025-09-08 16:00:00+00:00,18994.37989459209
2025-09-08 20:00:00+00:00,18994.37989459209
2025-09-09 00:00:00+00:00,18994.37989459209
2025-09-09 04:00:00+00:00,18994.37989459209
2025-09-09 08:00:00+00:00,18994.37989459209
2025-09-09 12:00:00+00:00,18994.37989459209
2025-09-09 16:00:00+00:00,18994.37989459209
2025-09-09 20:00:00+00:00,18994.37989459209
2025-09-10 00:00:00+00:00,18994.37989459209
2025-09-10 04:00:00+00:00,18994.37989459209
2025-09-10 08:00:00+00:00,18994.37989459209
2025-09-10 12:00:00+00:00,18994.37989459209
2025-09-10 16:00:00+00:00,18994.37989459209
2025-09-10 20:00:00+00:00,18994.37989459209
2025-09-11 00:00:00+00:00,18994.37989459209
2025-09-11 04:00:00+00:00,18994.37989459209
2025-09-11 08:00:00+00:00,18994.37989459209
2025-09-11 12:00:00+00:00,18994.37989459209
2025-09-11 16:00:00+00:00,18994.37989459209
2025-09-11 20:00:00+00:00,18994.37989459209
2025-09-12 00:00:00+00:00,18941.078042334742
2025-09-12 04:00:00+00:00,18927.709949905755
2025-09-12 08:00:00+00:00,18898.901630136654
2025-09-12 12:00:00+00:00,18929.888102954603
2025-09-12 16:00:00+00:00,19162.23603570996
2025-09-12 20:00:00+00:00,19073.353760392576
2025-09-13 00:00:00+00:00,19063.76600917472
2025-09-13 04:00:00+00:00,19033.25082393016
2025-09-13 08:00:00+00:00,19063.85180346062
2025-09-13 12:00:00+00:00,19032.30134632789
2025-09-13 16:00:00+00:00,19036.50925179509
2025-09-13 20:00:00+00:00,19055.13682564755
2025-09-14 00:00:00+00:00,19011.720690160546
2025-09-14 04:00:00+00:00,19032.88082447681
2025-09-14 08:00:00+00:00,19032.380238643913
2025-09-14 12:00:00+00:00,18922.784776204877
2025-09-14 16:00:00+00:00,19002.78158414219
2025-09-14 20:00:00+00:00,18929.004445998402
2025-09-15 00:00:00+00:00,18960.501501846127
2025-09-15 04:00:00+00:00,19031.656295376557
2025-09-15 08:00:00+00:00,18893.158932134524
2025-09-15 12:00:00+00:00,18854.51401197339
2025-09-15 16:00:00+00:00,18932.824990341625
2025-09-15 20:00:00+00:00,18942.09925416695
2025-09-16 00:00:00+00:00,18932.79253671993
2025-09-16 04:00:00+00:00,19031.409094473926
2025-09-16 08:00:00+00:00,18927.416765096637
2025-09-16 12:00:00+00:00,19043.12305913218
2025-09-16 16:00:00+00:00,19193.39625004328
2025-09-16 20:00:00+00:00,19191.390607957983
2025-09-17 00:00:00+00:00,19115.304967312328
2025-09-17 04:00:00+00:00,19254.616355995597
2025-09-17 08:00:00+00:00,19094.668103013657
2025-09-17 12:00:00+00:00,19031.09244916283
2025-09-17 16:00:00+00:00,19052.196024053377
2025-09-17 20:00:00+00:00,18922.921422268242
2025-09-18 00:00:00+00:00,18753.627509112812
2025-09-18 04:00:00+00:00,18665.7955944327
2025-09-18 08:00:00+00:00,18661.64701668342
2025-09-18 12:00:00+00:00,18736.941572248536
2025-09-18 16:00:00+00:00,18717.327183889156
2025-09-18 20:00:00+00:00,18659.651334126193
2025-09-19 00:00:00+00:00,18650.91793211666
2025-09-19 04:00:00+00:00,18650.91793211666
2025-09-19 08:00:00+00:00,18650.91793211666
2025-09-19 12:00:00+00:00,18650.91793211666
2025-09-19 16:00:00+00:00,18650.91793211666
2025-09-19 20:00:00+00:00,18650.91793211666
2025-09-20 00:00:00+00:00,18650.91793211666
2025-09-20 04:00:00+00:00,18650.91793211666
2025-09-20 08:00:00+00:00,18650.91793211666
2025-09-20 12:00:00+00:00,18650.91793211666
2025-09-20 16:00:00+00:00,18650.91793211666
2025-09-20 20:00:00+00:00,18650.91793211666
2025-09-21 00:00:00+00:00,18650.91793211666
2025-09-21 04:00:00+00:00,18650.91793211666
2025-09-21 08:00:00+00:00,18650.91793211666
2025-09-21 12:00:00+00:00,18650.91793211666
2025-09-21 16:00:00+00:00,18650.91793211666
2025-09-21 20:00:00+00:00,18650.91793211666
2025-09-22 00:00:00+00:00,18650.91793211666
2025-09-22 04:00:00+00:00,18650.91793211666
2025-09-22 08:00:00+00:00,18579.86159328207
2025-09-22 12:00:00+00:00,18587.596887356478
2025-09-22 16:00:00+00:00,18705.52881853683
2025-09-22 20:00:00+00:00,18616.057971589005
2025-09-23 00:00:00+00:00,18606.69031877126
2025-09-23 04:00:00+00:00,18606.69031877126
2025-09-23 08:00:00+00:00,18616.21245924277
2025-09-23 12:00:00+00:00,18633.559030886663
2025-09-23 16:00:00+00:00,18828.609395759424
2025-09-23 20:00:00+00:00,18776.009472656726
2025-09-24 00:00:00+00:00,18825.041796010675
2025-09-24 04:00:00+00:00,18682.564820404397
2025-09-24 08:00:00+00:00,18618.224599280467
2025-09-24 12:00:00+00:00,18570.556013967853
2025-09-24 16:00:00+00:00,18560.704118048376
2025-09-24 20:00:00+00:00,18578.176355072188
2025-09-25 00:00:00+00:00,18695.603198014924
2025-09-25 04:00:00+00:00,18812.603462902167
2025-09-25 08:00:00+00:00,18871.457159602665
2025-09-25 12:00:00+00:00,18838.10687628894
2025-09-25 16:00:00+00:00,19168.04432131123
2025-09-25 20:00:00+00:00,19219.40391411737
2025-09-26 00:00:00+00:00,19137.39587657327
2025-09-26 04:00:00+00:00,19175.56834708301
2025-09-26 08:00:00+00:00,19200.3179000476
2025-09-26 12:00:00+00:00,19215.08815561737
2025-09-26 16:00:00+00:00,19196.884796123657
2025-09-26 20:00:00+00:00,19132.325170685206
2025-09-27 00:00:00+00:00,19143.895019188323
2025-09-27 04:00:00+00:00,19164.996348698274
2025-09-27 08:00:00+00:00,19178.45986870657
2025-09-27 12:00:00+00:00,19166.850791102737
2025-09-27 16:00:00+00:00,19163.398767962037
2025-09-27 20:00:00+00:00,19129.039057703194
2025-09-28 00:00:00+00:00,19159.650676144905
2025-09-28 04:00:00+00:00,19147.17227047654
2025-09-28 08:00:00+00:00,19174.28740400261
2025-09-28 12:00:00+00:00,19051.09223408958
2025-09-28 16:00:00+00:00,18999.21899119722
2025-09-28 20:00:00+00:00,18657.953300869744
2025-09-29 00:00:00+00:00,18708.431674461575
2025-09-29 04:00:00+00:00,18708.95372289711
2025-09-29 08:00:00+00:00,18667.60659780791
2025-09-29 12:00:00+00:00,18367.61802262223
2025-09-29 16:00:00+00:00,18295.33228086384
2025-09-29 20:00:00+00:00,18287.131650583193
2025-09-30 00:00:00+00:00,18276.960024016393
2025-09-30 04:00:00+00:00,18383.125350853465
2025-09-30 08:00:00+00:00,18491.304835150302
2025-09-30 12:00:00+00:00,18482.78362788243
2025-09-30 16:00:00+00:00,18280.723178162076
2025-09-30 20:00:00+00:00,18328.890738944337
2025-10-01 00:00:00+00:00,18307.175060729456
2025-10-01 04:00:00+00:00,18254.083112599576
2025-10-01 08:00:00+00:00,18245.350224514394
2025-10-01 12:00:00+00:00,18327.350039591744
2025-10-01 16:00:00+00:00,18326.65607513117
2025-10-01 20:00:00+00:00,18488.57276496091
2025-10-02 00:00:00+00:00,18506.744531404536
2025-10-02 04:00:00+00:00,18472.652094921672
2025-10-02 08:00:00+00:00,18508.113264945467
2025-10-02 12:00:00+00:00,18670.300066310232
2025-10-02 16:00:00+00:00,18794.788669591544
2025-10-02 20:00:00+00:00,18753.291974791795
2025-10-03 00:00:00+00:00,18711.51214357394
2025-10-03 04:00:00+00:00,18633.853628973327
2025-10-03 08:00:00+00:00,18727.47009132253
2025-10-03 12:00:00+00:00,18993.103598457506
2025-10-03 16:00:00+00:00,19039.097853407806
2025-10-03 20:00:00+00:00,18986.513021199615
2025-10-04 00:00:00+00:00,18986.68693228377
2025-10-04 04:00:00+00:00,18995.916037232662
2025-10-04 08:00:00+00:00,18949.16122763859
2025-10-04 12:00:00+00:00,18925.175365090294
2025-10-04 16:00:00+00:00,18947.045540103405
2025-10-04 20:00:00+00:00,19005.17986030127
2025-10-05 00:00:00+00:00,19200.135431660616
2025-10-05 04:00:00+00:00,19328.05605317605
2025-10-05 08:00:00+00:00,19161.99478993671
2025-10-05 12:00:00+00:00,19081.929424690137
2025-10-05 16:00:00+00:00,19055.710648742017
2025-10-05 20:00:00+00:00,19161.974780633114
2025-10-06 00:00:00+00:00,19205.664789968883
2025-10-06 04:00:00+00:00,19149.33057635262
2025-10-06 08:00:00+00:00,19249.944910894563
2025-10-06 12:00:00+00:00,19347.115205438662
2025-10-06 16:00:00+00:00,19397.167636938837
2025-10-06 20:00:00+00:00,19307.6386617063
2025-10-07 00:00:00+00:00,19262.979720114206
2025-10-07 04:00:00+00:00,19182.522063111912
2025-10-07 08:00:00+00:00,19276.12817895672
2025-10-07 12:00:00+00:00,18953.513631111895
2025-10-07 16:00:00+00:00,18930.62773776017
2025-10-07 20:00:00+00:00,18950.45380518862
2025-10-08 00:00:00+00:00,18945.672753869832
2025-10-08 04:00:00+00:00,18921.784822803507
2025-10-08 08:00:00+00:00,18781.085748524885
2025-10-08 12:00:00+00:00,18693.2155015571
2025-10-08 16:00:00+00:00,18824.614956621965
2025-10-08 20:00:00+00:00,18809.468041227217
2025-10-09 00:00:00+00:00,18677.25612431771
2025-10-09 04:00:00+00:00,18662.61845302216
2025-10-09 08:00:00+00:00,18749.059813990007
2025-10-09 12:00:00+00:00,18903.08047369803
2025-10-09 16:00:00+00:00,18872.44327189307
2025-10-09 20:00:00+00:00,18794.22357712999
2025-10-10 00:00:00+00:00,18855.267546628213
2025-10-10 04:00:00+00:00,18862.72257750298
2025-10-10 08:00:00+00:00,18800.85486515996
2025-10-10 12:00:00+00:00,18794.67842365462
2025-10-10 16:00:00+00:00,18794.67842365462
2025-10-10 20:00:00+00:00,18794.67842365462
2025-10-11 00:00:00+00:00,18819.691662049678
2025-10-11 04:00:00+00:00,18937.733419981578
2025-10-11 08:00:00+00:00,18823.354632705265
2025-10-11 12:00:00+00:00,18820.012320452402
2025-10-11 16:00:00+00:00,18820.012320452402
2025-10-11 20:00:00+00:00,18851.57948796247
2025-10-12 00:00:00+00:00,18847.18782026429
2025-10-12 04:00:00+00:00,18793.665918605093
2025-10-12 08:00:00+00:00,18772.710905443866
2025-10-12 12:00:00+00:00,18682.292457353426
2025-10-12 16:00:00+00:00,18603.67496199967
2025-10-12 20:00:00+00:00,18562.922558523533
2025-10-13 00:00:00+00:00,18570.742946453724
2025-10-13 04:00:00+00:00,18531.433062526776
2025-10-13 08:00:00+00:00,18616.952873977
2025-10-13 12:00:00+00:00,18607.583406369664
2025-10-13 16:00:00+00:00,18502.648102956096
2025-10-13 20:00:00+00:00,18546.53944155224
2025-10-14 00:00:00+00:00,18669.247280209496
2025-10-14 04:00:00+00:00,18799.966417619024
2025-10-14 08:00:00+00:00,18830.950500440522
2025-10-14 12:00:00+00:00,18715.503766449954
2025-10-14 16:00:00+00:00,18734.765487987803
2025-10-14 20:00:00+00:00,18703.62417431579
2025-10-15 00:00:00+00:00,18775.205578543213
2025-10-15 04:00:00+00:00,18735.76297944364
2025-10-15 08:00:00+00:00,18786.532209844132
2025-10-15 12:00:00+00:00,18866.953580499958
2025-10-15 16:00:00+00:00,18833.71384760743
2025-10-15 20:00:00+00:00,18871.65365985849
2025-10-16 00:00:00+00:00,18826.657798920354
2025-10-16 04:00:00+00:00,18885.601993093256
2025-10-16 08:00:00+00:00,18818.346780283387
2025-10-16 12:00:00+00:00,19043.416348834275
2025-10-16 16:00:00+00:00,19067.007669389073
2025-10-16 20:00:00+00:00,19068.649362297092
2025-10-17 00:00:00+00:00,18992.15373937895
2025-10-17 04:00:00+00:00,19267.7119143122
2025-10-17 08:00:00+00:00,19264.90029069571
2025-10-17 12:00:00+00:00,19182.042395599336
2025-10-17 16:00:00+00:00,19205.935605745508
2025-10-17 20:00:00+00:00,19208.646747468156
2025-10-18 00:00:00+00:00,19160.06718863604
2025-10-18 04:00:00+00:00,19188.61403932382
2025-10-18 08:00:00+00:00,19148.855443288598
2025-10-18 12:00:00+00:00,19169.41033226334
2025-10-18 16:00:00+00:00,19158.13705724246
2025-10-18 20:00:00+00:00,19149.86842646929
2025-10-19 00:00:00+00:00,19140.27731926571
2025-10-19 04:00:00+00:00,19184.884008295157
2025-10-19 08:00:00+00:00,19090.879955421533
2025-10-19 12:00:00+00:00,19026.584767974095
2025-10-19 16:00:00+00:00,18987.903042090948
2025-10-19 20:00:00+00:00,19012.426379872162
2025-10-20 00:00:00+00:00,18868.171063847207
2025-10-20 04:00:00+00:00,18775.924827425708
2025-10-20 08:00:00+00:00,18789.835889936894
2025-10-20 12:00:00+00:00,18779.791614583773
2025-10-20 16:00:00+00:00,18811.447589901007
2025-10-20 20:00:00+00:00,18835.986213090804
2025-10-21 00:00:00+00:00,18974.110823078663
2025-10-21 04:00:00+00:00,19068.078551557435
2025-10-21 08:00:00+00:00,19020.517355466534
2025-10-21 12:00:00+00:00,18557.13829506486
2025-10-21 16:00:00+00:00,18689.848569944446
2025-10-21 20:00:00+00:00,18966.607534393348
2025-10-22 00:00:00+00:00,18971.984683797273
2025-10-22 04:00:00+00:00,18963.208026254655
2025-10-22 08:00:00+00:00,19026.299811991365
2025-10-22 12:00:00+00:00,18956.50782701311
2025-10-22 16:00:00+00:00,19000.2563709371
2025-10-22 20:00:00+00:00,19024.32913529599
2025-10-23 00:00:00+00:00,18960.314386445905
2025-10-23 04:00:00+00:00,18884.99688411682
2025-10-23 08:00:00+00:00,18886.06316347696
2025-10-23 12:00:00+00:00,18881.585109837524
2025-10-23 16:00:00+00:00,18881.585109837524
2025-10-23 20:00:00+00:00,18881.585109837524
2025-10-24 00:00:00+00:00,18881.585109837524
2025-10-24 04:00:00+00:00,18881.585109837524
2025-10-24 08:00:00+00:00,18881.585109837524
2025-10-24 12:00:00+00:00,18881.585109837524
2025-10-24 16:00:00+00:00,18881.585109837524
2025-10-24 20:00:00+00:00,18881.585109837524
2025-10-25 00:00:00+00:00,18881.585109837524
2025-10-25 04:00:00+00:00,18881.585109837524
2025-10-25 08:00:00+00:00,18881.585109837524
2025-10-25 12:00:00+00:00,18881.585109837524
2025-10-25 16:00:00+00:00,18881.585109837524
2025-10-25 20:00:00+00:00,18881.585109837524
2025-10-26 00:00:00+00:00,18881.585109837524
2025-10-26 04:00:00+00:00,18881.585109837524
2025-10-26 08:00:00+00:00,18881.585109837524
2025-10-26 12:00:00+00:00,18881.585109837524
2025-10-26 16:00:00+00:00,18881.585109837524
2025-10-26 20:00:00+00:00,18881.585109837524
2025-10-27 00:00:00+00:00,18881.585109837524
2025-10-27 04:00:00+00:00,18881.585109837524
2025-10-27 08:00:00+00:00,18849.000729999745
2025-10-27 12:00:00+00:00,18804.48483751612
2025-10-27 16:00:00+00:00,18801.209675079554
2025-10-27 20:00:00+00:00,18704.468858251344
2025-10-28 00:00:00+00:00,18680.364152502418
2025-10-28 04:00:00+00:00,18711.312822544453
2025-10-28 08:00:00+00:00,18729.38263761325
2025-10-28 12:00:00+00:00,18763.494531983837
2025-10-28 16:00:00+00:00,18651.71432390558
2025-10-28 20:00:00+00:00,18561.478859017938
2025-10-29 00:00:00+00:00,18519.78367713797
2025-10-29 04:00:00+00:00,18638.16739961898
2025-10-29 08:00:00+00:00,18588.89127050574
2025-10-29 12:00:00+00:00,18401.888961585966
2025-10-29 16:00:00+00:00,18483.251919737442
2025-10-29 20:00:00+00:00,18546.576634007863
2025-10-30 00:00:00+00:00,18475.268049159713
2025-10-30 04:00:00+00:00,18413.02823410908
2025-10-30 08:00:00+00:00,18564.824018701558
2025-10-30 12:00:00+00:00,18559.651618197087
2025-10-30 16:00:00+00:00,18559.651618197087
2025-10-30 20:00:00+00:00,18399.403463745937
2025-10-31 00:00:00+00:00,18320.097278893278
2025-10-31 04:00:00+00:00,18301.883123655483
2025-10-31 08:00:00+00:00,18218.576903693927
2025-10-31 12:00:00+00:00,18237.159061568524
2025-10-31 16:00:00+00:00,18268.657381272726
2025-10-31 20:00:00+00:00,18289.649017850366
2025-11-01 00:00:00+00:00,18233.94592283139
2025-11-01 04:00:00+00:00,18249.08550411008
2025-11-01 08:00:00+00:00,18243.392032813055
2025-11-01 12:00:00+00:00,18228.10369669885
2025-11-01 16:00:00+00:00,18229.42798311362
2025-11-01 20:00:00+00:00,18249.918855314947
2025-11-02 00:00:00+00:00,18254.811292872535
2025-11-02 04:00:00+00:00,18163.479833754187
2025-11-02 08:00:00+00:00,18131.35889163875
2025-11-02 12:00:00+00:00,18250.96724117441
2025-11-02 16:00:00+00:00,18245.00142449852
2025-11-02 20:00:00+00:00,18202.486283027225
2025-11-03 00:00:00+00:00,18196.19220379913
2025-11-03 04:00:00+00:00,18196.19220379913
2025-11-03 08:00:00+00:00,18196.19220379913
2025-11-03 12:00:00+00:00,18196.19220379913
2025-11-03 16:00:00+00:00,18196.19220379913
2025-11-03 20:00:00+00:00,18238.484499038383
2025-11-04 00:00:00+00:00,18185.77546964192
2025-11-04 04:00:00+00:00,18442.364695848602
2025-11-04 08:00:00+00:00,18434.387821536515
2025-11-04 12:00:00+00:00,18562.80264619814
2025-11-04 16:00:00+00:00,18809.232141860313
2025-11-04 20:00:00+00:00,18725.672290995466
2025-11-05 00:00:00+00:00,18671.920708505437
2025-11-05 04:00:00+00:00,18683.631063164383
2025-11-05 08:00:00+00:00,18677.762222111523
2025-11-05 12:00:00+00:00,18539.86905841061
2025-11-05 16:00:00+00:00,18516.845241341158
2025-11-05 20:00:00+00:00,18526.16140921312
2025-11-06 00:00:00+00:00,18546.464335399174
2025-11-06 04:00:00+00:00,18585.482838406962
2025-11-06 08:00:00+00:00,18582.38820115874
2025-11-06 12:00:00+00:00,18688.07942097719
2025-11-06 16:00:00+00:00,18744.793511275635
2025-11-06 20:00:00+00:00,18747.305485614914
2025-11-07 00:00:00+00:00,18698.748548545325
2025-11-07 04:00:00+00:00,18688.648547380446
2025-11-07 08:00:00+00:00,18832.460245441976
2025-11-07 12:00:00+00:00,18798.117195797517
2025-11-07 16:00:00+00:00,18574.480927225497
2025-11-07 20:00:00+00:00,18578.115777566883
2025-11-08 00:00:00+00:00,18642.215748352257
2025-11-08 04:00:00+00:00,18663.01020271958
2025-11-08 08:00:00+00:00,18706.885311501486
2025-11-08 12:00:00+00:00,18718.268711511875
2025-11-08 16:00:00+00:00,18694.880573129587
2025-11-08 20:00:00+00:00,18663.06248686135
2025-11-09 00:00:00+00:00,18725.75122709836
2025-11-09 04:00:00+00:00,18698.355463558135
2025-11-09 08:00:00+00:00,18667.85127913194
2025-11-09 12:00:00+00:00,18509.2124713359
2025-11-09 16:00:00+00:00,18404.808229605653
2025-11-09 20:00:00+00:00,18414.07411240555
2025-11-10 00:00:00+00:00,18283.92381445565
2025-11-10 04:00:00+00:00,18243.257334649
2025-11-10 08:00:00+00:00,18271.18859247402
2025-11-10 12:00:00+00:00,18381.334242312456
2025-11-10 16:00:00+00:00,18309.28277959428
2025-11-10 20:00:00+00:00,18289.749055044646
2025-11-11 00:00:00+00:00,18246.30187775464
2025-11-11 04:00:00+00:00,18407.15709381123
2025-11-11 08:00:00+00:00,18356.94705967406
2025-11-11 12:00:00+00:00,18536.966018902152
2025-11-11 16:00:00+00:00,18570.197191251096
2025-11-11 20:00:00+00:00,18576.748053273008
2025-11-12 00:00:00+00:00,18550.74601879788
2025-11-12 04:00:00+00:00,18571.09649888202
2025-11-12 08:00:00+00:00,18370.259065176677
2025-11-12 12:00:00+00:00,18658.183138000222
2025-11-12 16:00:00+00:00,18652.805560784116
2025-11-12 20:00:00+00:00,18652.805560784116
2025-11-13 00:00:00+00:00,18652.805560784116
2025-11-13 04:00:00+00:00,18652.805560784116
2025-11-13 08:00:00+00:00,18652.805560784116
2025-11-13 12:00:00+00:00,18652.805560784116
2025-11-13 16:00:00+00:00,18652.805560784116
2025-11-13 20:00:00+00:00,18652.805560784116
2025-11-14 00:00:00+00:00,18652.805560784116
2025-11-14 04:00:00+00:00,18652.805560784116
2025-11-14 08:00:00+00:00,18652.805560784116
2025-11-14 12:00:00+00:00,18652.805560784116
2025-11-14 16:00:00+00:00,18728.799210573932
2025-11-14 20:00:00+00:00,18819.790262361556
2025-11-15 00:00:00+00:00,18679.21662805826
2025-11-15 04:00:00+00:00,18686.630833561656
2025-11-15 08:00:00+00:00,18736.34680722178
2025-11-15 12:00:00+00:00,18690.923432962656
2025-11-15 16:00:00+00:00,18712.14539009456
2025-11-15 20:00:00+00:00,18746.52853026279
2025-11-16 00:00:00+00:00,18727.854771901002
2025-11-16 04:00:00+00:00,18702.90495496691
2025-11-16 08:00:00+00:00,18746.905511259825
2025-11-16 12:00:00+00:00,18844.23442709219
2025-11-16 16:00:00+00:00,18894.43333309202
2025-11-16 20:00:00+00:00,18873.529472697486
2025-11-17 00:00:00+00:00,18760.71881187562
2025-11-17 04:00:00+00:00,18750.321428625524
2025-11-17 08:00:00+00:00,18756.343779632152
2025-11-17 12:00:00+00:00,18907.635162528888
2025-11-17 16:00:00+00:00,19114.711481916787
2025-11-17 20:00:00+00:00,19068.857033708762
2025-11-18 00:00:00+00:00,19191.691042387065
2025-11-18 04:00:00+00:00,19222.36696016138
2025-11-18 08:00:00+00:00,19134.708557267182
2025-11-18 12:00:00+00:00,19013.08267322784
2025-11-18 16:00:00+00:00,18988.190596021348
2025-11-18 20:00:00+00:00,19007.866563307678
2025-11-19 00:00:00+00:00,19104.18296273807
2025-11-19 04:00:00+00:00,19105.57562868809
2025-11-19 08:00:00+00:00,19146.372503322767
2025-11-19 12:00:00+00:00,19280.62830682999
2025-11-19 16:00:00+00:00,19373.830147097087
2025-11-19 20:00:00+00:00,19136.024446582043
2025-11-20 00:00:00+00:00,19060.204645424852
2025-11-20 04:00:00+00:00,19071.7925349555
2025-11-20 08:00:00+00:00,19104.527063854668
2025-11-20 12:00:00+00:00,19283.937596297717
2025-11-20 16:00:00+00:00,19536.513280614563
2025-11-20 20:00:00+00:00,19558.848278750498
2025-11-21 00:00:00+00:00,19625.545617999454
2025-11-21 04:00:00+00:00,19768.53575284327
2025-11-21 08:00:00+00:00,19896.744562327563
2025-11-21 12:00:00+00:00,19851.041001349306
2025-11-21 16:00:00+00:00,19765.26029200529
2025-11-21 20:00:00+00:00,19704.054136084065
2025-11-22 00:00:00+00:00,19749.101610710535
2025-11-22 04:00:00+00:00,19740.733026800255
2025-11-22 08:00:00+00:00,19773.808656762627
2025-11-22 12:00:00+00:00,19761.351803740286
2025-11-22 16:00:00+00:00,19737.732067848683
2025-11-22 20:00:00+00:00,19728.371642837235
2025-11-23 00:00:00+00:00,19607.348451516344
2025-11-23 04:00:00+00:00,19648.06140870105
2025-11-23 08:00:00+00:00,19604.426312434116
2025-11-23 12:00:00+00:00,19543.745147636073
2025-11-23 16:00:00+00:00,19524.374460316536
2025-11-23 20:00:00+00:00,19563.39999328517
2025-11-24 00:00:00+00:00,19512.66642860919
2025-11-24 04:00:00+00:00,19546.276305050884
2025-11-24 08:00:00+00:00,19611.2536369187
2025-11-24 12:00:00+00:00,19582.328994510164
2025-11-24 16:00:00+00:00,19436.10485168359
2025-11-24 20:00:00+00:00,19438.59954879399
2025-11-25 00:00:00+00:00,19478.66027477362
2025-11-25 04:00:00+00:00,19515.013361096877
2025-11-25 08:00:00+00:00,19519.6409910149
2025-11-25 12:00:00+00:00,19552.964579396954
2025-11-25 16:00:00+00:00,19562.885356077524
2025-11-25 20:00:00+00:00,19518.653541645206
2025-11-26 00:00:00+00:00,19540.343137598506
2025-11-26 04:00:00+00:00,19465.76980515363
2025-11-26 08:00:00+00:00,19545.188054702394
2025-11-26 12:00:00+00:00,19556.82012682385
2025-11-26 16:00:00+00:00,19271.62927131738
2025-11-26 20:00:00+00:00,19226.084137599963
2025-11-27 00:00:00+00:00,19171.248801799073
2025-11-27 04:00:00+00:00,19143.647919054918
2025-11-27 08:00:00+00:00,19146.131807422687
2025-11-27 12:00:00+00:00,19185.425088755015
2025-11-27 16:00:00+00:00,19130.92841263656
2025-11-27 20:00:00+00:00,19149.82800497188
2025-11-28 00:00:00+00:00,19162.26154168282
2025-11-28 04:00:00+00:00,19192.643402551384
2025-11-28 08:00:00+00:00,19139.552952723458
2025-11-28 12:00:00+00:00,19043.076389136913
2025-11-28 16:00:00+00:00,19165.943158510087
2025-11-28 20:00:00+00:00,19191.80447929576
2025-11-29 00:00:00+00:00,19213.34460344972
2025-11-29 04:00:00+00:00,19225.51450864319
2025-11-29 08:00:00+00:00,19213.391797925422
2025-11-29 12:00:00+00:00,19167.801992859066
2025-11-29 16:00:00+00:00,19218.065905060805
2025-11-29 20:00:00+00:00,19198.823072231582
2025-11-30 00:00:00+00:00,19186.259581193674
2025-11-30 04:00:00+00:00,19180.759521581756
2025-11-30 08:00:00+00:00,19180.759521581756
2025-11-30 12:00:00+00:00,19180.759521581756
2025-11-30 16:00:00+00:00,19180.759521581756
2025-11-30 20:00:00+00:00,19180.759521581756
2025-12-01 00:00:00+00:00,19180.759521581756
2025-12-01 04:00:00+00:00,19190.162887853498
2025-12-01 08:00:00+00:00,19160.46398456998
2025-12-01 12:00:00+00:00,19048.421181482277
2025-12-01 16:00:00+00:00,19003.524055964244
2025-12-01 20:00:00+00:00,18866.02847152444
2025-12-02 00:00:00+00:00,18792.055172846787
2025-12-02 04:00:00+00:00,18788.92220993362
2025-12-02 08:00:00+00:00,18749.293560315116
2025-12-02 12:00:00+00:00,18368.405556955826
2025-12-02 16:00:00+00:00,18268.346597434458
2025-12-02 20:00:00+00:00,18324.412603579072
2025-12-03 00:00:00+00:00,18198.109229324436
2025-12-03 04:00:00+00:00,18163.27383309128
2025-12-03 08:00:00+00:00,18164.713858304935
2025-12-03 12:00:00+00:00,18223.35405656729
2025-12-03 16:00:00+00:00,18161.843690981328
2025-12-03 20:00:00+00:00,18127.032519903943
2025-12-04 00:00:00+00:00,18115.70108971437
2025-12-04 04:00:00+00:00,18128.631367297083
2025-12-04 08:00:00+00:00,18124.34502325301
2025-12-04 12:00:00+00:00,18124.34502325301
2025-12-04 16:00:00+00:00,18124.34502325301
2025-12-04 20:00:00+00:00,18124.34502325301
2025-12-05 00:00:00+00:00,18124.34502325301
2025-12-05 04:00:00+00:00,18108.15099651835
2025-12-05 08:00:00+00:00,18103.732202378716
2025-12-05 12:00:00+00:00,18103.732202378716
2025-12-05 16:00:00+00:00,18103.732202378716
2025-12-05 20:00:00+00:00,18103.732202378716
2025-12-06 00:00:00+00:00,18103.732202378716
2025-12-06 04:00:00+00:00,18103.732202378716
2025-12-06 08:00:00+00:00,18095.66495802011
2025-12-06 12:00:00+00:00,18082.014781551876
2025-12-06 16:00:00+00:00,18118.65916851649
2025-12-06 20:00:00+00:00,18137.493516256076
2025-12-07 00:00:00+00:00,18084.079642164063
2025-12-07 04:00:00+00:00,18122.842501474483
2025-12-07 08:00:00+00:00,18149.812300781763
2025-12-07 12:00:00+00:00,18101.45627290729
2025-12-07 16:00:00+00:00,17882.784378304837
2025-12-07 20:00:00+00:00,17994.705964935565
2025-12-08 00:00:00+00:00,17922.559615599905
2025-12-08 04:00:00+00:00,17874.018576664046
2025-12-08 08:00:00+00:00,17833.216345766326
2025-12-08 12:00:00+00:00,18042.249391727975
2025-12-08 16:00:00+00:00,18026.085138988976
2025-12-08 20:00:00+00:00,17971.155421131134
2025-12-09 00:00:00+00:00,17996.366368218307
2025-12-09 04:00:00+00:00,17987.461981182296
2025-12-09 08:00:00+00:00,17999.246962409634
2025-12-09 12:00:00+00:00,17750.789048582417
2025-12-09 16:00:00+00:00,17644.259494819504
2025-12-09 20:00:00+00:00,17639.72339158313
2025-12-10 00:00:00+00:00,17639.72339158313
2025-12-10 04:00:00+00:00,17639.72339158313
2025-12-10 08:00:00+00:00,17568.67541031577
2025-12-10 12:00:00+00:00,17562.285435931706
2025-12-10 16:00:00+00:00,17652.48052556341
2025-12-10 20:00:00+00:00,17558.060720261023
2025-12-11 00:00:00+00:00,17352.748543238402
2025-12-11 04:00:00+00:00,17308.544691732648
2025-12-11 08:00:00+00:00,17304.51346542852
2025-12-11 12:00:00+00:00,17304.51346542852
2025-12-11 16:00:00+00:00,17304.51346542852
2025-12-11 20:00:00+00:00,17304.51346542852
2025-12-12 00:00:00+00:00,17304.51346542852
2025-12-12 04:00:00+00:00,17304.51346542852
2025-12-12 08:00:00+00:00,17304.51346542852
2025-12-12 12:00:00+00:00,17304.51346542852
2025-12-12 16:00:00+00:00,17304.51346542852
2025-12-12 20:00:00+00:00,17304.51346542852
2025-12-13 00:00:00+00:00,17304.51346542852
2025-12-13 04:00:00+00:00,17304.51346542852
2025-12-13 08:00:00+00:00,17304.51346542852
2025-12-13 12:00:00+00:00,17304.51346542852
2025-12-13 16:00:00+00:00,17304.51346542852
2025-12-13 20:00:00+00:00,17304.51346542852
2025-12-14 00:00:00+00:00,17304.51346542852
2025-12-14 04:00:00+00:00,17304.51346542852
2025-12-14 08:00:00+00:00,17304.51346542852
2025-12-14 12:00:00+00:00,17304.51346542852
2025-12-14 16:00:00+00:00,17304.51346542852
2025-12-14 20:00:00+00:00,17304.51346542852
2025-12-15 00:00:00+00:00,17304.51346542852
2025-12-15 04:00:00+00:00,17304.51346542852
2025-12-15 08:00:00+00:00,17304.51346542852
2025-12-15 12:00:00+00:00,17304.51346542852
2025-12-15 16:00:00+00:00,17304.51346542852
2025-12-15 20:00:00+00:00,17321.16112562844
2025-12-16 00:00:00+00:00,17373.27396684375
2025-12-16 04:00:00+00:00,17359.59058013825
2025-12-16 08:00:00+00:00,17225.976844374127
2025-12-16 12:00:00+00:00,17150.31569266735
2025-12-16 16:00:00+00:00,17190.74812255431
2025-12-16 20:00:00+00:00,17161.266151906835
2025-12-17 00:00:00+00:00,17229.74534291826
2025-12-17 04:00:00+00:00,17247.67111595847
2025-12-17 08:00:00+00:00,17256.126939449216
2025-12-17 12:00:00+00:00,17228.67227695572
2025-12-17 16:00:00+00:00,17347.84300842884
2025-12-17 20:00:00+00:00,17326.81313651545
2025-12-18 00:00:00+00:00,17291.047054307335
2025-12-18 04:00:00+00:00,17270.191068736385
2025-12-18 08:00:00+00:00,17221.556912092656
2025-12-18 12:00:00+00:00,17097.16784323393
2025-12-18 16:00:00+00:00,17490.600874923406
2025-12-18 20:00:00+00:00,17397.793391970044
2025-12-19 00:00:00+00:00,17272.9383839272
2025-12-19 04:00:00+00:00,17182.720563018887
2025-12-19 08:00:00+00:00,17161.31388840451
2025-12-19 12:00:00+00:00,17182.562274849137
2025-12-19 16:00:00+00:00,17192.996709130526
2025-12-19 20:00:00+00:00,17168.59566171181
2025-12-20 00:00:00+00:00,17163.611525961333
2025-12-20 04:00:00+00:00,17156.75653553965
2025-12-20 08:00:00+00:00,17156.375442302495
2025-12-20 12:00:00+00:00,17166.736880033048
2025-12-20 16:00:00+00:00,17161.129691299873
2025-12-20 20:00:00+00:00,17156.757741262783
2025-12-21 00:00:00+00:00,17156.757741262783
2025-12-21 04:00:00+00:00,17156.757741262783
2025-12-21 08:00:00+00:00,17156.757741262783
2025-12-21 12:00:00+00:00,17156.757741262783
2025-12-21 16:00:00+00:00,17156.757741262783
2025-12-21 20:00:00+00:00,17156.757741262783
2025-12-22 00:00:00+00:00,17156.757741262783
2025-12-22 04:00:00+00:00,17156.757741262783
2025-12-22 08:00:00+00:00,17156.757741262783
2025-12-22 12:00:00+00:00,17156.757741262783
2025-12-22 16:00:00+00:00,17156.757741262783
2025-12-22 20:00:00+00:00,17156.757741262783
2025-12-23 00:00:00+00:00,17156.757741262783
2025-12-23 04:00:00+00:00,17156.757741262783
2025-12-23 08:00:00+00:00,17156.757741262783
2025-12-23 12:00:00+00:00,17156.757741262783
2025-12-23 16:00:00+00:00,17156.757741262783
2025-12-23 20:00:00+00:00,17156.757741262783
2025-12-24 00:00:00+00:00,17156.757741262783
2025-12-24 04:00:00+00:00,17156.757741262783
2025-12-24 08:00:00+00:00,17156.757741262783
2025-12-24 12:00:00+00:00,17156.757741262783
2025-12-24 16:00:00+00:00,17156.757741262783
2025-12-24 20:00:00+00:00,17156.757741262783
2025-12-25 00:00:00+00:00,17156.757741262783
2025-12-25 04:00:00+00:00,17156.757741262783
2025-12-25 08:00:00+00:00,17156.757741262783
2025-12-25 12:00:00+00:00,17156.757741262783
2025-12-25 16:00:00+00:00,17156.757741262783
2025-12-25 20:00:00+00:00,17156.757741262783
2025-12-26 00:00:00+00:00,17156.757741262783
2025-12-26 04:00:00+00:00,17156.757741262783
2025-12-26 08:00:00+00:00,17156.757741262783
2025-12-26 12:00:00+00:00,17156.757741262783
2025-12-26 16:00:00+00:00,17156.757741262783
2025-12-26 20:00:00+00:00,17156.757741262783
2025-12-27 00:00:00+00:00,17156.757741262783
2025-12-27 04:00:00+00:00,17156.757741262783
2025-12-27 08:00:00+00:00,17156.757741262783
2025-12-27 12:00:00+00:00,17156.757741262783
2025-12-27 16:00:00+00:00,17156.757741262783
2025-12-27 20:00:00+00:00,17156.757741262783
2025-12-28 00:00:00+00:00,17156.757741262783
2025-12-28 04:00:00+00:00,17156.757741262783
2025-12-28 08:00:00+00:00,17156.757741262783
2025-12-28 12:00:00+00:00,17156.757741262783
2025-12-28 16:00:00+00:00,17156.757741262783
2025-12-28 20:00:00+00:00,17156.757741262783
2025-12-29 00:00:00+00:00,17156.757741262783
2025-12-29 04:00:00+00:00,17156.757741262783
2025-12-29 08:00:00+00:00,17156.757741262783
2025-12-29 12:00:00+00:00,17156.757741262783
2025-12-29 16:00:00+00:00,17156.757741262783
2025-12-29 20:00:00+00:00,17156.757741262783
2025-12-30 00:00:00+00:00,17156.757741262783
2025-12-30 04:00:00+00:00,17156.757741262783
2025-12-30 08:00:00+00:00,17156.757741262783
2025-12-30 12:00:00+00:00,17156.757741262783
2025-12-30 16:00:00+00:00,17156.757741262783
2025-12-30 20:00:00+00:00,17156.757741262783
2025-12-31 00:00:00+00:00,17156.757741262783
2025-12-31 04:00:00+00:00,17156.757741262783
2025-12-31 08:00:00+00:00,17156.757741262783
2025-12-31 12:00:00+00:00,17156.757741262783
2025-12-31 16:00:00+00:00,17156.757741262783
2025-12-31 20:00:00+00:00,17156.757741262783
2026-01-01 00:00:00+00:00,17156.757741262783
2026-01-01 04:00:00+00:00,17156.757741262783
2026-01-01 08:00:00+00:00,17156.757741262783
2026-01-01 12:00:00+00:00,17156.757741262783
2026-01-01 16:00:00+00:00,17156.757741262783
2026-01-01 20:00:00+00:00,17156.757741262783
2026-01-02 00:00:00+00:00,17156.757741262783
2026-01-02 04:00:00+00:00,17156.757741262783
2026-01-02 08:00:00+00:00,17156.757741262783
2026-01-02 12:00:00+00:00,17156.757741262783
2026-01-02 16:00:00+00:00,17156.757741262783
2026-01-02 20:00:00+00:00,17156.757741262783
2026-01-03 00:00:00+00:00,17156.757741262783
2026-01-03 04:00:00+00:00,17156.757741262783
2026-01-03 08:00:00+00:00,17156.757741262783
2026-01-03 12:00:00+00:00,17156.757741262783
2026-01-03 16:00:00+00:00,17156.757741262783
2026-01-03 20:00:00+00:00,17156.757741262783
2026-01-04 00:00:00+00:00,17156.757741262783
2026-01-04 04:00:00+00:00,17194.74177993033
2026-01-04 08:00:00+00:00,17159.220077627142
2026-01-04 12:00:00+00:00,17164.01853982642
2026-01-04 16:00:00+00:00,17131.245503362916
2026-01-04 20:00:00+00:00,17197.85037630519
2026-01-05 00:00:00+00:00,17427.60265635957
2026-01-05 04:00:00+00:00,17371.37688608654
2026-01-05 08:00:00+00:00,17467.844866392592
2026-01-05 12:00:00+00:00,17598.7608020046
2026-01-05 16:00:00+00:00,17651.582310393023
2026-01-05 20:00:00+00:00,17586.555781642463
2026-01-06 00:00:00+00:00,17572.126572311434
2026-01-06 04:00:00+00:00,17493.12626697599
2026-01-06 08:00:00+00:00,17582.39954771812
2026-01-06 12:00:00+00:00,17552.906283741773
2026-01-06 16:00:00+00:00,17319.354744837172
2026-01-06 20:00:00+00:00,17542.259542697277
2026-01-07 00:00:00+00:00,17418.54693640796
2026-01-07 04:00:00+00:00,17427.266461692
2026-01-07 08:00:00+00:00,17319.741715775705
2026-01-07 12:00:00+00:00,17402.492722054587
2026-01-07 16:00:00+00:00,17423.01645685013
2026-01-07 20:00:00+00:00,17399.580055444378
2026-01-08 00:00:00+00:00,17470.982834649596
2026-01-08 04:00:00+00:00,17505.6489558489
2026-01-08 08:00:00+00:00,17546.432567586544
2026-01-08 12:00:00+00:00,17478.7296427174
2026-01-08 16:00:00+00:00,17459.643389702716
2026-01-08 20:00:00+00:00,17439.075281395733
2026-01-09 00:00:00+00:00,17422.77415678359
2026-01-09 04:00:00+00:00,17481.857291293836
2026-01-09 08:00:00+00:00,17522.623119996413
2026-01-09 12:00:00+00:00,17428.713986954983
2026-01-09 16:00:00+00:00,17529.673026378056
2026-01-09 20:00:00+00:00,17492.754130585592
2026-01-10 00:00:00+00:00,17494.699799133617
2026-01-10 04:00:00+00:00,17490.030935116596
2026-01-10 08:00:00+00:00,17482.231983976988
2026-01-10 12:00:00+00:00,17491.403667684568
2026-01-10 16:00:00+00:00,17496.32927578938
2026-01-10 20:00:00+00:00,17513.716468110153
2026-01-11 00:00:00+00:00,17480.616386201877
2026-01-11 04:00:00+00:00,17485.40186629025
2026-01-11 08:00:00+00:00,17478.37098441014
2026-01-11 12:00:00+00:00,17478.37098441014
2026-01-11 16:00:00+00:00,17478.37098441014
2026-01-11 20:00:00+00:00,17478.37098441014
2026-01-12 00:00:00+00:00,17478.37098441014
2026-01-12 04:00:00+00:00,17478.37098441014
2026-01-12 08:00:00+00:00,17478.37098441014
2026-01-12 12:00:00+00:00,17478.37098441014
2026-01-12 16:00:00+00:00,17478.37098441014
2026-01-12 20:00:00+00:00,17478.37098441014
2026-01-13 00:00:00+00:00,17478.37098441014
2026-01-13 04:00:00+00:00,17478.37098441014
2026-01-13 08:00:00+00:00,17478.37098441014
2026-01-13 12:00:00+00:00,17478.37098441014
2026-01-13 16:00:00+00:00,17478.37098441014
2026-01-13 20:00:00+00:00,17478.37098441014
2026-01-14 00:00:00+00:00,17478.37098441014
2026-01-14 04:00:00+00:00,17408.43284219271
2026-01-14 08:00:00+00:00,17357.45743140991
2026-01-14 12:00:00+00:00,17603.871787430144
2026-01-14 16:00:00+00:00,17667.25577301125
2026-01-14 20:00:00+00:00,17629.825516878955
2026-01-15 00:00:00+00:00,17516.080611981866
2026-01-15 04:00:00+00:00,17592.69701403221
2026-01-15 08:00:00+00:00,17586.182716328443
2026-01-15 12:00:00+00:00,17606.276073149555
2026-01-15 16:00:00+00:00,17460.456782400237
2026-01-15 20:00:00+00:00,17471.123225263458
2026-01-16 00:00:00+00:00,17442.085130038202
2026-01-16 04:00:00+00:00,17475.589974863284
2026-01-16 08:00:00+00:00,17447.747066515312
2026-01-16 12:00:00+00:00,17344.83119419794
2026-01-16 16:00:00+00:00,17394.526572848867
2026-01-16 20:00:00+00:00,17459.921766647385
2026-01-17 00:00:00+00:00,17437.931779180988
2026-01-17 04:00:00+00:00,17404.670039713157
2026-01-17 08:00:00+00:00,17433.058572965303
2026-01-17 12:00:00+00:00,17465.862094183787
2026-01-17 16:00:00+00:00,17427.75672340479
2026-01-17 20:00:00+00:00,17406.10455284204
2026-01-18 00:00:00+00:00,17412.336831127166
2026-01-18 04:00:00+00:00,17387.160959702353
2026-01-18 08:00:00+00:00,17407.94092091807
2026-01-18 12:00:00+00:00,17397.039964109612
2026-01-18 16:00:00+00:00,17389.33472575257
2026-01-18 20:00:00+00:00,17389.33472575257
2026-01-19 00:00:00+00:00,17389.33472575257
2026-01-19 04:00:00+00:00,17389.33472575257
2026-01-19 08:00:00+00:00,17389.33472575257
2026-01-19 12:00:00+00:00,17389.33472575257
2026-01-19 16:00:00+00:00,17374.204410194776
2026-01-19 20:00:00+00:00,17449.98480622742
2026-01-20 00:00:00+00:00,17481.317444497716
2026-01-20 04:00:00+00:00,17681.048663396516
2026-01-20 08:00:00+00:00,17673.93458918384
2026-01-20 12:00:00+00:00,17756.583368838466
2026-01-20 16:00:00+00:00,17897.41686108346
2026-01-20 20:00:00+00:00,18082.95126615387
2026-01-21 00:00:00+00:00,18076.489338463125
2026-01-21 04:00:00+00:00,18100.54135156698
2026-01-21 08:00:00+00:00,18156.5941839549
2026-01-21 12:00:00+00:00,17956.40350663835
2026-01-21 16:00:00+00:00,17945.7966466429
2026-01-21 20:00:00+00:00,18048.372227554504
2026-01-22 00:00:00+00:00,17997.935876064406
2026-01-22 04:00:00+00:00,18007.606839239914
2026-01-22 08:00:00+00:00,17991.623760159266
2026-01-22 12:00:00+00:00,18109.223583398478
2026-01-22 16:00:00+00:00,18016.561450567464
2026-01-22 20:00:00+00:00,18041.977698879364
2026-01-23 00:00:00+00:00,17998.164029033192
2026-01-23 04:00:00+00:00,18045.97505762583
2026-01-23 08:00:00+00:00,18087.35168529089
2026-01-23 12:00:00+00:00,18018.119190559744
2026-01-23 16:00:00+00:00,17990.246200386002
2026-01-23 20:00:00+00:00,18036.368452506074
2026-01-24 00:00:00+00:00,18014.414351557713
2026-01-24 04:00:00+00:00,18034.100526867936
2026-01-24 08:00:00+00:00,18039.23291419226
2026-01-24 12:00:00+00:00,18082.001560538665
2026-01-24 16:00:00+00:00,18075.112921929038
2026-01-24 20:00:00+00:00,18090.318929576566
2026-01-25 00:00:00+00:00,18129.870095972583
2026-01-25 04:00:00+00:00,18174.863249872466
2026-01-25 08:00:00+00:00,18191.74415613836
2026-01-25 12:00:00+00:00,18211.925784886585
2026-01-25 16:00:00+00:00,18532.219595673578
2026-01-25 20:00:00+00:00,18505.463201688544
2026-01-26 00:00:00+00:00,18413.653924018057
2026-01-26 04:00:00+00:00,18304.91977388799
2026-01-26 08:00:00+00:00,18328.60135202779
2026-01-26 12:00:00+00:00,18358.312017094937
2026-01-26 16:00:00+00:00,18307.62905530994
2026-01-26 20:00:00+00:00,18260.88920545119
2026-01-27 00:00:00+00:00,18200.260652007866
2026-01-27 04:00:00+00:00,18263.67214001103
2026-01-27 08:00:00+00:00,18312.472632590547
2026-01-27 12:00:00+00:00,18304.823900876494
2026-01-27 16:00:00+00:00,18251.181352097912
2026-01-27 20:00:00+00:00,18136.766072515347
2026-01-28 00:00:00+00:00,18153.71915091185
2026-01-28 04:00:00+00:00,18149.781752360304
2026-01-28 08:00:00+00:00,18016.984313845707
2026-01-28 12:00:00+00:00,18099.823120224664
2026-01-28 16:00:00+00:00,18111.045234441186
2026-01-28 20:00:00+00:00,18124.309064781643
2026-01-29 00:00:00+00:00,18291.229940053796
2026-01-29 04:00:00+00:00,18251.225621230795
2026-01-29 08:00:00+00:00,18319.90688279804
2026-01-29 12:00:00+00:00,18709.573938178168
2026-01-29 16:00:00+00:00,18820.126386391268
2026-01-29 20:00:00+00:00,18747.254242867595
2026-01-30 00:00:00+00:00,18977.505292595382
2026-01-30 04:00:00+00:00,18963.06198165773
2026-01-30 08:00:00+00:00,18927.25082986841
2026-01-30 12:00:00+00:00,18954.6560588266
2026-01-30 16:00:00+00:00,18809.673934550217
2026-01-30 20:00:00+00:00,18808.360798968293
2026-01-31 00:00:00+00:00,18832.09043461897
2026-01-31 04:00:00+00:00,18882.1838589934
2026-01-31 08:00:00+00:00,18940.25365451808
2026-01-31 12:00:00+00:00,19129.12568248125
2026-01-31 16:00:00+00:00,19509.682849094537
2026-01-31 20:00:00+00:00,19418.125516029166
2026-02-01 00:00:00+00:00,19407.269901417658
2026-02-01 04:00:00+00:00,19452.751672734805
2026-02-01 08:00:00+00:00,19417.176786244032
2026-02-01 12:00:00+00:00,19523.61888076883
2026-02-01 16:00:00+00:00,19562.431762175296
2026-02-01 20:00:00+00:00,19581.94888043039
2026-02-02 00:00:00+00:00,19643.431337379956
2026-02-02 04:00:00+00:00,19612.48058306395
2026-02-02 08:00:00+00:00,19518.319308151025
2026-02-02 12:00:00+00:00,19425.380680348208
2026-02-02 16:00:00+00:00,19467.574152049696
2026-02-02 20:00:00+00:00,19433.331015385233
2026-02-03 00:00:00+00:00,19431.49291506475
2026-02-03 04:00:00+00:00,19428.0197053196
2026-02-03 08:00:00+00:00,19492.003544938903
2026-02-03 12:00:00+00:00,19487.03624772697
2026-02-03 16:00:00+00:00,19781.673431702147
2026-02-03 20:00:00+00:00,19710.840900899108
2026-02-04 00:00:00+00:00,19634.557965918688
2026-02-04 04:00:00+00:00,19649.51222874203
2026-02-04 08:00:00+00:00,19691.39816053411
2026-02-04 12:00:00+00:00,19855.21757197766
2026-02-04 16:00:00+00:00,19873.524500921932
2026-02-04 20:00:00+00:00,19937.88595666498
2026-02-05 00:00:00+00:00,20101.055310612683
2026-02-05 04:00:00+00:00,20141.300855819678
2026-02-05 08:00:00+00:00,20178.22245101366
2026-02-05 12:00:00+00:00,20415.343183688463
2026-02-05 16:00:00+00:00,20591.054742175875
2026-02-05 20:00:00+00:00,20773.516725038153
2026-02-06 00:00:00+00:00,20677.94163128408
2026-02-06 04:00:00+00:00,20632.015965483537
2026-02-06 08:00:00+00:00,20512.550505838586
2026-02-06 12:00:00+00:00,20379.987335128735
2026-02-06 16:00:00+00:00,20242.969579825363
2026-02-06 20:00:00+00:00,20251.262375586783
2026-02-07 00:00:00+00:00,20228.58051510834
2026-02-07 04:00:00+00:00,20414.764293202374
2026-02-07 08:00:00+00:00,20421.51974993938
2026-02-07 12:00:00+00:00,20344.414666223405
2026-02-07 16:00:00+00:00,20329.985178076295
2026-02-07 20:00:00+00:00,20335.709466849843
2026-02-08 00:00:00+00:00,20348.418614602448
2026-02-08 04:00:00+00:00,20306.007481262175
2026-02-08 08:00:00+00:00,20211.97229372332
2026-02-08 12:00:00+00:00,20197.40204165336
2026-02-08 16:00:00+00:00,20179.895241482576
2026-02-08 20:00:00+00:00,20263.446411263187
2026-02-09 00:00:00+00:00,20188.572969806926
2026-02-09 04:00:00+00:00,20255.842639574992
2026-02-09 08:00:00+00:00,20373.75947151693
2026-02-09 12:00:00+00:00,20324.13662960337
2026-02-09 16:00:00+00:00,20214.091741164015
2026-02-09 20:00:00+00:00,20277.202853063332
2026-02-10 00:00:00+00:00,20327.83459790293
2026-02-10 04:00:00+00:00,20376.082481998885
2026-02-10 08:00:00+00:00,20408.41060747312
2026-02-10 12:00:00+00:00,20343.370488244782
2026-02-10 16:00:00+00:00,20361.590277509098
2026-02-10 20:00:00+00:00,20381.08840397953
2026-02-11 00:00:00+00:00,20439.897962984247
2026-02-11 04:00:00+00:00,20543.02017431343
2026-02-11 08:00:00+00:00,20540.371587993453
2026-02-11 12:00:00+00:00,20589.91596846067
2026-02-11 16:00:00+00:00,20495.176709164913
2026-02-11 20:00:00+00:00,20538.65855398764
2026-02-12 00:00:00+00:00,20494.52263881187
2026-02-12 04:00:00+00:00,20527.821270746943
2026-02-12 08:00:00+00:00,20449.311765972703
2026-02-12 12:00:00+00:00,20535.153451797094
2026-02-12 16:00:00+00:00,20661.448569455086
2026-02-12 20:00:00+00:00,20616.452386759425
2026-02-13 00:00:00+00:00,20590.791017465213
2026-02-13 04:00:00+00:00,20622.93778515547
2026-02-13 08:00:00+00:00,20528.59242403162
2026-02-13 12:00:00+00:00,20377.012148730246
2026-02-13 16:00:00+00:00,20352.596715433694
2026-02-13 20:00:00+00:00,20360.636257950686
2026-02-14 00:00:00+00:00,20347.74123454437
2026-02-14 04:00:00+00:00,20322.79246145334
2026-02-14 08:00:00+00:00,20183.476191355792
2026-02-14 12:00:00+00:00,20260.168736468022
2026-02-14 16:00:00+00:00,20249.6014223931
2026-02-14 20:00:00+00:00,20255.474384872887
2026-02-15 00:00:00+00:00,20240.301608363403
2026-02-15 04:00:00+00:00,20139.694579880223
2026-02-15 08:00:00+00:00,20200.779743867024
2026-02-15 12:00:00+00:00,20345.379733466958
2026-02-15 16:00:00+00:00,20441.147556336942
2026-02-15 20:00:00+00:00,20376.549415115915
2026-02-16 00:00:00+00:00,20426.111241345447
2026-02-16 04:00:00+00:00,20406.239892842743
2026-02-16 08:00:00+00:00,20378.324207355286
2026-02-16 12:00:00+00:00,20373.982467682683
2026-02-16 16:00:00+00:00,20373.982467682683
2026-02-16 20:00:00+00:00,20373.982467682683
2026-02-17 00:00:00+00:00,20373.982467682683
2026-02-17 04:00:00+00:00,20373.982467682683
2026-02-17 08:00:00+00:00,20373.982467682683
2026-02-17 12:00:00+00:00,20373.982467682683
2026-02-17 16:00:00+00:00,20373.982467682683
2026-02-17 20:00:00+00:00,20373.982467682683
2026-02-18 00:00:00+00:00,20373.982467682683
2026-02-18 04:00:00+00:00,20373.982467682683
2026-02-18 08:00:00+00:00,20373.982467682683
2026-02-18 12:00:00+00:00,20373.982467682683
2026-02-18 16:00:00+00:00,20373.982467682683
2026-02-18 20:00:00+00:00,20373.982467682683
2026-02-19 00:00:00+00:00,20373.982467682683
2026-02-19 04:00:00+00:00,20373.982467682683
2026-02-19 08:00:00+00:00,20373.982467682683
2026-02-19 12:00:00+00:00,20373.982467682683
2026-02-19 16:00:00+00:00,20373.982467682683
2026-02-19 20:00:00+00:00,20373.982467682683
2026-02-20 00:00:00+00:00,20373.982467682683
2026-02-20 04:00:00+00:00,20373.982467682683
2026-02-20 08:00:00+00:00,20373.982467682683
2026-02-20 12:00:00+00:00,20373.982467682683
2026-02-20 16:00:00+00:00,20373.982467682683
2026-02-20 20:00:00+00:00,20373.982467682683
2026-02-21 00:00:00+00:00,20373.982467682683
2026-02-21 04:00:00+00:00,20373.982467682683
2026-02-21 08:00:00+00:00,20373.982467682683
2026-02-21 12:00:00+00:00,20373.982467682683
2026-02-21 16:00:00+00:00,20373.982467682683
2026-02-21 20:00:00+00:00,20373.982467682683
2026-02-22 00:00:00+00:00,20373.982467682683
2026-02-22 04:00:00+00:00,20373.982467682683
2026-02-22 08:00:00+00:00,20373.982467682683
2026-02-22 12:00:00+00:00,20373.982467682683
2026-02-22 16:00:00+00:00,20373.982467682683
2026-02-22 20:00:00+00:00,20373.982467682683
2026-02-23 00:00:00+00:00,20373.982467682683
2026-02-23 04:00:00+00:00,20373.982467682683
2026-02-23 08:00:00+00:00,20373.982467682683
2026-02-23 12:00:00+00:00,20373.982467682683
2026-02-23 16:00:00+00:00,20373.982467682683
2026-02-23 20:00:00+00:00,20373.982467682683
2026-02-24 00:00:00+00:00,20527.125898625487
2026-02-24 04:00:00+00:00,20587.372667393356
2026-02-24 08:00:00+00:00,20581.837558994335
2026-02-24 12:00:00+00:00,20470.19674769027
2026-02-24 16:00:00+00:00,20401.382686908128
2026-02-24 20:00:00+00:00,20455.6278462609
2026-02-25 00:00:00+00:00,20259.909797149157
2026-02-25 04:00:00+00:00,20309.055981547204
2026-02-25 08:00:00+00:00,20254.283185232714
2026-02-25 12:00:00+00:00,19978.399576789285
2026-02-25 16:00:00+00:00,19762.69941189768
2026-02-25 20:00:00+00:00,19893.25541013853
2026-02-26 00:00:00+00:00,19864.924742662788
2026-02-26 04:00:00+00:00,19911.306939380924
2026-02-26 08:00:00+00:00,19883.970243431406
2026-02-26 12:00:00+00:00,19966.02625698616
2026-02-26 16:00:00+00:00,19942.358687834956
2026-02-26 20:00:00+00:00,19954.643593415196
2026-02-27 00:00:00+00:00,19941.050092284495
2026-02-27 04:00:00+00:00,19930.154475966337
2026-02-27 08:00:00+00:00,20126.229168732883
2026-02-27 12:00:00+00:00,20128.59278484304
2026-02-27 16:00:00+00:00,20217.268939827507
2026-02-27 20:00:00+00:00,20157.43376166024
2026-02-28 00:00:00+00:00,20166.924197087992
2026-02-28 04:00:00+00:00,20428.39227961028
2026-02-28 08:00:00+00:00,20424.920557685095
2026-02-28 12:00:00+00:00,20299.821776921122
2026-02-28 16:00:00+00:00,20111.488265330394
2026-02-28 20:00:00+00:00,20037.863488530867
2026-03-01 00:00:00+00:00,19974.910917213696
2026-03-01 04:00:00+00:00,20015.127219821017
2026-03-01 08:00:00+00:00,20092.52094210633
2026-03-01 12:00:00+00:00,20049.553954746963
2026-03-01 16:00:00+00:00,20045.72405808128
2026-03-01 20:00:00+00:00,20045.72405808128
2026-03-02 00:00:00+00:00,20045.72405808128
2026-03-02 04:00:00+00:00,20045.72405808128
2026-03-02 08:00:00+00:00,20045.72405808128
2026-03-02 12:00:00+00:00,20045.72405808128
2026-03-02 16:00:00+00:00,20045.72405808128
2026-03-02 20:00:00+00:00,20045.72405808128
2026-03-03 00:00:00+00:00,20045.72405808128
2026-03-03 04:00:00+00:00,20045.72405808128
2026-03-03 08:00:00+00:00,20045.72405808128
2026-03-03 12:00:00+00:00,20045.72405808128
2026-03-03 16:00:00+00:00,20045.72405808128
2026-03-03 20:00:00+00:00,20045.72405808128
2026-03-04 00:00:00+00:00,20045.72405808128
2026-03-04 04:00:00+00:00,20045.72405808128
2026-03-04 08:00:00+00:00,20045.72405808128
2026-03-04 12:00:00+00:00,20045.72405808128
2026-03-04 16:00:00+00:00,20045.72405808128
2026-03-04 20:00:00+00:00,20045.72405808128
2026-03-05 00:00:00+00:00,20045.72405808128
2026-03-05 04:00:00+00:00,20045.72405808128
2026-03-05 08:00:00+00:00,20045.72405808128
2026-03-05 12:00:00+00:00,20045.72405808128
2026-03-05 16:00:00+00:00,19973.04831829403
2026-03-05 20:00:00+00:00,19971.042759899578
2026-03-06 00:00:00+00:00,19989.511510351225
2026-03-06 04:00:00+00:00,19987.584221883477
2026-03-06 08:00:00+00:00,19902.757500585478
2026-03-06 12:00:00+00:00,19726.302958706303
2026-03-06 16:00:00+00:00,19755.629549917106
2026-03-06 20:00:00+00:00,19757.412700274206
2026-03-07 00:00:00+00:00,19759.414933627228
2026-03-07 04:00:00+00:00,19786.489703242845
2026-03-07 08:00:00+00:00,19768.37658859252
2026-03-07 12:00:00+00:00,19783.092629165003
2026-03-07 16:00:00+00:00,19876.438093047804
2026-03-07 20:00:00+00:00,19853.981931450267
2026-03-08 00:00:00+00:00,19884.936584488933
2026-03-08 04:00:00+00:00,19847.080782176352
2026-03-08 08:00:00+00:00,19820.06657310613
2026-03-08 12:00:00+00:00,19815.827528634934
2026-03-08 16:00:00+00:00,19815.827528634934
2026-03-08 20:00:00+00:00,19815.827528634934
2026-03-09 00:00:00+00:00,19815.827528634934
2026-03-09 04:00:00+00:00,19770.160132272384
2026-03-09 08:00:00+00:00,19743.065079638574
2026-03-09 12:00:00+00:00,19607.34051414329
2026-03-09 16:00:00+00:00,19592.82675268557
2026-03-09 20:00:00+00:00,19588.73706685875
2026-03-10 00:00:00+00:00,19588.73706685875
2026-03-10 04:00:00+00:00,19588.73706685875
2026-03-10 08:00:00+00:00,19588.73706685875
2026-03-10 12:00:00+00:00,19670.4637536598
2026-03-10 16:00:00+00:00,19524.59782050211
2026-03-10 20:00:00+00:00,19513.16330548059
2026-03-11 00:00:00+00:00,19471.467293783848
2026-03-11 04:00:00+00:00,19467.615937953542
2026-03-11 08:00:00+00:00,19467.615937953542
2026-03-11 12:00:00+00:00,19467.615937953542
2026-03-11 16:00:00+00:00,19467.615937953542
2026-03-11 20:00:00+00:00,19467.615937953542
2026-03-12 00:00:00+00:00,19467.615937953542
2026-03-12 04:00:00+00:00,19467.615937953542
2026-03-12 08:00:00+00:00,19467.615937953542
2026-03-12 12:00:00+00:00,19467.615937953542
2026-03-12 16:00:00+00:00,19467.615937953542
2026-03-12 20:00:00+00:00,19467.615937953542
2026-03-13 00:00:00+00:00,19467.615937953542
2026-03-13 04:00:00+00:00,19467.615937953542
2026-03-13 08:00:00+00:00,19467.615937953542
2026-03-13 12:00:00+00:00,19467.615937953542
2026-03-13 16:00:00+00:00,19467.615937953542
2026-03-13 20:00:00+00:00,19467.615937953542
2026-03-14 00:00:00+00:00,19467.615937953542
2026-03-14 04:00:00+00:00,19406.016283131805
2026-03-14 08:00:00+00:00,19423.464075835032
2026-03-14 12:00:00+00:00,19404.19767881347
2026-03-14 16:00:00+00:00,19418.83857918166
2026-03-14 20:00:00+00:00,19488.112299416032
2026-03-15 00:00:00+00:00,19507.755630137865
2026-03-15 04:00:00+00:00,19522.67978265073
2026-03-15 08:00:00+00:00,19578.38668879819
2026-03-15 12:00:00+00:00,19524.923575786048
2026-03-15 16:00:00+00:00,19535.351037168817
2026-03-15 20:00:00+00:00,19730.826577134856
2026-03-16 00:00:00+00:00,19844.10903149667
2026-03-16 04:00:00+00:00,19827.94442477628
2026-03-16 08:00:00+00:00,19839.618710058643
2026-03-16 12:00:00+00:00,19800.457210082226
2026-03-16 16:00:00+00:00,19895.55971325638
2026-03-16 20:00:00+00:00,20022.122584128036
2026-03-17 00:00:00+00:00,19963.473933625773
2026-03-17 04:00:00+00:00,19934.803093766102
2026-03-17 08:00:00+00:00,19905.889784199866
2026-03-17 12:00:00+00:00,19889.710432191467
2026-03-17 16:00:00+00:00,19967.41568941682
2026-03-17 20:00:00+00:00,19887.89449238155
2026-03-18 00:00:00+00:00,19961.98768615341
2026-03-18 04:00:00+00:00,19883.994802041896
2026-03-18 08:00:00+00:00,19756.64028624054
2026-03-18 12:00:00+00:00,19560.38607711853
2026-03-18 16:00:00+00:00,19602.53262074405
2026-03-18 20:00:00+00:00,19580.63878871958
2026-03-19 00:00:00+00:00,19583.426250443634
2026-03-19 04:00:00+00:00,19717.765990383527
2026-03-19 08:00:00+00:00,19745.07605491609
2026-03-19 12:00:00+00:00,19817.090342353924
2026-03-19 16:00:00+00:00,19706.024226572845
2026-03-19 20:00:00+00:00,19749.728503015354
2026-03-20 00:00:00+00:00,19646.44587006591
2026-03-20 04:00:00+00:00,19631.52553597628
2026-03-20 08:00:00+00:00,19679.89633264958
2026-03-20 12:00:00+00:00,19759.313074145866
2026-03-20 16:00:00+00:00,19718.533922511502
2026-03-20 20:00:00+00:00,19674.811994052347
2026-03-21 00:00:00+00:00,19652.97660813275
2026-03-21 04:00:00+00:00,19646.135474413957
2026-03-21 08:00:00+00:00,19655.57838467941
2026-03-21 12:00:00+00:00,19658.197919524893
2026-03-21 16:00:00+00:00,19692.92181029018
2026-03-21 20:00:00+00:00,19920.160519704277
2026-03-22 00:00:00+00:00,19914.709314708085
2026-03-22 04:00:00+00:00,19914.709314708085
2026-03-22 08:00:00+00:00,19914.709314708085
2026-03-22 12:00:00+00:00,19815.251180602816
2026-03-22 16:00:00+00:00,19910.128285533854
2026-03-22 20:00:00+00:00,19961.48784810296
2026-03-23 00:00:00+00:00,19929.008714769632
2026-03-23 04:00:00+00:00,19890.202832987252
2026-03-23 08:00:00+00:00,19629.45161677677
2026-03-23 12:00:00+00:00,19627.120812031764
2026-03-23 16:00:00+00:00,19561.59058169365
2026-03-23 20:00:00+00:00,19534.82148806942
2026-03-24 00:00:00+00:00,19579.319456444002
2026-03-24 04:00:00+00:00,19484.842245649783
2026-03-24 08:00:00+00:00,19502.594559640456
2026-03-24 12:00:00+00:00,19667.810228736675
2026-03-24 16:00:00+00:00,19730.916563881794
2026-03-24 20:00:00+00:00,19579.634618133947
2026-03-25 00:00:00+00:00,19559.170368886174
2026-03-25 04:00:00+00:00,19532.164733070524
2026-03-25 08:00:00+00:00,19527.659264809507
2026-03-25 12:00:00+00:00,19527.659264809507
2026-03-25 16:00:00+00:00,19527.659264809507
2026-03-25 20:00:00+00:00,19527.659264809507
2026-03-26 00:00:00+00:00,19527.659264809507
2026-03-26 04:00:00+00:00,19527.659264809507
2026-03-26 08:00:00+00:00,19527.659264809507
2026-03-26 12:00:00+00:00,19527.659264809507
2026-03-26 16:00:00+00:00,19527.659264809507
2026-03-26 20:00:00+00:00,19527.659264809507
2026-03-27 00:00:00+00:00,19527.659264809507
2026-03-27 04:00:00+00:00,19527.659264809507
2026-03-27 08:00:00+00:00,19527.659264809507
2026-03-27 12:00:00+00:00,19527.659264809507
2026-03-27 16:00:00+00:00,19534.037498781006
2026-03-27 20:00:00+00:00,19487.12461934144
2026-03-28 00:00:00+00:00,19509.25734312781
2026-03-28 04:00:00+00:00,19464.23209173569
2026-03-28 08:00:00+00:00,19495.939600139136
2026-03-28 12:00:00+00:00,19395.502253312785
2026-03-28 16:00:00+00:00,19411.11287338223
2026-03-28 20:00:00+00:00,19490.45681233078
2026-03-29 00:00:00+00:00,19408.878251888626
2026-03-29 04:00:00+00:00,19445.363628942865
2026-03-29 08:00:00+00:00,19422.202954746597
2026-03-29 12:00:00+00:00,19466.410079955123
2026-03-29 16:00:00+00:00,19495.618225640927
2026-03-29 20:00:00+00:00,19551.99020445354
2026-03-30 00:00:00+00:00,19369.433514923778
2026-03-30 04:00:00+00:00,19301.345674155284
2026-03-30 08:00:00+00:00,19292.880956365458
2026-03-30 12:00:00+00:00,19302.19350309994
2026-03-30 16:00:00+00:00,19465.63318655212
2026-03-30 20:00:00+00:00,19428.234977752625
2026-03-31 00:00:00+00:00,19290.002323037912
2026-03-31 04:00:00+00:00,19337.023447344374
2026-03-31 08:00:00+00:00,19437.86785682181
2026-03-31 12:00:00+00:00,19430.87989903895
2026-03-31 16:00:00+00:00,19275.760177266704
2026-03-31 20:00:00+00:00,19217.062357447285
2026-04-01 00:00:00+00:00,19231.25839266005
2026-04-01 04:00:00+00:00,19159.68799848879
2026-04-01 08:00:00+00:00,19157.17423874552
2026-04-01 12:00:00+00:00,19128.114625648876
2026-04-01 16:00:00+00:00,19230.260636532053
2026-04-01 20:00:00+00:00,19225.439455997257
2026-04-02 00:00:00+00:00,19225.439455997257
2026-04-02 04:00:00+00:00,19225.439455997257
2026-04-02 08:00:00+00:00,19225.439455997257
2026-04-02 12:00:00+00:00,19225.439455997257
2026-04-02 16:00:00+00:00,19225.439455997257
2026-04-02 20:00:00+00:00,19225.439455997257
2026-04-03 00:00:00+00:00,19225.439455997257
2026-04-03 04:00:00+00:00,19225.439455997257
2026-04-03 08:00:00+00:00,19225.439455997257
2026-04-03 12:00:00+00:00,19225.439455997257
2026-04-03 16:00:00+00:00,19225.439455997257
2026-04-03 20:00:00+00:00,19225.439455997257
2026-04-04 00:00:00+00:00,19225.439455997257
2026-04-04 04:00:00+00:00,19225.439455997257
2026-04-04 08:00:00+00:00,19225.439455997257
2026-04-04 12:00:00+00:00,19225.439455997257
2026-04-04 16:00:00+00:00,19225.439455997257
2026-04-04 20:00:00+00:00,19225.439455997257
2026-04-05 00:00:00+00:00,19225.439455997257
2026-04-05 04:00:00+00:00,19225.439455997257
2026-04-05 08:00:00+00:00,19225.439455997257
2026-04-05 12:00:00+00:00,19225.439455997257
2026-04-05 16:00:00+00:00,19225.439455997257
2026-04-05 20:00:00+00:00,19225.439455997257
2026-04-06 00:00:00+00:00,19225.439455997257
2026-04-06 04:00:00+00:00,19225.439455997257
2026-04-06 08:00:00+00:00,19225.439455997257
2026-04-06 12:00:00+00:00,19225.439455997257
2026-04-06 16:00:00+00:00,19258.898349489093
2026-04-06 20:00:00+00:00,19418.124497644676
2026-04-07 00:00:00+00:00,19411.81000701405
2026-04-07 04:00:00+00:00,19411.81000701405
2026-04-07 08:00:00+00:00,19411.81000701405
2026-04-07 12:00:00+00:00,19411.81000701405
2026-04-07 16:00:00+00:00,19411.81000701405
2026-04-07 20:00:00+00:00,19411.81000701405
2026-04-08 00:00:00+00:00,19315.143613304113
2026-04-08 04:00:00+00:00,19365.932637749727
2026-04-08 08:00:00+00:00,19371.27039150402
2026-04-08 12:00:00+00:00,19314.794288522044
2026-04-08 16:00:00+00:00,19315.196759782764
2026-04-08 20:00:00+00:00,19280.578334621037
2026-04-09 00:00:00+00:00,19269.650681639887
2026-04-09 04:00:00+00:00,19267.255459565607
2026-04-09 08:00:00+00:00,19290.989986032975
2026-04-09 12:00:00+00:00,19441.08780481983
2026-04-09 16:00:00+00:00,19433.578544726144
2026-04-09 20:00:00+00:00,19388.896229450234
2026-04-10 00:00:00+00:00,19400.982502479044
2026-04-10 04:00:00+00:00,19347.066635620307
2026-04-10 08:00:00+00:00,19437.65740061244
2026-04-10 12:00:00+00:00,19485.42967338975
2026-04-10 16:00:00+00:00,19595.42416216255
2026-04-10 20:00:00+00:00,19556.14836266569
2026-04-11 00:00:00+00:00,19544.818802326725
2026-04-11 04:00:00+00:00,19525.490076517624
2026-04-11 08:00:00+00:00,19550.943333303378
2026-04-11 12:00:00+00:00,19542.53847546341
2026-04-11 16:00:00+00:00,19678.029792007597
2026-04-11 20:00:00+00:00,19575.409032568874
2026-04-12 00:00:00+00:00,19337.271181609038
2026-04-12 04:00:00+00:00,19346.832910912817
2026-04-12 08:00:00+00:00,19316.287631119052
2026-04-12 12:00:00+00:00,19221.5665636744
2026-04-12 16:00:00+00:00,19177.676196803142
2026-04-12 20:00:00+00:00,19234.745163838797
2026-04-13 00:00:00+00:00,19195.895362168136
2026-04-13 04:00:00+00:00,19223.397507166093
2026-04-13 08:00:00+00:00,19205.454935583988
2026-04-13 12:00:00+00:00,19040.54484517823
2026-04-13 16:00:00+00:00,19267.786604799734
2026-04-13 20:00:00+00:00,19443.584313241114
2026-04-14 00:00:00+00:00,19447.621117276078
2026-04-14 04:00:00+00:00,19463.619058961456
2026-04-14 08:00:00+00:00,19436.68921110893
2026-04-14 12:00:00+00:00,19582.7477517788
2026-04-14 16:00:00+00:00,19417.20206115931
2026-04-14 20:00:00+00:00,19406.869586608434
2026-04-15 00:00:00+00:00,19435.60590219556
2026-04-15 04:00:00+00:00,19347.172255054757
2026-04-15 08:00:00+00:00,19414.63855009012
2026-04-15 12:00:00+00:00,19360.029357822204
2026-04-15 16:00:00+00:00,19537.216144718976
2026-04-15 20:00:00+00:00,19510.088514992283
2026-04-16 00:00:00+00:00,19521.734080103477
2026-04-16 04:00:00+00:00,19494.033510357116
2026-04-16 08:00:00+00:00,19472.88745087282
2026-04-16 12:00:00+00:00,19493.215138242118
2026-04-16 16:00:00+00:00,19590.43114790922
2026-04-16 20:00:00+00:00,19560.68555481448
2026-04-17 00:00:00+00:00,19482.791958471145
2026-04-17 04:00:00+00:00,19552.387137730297
2026-04-17 08:00:00+00:00,19627.997728301543
2026-04-17 12:00:00+00:00,19958.817960937628
2026-04-17 16:00:00+00:00,19904.69319988358
2026-04-17 20:00:00+00:00,19860.182445049075
2026-04-18 00:00:00+00:00,19851.61046514555
2026-04-18 04:00:00+00:00,19849.5275184825
2026-04-18 08:00:00+00:00,19707.863703846924
2026-04-18 12:00:00+00:00,19725.714786713834
2026-04-18 16:00:00+00:00,19648.152839108778
2026-04-18 20:00:00+00:00,19655.60877422254
2026-04-19 00:00:00+00:00,19628.139330238224
2026-04-19 04:00:00+00:00,19585.259952041568
2026-04-19 08:00:00+00:00,19516.307588046566
2026-04-19 12:00:00+00:00,19476.032915609365
2026-04-19 16:00:00+00:00,19322.47281844931
2026-04-19 20:00:00+00:00,19491.73750452566
2026-04-20 00:00:00+00:00,19361.334738506957
2026-04-20 04:00:00+00:00,19330.360493883796
2026-04-20 08:00:00+00:00,19277.061780964963
2026-04-20 12:00:00+00:00,19199.181145926206
2026-04-20 16:00:00+00:00,19274.756831188926
2026-04-20 20:00:00+00:00,19206.830418943457
2026-04-21 00:00:00+00:00,19189.96719207102
2026-04-21 04:00:00+00:00,19246.15287421106
2026-04-21 08:00:00+00:00,19300.46494835476
2026-04-21 12:00:00+00:00,19208.984127440846
2026-04-21 16:00:00+00:00,19089.571575403228
2026-04-21 20:00:00+00:00,19084.011428064456
2026-04-22 00:00:00+00:00,19084.011428064456
2026-04-22 04:00:00+00:00,19084.011428064456
2026-04-22 08:00:00+00:00,19084.011428064456
2026-04-22 12:00:00+00:00,19084.011428064456
2026-04-22 16:00:00+00:00,19084.011428064456
2026-04-22 20:00:00+00:00,19084.011428064456
2026-04-23 00:00:00+00:00,19084.011428064456
2026-04-23 04:00:00+00:00,19084.011428064456
2026-04-23 08:00:00+00:00,19084.011428064456
2026-04-23 12:00:00+00:00,19084.011428064456
2026-04-23 16:00:00+00:00,19084.011428064456
2026-04-23 20:00:00+00:00,19084.011428064456
2026-04-24 00:00:00+00:00,19084.011428064456
2026-04-24 04:00:00+00:00,19084.011428064456
2026-04-24 08:00:00+00:00,19084.011428064456
2026-04-24 12:00:00+00:00,19084.011428064456
2026-04-24 16:00:00+00:00,19084.011428064456
2026-04-24 20:00:00+00:00,19084.011428064456
2026-04-25 00:00:00+00:00,19084.011428064456
2026-04-25 04:00:00+00:00,19084.011428064456
2026-04-25 08:00:00+00:00,19084.011428064456
2026-04-25 12:00:00+00:00,19084.011428064456
2026-04-25 16:00:00+00:00,19084.011428064456
2026-04-25 20:00:00+00:00,19084.011428064456
2026-04-26 00:00:00+00:00,19084.011428064456
2026-04-26 04:00:00+00:00,19084.011428064456
2026-04-26 08:00:00+00:00,19084.011428064456
2026-04-26 12:00:00+00:00,19084.011428064456
2026-04-26 16:00:00+00:00,19084.011428064456
2026-04-26 20:00:00+00:00,19084.011428064456
2026-04-27 00:00:00+00:00,19084.011428064456
2026-04-27 04:00:00+00:00,19084.011428064456
2026-04-27 08:00:00+00:00,19084.011428064456
2026-04-27 12:00:00+00:00,19084.011428064456
2026-04-27 16:00:00+00:00,19084.011428064456
2026-04-27 20:00:00+00:00,19084.011428064456
2026-04-28 00:00:00+00:00,19084.011428064456
2026-04-28 04:00:00+00:00,19084.011428064456
2026-04-28 08:00:00+00:00,19084.011428064456
2026-04-28 12:00:00+00:00,19084.011428064456
2026-04-28 16:00:00+00:00,19084.011428064456
2026-04-28 20:00:00+00:00,19084.011428064456
2026-04-29 00:00:00+00:00,19084.011428064456
2026-04-29 04:00:00+00:00,19084.011428064456
2026-04-29 08:00:00+00:00,19084.011428064456
2026-04-29 12:00:00+00:00,19084.011428064456
2026-04-29 16:00:00+00:00,19084.011428064456
2026-04-29 20:00:00+00:00,19084.011428064456
2026-04-30 00:00:00+00:00,19084.011428064456
2026-04-30 04:00:00+00:00,19084.011428064456
2026-04-30 08:00:00+00:00,19084.011428064456
2026-04-30 12:00:00+00:00,19084.011428064456
2026-04-30 16:00:00+00:00,19084.011428064456
2026-04-30 20:00:00+00:00,19084.011428064456
2026-05-01 00:00:00+00:00,19084.011428064456
2026-05-01 04:00:00+00:00,19084.011428064456
2026-05-01 08:00:00+00:00,19084.011428064456
2026-05-01 12:00:00+00:00,19084.011428064456
2026-05-01 16:00:00+00:00,19084.011428064456
2026-05-01 20:00:00+00:00,19084.011428064456
2026-05-02 00:00:00+00:00,19084.011428064456
2026-05-02 04:00:00+00:00,19084.011428064456
2026-05-02 08:00:00+00:00,19084.011428064456
2026-05-02 12:00:00+00:00,19084.011428064456
2026-05-02 16:00:00+00:00,19084.011428064456
2026-05-02 20:00:00+00:00,19084.011428064456
2026-05-03 00:00:00+00:00,19084.011428064456
2026-05-03 04:00:00+00:00,19107.419595039988
2026-05-03 08:00:00+00:00,19170.767535319756
2026-05-03 12:00:00+00:00,19171.62948917924
2026-05-03 16:00:00+00:00,19193.858599923526
2026-05-03 20:00:00+00:00,19148.943216558397
2026-05-04 00:00:00+00:00,19527.48900741546
2026-05-04 04:00:00+00:00,19404.81443671174
2026-05-04 08:00:00+00:00,19230.203402013987
2026-05-04 12:00:00+00:00,19447.331555934263
2026-05-04 16:00:00+00:00,19454.29656612582
2026-05-04 20:00:00+00:00,19422.685380895597
2026-05-05 00:00:00+00:00,19590.17850399095
2026-05-05 04:00:00+00:00,19586.661795613425
2026-05-05 08:00:00+00:00,19613.266129547446
2026-05-05 12:00:00+00:00,19700.289905509435
2026-05-05 16:00:00+00:00,19712.566392444078
2026-05-05 20:00:00+00:00,19592.65261810022
2026-05-06 00:00:00+00:00,19708.49847230052
2026-05-06 04:00:00+00:00,19674.193615330936
2026-05-06 08:00:00+00:00,19872.710524983508
2026-05-06 12:00:00+00:00,19734.37587632452
2026-05-06 16:00:00+00:00,19696.072371067392
2026-05-06 20:00:00+00:00,19691.740563415522
2026-05-07 00:00:00+00:00,19595.42216461624
2026-05-07 04:00:00+00:00,19707.96241516927
2026-05-07 08:00:00+00:00,19601.118314358602
2026-05-07 12:00:00+00:00,19443.984099658173
2026-05-07 16:00:00+00:00,19481.628872505906
2026-05-07 20:00:00+00:00,19460.532923178496
2026-05-08 00:00:00+00:00,19393.529463277093
2026-05-08 04:00:00+00:00,19366.053520350863
2026-05-08 08:00:00+00:00,19278.539384664364
2026-05-08 12:00:00+00:00,19255.54648230607
2026-05-08 16:00:00+00:00,19260.31225436213
2026-05-08 20:00:00+00:00,19261.42103068
2026-05-09 00:00:00+00:00,19292.314313572137
2026-05-09 04:00:00+00:00,19264.592829105084
2026-05-09 08:00:00+00:00,19287.678314152534
2026-05-09 12:00:00+00:00,19319.815223892885
2026-05-09 16:00:00+00:00,19395.558424454393
2026-05-09 20:00:00+00:00,19345.471698311518
2026-05-10 00:00:00+00:00,19364.982690914883
2026-05-10 04:00:00+00:00,19356.870106530503
2026-05-10 08:00:00+00:00,19373.75872972548
2026-05-10 12:00:00+00:00,19502.2412368365
2026-05-10 16:00:00+00:00,19504.754243545744
2026-05-10 20:00:00+00:00,19675.620915236952
2026-05-11 00:00:00+00:00,19380.110271851157
2026-05-11 04:00:00+00:00,19382.214029731178
2026-05-11 08:00:00+00:00,19466.565484302922
2026-05-11 12:00:00+00:00,19510.950233117113
2026-05-11 16:00:00+00:00,19605.503918500737
2026-05-11 20:00:00+00:00,19564.842393481893
2026-05-12 00:00:00+00:00,19437.947082036073
2026-05-12 04:00:00+00:00,19397.41812380522
2026-05-12 08:00:00+00:00,19384.294468571654
2026-05-12 12:00:00+00:00,19452.93762821092
2026-05-12 16:00:00+00:00,19359.06864166301
2026-05-12 20:00:00+00:00,19421.931157154446
2026-05-13 00:00:00+00:00,19278.567479787274
2026-05-13 04:00:00+00:00,19322.640324146203
2026-05-13 08:00:00+00:00,19423.695195415083
2026-05-13 12:00:00+00:00,19744.029330572666
2026-05-13 16:00:00+00:00,19595.486918529252
2026-05-13 20:00:00+00:00,19651.995819906475
2026-05-14 00:00:00+00:00,19704.054742551554
2026-05-14 04:00:00+00:00,19576.96228370195
2026-05-14 08:00:00+00:00,19663.997311757914
2026-05-14 12:00:00+00:00,19296.254641325264
2026-05-14 16:00:00+00:00,19275.30676589563
2026-05-14 20:00:00+00:00,19208.754612786815
2026-05-15 00:00:00+00:00,19204.855308678158
2026-05-15 04:00:00+00:00,19164.999520517893
2026-05-15 08:00:00+00:00,19184.662003012974
2026-05-15 12:00:00+00:00,19433.857344645607
2026-05-15 16:00:00+00:00,19435.7242140973
2026-05-15 20:00:00+00:00,19440.571763928114
2026-05-16 00:00:00+00:00,19446.398316336155
2026-05-16 04:00:00+00:00,19571.355217820354
2026-05-16 08:00:00+00:00,19622.27473734647
2026-05-16 12:00:00+00:00,19595.724748799905
2026-05-16 16:00:00+00:00,19590.990410684783
2026-05-16 20:00:00+00:00,19584.040817915702
2026-05-17 00:00:00+00:00,19584.040817915702
2026-05-17 04:00:00+00:00,19547.987555860924
2026-05-17 08:00:00+00:00,19501.324318092007
2026-05-17 12:00:00+00:00,19574.39670380142
2026-05-17 16:00:00+00:00,19501.365023601145
2026-05-17 20:00:00+00:00,19691.190471167887
2026-05-18 00:00:00+00:00,19791.285332311214
2026-05-18 04:00:00+00:00,19764.592081932733
2026-05-18 08:00:00+00:00,19723.505137421318
2026-05-18 12:00:00+00:00,19890.377757390797
2026-05-18 16:00:00+00:00,19798.16384840655
2026-05-18 20:00:00+00:00,19786.35060824189
2026-05-19 00:00:00+00:00,19826.680156858958
2026-05-19 04:00:00+00:00,19743.18003092951
2026-05-19 08:00:00+00:00,19841.157377732172
2026-05-19 12:00:00+00:00,19876.709163872183
2026-05-19 16:00:00+00:00,19822.892301657175
2026-05-19 20:00:00+00:00,19819.070091358008
2026-05-20 00:00:00+00:00,19840.5993751401
2026-05-20 04:00:00+00:00,19729.89708730586
2026-05-20 08:00:00+00:00,19711.25122306523
2026-05-20 12:00:00+00:00,19696.791497833663
2026-05-20 16:00:00+00:00,19657.027555407338
2026-05-20 20:00:00+00:00,19680.584538289495
2026-05-21 00:00:00+00:00,19575.55075041664
2026-05-21 04:00:00+00:00,19613.812563838364
2026-05-21 08:00:00+00:00,19752.34332812409
2026-05-21 12:00:00+00:00,19738.911193420878
2026-05-21 16:00:00+00:00,19654.163393559524
2026-05-21 20:00:00+00:00,19667.68320881527
2026-05-22 00:00:00+00:00,19637.40965023687
2026-05-22 04:00:00+00:00,19712.635243417306
2026-05-22 08:00:00+00:00,19706.790646836344
2026-05-22 12:00:00+00:00,19840.183935335976
2026-05-22 16:00:00+00:00,20031.932677150635
2026-05-22 20:00:00+00:00,20093.638279126015
2026-05-23 00:00:00+00:00,20076.77563833805
2026-05-23 04:00:00+00:00,20284.80667531936
2026-05-23 08:00:00+00:00,20247.22699586745
2026-05-23 12:00:00+00:00,20103.23887999469
2026-05-23 16:00:00+00:00,20014.64317343916
2026-05-23 20:00:00+00:00,19865.81931954349
2026-05-24 00:00:00+00:00,19869.11016446771
2026-05-24 04:00:00+00:00,19855.98319751529
2026-05-24 08:00:00+00:00,19756.646380851915
2026-05-24 12:00:00+00:00,19936.768019225758
2026-05-24 16:00:00+00:00,19863.246251848697
2026-05-24 20:00:00+00:00,19807.160790303613
2026-05-25 00:00:00+00:00,19815.669770532317
2026-05-25 04:00:00+00:00,19742.144162168915
2026-05-25 08:00:00+00:00,19753.72439788887
2026-05-25 12:00:00+00:00,19701.56811001463
2026-05-25 16:00:00+00:00,19737.441187393084
2026-05-25 20:00:00+00:00,19761.487090825314
2026-05-26 00:00:00+00:00,19894.782753147738
2026-05-26 04:00:00+00:00,19883.314254816614
2026-05-26 08:00:00+00:00,19787.626634264612
2026-05-26 12:00:00+00:00,19922.34438840324
2026-05-26 16:00:00+00:00,20006.719419218196
2026-05-26 20:00:00+00:00,20029.422118327213
2026-05-27 00:00:00+00:00,20022.34961540452
2026-05-27 04:00:00+00:00,20022.34961540452
2026-05-27 08:00:00+00:00,20022.34961540452
2026-05-27 12:00:00+00:00,20022.34961540452
2026-05-27 16:00:00+00:00,20022.34961540452
2026-05-27 20:00:00+00:00,20022.34961540452
2026-05-28 00:00:00+00:00,20022.34961540452
2026-05-28 04:00:00+00:00,20046.20952099171
2026-05-28 08:00:00+00:00,20047.168035948092
2026-05-28 12:00:00+00:00,19977.94833439063
2026-05-28 16:00:00+00:00,19879.04733465139
2026-05-28 20:00:00+00:00,19843.84852916453
2026-05-29 00:00:00+00:00,19902.655974543446
2026-05-29 04:00:00+00:00,19863.07896305331
2026-05-29 08:00:00+00:00,19871.06888066986
2026-05-29 12:00:00+00:00,19810.548241041615
2026-05-29 16:00:00+00:00,19860.808656743764
2026-05-29 20:00:00+00:00,19870.998345561104
2026-05-30 00:00:00+00:00,19860.181907246177
2026-05-30 04:00:00+00:00,19856.163447552204
2026-05-30 08:00:00+00:00,19846.888335951633
2026-05-30 12:00:00+00:00,19786.224634551247
2026-05-30 16:00:00+00:00,19769.336012101918
2026-05-30 20:00:00+00:00,19793.373087110762
2026-05-31 00:00:00+00:00,19742.819503199687
2026-05-31 04:00:00+00:00,19799.43509767311
2026-05-31 08:00:00+00:00,19783.13209901809
2026-05-31 12:00:00+00:00,19848.428808642882
2026-05-31 16:00:00+00:00,19869.562688159876
2026-05-31 20:00:00+00:00,19839.754994533312
2026-06-01 00:00:00+00:00,19823.15186010875
2026-06-01 04:00:00+00:00,20033.427734683744
2026-06-01 08:00:00+00:00,20103.259160594964
2026-06-01 12:00:00+00:00,20391.03776827777
2026-06-01 16:00:00+00:00,20295.864872789116
2026-06-01 20:00:00+00:00,20331.19470806017
2026-06-02 00:00:00+00:00,20425.143291445966
2026-06-02 04:00:00+00:00,20585.015928163935
2026-06-02 08:00:00+00:00,20705.90435359004
2026-06-02 12:00:00+00:00,21107.18982641689
2026-06-02 16:00:00+00:00,21105.186910319768
2026-06-02 20:00:00+00:00,21196.924704530866
2026-06-03 00:00:00+00:00,21342.66584207812
2026-06-03 04:00:00+00:00,21131.773905953927
2026-06-03 08:00:00+00:00,21153.884908230648
2026-06-03 12:00:00+00:00,21302.39016252856
2026-06-03 16:00:00+00:00,21395.754099720252
2026-06-03 20:00:00+00:00,21591.861394370604
2026-06-04 00:00:00+00:00,21559.921930045966
2026-06-04 04:00:00+00:00,21662.999966467924
2026-06-04 08:00:00+00:00,21802.31225711244
2026-06-04 12:00:00+00:00,21624.964222697625
2026-06-04 16:00:00+00:00,21658.21500644872
2026-06-04 20:00:00+00:00,21626.150736068466
2026-06-05 00:00:00+00:00,21774.515937709013
2026-06-05 04:00:00+00:00,21726.470215025813
2026-06-05 08:00:00+00:00,21864.72569612824
2026-06-05 12:00:00+00:00,22050.9080663915
2026-06-05 16:00:00+00:00,22066.323981430298
2026-06-05 20:00:00+00:00,21980.35376962591
2026-06-06 00:00:00+00:00,22020.10858480923
2026-06-06 04:00:00+00:00,21984.771639310304
2026-06-06 08:00:00+00:00,22007.41077689642
2026-06-06 12:00:00+00:00,22009.58026970139
2026-06-06 16:00:00+00:00,22031.277513065845
2026-06-06 20:00:00+00:00,21997.380875321574
2026-06-07 00:00:00+00:00,21897.129967128032
2026-06-07 04:00:00+00:00,21811.962234562106
2026-06-07 08:00:00+00:00,21783.06578443215
2026-06-07 12:00:00+00:00,21849.657364028822
2026-06-07 16:00:00+00:00,21947.98178730914
2026-06-07 20:00:00+00:00,21690.88472837139
2026-06-08 00:00:00+00:00,21714.448047033016
2026-06-08 04:00:00+00:00,21695.43986821313
2026-06-08 08:00:00+00:00,21672.4868174865
2026-06-08 12:00:00+00:00,21635.921276769004
2026-06-08 16:00:00+00:00,21684.53035487607
2026-06-08 20:00:00+00:00,21720.777912596353
2026-06-09 00:00:00+00:00,21748.20406279423
2026-06-09 04:00:00+00:00,21705.28436989144
2026-06-09 08:00:00+00:00,21770.376269084896
2026-06-09 12:00:00+00:00,21983.9424152226
2026-06-09 16:00:00+00:00,21855.04142117342
2026-06-09 20:00:00+00:00,21904.230641985174
2026-06-10 00:00:00+00:00,21928.028575058976
2026-06-10 04:00:00+00:00,21909.235048518705
2026-06-10 08:00:00+00:00,22000.10119381792
2026-06-10 12:00:00+00:00,21773.221184172282
2026-06-10 16:00:00+00:00,21867.94492648755
2026-06-10 20:00:00+00:00,21926.214193814973
2026-06-11 00:00:00+00:00,21762.351944635
2026-06-11 04:00:00+00:00,21757.416257452693
2026-06-11 08:00:00+00:00,21703.23294950637
2026-06-11 12:00:00+00:00,21754.673837422088
2026-06-11 16:00:00+00:00,21630.12233346572
2026-06-11 20:00:00+00:00,21625.73969623419
2026-06-12 00:00:00+00:00,21641.399582416387
2026-06-12 04:00:00+00:00,21705.539196145604
2026-06-12 08:00:00+00:00,21604.749826176765
2026-06-12 12:00:00+00:00,21599.967817537854
2026-06-12 16:00:00+00:00,21599.967817537854
2026-06-12 20:00:00+00:00,21599.967817537854
2026-06-13 00:00:00+00:00,21599.967817537854
2026-06-13 04:00:00+00:00,21599.967817537854
2026-06-13 08:00:00+00:00,21599.967817537854
2026-06-13 12:00:00+00:00,21599.967817537854
2026-06-13 16:00:00+00:00,21599.967817537854
2026-06-13 20:00:00+00:00,21599.967817537854
2026-06-14 00:00:00+00:00,21599.967817537854
2026-06-14 04:00:00+00:00,21599.967817537854
2026-06-14 08:00:00+00:00,21599.967817537854
2026-06-14 12:00:00+00:00,21599.967817537854
2026-06-14 16:00:00+00:00,21599.967817537854
2026-06-14 20:00:00+00:00,21599.967817537854
2026-06-15 00:00:00+00:00,21599.967817537854
2026-06-15 04:00:00+00:00,21599.967817537854
2026-06-15 08:00:00+00:00,21599.967817537854
2026-06-15 12:00:00+00:00,21599.967817537854
2026-06-15 16:00:00+00:00,21723.49820087971
2026-06-15 20:00:00+00:00,21780.65616017579
2026-06-16 00:00:00+00:00,21812.41558849438
2026-06-16 04:00:00+00:00,21769.370613944273
2026-06-16 08:00:00+00:00,21746.428422408324
2026-06-16 12:00:00+00:00,21869.79354694688
2026-06-16 16:00:00+00:00,21906.15731903689
2026-06-16 20:00:00+00:00,21907.77534890259
2026-06-17 00:00:00+00:00,21872.72976583114
2026-06-17 04:00:00+00:00,21936.685889759723
2026-06-17 08:00:00+00:00,22084.530644222803
2026-06-17 12:00:00+00:00,21894.340612121614
2026-06-17 16:00:00+00:00,22175.278965348327
2026-06-17 20:00:00+00:00,22138.139545958198
2026-06-18 00:00:00+00:00,22178.333623251587
2026-06-18 04:00:00+00:00,22137.85846874324
2026-06-18 08:00:00+00:00,22237.604411032433
2026-06-18 12:00:00+00:00,22231.52438275364
2026-06-18 16:00:00+00:00,22231.52438275364
2026-06-18 20:00:00+00:00,22231.52438275364
2026-06-19 00:00:00+00:00,22231.52438275364
2026-06-19 04:00:00+00:00,22231.52438275364
2026-06-19 08:00:00+00:00,22231.52438275364
2026-06-19 12:00:00+00:00,22231.52438275364
2026-06-19 16:00:00+00:00,22231.52438275364
2026-06-19 20:00:00+00:00,22231.52438275364
2026-06-20 00:00:00+00:00,22231.52438275364
2026-06-20 04:00:00+00:00,22231.52438275364
2026-06-20 08:00:00+00:00,22231.52438275364
2026-06-20 12:00:00+00:00,22231.52438275364
2026-06-20 16:00:00+00:00,22231.52438275364
2026-06-20 20:00:00+00:00,22231.52438275364
2026-06-21 00:00:00+00:00,22231.52438275364
2026-06-21 04:00:00+00:00,22231.52438275364
2026-06-21 08:00:00+00:00,22231.52438275364
2026-06-21 12:00:00+00:00,22231.52438275364
2026-06-21 16:00:00+00:00,22231.52438275364
2026-06-21 20:00:00+00:00,22231.52438275364
2026-06-22 00:00:00+00:00,22231.52438275364
2026-06-22 04:00:00+00:00,22231.52438275364
2026-06-22 08:00:00+00:00,22231.52438275364
2026-06-22 12:00:00+00:00,22231.52438275364
2026-06-22 16:00:00+00:00,22231.52438275364
2026-06-22 20:00:00+00:00,22231.52438275364
2026-06-23 00:00:00+00:00,22231.52438275364
2026-06-23 04:00:00+00:00,22231.52438275364
2026-06-23 08:00:00+00:00,22231.52438275364
2026-06-23 12:00:00+00:00,22231.52438275364
2026-06-23 16:00:00+00:00,22231.52438275364
2026-06-23 20:00:00+00:00,22231.52438275364
2026-06-24 00:00:00+00:00,22231.52438275364
2026-06-24 04:00:00+00:00,22231.52438275364
2026-06-24 08:00:00+00:00,22231.52438275364
2026-06-24 12:00:00+00:00,22231.52438275364
2026-06-24 16:00:00+00:00,22186.749545533814
2026-06-24 20:00:00+00:00,21971.528546083024
2026-06-25 00:00:00+00:00,22006.01712520842
2026-06-25 04:00:00+00:00,21819.56840728556
2026-06-25 08:00:00+00:00,21930.195779020552
2026-06-25 12:00:00+00:00,22236.3913557899
2026-06-25 16:00:00+00:00,22272.70255025429
2026-06-25 20:00:00+00:00,22198.13387203955
2026-06-26 00:00:00+00:00,22160.1127326113
2026-06-26 04:00:00+00:00,22087.503654651802
2026-06-26 08:00:00+00:00,22254.848058225572
2026-06-26 12:00:00+00:00,22117.891831198012
2026-06-26 16:00:00+00:00,22201.35898033562
2026-06-26 20:00:00+00:00,22150.256596173032
2026-06-27 00:00:00+00:00,22120.45692753445
2026-06-27 04:00:00+00:00,22082.606570811793
2026-06-27 08:00:00+00:00,22112.642619874732
2026-06-27 12:00:00+00:00,22033.89888885333
2026-06-27 16:00:00+00:00,22143.553157388225
2026-06-27 20:00:00+00:00,22168.451279022956
2026-06-28 00:00:00+00:00,22140.115292404545
2026-06-28 04:00:00+00:00,22135.914381837454
2026-06-28 08:00:00+00:00,22114.06362294112
2026-06-28 12:00:00+00:00,22198.881777433286
2026-06-28 16:00:00+00:00,22273.453073671622
2026-06-28 20:00:00+00:00,22254.779838568727
2026-06-29 00:00:00+00:00,22167.106093612012
2026-06-29 04:00:00+00:00,22170.80020615684
2026-06-29 08:00:00+00:00,22184.586513673094
2026-06-29 12:00:00+00:00,22207.957564850287
2026-06-29 16:00:00+00:00,22101.152915881055
2026-06-29 20:00:00+00:00,22133.27622229781
2026-06-30 00:00:00+00:00,22246.456338558757
2026-06-30 04:00:00+00:00,22264.401640545428
2026-06-30 08:00:00+00:00,22328.32396264015
2026-06-30 12:00:00+00:00,22484.395730715107
2026-06-30 16:00:00+00:00,22400.300805850347
2026-06-30 20:00:00+00:00,22436.980278095798
2026-07-01 00:00:00+00:00,22324.23707350072
2026-07-01 04:00:00+00:00,22405.542823530155
2026-07-01 08:00:00+00:00,22434.70522098833
2026-07-01 12:00:00+00:00,22137.699392053797
2026-07-01 16:00:00+00:00,22159.270020127824
2026-07-01 20:00:00+00:00,22159.247769593832
2026-07-02 00:00:00+00:00,21977.85214148122
2026-07-02 04:00:00+00:00,22131.35224558302
2026-07-02 08:00:00+00:00,21926.471279452722
2026-07-02 12:00:00+00:00,21884.16106851926
2026-07-02 16:00:00+00:00,21906.387462885785
2026-07-02 20:00:00+00:00,21891.644957326316
2026-07-03 00:00:00+00:00,21915.465188573686
2026-07-03 04:00:00+00:00,21857.67956793743
2026-07-03 08:00:00+00:00,21811.968607784373
2026-07-03 12:00:00+00:00,21829.69373766726
2026-07-03 16:00:00+00:00,21777.792418099885
2026-07-03 20:00:00+00:00,21704.366405965437
2026-07-04 00:00:00+00:00,21697.15195706914
2026-07-04 04:00:00+00:00,21708.71131460045
2026-07-04 08:00:00+00:00,21727.64083058115
2026-07-04 12:00:00+00:00,21635.338873270506
2026-07-04 16:00:00+00:00,21562.38852637318
2026-07-04 20:00:00+00:00,21593.98412812864
2026-07-05 00:00:00+00:00,21587.439486989748
2026-07-05 04:00:00+00:00,21587.439486989748
2026-07-05 08:00:00+00:00,21587.439486989748
2026-07-05 12:00:00+00:00,21587.439486989748
2026-07-05 16:00:00+00:00,21586.393569443597
2026-07-05 20:00:00+00:00,21787.88308080978
2026-07-06 00:00:00+00:00,21710.19108984975
2026-07-06 04:00:00+00:00,21664.22714285586
2026-07-06 08:00:00+00:00,21528.729029527683
2026-07-06 12:00:00+00:00,21763.400889692624
2026-07-06 16:00:00+00:00,21713.47372830359
2026-07-06 20:00:00+00:00,21764.655312340477
2026-07-07 00:00:00+00:00,21590.98632606863
2026-07-07 04:00:00+00:00,21570.82816165734
2026-07-07 08:00:00+00:00,21497.401426401477
2026-07-07 12:00:00+00:00,21390.86563214055
2026-07-07 16:00:00+00:00,21355.64429382755
2026-07-07 20:00:00+00:00,21268.195486651814
2026-07-08 00:00:00+00:00,21154.017829795277
2026-07-08 04:00:00+00:00,21121.26048074525
2026-07-08 08:00:00+00:00,21231.869661896526
2026-07-08 12:00:00+00:00,21342.583960509146
2026-07-08 16:00:00+00:00,21235.391053271742
2026-07-08 20:00:00+00:00,21234.649052638935
2026-07-09 00:00:00+00:00,21295.38110276941
2026-07-09 04:00:00+00:00,21097.732003382167
2026-07-09 08:00:00+00:00,21045.23212225392
2026-07-09 12:00:00+00:00,21039.45007326818
2026-07-09 16:00:00+00:00,21039.45007326818
2026-07-09 20:00:00+00:00,21039.45007326818
2026-07-10 00:00:00+00:00,21039.45007326818
2026-07-10 04:00:00+00:00,21039.45007326818
2026-07-10 08:00:00+00:00,21039.45007326818
2026-07-10 12:00:00+00:00,21039.45007326818
2026-07-10 16:00:00+00:00,21039.45007326818
2026-07-10 20:00:00+00:00,21039.45007326818
2026-07-11 00:00:00+00:00,21039.45007326818
2026-07-11 04:00:00+00:00,21039.45007326818
2026-07-11 08:00:00+00:00,21039.45007326818
2026-07-11 12:00:00+00:00,21039.45007326818
2026-07-11 16:00:00+00:00,21039.45007326818
2026-07-11 20:00:00+00:00,21039.45007326818
2026-07-12 00:00:00+00:00,21039.45007326818
2026-07-12 04:00:00+00:00,21039.45007326818
2026-07-12 08:00:00+00:00,21039.45007326818
2026-07-12 12:00:00+00:00,21039.45007326818
2026-07-12 16:00:00+00:00,21039.45007326818
2026-07-12 20:00:00+00:00,21039.45007326818
2026-07-13 00:00:00+00:00,21039.45007326818
2026-07-13 04:00:00+00:00,21039.45007326818
2026-07-13 08:00:00+00:00,21039.45007326818
2026-07-13 12:00:00+00:00,21039.45007326818
2026-07-13 16:00:00+00:00,21039.45007326818
2026-07-13 20:00:00+00:00,21039.45007326818
2026-07-14 00:00:00+00:00,20979.19190631038
2026-07-14 04:00:00+00:00,20981.040699403737
2026-07-14 08:00:00+00:00,20912.905176054424
2026-07-14 12:00:00+00:00,20438.70868760627
2026-07-14 16:00:00+00:00,20383.72035215212
2026-07-14 20:00:00+00:00,20485.136385587622
2026-07-15 00:00:00+00:00,20428.954038950258
2026-07-15 04:00:00+00:00,20378.42203238722
2026-07-15 08:00:00+00:00,20415.512779326127
2026-07-15 12:00:00+00:00,20566.110898812778
2026-07-15 16:00:00+00:00,20467.86585174304
2026-07-15 20:00:00+00:00,20420.25609041533
2026-07-16 00:00:00+00:00,20391.474373366036
2026-07-16 04:00:00+00:00,20303.371748893554
2026-07-16 08:00:00+00:00,20307.92417589505
2026-07-16 12:00:00+00:00,20407.751846830095
2026-07-16 16:00:00+00:00,20312.136841790893
2026-07-16 20:00:00+00:00,20217.0981741872
2026-07-17 00:00:00+00:00,20158.91939652214
2026-07-17 04:00:00+00:00,19997.403937345305
2026-07-17 08:00:00+00:00,19882.472891356796
2026-07-17 12:00:00+00:00,19848.956698109145
2026-07-17 16:00:00+00:00,19707.84370915404
2026-07-17 20:00:00+00:00,19652.84613580949
2026-07-18 00:00:00+00:00,19668.55725637536
2026-07-18 04:00:00+00:00,19666.28030362946
2026-07-18 08:00:00+00:00,19676.81923854183
2026-07-18 12:00:00+00:00,19689.642616440233
2026-07-18 16:00:00+00:00,19792.512770089677
2026-07-18 20:00:00+00:00,19859.417187561365
2026-07-19 00:00:00+00:00,19829.839458708106
2026-07-19 04:00:00+00:00,19831.03260583987
2026-07-19 08:00:00+00:00,19766.078753922528
2026-07-19 12:00:00+00:00,19792.08163787059
2026-07-19 16:00:00+00:00,19762.333697144484
2026-07-19 20:00:00+00:00,19831.422514171572
2026-07-20 00:00:00+00:00,19869.600015265383
2026-07-20 04:00:00+00:00,19712.351605088978
2026-07-20 08:00:00+00:00,19892.711323746316
2026-07-20 12:00:00+00:00,20037.3441993582
2026-07-20 16:00:00+00:00,19934.561910749573
2026-07-20 20:00:00+00:00,19957.84001724282
2026-07-21 00:00:00+00:00,20028.146300318924
2026-07-21 04:00:00+00:00,20172.13426529272
2026-07-21 08:00:00+00:00,20205.35213913628
2026-07-21 12:00:00+00:00,20283.142014723
2026-07-21 16:00:00+00:00,20226.4183725336
2026-07-21 20:00:00+00:00,20252.5556700082
2026-07-22 00:00:00+00:00,20169.488742269306
2026-07-22 04:00:00+00:00,20082.93363192001
2026-07-22 08:00:00+00:00,20121.53650781044
2026-07-22 12:00:00+00:00,20129.396997319313
2026-07-22 16:00:00+00:00,20099.364969861406
2026-07-22 20:00:00+00:00,20144.84427634773
2026-07-23 00:00:00+00:00,20033.49666663244
2026-07-23 04:00:00+00:00,19980.065468805456
2026-07-23 08:00:00+00:00,20009.11470968984
2026-07-23 12:00:00+00:00,19863.85578270942
2026-07-23 16:00:00+00:00,19878.11606175334
2026-07-23 20:00:00+00:00,19816.32912271699
2026-07-24 00:00:00+00:00,19727.998257586034
2026-07-24 04:00:00+00:00,19716.91526358983
2026-07-24 08:00:00+00:00,19594.629988995617
2026-07-24 12:00:00+00:00,19819.014104915197
2026-07-24 16:00:00+00:00,19788.08960627025
2026-07-24 20:00:00+00:00,19807.493814377736
2026-07-25 00:00:00+00:00,19823.742522623877
2026-07-25 04:00:00+00:00,19843.789986605134
2026-07-25 08:00:00+00:00,19829.174493435108
2026-07-25 12:00:00+00:00,19797.220141520713
2026-07-25 16:00:00+00:00,19739.444336989996
2026-07-25 20:00:00+00:00,19745.251257864653
2026-07-26 00:00:00+00:00,19693.350222479166
2026-07-26 04:00:00+00:00,19745.764519366854
2026-07-26 08:00:00+00:00,19704.244340189976
2026-07-26 12:00:00+00:00,19625.6465998633
2026-07-26 16:00:00+00:00,19647.881886717743
2026-07-26 20:00:00+00:00,19422.420261598818
2026-07-27 00:00:00+00:00,19367.49500640015
2026-07-27 04:00:00+00:00,19348.01397838833
2026-07-27 08:00:00+00:00,19310.5572502031
2026-07-27 12:00:00+00:00,19144.652296899683
2026-07-27 16:00:00+00:00,19006.88361907654
2026-07-27 20:00:00+00:00,18998.163994675277
2026-07-28 00:00:00+00:00,18998.163994675277
2026-07-28 04:00:00+00:00,18998.163994675277
2026-07-28 08:00:00+00:00,18998.163994675277
2026-07-28 12:00:00+00:00,18998.163994675277
2026-07-28 16:00:00+00:00,18998.163994675277
2026-07-28 20:00:00+00:00,18998.163994675277
2026-07-29 00:00:00+00:00,18998.163994675277
2026-07-29 04:00:00+00:00,18998.163994675277
2026-07-29 08:00:00+00:00,18998.163994675277
2026-07-29 12:00:00+00:00,18998.163994675277
2026-07-29 16:00:00+00:00,18998.163994675277
2026-07-29 20:00:00+00:00,18904.998697929972
2026-07-30 00:00:00+00:00,18868.658196786793
2026-07-30 04:00:00+00:00,18900.66628045945
2026-07-30 08:00:00+00:00,18730.69764203078
2026-07-30 12:00:00+00:00,18745.9764570684
2026-07-30 16:00:00+00:00,18739.1299536202
2026-07-30 20:00:00+00:00,18739.1299536202
2026-07-31 00:00:00+00:00,18739.1299536202
2026-07-31 04:00:00+00:00,18739.1299536202
2026-07-31 08:00:00+00:00,18739.1299536202
2026-07-31 12:00:00+00:00,18739.1299536202
2026-07-31 16:00:00+00:00,18681.971370566087
2026-07-31 20:00:00+00:00,18699.818561894397
