ema_fast,ema_slow,atr_period,adx_period,adx_enter,adx_exit,trend_separation_atr,rsi_period,rsi_entry,rsi_exit,bb_period,bb_std,mr_stop_atr,mr_max_bars,target_vol,max_leverage,trend_scale,rebound_scale,allow_short,rebalance_bars,vol_risk_enabled,realized_vol_period,vol_baseline_period,vol_shock_enter,vol_shock_exit,vol_shock_scale,vol_momentum_period,robust_score,minimum_sharpe,minimum_calmar,sharpe_stability,train_total_return,train_cagr,train_annualized_volatility,train_sharpe,train_sortino,train_max_drawdown,train_trade_count,train_win_rate,train_final_equity,train_max_leverage_observed,train_average_leverage,train_turnover_multiple,train_rebalance_events,validation_total_return,validation_cagr,validation_annualized_volatility,validation_sharpe,validation_sortino,validation_max_drawdown,validation_trade_count,validation_win_rate,validation_final_equity,validation_max_leverage_observed,validation_average_leverage,validation_turnover_multiple,validation_rebalance_events,pre_holdout_total_return,pre_holdout_cagr,pre_holdout_annualized_volatility,pre_holdout_sharpe,pre_holdout_sortino,pre_holdout_max_drawdown,pre_holdout_trade_count,pre_holdout_win_rate,pre_holdout_final_equity,pre_holdout_max_leverage_observed,pre_holdout_average_leverage,pre_holdout_turnover_multiple,pre_holdout_rebalance_events
30,120,20,14,27.0,18.0,0.15,14,27.0,52.0,24,2.0,2.2,18,1.0,5.0,1.25,0.65,False,72,False,24,180,1.5,1.1,0.5,18,1.6965081981385064,1.3837738119061511,2.520985461334246,0.5167153694620557,4.31764497924285,0.7453721846335009,0.48858592252732397,1.3837738119061511,2.1746258958646534,-0.2956669905739989,89.0,0.43820224719101125,53176.4497924285,4.104406693057735,0.3491821278304017,247.17643884648604,197.0,6.321951344376082,1.7046821883805996,0.6200556098271554,1.9004891813682068,3.5808546025142007,-0.3528911260769323,73.0,0.3835616438356164,73219.51344376082,4.994827378062632,0.6428430882177761,278.6089488367507,168.0,37.93553780468167,1.079541882702277,0.5449783761233081,1.609210360201221,2.754215112184846,-0.3528911260769336,162.0,0.41358024691358025,389355.37804681674,4.994827378062632,0.4666786587790447,525.7853876832366,365.0
30,120,20,14,27.0,18.0,0.15,14,27.0,52.0,24,2.0,2.2,18,1.0,5.0,1.25,0.65,False,72,True,48,90,1.75,0.9,0.0,18,1.6965081981385064,1.3837738119061511,2.520985461334246,0.5167153694620557,4.31764497924285,0.7453721846335009,0.48858592252732397,1.3837738119061511,2.1746258958646534,-0.2956669905739989,89.0,0.43820224719101125,53176.4497924285,4.104406693057735,0.3491821278304017,247.17643884648604,197.0,6.321951344376082,1.7046821883805996,0.6200556098271554,1.9004891813682068,3.5808546025142007,-0.3528911260769323,73.0,0.3835616438356164,73219.51344376082,4.994827378062632,0.6428430882177761,278.6089488367507,168.0,37.93553780468167,1.079541882702277,0.5449783761233081,1.609210360201221,2.754215112184846,-0.3528911260769336,162.0,0.41358024691358025,389355.37804681674,4.994827378062632,0.4666786587790447,525.7853876832366,365.0
30,120,20,14,27.0,18.0,0.15,14,27.0,52.0,24,2.0,2.2,18,1.0,5.0,1.25,0.65,False,72,True,48,90,1.75,0.9,0.0,36,1.6965081981385064,1.3837738119061511,2.520985461334246,0.5167153694620557,4.31764497924285,0.7453721846335009,0.48858592252732397,1.3837738119061511,2.1746258958646534,-0.2956669905739989,89.0,0.43820224719101125,53176.4497924285,4.104406693057735,0.3491821278304017,247.17643884648604,197.0,6.321951344376082,1.7046821883805996,0.6200556098271554,1.9004891813682068,3.5808546025142007,-0.3528911260769323,73.0,0.3835616438356164,73219.51344376082,4.994827378062632,0.6428430882177761,278.6089488367507,168.0,37.93553780468167,1.079541882702277,0.5449783761233081,1.609210360201221,2.754215112184846,-0.3528911260769336,162.0,0.41358024691358025,389355.37804681674,4.994827378062632,0.4666786587790447,525.7853876832366,365.0
30,120,20,14,27.0,18.0,0.15,14,27.0,52.0,24,2.0,2.2,18,1.0,5.0,1.25,0.65,False,72,True,48,90,1.75,0.9,0.25,18,1.6965081981385064,1.3837738119061511,2.520985461334246,0.5167153694620557,4.31764497924285,0.7453721846335009,0.48858592252732397,1.3837738119061511,2.1746258958646534,-0.2956669905739989,89.0,0.43820224719101125,53176.4497924285,4.104406693057735,0.3491821278304017,247.17643884648604,197.0,6.321951344376082,1.7046821883805996,0.6200556098271554,1.9004891813682068,3.5808546025142007,-0.3528911260769323,73.0,0.3835616438356164,73219.51344376082,4.994827378062632,0.6428430882177761,278.6089488367507,168.0,37.93553780468167,1.079541882702277,0.5449783761233081,1.609210360201221,2.754215112184846,-0.3528911260769336,162.0,0.41358024691358025,389355.37804681674,4.994827378062632,0.4666786587790447,525.7853876832366,365.0
30,120,20,14,27.0,18.0,0.15,14,27.0,52.0,24,2.0,2.2,18,1.0,5.0,1.25,0.65,False,72,True,48,90,1.75,0.9,0.25,36,1.6965081981385064,1.3837738119061511,2.520985461334246,0.5167153694620557,4.31764497924285,0.7453721846335009,0.48858592252732397,1.3837738119061511,2.1746258958646534,-0.2956669905739989,89.0,0.43820224719101125,53176.4497924285,4.104406693057735,0.3491821278304017,247.17643884648604,197.0,6.321951344376082,1.7046821883805996,0.6200556098271554,1.9004891813682068,3.5808546025142007,-0.3528911260769323,73.0,0.3835616438356164,73219.51344376082,4.994827378062632,0.6428430882177761,278.6089488367507,168.0,37.93553780468167,1.079541882702277,0.5449783761233081,1.609210360201221,2.754215112184846,-0.3528911260769336,162.0,0.41358024691358025,389355.37804681674,4.994827378062632,0.4666786587790447,525.7853876832366,365.0
30,120,20,14,27.0,18.0,0.15,14,27.0,52.0,24,2.0,2.2,18,1.0,5.0,1.25,0.65,False,72,True,48,90,1.75,0.9,0.5,18,1.6965081981385064,1.3837738119061511,2.520985461334246,0.5167153694620557,4.31764497924285,0.7453721846335009,0.48858592252732397,1.3837738119061511,2.1746258958646534,-0.2956669905739989,89.0,0.43820224719101125,53176.4497924285,4.104406693057735,0.3491821278304017,247.17643884648604,197.0,6.321951344376082,1.7046821883805996,0.6200556098271554,1.9004891813682068,3.5808546025142007,-0.3528911260769323,73.0,0.3835616438356164,73219.51344376082,4.994827378062632,0.6428430882177761,278.6089488367507,168.0,37.93553780468167,1.079541882702277,0.5449783761233081,1.609210360201221,2.754215112184846,-0.3528911260769336,162.0,0.41358024691358025,389355.37804681674,4.994827378062632,0.4666786587790447,525.7853876832366,365.0
30,120,20,14,27.0,18.0,0.15,14,27.0,52.0,24,2.0,2.2,18,1.0,5.0,1.25,0.65,False,72,True,48,90,1.75,0.9,0.5,36,1.6965081981385064,1.3837738119061511,2.520985461334246,0.5167153694620557,4.31764497924285,0.7453721846335009,0.48858592252732397,1.3837738119061511,2.1746258958646534,-0.2956669905739989,89.0,0.43820224719101125,53176.4497924285,4.104406693057735,0.3491821278304017,247.17643884648604,197.0,6.321951344376082,1.7046821883805996,0.6200556098271554,1.9004891813682068,3.5808546025142007,-0.3528911260769323,73.0,0.3835616438356164,73219.51344376082,4.994827378062632,0.6428430882177761,278.6089488367507,168.0,37.93553780468167,1.079541882702277,0.5449783761233081,1.609210360201221,2.754215112184846,-0.3528911260769336,162.0,0.41358024691358025,389355.37804681674,4.994827378062632,0.4666786587790447,525.7853876832366,365.0
30,120,20,14,27.0,18.0,0.15,14,27.0,52.0,24,2.0,2.2,18,1.0,5.0,1.25,0.65,False,72,True,48,90,1.75,0.9,0.75,18,1.6965081981385064,1.3837738119061511,2.520985461334246,0.5167153694620557,4.31764497924285,0.7453721846335009,0.48858592252732397,1.3837738119061511,2.1746258958646534,-0.2956669905739989,89.0,0.43820224719101125,53176.4497924285,4.104406693057735,0.3491821278304017,247.17643884648604,197.0,6.321951344376082,1.7046821883805996,0.6200556098271554,1.9004891813682068,3.5808546025142007,-0.3528911260769323,73.0,0.3835616438356164,73219.51344376082,4.994827378062632,0.6428430882177761,278.6089488367507,168.0,37.93553780468167,1.079541882702277,0.5449783761233081,1.609210360201221,2.754215112184846,-0.3528911260769336,162.0,0.41358024691358025,389355.37804681674,4.994827378062632,0.4666786587790447,525.7853876832366,365.0
30,120,20,14,27.0,18.0,0.15,14,27.0,52.0,24,2.0,2.2,18,1.0,5.0,1.25,0.65,False,72,True,48,90,1.75,0.9,0.75,36,1.6965081981385064,1.3837738119061511,2.520985461334246,0.5167153694620557,4.31764497924285,0.7453721846335009,0.48858592252732397,1.3837738119061511,2.1746258958646534,-0.2956669905739989,89.0,0.43820224719101125,53176.4497924285,4.104406693057735,0.3491821278304017,247.17643884648604,197.0,6.321951344376082,1.7046821883805996,0.6200556098271554,1.9004891813682068,3.5808546025142007,-0.3528911260769323,73.0,0.3835616438356164,73219.51344376082,4.994827378062632,0.6428430882177761,278.6089488367507,168.0,37.93553780468167,1.079541882702277,0.5449783761233081,1.609210360201221,2.754215112184846,-0.3528911260769336,162.0,0.41358024691358025,389355.37804681674,4.994827378062632,0.4666786587790447,525.7853876832366,365.0
30,120,20,14,27.0,18.0,0.15,14,27.0,52.0,24,2.0,2.2,18,1.0,5.0,1.25,0.65,False,72,True,48,90,1.75,1.1,0.0,18,1.6965081981385064,1.3837738119061511,2.520985461334246,0.5167153694620557,4.31764497924285,0.7453721846335009,0.48858592252732397,1.3837738119061511,2.1746258958646534,-0.2956669905739989,89.0,0.43820224719101125,53176.4497924285,4.104406693057735,0.3491821278304017,247.17643884648604,197.0,6.321951344376082,1.7046821883805996,0.6200556098271554,1.9004891813682068,3.5808546025142007,-0.3528911260769323,73.0,0.3835616438356164,73219.51344376082,4.994827378062632,0.6428430882177761,278.6089488367507,168.0,37.93553780468167,1.079541882702277,0.5449783761233081,1.609210360201221,2.754215112184846,-0.3528911260769336,162.0,0.41358024691358025,389355.37804681674,4.994827378062632,0.4666786587790447,525.7853876832366,365.0
30,120,20,14,27.0,18.0,0.15,14,27.0,52.0,24,2.0,2.2,18,1.0,5.0,1.25,0.65,False,72,True,48,90,1.75,1.1,0.0,36,1.6965081981385064,1.3837738119061511,2.520985461334246,0.5167153694620557,4.31764497924285,0.7453721846335009,0.48858592252732397,1.3837738119061511,2.1746258958646534,-0.2956669905739989,89.0,0.43820224719101125,53176.4497924285,4.104406693057735,0.3491821278304017,247.17643884648604,197.0,6.321951344376082,1.7046821883805996,0.6200556098271554,1.9004891813682068,3.5808546025142007,-0.3528911260769323,73.0,0.3835616438356164,73219.51344376082,4.994827378062632,0.6428430882177761,278.6089488367507,168.0,37.93553780468167,1.079541882702277,0.5449783761233081,1.609210360201221,2.754215112184846,-0.3528911260769336,162.0,0.41358024691358025,389355.37804681674,4.994827378062632,0.4666786587790447,525.7853876832366,365.0
30,120,20,14,27.0,18.0,0.15,14,27.0,52.0,24,2.0,2.2,18,1.0,5.0,1.25,0.65,False,72,True,48,90,1.75,1.1,0.25,18,1.6965081981385064,1.3837738119061511,2.520985461334246,0.5167153694620557,4.31764497924285,0.7453721846335009,0.48858592252732397,1.3837738119061511,2.1746258958646534,-0.2956669905739989,89.0,0.43820224719101125,53176.4497924285,4.104406693057735,0.3491821278304017,247.17643884648604,197.0,6.321951344376082,1.7046821883805996,0.6200556098271554,1.9004891813682068,3.5808546025142007,-0.3528911260769323,73.0,0.3835616438356164,73219.51344376082,4.994827378062632,0.6428430882177761,278.6089488367507,168.0,37.93553780468167,1.079541882702277,0.5449783761233081,1.609210360201221,2.754215112184846,-0.3528911260769336,162.0,0.41358024691358025,389355.37804681674,4.994827378062632,0.4666786587790447,525.7853876832366,365.0
30,120,20,14,27.0,18.0,0.15,14,27.0,52.0,24,2.0,2.2,18,1.0,5.0,1.25,0.65,False,72,True,48,90,1.75,1.1,0.25,36,1.6965081981385064,1.3837738119061511,2.520985461334246,0.5167153694620557,4.31764497924285,0.7453721846335009,0.48858592252732397,1.3837738119061511,2.1746258958646534,-0.2956669905739989,89.0,0.43820224719101125,53176.4497924285,4.104406693057735,0.3491821278304017,247.17643884648604,197.0,6.321951344376082,1.7046821883805996,0.6200556098271554,1.9004891813682068,3.5808546025142007,-0.3528911260769323,73.0,0.3835616438356164,73219.51344376082,4.994827378062632,0.6428430882177761,278.6089488367507,168.0,37.93553780468167,1.079541882702277,0.5449783761233081,1.609210360201221,2.754215112184846,-0.3528911260769336,162.0,0.41358024691358025,389355.37804681674,4.994827378062632,0.4666786587790447,525.7853876832366,365.0
30,120,20,14,27.0,18.0,0.15,14,27.0,52.0,24,2.0,2.2,18,1.0,5.0,1.25,0.65,False,72,True,48,90,1.75,1.1,0.5,18,1.6965081981385064,1.3837738119061511,2.520985461334246,0.5167153694620557,4.31764497924285,0.7453721846335009,0.48858592252732397,1.3837738119061511,2.1746258958646534,-0.2956669905739989,89.0,0.43820224719101125,53176.4497924285,4.104406693057735,0.3491821278304017,247.17643884648604,197.0,6.321951344376082,1.7046821883805996,0.6200556098271554,1.9004891813682068,3.5808546025142007,-0.3528911260769323,73.0,0.3835616438356164,73219.51344376082,4.994827378062632,0.6428430882177761,278.6089488367507,168.0,37.93553780468167,1.079541882702277,0.5449783761233081,1.609210360201221,2.754215112184846,-0.3528911260769336,162.0,0.41358024691358025,389355.37804681674,4.994827378062632,0.4666786587790447,525.7853876832366,365.0
30,120,20,14,27.0,18.0,0.15,14,27.0,52.0,24,2.0,2.2,18,1.0,5.0,1.25,0.65,False,72,True,48,90,1.75,1.1,0.5,36,1.6965081981385064,1.3837738119061511,2.520985461334246,0.5167153694620557,4.31764497924285,0.7453721846335009,0.48858592252732397,1.3837738119061511,2.1746258958646534,-0.2956669905739989,89.0,0.43820224719101125,53176.4497924285,4.104406693057735,0.3491821278304017,247.17643884648604,197.0,6.321951344376082,1.7046821883805996,0.6200556098271554,1.9004891813682068,3.5808546025142007,-0.3528911260769323,73.0,0.3835616438356164,73219.51344376082,4.994827378062632,0.6428430882177761,278.6089488367507,168.0,37.93553780468167,1.079541882702277,0.5449783761233081,1.609210360201221,2.754215112184846,-0.3528911260769336,162.0,0.41358024691358025,389355.37804681674,4.994827378062632,0.4666786587790447,525.7853876832366,365.0
30,120,20,14,27.0,18.0,0.15,14,27.0,52.0,24,2.0,2.2,18,1.0,5.0,1.25,0.65,False,72,True,48,90,1.75,1.1,0.75,18,1.6965081981385064,1.3837738119061511,2.520985461334246,0.5167153694620557,4.31764497924285,0.7453721846335009,0.48858592252732397,1.3837738119061511,2.1746258958646534,-0.2956669905739989,89.0,0.43820224719101125,53176.4497924285,4.104406693057735,0.3491821278304017,247.17643884648604,197.0,6.321951344376082,1.7046821883805996,0.6200556098271554,1.9004891813682068,3.5808546025142007,-0.3528911260769323,73.0,0.3835616438356164,73219.51344376082,4.994827378062632,0.6428430882177761,278.6089488367507,168.0,37.93553780468167,1.079541882702277,0.5449783761233081,1.609210360201221,2.754215112184846,-0.3528911260769336,162.0,0.41358024691358025,389355.37804681674,4.994827378062632,0.4666786587790447,525.7853876832366,365.0
30,120,20,14,27.0,18.0,0.15,14,27.0,52.0,24,2.0,2.2,18,1.0,5.0,1.25,0.65,False,72,True,48,90,1.75,1.1,0.75,36,1.6965081981385064,1.3837738119061511,2.520985461334246,0.5167153694620557,4.31764497924285,0.7453721846335009,0.48858592252732397,1.3837738119061511,2.1746258958646534,-0.2956669905739989,89.0,0.43820224719101125,53176.4497924285,4.104406693057735,0.3491821278304017,247.17643884648604,197.0,6.321951344376082,1.7046821883805996,0.6200556098271554,1.9004891813682068,3.5808546025142007,-0.3528911260769323,73.0,0.3835616438356164,73219.51344376082,4.994827378062632,0.6428430882177761,278.6089488367507,168.0,37.93553780468167,1.079541882702277,0.5449783761233081,1.609210360201221,2.754215112184846,-0.3528911260769336,162.0,0.41358024691358025,389355.37804681674,4.994827378062632,0.4666786587790447,525.7853876832366,365.0
30,120,20,14,27.0,18.0,0.15,14,27.0,52.0,24,2.0,2.2,18,1.0,5.0,1.25,0.65,False,72,True,24,90,1.75,0.9,0.75,36,1.6948441686406792,1.3826405259481984,2.5176800184186043,0.5178486554200084,4.308716554501508,0.7443948742741195,0.4885790310016309,1.3826405259481984,2.1728137968528864,-0.29566699057399914,89.0,0.43820224719101125,53087.16554501509,4.104406693057735,0.34916668232838793,246.97329960400165,197.0,6.321951344376082,1.7046821883805996,0.6200556098271554,1.9004891813682068,3.5808546025142007,-0.3528911260769323,73.0,0.3835616438356164,73219.51344376082,4.994827378062632,0.6428430882177761,278.6089488367507,168.0,37.870164313143825,1.0788433184355188,0.5449747271220036,1.608601180735075,2.753153660302633,-0.35289112607693196,162.0,0.41358024691358025,388701.64313143824,4.994827378062632,0.46666939316864126,525.5822484407523,365.0
30,120,20,14,27.0,18.0,0.15,14,27.0,52.0,24,2.0,2.2,18,1.0,5.0,1.25,0.65,False,72,True,24,90,1.75,1.1,0.75,36,1.6948441686406792,1.3826405259481984,2.5176800184186043,0.5178486554200084,4.308716554501508,0.7443948742741195,0.4885790310016309,1.3826405259481984,2.1728137968528864,-0.29566699057399914,89.0,0.43820224719101125,53087.16554501509,4.104406693057735,0.34916668232838793,246.97329960400165,197.0,6.321951344376082,1.7046821883805996,0.6200556098271554,1.9004891813682068,3.5808546025142007,-0.3528911260769323,73.0,0.3835616438356164,73219.51344376082,4.994827378062632,0.6428430882177761,278.6089488367507,168.0,37.870164313143825,1.0788433184355188,0.5449747271220036,1.608601180735075,2.753153660302633,-0.35289112607693196,162.0,0.41358024691358025,388701.64313143824,4.994827378062632,0.46666939316864126,525.5822484407523,365.0
30,120,20,14,27.0,18.0,0.15,14,27.0,52.0,24,2.0,2.2,18,1.0,5.0,1.25,0.65,False,72,True,24,90,1.75,0.9,0.5,36,1.6931743800042518,1.3815012319474196,2.5143701638813223,0.5189879494207872,4.2997862334025205,0.7434162595438445,0.48857420901935356,1.3815012319474196,2.1710014842048957,-0.2956669905739995,89.0,0.43820224719101125,52997.86233402521,4.104406693057735,0.34915123682637433,246.7701603615173,197.0,6.321951344376082,1.7046821883805996,0.6200556098271554,1.9004891813682068,3.5808546025142007,-0.3528911260769323,73.0,0.3835616438356164,73219.51344376082,4.994827378062632,0.6428430882177761,278.6089488367507,168.0,37.8047769365673,1.0781436648885645,0.5449721911012253,1.60798864238199,2.7520920804459346,-0.3528911260769333,162.0,0.41358024691358025,388047.769365673,4.994827378062632,0.4666601275582379,525.379109198268,365.0
30,120,20,14,27.0,18.0,0.15,14,27.0,52.0,24,2.0,2.2,18,1.0,5.0,1.25,0.65,False,72,True,24,90,1.75,1.1,0.5,36,1.6931743800042518,1.3815012319474196,2.5143701638813223,0.5189879494207872,4.2997862334025205,0.7434162595438445,0.48857420901935356,1.3815012319474196,2.1710014842048957,-0.2956669905739995,89.0,0.43820224719101125,52997.86233402521,4.104406693057735,0.34915123682637433,246.7701603615173,197.0,6.321951344376082,1.7046821883805996,0.6200556098271554,1.9004891813682068,3.5808546025142007,-0.3528911260769323,73.0,0.3835616438356164,73219.51344376082,4.994827378062632,0.6428430882177761,278.6089488367507,168.0,37.8047769365673,1.0781436648885645,0.5449721911012253,1.60798864238199,2.7520920804459346,-0.3528911260769333,162.0,0.41358024691358025,388047.769365673,4.994827378062632,0.4666601275582379,525.379109198268,365.0
30,120,20,14,27.0,18.0,0.15,14,27.0,52.0,24,2.0,2.2,18,1.0,5.0,1.25,0.65,False,72,True,48,90,1.5,0.9,0.75,36,1.6924701190897844,1.3811149516020336,2.51288427570944,0.5193742297661732,4.295780416882403,0.7429769314597328,0.48850372317919927,1.3811149516020336,2.1702327212214856,-0.2956669905739988,89.0,0.43820224719101125,52957.80416882403,4.104406693057735,0.34905483211408617,246.9372683806314,197.0,6.321951344376082,1.7046821883805996,0.6200556098271554,1.9004891813682068,3.5808546025142007,-0.3528911260769323,73.0,0.3835616438356164,73219.51344376082,4.994827378062632,0.6428430882177761,278.6089488367507,168.0,37.7754465429126,1.0778295193333598,0.5449343181625959,1.6077854905906055,2.7516590197207256,-0.3528911260769324,162.0,0.41358024691358025,387754.465429126,4.994827378062632,0.46660229528419966,525.546217217382,365.0
30,120,20,14,27.0,18.0,0.15,14,27.0,52.0,24,2.0,2.2,18,1.0,5.0,1.25,0.65,False,72,True,48,90,1.5,1.1,0.75,36,1.6924701190897844,1.3811149516020336,2.51288427570944,0.5193742297661732,4.295780416882403,0.7429769314597328,0.48850372317919927,1.3811149516020336,2.1702327212214856,-0.2956669905739988,89.0,0.43820224719101125,52957.80416882403,4.104406693057735,0.34905483211408617,246.9372683806314,197.0,6.321951344376082,1.7046821883805996,0.6200556098271554,1.9004891813682068,3.5808546025142007,-0.3528911260769323,73.0,0.3835616438356164,73219.51344376082,4.994827378062632,0.6428430882177761,278.6089488367507,168.0,37.7754465429126,1.0778295193333598,0.5449343181625959,1.6077854905906055,2.7516590197207256,-0.3528911260769324,162.0,0.41358024691358025,387754.465429126,4.994827378062632,0.46660229528419966,525.546217217382,365.0
30,120,20,14,27.0,18.0,0.15,14,27.0,52.0,24,2.0,2.2,18,1.0,5.0,1.25,0.65,False,72,True,48,180,1.5,0.9,0.75,36,1.6924701190897844,1.3811149516020336,2.51288427570944,0.5193742297661732,4.295780416882403,0.7429769314597328,0.48850372317919927,1.3811149516020336,2.1702327212214856,-0.2956669905739988,89.0,0.43820224719101125,52957.80416882403,4.104406693057735,0.34905483211408617,246.9372683806314,197.0,6.321951344376082,1.7046821883805996,0.6200556098271554,1.9004891813682068,3.5808546025142007,-0.3528911260769323,73.0,0.3835616438356164,73219.51344376082,4.994827378062632,0.6428430882177761,278.6089488367507,168.0,37.7754465429126,1.0778295193333598,0.5449343181625959,1.6077854905906055,2.7516590197207256,-0.3528911260769324,162.0,0.41358024691358025,387754.465429126,4.994827378062632,0.46660229528419966,525.546217217382,365.0
30,120,20,14,27.0,18.0,0.15,14,27.0,52.0,24,2.0,2.2,18,1.0,5.0,1.25,0.65,False,72,True,48,180,1.5,1.1,0.75,36,1.6924701190897844,1.3811149516020336,2.51288427570944,0.5193742297661732,4.295780416882403,0.7429769314597328,0.48850372317919927,1.3811149516020336,2.1702327212214856,-0.2956669905739988,89.0,0.43820224719101125,52957.80416882403,4.104406693057735,0.34905483211408617,246.9372683806314,197.0,6.321951344376082,1.7046821883805996,0.6200556098271554,1.9004891813682068,3.5808546025142007,-0.3528911260769323,73.0,0.3835616438356164,73219.51344376082,4.994827378062632,0.6428430882177761,278.6089488367507,168.0,37.7754465429126,1.0778295193333598,0.5449343181625959,1.6077854905906055,2.7516590197207256,-0.3528911260769324,162.0,0.41358024691358025,387754.465429126,4.994827378062632,0.46660229528419966,525.546217217382,365.0
30,120,20,14,27.0,18.0,0.15,14,27.0,52.0,24,2.0,2.2,18,1.0,5.0,1.25,0.65,False,72,True,48,180,1.75,0.9,0.75,36,1.6924701190897844,1.3811149516020336,2.51288427570944,0.5193742297661732,4.295780416882403,0.7429769314597328,0.48850372317919927,1.3811149516020336,2.1702327212214856,-0.2956669905739988,89.0,0.43820224719101125,52957.80416882403,4.104406693057735,0.34905483211408617,246.9372683806314,197.0,6.321951344376082,1.7046821883805996,0.6200556098271554,1.9004891813682068,3.5808546025142007,-0.3528911260769323,73.0,0.3835616438356164,73219.51344376082,4.994827378062632,0.6428430882177761,278.6089488367507,168.0,37.7754465429126,1.0778295193333598,0.5449343181625959,1.6077854905906055,2.7516590197207256,-0.3528911260769324,162.0,0.41358024691358025,387754.465429126,4.994827378062632,0.46660229528419966,525.546217217382,365.0
30,120,20,14,27.0,18.0,0.15,14,27.0,52.0,24,2.0,2.2,18,1.0,5.0,1.25,0.65,False,72,True,48,180,1.75,1.1,0.75,36,1.6924701190897844,1.3811149516020336,2.51288427570944,0.5193742297661732,4.295780416882403,0.7429769314597328,0.48850372317919927,1.3811149516020336,2.1702327212214856,-0.2956669905739988,89.0,0.43820224719101125,52957.80416882403,4.104406693057735,0.34905483211408617,246.9372683806314,197.0,6.321951344376082,1.7046821883805996,0.6200556098271554,1.9004891813682068,3.5808546025142007,-0.3528911260769323,73.0,0.3835616438356164,73219.51344376082,4.994827378062632,0.6428430882177761,278.6089488367507,168.0,37.7754465429126,1.0778295193333598,0.5449343181625959,1.6077854905906055,2.7516590197207256,-0.3528911260769324,162.0,0.41358024691358025,387754.465429126,4.994827378062632,0.46660229528419966,525.546217217382,365.0
30,120,20,14,27.0,18.0,0.15,14,27.0,52.0,24,2.0,2.2,18,1.0,5.0,1.25,0.65,False,72,True,48,360,1.75,0.9,0.75,36,1.6924701190897844,1.3811149516020336,2.51288427570944,0.5193742297661732,4.295780416882403,0.7429769314597328,0.48850372317919927,1.3811149516020336,2.1702327212214856,-0.2956669905739988,89.0,0.43820224719101125,52957.80416882403,4.104406693057735,0.34905483211408617,246.9372683806314,197.0,6.321951344376082,1.7046821883805996,0.6200556098271554,1.9004891813682068,3.5808546025142007,-0.3528911260769323,73.0,0.3835616438356164,73219.51344376082,4.994827378062632,0.6428430882177761,278.6089488367507,168.0,37.7754465429126,1.0778295193333598,0.5449343181625959,1.6077854905906055,2.7516590197207256,-0.3528911260769324,162.0,0.41358024691358025,387754.465429126,4.994827378062632,0.46660229528419966,525.546217217382,365.0
30,120,20,14,27.0,18.0,0.15,14,27.0,52.0,24,2.0,2.2,18,1.0,5.0,1.25,0.65,False,72,True,48,360,1.75,1.1,0.75,36,1.6924701190897844,1.3811149516020336,2.51288427570944,0.5193742297661732,4.295780416882403,0.7429769314597328,0.48850372317919927,1.3811149516020336,2.1702327212214856,-0.2956669905739988,89.0,0.43820224719101125,52957.80416882403,4.104406693057735,0.34905483211408617,246.9372683806314,197.0,6.321951344376082,1.7046821883805996,0.6200556098271554,1.9004891813682068,3.5808546025142007,-0.3528911260769323,73.0,0.3835616438356164,73219.51344376082,4.994827378062632,0.6428430882177761,278.6089488367507,168.0,37.7754465429126,1.0778295193333598,0.5449343181625959,1.6077854905906055,2.7516590197207256,-0.3528911260769324,162.0,0.41358024691358025,387754.465429126,4.994827378062632,0.46660229528419966,525.546217217382,365.0
30,120,20,14,27.0,18.0,0.15,14,27.0,52.0,24,2.0,2.2,18,1.0,5.0,1.25,0.65,False,72,True,12,90,1.25,1.1,0.5,36,1.69237792507636,1.356435610581825,2.479753567713861,0.5472070422780038,4.082300549378028,0.7192362135217236,0.48660859060801087,1.356435610581825,2.130260232989293,-0.2900434232199949,89.0,0.43820224719101125,50823.005493780285,4.104406693057735,0.3470102736670666,243.6393842988231,203.0,6.289664439488268,1.698715031263676,0.6167800043288091,1.9036426528598287,3.605829653538341,-0.3189832745249086,73.0,0.3835616438356164,72896.64439488268,4.994827378062632,0.6386371975789117,267.8361226230204,170.0,36.048265585592674,1.058985984415723,0.5424256328845523,1.595889447935754,2.736274226373984,-0.31898327452490816,162.0,0.41358024691358025,370482.65585592674,4.994827378062632,0.4636929673614063,511.47550692184353,373.0
30,120,20,14,27.0,18.0,0.15,14,27.0,52.0,24,2.0,2.2,18,1.0,5.0,1.25,0.65,False,72,True,12,90,1.75,1.1,0.75,36,1.692107454808162,1.3775378871898503,2.479282643889033,0.5328381297777589,4.268792837349734,0.740011345296989,0.4885540337783938,1.3775378871898503,2.1646691015303388,-0.29847800819361126,89.0,0.43820224719101125,52687.928373497336,4.104406693057735,0.3489605190196434,247.12663510358166,199.0,6.3822197321542085,1.7157856783121468,0.6184540579421661,1.9103760169676092,3.6118578471391576,-0.3394147112521877,73.0,0.3835616438356164,73822.19732154209,4.994827378062632,0.6421953155095642,276.7903414395853,168.0,37.895386448515836,1.0791129469562128,0.5442334129766879,1.6102638098521032,2.7593337798635713,-0.3394147112521878,162.0,0.41358024691358025,388953.86448515835,4.994827378062632,0.4662865377575373,523.9169765431668,367.0
30,120,20,14,27.0,18.0,0.15,14,27.0,52.0,24,2.0,2.2,18,1.0,5.0,1.25,0.65,False,72,True,24,90,1.75,0.9,0.25,36,1.69149883854514,1.380355942197313,2.511055884876217,0.5201332391708937,4.290854015799316,0.7424363366444804,0.4885714572906639,1.380355942197313,2.1691889579691543,-0.2956669905739987,89.0,0.43820224719101125,52908.54015799316,4.104406693057735,0.34913579132436057,246.56702111903294,197.0,6.321951344376082,1.7046821883805996,0.6200556098271554,1.9004891813682068,3.5808546025142007,-0.3528911260769323,73.0,0.3835616438356164,73219.51344376082,4.994827378062632,0.6428430882177761,278.6089488367507,168.0,37.73937567387921,1.077442918593364,0.5449707684254705,1.6073727477729194,2.7510303726309955,-0.3528911260769326,162.0,0.41358024691358025,387393.7567387921,4.994827378062632,0.46665086194783445,525.1759699557836,365.0
30,120,20,14,27.0,18.0,0.15,14,27.0,52.0,24,2.0,2.2,18,1.0,5.0,1.25,0.65,False,72,True,24,90,1.75,1.1,0.25,36,1.69149883854514,1.380355942197313,2.511055884876217,0.5201332391708937,4.290854015799316,0.7424363366444804,0.4885714572906639,1.380355942197313,2.1691889579691543,-0.2956669905739987,89.0,0.43820224719101125,52908.54015799316,4.104406693057735,0.34913579132436057,246.56702111903294,197.0,6.321951344376082,1.7046821883805996,0.6200556098271554,1.9004891813682068,3.5808546025142007,-0.3528911260769323,73.0,0.3835616438356164,73219.51344376082,4.994827378062632,0.6428430882177761,278.6089488367507,168.0,37.73937567387921,1.077442918593364,0.5449707684254705,1.6073727477729194,2.7510303726309955,-0.3528911260769326,162.0,0.41358024691358025,387393.7567387921,4.994827378062632,0.46665086194783445,525.1759699557836,365.0
30,120,20,14,27.0,18.0,0.15,14,27.0,52.0,24,2.0,2.2,18,1.0,5.0,1.25,0.65,False,72,True,24,180,1.75,0.9,0.75,36,1.690807050950146,1.3799814428131065,2.5095833690025735,0.5205077385551002,4.28688870314758,0.7420009623075503,0.48849682975004144,1.3799814428131065,2.1684204977721935,-0.2956669905739997,89.0,0.43820224719101125,52868.8870314758,4.104406693057735,0.3490393866120724,246.73412913814704,197.0,6.321951344376082,1.7046821883805996,0.6200556098271554,1.9004891813682068,3.5808546025142007,-0.3528911260769323,73.0,0.3835616438356164,73219.51344376082,4.994827378062632,0.6428430882177761,278.6089488367507,168.0,37.71034184757798,1.077131530287454,0.5449306686263523,1.6071762539083443,2.750597527757724,-0.3528911260769323,162.0,0.41358024691358025,387103.41847577976,4.994827378062632,0.4665930296737963,525.3430779748977,365.0
30,120,20,14,27.0,18.0,0.15,14,27.0,52.0,24,2.0,2.2,18,1.0,5.0,1.25,0.65,False,72,True,24,180,1.75,1.1,0.75,36,1.690807050950146,1.3799814428131065,2.5095833690025735,0.5205077385551002,4.28688870314758,0.7420009623075503,0.48849682975004144,1.3799814428131065,2.1684204977721935,-0.2956669905739997,89.0,0.43820224719101125,52868.8870314758,4.104406693057735,0.3490393866120724,246.73412913814704,197.0,6.321951344376082,1.7046821883805996,0.6200556098271554,1.9004891813682068,3.5808546025142007,-0.3528911260769323,73.0,0.3835616438356164,73219.51344376082,4.994827378062632,0.6428430882177761,278.6089488367507,168.0,37.71034184757798,1.077131530287454,0.5449306686263523,1.6071762539083443,2.750597527757724,-0.3528911260769323,162.0,0.41358024691358025,387103.41847577976,4.994827378062632,0.4665930296737963,525.3430779748977,365.0
30,120,20,14,27.0,18.0,0.15,14,27.0,52.0,24,2.0,2.2,18,1.0,5.0,1.25,0.65,False,72,True,24,90,1.75,0.9,0.0,36,1.689817550744951,1.379204669224875,2.5077371684960323,0.5212845121433318,4.281919901545309,0.7414551017597848,0.4885707764995064,1.379204669224875,2.1673762181941503,-0.2956669905739996,88.0,0.4318181818181818,52819.19901545309,4.104406693057735,0.34912034582234686,246.36388187654856,195.0,6.321951344376082,1.7046821883805996,0.6200556098271554,1.9004891813682068,3.5808546025142007,-0.3528911260769323,73.0,0.3835616438356164,73219.51344376082,4.994827378062632,0.6428430882177761,278.6089488367507,168.0,37.673960524006226,1.0767410760645126,0.5449704594524539,1.6067534996016337,2.749968536874071,-0.3528911260769323,161.0,0.40993788819875776,386739.6052400623,4.994827378062632,0.46664159633743096,524.9728307132992,363.0
30,120,20,14,27.0,18.0,0.15,14,27.0,52.0,24,2.0,2.2,18,1.0,5.0,1.25,0.65,False,72,True,24,90,1.75,1.1,0.0,36,1.689817550744951,1.379204669224875,2.5077371684960323,0.5212845121433318,4.281919901545309,0.7414551017597848,0.4885707764995064,1.379204669224875,2.1673762181941503,-0.2956669905739996,88.0,0.4318181818181818,52819.19901545309,4.104406693057735,0.34912034582234686,246.36388187654856,195.0,6.321951344376082,1.7046821883805996,0.6200556098271554,1.9004891813682068,3.5808546025142007,-0.3528911260769323,73.0,0.3835616438356164,73219.51344376082,4.994827378062632,0.6428430882177761,278.6089488367507,168.0,37.673960524006226,1.0767410760645126,0.5449704594524539,1.6067534996016337,2.749968536874071,-0.3528911260769323,161.0,0.40993788819875776,386739.6052400623,4.994827378062632,0.46664159633743096,524.9728307132992,363.0
30,120,20,14,27.0,18.0,0.15,14,27.0,52.0,24,2.0,2.2,18,1.0,5.0,1.25,0.65,False,72,True,24,360,1.75,0.9,0.75,36,1.6887230556809105,1.3785492548289933,2.5060083695099893,0.5219399265392135,4.27726989400478,0.7409439529662736,0.4885990177389417,1.3785492548289933,2.1664053550900877,-0.29566699057399937,89.0,0.43820224719101125,52772.6989400478,4.104406693057735,0.3490325507660236,247.13562768015527,198.0,6.321951344376082,1.7046821883805996,0.6200556098271554,1.9004891813682068,3.5808546025142007,-0.3528911260769323,73.0,0.3835616438356164,73219.51344376082,4.994827378062632,0.6428430882177761,278.6089488367507,168.0,37.63991339504362,1.0763754067672329,0.5449856747087856,1.606399037559596,2.7493888983832604,-0.3528911260769323,162.0,0.41358024691358025,386399.1339504362,4.994827378062632,0.46658892891448067,525.7445765169059,366.0
30,120,20,14,27.0,18.0,0.15,14,27.0,52.0,24,2.0,2.2,18,1.0,5.0,1.25,0.65,False,72,True,24,360,1.75,1.1,0.75,36,1.6887230556809105,1.3785492548289933,2.5060083695099893,0.5219399265392135,4.27726989400478,0.7409439529662736,0.4885990177389417,1.3785492548289933,2.1664053550900877,-0.29566699057399937,89.0,0.43820224719101125,52772.6989400478,4.104406693057735,0.3490325507660236,247.13562768015527,198.0,6.321951344376082,1.7046821883805996,0.6200556098271554,1.9004891813682068,3.5808546025142007,-0.3528911260769323,73.0,0.3835616438356164,73219.51344376082,4.994827378062632,0.6428430882177761,278.6089488367507,168.0,37.63991339504362,1.0763754067672329,0.5449856747087856,1.606399037559596,2.7493888983832604,-0.3528911260769323,162.0,0.41358024691358025,386399.1339504362,4.994827378062632,0.46658892891448067,525.7445765169059,366.0
30,120,20,14,27.0,18.0,0.15,14,27.0,52.0,24,2.0,2.2,18,1.0,5.0,1.25,0.65,False,72,True,48,90,1.5,0.9,0.5,36,1.6883649439925346,1.3783879392658245,2.504725977190006,0.5221012421023823,4.2738223648472236,0.7405647918882883,0.488445249981161,1.3783879392658245,2.165782268187303,-0.29566699057399914,89.0,0.43820224719101125,52738.22364847224,4.104406693057735,0.3489275363977706,246.69809791477678,197.0,6.321951344376082,1.7046821883805996,0.6200556098271554,1.9004891813682068,3.5808546025142007,-0.3528911260769323,73.0,0.3835616438356164,73219.51344376082,4.994827378062632,0.6428430882177761,278.6089488367507,168.0,37.614670754293726,1.0761041320367792,0.5449030211726436,1.6063226108520474,2.7490616596620416,-0.3528911260769326,162.0,0.41358024691358025,386146.70754293725,4.994827378062632,0.46652593178935464,525.3070467515274,365.0
30,120,20,14,27.0,18.0,0.15,14,27.0,52.0,24,2.0,2.2,18,1.0,5.0,1.25,0.65,False,72,True,48,90,1.5,1.1,0.5,36,1.6883649439925346,1.3783879392658245,2.504725977190006,0.5221012421023823,4.2738223648472236,0.7405647918882883,0.488445249981161,1.3783879392658245,2.165782268187303,-0.29566699057399914,89.0,0.43820224719101125,52738.22364847224,4.104406693057735,0.3489275363977706,246.69809791477678,197.0,6.321951344376082,1.7046821883805996,0.6200556098271554,1.9004891813682068,3.5808546025142007,-0.3528911260769323,73.0,0.3835616438356164,73219.51344376082,4.994827378062632,0.6428430882177761,278.6089488367507,168.0,37.614670754293726,1.0761041320367792,0.5449030211726436,1.6063226108520474,2.7490616596620416,-0.3528911260769326,162.0,0.41358024691358025,386146.70754293725,4.994827378062632,0.46652593178935464,525.3070467515274,365.0
30,120,20,14,27.0,18.0,0.15,14,27.0,52.0,24,2.0,2.2,18,1.0,5.0,1.25,0.65,False,72,True,48,180,1.5,0.9,0.5,36,1.6883649439925346,1.3783879392658245,2.504725977190006,0.5221012421023823,4.2738223648472236,0.7405647918882883,0.488445249981161,1.3783879392658245,2.165782268187303,-0.29566699057399914,89.0,0.43820224719101125,52738.22364847224,4.104406693057735,0.3489275363977706,246.69809791477678,197.0,6.321951344376082,1.7046821883805996,0.6200556098271554,1.9004891813682068,3.5808546025142007,-0.3528911260769323,73.0,0.3835616438356164,73219.51344376082,4.994827378062632,0.6428430882177761,278.6089488367507,168.0,37.614670754293726,1.0761041320367792,0.5449030211726436,1.6063226108520474,2.7490616596620416,-0.3528911260769326,162.0,0.41358024691358025,386146.70754293725,4.994827378062632,0.46652593178935464,525.3070467515274,365.0
30,120,20,14,27.0,18.0,0.15,14,27.0,52.0,24,2.0,2.2,18,1.0,5.0,1.25,0.65,False,72,True,48,180,1.5,1.1,0.5,36,1.6883649439925346,1.3783879392658245,2.504725977190006,0.5221012421023823,4.2738223648472236,0.7405647918882883,0.488445249981161,1.3783879392658245,2.165782268187303,-0.29566699057399914,89.0,0.43820224719101125,52738.22364847224,4.104406693057735,0.3489275363977706,246.69809791477678,197.0,6.321951344376082,1.7046821883805996,0.6200556098271554,1.9004891813682068,3.5808546025142007,-0.3528911260769323,73.0,0.3835616438356164,73219.51344376082,4.994827378062632,0.6428430882177761,278.6089488367507,168.0,37.614670754293726,1.0761041320367792,0.5449030211726436,1.6063226108520474,2.7490616596620416,-0.3528911260769326,162.0,0.41358024691358025,386146.70754293725,4.994827378062632,0.46652593178935464,525.3070467515274,365.0
30,120,20,14,27.0,18.0,0.15,14,27.0,52.0,24,2.0,2.2,18,1.0,5.0,1.25,0.65,False,72,True,48,180,1.75,0.9,0.5,36,1.6883649439925346,1.3783879392658245,2.504725977190006,0.5221012421023823,4.2738223648472236,0.7405647918882883,0.488445249981161,1.3783879392658245,2.165782268187303,-0.29566699057399914,89.0,0.43820224719101125,52738.22364847224,4.104406693057735,0.3489275363977706,246.69809791477678,197.0,6.321951344376082,1.7046821883805996,0.6200556098271554,1.9004891813682068,3.5808546025142007,-0.3528911260769323,73.0,0.3835616438356164,73219.51344376082,4.994827378062632,0.6428430882177761,278.6089488367507,168.0,37.614670754293726,1.0761041320367792,0.5449030211726436,1.6063226108520474,2.7490616596620416,-0.3528911260769326,162.0,0.41358024691358025,386146.70754293725,4.994827378062632,0.46652593178935464,525.3070467515274,365.0
30,120,20,14,27.0,18.0,0.15,14,27.0,52.0,24,2.0,2.2,18,1.0,5.0,1.25,0.65,False,72,True,48,180,1.75,1.1,0.5,36,1.6883649439925346,1.3783879392658245,2.504725977190006,0.5221012421023823,4.2738223648472236,0.7405647918882883,0.488445249981161,1.3783879392658245,2.165782268187303,-0.29566699057399914,89.0,0.43820224719101125,52738.22364847224,4.104406693057735,0.3489275363977706,246.69809791477678,197.0,6.321951344376082,1.7046821883805996,0.6200556098271554,1.9004891813682068,3.5808546025142007,-0.3528911260769323,73.0,0.3835616438356164,73219.51344376082,4.994827378062632,0.6428430882177761,278.6089488367507,168.0,37.614670754293726,1.0761041320367792,0.5449030211726436,1.6063226108520474,2.7490616596620416,-0.3528911260769326,162.0,0.41358024691358025,386146.70754293725,4.994827378062632,0.46652593178935464,525.3070467515274,365.0
30,120,20,14,27.0,18.0,0.15,14,27.0,52.0,24,2.0,2.2,18,1.0,5.0,1.25,0.65,False,72,True,48,360,1.75,0.9,0.5,36,1.6883649439925346,1.3783879392658245,2.504725977190006,0.5221012421023823,4.2738223648472236,0.7405647918882883,0.488445249981161,1.3783879392658245,2.165782268187303,-0.29566699057399914,89.0,0.43820224719101125,52738.22364847224,4.104406693057735,0.3489275363977706,246.69809791477678,197.0,6.321951344376082,1.7046821883805996,0.6200556098271554,1.9004891813682068,3.5808546025142007,-0.3528911260769323,73.0,0.3835616438356164,73219.51344376082,4.994827378062632,0.6428430882177761,278.6089488367507,168.0,37.614670754293726,1.0761041320367792,0.5449030211726436,1.6063226108520474,2.7490616596620416,-0.3528911260769326,162.0,0.41358024691358025,386146.70754293725,4.994827378062632,0.46652593178935464,525.3070467515274,365.0
30,120,20,14,27.0,18.0,0.15,14,27.0,52.0,24,2.0,2.2,18,1.0,5.0,1.25,0.65,False,72,True,48,360,1.75,1.1,0.5,36,1.6883649439925346,1.3783879392658245,2.504725977190006,0.5221012421023823,4.2738223648472236,0.7405647918882883,0.488445249981161,1.3783879392658245,2.165782268187303,-0.29566699057399914,89.0,0.43820224719101125,52738.22364847224,4.104406693057735,0.3489275363977706,246.69809791477678,197.0,6.321951344376082,1.7046821883805996,0.6200556098271554,1.9004891813682068,3.5808546025142007,-0.3528911260769323,73.0,0.3835616438356164,73219.51344376082,4.994827378062632,0.6428430882177761,278.6089488367507,168.0,37.614670754293726,1.0761041320367792,0.5449030211726436,1.6063226108520474,2.7490616596620416,-0.3528911260769326,162.0,0.41358024691358025,386146.70754293725,4.994827378062632,0.46652593178935464,525.3070467515274,365.0
30,120,20,14,27.0,18.0,0.15,14,27.0,52.0,24,2.0,2.2,18,1.0,5.0,1.25,0.65,False,72,True,24,90,1.75,0.9,0.75,18,1.6883075660975146,1.3785163921194463,2.50482490752261,0.5219727892487604,4.274088271494793,0.7405940423220061,0.48839475479974986,1.3785163921194463,2.165745395258322,-0.29566699057399926,89.0,0.43820224719101125,52740.882714947926,4.104406693057735,0.3487247806119759,247.60640511341623,199.0,6.321951344376082,1.7046821883805996,0.6200556098271554,1.9004891813682068,3.5808546025142007,-0.3528911260769323,73.0,0.3835616438356164,73219.51344376082,4.994827378062632,0.6428430882177761,278.6089488367507,168.0,37.61661770982921,1.0761250604049928,0.5448758728519117,1.6063950864675516,2.749040457017612,-0.35289112607693285,162.0,0.41358024691358025,386166.17709829204,4.994827378062632,0.4664043005133662,526.2153539501669,367.0
30,120,20,14,27.0,18.0,0.15,14,27.0,52.0,24,2.0,2.2,18,1.0,5.0,1.25,0.65,False,72,True,24,90,1.75,1.1,0.75,18,1.6883075660975146,1.3785163921194463,2.50482490752261,0.5219727892487604,4.274088271494793,0.7405940423220061,0.48839475479974986,1.3785163921194463,2.165745395258322,-0.29566699057399926,89.0,0.43820224719101125,52740.882714947926,4.104406693057735,0.3487247806119759,247.60640511341623,199.0,6.321951344376082,1.7046821883805996,0.6200556098271554,1.9004891813682068,3.5808546025142007,-0.3528911260769323,73.0,0.3835616438356164,73219.51344376082,4.994827378062632,0.6428430882177761,278.6089488367507,168.0,37.61661770982921,1.0761250604049928,0.5448758728519117,1.6063950864675516,2.749040457017612,-0.35289112607693285,162.0,0.41358024691358025,386166.17709829204,4.994827378062632,0.4664043005133662,526.2153539501669,367.0
30,120,20,14,27.0,18.0,0.15,14,27.0,52.0,24,2.0,2.2,18,1.0,5.0,1.25,0.65,False,72,True,48,180,1.75,0.9,0.75,18,1.6871093693344965,1.3796501531436713,2.5081231482656086,0.5074694169556262,4.282958456920554,0.7415692232366753,0.48840165012064896,1.3796501531436713,2.1675576846737155,-0.2956669905739986,89.0,0.43820224719101125,52829.58456920554,4.104406693057735,0.3487402261139897,247.80954435590058,199.0,6.1795355205165095,1.6782612715649203,0.6188626607175932,1.8871195700992975,3.5535627141988506,-0.3528911260769323,73.0,0.3835616438356164,71795.35520516509,4.994827378062632,0.6401785993224239,279.2090521408878,170.0,36.92918789487417,1.0686826458152812,0.5443356996302012,1.6008627614379953,2.7384589611018537,-0.35289112607693285,162.0,0.41358024691358025,379291.8789487417,4.994827378062632,0.4653474788864941,527.0185964967884,369.0
30,120,20,14,27.0,18.0,0.15,14,27.0,52.0,24,2.0,2.2,18,1.0,5.0,1.25,0.65,False,72,True,48,180,1.75,1.1,0.75,18,1.6871093693344965,1.3796501531436713,2.5081231482656086,0.5074694169556262,4.282958456920554,0.7415692232366753,0.48840165012064896,1.3796501531436713,2.1675576846737155,-0.2956669905739986,89.0,0.43820224719101125,52829.58456920554,4.104406693057735,0.3487402261139897,247.80954435590058,199.0,6.1795355205165095,1.6782612715649203,0.6188626607175932,1.8871195700992975,3.5535627141988506,-0.3528911260769323,73.0,0.3835616438356164,71795.35520516509,4.994827378062632,0.6401785993224239,279.2090521408878,170.0,36.92918789487417,1.0686826458152812,0.5443356996302012,1.6008627614379953,2.7384589611018537,-0.35289112607693285,162.0,0.41358024691358025,379291.8789487417,4.994827378062632,0.4653474788864941,527.0185964967884,369.0
30,120,20,14,27.0,18.0,0.15,14,27.0,52.0,24,2.0,2.2,18,1.0,5.0,1.25,0.65,False,72,True,48,90,1.5,0.9,0.75,18,1.6868738641190026,1.3796501531436713,2.5081231482656086,0.5071833367470653,4.282958456920554,0.7415692232366753,0.48840165012064896,1.3796501531436713,2.1675576846737155,-0.2956669905739986,89.0,0.43820224719101125,52829.58456920554,4.104406693057735,0.3487402261139897,247.80954435590058,199.0,6.178143212972379,1.6780016835048133,0.6189256076116295,1.8868334898907366,3.5530692731639117,-0.35301661811809093,73.0,0.3835616438356164,71781.43212972379,4.994827378062632,0.6404668984246061,279.8873736854239,172.0,36.921832391959235,1.0686024304269766,0.5443643206077674,1.600735767318474,2.738277306263318,-0.35301661811809015,162.0,0.41358024691358025,379218.32391959237,4.994827378062632,0.46546283008720296,527.6969180413245,371.0
30,120,20,14,27.0,18.0,0.15,14,27.0,52.0,24,2.0,2.2,18,1.0,5.0,1.25,0.65,False,72,True,48,90,1.5,1.1,0.75,18,1.6868738641190026,1.3796501531436713,2.5081231482656086,0.5071833367470653,4.282958456920554,0.7415692232366753,0.48840165012064896,1.3796501531436713,2.1675576846737155,-0.2956669905739986,89.0,0.43820224719101125,52829.58456920554,4.104406693057735,0.3487402261139897,247.80954435590058,199.0,6.178143212972379,1.6780016835048133,0.6189256076116295,1.8868334898907366,3.5530692731639117,-0.35301661811809093,73.0,0.3835616438356164,71781.43212972379,4.994827378062632,0.6404668984246061,279.8873736854239,172.0,36.921832391959235,1.0686024304269766,0.5443643206077674,1.600735767318474,2.738277306263318,-0.35301661811809015,162.0,0.41358024691358025,379218.32391959237,4.994827378062632,0.46546283008720296,527.6969180413245,371.0
30,120,20,14,27.0,18.0,0.15,14,27.0,52.0,24,2.0,2.2,18,1.0,5.0,1.25,0.65,False,72,True,12,90,1.75,0.9,0.75,36,1.686474217211824,1.3733300366893018,2.4699325234695393,0.5370459802783074,4.23671290497492,0.7364729718121439,0.48857715067123864,1.3733300366893018,2.158023251157821,-0.29817534074882857,89.0,0.43820224719101125,52367.129049749194,4.104406693057735,0.3488075002582545,247.29975187127957,200.0,6.3822197321542085,1.7157856783121468,0.6184540579421661,1.9103760169676092,3.6118578471391576,-0.3394147112521877,73.0,0.3835616438356164,73822.19732154209,4.994827378062632,0.6421953155095642,276.7903414395853,168.0,37.65856533873249,1.0765757622717822,0.5442460680325648,1.6079955497237293,2.7554126868200277,-0.3394147112521876,162.0,0.41358024691358025,386585.6533873249,4.994827378062632,0.4661947432515262,524.0900933108649,368.0
30,120,20,14,27.0,18.0,0.15,14,27.0,52.0,24,2.0,2.2,18,1.0,5.0,1.25,0.65,False,72,True,12,90,1.25,1.1,0.75,36,1.6862485587360707,1.3614117794664882,2.4979686863045276,0.5397545379338258,4.127395524741042,0.7243057581312593,0.48720800694678507,1.3614117794664882,2.1374427878543893,-0.28995790143502187,89.0,0.43820224719101125,51273.95524741042,4.104406693057735,0.347989023226041,244.7062737306237,203.0,6.293305711271533,1.6993886593951153,0.6181764664856669,1.901166317400314,3.592997237598685,-0.33601624705728106,73.0,0.3835616438356164,72933.05711271534,4.994827378062632,0.6408007739018851,273.41001520768015,170.0,36.39566306454192,1.0628317294092997,0.5433831838919791,1.5974812602290738,2.73614298653932,-0.33601624705728084,162.0,0.41358024691358025,373956.63064541924,4.994827378062632,0.46514577732787027,518.1162889383038,373.0
30,120,20,14,27.0,18.0,0.15,14,27.0,52.0,24,2.0,2.2,18,1.0,5.0,1.25,0.65,False,72,True,12,180,1.75,0.9,0.75,36,1.6860851887053865,1.379826099096777,2.4885308781483997,0.5246624607249024,4.287048782547815,0.7420185425558854,0.4885913465831173,1.379826099096777,2.1685250551774753,-0.29817534074883045,89.0,0.43820224719101125,52870.48782547816,4.104406693057735,0.3487195332519868,246.97882002770217,199.0,6.354674679248992,1.710716589683205,0.6198579681270977,1.9044885598216794,3.590233127901698,-0.3528911260769324,73.0,0.3835616438356164,73546.74679248992,4.994827378062632,0.6424884401405859,277.8312056034725,168.0,37.884523808958534,1.078996840817212,0.5448917608844804,1.6088953663092092,2.75428064509074,-0.3528911260769324,162.0,0.41358024691358025,388845.2380895853,4.994827378062632,0.4662592546179233,524.8100256311747,367.0
30,120,20,14,27.0,18.0,0.15,14,27.0,52.0,24,2.0,2.2,18,1.0,5.0,1.25,0.65,False,72,True,24,360,1.75,0.9,0.75,18,1.6859164757372467,1.3796501531436713,2.5081231482656086,0.5021820979824703,4.282958456920554,0.7415692232366753,0.48840165012064896,1.3796501531436713,2.1675576846737155,-0.2956669905739986,89.0,0.43820224719101125,52829.58456920554,4.104406693057735,0.3487402261139897,247.80954435590058,199.0,6.132244691654356,1.6694300118102219,0.6188396820646747,1.8818322511261416,3.542961433079112,-0.35301661811809093,73.0,0.3835616438356164,71322.44691654356,4.994827378062632,0.6405172390368248,280.4794768826798,174.0,36.679352410602064,1.0659510708463116,0.5443249210534586,1.598457813745892,2.7341153790707122,-0.35301661811809015,162.0,0.41358024691358025,376793.52410602063,4.994827378062632,0.46548297184283066,528.2890212385803,373.0
30,120,20,14,27.0,18.0,0.15,14,27.0,52.0,24,2.0,2.2,18,1.0,5.0,1.25,0.65,False,72,True,24,360,1.75,1.1,0.75,18,1.6859164757372467,1.3796501531436713,2.5081231482656086,0.5021820979824703,4.282958456920554,0.7415692232366753,0.48840165012064896,1.3796501531436713,2.1675576846737155,-0.2956669905739986,89.0,0.43820224719101125,52829.58456920554,4.104406693057735,0.3487402261139897,247.80954435590058,199.0,6.132244691654356,1.6694300118102219,0.6188396820646747,1.8818322511261416,3.542961433079112,-0.35301661811809093,73.0,0.3835616438356164,71322.44691654356,4.994827378062632,0.6405172390368248,280.4794768826798,174.0,36.679352410602064,1.0659510708463116,0.5443249210534586,1.598457813745892,2.7341153790707122,-0.35301661811809015,162.0,0.41358024691358025,376793.52410602063,4.994827378062632,0.46548297184283066,528.2890212385803,373.0
30,120,20,14,27.0,18.0,0.15,14,27.0,52.0,24,2.0,2.2,18,1.0,5.0,1.25,0.65,False,72,True,48,360,1.75,0.9,0.75,18,1.6859164757372467,1.3796501531436713,2.5081231482656086,0.5021820979824703,4.282958456920554,0.7415692232366753,0.48840165012064896,1.3796501531436713,2.1675576846737155,-0.2956669905739986,89.0,0.43820224719101125,52829.58456920554,4.104406693057735,0.3487402261139897,247.80954435590058,199.0,6.132244691654356,1.6694300118102219,0.6188396820646747,1.8818322511261416,3.542961433079112,-0.35301661811809093,73.0,0.3835616438356164,71322.44691654356,4.994827378062632,0.6405172390368248,280.4794768826798,174.0,36.679352410602064,1.0659510708463116,0.5443249210534586,1.598457813745892,2.7341153790707122,-0.35301661811809015,162.0,0.41358024691358025,376793.52410602063,4.994827378062632,0.46548297184283066,528.2890212385803,373.0
30,120,20,14,27.0,18.0,0.15,14,27.0,52.0,24,2.0,2.2,18,1.0,5.0,1.25,0.65,False,72,True,48,360,1.75,1.1,0.75,18,1.6859164757372467,1.3796501531436713,2.5081231482656086,0.5021820979824703,4.282958456920554,0.7415692232366753,0.48840165012064896,1.3796501531436713,2.1675576846737155,-0.2956669905739986,89.0,0.43820224719101125,52829.58456920554,4.104406693057735,0.3487402261139897,247.80954435590058,199.0,6.132244691654356,1.6694300118102219,0.6188396820646747,1.8818322511261416,3.542961433079112,-0.35301661811809093,73.0,0.3835616438356164,71322.44691654356,4.994827378062632,0.6405172390368248,280.4794768826798,174.0,36.679352410602064,1.0659510708463116,0.5443249210534586,1.598457813745892,2.7341153790707122,-0.35301661811809015,162.0,0.41358024691358025,376793.52410602063,4.994827378062632,0.46548297184283066,528.2890212385803,373.0
30,120,20,14,27.0,18.0,0.15,14,27.0,52.0,24,2.0,2.2,18,1.0,5.0,1.25,0.65,False,72,True,12,90,1.25,0.9,0.5,18,1.685458429963655,1.346383876756242,2.630191944221043,0.4772472078297789,3.9896816821860064,0.7087292421140332,0.4851668778747515,1.346383876756242,2.113708645117746,-0.2694591334564863,89.0,0.43820224719101125,49896.81682186006,4.104406693057735,0.3432371844781423,246.72153168966167,209.0,5.608736954609338,1.5696395317724305,0.6171373947871038,1.8236310845860209,3.426188630579638,-0.3476189931298972,73.0,0.3835616438356164,66087.36954609338,4.994827378062632,0.6344660344599178,275.95263961842943,181.0,31.975493724799904,1.0115985107139829,0.5418090800832044,1.5541842621100967,2.6557287147117643,-0.34761899312989775,162.0,0.41358024691358025,329754.93724799907,4.994827378062632,0.4597606050236694,522.674171308091,390.0
30,120,20,14,27.0,18.0,0.15,14,27.0,52.0,24,2.0,2.2,18,1.0,5.0,1.25,0.65,False,72,True,24,180,1.75,0.9,0.5,36,1.6850350876047882,1.3761145935134278,2.4981289006834744,0.524374587854779,4.256110792602652,0.7386142541310126,0.4884335301236008,1.3761145935134278,2.16215745289656,-0.2956669905739979,89.0,0.43820224719101125,52561.10792602652,4.104406693057735,0.3488966453937431,246.29181942980804,197.0,6.321951344376082,1.7046821883805996,0.6200556098271554,1.9004891813682068,3.5808546025142007,-0.3528911260769323,73.0,0.3835616438356164,73219.51344376082,4.994827378062632,0.6428430882177761,278.6089488367507,168.0,37.48498748408646,1.0747082256572602,0.5448968343353995,1.6051006966474517,2.7469384991407066,-0.3528911260769324,162.0,0.41358024691358025,384849.8748408646,4.994827378062632,0.46650740056854784,524.9007682665588,365.0
30,120,20,14,27.0,18.0,0.15,14,27.0,52.0,24,2.0,2.2,18,1.0,5.0,1.25,0.65,False,72,True,24,180,1.75,1.1,0.5,36,1.6850350876047882,1.3761145935134278,2.4981289006834744,0.524374587854779,4.256110792602652,0.7386142541310126,0.4884335301236008,1.3761145935134278,2.16215745289656,-0.2956669905739979,89.0,0.43820224719101125,52561.10792602652,4.104406693057735,0.3488966453937431,246.29181942980804,197.0,6.321951344376082,1.7046821883805996,0.6200556098271554,1.9004891813682068,3.5808546025142007,-0.3528911260769323,73.0,0.3835616438356164,73219.51344376082,4.994827378062632,0.6428430882177761,278.6089488367507,168.0,37.48498748408646,1.0747082256572602,0.5448968343353995,1.6051006966474517,2.7469384991407066,-0.3528911260769324,162.0,0.41358024691358025,384849.8748408646,4.994827378062632,0.46650740056854784,524.9007682665588,365.0
30,120,20,14,27.0,18.0,0.15,14,27.0,52.0,24,2.0,2.2,18,1.0,5.0,1.25,0.65,False,72,True,12,90,1.25,0.9,0.5,36,1.684402403469991,1.3489249455064303,2.4603448242816346,0.56862152405014,4.026702540749925,0.7129444750651328,0.4865963966416536,1.3489249455064303,2.118307984901166,-0.2897742088950058,89.0,0.42696629213483145,50267.02540749925,4.104406693057735,0.34648726933648677,243.8919562594304,204.0,6.409791629444988,1.720850240696155,0.6164626316557893,1.9175464695565703,3.6361441744469487,-0.31898327452490804,73.0,0.3835616438356164,74097.91629444988,4.994827378062632,0.6381438998685776,266.2307233764339,169.0,36.24681841015864,1.0611875102460662,0.5422759596139461,1.5981464537086587,2.741201398986349,-0.31898327452490804,162.0,0.4074074074074074,372468.1841015864,4.994827378062632,0.46318184893088116,510.12267963586436,373.0
30,120,20,14,27.0,18.0,0.15,14,27.0,52.0,24,2.0,2.2,18,1.0,5.0,1.25,0.65,False,72,True,12,90,1.75,1.1,0.5,36,1.684335504768766,1.3700103528094771,2.4242703275563673,0.5489028366477189,4.210209493364477,0.733538763774974,0.488500052545348,1.3700103528094771,2.1526044295566695,-0.30258125731150265,89.0,0.43820224719101125,52102.094933644774,4.104406693057735,0.3486871951499207,246.92349586109728,199.0,6.438620033177757,1.7261355343723892,0.6173061212742438,1.918913189457196,3.6368218893593776,-0.3259227854957877,73.0,0.3835616438356164,74386.20033177757,4.994827378062632,0.6415475428013522,274.9717340424198,168.0,37.75676871439403,1.077629369844023,0.543683463267172,1.610017648524363,2.761162813428865,-0.32592278549578624,162.0,0.41358024691358025,387567.68714394025,4.994827378062632,0.4658633933618509,521.8952299035171,367.0
30,120,20,14,27.0,18.0,0.15,14,27.0,52.0,24,2.0,2.2,18,1.0,5.0,1.25,0.65,False,72,True,24,180,1.75,0.9,0.75,18,1.6842538786062193,1.3785163921194463,2.50482490752261,0.5033158590066953,4.274088271494793,0.7405940423220061,0.48839475479974986,1.3785163921194463,2.165745395258322,-0.29566699057399926,89.0,0.43820224719101125,52740.882714947926,4.104406693057735,0.3487247806119759,247.60640511341623,199.0,6.132244691654356,1.6694300118102219,0.6188396820646747,1.8818322511261416,3.542961433079112,-0.35301661811809093,73.0,0.3835616438356164,71322.44691654356,4.994827378062632,0.6405172390368248,280.4794768826798,174.0,36.61608807768514,1.0652570720348553,0.5443212657144871,1.5978478494843291,2.7330533153057113,-0.3530166181180905,162.0,0.41358024691358025,376160.88077685144,4.994827378062632,0.46547370623242723,528.085881996096,373.0
30,120,20,14,27.0,18.0,0.15,14,27.0,52.0,24,2.0,2.2,18,1.0,5.0,1.25,0.65,False,72,True,24,180,1.75,1.1,0.75,18,1.6842538786062193,1.3785163921194463,2.50482490752261,0.5033158590066953,4.274088271494793,0.7405940423220061,0.48839475479974986,1.3785163921194463,2.165745395258322,-0.29566699057399926,89.0,0.43820224719101125,52740.882714947926,4.104406693057735,0.3487247806119759,247.60640511341623,199.0,6.132244691654356,1.6694300118102219,0.6188396820646747,1.8818322511261416,3.542961433079112,-0.35301661811809093,73.0,0.3835616438356164,71322.44691654356,4.994827378062632,0.6405172390368248,280.4794768826798,174.0,36.61608807768514,1.0652570720348553,0.5443212657144871,1.5978478494843291,2.7330533153057113,-0.3530166181180905,162.0,0.41358024691358025,376160.88077685144,4.994827378062632,0.46547370623242723,528.085881996096,373.0
30,120,20,14,27.0,18.0,0.15,14,27.0,52.0,24,2.0,2.2,18,1.0,5.0,1.25,0.65,False,72,True,48,90,1.5,0.9,0.25,36,1.684192924401959,1.3755931147399008,2.496510518485383,0.524896066628306,4.251771889564552,0.7381357519369083,0.48841051468575714,1.3755931147399008,2.161274868461767,-0.2956669905739995,89.0,0.43820224719101125,52517.71889564552,4.104406693057735,0.34880024068145493,246.45892744892214,197.0,6.321951344376082,1.7046821883805996,0.6200556098271554,1.9004891813682068,3.5808546025142007,-0.3528911260769323,73.0,0.3835616438356164,73219.51344376082,4.994827378062632,0.6428430882177761,278.6089488367507,168.0,37.45321824715348,1.0743656888682072,0.5448844890895911,1.6048218056230925,2.746423141900143,-0.3528911260769335,162.0,0.41358024691358025,384532.1824715348,4.994827378062632,0.4664495682945096,525.0678762856728,365.0
30,120,20,14,27.0,18.0,0.15,14,27.0,52.0,24,2.0,2.2,18,1.0,5.0,1.25,0.65,False,72,True,48,90,1.5,1.1,0.25,36,1.684192924401959,1.3755931147399008,2.496510518485383,0.524896066628306,4.251771889564552,0.7381357519369083,0.48841051468575714,1.3755931147399008,2.161274868461767,-0.2956669905739995,89.0,0.43820224719101125,52517.71889564552,4.104406693057735,0.34880024068145493,246.45892744892214,197.0,6.321951344376082,1.7046821883805996,0.6200556098271554,1.9004891813682068,3.5808546025142007,-0.3528911260769323,73.0,0.3835616438356164,73219.51344376082,4.994827378062632,0.6428430882177761,278.6089488367507,168.0,37.45321824715348,1.0743656888682072,0.5448844890895911,1.6048218056230925,2.746423141900143,-0.3528911260769335,162.0,0.41358024691358025,384532.1824715348,4.994827378062632,0.4664495682945096,525.0678762856728,365.0
30,120,20,14,27.0,18.0,0.15,14,27.0,52.0,24,2.0,2.2,18,1.0,5.0,1.25,0.65,False,72,True,48,180,1.5,0.9,0.25,36,1.684192924401959,1.3755931147399008,2.496510518485383,0.524896066628306,4.251771889564552,0.7381357519369083,0.48841051468575714,1.3755931147399008,2.161274868461767,-0.2956669905739995,89.0,0.43820224719101125,52517.71889564552,4.104406693057735,0.34880024068145493,246.45892744892214,197.0,6.321951344376082,1.7046821883805996,0.6200556098271554,1.9004891813682068,3.5808546025142007,-0.3528911260769323,73.0,0.3835616438356164,73219.51344376082,4.994827378062632,0.6428430882177761,278.6089488367507,168.0,37.45321824715348,1.0743656888682072,0.5448844890895911,1.6048218056230925,2.746423141900143,-0.3528911260769335,162.0,0.41358024691358025,384532.1824715348,4.994827378062632,0.4664495682945096,525.0678762856728,365.0
30,120,20,14,27.0,18.0,0.15,14,27.0,52.0,24,2.0,2.2,18,1.0,5.0,1.25,0.65,False,72,True,48,180,1.5,1.1,0.25,36,1.684192924401959,1.3755931147399008,2.496510518485383,0.524896066628306,4.251771889564552,0.7381357519369083,0.48841051468575714,1.3755931147399008,2.161274868461767,-0.2956669905739995,89.0,0.43820224719101125,52517.71889564552,4.104406693057735,0.34880024068145493,246.45892744892214,197.0,6.321951344376082,1.7046821883805996,0.6200556098271554,1.9004891813682068,3.5808546025142007,-0.3528911260769323,73.0,0.3835616438356164,73219.51344376082,4.994827378062632,0.6428430882177761,278.6089488367507,168.0,37.45321824715348,1.0743656888682072,0.5448844890895911,1.6048218056230925,2.746423141900143,-0.3528911260769335,162.0,0.41358024691358025,384532.1824715348,4.994827378062632,0.4664495682945096,525.0678762856728,365.0
30,120,20,14,27.0,18.0,0.15,14,27.0,52.0,24,2.0,2.2,18,1.0,5.0,1.25,0.65,False,72,True,48,180,1.75,0.9,0.25,36,1.684192924401959,1.3755931147399008,2.496510518485383,0.524896066628306,4.251771889564552,0.7381357519369083,0.48841051468575714,1.3755931147399008,2.161274868461767,-0.2956669905739995,89.0,0.43820224719101125,52517.71889564552,4.104406693057735,0.34880024068145493,246.45892744892214,197.0,6.321951344376082,1.7046821883805996,0.6200556098271554,1.9004891813682068,3.5808546025142007,-0.3528911260769323,73.0,0.3835616438356164,73219.51344376082,4.994827378062632,0.6428430882177761,278.6089488367507,168.0,37.45321824715348,1.0743656888682072,0.5448844890895911,1.6048218056230925,2.746423141900143,-0.3528911260769335,162.0,0.41358024691358025,384532.1824715348,4.994827378062632,0.4664495682945096,525.0678762856728,365.0
30,120,20,14,27.0,18.0,0.15,14,27.0,52.0,24,2.0,2.2,18,1.0,5.0,1.25,0.65,False,72,True,48,180,1.75,1.1,0.25,36,1.684192924401959,1.3755931147399008,2.496510518485383,0.524896066628306,4.251771889564552,0.7381357519369083,0.48841051468575714,1.3755931147399008,2.161274868461767,-0.2956669905739995,89.0,0.43820224719101125,52517.71889564552,4.104406693057735,0.34880024068145493,246.45892744892214,197.0,6.321951344376082,1.7046821883805996,0.6200556098271554,1.9004891813682068,3.5808546025142007,-0.3528911260769323,73.0,0.3835616438356164,73219.51344376082,4.994827378062632,0.6428430882177761,278.6089488367507,168.0,37.45321824715348,1.0743656888682072,0.5448844890895911,1.6048218056230925,2.746423141900143,-0.3528911260769335,162.0,0.41358024691358025,384532.1824715348,4.994827378062632,0.4664495682945096,525.0678762856728,365.0
30,120,20,14,27.0,18.0,0.15,14,27.0,52.0,24,2.0,2.2,18,1.0,5.0,1.25,0.65,False,72,True,48,360,1.75,0.9,0.25,36,1.684192924401959,1.3755931147399008,2.496510518485383,0.524896066628306,4.251771889564552,0.7381357519369083,0.48841051468575714,1.3755931147399008,2.161274868461767,-0.2956669905739995,89.0,0.43820224719101125,52517.71889564552,4.104406693057735,0.34880024068145493,246.45892744892214,197.0,6.321951344376082,1.7046821883805996,0.6200556098271554,1.9004891813682068,3.5808546025142007,-0.3528911260769323,73.0,0.3835616438356164,73219.51344376082,4.994827378062632,0.6428430882177761,278.6089488367507,168.0,37.45321824715348,1.0743656888682072,0.5448844890895911,1.6048218056230925,2.746423141900143,-0.3528911260769335,162.0,0.41358024691358025,384532.1824715348,4.994827378062632,0.4664495682945096,525.0678762856728,365.0
30,120,20,14,27.0,18.0,0.15,14,27.0,52.0,24,2.0,2.2,18,1.0,5.0,1.25,0.65,False,72,True,48,360,1.75,1.1,0.25,36,1.684192924401959,1.3755931147399008,2.496510518485383,0.524896066628306,4.251771889564552,0.7381357519369083,0.48841051468575714,1.3755931147399008,2.161274868461767,-0.2956669905739995,89.0,0.43820224719101125,52517.71889564552,4.104406693057735,0.34880024068145493,246.45892744892214,197.0,6.321951344376082,1.7046821883805996,0.6200556098271554,1.9004891813682068,3.5808546025142007,-0.3528911260769323,73.0,0.3835616438356164,73219.51344376082,4.994827378062632,0.6428430882177761,278.6089488367507,168.0,37.45321824715348,1.0743656888682072,0.5448844890895911,1.6048218056230925,2.746423141900143,-0.3528911260769335,162.0,0.41358024691358025,384532.1824715348,4.994827378062632,0.4664495682945096,525.0678762856728,365.0
30,120,20,14,27.0,18.0,0.15,14,27.0,52.0,24,2.0,2.2,18,1.0,5.0,1.25,0.65,False,72,True,12,90,1.25,0.9,0.75,36,1.682229372260616,1.3574323978446903,2.4891739800024304,0.5509206895905256,4.097898656100492,0.7209931215438607,0.48722645316537144,1.3574323978446903,2.1311660318662886,-0.28965155804141773,89.0,0.43820224719101125,50978.98656100492,4.104406693057735,0.34774409717104054,244.95884569123098,204.0,6.3547432464879074,1.7107292198234374,0.6179793572155777,1.908353087435216,3.609063548756491,-0.33601624705728117,73.0,0.3835616438356164,73547.43246487908,4.994827378062632,0.6405120215269638,272.58235919437186,169.0,36.49373571223488,1.0639122340001559,0.5433040382595401,1.5985953741104109,2.738757430053215,-0.33601624705728084,162.0,0.41358024691358025,374937.3571223488,4.994827378062632,0.4648833159472748,517.5412048856028,373.0
30,120,20,14,27.0,18.0,0.15,14,27.0,52.0,24,2.0,2.2,18,1.0,5.0,1.25,0.65,False,72,True,24,90,1.75,0.9,0.5,18,1.6814519579634568,1.3740401701737421,2.491529937342643,0.5264490111944646,4.238433872609972,0.7366631584991217,0.48831184755117735,1.3740401701737421,2.1584020171654177,-0.29566699057399826,89.0,0.43820224719101125,52384.338726099726,4.104406693057735,0.348434110806627,247.92037301914124,199.0,6.321951344376082,1.7046821883805996,0.6200556098271554,1.9004891813682068,3.5808546025142007,-0.3528911260769323,73.0,0.3835616438356164,73219.51344376082,4.994827378062632,0.6428430882177761,278.6089488367507,168.0,37.35555793598173,1.0733112929725732,0.5448315346201084,1.6039934482046736,2.744744550194227,-0.3528911260769323,162.0,0.41358024691358025,383555.57935981726,4.994827378062632,0.4662299304495115,526.5293218558919,367.0
30,120,20,14,27.0,18.0,0.15,14,27.0,52.0,24,2.0,2.2,18,1.0,5.0,1.25,0.65,False,72,True,24,90,1.75,1.1,0.5,18,1.6814519579634568,1.3740401701737421,2.491529937342643,0.5264490111944646,4.238433872609972,0.7366631584991217,0.48831184755117735,1.3740401701737421,2.1584020171654177,-0.29566699057399826,89.0,0.43820224719101125,52384.338726099726,4.104406693057735,0.348434110806627,247.92037301914124,199.0,6.321951344376082,1.7046821883805996,0.6200556098271554,1.9004891813682068,3.5808546025142007,-0.3528911260769323,73.0,0.3835616438356164,73219.51344376082,4.994827378062632,0.6428430882177761,278.6089488367507,168.0,37.35555793598173,1.0733112929725732,0.5448315346201084,1.6039934482046736,2.744744550194227,-0.3528911260769323,162.0,0.41358024691358025,383555.57935981726,4.994827378062632,0.4662299304495115,526.5293218558919,367.0
30,120,20,14,27.0,18.0,0.15,14,27.0,52.0,24,2.0,2.2,18,1.0,5.0,1.25,0.65,False,72,True,48,180,1.75,0.9,0.5,18,1.681441783970257,1.3763141204586644,2.498119610523729,0.5085129692162966,4.256085878749897,0.7386115073374415,0.4883235715727765,1.3763141204586644,2.1620269008762536,-0.29566699057399903,89.0,0.43820224719101125,52560.858787498975,4.104406693057735,0.34846500181065443,248.32665150410995,199.0,6.15897378186796,1.6744250849176634,0.6188513100315259,1.884827089674961,3.5491691746532252,-0.3528911260769323,73.0,0.3835616438356164,71589.7378186796,4.994827378062632,0.640118035399497,279.74031887280387,170.0,36.62818100121679,1.0653898014707601,0.5442885480083638,1.5980288554670745,2.733408216888716,-0.3528911260769326,162.0,0.41358024691358025,376281.8100121679,4.994827378062632,0.4651581422339954,528.0669703769139,369.0
30,120,20,14,27.0,18.0,0.15,14,27.0,52.0,24,2.0,2.2,18,1.0,5.0,1.25,0.65,False,72,True,48,180,1.75,1.1,0.5,18,1.681441783970257,1.3763141204586644,2.498119610523729,0.5085129692162966,4.256085878749897,0.7386115073374415,0.4883235715727765,1.3763141204586644,2.1620269008762536,-0.29566699057399903,89.0,0.43820224719101125,52560.858787498975,4.104406693057735,0.34846500181065443,248.32665150410995,199.0,6.15897378186796,1.6744250849176634,0.6188513100315259,1.884827089674961,3.5491691746532252,-0.3528911260769323,73.0,0.3835616438356164,71589.7378186796,4.994827378062632,0.640118035399497,279.74031887280387,170.0,36.62818100121679,1.0653898014707601,0.5442885480083638,1.5980288554670745,2.733408216888716,-0.3528911260769326,162.0,0.41358024691358025,376281.8100121679,4.994827378062632,0.4651581422339954,528.0669703769139,369.0
30,120,20,14,27.0,18.0,0.15,14,27.0,52.0,24,2.0,2.2,18,1.0,5.0,1.25,0.65,False,72,True,12,90,1.25,0.9,0.25,18,1.681179607754788,1.3371941137617318,2.6537014503871386,0.45714851293719416,3.9174798835888964,0.700447896861774,0.48469968936786234,1.3371941137617318,2.0990652927211713,-0.26395128086454045,89.0,0.43820224719101125,49174.79883588896,4.104406693057735,0.34106521048101807,247.03687415132674,209.0,5.366091512074383,1.5220466493457763,0.616616350220491,1.794342626698926,3.369167957521024,-0.34555794271546403,73.0,0.3835616438356164,63660.915120743826,4.994827378062632,0.6308887445916914,274.0921503763616,181.0,30.305126947711706,0.9907997598440965,0.5413194420909647,1.5359080680917887,2.623699575759381,-0.3455579427154647,162.0,0.41358024691358025,313051.26947711705,4.994827378062632,0.45702635083947574,521.1290245276882,390.0
30,120,20,14,27.0,18.0,0.15,14,27.0,52.0,24,2.0,2.2,18,1.0,5.0,1.25,0.65,False,72,True,12,90,1.25,1.1,0.25,36,1.6801912450773804,1.3507777610537837,2.4181191439162824,0.5536350397332124,4.03580949426492,0.7139782281984974,0.48625047242488656,1.3507777610537837,2.12162232684219,-0.2952618070928337,89.0,0.43820224719101125,50358.0949426492,4.104406693057735,0.3460315241080921,242.57249486702256,203.0,6.2809434471786645,1.6971009801593975,0.6159424637972506,1.904412800786996,3.6117011445248046,-0.3112729083562076,73.0,0.3835616438356164,72809.43447178665,4.994827378062632,0.636473621255938,262.26223003836066,170.0,35.665444138508285,1.054714530656975,0.5418522386382116,1.59316793630504,2.7330743276096503,-0.3112729083562089,162.0,0.41358024691358025,366654.44138508284,4.994827378062632,0.46224015739494234,504.83472490538315,373.0
30,120,20,14,27.0,18.0,0.15,14,27.0,52.0,24,2.0,2.2,18,1.0,5.0,1.25,0.65,False,72,True,48,90,1.5,0.9,0.5,18,1.6800139905502922,1.3763141204586644,2.498119610523729,0.5066736421472282,4.256085878749897,0.7386115073374415,0.4883235715727765,1.3763141204586644,2.1620269008762536,-0.29566699057399903,89.0,0.43820224719101125,52560.858787498975,4.104406693057735,0.34846500181065443,248.32665150410995,199.0,6.143755699088024,1.6715823093583917,0.6189103331591501,1.8829877626058926,3.5457283865224163,-0.3542667082079809,73.0,0.3835616438356164,71437.55699088024,4.994827378062632,0.6402835976092027,280.95696442774124,172.0,36.54819345121555,1.064511240072377,0.5443152899814314,1.5971954364298313,2.732008739566468,-0.35426670820798145,162.0,0.41358024691358025,375481.93451215554,4.994827378062632,0.46522438524181964,529.2836159318512,371.0
30,120,20,14,27.0,18.0,0.15,14,27.0,52.0,24,2.0,2.2,18,1.0,5.0,1.25,0.65,False,72,True,48,90,1.5,1.1,0.5,18,1.6800139905502922,1.3763141204586644,2.498119610523729,0.5066736421472282,4.256085878749897,0.7386115073374415,0.4883235715727765,1.3763141204586644,2.1620269008762536,-0.29566699057399903,89.0,0.43820224719101125,52560.858787498975,4.104406693057735,0.34846500181065443,248.32665150410995,199.0,6.143755699088024,1.6715823093583917,0.6189103331591501,1.8829877626058926,3.5457283865224163,-0.3542667082079809,73.0,0.3835616438356164,71437.55699088024,4.994827378062632,0.6402835976092027,280.95696442774124,172.0,36.54819345121555,1.064511240072377,0.5443152899814314,1.5971954364298313,2.732008739566468,-0.35426670820798145,162.0,0.41358024691358025,375481.93451215554,4.994827378062632,0.46522438524181964,529.2836159318512,371.0
30,120,20,14,27.0,18.0,0.15,14,27.0,52.0,24,2.0,2.2,18,1.0,5.0,1.25,0.65,False,72,True,48,90,1.5,0.9,0.0,36,1.6799543347766204,1.3727308477522002,2.4882378512732175,0.5277583336160065,4.229630061502781,0.7356897973182657,0.48839952558918176,1.3727308477522002,2.1567108670693362,-0.2956669905739989,88.0,0.4318181818181818,52296.30061502781,4.104406693057735,0.3486729449651394,246.21975698306753,195.0,6.321951344376082,1.7046821883805996,0.6200556098271554,1.9004891813682068,3.5808546025142007,-0.3528911260769323,73.0,0.3835616438356164,73219.51344376082,4.994827378062632,0.6428430882177761,278.6089488367507,168.0,37.29109685940976,1.0726141574167043,0.5448787249533765,1.6032831675675228,2.7437435818221507,-0.3528911260769326,161.0,0.40993788819875776,382910.96859409765,4.994827378062632,0.46637320479966454,524.8287058198182,363.0
30,120,20,14,27.0,18.0,0.15,14,27.0,52.0,24,2.0,2.2,18,1.0,5.0,1.25,0.65,False,72,True,48,90,1.5,1.1,0.0,36,1.6799543347766204,1.3727308477522002,2.4882378512732175,0.5277583336160065,4.229630061502781,0.7356897973182657,0.48839952558918176,1.3727308477522002,2.1567108670693362,-0.2956669905739989,88.0,0.4318181818181818,52296.30061502781,4.104406693057735,0.3486729449651394,246.21975698306753,195.0,6.321951344376082,1.7046821883805996,0.6200556098271554,1.9004891813682068,3.5808546025142007,-0.3528911260769323,73.0,0.3835616438356164,73219.51344376082,4.994827378062632,0.6428430882177761,278.6089488367507,168.0,37.29109685940976,1.0726141574167043,0.5448787249533765,1.6032831675675228,2.7437435818221507,-0.3528911260769326,161.0,0.40993788819875776,382910.96859409765,4.994827378062632,0.46637320479966454,524.8287058198182,363.0
30,120,20,14,27.0,18.0,0.15,14,27.0,52.0,24,2.0,2.2,18,1.0,5.0,1.25,0.65,False,72,True,48,180,1.5,0.9,0.0,36,1.6799543347766204,1.3727308477522002,2.4882378512732175,0.5277583336160065,4.229630061502781,0.7356897973182657,0.48839952558918176,1.3727308477522002,2.1567108670693362,-0.2956669905739989,88.0,0.4318181818181818,52296.30061502781,4.104406693057735,0.3486729449651394,246.21975698306753,195.0,6.321951344376082,1.7046821883805996,0.6200556098271554,1.9004891813682068,3.5808546025142007,-0.3528911260769323,73.0,0.3835616438356164,73219.51344376082,4.994827378062632,0.6428430882177761,278.6089488367507,168.0,37.29109685940976,1.0726141574167043,0.5448787249533765,1.6032831675675228,2.7437435818221507,-0.3528911260769326,161.0,0.40993788819875776,382910.96859409765,4.994827378062632,0.46637320479966454,524.8287058198182,363.0
30,120,20,14,27.0,18.0,0.15,14,27.0,52.0,24,2.0,2.2,18,1.0,5.0,1.25,0.65,False,72,True,48,180,1.5,1.1,0.0,36,1.6799543347766204,1.3727308477522002,2.4882378512732175,0.5277583336160065,4.229630061502781,0.7356897973182657,0.48839952558918176,1.3727308477522002,2.1567108670693362,-0.2956669905739989,88.0,0.4318181818181818,52296.30061502781,4.104406693057735,0.3486729449651394,246.21975698306753,195.0,6.321951344376082,1.7046821883805996,0.6200556098271554,1.9004891813682068,3.5808546025142007,-0.3528911260769323,73.0,0.3835616438356164,73219.51344376082,4.994827378062632,0.6428430882177761,278.6089488367507,168.0,37.29109685940976,1.0726141574167043,0.5448787249533765,1.6032831675675228,2.7437435818221507,-0.3528911260769326,161.0,0.40993788819875776,382910.96859409765,4.994827378062632,0.46637320479966454,524.8287058198182,363.0
30,120,20,14,27.0,18.0,0.15,14,27.0,52.0,24,2.0,2.2,18,1.0,5.0,1.25,0.65,False,72,True,48,180,1.75,0.9,0.0,36,1.6799543347766204,1.3727308477522002,2.4882378512732175,0.5277583336160065,4.229630061502781,0.7356897973182657,0.48839952558918176,1.3727308477522002,2.1567108670693362,-0.2956669905739989,88.0,0.4318181818181818,52296.30061502781,4.104406693057735,0.3486729449651394,246.21975698306753,195.0,6.321951344376082,1.7046821883805996,0.6200556098271554,1.9004891813682068,3.5808546025142007,-0.3528911260769323,73.0,0.3835616438356164,73219.51344376082,4.994827378062632,0.6428430882177761,278.6089488367507,168.0,37.29109685940976,1.0726141574167043,0.5448787249533765,1.6032831675675228,2.7437435818221507,-0.3528911260769326,161.0,0.40993788819875776,382910.96859409765,4.994827378062632,0.46637320479966454,524.8287058198182,363.0
30,120,20,14,27.0,18.0,0.15,14,27.0,52.0,24,2.0,2.2,18,1.0,5.0,1.25,0.65,False,72,True,48,180,1.75,1.1,0.0,36,1.6799543347766204,1.3727308477522002,2.4882378512732175,0.5277583336160065,4.229630061502781,0.7356897973182657,0.48839952558918176,1.3727308477522002,2.1567108670693362,-0.2956669905739989,88.0,0.4318181818181818,52296.30061502781,4.104406693057735,0.3486729449651394,246.21975698306753,195.0,6.321951344376082,1.7046821883805996,0.6200556098271554,1.9004891813682068,3.5808546025142007,-0.3528911260769323,73.0,0.3835616438356164,73219.51344376082,4.994827378062632,0.6428430882177761,278.6089488367507,168.0,37.29109685940976,1.0726141574167043,0.5448787249533765,1.6032831675675228,2.7437435818221507,-0.3528911260769326,161.0,0.40993788819875776,382910.96859409765,4.994827378062632,0.46637320479966454,524.8287058198182,363.0
30,120,20,14,27.0,18.0,0.15,14,27.0,52.0,24,2.0,2.2,18,1.0,5.0,1.25,0.65,False,72,True,48,360,1.75,0.9,0.0,36,1.6799543347766204,1.3727308477522002,2.4882378512732175,0.5277583336160065,4.229630061502781,0.7356897973182657,0.48839952558918176,1.3727308477522002,2.1567108670693362,-0.2956669905739989,88.0,0.4318181818181818,52296.30061502781,4.104406693057735,0.3486729449651394,246.21975698306753,195.0,6.321951344376082,1.7046821883805996,0.6200556098271554,1.9004891813682068,3.5808546025142007,-0.3528911260769323,73.0,0.3835616438356164,73219.51344376082,4.994827378062632,0.6428430882177761,278.6089488367507,168.0,37.29109685940976,1.0726141574167043,0.5448787249533765,1.6032831675675228,2.7437435818221507,-0.3528911260769326,161.0,0.40993788819875776,382910.96859409765,4.994827378062632,0.46637320479966454,524.8287058198182,363.0
30,120,20,14,27.0,18.0,0.15,14,27.0,52.0,24,2.0,2.2,18,1.0,5.0,1.25,0.65,False,72,True,48,360,1.75,1.1,0.0,36,1.6799543347766204,1.3727308477522002,2.4882378512732175,0.5277583336160065,4.229630061502781,0.7356897973182657,0.48839952558918176,1.3727308477522002,2.1567108670693362,-0.2956669905739989,88.0,0.4318181818181818,52296.30061502781,4.104406693057735,0.3486729449651394,246.21975698306753,195.0,6.321951344376082,1.7046821883805996,0.6200556098271554,1.9004891813682068,3.5808546025142007,-0.3528911260769323,73.0,0.3835616438356164,73219.51344376082,4.994827378062632,0.6428430882177761,278.6089488367507,168.0,37.29109685940976,1.0726141574167043,0.5448787249533765,1.6032831675675228,2.7437435818221507,-0.3528911260769326,161.0,0.40993788819875776,382910.96859409765,4.994827378062632,0.46637320479966454,524.8287058198182,363.0
30,120,20,14,27.0,18.0,0.15,14,27.0,52.0,24,2.0,2.2,18,1.0,5.0,1.25,0.65,False,72,True,12,90,1.25,1.1,0.5,18,1.6796262534159903,1.3531394803756864,2.583066114186899,0.4767774966324685,4.045475223316319,0.7150740468258072,0.4856535599064531,1.3531394803756864,2.1257972070385103,-0.27683149219388026,89.0,0.43820224719101125,50454.75223316319,4.104406693057735,0.3442015794942151,248.54046877193298,210.0,5.660871597472909,1.5797506140087778,0.6171749450656637,1.829916977008155,3.4392533971980814,-0.3476189931298972,73.0,0.3835616438356164,66608.71597472909,4.994827378062632,0.6355388498525548,275.4797219703002,180.0,32.607262610740975,1.0192456020352378,0.5420876521096772,1.5606547375191246,2.6680494891127173,-0.3476189931298974,162.0,0.41358024691358025,336072.6261074098,4.994827378062632,0.4607683800590462,524.0201907422331,390.0
30,120,20,14,27.0,18.0,0.15,14,27.0,52.0,24,2.0,2.2,18,1.0,5.0,1.25,0.65,False,72,True,24,180,1.75,0.9,0.25,36,1.6791927437647556,1.3721738086182051,2.486622110731864,0.5283153727500016,4.225312803022225,0.7352120761748575,0.48839603755664984,1.3721738086182051,2.1558372342481484,-0.2956669905739998,89.0,0.43820224719101125,52253.12803022225,4.104406693057735,0.3487539041754139,245.84950972146905,197.0,6.321951344376082,1.7046821883805996,0.6200556098271554,1.9004891813682068,3.5808546025142007,-0.3528911260769323,73.0,0.3835616438356164,73219.51344376082,4.994827378062632,0.6428430882177761,278.6089488367507,168.0,37.259486102874035,1.0722719492970487,0.5448768779209755,1.6029838254948876,2.7432381835726045,-0.35289112607693196,162.0,0.41358024691358025,382594.86102874036,4.994827378062632,0.4664217714632994,524.4584585582197,365.0
30,120,20,14,27.0,18.0,0.15,14,27.0,52.0,24,2.0,2.2,18,1.0,5.0,1.25,0.65,False,72,True,24,180,1.75,1.1,0.25,36,1.6791927437647556,1.3721738086182051,2.486622110731864,0.5283153727500016,4.225312803022225,0.7352120761748575,0.48839603755664984,1.3721738086182051,2.1558372342481484,-0.2956669905739998,89.0,0.43820224719101125,52253.12803022225,4.104406693057735,0.3487539041754139,245.84950972146905,197.0,6.321951344376082,1.7046821883805996,0.6200556098271554,1.9004891813682068,3.5808546025142007,-0.3528911260769323,73.0,0.3835616438356164,73219.51344376082,4.994827378062632,0.6428430882177761,278.6089488367507,168.0,37.259486102874035,1.0722719492970487,0.5448768779209755,1.6029838254948876,2.7432381835726045,-0.35289112607693196,162.0,0.41358024691358025,382594.86102874036,4.994827378062632,0.4664217714632994,524.4584585582197,365.0
30,120,20,14,27.0,18.0,0.15,14,27.0,52.0,24,2.0,2.2,18,1.0,5.0,1.25,0.65,False,72,True,24,90,1.5,1.1,0.75,36,1.6787014028906697,1.375374281894836,2.4758087546293415,0.5251148994733708,4.251283277312273,0.7380818503714122,0.48849562081703274,1.375374281894836,2.1611270402475813,-0.2981174733271803,89.0,0.43820224719101125,52512.832773122725,4.104406693057735,0.3488469388935033,247.19135291069114,199.0,6.321951344376082,1.7046821883805996,0.6200556098271554,1.9004891813682068,3.5808546025142007,-0.3528911260769323,73.0,0.3835616438356164,73219.51344376082,4.994827378062632,0.6428430882177761,278.6089488367507,168.0,37.44964065201619,1.0743271009561144,0.544930247436137,1.6046982449205516,2.7463197757953037,-0.3528911260769313,162.0,0.41358024691358025,384496.4065201619,4.994827378062632,0.4664775821097286,525.8003017474418,367.0
30,120,20,14,27.0,18.0,0.15,14,27.0,52.0,24,2.0,2.2,18,1.0,5.0,1.25,0.65,False,72,True,24,360,1.75,0.9,0.5,18,1.6780817551375502,1.3763141204586644,2.498119610523729,0.496384494957796,4.256085878749897,0.7386115073374415,0.4883235715727765,1.3763141204586644,2.1620269008762536,-0.29566699057399903,89.0,0.43820224719101125,52560.858787498975,4.104406693057735,0.34846500181065443,248.32665150410995,199.0,6.050260568532364,1.6540503083410898,0.618740807438295,1.8726986154164604,3.5251578182369285,-0.3542667082079809,73.0,0.3835616438356164,70502.60568532364,4.994827378062632,0.6402706153002666,282.10453628936614,174.0,36.05677501577007,1.0590805291586998,0.5442375319779252,1.5925092780455845,2.7235259229117506,-0.35426670820798145,162.0,0.41358024691358025,370567.75015770074,4.994827378062632,0.46521919089708386,530.431187793476,373.0
30,120,20,14,27.0,18.0,0.15,14,27.0,52.0,24,2.0,2.2,18,1.0,5.0,1.25,0.65,False,72,True,24,360,1.75,1.1,0.5,18,1.6780817551375502,1.3763141204586644,2.498119610523729,0.496384494957796,4.256085878749897,0.7386115073374415,0.4883235715727765,1.3763141204586644,2.1620269008762536,-0.29566699057399903,89.0,0.43820224719101125,52560.858787498975,4.104406693057735,0.34846500181065443,248.32665150410995,199.0,6.050260568532364,1.6540503083410898,0.618740807438295,1.8726986154164604,3.5251578182369285,-0.3542667082079809,73.0,0.3835616438356164,70502.60568532364,4.994827378062632,0.6402706153002666,282.10453628936614,174.0,36.05677501577007,1.0590805291586998,0.5442375319779252,1.5925092780455845,2.7235259229117506,-0.35426670820798145,162.0,0.41358024691358025,370567.75015770074,4.994827378062632,0.46521919089708386,530.431187793476,373.0
30,120,20,14,27.0,18.0,0.15,14,27.0,52.0,24,2.0,2.2,18,1.0,5.0,1.25,0.65,False,72,True,48,360,1.75,0.9,0.5,18,1.6780817551375502,1.3763141204586644,2.498119610523729,0.496384494957796,4.256085878749897,0.7386115073374415,0.4883235715727765,1.3763141204586644,2.1620269008762536,-0.29566699057399903,89.0,0.43820224719101125,52560.858787498975,4.104406693057735,0.34846500181065443,248.32665150410995,199.0,6.050260568532364,1.6540503083410898,0.618740807438295,1.8726986154164604,3.5251578182369285,-0.3542667082079809,73.0,0.3835616438356164,70502.60568532364,4.994827378062632,0.6402706153002666,282.10453628936614,174.0,36.05677501577007,1.0590805291586998,0.5442375319779252,1.5925092780455845,2.7235259229117506,-0.35426670820798145,162.0,0.41358024691358025,370567.75015770074,4.994827378062632,0.46521919089708386,530.431187793476,373.0
30,120,20,14,27.0,18.0,0.15,14,27.0,52.0,24,2.0,2.2,18,1.0,5.0,1.25,0.65,False,72,True,48,360,1.75,1.1,0.5,18,1.6780817551375502,1.3763141204586644,2.498119610523729,0.496384494957796,4.256085878749897,0.7386115073374415,0.4883235715727765,1.3763141204586644,2.1620269008762536,-0.29566699057399903,89.0,0.43820224719101125,52560.858787498975,4.104406693057735,0.34846500181065443,248.32665150410995,199.0,6.050260568532364,1.6540503083410898,0.618740807438295,1.8726986154164604,3.5251578182369285,-0.3542667082079809,73.0,0.3835616438356164,70502.60568532364,4.994827378062632,0.6402706153002666,282.10453628936614,174.0,36.05677501577007,1.0590805291586998,0.5442375319779252,1.5925092780455845,2.7235259229117506,-0.35426670820798145,162.0,0.41358024691358025,370567.75015770074,4.994827378062632,0.46521919089708386,530.431187793476,373.0
30,120,20,14,27.0,18.0,0.15,14,27.0,52.0,24,2.0,2.2,18,1.0,5.0,1.25,0.65,False,72,True,12,90,1.75,1.1,0.25,36,1.6779475168607831,1.3624176901833485,2.3708397800738386,0.563647077908481,4.152104924685235,0.7270709738523253,0.48846864457901407,1.3624176901833485,2.140529427618234,-0.3066723360908349,89.0,0.43820224719101125,51521.049246852344,4.104406693057735,0.34841387128019796,246.72035661861293,199.0,6.491142303448747,1.7357385027194003,0.6166148576458219,1.9260647680918295,3.6554412532250944,-0.31241534201947185,73.0,0.3835616438356164,74911.42303448747,4.994827378062632,0.6408997700931401,273.1531266452544,168.0,37.59515115311607,1.0758942637233422,0.5433533788249038,1.6091239244369562,2.760897195811975,-0.3136612586194094,162.0,0.41358024691358025,385951.5115311607,4.994827378062632,0.4654402489661644,519.8734832638673,367.0
30,120,20,14,27.0,18.0,0.15,14,27.0,52.0,24,2.0,2.2,18,1.0,5.0,1.25,0.65,False,72,True,24,360,1.75,0.9,0.5,36,1.6777371814893374,1.3712647684438655,2.484455444164909,0.5292244129243413,4.219527200754097,0.7345714643914292,0.48847897911438715,1.3712647684438655,2.154532795362449,-0.29566699057400003,89.0,0.43820224719101125,52195.272007540974,4.104406693057735,0.3487472351298909,246.89645721430063,198.0,6.321951344376082,1.7046821883805996,0.6200556098271554,1.9004891813682068,3.5808546025142007,-0.3528911260769323,73.0,0.3835616438356164,73219.51344376082,4.994827378062632,0.6428430882177761,278.6089488367507,168.0,37.21712420456885,1.071812997819868,0.5449215064726056,1.6024890153107392,2.7424449794417765,-0.3528911260769326,162.0,0.41358024691358025,382171.2420456885,4.994827378062632,0.4664177707660399,525.5054060510513,366.0
30,120,20,14,27.0,18.0,0.15,14,27.0,52.0,24,2.0,2.2,18,1.0,5.0,1.25,0.65,False,72,True,24,360,1.75,1.1,0.5,36,1.6777371814893374,1.3712647684438655,2.484455444164909,0.5292244129243413,4.219527200754097,0.7345714643914292,0.48847897911438715,1.3712647684438655,2.154532795362449,-0.29566699057400003,89.0,0.43820224719101125,52195.272007540974,4.104406693057735,0.3487472351298909,246.89645721430063,198.0,6.321951344376082,1.7046821883805996,0.6200556098271554,1.9004891813682068,3.5808546025142007,-0.3528911260769323,73.0,0.3835616438356164,73219.51344376082,4.994827378062632,0.6428430882177761,278.6089488367507,168.0,37.21712420456885,1.071812997819868,0.5449215064726056,1.6024890153107392,2.7424449794417765,-0.3528911260769326,162.0,0.41358024691358025,382171.2420456885,4.994827378062632,0.4664177707660399,525.5054060510513,366.0
30,120,20,14,27.0,18.0,0.15,14,27.0,52.0,24,2.0,2.2,18,1.0,5.0,1.25,0.65,False,72,True,24,360,1.75,0.9,0.75,6,1.6773138706455888,1.4235504283933114,2.4938820364379035,0.3336122773186787,4.244729985869938,0.7373585965601517,0.46184901031510484,1.4235504283933114,2.332676013703356,-0.29566699057399926,89.0,0.43820224719101125,52447.29985869938,4.104406693057735,0.33837689268340876,249.30722241554687,207.0,4.458782152695401,1.3354995431425523,0.572604832182024,1.75716270571199,3.1810755044422145,-0.35289112607693174,73.0,0.3835616438356164,54587.821526954,4.994827378062632,0.6087220172711362,284.9108761097483,185.0,27.62983844257332,0.9555581877990469,0.5090261786211852,1.565542785383585,2.690284662062272,-0.3528911260769325,162.0,0.41358024691358025,286298.3844257332,4.994827378062632,0.4465445369492154,534.2180985252951,392.0
30,120,20,14,27.0,18.0,0.15,14,27.0,52.0,24,2.0,2.2,18,1.0,5.0,1.25,0.65,False,72,True,24,360,1.75,1.1,0.75,6,1.6773138706455888,1.4235504283933114,2.4938820364379035,0.3336122773186787,4.244729985869938,0.7373585965601517,0.46184901031510484,1.4235504283933114,2.332676013703356,-0.29566699057399926,89.0,0.43820224719101125,52447.29985869938,4.104406693057735,0.33837689268340876,249.30722241554687,207.0,4.458782152695401,1.3354995431425523,0.572604832182024,1.75716270571199,3.1810755044422145,-0.35289112607693174,73.0,0.3835616438356164,54587.821526954,4.994827378062632,0.6087220172711362,284.9108761097483,185.0,27.62983844257332,0.9555581877990469,0.5090261786211852,1.565542785383585,2.690284662062272,-0.3528911260769325,162.0,0.41358024691358025,286298.3844257332,4.994827378062632,0.4465445369492154,534.2180985252951,392.0
30,120,20,14,27.0,18.0,0.15,14,27.0,52.0,24,2.0,2.2,18,1.0,5.0,1.25,0.65,False,72,True,12,90,1.25,0.9,0.75,18,1.677048556998857,1.354683273606473,2.558743204618101,0.4969794059190573,4.060639478841734,0.7167904250941055,0.4859483198324913,1.354683273606473,2.126796562982481,-0.28013378747832895,89.0,0.43820224719101125,50606.39478841735,4.104406693057735,0.3454091584752665,246.40618922799655,209.0,5.856660887002142,1.6173732516568258,0.618024590200973,1.8516626795255302,3.4816387877138353,-0.34968813064572635,73.0,0.3835616438356164,68566.60887002142,4.994827378062632,0.6380433243281443,278.10114478763427,181.0,33.69908877779312,1.0321943753848948,0.5426343621324248,1.5714069575277856,2.6860891303229555,-0.34968813064572624,162.0,0.41358024691358025,346990.88777793123,4.994827378062632,0.4624948592078629,524.5073340156308,390.0
30,120,20,14,27.0,18.0,0.15,14,27.0,52.0,24,2.0,2.2,18,1.0,5.0,1.25,0.65,False,72,True,12,90,1.25,0.9,0.0,18,1.676296955250331,1.3271267725760645,2.677277047742253,0.4368306006177516,3.844122219639461,0.6919505327062809,0.4845476731965571,1.3271267725760645,2.082905544876377,-0.2584530925889058,86.0,0.4186046511627907,48441.22219639461,4.104406693057735,0.3388932364838939,247.35221661299184,191.0,5.129656611182627,1.4747908285106441,0.616463978303465,1.763957373193816,3.310918553553154,-0.3435050100064059,70.0,0.34285714285714286,61296.56611182627,4.994827378062632,0.6273114547234648,272.23166113429363,162.0,28.692805788989716,0.9698638029475419,0.5411670977076773,1.5166588021054968,2.5901716884943706,-0.34350501000640565,156.0,0.38461538461538464,296928.05788989714,4.994827378062632,0.4542920966552821,519.5838777472854,353.0
30,120,20,14,27.0,18.0,0.15,14,27.0,52.0,24,2.0,2.2,18,1.0,5.0,1.25,0.65,False,72,True,24,90,1.5,1.1,0.75,18,1.6757993401434037,1.376158481900602,2.477457104750397,0.5059594065556594,4.255738908089846,0.738573252344662,0.4883836725195252,1.376158481900602,2.1620091980508422,-0.2981174733271812,89.0,0.43820224719101125,52557.38908089846,4.104406693057735,0.34847815981589525,247.7073867282437,200.0,6.133628096498223,1.6696887689882423,0.618776726569704,1.8821178884562615,3.5434539106027176,-0.3528911260769323,73.0,0.3835616438356164,71336.28096498223,4.994827378062632,0.6402289399346427,279.8011553381437,172.0,36.49248674260849,1.063898487837673,0.5442867934004992,1.5967059137764243,2.7310455610747986,-0.35289112607693296,162.0,0.41358024691358025,374924.86742608494,4.994827378062632,0.4652104095514204,527.5085420663873,372.0
30,120,20,14,27.0,18.0,0.15,14,27.0,52.0,24,2.0,2.2,18,1.0,5.0,1.25,0.65,False,72,True,12,180,1.75,0.9,0.75,18,1.6756889000135347,1.376084039434947,2.4768160684511864,0.5068370560322903,4.255305593328596,0.7385254751826102,0.4883934963860598,1.376084039434947,2.161935152647614,-0.2981753407488301,89.0,0.43820224719101125,52553.055933285956,4.104406693057735,0.3484067942149423,247.7588610307298,200.0,6.141016585727729,1.6710703146134862,0.6187930248350951,1.8829210954672373,3.5447732778733356,-0.3528911260769325,73.0,0.3835616438356164,71410.16585727729,4.994827378062632,0.640170543784316,279.88965273901476,173.0,36.528224405027,1.0642916719752389,0.5442995468800415,1.597031182305584,2.731571986906723,-0.3528911260769326,162.0,0.41358024691358025,375282.24405026995,4.994827378062632,0.46514423315047165,527.6485137697446,373.0
30,120,20,14,27.0,18.0,0.15,14,27.0,52.0,24,2.0,2.2,18,1.0,5.0,1.25,0.65,False,72,True,48,180,1.75,0.9,0.25,18,1.6756858642264565,1.3728862193423168,2.4880441294781317,0.5096302350976643,4.2291123114733,0.7356325201781035,0.488278164666942,1.3728862193423168,2.1564611719418862,-0.2956669905739987,89.0,0.43820224719101125,52291.123114733,4.104406693057735,0.3481897775073191,248.84375865231934,199.0,6.138422210718332,1.6705852837467665,0.6188460843261167,1.882516454439981,3.544776435983095,-0.3528911260769323,73.0,0.3835616438356164,71384.22210718332,4.994827378062632,0.6400574714765698,280.27158560472,170.0,36.327611466561535,1.0620806453026344,0.5442617658712919,1.595135586558779,2.7283323546530536,-0.3528911260769332,162.0,0.41358024691358025,373276.1146656154,4.994827378062632,0.4649688055814966,529.1153442570393,369.0
30,120,20,14,27.0,18.0,0.15,14,27.0,52.0,24,2.0,2.2,18,1.0,5.0,1.25,0.65,False,72,True,48,180,1.75,1.1,0.25,18,1.6756858642264565,1.3728862193423168,2.4880441294781317,0.5096302350976643,4.2291123114733,0.7356325201781035,0.488278164666942,1.3728862193423168,2.1564611719418862,-0.2956669905739987,89.0,0.43820224719101125,52291.123114733,4.104406693057735,0.3481897775073191,248.84375865231934,199.0,6.138422210718332,1.6705852837467665,0.6188460843261167,1.882516454439981,3.544776435983095,-0.3528911260769323,73.0,0.3835616438356164,71384.22210718332,4.994827378062632,0.6400574714765698,280.27158560472,170.0,36.327611466561535,1.0620806453026344,0.5442617658712919,1.595135586558779,2.7283323546530536,-0.3528911260769332,162.0,0.41358024691358025,373276.1146656154,4.994827378062632,0.4649688055814966,529.1153442570393,369.0
30,120,20,14,27.0,18.0,0.15,14,27.0,52.0,24,2.0,2.2,18,1.0,5.0,1.25,0.65,False,72,True,12,90,1.75,0.9,0.75,18,1.6749730041218687,1.376084039434947,2.4768160684511864,0.5022050427511107,4.255305593328596,0.7385254751826102,0.4883934963860598,1.376084039434947,2.161935152647614,-0.2981753407488301,89.0,0.43820224719101125,52553.055933285956,4.104406693057735,0.3484067942149423,247.7588610307298,200.0,6.090958366222066,1.661696075917492,0.6182857282611275,1.8782890821860576,3.5348065100986394,-0.3528911260769323,73.0,0.3835616438356164,70909.58366222066,4.994827378062632,0.6396647373450168,278.5651096743428,170.0,36.26515316406694,1.0613903295091212,0.5440685243013379,1.5949011167115934,2.7273231981386825,-0.35289112607693285,162.0,0.41358024691358025,372651.5316406694,4.994827378062632,0.4649418552045891,526.3239707050725,370.0
30,120,20,14,27.0,18.0,0.15,14,27.0,52.0,24,2.0,2.2,18,1.0,5.0,1.25,0.65,False,72,True,12,90,1.25,1.1,0.25,18,1.6748175841605488,1.3486113764848533,2.5897973234583413,0.4535025325716471,4.007666021093827,0.7107795521635496,0.48529664064685923,1.3486113764848533,2.1189018804659328,-0.2744537364856007,89.0,0.43820224719101125,50076.660210938266,4.104406693057735,0.34244477247421784,249.670825766792,210.0,5.428399613426252,1.5343532289573463,0.6166781344586282,1.8021139090565004,3.385166833311913,-0.34555794271546514,73.0,0.3835616438356164,64283.99613426252,4.994827378062632,0.6324892681696623,273.6192327282323,180.0,31.191278314167356,1.0019413786272628,0.5416681573762677,1.545560554731925,2.641763796997751,-0.34555794271546436,162.0,0.41358024691358025,321912.78314167354,4.994827378062632,0.45849432165504433,523.2900584950244,390.0
30,120,20,14,27.0,18.0,0.15,14,27.0,52.0,24,2.0,2.2,18,1.0,5.0,1.25,0.65,False,72,True,24,180,1.75,0.9,0.5,18,1.6747532810684573,1.3740401701737421,2.491529937342643,0.4986584452427183,4.238433872609972,0.7366631584991217,0.48831184755117735,1.3740401701737421,2.1584020171654177,-0.29566699057399826,89.0,0.43820224719101125,52384.338726099726,4.104406693057735,0.348434110806627,247.92037301914124,199.0,6.050260568532364,1.6540503083410898,0.618740807438295,1.8726986154164604,3.5251578182369285,-0.3542667082079809,73.0,0.3835616438356164,70502.60568532364,4.994827378062632,0.6402706153002666,282.10453628936614,174.0,35.932323772926416,1.0576960689082546,0.5442313327065029,1.591285749003442,2.7214016529269527,-0.35426670820798056,162.0,0.41358024691358025,369323.2377292642,4.994827378062632,0.46520065967627705,530.0249093085073,373.0
30,120,20,14,27.0,18.0,0.15,14,27.0,52.0,24,2.0,2.2,18,1.0,5.0,1.25,0.65,False,72,True,24,180,1.75,1.1,0.5,18,1.6747532810684573,1.3740401701737421,2.491529937342643,0.4986584452427183,4.238433872609972,0.7366631584991217,0.48831184755117735,1.3740401701737421,2.1584020171654177,-0.29566699057399826,89.0,0.43820224719101125,52384.338726099726,4.104406693057735,0.348434110806627,247.92037301914124,199.0,6.050260568532364,1.6540503083410898,0.618740807438295,1.8726986154164604,3.5251578182369285,-0.3542667082079809,73.0,0.3835616438356164,70502.60568532364,4.994827378062632,0.6402706153002666,282.10453628936614,174.0,35.932323772926416,1.0576960689082546,0.5442313327065029,1.591285749003442,2.7214016529269527,-0.35426670820798056,162.0,0.41358024691358025,369323.2377292642,4.994827378062632,0.46520065967627705,530.0249093085073,373.0
30,120,20,14,27.0,18.0,0.15,14,27.0,52.0,24,2.0,2.2,18,1.0,5.0,1.25,0.65,False,72,True,12,180,1.75,1.1,0.75,18,1.674632900082703,1.375793369177701,2.4734671244082618,0.5071277262895364,4.253039201154283,0.7382755406257526,0.4883916201951549,1.375793369177701,2.1614637270223818,-0.29847800819360937,89.0,0.43820224719101125,52530.39201154283,4.104406693057735,0.34852156188157013,247.7263333844056,200.0,6.141016585727729,1.6710703146134862,0.6187930248350951,1.8829210954672373,3.5447732778733356,-0.3528911260769325,73.0,0.3835616438356164,71410.16585727729,4.994827378062632,0.640170543784316,279.88965273901476,173.0,36.51204006092054,1.0641136496863357,0.5442985514448042,1.5968748071177357,2.731296082160329,-0.35289112607693274,162.0,0.41358024691358025,375120.4006092054,4.994827378062632,0.4652130811869381,527.6159861234203,373.0
30,120,20,14,27.0,18.0,0.15,14,27.0,52.0,24,2.0,2.2,18,1.0,5.0,1.25,0.65,False,72,True,12,360,1.25,1.1,0.75,36,1.6746249620561333,1.3612238446709324,2.4508664342672692,0.5437504538184037,4.126984813321003,0.7242597206503489,0.4872752360130991,1.3612238446709324,2.1378359626916934,-0.29551170578860186,89.0,0.43820224719101125,51269.84813321003,4.104406693057735,0.348295543722466,245.50749120502803,203.0,6.32289199281568,1.704855838331555,0.6179167866708432,1.904974298489336,3.6027067620182707,-0.3360162470572813,73.0,0.3835616438356164,73228.9199281568,4.994827378062632,0.6406343680704524,273.7603706275247,170.0,36.54435603675585,1.064469053332418,0.5433013845421609,1.5990908150541785,2.740098506805151,-0.3360162470572833,162.0,0.41358024691358025,375443.5603675585,4.994827378062632,0.4652630755223446,519.2678618325529,373.0
30,120,20,14,27.0,18.0,0.15,14,27.0,52.0,24,2.0,2.2,18,1.0,5.0,1.25,0.65,False,72,True,24,90,1.75,0.9,0.25,18,1.6745041298052514,1.3694659237877131,2.47816996283109,0.5310232575804936,4.202767386732039,0.7327130550411498,0.4882636812367336,1.3694659237877131,2.1510234808906543,-0.29566699057400003,89.0,0.43820224719101125,52027.67386732039,4.104406693057735,0.348143441001278,248.23434092486625,199.0,6.321951344376082,1.7046821883805996,0.6200556098271554,1.9004891813682068,3.5808546025142007,-0.3528911260769323,73.0,0.3835616438356164,73219.51344376082,4.994827378062632,0.6428430882177761,278.6089488367507,168.0,37.09440966175858,1.0704811995456063,0.5448058765652258,1.6015370109242926,2.740422975851773,-0.3528911260769325,162.0,0.41358024691358025,380944.0966175858,4.994827378062632,0.4660555603856569,526.8432897616169,367.0
30,120,20,14,27.0,18.0,0.15,14,27.0,52.0,24,2.0,2.2,18,1.0,5.0,1.25,0.65,False,72,True,24,90,1.75,1.1,0.25,18,1.6745041298052514,1.3694659237877131,2.47816996283109,0.5310232575804936,4.202767386732039,0.7327130550411498,0.4882636812367336,1.3694659237877131,2.1510234808906543,-0.29566699057400003,89.0,0.43820224719101125,52027.67386732039,4.104406693057735,0.348143441001278,248.23434092486625,199.0,6.321951344376082,1.7046821883805996,0.6200556098271554,1.9004891813682068,3.5808546025142007,-0.3528911260769323,73.0,0.3835616438356164,73219.51344376082,4.994827378062632,0.6428430882177761,278.6089488367507,168.0,37.09440966175858,1.0704811995456063,0.5448058765652258,1.6015370109242926,2.740422975851773,-0.3528911260769325,162.0,0.41358024691358025,380944.0966175858,4.994827378062632,0.4660555603856569,526.8432897616169,367.0
30,120,20,14,27.0,18.0,0.15,14,27.0,52.0,24,2.0,2.2,18,1.0,5.0,1.25,0.65,False,72,True,12,180,1.75,1.1,0.75,36,1.6744079470975366,1.3724879887087351,2.4647641144495305,0.5320005711129443,4.229522365550531,0.7356778835479805,0.4885255001345202,1.3724879887087351,2.1565238431384275,-0.29847800819360903,89.0,0.43820224719101125,52295.22365550532,4.104406693057735,0.3489199585478541,247.22139568970252,199.0,6.354674679248992,1.710716589683205,0.6198579681270977,1.9044885598216794,3.590233127901698,-0.3528911260769324,73.0,0.3835616438356164,73546.74679248992,4.994827378062632,0.6424884401405859,277.8312056034725,168.0,37.46143572648077,1.0744543116588745,0.5448567227201584,1.6049520963880703,2.747230692602055,-0.35289112607693196,162.0,0.41358024691358025,384614.35726480774,4.994827378062632,0.46637948785507194,525.052601293175,367.0
30,120,20,14,27.0,18.0,0.15,14,27.0,52.0,24,2.0,2.2,18,1.0,5.0,1.25,0.65,False,72,True,12,90,1.75,1.1,0.75,18,1.6739170041910365,1.375793369177701,2.4734671244082618,0.5024957130083567,4.253039201154283,0.7382755406257526,0.4883916201951549,1.375793369177701,2.1614637270223818,-0.29847800819360937,89.0,0.43820224719101125,52530.39201154283,4.104406693057735,0.34852156188157013,247.7263333844056,200.0,6.090958366222066,1.661696075917492,0.6182857282611275,1.8782890821860576,3.5348065100986394,-0.3528911260769323,73.0,0.3835616438356164,70909.58366222066,4.994827378062632,0.6396647373450168,278.5651096743428,170.0,36.24908227151747,1.0612125574288656,0.5440675283322278,1.5947446727911927,2.7270472378727186,-0.35289112607693274,162.0,0.41358024691358025,372490.8227151747,4.994827378062632,0.4650107032410554,526.2914430587483,370.0
30,120,20,14,27.0,18.0,0.15,14,27.0,52.0,24,2.0,2.2,18,1.0,5.0,1.25,0.65,False,72,True,24,360,1.75,0.9,0.5,6,1.6736610460733503,1.424599364558054,2.495429526682219,0.305207492828959,4.248875067534905,0.7378161383436301,0.4616181308962422,1.424599364558054,2.335116212100116,-0.2956669905739989,89.0,0.43820224719101125,52488.750675349045,4.104406693057735,0.33797816473803366,251.39523231756888,207.0,4.281223794024499,1.2972193506056091,0.5718652932752526,1.729806857387013,3.1302721686504684,-0.3528911260769324,73.0,0.3835616438356164,52812.237940244995,4.994827378062632,0.6057428427141175,290.2254405263192,185.0,26.720483898527455,0.9429786128040396,0.5085665505310152,1.5538129552961697,2.669992046272549,-0.3528911260769324,162.0,0.41358024691358025,277204.83898527455,4.994827378062632,0.44511334788007917,541.6206728438881,392.0
30,120,20,14,27.0,18.0,0.15,14,27.0,52.0,24,2.0,2.2,18,1.0,5.0,1.25,0.65,False,72,True,24,360,1.75,1.1,0.5,6,1.6736610460733503,1.424599364558054,2.495429526682219,0.305207492828959,4.248875067534905,0.7378161383436301,0.4616181308962422,1.424599364558054,2.335116212100116,-0.2956669905739989,89.0,0.43820224719101125,52488.750675349045,4.104406693057735,0.33797816473803366,251.39523231756888,207.0,4.281223794024499,1.2972193506056091,0.5718652932752526,1.729806857387013,3.1302721686504684,-0.3528911260769324,73.0,0.3835616438356164,52812.237940244995,4.994827378062632,0.6057428427141175,290.2254405263192,185.0,26.720483898527455,0.9429786128040396,0.5085665505310152,1.5538129552961697,2.669992046272549,-0.3528911260769324,162.0,0.41358024691358025,277204.83898527455,4.994827378062632,0.44511334788007917,541.6206728438881,392.0
30,120,20,14,27.0,18.0,0.15,14,27.0,52.0,24,2.0,2.2,18,1.0,5.0,1.25,0.65,False,72,True,24,180,1.75,0.9,0.0,36,1.6732804824829062,1.368159668292633,2.475063052847068,0.5323295130755739,4.194496286870239,0.7317944443161857,0.4883843618729712,1.368159668292633,2.149460328229548,-0.29566699057399837,87.0,0.42528735632183906,51944.96286870239,4.104406693057735,0.3486111629570846,245.40720001313008,193.0,6.321951344376082,1.7046821883805996,0.6200556098271554,1.9004891813682068,3.5808546025142007,-0.3528911260769323,73.0,0.3835616438356164,73219.51344376082,4.994827378062632,0.6428430882177761,278.6089488367507,168.0,37.03384907100594,1.0698226813046312,0.5448708029943665,1.6008257870515668,2.7394967438064097,-0.3528911260769326,160.0,0.40625,380338.49071005936,4.994827378062632,0.46633614235805093,524.0161488498808,361.0
30,120,20,14,27.0,18.0,0.15,14,27.0,52.0,24,2.0,2.2,18,1.0,5.0,1.25,0.65,False,72,True,24,180,1.75,1.1,0.0,36,1.6732804824829062,1.368159668292633,2.475063052847068,0.5323295130755739,4.194496286870239,0.7317944443161857,0.4883843618729712,1.368159668292633,2.149460328229548,-0.29566699057399837,87.0,0.42528735632183906,51944.96286870239,4.104406693057735,0.3486111629570846,245.40720001313008,193.0,6.321951344376082,1.7046821883805996,0.6200556098271554,1.9004891813682068,3.5808546025142007,-0.3528911260769323,73.0,0.3835616438356164,73219.51344376082,4.994827378062632,0.6428430882177761,278.6089488367507,168.0,37.03384907100594,1.0698226813046312,0.5448708029943665,1.6008257870515668,2.7394967438064097,-0.3528911260769326,160.0,0.40625,380338.49071005936,4.994827378062632,0.46633614235805093,524.0161488498808,361.0
30,120,20,14,27.0,18.0,0.15,14,27.0,52.0,24,2.0,2.2,18,1.0,5.0,1.25,0.65,False,72,True,12,90,1.75,0.9,0.5,36,1.6732107519707091,1.362131094347869,2.4043355110092834,0.556782095109327,4.1503154437917695,0.7268710113514809,0.48849592987338886,1.362131094347869,2.1400650295398074,-0.3023167973118517,89.0,0.42696629213483145,51503.1544379177,4.104406693057735,0.3483502311270683,247.09661262879519,200.0,6.438620033177757,1.7261355343723892,0.6173061212742438,1.918913189457196,3.6368218893593776,-0.3259227854957877,73.0,0.3835616438356164,74386.20033177757,4.994827378062632,0.6415475428013522,274.9717340424198,168.0,37.31123963737426,1.0728320989213627,0.5436816431657631,1.6057701495697383,2.7537648914538684,-0.3259227854957871,162.0,0.4074074074074074,383112.39637374255,4.994827378062632,0.4656612518352793,522.0683466712151,368.0
30,120,20,14,27.0,18.0,0.15,14,27.0,52.0,24,2.0,2.2,18,1.0,5.0,1.25,0.65,False,72,True,48,90,1.5,0.9,0.25,18,1.6730802854452682,1.3728862193423168,2.4880441294781317,0.5062323840864877,4.2291123114733,0.7356325201781035,0.488278164666942,1.3728862193423168,2.1564611719418862,-0.2956669905739987,89.0,0.43820224719101125,52291.123114733,4.104406693057735,0.3481897775073191,248.84375865231934,199.0,6.1094710242142,1.665166726358986,0.6189029925465107,1.8791186034288045,3.538388858107734,-0.35551559534260413,73.0,0.3835616438356164,71094.710242142,4.994827378062632,0.6401002967937992,282.0265551700586,172.0,36.17622246078114,1.0604058303654558,0.5442874507257095,1.5935933796367252,2.725715274341819,-0.35551559534260435,162.0,0.41358024691358025,371762.2246078114,4.994827378062632,0.46498594039643626,530.870313822378,371.0
30,120,20,14,27.0,18.0,0.15,14,27.0,52.0,24,2.0,2.2,18,1.0,5.0,1.25,0.65,False,72,True,48,90,1.5,1.1,0.25,18,1.6730802854452682,1.3728862193423168,2.4880441294781317,0.5062323840864877,4.2291123114733,0.7356325201781035,0.488278164666942,1.3728862193423168,2.1564611719418862,-0.2956669905739987,89.0,0.43820224719101125,52291.123114733,4.104406693057735,0.3481897775073191,248.84375865231934,199.0,6.1094710242142,1.665166726358986,0.6189029925465107,1.8791186034288045,3.538388858107734,-0.35551559534260413,73.0,0.3835616438356164,71094.710242142,4.994827378062632,0.6401002967937992,282.0265551700586,172.0,36.17622246078114,1.0604058303654558,0.5442874507257095,1.5935933796367252,2.725715274341819,-0.35551559534260435,162.0,0.41358024691358025,371762.2246078114,4.994827378062632,0.46498594039643626,530.870313822378,371.0
30,120,20,14,27.0,18.0,0.15,14,27.0,52.0,24,2.0,2.2,18,1.0,5.0,1.25,0.65,False,72,True,12,90,1.25,1.1,0.75,18,1.6720550908472995,1.3569912926427556,2.529001437625735,0.4995298881879342,4.081780665909329,0.7191775940714125,0.4862517194367472,1.3569912926427556,2.1312177019180676,-0.28437215707816577,89.0,0.43820224719101125,50817.80665909329,4.104406693057735,0.34595838651421246,247.410111777074,210.0,5.897922513472558,1.6252331877233979,0.6180196558909381,1.8565211808306898,3.49184832793191,-0.349688130645726,73.0,0.3835616438356164,68979.22513472558,4.994827378062632,0.6385884315354473,277.62822713950504,180.0,34.053729263905446,1.0363301644942227,0.5427952584139504,1.5748419262166549,2.6927477418838928,-0.3496881306457267,162.0,0.41358024691358025,350537.2926390545,4.994827378062632,0.46304243846304816,525.038338916579,390.0
30,120,20,14,27.0,18.0,0.15,14,27.0,52.0,24,2.0,2.2,18,1.0,5.0,1.25,0.65,False,72,True,12,180,1.25,0.9,0.75,36,1.6718249629805264,1.3593926850089602,2.440634321943461,0.5511652566815535,4.1141365133778836,0.7228182852386069,0.487345873152063,1.3593926850089602,2.1341953053413523,-0.2961600100186379,89.0,0.43820224719101125,51141.36513377883,4.104406693057735,0.3480073309441871,245.17280287634537,202.0,6.373956701969476,1.7142660360011388,0.6179335181895287,1.9105579416905136,3.613822244362691,-0.3360162470572815,73.0,0.3835616438356164,73739.56701969476,4.994827378062632,0.6408267822420199,273.1166006666624,168.0,36.711421217609725,1.0663025041301246,0.5433474427620045,1.6006400628733337,2.7423410974676825,-0.3360162470572817,162.0,0.41358024691358025,377114.21217609727,4.994827378062632,0.46516716613779185,518.2894035430078,370.0
30,120,20,14,27.0,18.0,0.15,14,27.0,52.0,24,2.0,2.2,18,1.0,5.0,1.25,0.65,False,72,True,48,180,1.5,0.9,0.75,18,1.670303815338551,1.3881174935934333,2.422951013868429,0.4894111699344226,4.057069247563808,0.7163866345786998,0.46647247876234205,1.3881174935934333,2.257299148278894,-0.2956669905739997,89.0,0.43820224719101125,50570.69247563808,4.104406693057735,0.343867326626924,248.56326704302253,201.0,6.104063320546139,1.6641533879540686,0.6193828510572058,1.8775286635278559,3.5337726587700464,-0.3530166181180904,73.0,0.3835616438356164,71040.63320546139,4.994827378062632,0.642656748167955,282.011867968058,178.0,34.92574015107975,1.04635893614138,0.5329178412783429,1.6018302612308613,2.8025558789273304,-0.3530166181180906,162.0,0.41358024691358025,359257.4015107975,4.994827378062632,0.4634158034449282,530.5751350110806,379.0
30,120,20,14,27.0,18.0,0.15,14,27.0,52.0,24,2.0,2.2,18,1.0,5.0,1.25,0.65,False,72,True,48,180,1.5,1.1,0.75,18,1.670303815338551,1.3881174935934333,2.422951013868429,0.4894111699344226,4.057069247563808,0.7163866345786998,0.46647247876234205,1.3881174935934333,2.257299148278894,-0.2956669905739997,89.0,0.43820224719101125,50570.69247563808,4.104406693057735,0.343867326626924,248.56326704302253,201.0,6.104063320546139,1.6641533879540686,0.6193828510572058,1.8775286635278559,3.5337726587700464,-0.3530166181180904,73.0,0.3835616438356164,71040.63320546139,4.994827378062632,0.642656748167955,282.011867968058,178.0,34.92574015107975,1.04635893614138,0.5329178412783429,1.6018302612308613,2.8025558789273304,-0.3530166181180906,162.0,0.41358024691358025,359257.4015107975,4.994827378062632,0.4634158034449282,530.5751350110806,379.0
30,120,20,14,27.0,18.0,0.15,14,27.0,52.0,24,2.0,2.2,18,1.0,5.0,1.25,0.65,False,72,True,24,360,1.75,0.9,0.25,18,1.67019285278028,1.3728862193423168,2.4880441294781317,0.4905441997887454,4.2291123114733,0.7356325201781035,0.488278164666942,1.3728862193423168,2.1564611719418862,-0.2956669905739987,89.0,0.43820224719101125,52291.123114733,4.104406693057735,0.3481897775073191,248.84375865231934,199.0,5.968863214558171,1.6386919180961659,0.6186864081636019,1.8634304191310622,3.5073584411737464,-0.35551559534260413,73.0,0.3835616438356164,69688.63214558171,4.994827378062632,0.6400239915637086,283.7295956960524,174.0,35.44096843221949,1.052193248605902,0.5441879554594237,1.5864502222001233,2.7129127207947246,-0.35551559534260435,162.0,0.41358024691358025,364409.6843221949,4.994827378062632,0.464955409951337,532.5733543483717,373.0
30,120,20,14,27.0,18.0,0.15,14,27.0,52.0,24,2.0,2.2,18,1.0,5.0,1.25,0.65,False,72,True,24,360,1.75,1.1,0.25,18,1.67019285278028,1.3728862193423168,2.4880441294781317,0.4905441997887454,4.2291123114733,0.7356325201781035,0.488278164666942,1.3728862193423168,2.1564611719418862,-0.2956669905739987,89.0,0.43820224719101125,52291.123114733,4.104406693057735,0.3481897775073191,248.84375865231934,199.0,5.968863214558171,1.6386919180961659,0.6186864081636019,1.8634304191310622,3.5073584411737464,-0.35551559534260413,73.0,0.3835616438356164,69688.63214558171,4.994827378062632,0.6400239915637086,283.7295956960524,174.0,35.44096843221949,1.052193248605902,0.5441879554594237,1.5864502222001233,2.7129127207947246,-0.35551559534260435,162.0,0.41358024691358025,364409.6843221949,4.994827378062632,0.464955409951337,532.5733543483717,373.0
30,120,20,14,27.0,18.0,0.15,14,27.0,52.0,24,2.0,2.2,18,1.0,5.0,1.25,0.65,False,72,True,48,360,1.75,0.9,0.25,18,1.67019285278028,1.3728862193423168,2.4880441294781317,0.4905441997887454,4.2291123114733,0.7356325201781035,0.488278164666942,1.3728862193423168,2.1564611719418862,-0.2956669905739987,89.0,0.43820224719101125,52291.123114733,4.104406693057735,0.3481897775073191,248.84375865231934,199.0,5.968863214558171,1.6386919180961659,0.6186864081636019,1.8634304191310622,3.5073584411737464,-0.35551559534260413,73.0,0.3835616438356164,69688.63214558171,4.994827378062632,0.6400239915637086,283.7295956960524,174.0,35.44096843221949,1.052193248605902,0.5441879554594237,1.5864502222001233,2.7129127207947246,-0.35551559534260435,162.0,0.41358024691358025,364409.6843221949,4.994827378062632,0.464955409951337,532.5733543483717,373.0
30,120,20,14,27.0,18.0,0.15,14,27.0,52.0,24,2.0,2.2,18,1.0,5.0,1.25,0.65,False,72,True,48,360,1.75,1.1,0.25,18,1.67019285278028,1.3728862193423168,2.4880441294781317,0.4905441997887454,4.2291123114733,0.7356325201781035,0.488278164666942,1.3728862193423168,2.1564611719418862,-0.2956669905739987,89.0,0.43820224719101125,52291.123114733,4.104406693057735,0.3481897775073191,248.84375865231934,199.0,5.968863214558171,1.6386919180961659,0.6186864081636019,1.8634304191310622,3.5073584411737464,-0.35551559534260413,73.0,0.3835616438356164,69688.63214558171,4.994827378062632,0.6400239915637086,283.7295956960524,174.0,35.44096843221949,1.052193248605902,0.5441879554594237,1.5864502222001233,2.7129127207947246,-0.35551559534260435,162.0,0.41358024691358025,364409.6843221949,4.994827378062632,0.464955409951337,532.5733543483717,373.0
30,120,20,14,27.0,18.0,0.15,14,27.0,52.0,24,2.0,2.2,18,1.0,5.0,1.25,0.65,False,72,True,48,180,1.75,0.9,0.0,18,1.6698420327519141,1.3693671421957274,2.4778962828700646,0.5108206039546095,4.202038453752155,0.7326321369106914,0.48826541873805096,1.3693671421957274,2.1508655820717246,-0.29566699057399937,90.0,0.43333333333333335,52020.384537521546,4.104406693057735,0.34791455320398385,249.3608658005287,199.0,6.117880805091506,1.6667418520617008,0.6188469791224146,1.880187746150337,3.54040423803323,-0.3528911260769323,74.0,0.3918918918918919,71178.80805091506,4.994827378062632,0.6399969075536428,280.8028523366361,170.0,36.02748965731033,1.0587550786959983,0.5442553434744176,1.5921832993100495,2.72324084195606,-0.3528911260769326,164.0,0.4146341463414634,370274.8965731033,4.994827378062632,0.4647794689289979,530.1637181371648,369.0
30,120,20,14,27.0,18.0,0.15,14,27.0,52.0,24,2.0,2.2,18,1.0,5.0,1.25,0.65,False,72,True,48,180,1.75,1.1,0.0,18,1.6698420327519141,1.3693671421957274,2.4778962828700646,0.5108206039546095,4.202038453752155,0.7326321369106914,0.48826541873805096,1.3693671421957274,2.1508655820717246,-0.29566699057399937,90.0,0.43333333333333335,52020.384537521546,4.104406693057735,0.34791455320398385,249.3608658005287,199.0,6.117880805091506,1.6667418520617008,0.6188469791224146,1.880187746150337,3.54040423803323,-0.3528911260769323,74.0,0.3918918918918919,71178.80805091506,4.994827378062632,0.6399969075536428,280.8028523366361,170.0,36.02748965731033,1.0587550786959983,0.5442553434744176,1.5921832993100495,2.72324084195606,-0.3528911260769326,164.0,0.4146341463414634,370274.8965731033,4.994827378062632,0.4647794689289979,530.1637181371648,369.0
30,120,20,14,27.0,18.0,0.15,14,27.0,52.0,24,2.0,2.2,18,1.0,5.0,1.25,0.65,False,72,True,12,90,1.25,1.1,0.0,18,1.6693107180226745,1.3434107413103868,2.5956144983728535,0.42985671795189506,3.9684040774481977,0.7062971095677673,0.4851815039292483,1.3434107413103868,2.1105540456214267,-0.2721117138198037,87.0,0.41379310344827586,49684.040774481975,4.104406693057735,0.34068796545422053,250.80118276165103,193.0,5.201461123390812,1.4892372099512543,0.6165316423380017,1.773267459262282,3.3299238925827748,-0.343505010006406,70.0,0.34285714285714286,62014.61123390812,4.994827378062632,0.6294396864867697,271.7587434861644,162.0,29.81136473159142,0.9844817702755051,0.5415381744857717,1.5296312725511472,2.6140491119483107,-0.34350501000640665,157.0,0.3821656050955414,308113.6473159142,4.994827378062632,0.45622026325104237,522.5599262478154,355.0
30,120,20,14,27.0,18.0,0.15,14,27.0,52.0,24,2.0,2.2,18,1.0,5.0,1.25,0.65,False,72,True,12,90,1.25,0.9,0.25,36,1.66840041728109,1.339697982953369,2.3886221849593205,0.5852094140124109,3.9546491937116164,0.7047211625528382,0.4862197602423048,1.339697982953369,2.103975865899778,-0.29503249487940264,89.0,0.42696629213483145,49546.49193711617,4.104406693057735,0.34523044150193305,242.82506682762983,204.0,6.459619203827915,1.7299789979535882,0.6155497220268551,1.92490739696578,3.6553829332701877,-0.3112729083562076,73.0,0.3835616438356164,74596.19203827916,4.994827378062632,0.6357757782101913,259.87908755849594,169.0,35.95979627364162,1.0580020079419037,0.5416589891154461,1.5964894094422204,2.740008369495012,-0.31127290835620913,162.0,0.4074074074074074,369597.9627364162,4.994827378062632,0.46148038191448737,502.70415438612577,373.0
30,120,20,14,27.0,18.0,0.15,14,27.0,52.0,24,2.0,2.2,18,1.0,5.0,1.25,0.65,False,72,True,24,90,1.75,0.9,0.0,18,1.667464762467599,1.364794625113687,2.464744693694541,0.5356945562545197,4.167090045448972,0.728743646117898,0.4882502470072674,1.364794625113687,2.143614946167374,-0.29566699057399903,89.0,0.42696629213483145,51670.90045448972,4.104406693057735,0.34785277119592906,248.54830883059125,197.0,6.321951344376082,1.7046821883805996,0.6200556098271554,1.9004891813682068,3.5808546025142007,-0.3528911260769323,73.0,0.3835616438356164,73219.51344376082,4.994827378062632,0.6428430882177761,278.6089488367507,168.0,36.83318190478718,1.0676346726819896,0.5447988910420031,1.5990260420038065,2.7360798717493333,-0.3528911260769324,162.0,0.4074074074074074,378331.8190478718,4.994827378062632,0.4658811903218021,527.1572576673419,365.0
30,120,20,14,27.0,18.0,0.15,14,27.0,52.0,24,2.0,2.2,18,1.0,5.0,1.25,0.65,False,72,True,24,90,1.75,1.1,0.0,18,1.667464762467599,1.364794625113687,2.464744693694541,0.5356945562545197,4.167090045448972,0.728743646117898,0.4882502470072674,1.364794625113687,2.143614946167374,-0.29566699057399903,89.0,0.42696629213483145,51670.90045448972,4.104406693057735,0.34785277119592906,248.54830883059125,197.0,6.321951344376082,1.7046821883805996,0.6200556098271554,1.9004891813682068,3.5808546025142007,-0.3528911260769323,73.0,0.3835616438356164,73219.51344376082,4.994827378062632,0.6428430882177761,278.6089488367507,168.0,36.83318190478718,1.0676346726819896,0.5447988910420031,1.5990260420038065,2.7360798717493333,-0.3528911260769324,162.0,0.4074074074074074,378331.8190478718,4.994827378062632,0.4658811903218021,527.1572576673419,365.0
30,120,20,14,27.0,18.0,0.15,14,27.0,52.0,24,2.0,2.2,18,1.0,5.0,1.25,0.65,False,72,True,12,180,1.75,0.9,0.5,36,1.6673798211455122,1.3724797437621594,2.433283258919867,0.5358390218620994,4.229020851028622,0.7356224017892008,0.48849246436917,1.3724797437621594,2.1566502761845916,-0.30231679731185224,89.0,0.43820224719101125,52290.20851028622,4.104406693057735,0.34816820383385394,246.53651031936317,199.0,6.387018753249735,1.7166678689932175,0.6197162284600921,1.9083187656242588,3.5986938483797606,-0.3528911260769326,73.0,0.3835616438356164,73870.18753249735,4.994827378062632,0.6421337920633956,277.0534623701943,168.0,37.626875087682166,1.0762353058836287,0.5447746789207848,1.6066842934651375,2.750660412868735,-0.3528911260769325,162.0,0.41358024691358025,386268.75087682164,4.994827378062632,0.46578661926669196,523.5899726895574,367.0
30,120,20,14,27.0,18.0,0.15,14,27.0,52.0,24,2.0,2.2,18,1.0,5.0,1.25,0.65,False,72,True,12,180,1.5,0.9,0.75,36,1.6668092131056906,1.3584008564014203,2.420054047343013,0.5579825982051583,4.114547808940006,0.7228644653796177,0.4879314259085194,1.3584008564014203,2.13201601439691,-0.2986976535392891,89.0,0.43820224719101125,51145.47808940006,4.104406693057735,0.34846466941215143,244.8412551794672,199.0,6.429234397749595,1.7244159331476352,0.618034731041389,1.9163834546065786,3.6253078348346275,-0.3360162470572813,73.0,0.3835616438356164,74292.34397749596,4.994827378062632,0.6412243213924812,274.3252929402184,169.0,36.99717451111195,1.069423484865795,0.5437089481811767,1.6027114837437113,2.745331928789148,-0.33601624705728095,162.0,0.41358024691358025,379971.74511111947,4.994827378062632,0.465600578332579,519.1665481196856,368.0
30,120,20,14,27.0,18.0,0.15,14,27.0,52.0,24,2.0,2.2,18,1.0,5.0,1.25,0.65,False,72,True,24,360,1.75,0.9,0.25,36,1.666627581281059,1.363839917989796,2.462842743366727,0.5366492633784108,4.162048886036834,0.7281813021882519,0.4884077875328543,1.363839917989796,2.142593876055912,-0.29566699057399903,89.0,0.43820224719101125,51620.488860368336,4.104406693057735,0.34846191949375827,246.657286748446,198.0,6.321951344376082,1.7046821883805996,0.6200556098271554,1.9004891813682068,3.5808546025142007,-0.3528911260769323,73.0,0.3835616438356164,73219.51344376082,4.994827378062632,0.6428430882177761,278.6089488367507,168.0,36.79627078085229,1.0672311954169342,0.5448836111814523,1.598500794807791,2.735453168826681,-0.35289112607693285,162.0,0.41358024691358025,377962.7078085229,4.994827378062632,0.46624661261759903,525.2662355851967,366.0
30,120,20,14,27.0,18.0,0.15,14,27.0,52.0,24,2.0,2.2,18,1.0,5.0,1.25,0.65,False,72,True,24,360,1.75,1.1,0.25,36,1.666627581281059,1.363839917989796,2.462842743366727,0.5366492633784108,4.162048886036834,0.7281813021882519,0.4884077875328543,1.363839917989796,2.142593876055912,-0.29566699057399903,89.0,0.43820224719101125,51620.488860368336,4.104406693057735,0.34846191949375827,246.657286748446,198.0,6.321951344376082,1.7046821883805996,0.6200556098271554,1.9004891813682068,3.5808546025142007,-0.3528911260769323,73.0,0.3835616438356164,73219.51344376082,4.994827378062632,0.6428430882177761,278.6089488367507,168.0,36.79627078085229,1.0672311954169342,0.5448836111814523,1.598500794807791,2.735453168826681,-0.35289112607693285,162.0,0.41358024691358025,377962.7078085229,4.994827378062632,0.46624661261759903,525.2662355851967,366.0
30,120,20,14,27.0,18.0,0.15,14,27.0,52.0,24,2.0,2.2,18,1.0,5.0,1.25,0.65,False,72,True,12,360,1.25,1.1,0.5,36,1.6664018758930765,1.3535478768651332,2.3820514202736933,0.5576838384450487,4.063256603084615,0.7170862992883413,0.486779754215292,1.3535478768651332,2.1262680332948642,-0.3010372879381208,89.0,0.43820224719101125,50632.56603084615,4.104406693057735,0.3476215952554955,245.4376229263202,203.0,6.350252363119302,1.7099018710712226,0.6163558325062539,1.9112317153101819,3.624201533356602,-0.3189832745249085,73.0,0.3835616438356164,73502.52363119302,4.994827378062632,0.6383258895356457,268.5221545696772,170.0,36.216213811902044,1.0608487838060126,0.542325408393666,1.597741207292946,2.740909921013697,-0.3189832745249085,162.0,0.41358024691358025,372162.13811902044,4.994827378062632,0.463935136097745,513.9597774959974,373.0
30,120,20,14,27.0,18.0,0.15,14,27.0,52.0,24,2.0,2.2,18,1.0,5.0,1.25,0.65,False,72,True,48,90,1.5,0.9,0.0,18,1.666073005870364,1.3693671421957274,2.4778962828700646,0.5058590350697862,4.202038453752155,0.7326321369106914,0.48826541873805096,1.3693671421957274,2.1508655820717246,-0.29566699057399937,90.0,0.43333333333333335,52020.384537521546,4.104406693057735,0.34791455320398385,249.3608658005287,199.0,6.075289006284617,1.6587549278170086,0.6189035801823395,1.8752261772655137,3.531083738069441,-0.3567632801237617,75.0,0.38666666666666666,70752.89006284617,4.994827378062632,0.6399169959783959,283.09614591237596,172.0,35.80592548210247,1.0562861228674447,0.5442807927773251,1.5899300375981935,2.7194100967192303,-0.3567632801237606,165.0,0.4121212121212121,368059.25482102466,4.994827378062632,0.46474749555105294,532.4570117129047,371.0
30,120,20,14,27.0,18.0,0.15,14,27.0,52.0,24,2.0,2.2,18,1.0,5.0,1.25,0.65,False,72,True,48,90,1.5,1.1,0.0,18,1.666073005870364,1.3693671421957274,2.4778962828700646,0.5058590350697862,4.202038453752155,0.7326321369106914,0.48826541873805096,1.3693671421957274,2.1508655820717246,-0.29566699057399937,90.0,0.43333333333333335,52020.384537521546,4.104406693057735,0.34791455320398385,249.3608658005287,199.0,6.075289006284617,1.6587549278170086,0.6189035801823395,1.8752261772655137,3.531083738069441,-0.3567632801237617,75.0,0.38666666666666666,70752.89006284617,4.994827378062632,0.6399169959783959,283.09614591237596,172.0,35.80592548210247,1.0562861228674447,0.5442807927773251,1.5899300375981935,2.7194100967192303,-0.3567632801237606,165.0,0.4121212121212121,368059.25482102466,4.994827378062632,0.46474749555105294,532.4570117129047,371.0
30,120,20,14,27.0,18.0,0.15,14,27.0,52.0,24,2.0,2.2,18,1.0,5.0,1.25,0.65,False,72,True,24,180,1.75,0.9,0.25,18,1.665195465609192,1.3694659237877131,2.47816996283109,0.4939644953433491,4.202767386732039,0.7327130550411498,0.4882636812367336,1.3694659237877131,2.1510234808906543,-0.29566699057400003,89.0,0.43820224719101125,52027.67386732039,4.104406693057735,0.348143441001278,248.23434092486625,199.0,5.968863214558171,1.6386919180961659,0.6186864081636019,1.8634304191310622,3.5073584411737464,-0.35551559534260413,73.0,0.3835616438356164,69688.63214558171,4.994827378062632,0.6400239915637086,283.7295956960524,174.0,35.257374255299844,1.0501218885581864,0.5441803250933054,1.5846096884632566,2.709726133291626,-0.35551559534260324,162.0,0.41358024691358025,362573.7425529984,4.994827378062632,0.4649276131201268,531.9639366209186,373.0
30,120,20,14,27.0,18.0,0.15,14,27.0,52.0,24,2.0,2.2,18,1.0,5.0,1.25,0.65,False,72,True,24,180,1.75,1.1,0.25,18,1.665195465609192,1.3694659237877131,2.47816996283109,0.4939644953433491,4.202767386732039,0.7327130550411498,0.4882636812367336,1.3694659237877131,2.1510234808906543,-0.29566699057400003,89.0,0.43820224719101125,52027.67386732039,4.104406693057735,0.348143441001278,248.23434092486625,199.0,5.968863214558171,1.6386919180961659,0.6186864081636019,1.8634304191310622,3.5073584411737464,-0.35551559534260413,73.0,0.3835616438356164,69688.63214558171,4.994827378062632,0.6400239915637086,283.7295956960524,174.0,35.257374255299844,1.0501218885581864,0.5441803250933054,1.5846096884632566,2.709726133291626,-0.35551559534260324,162.0,0.41358024691358025,362573.7425529984,4.994827378062632,0.4649276131201268,531.9639366209186,373.0
30,120,20,14,27.0,18.0,0.15,14,27.0,52.0,24,2.0,2.2,18,1.0,5.0,1.25,0.65,False,72,True,12,90,1.75,1.1,0.0,36,1.664483435373541,1.3547609162446514,2.3189224308862033,0.5770428187371666,4.094476723450236,0.7206079960095186,0.48845981822475465,1.3547609162446514,2.12844425703935,-0.31075122928287424,88.0,0.4318181818181818,50944.76723450236,4.104406693057735,0.3481405474104753,246.51721737612857,195.0,6.539777570586267,1.7446007978313647,0.6163823283753589,1.931803734981818,3.667506751084448,-0.30794092686866137,71.0,0.38028169014084506,75397.77570586267,4.994827378062632,0.6402519973849281,271.334519248089,164.0,37.411221333343725,1.0739125293287959,0.5432438008203677,1.6075806449503807,2.7585205244753777,-0.31769903551102485,159.0,0.4088050314465409,384112.2133334373,4.994827378062632,0.46501710457047796,517.8517366242176,359.0
30,120,20,14,27.0,18.0,0.15,14,27.0,52.0,24,2.0,2.2,18,1.0,5.0,1.25,0.65,False,72,True,24,360,1.75,0.9,0.25,6,1.6642121829018222,1.4253648076097414,2.4967242915009247,0.2761167072386619,4.252344880778335,0.7381989575610783,0.4614795466262148,1.4253648076097414,2.336753937535539,-0.29566699057399903,89.0,0.43820224719101125,52523.448807783345,4.104406693057735,0.3375794367926586,253.48324221959092,207.0,4.107703853124742,1.2591826462153777,0.5714287755402755,1.7014815148484033,3.0779949509114095,-0.36436971499687465,73.0,0.3835616438356164,51077.038531247425,4.994827378062632,0.6027636681570987,295.5400049428902,185.0,25.827422185491514,0.9302988668803387,0.5082935817513687,1.5414977791746802,2.648624945611394,-0.3643697149968753,162.0,0.41358024691358025,268274.22185491514,4.994827378062632,0.44368215881094303,549.0232471624811,392.0
30,120,20,14,27.0,18.0,0.15,14,27.0,52.0,24,2.0,2.2,18,1.0,5.0,1.25,0.65,False,72,True,24,360,1.75,1.1,0.25,6,1.6642121829018222,1.4253648076097414,2.4967242915009247,0.2761167072386619,4.252344880778335,0.7381989575610783,0.4614795466262148,1.4253648076097414,2.336753937535539,-0.29566699057399903,89.0,0.43820224719101125,52523.448807783345,4.104406693057735,0.3375794367926586,253.48324221959092,207.0,4.107703853124742,1.2591826462153777,0.5714287755402755,1.7014815148484033,3.0779949509114095,-0.36436971499687465,73.0,0.3835616438356164,51077.038531247425,4.994827378062632,0.6027636681570987,295.5400049428902,185.0,25.827422185491514,0.9302988668803387,0.5082935817513687,1.5414977791746802,2.648624945611394,-0.3643697149968753,162.0,0.41358024691358025,268274.22185491514,4.994827378062632,0.44368215881094303,549.0232471624811,392.0
30,120,20,14,27.0,18.0,0.15,14,27.0,52.0,24,2.0,2.2,18,1.0,5.0,1.25,0.65,False,72,True,12,90,1.25,1.1,0.0,36,1.6641013088823342,1.3444435424467587,2.3576599293234155,0.5590154174479116,3.9879793457710653,0.7085349116371971,0.48613423344752243,1.3444435424467587,2.111543483707799,-0.3005246442986913,84.0,0.4166666666666667,49879.79345771066,4.104406693057735,0.3450527745491176,241.50560543522198,187.0,6.2672320450746,1.6945613645001512,0.6156666719801864,1.9034589598946703,3.6104566384165335,-0.3079444080020427,65.0,0.36923076923076925,72672.320450746,4.994827378062632,0.6343100449329645,256.6883374537009,152.0,35.24880334175771,1.050024984309894,0.5416644951246135,1.5893145446103516,2.7265231418850373,-0.3079444080020428,149.0,0.3959731543624161,362488.0334175771,4.994827378062632,0.4607873474284784,498.19394288892283,339.0
30,120,20,14,27.0,18.0,0.15,14,27.0,52.0,24,2.0,2.2,18,1.0,5.0,1.25,0.65,False,72,True,12,360,1.75,1.1,0.75,36,1.6638621856609535,1.3595828308115052,2.4480791743562555,0.5491727668186857,4.123029201883074,0.7238162021687959,0.48790434694226936,1.3595828308115052,2.1337151144500055,-0.2956669905739997,89.0,0.43820224719101125,51230.29201883074,4.104406693057735,0.34890225227294225,244.9459939184848,198.0,6.392511729192978,1.7176772756616545,0.619794925014565,1.9087555976301909,3.598905275497226,-0.34956199299496127,73.0,0.3835616438356164,73925.11729192978,4.994827378062632,0.6423286620685121,276.89184738016695,168.0,36.8720534639185,1.0680592392262613,0.5444950709533567,1.5999971574134277,2.7373936792448266,-0.34956199299496193,162.0,0.41358024691358025,378720.534639185,4.994827378062632,0.46630493730882716,521.8378412986517,366.0
30,120,20,14,27.0,18.0,0.15,14,27.0,52.0,24,2.0,2.2,18,1.0,5.0,1.25,0.65,False,72,True,24,180,1.25,1.1,0.75,36,1.6635455861616022,1.3572885263704366,2.4146693195628495,0.5535613326573048,4.1067308688064825,0.721986357711718,0.48796886026918035,1.3572885263704366,2.1303697512056714,-0.2990000957325395,89.0,0.43820224719101125,51067.308688064826,4.104406693057735,0.3485695620173464,244.85692029920645,199.0,6.3797622534695595,1.715333815784866,0.6180979478334301,1.9108498590277414,3.6141506217190815,-0.3360162470572815,73.0,0.3835616438356164,73797.62253469559,4.994827378062632,0.6412903471890841,274.9044712280182,170.0,36.686459704245934,1.0660289783681582,0.5437575475567464,1.5995982927936137,2.739849904894253,-0.3360162470572806,162.0,0.41358024691358025,376864.59704245935,4.994827378062632,0.46568991995962344,519.7613915272246,369.0
30,120,20,14,27.0,18.0,0.15,14,27.0,52.0,24,2.0,2.2,18,1.0,5.0,1.25,0.65,False,72,True,24,360,1.25,1.1,0.75,36,1.6628383525525225,1.3579578431527541,2.450867732285045,0.5485132029937398,4.111381652322081,0.7225089064219437,0.4879422862646524,1.3579578431527541,2.1313093268636067,-0.29479718423985235,89.0,0.43820224719101125,51113.81652322081,4.104406693057735,0.3487669113724101,245.71180449791032,201.0,6.36858218258618,1.713277158418601,0.6196373733353497,1.906471046146494,3.5941559916757697,-0.3495619929949607,73.0,0.3835616438356164,73685.8218258618,4.994827378062632,0.6418720941006933,276.1439003373838,169.0,36.66363577169837,1.0657787491138198,0.5444436319884132,1.5980704141166169,2.733985106734842,-0.34956199299496193,162.0,0.41358024691358025,376636.35771698365,4.994827378062632,0.46604107041695036,521.8557048352941,370.0
30,120,20,14,27.0,18.0,0.15,14,27.0,52.0,24,2.0,2.2,18,1.0,5.0,1.25,0.65,False,72,True,24,360,1.75,0.9,0.0,18,1.6622497377152663,1.3693671421957274,2.4778962828700646,0.4846625551386783,4.202038453752155,0.7326321369106914,0.48826541873805096,1.3693671421957274,2.1508655820717246,-0.29566699057399937,90.0,0.43333333333333335,52020.384537521546,4.104406693057735,0.34791455320398385,249.3608658005287,199.0,5.888050012625882,1.6233547180877252,0.6186764602994198,1.8540296973344057,3.489609723312037,-0.3567632801237617,76.0,0.3684210526315789,68880.50012625882,4.994827378062632,0.6397773678271506,285.35465510273866,174.0,34.831901037047906,1.0452891288557722,0.5441761749620425,1.580281927079533,2.702292823292506,-0.3567632801237606,166.0,0.4036144578313253,358319.0103704791,4.994827378062632,0.46469162900559025,534.7155209032674,373.0
30,120,20,14,27.0,18.0,0.15,14,27.0,52.0,24,2.0,2.2,18,1.0,5.0,1.25,0.65,False,72,True,24,360,1.75,1.1,0.0,18,1.6622497377152663,1.3693671421957274,2.4778962828700646,0.4846625551386783,4.202038453752155,0.7326321369106914,0.48826541873805096,1.3693671421957274,2.1508655820717246,-0.29566699057399937,90.0,0.43333333333333335,52020.384537521546,4.104406693057735,0.34791455320398385,249.3608658005287,199.0,5.888050012625882,1.6233547180877252,0.6186764602994198,1.8540296973344057,3.489609723312037,-0.3567632801237617,76.0,0.3684210526315789,68880.50012625882,4.994827378062632,0.6397773678271506,285.35465510273866,174.0,34.831901037047906,1.0452891288557722,0.5441761749620425,1.580281927079533,2.702292823292506,-0.3567632801237606,166.0,0.4036144578313253,358319.0103704791,4.994827378062632,0.46469162900559025,534.7155209032674,373.0
30,120,20,14,27.0,18.0,0.15,14,27.0,52.0,24,2.0,2.2,18,1.0,5.0,1.25,0.65,False,72,True,48,360,1.75,0.9,0.0,18,1.6622497377152663,1.3693671421957274,2.4778962828700646,0.4846625551386783,4.202038453752155,0.7326321369106914,0.48826541873805096,1.3693671421957274,2.1508655820717246,-0.29566699057399937,90.0,0.43333333333333335,52020.384537521546,4.104406693057735,0.34791455320398385,249.3608658005287,199.0,5.888050012625882,1.6233547180877252,0.6186764602994198,1.8540296973344057,3.489609723312037,-0.3567632801237617,76.0,0.3684210526315789,68880.50012625882,4.994827378062632,0.6397773678271506,285.35465510273866,174.0,34.831901037047906,1.0452891288557722,0.5441761749620425,1.580281927079533,2.702292823292506,-0.3567632801237606,166.0,0.4036144578313253,358319.0103704791,4.994827378062632,0.46469162900559025,534.7155209032674,373.0
30,120,20,14,27.0,18.0,0.15,14,27.0,52.0,24,2.0,2.2,18,1.0,5.0,1.25,0.65,False,72,True,48,360,1.75,1.1,0.0,18,1.6622497377152663,1.3693671421957274,2.4778962828700646,0.4846625551386783,4.202038453752155,0.7326321369106914,0.48826541873805096,1.3693671421957274,2.1508655820717246,-0.29566699057399937,90.0,0.43333333333333335,52020.384537521546,4.104406693057735,0.34791455320398385,249.3608658005287,199.0,5.888050012625882,1.6233547180877252,0.6186764602994198,1.8540296973344057,3.489609723312037,-0.3567632801237617,76.0,0.3684210526315789,68880.50012625882,4.994827378062632,0.6397773678271506,285.35465510273866,174.0,34.831901037047906,1.0452891288557722,0.5441761749620425,1.580281927079533,2.702292823292506,-0.3567632801237606,166.0,0.4036144578313253,358319.0103704791,4.994827378062632,0.46469162900559025,534.7155209032674,373.0
30,120,20,14,27.0,18.0,0.15,14,27.0,52.0,24,2.0,2.2,18,1.0,5.0,1.25,0.65,False,72,True,24,180,1.5,1.1,0.75,36,1.6621315572916018,1.3604906203904577,2.451105754957918,0.5439979394312218,4.131012285820206,0.7247110621470167,0.4879897250455086,1.3604906203904577,2.135427120742078,-0.2956669905739987,89.0,0.43820224719101125,51310.122858202056,4.104406693057735,0.34888820087142913,245.040593121537,198.0,6.354674679248992,1.710716589683205,0.6198579681270977,1.9044885598216794,3.590233127901698,-0.3528911260769324,73.0,0.3835616438356164,73546.74679248992,4.994827378062632,0.6424884401405859,277.8312056034725,168.0,36.7369261374373,1.0665818349113714,0.544569343085637,1.598540112395021,2.734880115712247,-0.35289112607693207,162.0,0.41358024691358025,377369.261374373,4.994827378062632,0.4663604367257005,522.8717987250095,366.0
30,120,20,14,27.0,18.0,0.15,14,27.0,52.0,24,2.0,2.2,18,1.0,5.0,1.25,0.65,False,72,True,12,90,1.75,0.9,0.25,36,1.6613967852686133,1.3508353921708316,2.340680470958119,0.5752293759209979,4.065093381269751,0.7172938920017125,0.48844814122585,1.3508353921708316,2.1220926882598583,-0.3064467367081932,89.0,0.42696629213483145,50650.93381269751,4.104406693057735,0.34789296199588216,246.8934733863108,200.0,6.491142303448747,1.7357385027194003,0.6166148576458219,1.9260647680918295,3.6554412532250944,-0.31241534201947185,73.0,0.3835616438356164,74911.42303448747,4.994827378062632,0.6408997700931401,273.1531266452544,168.0,36.94333529934809,1.0688368952577965,0.5433429247476382,1.602878292651966,2.750015233374691,-0.313437933337009,162.0,0.4074074074074074,379433.3529934809,4.994827378062632,0.4651277604190325,520.0466000315653,368.0
30,120,20,14,27.0,18.0,0.15,14,27.0,52.0,24,2.0,2.2,18,1.0,5.0,1.25,0.65,False,72,True,12,180,1.25,0.9,0.5,36,1.6602641622963605,1.3503715403683336,2.360090855038451,0.5684646814669072,4.039665256732784,0.7144155299179442,0.48677480715646326,1.3503715403683336,2.120362626707394,-0.30270679130541556,89.0,0.43820224719101125,50396.65256732784,4.104406693057735,0.34704166568858114,244.55078483451024,202.0,6.4206190558477525,1.7228365053938188,0.6164120383645577,1.9188362218352408,3.6393088136666005,-0.3189832745249088,73.0,0.3835616438356164,74206.19055847752,4.994827378062632,0.6388104762662636,267.6242524965741,168.0,36.397436039205296,1.062851283073591,0.5423489670225864,1.5994912009801732,2.7434714337350066,-0.3189832745249084,162.0,0.41358024691358025,373974.360392053,4.994827378062632,0.46378112958145795,512.1750373310844,370.0
30,120,20,14,27.0,18.0,0.15,14,27.0,52.0,24,2.0,2.2,18,1.0,5.0,1.25,0.65,False,72,True,48,360,1.5,0.9,0.75,36,1.6601910164972011,1.3575993782973539,2.4427109809465786,0.5471550001977927,4.1088901213336895,0.7222290045785384,0.48795681791475126,1.3575993782973539,2.1306747232096126,-0.29566699057400003,89.0,0.43820224719101125,51088.901213336896,4.104406693057735,0.34889310704986515,245.30166392524018,198.0,6.359620045003481,1.7116273789831409,0.6199925907235032,1.9047543784951466,3.5895159073064815,-0.34956199299496116,73.0,0.3835616438356164,73596.20045003481,4.994827378062632,0.6426833101457023,277.66959061344517,168.0,36.599490144687614,1.065074840947947,0.5446131503595302,1.597117712449569,2.7319623423438464,-0.3495619929949615,162.0,0.41358024691358025,375994.9014468761,4.994827378062632,0.46644134922997305,522.9712545386852,366.0
30,120,20,14,27.0,18.0,0.15,14,27.0,52.0,24,2.0,2.2,18,1.0,5.0,1.25,0.65,False,72,True,48,360,1.5,1.1,0.75,36,1.6601910164972011,1.3575993782973539,2.4427109809465786,0.5471550001977927,4.1088901213336895,0.7222290045785384,0.48795681791475126,1.3575993782973539,2.1306747232096126,-0.29566699057400003,89.0,0.43820224719101125,51088.901213336896,4.104406693057735,0.34889310704986515,245.30166392524018,198.0,6.359620045003481,1.7116273789831409,0.6199925907235032,1.9047543784951466,3.5895159073064815,-0.34956199299496116,73.0,0.3835616438356164,73596.20045003481,4.994827378062632,0.6426833101457023,277.66959061344517,168.0,36.599490144687614,1.065074840947947,0.5446131503595302,1.597117712449569,2.7319623423438464,-0.3495619929949615,162.0,0.41358024691358025,375994.9014468761,4.994827378062632,0.46644134922997305,522.9712545386852,366.0
30,120,20,14,27.0,18.0,0.15,14,27.0,52.0,24,2.0,2.2,18,1.0,5.0,1.25,0.65,False,72,True,24,360,1.5,0.9,0.75,36,1.6596844142074847,1.3564643062348842,2.439449367342103,0.5547058928750253,4.100312199878211,0.7212646530996856,0.48794991031223495,1.3564643062348842,2.1288626938333035,-0.29566699057399903,89.0,0.43820224719101125,51003.12199878211,4.104406693057735,0.34887766154785144,245.09852468275582,198.0,6.4137337193962844,1.721573575351532,0.619745188155863,1.9111701991099095,3.6036469351966613,-0.3495619929949614,73.0,0.3835616438356164,74137.33719396284,4.994827378062632,0.6420099829491951,276.63771526792624,168.0,36.81235653568529,1.0674070683128645,0.5444972163191522,1.5994124273504042,2.7364540175978043,-0.3495619929949617,162.0,0.41358024691358025,378123.5653568529,4.994827378062632,0.46616267903246134,521.736239950682,366.0
30,120,20,14,27.0,18.0,0.15,14,27.0,52.0,24,2.0,2.2,18,1.0,5.0,1.25,0.65,False,72,True,24,360,1.5,1.1,0.75,36,1.6596844142074847,1.3564643062348842,2.439449367342103,0.5547058928750253,4.100312199878211,0.7212646530996856,0.48794991031223495,1.3564643062348842,2.1288626938333035,-0.29566699057399903,89.0,0.43820224719101125,51003.12199878211,4.104406693057735,0.34887766154785144,245.09852468275582,198.0,6.4137337193962844,1.721573575351532,0.619745188155863,1.9111701991099095,3.6036469351966613,-0.3495619929949614,73.0,0.3835616438356164,74137.33719396284,4.994827378062632,0.6420099829491951,276.63771526792624,168.0,36.81235653568529,1.0674070683128645,0.5444972163191522,1.5994124273504042,2.7364540175978043,-0.3495619929949617,162.0,0.41358024691358025,378123.5653568529,4.994827378062632,0.46616267903246134,521.736239950682,366.0
30,120,20,14,27.0,18.0,0.15,14,27.0,52.0,24,2.0,2.2,18,1.0,5.0,1.25,0.65,False,72,True,12,360,1.75,0.9,0.75,36,1.6592573712076801,1.3564643062348842,2.439449367342103,0.5522912913953066,4.100312199878211,0.7212646530996856,0.48794991031223495,1.3564643062348842,2.1288626938333035,-0.29566699057399903,89.0,0.43820224719101125,51003.12199878211,4.104406693057735,0.34887766154785144,245.09852468275582,198.0,6.392511729192978,1.7176772756616545,0.619794925014565,1.9087555976301909,3.598905275497226,-0.34956199299496127,73.0,0.3835616438356164,73925.11729192978,4.994827378062632,0.6423286620685121,276.89184738016695,168.0,36.70411776014563,1.0662224885695144,0.5445197136537414,1.5983166725494329,2.734527994653827,-0.34956199299496005,162.0,0.41358024691358025,377041.1776014563,4.994827378062632,0.4662901855656965,521.9903720629227,366.0
30,120,20,14,27.0,18.0,0.15,14,27.0,52.0,24,2.0,2.2,18,1.0,5.0,1.25,0.65,False,72,True,24,90,1.25,1.1,0.75,36,1.6591105741781278,1.3539392403272794,2.407485499870744,0.556821959142856,4.079949227772764,0.7189710584438809,0.4878355461072348,1.3539392403272794,2.1246174588313123,-0.2986398291838027,89.0,0.43820224719101125,50799.492277727644,4.104406693057735,0.34859207505366796,245.05378806245614,199.0,6.3788057294349025,1.7151579170557953,0.618090157777156,1.9107611994701355,3.6141188534906,-0.3360162470572815,73.0,0.3835616438356164,73788.05729434903,4.994827378062632,0.6413958292725315,274.82678198148506,170.0,36.48395846712799,1.0638046158258225,0.5436824329025641,1.5977656647797736,2.7364545743696223,-0.3360162470572823,162.0,0.41358024691358025,374839.58467127994,4.994827378062632,0.4657456296973402,519.8805700439411,369.0
30,120,20,14,27.0,18.0,0.15,14,27.0,52.0,24,2.0,2.2,18,1.0,5.0,1.25,0.65,False,72,True,12,180,1.25,1.1,0.75,36,1.6591094082384168,1.3520336360379517,2.4169835388794105,0.5529016533331088,4.058491490653536,0.7165475119876781,0.4872798181761053,1.3520336360379517,2.1221782904254836,-0.2964635465907608,89.0,0.43820224719101125,50584.914906535356,4.104406693057735,0.34820775624005457,245.41537853834575,202.0,6.3239032514008535,1.7050425109390916,0.6179889445575127,1.9049352893710605,3.602635551882735,-0.3360162470572814,73.0,0.3835616438356164,73239.03251400853,4.994827378062632,0.64099829012207,273.618089707929,169.0,36.04790227558088,1.0589819474424331,0.5433371546824478,1.5941318691923396,2.7307251113440443,-0.33601624705728184,162.0,0.41358024691358025,370479.0227558088,4.994827378062632,0.46535602130176956,519.0334682462747,371.0
30,120,20,14,27.0,18.0,0.15,14,27.0,52.0,24,2.0,2.2,18,1.0,5.0,1.25,0.65,False,72,True,12,180,1.5,0.9,0.5,36,1.6585527991258806,1.3480913812471063,2.3536927864184745,0.5809356698205228,4.036149207103903,0.7140167657325434,0.4877965699244209,1.3480913812471063,2.115383079404848,-0.30336022179811994,89.0,0.43820224719101125,50361.49207103903,4.104406693057735,0.34778248364581504,243.89232715283572,199.0,6.517346319264683,1.7405169500066933,0.6165559882467677,1.929027051067629,3.6592925145117463,-0.3189832745249078,73.0,0.3835616438356164,75173.46319264683,4.994827378062632,0.6395786444872185,270.0416370436861,169.0,36.85847770529034,1.06791100045323,0.5429653877091872,1.6028038193196472,2.747860166602875,-0.31898327452490804,162.0,0.41358024691358025,378584.7770529034,4.994827378062632,0.4645328906381883,513.9339641965219,368.0
30,120,20,14,27.0,18.0,0.15,14,27.0,52.0,24,2.0,2.2,18,1.0,5.0,1.25,0.65,False,72,True,24,90,1.5,0.9,0.75,36,1.6581038453259784,1.369517541856646,2.411052082327923,0.5309716395115607,4.2057998597216635,0.7330496057705023,0.4884525816377963,1.369517541856646,2.1515819812359247,-0.30403723384636594,89.0,0.43820224719101125,52057.99859721663,4.104406693057735,0.3486575653659425,246.5384327093891,198.0,6.321951344376082,1.7046821883805996,0.6200556098271554,1.9004891813682068,3.5808546025142007,-0.3528911260769323,73.0,0.3835616438356164,73219.51344376082,4.994827378062632,0.6428430882177761,278.6089488367507,168.0,37.11661328144168,1.0707224254167267,0.5449074040855549,1.6015511451808182,2.740706208783493,-0.3528911260769333,162.0,0.41358024691358025,381166.1328144168,4.994827378062632,0.4663639787237369,525.1473815461397,366.0
30,120,20,14,27.0,18.0,0.15,14,27.0,52.0,24,2.0,2.2,18,1.0,5.0,1.25,0.65,False,72,True,12,360,1.75,1.1,0.5,36,1.658055125485293,1.3529849644358614,2.4288986664173584,0.5638189425458155,4.0726300296478355,0.7181451591088202,0.48781815114426164,1.3529849644358614,2.1230733470589276,-0.29566699057399914,89.0,0.43820224719101125,50726.30029647835,4.104406693057735,0.3487045698501322,244.30066698517322,198.0,6.463066862542309,1.7306095030463595,0.6196074708058926,1.916803906981677,3.615721792003257,-0.346229249613352,73.0,0.3835616438356164,74630.66862542309,4.994827378062632,0.6418142359192479,275.17474592358315,168.0,36.85737708020169,1.0678989804536392,0.5443642323725625,1.6001077955099714,2.7378901109659965,-0.34622924961335166,162.0,0.41358024691358025,378573.77080201684,4.994827378062632,0.46598052272179263,519.4754129087564,366.0
30,120,20,14,27.0,18.0,0.15,14,27.0,52.0,24,2.0,2.2,18,1.0,5.0,1.25,0.65,False,72,True,24,90,1.5,1.1,0.5,36,1.6580053663173067,1.3664898511350787,2.4204038322971493,0.5339993302331281,4.182122456714163,0.7304183508011839,0.48840794837017604,1.3664898511350787,2.146855973798014,-0.3017754066716878,89.0,0.43820224719101125,51821.22456714163,4.104406693057735,0.3484709129562851,246.98821366820675,199.0,6.321951344376082,1.7046821883805996,0.6200556098271554,1.9004891813682068,3.5808546025142007,-0.3528911260769323,73.0,0.3835616438356164,73219.51344376082,4.994827378062632,0.6428430882177761,278.6089488367507,168.0,36.94324848865958,1.0688359488993893,0.5448835644893204,1.5999259916611426,2.7379677718237976,-0.35289112607693307,162.0,0.41358024691358025,379432.4848865958,4.994827378062632,0.46625200771060915,525.5971625049574,367.0
30,120,20,14,27.0,18.0,0.15,14,27.0,52.0,24,2.0,2.2,18,1.0,5.0,1.25,0.65,False,72,True,12,360,1.25,0.9,0.75,36,1.6578998639623692,1.3508132998801583,2.4100870199520896,0.5617966627607618,4.046807704792376,0.7152250025083695,0.48707051731376466,1.3508132998801583,2.1206014951347054,-0.29676314447873653,89.0,0.43820224719101125,50468.07704792376,4.104406693057735,0.3479256083501332,245.69097859742016,204.0,6.390943600227032,1.7173891495897515,0.6178423264162781,1.91260996264092,3.617852430775703,-0.3360162470572815,73.0,0.3835616438356164,73909.43600227032,4.994827378062632,0.6402140823620809,272.3488001885446,168.0,36.30067110731171,1.0617830023884185,0.5431584237892554,1.5969742185209752,2.7361350068682553,-0.3360162470572813,162.0,0.41358024691358025,373006.71107311704,4.994827378062632,0.46487299450379155,518.0397787859647,372.0
30,120,20,14,27.0,18.0,0.15,14,27.0,52.0,24,2.0,2.2,18,1.0,5.0,1.25,0.65,False,72,True,12,90,1.5,1.1,0.75,36,1.6578635229770489,1.3561080857939551,2.4109669134404417,0.5457379690376052,4.096887501960968,0.7208793379266774,0.4878940501950301,1.3561080857939551,2.128161549134728,-0.2990000957325395,89.0,0.43820224719101125,50968.87501960967,4.104406693057735,0.3487056551798081,244.98907025534666,199.0,6.302572386515582,1.7011022176499226,0.6183431084022019,1.9018460548315603,3.5942830238572965,-0.33889370561379595,73.0,0.3835616438356164,73025.72386515581,4.994827378062632,0.6417050176011547,276.0221544236185,171.0,36.220389928996525,1.06089501748027,0.5438283102588909,1.5948919480868657,2.7307331984459933,-0.33889370561379606,162.0,0.41358024691358025,372203.8992899653,4.994827378062632,0.4659374745175226,521.0112246789652,370.0
30,120,20,14,27.0,18.0,0.15,14,27.0,52.0,24,2.0,2.2,18,1.0,5.0,1.25,0.65,False,72,True,48,180,1.5,0.9,0.5,18,1.6563712076260724,1.3810740673174497,2.4032664596987896,0.4847337674204515,4.005795762334195,0.7105665616865722,0.4663531791271578,1.3810740673174497,2.245340183693333,-0.2956669905739999,89.0,0.43820224719101125,50057.95762334195,4.104406693057735,0.3435393457092028,249.77422918363553,201.0,5.999735726276873,1.6445275807461388,0.6192769062158695,1.8658078347379012,3.5110158740265502,-0.3542667082079807,73.0,0.3835616438356164,69997.35726276872,4.994827378062632,0.6421823959616524,284.95206731481153,178.0,34.03924743605591,1.0361619356619625,0.532805528578108,1.5926840806222653,2.785972938611449,-0.35426670820798056,162.0,0.41358024691358025,350392.4743605591,4.994827378062632,0.4630292579886448,534.726296498447,379.0
30,120,20,14,27.0,18.0,0.15,14,27.0,52.0,24,2.0,2.2,18,1.0,5.0,1.25,0.65,False,72,True,48,180,1.5,1.1,0.5,18,1.6563712076260724,1.3810740673174497,2.4032664596987896,0.4847337674204515,4.005795762334195,0.7105665616865722,0.4663531791271578,1.3810740673174497,2.245340183693333,-0.2956669905739999,89.0,0.43820224719101125,50057.95762334195,4.104406693057735,0.3435393457092028,249.77422918363553,201.0,5.999735726276873,1.6445275807461388,0.6192769062158695,1.8658078347379012,3.5110158740265502,-0.3542667082079807,73.0,0.3835616438356164,69997.35726276872,4.994827378062632,0.6421823959616524,284.95206731481153,178.0,34.03924743605591,1.0361619356619625,0.532805528578108,1.5926840806222653,2.785972938611449,-0.35426670820798056,162.0,0.41358024691358025,350392.4743605591,4.994827378062632,0.4630292579886448,534.726296498447,379.0
30,120,20,14,27.0,18.0,0.15,14,27.0,52.0,24,2.0,2.2,18,1.0,5.0,1.25,0.65,False,72,True,48,360,1.5,0.9,0.75,18,1.6560995831695424,1.3586939650733838,2.4448030260724347,0.5255156156213672,4.1143971815122935,0.7228475532650442,0.4877591931981585,1.3586939650733838,2.131822138368369,-0.2956669905739996,89.0,0.43820224719101125,51143.97181512294,4.104406693057735,0.3486007823978314,245.97558060098552,199.0,6.155309542487078,1.6737408724421492,0.6189479572528094,1.884209580694751,3.5497068564791574,-0.3496881306457267,73.0,0.3835616438356164,71553.09542487079,4.994827378062632,0.6414732353789727,284.48623533717597,186.0,35.59509495694401,1.0539257096279626,0.544029825028057,1.5883089727309903,2.7158096360861808,-0.3496881306457268,162.0,0.41358024691358025,365950.9495694401,4.994827378062632,0.4657818240668047,530.4618159381614,385.0
30,120,20,14,27.0,18.0,0.15,14,27.0,52.0,24,2.0,2.2,18,1.0,5.0,1.25,0.65,False,72,True,48,360,1.5,1.1,0.75,18,1.6560995831695424,1.3586939650733838,2.4448030260724347,0.5255156156213672,4.1143971815122935,0.7228475532650442,0.4877591931981585,1.3586939650733838,2.131822138368369,-0.2956669905739996,89.0,0.43820224719101125,51143.97181512294,4.104406693057735,0.3486007823978314,245.97558060098552,199.0,6.155309542487078,1.6737408724421492,0.6189479572528094,1.884209580694751,3.5497068564791574,-0.3496881306457267,73.0,0.3835616438356164,71553.09542487079,4.994827378062632,0.6414732353789727,284.48623533717597,186.0,35.59509495694401,1.0539257096279626,0.544029825028057,1.5883089727309903,2.7158096360861808,-0.3496881306457268,162.0,0.41358024691358025,365950.9495694401,4.994827378062632,0.4657818240668047,530.4618159381614,385.0
30,120,20,14,27.0,18.0,0.15,14,27.0,52.0,24,2.0,2.2,18,1.0,5.0,1.25,0.65,False,72,True,24,180,1.5,0.9,0.75,36,1.656085480604835,1.3564643062348842,2.439449367342103,0.5480242535867952,4.100312199878211,0.7212646530996856,0.48794991031223495,1.3564643062348842,2.1288626938333035,-0.29566699057399903,89.0,0.43820224719101125,51003.12199878211,4.104406693057735,0.34887766154785144,245.09852468275582,198.0,6.354674679248992,1.710716589683205,0.6198579681270977,1.9044885598216794,3.590233127901698,-0.3528911260769324,73.0,0.3835616438356164,73546.74679248992,4.994827378062632,0.6424884401405859,277.8312056034725,168.0,36.51113699270887,1.0641037144327328,0.5445481534421329,1.5963784722731649,2.7310243287829103,-0.3528911260769325,162.0,0.41358024691358025,375111.3699270887,4.994827378062632,0.4663541142852838,522.9297302862283,366.0
30,120,20,14,27.0,18.0,0.15,14,27.0,52.0,24,2.0,2.2,18,1.0,5.0,1.25,0.65,False,72,True,48,90,1.25,1.1,0.75,36,1.6560662786793112,1.359515333967825,2.432775313992069,0.5408892931368323,4.123071497111068,0.7238209456809745,0.4879442557810331,1.359515333967825,2.133766902179636,-0.29752889283195605,89.0,0.43820224719101125,51230.71497111068,4.104406693057735,0.3487240328668901,245.08627549433533,199.0,6.317738247071947,1.7039042856693065,0.6198703462655228,1.9004046271046573,3.5821122461761132,-0.3528911260769326,73.0,0.3835616438356164,73177.38247071947,4.994827378062632,0.6422946960607369,278.1250385743379,169.0,36.48929623689366,1.0638633714613106,0.5445503355683886,1.5961610927177465,2.730601604058479,-0.3528911260769322,162.0,0.41358024691358025,374892.96236893657,4.994827378062632,0.4661844350533718,523.2113140686732,368.0
30,120,20,14,27.0,18.0,0.15,14,27.0,52.0,24,2.0,2.2,18,1.0,5.0,1.25,0.65,False,72,True,12,360,1.5,1.1,0.75,36,1.6558833197519804,1.3577858120543937,2.4276499761815593,0.5421855158453264,4.109486489116653,0.7222960095968249,0.48789818876331525,1.3577858120543937,2.1308797905160413,-0.2975288928319565,89.0,0.43820224719101125,51094.86489116654,4.104406693057735,0.3487282092069703,245.03986905734658,199.0,6.310589093060378,1.7025837591320974,0.6196994960815199,1.8999713278997201,3.5812924375453847,-0.34956199299496105,73.0,0.3835616438356164,73105.89093060378,4.994827378062632,0.6419970291401611,276.69186542048993,170.0,36.3533561984754,1.0623649181155055,0.544447818140233,1.5950270604556298,2.7284979157090476,-0.34956199299496216,162.0,0.41358024691358025,373533.56198475405,4.994827378062632,0.46606784104668714,521.7317344778365,369.0
30,120,20,14,27.0,18.0,0.15,14,27.0,52.0,24,2.0,2.2,18,1.0,5.0,1.25,0.65,False,72,True,24,180,1.75,0.9,0.0,18,1.6555806510767916,1.364794625113687,2.464744693694541,0.4892350722207186,4.167090045448972,0.728743646117898,0.4882502470072674,1.364794625113687,2.143614946167374,-0.29566699057399903,89.0,0.42696629213483145,51670.90045448972,4.104406693057735,0.34785277119592906,248.54830883059125,197.0,5.888050012625882,1.6233547180877252,0.6186764602994198,1.8540296973344057,3.489609723312037,-0.3567632801237617,76.0,0.3684210526315789,68880.50012625882,4.994827378062632,0.6397773678271506,285.35465510273866,174.0,34.59117465279376,1.0425344551384974,0.54416822729996,1.5778211136314229,2.6980438115462024,-0.35676328012376146,165.0,0.4,355911.7465279376,4.994827378062632,0.4646545665639766,533.9029639333299,371.0
30,120,20,14,27.0,18.0,0.15,14,27.0,52.0,24,2.0,2.2,18,1.0,5.0,1.25,0.65,False,72,True,24,180,1.75,1.1,0.0,18,1.6555806510767916,1.364794625113687,2.464744693694541,0.4892350722207186,4.167090045448972,0.728743646117898,0.4882502470072674,1.364794625113687,2.143614946167374,-0.29566699057399903,89.0,0.42696629213483145,51670.90045448972,4.104406693057735,0.34785277119592906,248.54830883059125,197.0,5.888050012625882,1.6233547180877252,0.6186764602994198,1.8540296973344057,3.489609723312037,-0.3567632801237617,76.0,0.3684210526315789,68880.50012625882,4.994827378062632,0.6397773678271506,285.35465510273866,174.0,34.59117465279376,1.0425344551384974,0.54416822729996,1.5778211136314229,2.6980438115462024,-0.35676328012376146,165.0,0.4,355911.7465279376,4.994827378062632,0.4646545665639766,533.9029639333299,371.0
30,120,20,14,27.0,18.0,0.15,14,27.0,52.0,24,2.0,2.2,18,1.0,5.0,1.25,0.65,False,72,True,24,90,1.5,0.9,0.75,18,1.6555129205750243,1.3706152824063964,2.4130993150344295,0.5115026060498651,4.211411382464236,0.73367204073963,0.4882551559716819,1.3706152824063964,2.152732295667895,-0.3040372338463666,89.0,0.43820224719101125,52114.113824642365,4.104406693057735,0.3483652407139087,247.21234938513442,199.0,6.133628096498223,1.6696887689882423,0.618776726569704,1.8821178884562615,3.5434539106027176,-0.3528911260769323,73.0,0.3835616438356164,71336.28096498223,4.994827378062632,0.6402289399346427,279.8011553381437,172.0,36.176270660357375,1.0604063644645034,0.544217915810242,1.5937298728734233,2.7256086398838253,-0.35289112607693174,162.0,0.41358024691358025,371762.70660357375,4.994827378062632,0.4651426704513781,527.0135047232781,371.0
30,120,20,14,27.0,18.0,0.15,14,27.0,52.0,24,2.0,2.2,18,1.0,5.0,1.25,0.65,False,72,True,24,360,1.75,0.9,0.0,36,1.6553959398672964,1.3562768014862514,2.4411705024999817,0.5442123798819554,4.10483752321099,0.7217735359521891,0.48838546763944474,1.3562768014862514,2.1305896703179643,-0.29566699057400003,88.0,0.4318181818181818,51048.3752321099,4.104406693057735,0.34817660385762567,246.41811628259137,195.0,6.321951344376082,1.7046821883805996,0.6200556098271554,1.9004891813682068,3.5808546025142007,-0.3528911260769323,73.0,0.3835616438356164,73219.51344376082,4.994827378062632,0.6428430882177761,278.6089488367507,168.0,36.377371965896046,1.0626299584555756,0.5448719960830437,1.5944349154450492,2.7284138259328707,-0.35289112607693274,161.0,0.40993788819875776,373773.7196589605,4.994827378062632,0.46607545446915827,525.0270651193421,363.0
30,120,20,14,27.0,18.0,0.15,14,27.0,52.0,24,2.0,2.2,18,1.0,5.0,1.25,0.65,False,72,True,24,360,1.75,1.1,0.0,36,1.6553959398672964,1.3562768014862514,2.4411705024999817,0.5442123798819554,4.10483752321099,0.7217735359521891,0.48838546763944474,1.3562768014862514,2.1305896703179643,-0.29566699057400003,88.0,0.4318181818181818,51048.3752321099,4.104406693057735,0.34817660385762567,246.41811628259137,195.0,6.321951344376082,1.7046821883805996,0.6200556098271554,1.9004891813682068,3.5808546025142007,-0.3528911260769323,73.0,0.3835616438356164,73219.51344376082,4.994827378062632,0.6428430882177761,278.6089488367507,168.0,36.377371965896046,1.0626299584555756,0.5448719960830437,1.5944349154450492,2.7284138259328707,-0.35289112607693274,161.0,0.40993788819875776,373773.7196589605,4.994827378062632,0.46607545446915827,525.0270651193421,363.0
30,120,20,14,27.0,18.0,0.15,14,27.0,52.0,24,2.0,2.2,18,1.0,5.0,1.25,0.65,False,72,True,24,90,1.5,1.1,0.5,18,1.6548193897034567,1.3681689240602912,2.4244138674800935,0.5063685744649766,4.193002899808894,0.7316284807992854,0.48827172648244366,1.3681689240602912,2.1490243221039003,-0.3017754066716881,89.0,0.43820224719101125,51930.028998088936,4.104406693057735,0.3479178350869957,248.0213546339687,200.0,6.065279482038284,1.6568744284601666,0.6186817732069853,1.8745374985252679,3.5285965108229957,-0.3528911260769323,73.0,0.3835616438356164,70652.79482038284,4.994827378062632,0.640105053090561,280.88789073442877,172.0,35.69001683818498,1.054989777477318,0.5441832829134471,1.5889605413834784,2.717304036086014,-0.35289112607693285,162.0,0.41358024691358025,366900.1683818498,4.994827378062632,0.46482470775289947,528.9092453683974,372.0
30,120,20,14,27.0,18.0,0.15,14,27.0,52.0,24,2.0,2.2,18,1.0,5.0,1.25,0.65,False,72,True,24,360,1.75,0.9,0.0,6,1.6547117111948122,1.425845960842744,2.497768187466601,0.2463816966886534,4.255143509035498,0.738507603139722,0.46143328403199363,1.425845960842744,2.337605174673611,-0.2956669905739989,93.0,0.44086021505376344,52551.43509035498,4.104406693057735,0.3371807088472835,255.57125212161296,205.0,3.938197980803775,1.2213964851577703,0.5712959179889604,1.6722276575313975,3.0243575081975904,-0.3771109072292287,81.0,0.3950617283950617,49381.97980803775,4.994827378062632,0.5997844936000801,300.85456935946115,184.0,24.950939065153218,0.9175217724273181,0.5082075171972354,1.5286091468607403,2.626235715243961,-0.3771109072292286,174.0,0.41954022988505746,259509.3906515322,4.994827378062632,0.44225096974180694,556.4258214810741,389.0
30,120,20,14,27.0,18.0,0.15,14,27.0,52.0,24,2.0,2.2,18,1.0,5.0,1.25,0.65,False,72,True,24,360,1.75,1.1,0.0,6,1.6547117111948122,1.425845960842744,2.497768187466601,0.2463816966886534,4.255143509035498,0.738507603139722,0.46143328403199363,1.425845960842744,2.337605174673611,-0.2956669905739989,93.0,0.44086021505376344,52551.43509035498,4.104406693057735,0.3371807088472835,255.57125212161296,205.0,3.938197980803775,1.2213964851577703,0.5712959179889604,1.6722276575313975,3.0243575081975904,-0.3771109072292287,81.0,0.3950617283950617,49381.97980803775,4.994827378062632,0.5997844936000801,300.85456935946115,184.0,24.950939065153218,0.9175217724273181,0.5082075171972354,1.5286091468607403,2.626235715243961,-0.3771109072292286,174.0,0.41954022988505746,259509.3906515322,4.994827378062632,0.44225096974180694,556.4258214810741,389.0
30,120,20,14,27.0,18.0,0.15,14,27.0,52.0,24,2.0,2.2,18,1.0,5.0,1.25,0.65,False,72,True,12,90,1.25,1.1,0.75,6,1.654625743687503,1.3708269513706686,2.6351920307109284,0.33470563187843294,3.668308158545579,0.6712299496895617,0.44607803127844553,1.3708269513706686,2.2613691091410044,-0.2547176607499362,89.0,0.43820224719101125,46683.08158545579,4.104406693057735,0.32494559815492857,258.00265839399435,249.0,3.9949641701043213,1.2341220155276962,0.5597024784365473,1.7055325832491015,3.0970620444599906,-0.35881130768583047,73.0,0.3835616438356164,49949.64170104321,4.994827378062632,0.5879376170228585,295.1067761677442,217.0,22.31803198694089,0.8769427847374427,0.49464606035058467,1.5136010386560659,2.6155460756411952,-0.3588113076858297,162.0,0.41358024691358025,233180.3198694089,4.994827378062632,0.4301711951951348,553.1094345617385,466.0
30,120,20,14,27.0,18.0,0.15,14,27.0,52.0,24,2.0,2.2,18,1.0,5.0,1.25,0.65,False,72,True,12,360,1.75,0.9,0.75,18,1.6542815426675663,1.3575584560104728,2.4415402410402214,0.5200019538947209,4.105810013600431,0.72188285543368,0.4877522829369273,1.3575584560104728,2.13000985969014,-0.2956669905739997,89.0,0.43820224719101125,51058.10013600431,4.104406693057735,0.3485853368958176,245.77244135850114,199.0,6.094690172911755,1.6623960587526745,0.6188445949261551,1.8775604099051937,3.534410660970261,-0.3495619929949615,73.0,0.3835616438356164,70946.90172911756,4.994827378062632,0.6405736202116189,280.11263045105795,175.0,35.224140128245324,1.0497460353947292,0.5439786931470806,1.5846678264822014,2.7086217586533916,-0.34956199299496116,162.0,0.41358024691358025,362241.40128245327,4.994827378062632,0.46541261390941946,525.8850718095591,374.0
30,120,20,14,27.0,18.0,0.15,14,27.0,52.0,24,2.0,2.2,18,1.0,5.0,1.25,0.65,False,72,True,12,360,1.75,1.1,0.75,18,1.6542815426675663,1.3575584560104728,2.4415402410402214,0.5200019538947209,4.105810013600431,0.72188285543368,0.4877522829369273,1.3575584560104728,2.13000985969014,-0.2956669905739997,89.0,0.43820224719101125,51058.10013600431,4.104406693057735,0.3485853368958176,245.77244135850114,199.0,6.094690172911755,1.6623960587526745,0.6188445949261551,1.8775604099051937,3.534410660970261,-0.3495619929949615,73.0,0.3835616438356164,70946.90172911756,4.994827378062632,0.6405736202116189,280.11263045105795,175.0,35.224140128245324,1.0497460353947292,0.5439786931470806,1.5846678264822014,2.7086217586533916,-0.34956199299496116,162.0,0.41358024691358025,362241.40128245327,4.994827378062632,0.46541261390941946,525.8850718095591,374.0
30,120,20,14,27.0,18.0,0.15,14,27.0,52.0,24,2.0,2.2,18,1.0,5.0,1.25,0.65,False,72,True,12,180,1.5,1.1,0.75,36,1.6541525219585809,1.3510502831956137,2.3966330923239294,0.5597109162745217,4.058898311061195,0.7165935240406247,0.4878654512877208,1.3510502831956137,2.120017526268699,-0.2990000957325385,89.0,0.43820224719101125,50588.983110611945,4.104406693057735,0.3486650947080188,245.08383084146752,199.0,6.3788057294349025,1.7151579170557953,0.618090157777156,1.9107611994701355,3.6141188534906,-0.3360162470572815,73.0,0.3835616438356164,73788.05729434903,4.994827378062632,0.6413958292725315,274.82678198148506,170.0,36.32862784228689,1.0620918710766643,0.5436986720293964,1.5962076215411511,2.733726089203341,-0.3360162470572815,162.0,0.41358024691358025,373286.2784228689,4.994827378062632,0.46578943349655666,519.9106128229525,369.0
30,120,20,14,27.0,18.0,0.15,14,27.0,52.0,24,2.0,2.2,18,1.0,5.0,1.25,0.65,False,72,True,12,90,1.5,0.9,0.75,36,1.6537979642314986,1.3518955318554227,2.401692351924449,0.5584521858566893,4.065854244166888,0.7173798700430911,0.48791717682702057,1.3518955318554227,2.1215178432005017,-0.2986976535392898,89.0,0.43820224719101125,50658.542441668884,4.104406693057735,0.3485526364184192,245.16218702304457,200.0,6.375864659076336,1.7146170013261175,0.6181339339726687,1.910347717712112,3.613108196417807,-0.3388937056137965,73.0,0.3835616438356164,73758.64659076335,4.994827378062632,0.641593239859906,275.0416400773855,170.0,36.3650552875822,1.0624940474233906,0.5437463494880929,1.5964732190025952,2.734221750206262,-0.33889370561379684,162.0,0.41358024691358025,373650.552875822,4.994827378062632,0.46580095667880617,520.2038271004301,370.0
30,120,20,14,27.0,18.0,0.15,14,27.0,52.0,24,2.0,2.2,18,1.0,5.0,1.25,0.65,False,72,True,48,180,1.25,1.1,0.75,36,1.6537194588117297,1.3524349970009482,2.4281434595464684,0.5587352021089613,4.070652422866363,0.7179218693660439,0.48797705197013774,1.3524349970009482,2.1222531292455256,-0.29566699057399937,89.0,0.43820224719101125,50706.524228663635,4.104406693057735,0.3488653512505217,245.17734363548206,199.0,6.4137337193962844,1.721573575351532,0.619745188155863,1.9111701991099095,3.6036469351966613,-0.3495619929949614,73.0,0.3835616438356164,74137.33719396284,4.994827378062632,0.6420099829491951,276.63771526792624,168.0,36.59246684674265,1.0649977117733376,0.5445120090770679,1.5972434865110647,2.7325224131821204,-0.34956199299496094,162.0,0.41358024691358025,375924.66846742656,4.994827378062632,0.4661552942016603,521.8150589034083,367.0
30,120,20,14,27.0,18.0,0.15,14,27.0,52.0,24,2.0,2.2,18,1.0,5.0,1.25,0.65,False,72,True,12,180,1.75,0.9,0.5,18,1.653227201104943,1.3676279061202203,2.418591516844282,0.5088467716967411,4.188976339886542,0.7311808413779755,0.4882780746922652,1.3676279061202203,2.1482004438051727,-0.3023167973118511,89.0,0.43820224719101125,51889.76339886543,4.104406693057735,0.3477865461696983,248.0728289364548,200.0,6.082413425925953,1.6600925890995653,0.6186914405734631,1.8764746778169614,3.5320674232399125,-0.3528911260769323,73.0,0.3835616438356164,70824.13425925953,4.994827378062632,0.6399579949209367,280.97638813529977,173.0,35.750475696424374,1.0556663695449693,0.5441912418058452,1.5895500835719139,2.7182771172773768,-0.35289112607693274,162.0,0.41358024691358025,367504.7569642438,4.994827378062632,0.46468710940842595,529.0492170717546,373.0
30,120,20,14,27.0,18.0,0.15,14,27.0,52.0,24,2.0,2.2,18,1.0,5.0,1.25,0.65,False,72,True,48,180,1.25,0.9,0.75,36,1.6530816251094669,1.3522901903474742,2.42590294861491,0.5588800087624353,4.064788380133042,0.7172594242415598,0.4876112546340174,1.3522901903474742,2.1224813369704694,-0.2956669905739985,89.0,0.43820224719101125,50647.88380133041,4.104406693057735,0.3485601823689099,245.0047477001389,199.0,6.4137337193962844,1.721573575351532,0.619745188155863,1.9111701991099095,3.6036469351966613,-0.3495619929949614,73.0,0.3835616438356164,74137.33719396284,4.994827378062632,0.6420099829491951,276.63771526792624,168.0,36.54899239539868,1.0645200228572413,0.5443154761635327,1.5971971853363112,2.732952170819873,-0.34956199299496127,162.0,0.41358024691358025,375489.9239539868,4.994827378062632,0.46597222627924856,521.642462968065,367.0
30,120,20,14,27.0,18.0,0.15,14,27.0,52.0,24,2.0,2.2,18,1.0,5.0,1.25,0.65,False,72,True,24,180,1.25,1.1,0.5,36,1.6528385406826314,1.34562097776478,2.3450122663794364,0.5754549292158386,4.018415227702694,0.7120026757042452,0.48783058013905817,1.34562097776478,2.1115899194278804,-0.303624286282961,89.0,0.43820224719101125,50184.15227702694,4.104406693057735,0.3479377562455726,243.90799227257497,199.0,6.445523551743666,1.7273996787241384,0.6166369656165575,1.9210759069806187,3.643351914965314,-0.3189832745249086,73.0,0.3835616438356164,74455.23551743667,4.994827378062632,0.63967364111285,270.87494744372657,170.0,36.364728770289474,1.0624904439105252,0.5430201122689776,1.5978646251591409,2.7391877522559414,-0.31898327452490793,162.0,0.41358024691358025,373647.2877028947,4.994827378062632,0.4646640462499403,514.7829397163016,369.0
30,120,20,14,27.0,18.0,0.15,14,27.0,52.0,24,2.0,2.2,18,1.0,5.0,1.25,0.65,False,72,True,12,180,1.75,1.1,0.5,18,1.6523200493160162,1.367364097198477,2.4157546952289195,0.5091105806184844,4.1870094347414195,0.7309620930385299,0.4882809865517355,1.367364097198477,2.147791910516906,-0.30258125731150165,89.0,0.43820224719101125,51870.0943474142,4.104406693057735,0.347991198810843,248.0403012901306,200.0,6.082413425925953,1.6600925890995653,0.6186914405734631,1.8764746778169614,3.5320674232399125,-0.3528911260769323,73.0,0.3835616438356164,70824.13425925953,4.994827378062632,0.6399579949209367,280.97638813529977,173.0,35.73654526101712,1.0555105537363367,0.5441928213341528,1.5894078714023938,2.7180389290711657,-0.3528911260769325,162.0,0.41358024691358025,367365.4526101712,4.994827378062632,0.46480987858997735,529.0166894254304,373.0
30,120,20,14,27.0,18.0,0.15,14,27.0,52.0,24,2.0,2.2,18,1.0,5.0,1.25,0.65,False,72,True,48,360,1.5,0.9,0.75,6,1.6523100974018883,1.4083452345027665,2.4471986977474565,0.3373556348628628,4.120708361763585,0.7235558742995969,0.460849237307517,1.4083452345027665,2.306957777503486,-0.2956669905739978,89.0,0.43820224719101125,51207.08361763585,4.104406693057735,0.33825982543385735,248.18574984210355,211.0,4.391850212136706,1.3211437448252084,0.5729466830758878,1.7457008693656293,3.1585059921766683,-0.35270771921128896,73.0,0.3835616438356164,53918.50212136706,4.994827378062632,0.6092621405537159,288.3916583963445,196.0,26.610092466665158,0.9414291297394481,0.5086365669301219,1.5521068792471733,2.666327162098684,-0.35270771921128896,162.0,0.41358024691358025,276100.9246666516,4.994827378062632,0.4466904178545561,536.577408238448,407.0
30,120,20,14,27.0,18.0,0.15,14,27.0,52.0,24,2.0,2.2,18,1.0,5.0,1.25,0.65,False,72,True,48,360,1.5,1.1,0.75,6,1.6523100974018883,1.4083452345027665,2.4471986977474565,0.3373556348628628,4.120708361763585,0.7235558742995969,0.460849237307517,1.4083452345027665,2.306957777503486,-0.2956669905739978,89.0,0.43820224719101125,51207.08361763585,4.104406693057735,0.33825982543385735,248.18574984210355,211.0,4.391850212136706,1.3211437448252084,0.5729466830758878,1.7457008693656293,3.1585059921766683,-0.35270771921128896,73.0,0.3835616438356164,53918.50212136706,4.994827378062632,0.6092621405537159,288.3916583963445,196.0,26.610092466665158,0.9414291297394481,0.5086365669301219,1.5521068792471733,2.666327162098684,-0.35270771921128896,162.0,0.41358024691358025,276100.9246666516,4.994827378062632,0.4466904178545561,536.577408238448,407.0
30,120,20,14,27.0,18.0,0.15,14,27.0,52.0,24,2.0,2.2,18,1.0,5.0,1.25,0.65,False,72,True,12,360,1.75,1.1,0.25,36,1.652252577245717,1.3462861274231213,2.4096798765797667,0.5783446827376009,4.022462904569535,0.7124627973550639,0.4877674162437588,1.3462861274231213,2.1123745333764647,-0.2956669905739986,89.0,0.43820224719101125,50224.62904569535,4.104406693057735,0.3485068874273222,243.65534005186166,198.0,6.5336104857419395,1.743478620926754,0.6194933267320577,1.9246308101607221,3.6312803425695583,-0.34289292389872683,73.0,0.3835616438356164,75336.1048574194,4.994827378062632,0.6412998097699838,273.4576444669994,168.0,36.83727920211487,1.0676794410127335,0.5442858464649827,1.600064554493743,2.737932854576588,-0.3428929238987263,162.0,0.41358024691358025,378372.7920211487,4.994827378062632,0.4656561081347582,517.112984518861,366.0
30,120,20,14,27.0,18.0,0.15,14,27.0,52.0,24,2.0,2.2,18,1.0,5.0,1.25,0.65,False,72,True,24,180,1.5,1.1,0.5,36,1.6521251230286855,1.3532727132333948,2.4300932657868217,0.555046052390864,4.075759292365774,0.7184983627093302,0.48789183711391015,1.3532727132333948,2.1237738912961164,-0.2956669905739988,89.0,0.43820224719101125,50757.59292365774,4.104406693057735,0.34861150848871064,244.39526618822543,198.0,6.387018753249735,1.7166678689932175,0.6197162284600921,1.9083187656242588,3.5986938483797606,-0.3528911260769326,73.0,0.3835616438356164,73870.18753249735,4.994827378062632,0.6421337920633956,277.0534623701943,168.0,36.494729079687424,1.0639231667429851,0.5444527964089649,1.5964014378671858,2.7313871511507184,-0.35289112607693307,162.0,0.41358024691358025,374947.29079687427,4.994827378062632,0.4660525535314554,521.4487285584197,366.0
30,120,20,14,27.0,18.0,0.15,14,27.0,52.0,24,2.0,2.2,18,1.0,5.0,1.25,0.65,False,72,True,12,90,1.75,0.9,0.5,18,1.6517909183069006,1.3676279061202203,2.418591516844282,0.4990165754539766,4.188976339886542,0.7311808413779755,0.4882780746922652,1.3676279061202203,2.1482004438051727,-0.3023167973118511,89.0,0.43820224719101125,51889.76339886543,4.104406693057735,0.3477865461696983,248.0728289364548,200.0,5.982067080277997,1.6411893523347638,0.6178634777548019,1.866644481574197,3.511265747712821,-0.3528911260769334,73.0,0.3835616438356164,69820.67080277998,4.994827378062632,0.6390903114446826,278.4524339397137,170.0,35.22978088306313,1.0498098475537296,0.543814086508791,1.5850414499304866,2.709493396470504,-0.3528911260769322,162.0,0.41358024691358025,362297.8088306313,4.994827378062632,0.4643399410334167,526.5252628761685,370.0
30,120,20,14,27.0,18.0,0.15,14,27.0,52.0,24,2.0,2.2,18,1.0,5.0,1.25,0.65,False,72,True,12,90,1.75,1.1,0.5,18,1.6508837665179739,1.367364097198477,2.4157546952289195,0.49928038437571987,4.1870094347414195,0.7309620930385299,0.4882809865517355,1.367364097198477,2.147791910516906,-0.30258125731150165,89.0,0.43820224719101125,51870.0943474142,4.104406693057735,0.347991198810843,248.0403012901306,200.0,5.982067080277997,1.6411893523347638,0.6178634777548019,1.866644481574197,3.511265747712821,-0.3528911260769334,73.0,0.3835616438356164,69820.67080277998,4.994827378062632,0.6390903114446826,278.4524339397137,170.0,35.21604781939958,1.0496544756589183,0.5438156669406884,1.584899149593854,2.7092551335025727,-0.3528911260769326,162.0,0.41358024691358025,362160.4781939958,4.994827378062632,0.4644627102149682,526.4927352298444,370.0
30,120,20,14,27.0,18.0,0.15,14,27.0,52.0,24,2.0,2.2,18,1.0,5.0,1.25,0.65,False,72,True,12,180,1.75,1.1,0.5,36,1.650630957250835,1.361580797705061,2.400459933020448,0.5467379679191979,4.145513387087362,0.7263341846592126,0.488448672744531,1.361580797705061,2.1390474867027285,-0.30258125731150265,89.0,0.42696629213483145,51455.13387087362,4.104406693057735,0.34859207937113895,247.01825644721814,199.0,6.387018753249735,1.7166678689932175,0.6197162284600921,1.9083187656242588,3.5986938483797606,-0.3528911260769326,73.0,0.3835616438356164,73870.18753249735,4.994827378062632,0.6421337920633956,277.0534623701943,168.0,37.010003885511715,1.069563165499158,0.5447516836472521,1.6008238704569855,2.74031556604706,-0.3528911260769324,162.0,0.4074074074074074,380100.03885511716,4.994827378062632,0.46604089818780003,524.0717188174124,367.0
30,120,20,14,27.0,18.0,0.15,14,27.0,52.0,24,2.0,2.2,18,1.0,5.0,1.25,0.65,False,72,True,48,360,1.75,0.9,0.75,6,1.6500354154752874,1.3814600324343886,2.5133356100418105,0.3761444402267615,4.29699695879982,0.7431103761235291,0.48840184612583093,1.3814600324343886,2.170483005201006,-0.2956669905739995,89.0,0.43820224719101125,52969.9695879982,4.104406693057735,0.3487826267025483,248.18249022218558,201.0,4.462059847477618,1.3362002868447176,0.5726440861039153,1.7576044726611502,3.182126825403128,-0.35289112607693285,73.0,0.3835616438356164,54620.598474776176,4.994827378062632,0.6092196190268765,283.97533473364206,182.0,27.93251440087139,0.9596743462976374,0.523697317329915,1.5416804326708275,2.5785704002925565,-0.35289112607693307,162.0,0.41358024691358025,289325.1440087139,4.994827378062632,0.45298593342892157,532.1578249558277,383.0
30,120,20,14,27.0,18.0,0.15,14,27.0,52.0,24,2.0,2.2,18,1.0,5.0,1.25,0.65,False,72,True,48,360,1.75,1.1,0.75,6,1.6500354154752874,1.3814600324343886,2.5133356100418105,0.3761444402267615,4.29699695879982,0.7431103761235291,0.48840184612583093,1.3814600324343886,2.170483005201006,-0.2956669905739995,89.0,0.43820224719101125,52969.9695879982,4.104406693057735,0.3487826267025483,248.18249022218558,201.0,4.462059847477618,1.3362002868447176,0.5726440861039153,1.7576044726611502,3.182126825403128,-0.35289112607693285,73.0,0.3835616438356164,54620.598474776176,4.994827378062632,0.6092196190268765,283.97533473364206,182.0,27.93251440087139,0.9596743462976374,0.523697317329915,1.5416804326708275,2.5785704002925565,-0.35289112607693307,162.0,0.41358024691358025,289325.1440087139,4.994827378062632,0.45298593342892157,532.1578249558277,383.0
30,120,20,14,27.0,18.0,0.15,14,27.0,52.0,24,2.0,2.2,18,1.0,5.0,1.25,0.65,False,72,True,12,90,1.5,0.9,0.75,18,1.6498743342938,1.3576977010282492,2.4417952495844437,0.5026973511562858,4.1059778462760805,0.7219017204171312,0.4876863755564675,1.3576977010282492,2.1302280893410974,-0.295643838499558,89.0,0.43820224719101125,51059.778462760805,4.104406693057735,0.3477181483090822,244.8062816493009,200.0,5.934302911982923,1.6321438097991696,0.6182087512660449,1.860395052184535,3.498813640744532,-0.3523807493281461,73.0,0.3835616438356164,69343.02911982923,4.994827378062632,0.6399721087338177,279.437088078897,177.0,34.40639704795245,1.0404098827340507,0.5436527863800793,1.576906674410092,2.6940436855277685,-0.3523807493281462,162.0,0.41358024691358025,354063.9704795245,4.994827378062632,0.4646517252496852,524.2433697281979,377.0
30,120,20,14,27.0,18.0,0.15,14,27.0,52.0,24,2.0,2.2,18,1.0,5.0,1.25,0.65,False,72,True,48,360,1.25,1.1,0.75,36,1.6496926428345986,1.3500259157550911,2.4198123608297144,0.5611442833548184,4.048870465322886,0.7154586384802877,0.4876828408494589,1.3500259157550911,2.1174462817598387,-0.2956669905739999,89.0,0.43820224719101125,50488.70465322886,4.104406693057735,0.3487724863939596,245.56236029749994,201.0,6.4137337193962844,1.721573575351532,0.619745188155863,1.9111701991099095,3.6036469351966613,-0.3495619929949614,73.0,0.3835616438356164,74137.33719396284,4.994827378062632,0.6420099829491951,276.63771526792624,168.0,36.43098121362817,1.0632211041541542,0.54435404970488,1.5959738491439797,2.729740463737133,-0.34956199299496116,162.0,0.41358024691358025,374309.8121362817,4.994827378062632,0.46609958545355307,522.2000755654261,369.0
30,120,20,14,27.0,18.0,0.15,14,27.0,52.0,24,2.0,2.2,18,1.0,5.0,1.25,0.65,False,72,True,12,180,1.75,0.9,0.25,36,1.648974869283123,1.3650196860759203,2.379585508107835,0.5469588352523034,4.171328937405294,0.7292162136777534,0.4884329956747363,1.3650196860759203,2.144695457347327,-0.306446736708193,89.0,0.43820224719101125,51713.28937405294,4.104406693057735,0.34761687441572103,246.09420061102418,199.0,6.418982956214795,1.722536459973023,0.619630431235135,1.9119785213282237,3.606226940624541,-0.3528911260769325,73.0,0.3835616438356164,74189.82956214795,4.994827378062632,0.6417791439862055,276.2757191369161,168.0,37.366001247590205,1.0734241473592183,0.5447042578831244,1.6043347168666597,2.7466759549684787,-0.35289112607693196,162.0,0.41358024691358025,383660.01247590204,4.994827378062632,0.4653139839154606,522.3699197479402,367.0
30,120,20,14,27.0,18.0,0.15,14,27.0,52.0,24,2.0,2.2,18,1.0,5.0,1.25,0.65,False,72,True,24,360,1.5,0.9,0.75,18,1.6489287683990055,1.3531278123999966,2.4280408425371496,0.5381274318756817,4.070383746640459,0.7178915289037158,0.4875739171345233,1.3531278123999966,2.1219853788277154,-0.2956669905739989,89.0,0.43820224719101125,50703.83746640459,4.104406693057735,0.34846075352655337,246.36386031940697,201.0,6.2143111611981645,1.6847368478416493,0.6187463082804787,1.8912552442756783,3.563378373212383,-0.34968813064572624,73.0,0.3835616438356164,72143.11161198164,4.994827378062632,0.6406865650036121,282.64960757154097,183.0,35.57932605494597,1.0537487274732165,0.5438391304878917,1.5885221934137634,2.7155295487668263,-0.3496881306457261,162.0,0.41358024691358025,365793.2605494597,4.994827378062632,0.4653830678066464,529.0134678909479,384.0
30,120,20,14,27.0,18.0,0.15,14,27.0,52.0,24,2.0,2.2,18,1.0,5.0,1.25,0.65,False,72,True,24,360,1.5,1.1,0.75,18,1.6489287683990055,1.3531278123999966,2.4280408425371496,0.5381274318756817,4.070383746640459,0.7178915289037158,0.4875739171345233,1.3531278123999966,2.1219853788277154,-0.2956669905739989,89.0,0.43820224719101125,50703.83746640459,4.104406693057735,0.34846075352655337,246.36386031940697,201.0,6.2143111611981645,1.6847368478416493,0.6187463082804787,1.8912552442756783,3.563378373212383,-0.34968813064572624,73.0,0.3835616438356164,72143.11161198164,4.994827378062632,0.6406865650036121,282.64960757154097,183.0,35.57932605494597,1.0537487274732165,0.5438391304878917,1.5885221934137634,2.7155295487668263,-0.3496881306457261,162.0,0.41358024691358025,365793.2605494597,4.994827378062632,0.4653830678066464,529.0134678909479,384.0
30,120,20,14,27.0,18.0,0.15,14,27.0,52.0,24,2.0,2.2,18,1.0,5.0,1.25,0.65,False,72,True,24,90,1.25,1.1,0.5,36,1.6489069623803183,1.3420891482009942,2.340923113948145,0.5784752396263371,3.9909806529768366,0.7088774965954348,0.4877118967311635,1.3420891482009942,2.105588599147525,-0.30281964083812174,89.0,0.43820224719101125,49909.806529768364,4.104406693057735,0.34808519276824623,244.3440305016793,199.0,6.440686922961354,1.726514076383753,0.6166297615722464,1.9205643878273313,3.642537773803438,-0.31898327452490804,73.0,0.3835616438356164,74406.86922961354,4.994827378062632,0.6398370648543551,270.7972581971934,170.0,36.136324477357796,1.0599635310311473,0.5429530561595378,1.5957398916100043,2.735312040255876,-0.31898327452490893,162.0,0.41358024691358025,371363.24477357796,4.994827378062632,0.4648178794102526,515.1412886988727,369.0
30,120,20,14,27.0,18.0,0.15,14,27.0,52.0,24,2.0,2.2,18,1.0,5.0,1.25,0.65,False,72,True,48,360,1.5,0.9,0.5,36,1.6488494636032378,1.347842846732351,2.414316352646608,0.5611252258426715,4.034535159294875,0.7138336502806129,0.48781339706076743,1.347842846732351,2.1148427735619286,-0.2956669905739976,89.0,0.43820224719101125,50345.35159294875,4.104406693057735,0.3485923551892061,244.85947623441297,198.0,6.397329595693927,1.7185623132684578,0.6199469273628465,1.9089680725750227,3.5978472562833828,-0.34622924961335144,73.0,0.3835616438356164,73973.29595693927,4.994827378062632,0.6425235320736284,276.7302323901396,168.0,36.24211593441348,1.0611354785339104,0.5445160692687727,1.5938002384225372,2.7260923872173235,-0.3462292496133518,162.0,0.41358024691358025,372421.15934413474,4.994827378062632,0.46619700231701816,521.5897086245525,366.0
30,120,20,14,27.0,18.0,0.15,14,27.0,52.0,24,2.0,2.2,18,1.0,5.0,1.25,0.65,False,72,True,48,360,1.5,1.1,0.5,36,1.6488494636032378,1.347842846732351,2.414316352646608,0.5611252258426715,4.034535159294875,0.7138336502806129,0.48781339706076743,1.347842846732351,2.1148427735619286,-0.2956669905739976,89.0,0.43820224719101125,50345.35159294875,4.104406693057735,0.3485923551892061,244.85947623441297,198.0,6.397329595693927,1.7185623132684578,0.6199469273628465,1.9089680725750227,3.5978472562833828,-0.34622924961335144,73.0,0.3835616438356164,73973.29595693927,4.994827378062632,0.6425235320736284,276.7302323901396,168.0,36.24211593441348,1.0611354785339104,0.5445160692687727,1.5938002384225372,2.7260923872173235,-0.3462292496133518,162.0,0.41358024691358025,372421.15934413474,4.994827378062632,0.46619700231701816,521.5897086245525,366.0
30,120,20,14,27.0,18.0,0.15,14,27.0,52.0,24,2.0,2.2,18,1.0,5.0,1.25,0.65,False,72,True,12,90,1.25,0.9,0.0,36,1.6485663629625265,1.3297625264749369,2.318495943487347,0.6006333655601266,3.881814921809431,0.6963272901425044,0.48609718087244475,1.3297625264749369,2.0881958476985947,-0.30033578109053294,84.0,0.40476190476190477,48818.14921809431,4.104406693057735,0.3439736136673792,241.75817739582925,187.0,6.504194919150512,1.7381197627498515,0.6152438625505737,1.9303958920350635,3.666498893377968,-0.3079444080020427,64.0,0.375,75041.94919150512,4.994827378062632,0.6334076565518049,253.52745174055798,150.0,35.63409073247543,1.0543631165605438,0.5414548062209125,1.5936189428442478,2.7351450243662456,-0.30794440800204204,148.0,0.3918918918918919,366340.9073247543,4.994827378062632,0.4597789148980936,495.2856291363873,337.0
30,120,20,14,27.0,18.0,0.15,14,27.0,52.0,24,2.0,2.2,18,1.0,5.0,1.25,0.65,False,72,True,12,360,1.5,0.9,0.75,36,1.6481204435132972,1.3534536590104849,2.40556830853064,0.5530173871360091,4.077793398814516,0.7187278768727794,0.4879434763008818,1.3534536590104849,2.1241266747371825,-0.2987767482320176,89.0,0.43820224719101125,50777.93398814517,4.104406693057735,0.34859702789906394,245.22335644973867,199.0,6.36858218258618,1.713277158418601,0.6196373733353497,1.906471046146494,3.5941559916757697,-0.3495619929949607,73.0,0.3835616438356164,73685.8218258618,4.994827378062632,0.6418720941006933,276.1439003373838,169.0,36.416137965358296,1.0630574964642365,0.5444445014340117,1.5956481808096945,2.729758535874131,-0.3495619929949614,162.0,0.41358024691358025,374161.37965358293,4.994827378062632,0.46593915892992943,521.3672567871224,368.0
30,120,20,14,27.0,18.0,0.15,14,27.0,52.0,24,2.0,2.2,18,1.0,5.0,1.25,0.65,False,72,True,24,360,1.5,0.9,0.5,36,1.6478758481189124,1.3455659101850388,2.407820592326111,0.5760273249233541,4.017627207713855,0.7119130683751629,0.4878016453887091,1.3455659101850388,2.1112183341445627,-0.29566699057399815,89.0,0.43820224719101125,50176.27207713855,4.104406693057735,0.3485614641851786,244.45319774944426,198.0,6.505846149984638,1.7384208581363647,0.6195218182627958,1.9215932351083929,3.625019825877283,-0.34622924961335244,73.0,0.3835616438356164,75058.46149984638,4.994827378062632,0.6411768776806143,274.66648169910184,168.0,36.66153785907714,1.0657557426466462,0.544317053200088,1.5982936451807193,2.7347085545249272,-0.34622924961335233,162.0,0.41358024691358025,376615.3785907714,4.994827378062632,0.46563966192199496,519.1196794485461,366.0
30,120,20,14,27.0,18.0,0.15,14,27.0,52.0,24,2.0,2.2,18,1.0,5.0,1.25,0.65,False,72,True,24,360,1.5,1.1,0.5,36,1.6478758481189124,1.3455659101850388,2.407820592326111,0.5760273249233541,4.017627207713855,0.7119130683751629,0.4878016453887091,1.3455659101850388,2.1112183341445627,-0.29566699057399815,89.0,0.43820224719101125,50176.27207713855,4.104406693057735,0.3485614641851786,244.45319774944426,198.0,6.505846149984638,1.7384208581363647,0.6195218182627958,1.9215932351083929,3.625019825877283,-0.34622924961335244,73.0,0.3835616438356164,75058.46149984638,4.994827378062632,0.6411768776806143,274.66648169910184,168.0,36.66153785907714,1.0657557426466462,0.544317053200088,1.5982936451807193,2.7347085545249272,-0.34622924961335233,162.0,0.41358024691358025,376615.3785907714,4.994827378062632,0.46563966192199496,519.1196794485461,366.0
30,120,20,14,27.0,18.0,0.15,14,27.0,52.0,24,2.0,2.2,18,1.0,5.0,1.25,0.65,False,72,True,24,360,1.25,1.1,0.5,36,1.6473311232526069,1.3466620646359078,2.410312659651774,0.5638634195513381,4.025476990067024,0.7128052644370273,0.48778530162383393,1.3466620646359078,2.1130113783848525,-0.2957314527568422,89.0,0.43820224719101125,50254.76990067024,4.104406693057735,0.3483188468452016,245.61862732772605,201.0,6.399442872869354,1.7189504293463727,0.6193088288515862,1.9105254841872459,3.602890665349586,-0.346229249613351,73.0,0.3835616438356164,73994.42872869354,4.994827378062632,0.6408741899036425,273.67885183801695,169.0,36.18572989692043,1.060511171453685,0.5442104770966962,1.5938321937021551,2.726640826637518,-0.3462292496133512,162.0,0.41358024691358025,371857.2989692043,4.994827378062632,0.46537300983136487,519.297479165743,370.0
30,120,20,14,27.0,18.0,0.15,14,27.0,52.0,24,2.0,2.2,18,1.0,5.0,1.25,0.65,False,72,True,12,360,1.75,0.9,0.5,36,1.6470053337652395,1.3455659101850388,2.407820592326111,0.5712379967966381,4.017627207713855,0.7119130683751629,0.4878016453887091,1.3455659101850388,2.1112183341445627,-0.29566699057399815,89.0,0.43820224719101125,50176.27207713855,4.104406693057735,0.3485614641851786,244.45319774944426,198.0,6.463066862542309,1.7306095030463595,0.6196074708058926,1.916803906981677,3.615721792003257,-0.346229249613352,73.0,0.3835616438356164,74630.66862542309,4.994827378062632,0.6418142359192479,275.17474592358315,168.0,36.44688734247987,1.0633963696957172,0.5443557484511788,1.5961201300419183,2.7309193807729253,-0.3462292496133521,162.0,0.41358024691358025,374468.87342479866,4.994827378062632,0.46589467498846526,519.6279436730274,366.0
30,120,20,14,27.0,18.0,0.15,14,27.0,52.0,24,2.0,2.2,18,1.0,5.0,1.25,0.65,False,72,True,48,360,1.25,0.9,0.75,36,1.6466407334427697,1.3467569583663355,2.4086373946482826,0.5763606519997762,4.019751195637484,0.7121545698596532,0.48729421075931323,1.3467569583663355,2.1125566961105364,-0.29566699057399815,89.0,0.43820224719101125,50197.511956374845,4.104406693057735,0.34844394553287367,245.41217144920702,201.0,6.519595489953228,1.7409267101664145,0.6194973135527065,1.9231176103661116,3.629324213041986,-0.34956199299496116,73.0,0.3835616438356164,75195.95489953228,4.994827378062632,0.6415868869078116,274.7722432571122,168.0,36.7464984514029,1.0666866322500006,0.5440333066034528,1.5996741493502604,2.7373689297966632,-0.34956199299496105,162.0,0.41358024691358025,377464.984514029,4.994827378062632,0.46573321216947994,520.1844147063192,369.0
30,120,20,14,27.0,18.0,0.15,14,27.0,52.0,24,2.0,2.2,18,1.0,5.0,1.25,0.65,False,72,True,12,360,1.75,1.1,0.0,36,1.6464582145405802,1.3394877000154755,2.3904230600024947,0.5927455387544782,3.972529371040803,0.7067691923496275,0.4877521601998853,1.3394877000154755,2.1016195035704683,-0.29566699057399903,86.0,0.4186046511627907,49725.293710408034,4.104406693057735,0.3483092050045121,243.0100131185501,191.0,6.604136318226736,1.756284376078006,0.6194525463765564,1.9322332387699537,3.645561042456172,-0.3395530438737584,70.0,0.4,76041.36318226736,4.994827378062632,0.6407853836207198,271.74054301041565,162.0,36.811791183780336,1.067400888077609,0.5442599455502733,1.5998672853758111,2.737521292728091,-0.33955304387375884,156.0,0.41025641025641024,378117.9118378034,4.994827378062632,0.46533169354772386,514.7505561289657,353.0
30,120,20,14,27.0,18.0,0.15,14,27.0,52.0,24,2.0,2.2,18,1.0,5.0,1.25,0.65,False,72,True,48,360,1.5,0.9,0.5,18,1.6464546281527432,1.3528921424812927,2.4278171559224937,0.5242356436673066,4.069798113709667,0.7178253921555291,0.4876578034387687,1.3528921424812927,2.122332302493092,-0.29566699057399903,89.0,0.43820224719101125,50697.98113709667,4.104406693057735,0.3483101218699695,246.28967052422232,199.0,6.088882869126427,1.6613066908137406,0.6187280068578739,1.8771277861485993,3.5363454571033497,-0.3476189931298974,73.0,0.3835616438356164,70888.82869126427,4.994827378062632,0.6402391640771216,289.5183130368647,186.0,34.93920499820597,1.0465122578703125,0.5438750201051051,1.581960743468823,2.7046425425350784,-0.34761899312989775,162.0,0.41358024691358025,359392.04998205975,4.994827378062632,0.4651136959550424,535.807983561087,385.0
30,120,20,14,27.0,18.0,0.15,14,27.0,52.0,24,2.0,2.2,18,1.0,5.0,1.25,0.65,False,72,True,48,360,1.5,1.1,0.5,18,1.6464546281527432,1.3528921424812927,2.4278171559224937,0.5242356436673066,4.069798113709667,0.7178253921555291,0.4876578034387687,1.3528921424812927,2.122332302493092,-0.29566699057399903,89.0,0.43820224719101125,50697.98113709667,4.104406693057735,0.3483101218699695,246.28967052422232,199.0,6.088882869126427,1.6613066908137406,0.6187280068578739,1.8771277861485993,3.5363454571033497,-0.3476189931298974,73.0,0.3835616438356164,70888.82869126427,4.994827378062632,0.6402391640771216,289.5183130368647,186.0,34.93920499820597,1.0465122578703125,0.5438750201051051,1.581960743468823,2.7046425425350784,-0.34761899312989775,162.0,0.41358024691358025,359392.04998205975,4.994827378062632,0.4651136959550424,535.807983561087,385.0
30,120,20,14,27.0,18.0,0.15,14,27.0,52.0,24,2.0,2.2,18,1.0,5.0,1.25,0.65,False,72,True,48,90,1.75,0.9,0.75,6,1.6462784048607393,1.3991387676693974,2.435711027569038,0.36645258313167783,4.090492322547821,0.720159349429242,0.46329155380008497,1.3991387676693974,2.2844610074373257,-0.2956669905739997,89.0,0.43820224719101125,50904.92322547821,4.104406693057735,0.33909276362359825,247.91255987706108,199.0,4.528697219354441,1.3504014583254689,0.5738874517146603,1.7655913508010752,3.195321977805024,-0.35289112607693307,73.0,0.3835616438356164,55286.9721935444,4.994827378062632,0.6099353943703559,281.570199612623,176.0,27.143790748815164,0.9488748764218762,0.5103896787646222,1.5560397674459054,2.668256999775922,-0.3528911260769326,162.0,0.41358024691358025,281437.9074881516,4.994827378062632,0.447459464814556,529.4827594896841,375.0
30,120,20,14,27.0,18.0,0.15,14,27.0,52.0,24,2.0,2.2,18,1.0,5.0,1.25,0.65,False,72,True,48,90,1.75,1.1,0.75,6,1.6462784048607393,1.3991387676693974,2.435711027569038,0.36645258313167783,4.090492322547821,0.720159349429242,0.46329155380008497,1.3991387676693974,2.2844610074373257,-0.2956669905739997,89.0,0.43820224719101125,50904.92322547821,4.104406693057735,0.33909276362359825,247.91255987706108,199.0,4.528697219354441,1.3504014583254689,0.5738874517146603,1.7655913508010752,3.195321977805024,-0.35289112607693307,73.0,0.3835616438356164,55286.9721935444,4.994827378062632,0.6099353943703559,281.570199612623,176.0,27.143790748815164,0.9488748764218762,0.5103896787646222,1.5560397674459054,2.668256999775922,-0.3528911260769326,162.0,0.41358024691358025,281437.9074881516,4.994827378062632,0.447459464814556,529.4827594896841,375.0
30,120,20,14,27.0,18.0,0.15,14,27.0,52.0,24,2.0,2.2,18,1.0,5.0,1.25,0.65,False,72,True,12,360,1.75,0.9,0.5,18,1.6448754118193998,1.3506146049147407,2.421306266129856,0.5208685887455253,4.052771735241768,0.7159003369645809,0.4876460503936483,1.3506146049147407,2.1187074431410275,-0.29566699057399903,89.0,0.43820224719101125,50527.717352417676,4.104406693057735,0.34827923086594204,245.88339203925358,199.0,6.038165202313959,1.6517737365247198,0.6186567789795695,1.871483193660266,3.5225490939289057,-0.34622924961335066,73.0,0.3835616438356164,70381.65202313958,4.994827378062632,0.6400971347028318,280.88567070218573,175.0,34.562242202213994,1.0422023735016155,0.5438360351202358,1.5781643994290748,2.697055862607236,-0.34622924961335166,162.0,0.41358024691358025,355622.42202213994,4.994827378062632,0.4650383374366955,526.7690627414393,374.0
30,120,20,14,27.0,18.0,0.15,14,27.0,52.0,24,2.0,2.2,18,1.0,5.0,1.25,0.65,False,72,True,12,360,1.75,1.1,0.5,18,1.6448754118193998,1.3506146049147407,2.421306266129856,0.5208685887455253,4.052771735241768,0.7159003369645809,0.4876460503936483,1.3506146049147407,2.1187074431410275,-0.29566699057399903,89.0,0.43820224719101125,50527.717352417676,4.104406693057735,0.34827923086594204,245.88339203925358,199.0,6.038165202313959,1.6517737365247198,0.6186567789795695,1.871483193660266,3.5225490939289057,-0.34622924961335066,73.0,0.3835616438356164,70381.65202313958,4.994827378062632,0.6400971347028318,280.88567070218573,175.0,34.562242202213994,1.0422023735016155,0.5438360351202358,1.5781643994290748,2.697055862607236,-0.34622924961335166,162.0,0.41358024691358025,355622.42202213994,4.994827378062632,0.4650383374366955,526.7690627414393,374.0
30,120,20,14,27.0,18.0,0.15,14,27.0,52.0,24,2.0,2.2,18,1.0,5.0,1.25,0.65,False,72,True,12,90,1.5,1.1,0.5,36,1.64412247814157,1.345618856706958,2.3448686344912657,0.5563140132300002,4.018031703524585,0.7119590655747088,0.4878041545369891,1.345618856706958,2.1113408244336065,-0.3036242862829597,89.0,0.43820224719101125,50180.31703524585,4.104406693057735,0.34830147496188185,244.2793126945698,199.0,6.279433371397384,1.6968214023491397,0.6170543670435298,1.9019328699369582,3.602393230379024,-0.3248150962418631,73.0,0.3835616438356164,72794.33371397384,4.994827378062632,0.6405201915068768,273.23258889753157,171.0,35.52842744136666,1.0531770504561604,0.5431943466315726,1.5892026603691942,2.7228220754089594,-0.32481509624186344,162.0,0.41358024691358025,365284.27441366663,4.994827378062632,0.4652209504924737,517.5119015921014,370.0
30,120,20,14,27.0,18.0,0.15,14,27.0,52.0,24,2.0,2.2,18,1.0,5.0,1.25,0.65,False,72,True,12,180,1.5,0.9,0.25,36,1.6438069240970177,1.3376267447637826,2.289435384549333,0.6022625234257601,3.958555326027642,0.7051689985628875,0.48771584437058485,1.3376267447637826,2.0986489833562945,-0.30801000251933186,89.0,0.43820224719101125,49585.553260276414,4.104406693057735,0.3471002978794787,242.94339912620424,199.0,6.600907984793792,1.7556994910372712,0.6156650378321136,1.9398892681895428,3.6854604179158543,-0.3112729083562076,73.0,0.3835616438356164,76009.07984793792,4.994827378062632,0.6379329675819554,265.7579811471538,169.0,36.68952277064533,1.0660625509433972,0.5425184201758022,1.6020248696104096,2.7477559134766163,-0.3149854410236498,162.0,0.41358024691358025,376895.22770645336,4.994827378062632,0.4634652029437976,508.70138027335804,368.0
30,120,20,14,27.0,18.0,0.15,14,27.0,52.0,24,2.0,2.2,18,1.0,5.0,1.25,0.65,False,72,True,48,360,1.5,0.9,0.5,6,1.6434331818116292,1.4118105756274013,2.4543222965466533,0.29522105258833964,4.139505507896596,0.7256620873186141,0.46045126161179994,1.4118105756274013,2.314198906761737,-0.2956669905739987,89.0,0.43820224719101125,51395.055078965954,4.104406693057735,0.33771038569418405,250.37088909302034,211.0,4.1465728310489745,1.2677584803657536,0.5719736916814737,1.707031628215741,3.08671205256342,-0.36598130254082384,73.0,0.3835616438356164,51465.72831048974,4.994827378062632,0.6049417277784173,296.99467906886207,196.0,25.450839411967156,0.9248507065821647,0.507980104104936,1.5365786914903417,2.63981586916478,-0.36598130254082395,162.0,0.41358024691358025,264508.39411967155,4.994827378062632,0.4446321760957026,547.3655681618824,407.0
30,120,20,14,27.0,18.0,0.15,14,27.0,52.0,24,2.0,2.2,18,1.0,5.0,1.25,0.65,False,72,True,48,360,1.5,1.1,0.5,6,1.6434331818116292,1.4118105756274013,2.4543222965466533,0.29522105258833964,4.139505507896596,0.7256620873186141,0.46045126161179994,1.4118105756274013,2.314198906761737,-0.2956669905739987,89.0,0.43820224719101125,51395.055078965954,4.104406693057735,0.33771038569418405,250.37088909302034,211.0,4.1465728310489745,1.2677584803657536,0.5719736916814737,1.707031628215741,3.08671205256342,-0.36598130254082384,73.0,0.3835616438356164,51465.72831048974,4.994827378062632,0.6049417277784173,296.99467906886207,196.0,25.450839411967156,0.9248507065821647,0.507980104104936,1.5365786914903417,2.63981586916478,-0.36598130254082395,162.0,0.41358024691358025,264508.39411967155,4.994827378062632,0.4446321760957026,547.3655681618824,407.0
30,120,20,14,27.0,18.0,0.15,14,27.0,52.0,24,2.0,2.2,18,1.0,5.0,1.25,0.65,False,72,True,12,360,1.25,0.9,0.75,18,1.6426812653696925,1.3451854092634843,2.4511231318936146,0.5133213950513102,3.9897047466298226,0.708731874735669,0.48585185242750806,1.3451854092634843,2.1105371901691066,-0.289145765675239,89.0,0.43820224719101125,49897.04746629822,4.104406693057735,0.34567669226153114,248.023210521174,211.0,5.914003831819659,1.6282901500458338,0.617965856025966,1.8585068043147945,3.49739727513913,-0.3496881306457268,73.0,0.3835616438356164,69140.03831819659,4.994827378062632,0.6398469281754662,282.22945862724146,188.0,33.498837737847346,1.0298441030253382,0.5425566652728511,1.5694240140230604,2.6827055921493677,-0.3496881306457267,162.0,0.41358024691358025,344988.37737847347,4.994827378062632,0.46337698917071923,530.2526691484155,399.0
30,120,20,14,27.0,18.0,0.15,14,27.0,52.0,24,2.0,2.2,18,1.0,5.0,1.25,0.65,False,72,True,12,90,1.75,0.9,0.0,36,1.6425692939190693,1.3394451832521639,2.2788831307591866,0.5923585517296541,3.9810342062491877,0.7077416296601717,0.48843379858477526,1.3394451832521639,2.1041065659579328,-0.3105651273237495,88.0,0.42045454545454547,49810.34206249187,4.104406693057735,0.3474356928646959,246.69033414382648,195.0,6.539777570586267,1.7446007978313647,0.6163823283753589,1.931803734981818,3.667506751084448,-0.30794092686866137,71.0,0.38028169014084506,75397.77570586267,4.994827378062632,0.6402519973849281,271.334519248089,164.0,36.55588998660048,1.0645958417868977,0.5432305754095001,1.5993203860705296,2.7441553634407794,-0.31751480950787647,159.0,0.4025157232704403,375558.89986600477,4.994827378062632,0.4645942690027855,518.0248533919155,359.0
30,120,20,14,27.0,18.0,0.15,14,27.0,52.0,24,2.0,2.2,18,1.0,5.0,1.25,0.65,False,72,True,48,180,1.5,0.9,0.25,18,1.6423503590347264,1.3738765410943312,2.3835177344646232,0.48006096043373003,3.9547045915320576,0.7047275155289108,0.4662857341196217,1.3738765410943312,2.2333400396951757,-0.2956669905739988,89.0,0.43820224719101125,49547.045915320574,4.104406693057735,0.3432113647914816,250.98519132424846,201.0,5.896550806412168,1.6249722694908861,0.6192205934988024,1.8539375015280612,3.4882615804949575,-0.355515595342604,73.0,0.3835616438356164,68965.50806412168,4.994827378062632,0.6417080437553497,287.892266661565,178.0,33.170371946264424,1.025965278708079,0.5327435187176136,1.5833871827270642,2.7693637072171073,-0.35551559534260424,162.0,0.41358024691358025,341703.71946264425,4.994827378062632,0.4626427125323615,538.8774579858134,379.0
30,120,20,14,27.0,18.0,0.15,14,27.0,52.0,24,2.0,2.2,18,1.0,5.0,1.25,0.65,False,72,True,48,180,1.5,1.1,0.25,18,1.6423503590347264,1.3738765410943312,2.3835177344646232,0.48006096043373003,3.9547045915320576,0.7047275155289108,0.4662857341196217,1.3738765410943312,2.2333400396951757,-0.2956669905739988,89.0,0.43820224719101125,49547.045915320574,4.104406693057735,0.3432113647914816,250.98519132424846,201.0,5.896550806412168,1.6249722694908861,0.6192205934988024,1.8539375015280612,3.4882615804949575,-0.355515595342604,73.0,0.3835616438356164,68965.50806412168,4.994827378062632,0.6417080437553497,287.892266661565,178.0,33.170371946264424,1.025965278708079,0.5327435187176136,1.5833871827270642,2.7693637072171073,-0.35551559534260424,162.0,0.41358024691358025,341703.71946264425,4.994827378062632,0.4626427125323615,538.8774579858134,379.0
30,120,20,14,27.0,18.0,0.15,14,27.0,52.0,24,2.0,2.2,18,1.0,5.0,1.25,0.65,False,72,True,12,360,1.25,1.1,0.25,36,1.6421426928694391,1.3453080854257713,2.2784949731625974,0.5702858275621279,3.998850206020384,0.7097751169699313,0.4864825562089402,1.3453080854257713,2.113527706818862,-0.31151050378871326,89.0,0.43820224719101125,49988.502060203835,4.104406693057735,0.3469476467885251,245.36775464761234,203.0,6.371967993984175,1.713900168341857,0.615416639397746,1.9155939129878992,3.637730165082826,-0.3112729083562076,73.0,0.3835616438356164,73719.67993984175,4.994827378062632,0.636017411000839,263.28393851182955,170.0,35.851363725503305,1.0567934221648296,0.5417390585370793,1.5952434684401746,2.7382635051906714,-0.31845065633307845,162.0,0.41358024691358025,368513.63725503307,4.994827378062632,0.46260719667314554,508.65169315944195,373.0
30,120,20,14,27.0,18.0,0.15,14,27.0,52.0,24,2.0,2.2,18,1.0,5.0,1.25,0.65,False,72,True,24,180,1.5,1.1,0.25,36,1.6420240807516002,1.3459430262920746,2.409044590226778,0.566035495036149,4.020810278500431,0.7122749641509254,0.4878331363798332,1.3459430262920746,2.112054606785423,-0.2956669905739996,89.0,0.43820224719101125,50208.1027850043,4.104406693057735,0.348334816105992,243.74993925491387,198.0,6.418982956214795,1.722536459973023,0.619630431235135,1.9119785213282237,3.606226940624541,-0.3528911260769325,73.0,0.3835616438356164,74189.82956214795,4.994827378062632,0.6417791439862055,276.2757191369161,168.0,36.24930588258266,1.061215031377892,0.5443827903723799,1.5941253411321858,2.72754201631827,-0.3528911260769322,162.0,0.41358024691358025,372493.0588258266,4.994827378062632,0.4657446703372104,520.0256583918299,366.0
30,120,20,14,27.0,18.0,0.15,14,27.0,52.0,24,2.0,2.2,18,1.0,5.0,1.25,0.65,False,72,True,12,180,1.25,1.1,0.5,36,1.641907753531651,1.3394327508505144,2.327749391558881,0.5709400742764261,3.9591818016668245,0.7052408017763334,0.48673079472241637,1.3394327508505144,2.1027140264099327,-0.30297110347606515,89.0,0.42696629213483145,49591.81801666824,4.104406693057735,0.34746554122586626,245.03253096236517,202.0,6.344946051989953,1.7089239713075561,0.6164858042488724,1.9103728251269405,3.622559108577733,-0.3189832745249088,73.0,0.3835616438356164,73449.46051989953,4.994827378062632,0.6390688966334003,268.37987365008144,169.0,35.42492279525302,1.0520125507020843,0.5423588437793879,1.58976349973465,2.7262638331833235,-0.31898327452490916,162.0,0.4074074074074074,364249.22795253014,4.994827378062632,0.4641388049384592,513.4124046124466,371.0
30,120,20,14,27.0,18.0,0.15,14,27.0,52.0,24,2.0,2.2,18,1.0,5.0,1.25,0.65,False,72,True,48,360,1.75,0.9,0.5,6,1.6412089323181975,1.37907621478712,2.5061010513803663,0.35131586977293927,4.2775191142190785,0.7409713559359679,0.48833142764524246,1.37907621478712,2.166482514114502,-0.29566699057399903,89.0,0.43820224719101125,52775.191142190786,4.104406693057735,0.3485853018047493,249.2191248473057,201.0,4.285821494455746,1.2982186276459577,0.5719512300886522,1.7303920845600593,3.1316734549680088,-0.3542774365263519,73.0,0.3835616438356164,52858.21494455746,4.994827378062632,0.6068519736272732,288.48892569471684,182.0,26.896023971340234,0.9454324028729153,0.5233539012778101,1.5284181048438843,2.555641875558138,-0.35427743652635224,162.0,0.41358024691358025,278960.23971340235,4.994827378062632,0.451920242747423,537.7080505420225,383.0
30,120,20,14,27.0,18.0,0.15,14,27.0,52.0,24,2.0,2.2,18,1.0,5.0,1.25,0.65,False,72,True,48,360,1.75,1.1,0.5,6,1.6412089323181975,1.37907621478712,2.5061010513803663,0.35131586977293927,4.2775191142190785,0.7409713559359679,0.48833142764524246,1.37907621478712,2.166482514114502,-0.29566699057399903,89.0,0.43820224719101125,52775.191142190786,4.104406693057735,0.3485853018047493,249.2191248473057,201.0,4.285821494455746,1.2982186276459577,0.5719512300886522,1.7303920845600593,3.1316734549680088,-0.3542774365263519,73.0,0.3835616438356164,52858.21494455746,4.994827378062632,0.6068519736272732,288.48892569471684,182.0,26.896023971340234,0.9454324028729153,0.5233539012778101,1.5284181048438843,2.555641875558138,-0.35427743652635224,162.0,0.41358024691358025,278960.23971340235,4.994827378062632,0.451920242747423,537.7080505420225,383.0
30,120,20,14,27.0,18.0,0.15,14,27.0,52.0,24,2.0,2.2,18,1.0,5.0,1.25,0.65,False,72,True,12,90,1.25,1.1,0.5,6,1.6410210746659575,1.3727636927162612,2.630932635139991,0.2686229432007661,3.6448841722017535,0.6684302525895343,0.44332299452932,1.3727636927162612,2.273371851572705,-0.2540658942238433,89.0,0.43820224719101125,46448.84172201754,4.104406693057735,0.32029623658970313,268.72386011547417,249.0,3.62366614993889,1.1495204634546994,0.5572330537092877,1.6413866359170273,2.976574762951901,-0.3639245205667059,73.0,0.3835616438356164,46236.661499388894,4.994827378062632,0.5787259979325846,308.4454408317364,217.0,20.476393717396174,0.846320996959695,0.4920356300117216,1.4855871574034087,2.5710391223470666,-0.36392452056670377,162.0,0.41358024691358025,214763.93717396175,4.994827378062632,0.4236964311937788,577.1693009472106,466.0
30,120,20,14,27.0,18.0,0.15,14,27.0,52.0,24,2.0,2.2,18,1.0,5.0,1.25,0.65,False,72,True,24,180,1.5,0.9,0.5,36,1.6405725959887885,1.3455659101850388,2.407820592326111,0.56275285543922,4.017627207713855,0.7119130683751629,0.4878016453887091,1.3455659101850388,2.1112183341445627,-0.29566699057399815,89.0,0.43820224719101125,50176.27207713855,4.104406693057735,0.3485614641851786,244.45319774944426,198.0,6.387018753249735,1.7166678689932175,0.6197162284600921,1.9083187656242588,3.5986938483797606,-0.3528911260769326,73.0,0.3835616438356164,73870.18753249735,4.994827378062632,0.6421337920633956,277.0534623701943,168.0,36.06530628019825,1.0591752990578582,0.544404729770052,1.5922656051534532,2.7240192196687523,-0.3528911260769323,162.0,0.41358024691358025,370653.0628019825,4.994827378062632,0.46602253242763986,521.5066601196386,366.0
30,120,20,14,27.0,18.0,0.15,14,27.0,52.0,24,2.0,2.2,18,1.0,5.0,1.25,0.65,False,72,True,12,360,1.25,1.1,0.75,18,1.640273445644032,1.3448065462541874,2.446915884517488,0.507187562659366,3.9870759359994734,0.7084317647954619,0.485861898437113,1.3448065462541874,2.1099054027823887,-0.28952027704669503,89.0,0.43820224719101125,49870.759359994736,4.104406693057735,0.3459578746530715,247.8239572045674,211.0,5.859588418750383,1.6179316962741606,0.6180280519491571,1.8519941089135534,3.4845472855844246,-0.34968813064572646,73.0,0.3835616438356164,68595.88418750383,4.994827378062632,0.6399718632149342,282.7774237103476,189.0,33.2092883340107,1.02642639274127,0.542590025402811,1.566256508563097,2.677078438093784,-0.3496881306457269,162.0,0.41358024691358025,342092.883340107,4.994827378062632,0.4635956555171775,530.6013809149149,400.0
30,120,20,14,27.0,18.0,0.15,14,27.0,52.0,24,2.0,2.2,18,1.0,5.0,1.25,0.65,False,72,True,12,180,1.5,1.1,0.5,36,1.6402205991863146,1.3371750445142494,2.3214354168242477,0.5833893433130819,3.95572190335118,0.70484417158525,0.4877526510377487,1.3371750445142494,2.097785079246004,-0.3036242862829609,89.0,0.42696629213483145,49557.2190335118,4.104406693057735,0.34820635918310017,244.37407328069065,199.0,6.440686922961354,1.726514076383753,0.6166297615722464,1.9205643878273313,3.642537773803438,-0.31898327452490804,73.0,0.3835616438356164,74406.86922961354,4.994827378062632,0.6398370648543551,270.7972581971934,170.0,35.873975160098276,1.0570456830714536,0.542975265572166,1.5930870980883325,2.730680684800703,-0.3189832745249087,162.0,0.4074074074074074,368739.75160098274,4.994827378062632,0.4648905659951895,515.1713314778841,369.0
30,120,20,14,27.0,18.0,0.15,14,27.0,52.0,24,2.0,2.2,18,1.0,5.0,1.25,0.65,False,72,True,48,90,1.75,0.9,0.5,6,1.639380299905765,1.3968526658666311,2.429513969782441,0.34489228754733503,4.074241661114666,0.718327084003064,0.4632849326014386,1.3968526658666311,2.2806957512794686,-0.29566699057399903,89.0,0.43820224719101125,50742.416611146655,4.104406693057735,0.33899523617486377,248.55390037993934,199.0,4.375084466368169,1.3175338285850637,0.5735517863484465,1.7417449534139662,3.1506459693042386,-0.3528911260769322,73.0,0.3835616438356164,53750.84466368169,4.994827378062632,0.6089652150234753,284.47227648529434,176.0,26.2744775312557,0.9366877100726221,0.5102341074491008,1.5440697817137359,2.6470532046230937,-0.3528911260769323,162.0,0.41358024691358025,272744.775312557,4.994827378062632,0.447012781078167,533.0261768652337,375.0
30,120,20,14,27.0,18.0,0.15,14,27.0,52.0,24,2.0,2.2,18,1.0,5.0,1.25,0.65,False,72,True,48,90,1.75,1.1,0.5,6,1.639380299905765,1.3968526658666311,2.429513969782441,0.34489228754733503,4.074241661114666,0.718327084003064,0.4632849326014386,1.3968526658666311,2.2806957512794686,-0.29566699057399903,89.0,0.43820224719101125,50742.416611146655,4.104406693057735,0.33899523617486377,248.55390037993934,199.0,4.375084466368169,1.3175338285850637,0.5735517863484465,1.7417449534139662,3.1506459693042386,-0.3528911260769322,73.0,0.3835616438356164,53750.84466368169,4.994827378062632,0.6089652150234753,284.47227648529434,176.0,26.2744775312557,0.9366877100726221,0.5102341074491008,1.5440697817137359,2.6470532046230937,-0.3528911260769323,162.0,0.41358024691358025,272744.775312557,4.994827378062632,0.447012781078167,533.0261768652337,375.0
30,120,20,14,27.0,18.0,0.15,14,27.0,52.0,24,2.0,2.2,18,1.0,5.0,1.25,0.65,False,72,True,48,180,1.75,0.9,0.75,6,1.6393056632936347,1.39587025676922,2.4257315837950832,0.3617342158919301,4.064340056769159,0.7172087573209929,0.46307663604698845,1.39587025676922,2.2785739952041544,-0.29566699057399914,89.0,0.43820224719101125,50643.40056769159,4.104406693057735,0.33873488328210005,248.16583761951213,201.0,4.462059847477618,1.3362002868447176,0.5726440861039153,1.7576044726611502,3.182126825403128,-0.35289112607693285,73.0,0.3835616438356164,54620.598474776176,4.994827378062632,0.6092196190268765,283.97533473364206,182.0,26.661728478051227,0.9421545221340639,0.5097132405354433,1.5506569976696376,2.658938610466109,-0.3528911260769323,162.0,0.41358024691358025,276617.2847805123,4.994827378062632,0.44695838729383053,532.1411723531542,383.0
30,120,20,14,27.0,18.0,0.15,14,27.0,52.0,24,2.0,2.2,18,1.0,5.0,1.25,0.65,False,72,True,48,180,1.75,1.1,0.75,6,1.6393056632936347,1.39587025676922,2.4257315837950832,0.3617342158919301,4.064340056769159,0.7172087573209929,0.46307663604698845,1.39587025676922,2.2785739952041544,-0.29566699057399914,89.0,0.43820224719101125,50643.40056769159,4.104406693057735,0.33873488328210005,248.16583761951213,201.0,4.462059847477618,1.3362002868447176,0.5726440861039153,1.7576044726611502,3.182126825403128,-0.35289112607693285,73.0,0.3835616438356164,54620.598474776176,4.994827378062632,0.6092196190268765,283.97533473364206,182.0,26.661728478051227,0.9421545221340639,0.5097132405354433,1.5506569976696376,2.658938610466109,-0.3528911260769323,162.0,0.41358024691358025,276617.2847805123,4.994827378062632,0.44695838729383053,532.1411723531542,383.0
30,120,20,14,27.0,18.0,0.15,14,27.0,52.0,24,2.0,2.2,18,1.0,5.0,1.25,0.65,False,72,True,24,180,1.75,0.9,0.75,6,1.6392717252256632,1.3959367510385743,2.4258138094204993,0.3616677216225759,4.064555171535363,0.7172330687242097,0.4630583535160031,1.3959367510385743,2.2787497934020013,-0.2956669905739999,89.0,0.43820224719101125,50645.55171535363,4.104406693057735,0.338626695981797,248.69597528488842,204.0,4.462059847477618,1.3362002868447176,0.5726440861039153,1.7576044726611502,3.182126825403128,-0.35289112607693285,73.0,0.3835616438356164,54620.598474776176,4.994827378062632,0.6092196190268765,283.97533473364206,182.0,26.662903447778344,0.9421710157190062,0.5097032774037803,1.550693511152448,2.6590488324547525,-0.35289112607693196,162.0,0.41358024691358025,276629.0344777834,4.994827378062632,0.4468934867568124,532.6713100185304,386.0
30,120,20,14,27.0,18.0,0.15,14,27.0,52.0,24,2.0,2.2,18,1.0,5.0,1.25,0.65,False,72,True,24,180,1.75,1.1,0.75,6,1.6392717252256632,1.3959367510385743,2.4258138094204993,0.3616677216225759,4.064555171535363,0.7172330687242097,0.4630583535160031,1.3959367510385743,2.2787497934020013,-0.2956669905739999,89.0,0.43820224719101125,50645.55171535363,4.104406693057735,0.338626695981797,248.69597528488842,204.0,4.462059847477618,1.3362002868447176,0.5726440861039153,1.7576044726611502,3.182126825403128,-0.35289112607693285,73.0,0.3835616438356164,54620.598474776176,4.994827378062632,0.6092196190268765,283.97533473364206,182.0,26.662903447778344,0.9421710157190062,0.5097032774037803,1.550693511152448,2.6590488324547525,-0.35289112607693196,162.0,0.41358024691358025,276629.0344777834,4.994827378062632,0.4468934867568124,532.6713100185304,386.0
30,120,20,14,27.0,18.0,0.15,14,27.0,52.0,24,2.0,2.2,18,1.0,5.0,1.25,0.65,False,72,True,12,360,1.5,1.1,0.5,36,1.638269018244674,1.3481943035452788,2.3751726372317434,0.552843819043269,4.036768442107569,0.7140870082216786,0.4877867934249492,1.3481943035452788,2.115435225091839,-0.3006463601963455,89.0,0.43820224719101125,50367.68442107568,4.104406693057735,0.3483207951769543,244.394542124035,199.0,6.3144509569645555,1.7032971676017103,0.619389349912644,1.9010381225885478,3.584257756239248,-0.3462292496133512,73.0,0.3835616438356164,73144.50956964555,4.994827378062632,0.6410570666011679,274.48094903336374,170.0,35.84119575138257,1.0566799443978385,0.5442472513988315,1.590344074895985,2.7204616204600383,-0.34622924961335066,162.0,0.41358024691358025,368411.9575138257,4.994827378062632,0.46544734931548754,518.8754911573988,369.0
30,120,20,14,27.0,18.0,0.15,14,27.0,52.0,24,2.0,2.2,18,1.0,5.0,1.25,0.65,False,72,True,24,90,1.5,1.1,0.25,36,1.6375763863744974,1.3575012289050705,2.3663901300449512,0.5429879524631362,4.11360005658368,0.7227580483113067,0.4883564278178364,1.3575012289050705,2.1325323897679493,-0.30542641263365033,89.0,0.42696629213483145,51136.0005658368,4.104406693057735,0.3480948870190669,246.7850744257224,199.0,6.321951344376082,1.7046821883805996,0.6200556098271554,1.9004891813682068,3.5808546025142007,-0.3528911260769323,73.0,0.3835616438356164,73219.51344376082,4.994827378062632,0.6428430882177761,278.6089488367507,168.0,36.441530808904496,1.0633373540831585,0.5448563255795178,1.5950957256874938,2.7295778582560413,-0.3528911260769323,162.0,0.4074074074074074,374415.30808904493,4.994827378062632,0.46602643331148974,525.3940232624731,367.0
30,120,20,14,27.0,18.0,0.15,14,27.0,52.0,24,2.0,2.2,18,1.0,5.0,1.25,0.65,False,72,True,48,360,1.5,0.9,0.25,36,1.637442529028781,1.337919530888219,2.3858959985116424,0.5752103216332709,3.9608388085532606,0.7054306897024842,0.487728446909765,1.337919530888219,2.0989449732335954,-0.29566699057399926,89.0,0.43820224719101125,49608.388085532606,4.104406693057735,0.348291603328547,244.41728854358576,198.0,6.4350796800087675,1.7254870115851788,0.6199186345843782,1.91312985252149,3.6058457176879988,-0.34289292389872617,73.0,0.3835616438356164,74350.79680008767,4.994827378062632,0.6423637540015545,275.790874166834,168.0,35.884231821273076,1.0571600690956724,0.5444583345384788,1.5903667917511812,2.720065614693405,-0.3428929238987266,162.0,0.41358024691358025,368842.31821273075,4.994827378062632,0.46595265540406344,520.2081627104197,366.0
30,120,20,14,27.0,18.0,0.15,14,27.0,52.0,24,2.0,2.2,18,1.0,5.0,1.25,0.65,False,72,True,48,360,1.5,1.1,0.25,36,1.637442529028781,1.337919530888219,2.3858959985116424,0.5752103216332709,3.9608388085532606,0.7054306897024842,0.487728446909765,1.337919530888219,2.0989449732335954,-0.29566699057399926,89.0,0.43820224719101125,49608.388085532606,4.104406693057735,0.348291603328547,244.41728854358576,198.0,6.4350796800087675,1.7254870115851788,0.6199186345843782,1.91312985252149,3.6058457176879988,-0.34289292389872617,73.0,0.3835616438356164,74350.79680008767,4.994827378062632,0.6423637540015545,275.790874166834,168.0,35.884231821273076,1.0571600690956724,0.5444583345384788,1.5903667917511812,2.720065614693405,-0.3428929238987266,162.0,0.41358024691358025,368842.31821273075,4.994827378062632,0.46595265540406344,520.2081627104197,366.0
30,120,20,14,27.0,18.0,0.15,14,27.0,52.0,24,2.0,2.2,18,1.0,5.0,1.25,0.65,False,72,True,48,90,1.25,1.1,0.5,36,1.6373456730837508,1.3506892717117267,2.382332006349107,0.5529340588488427,4.055768258989283,0.7162394464881179,0.4878293885091855,1.3506892717117267,2.119520759136987,-0.3006463601963463,89.0,0.43820224719101125,50557.68258989283,4.104406693057735,0.3482771138569198,244.44094856102376,199.0,6.344026546706366,1.7087544798121552,0.6197110899723649,1.9036233305605694,3.589357993488069,-0.35289112607693285,73.0,0.3835616438356164,73440.26546706365,4.994827378062632,0.6416793105222874,277.34729534105975,169.0,36.12969630801274,1.059890015937074,0.544416725934791,1.5928800519423467,2.725088458902138,-0.35289112607693196,162.0,0.41358024691358025,371296.96308012743,4.994827378062632,0.46567011099013483,521.7882439020834,368.0
30,120,20,14,27.0,18.0,0.15,14,27.0,52.0,24,2.0,2.2,18,1.0,5.0,1.25,0.65,False,72,True,24,180,1.5,0.9,0.75,18,1.6373071978765328,1.3650880766506144,2.357330876277433,0.5175473122745806,3.88749533319875,0.6969849259761183,0.46579223984204765,1.3650880766506144,2.2166078303721104,-0.2956669905739997,89.0,0.43820224719101125,48874.9533319875,4.104406693057735,0.34371243740875185,246.52616404562312,201.0,6.139631748054493,1.6708114235303992,0.6188559786947571,1.882635388925195,3.5442807392532334,-0.3530166181180907,73.0,0.3835616438356164,71396.31748054492,4.994827378062632,0.6404588428864982,280.5679742835508,175.0,33.89491684937394,1.0344822654480383,0.5323172648352784,1.5921172242429527,2.7838972635238446,-0.35301661811809115,162.0,0.41358024691358025,348949.16849373945,4.994827378062632,0.4624434841543636,527.0941383291739,376.0
30,120,20,14,27.0,18.0,0.15,14,27.0,52.0,24,2.0,2.2,18,1.0,5.0,1.25,0.65,False,72,True,24,180,1.5,1.1,0.75,18,1.6373071978765328,1.3650880766506144,2.357330876277433,0.5175473122745806,3.88749533319875,0.6969849259761183,0.46579223984204765,1.3650880766506144,2.2166078303721104,-0.2956669905739997,89.0,0.43820224719101125,48874.9533319875,4.104406693057735,0.34371243740875185,246.52616404562312,201.0,6.139631748054493,1.6708114235303992,0.6188559786947571,1.882635388925195,3.5442807392532334,-0.3530166181180907,73.0,0.3835616438356164,71396.31748054492,4.994827378062632,0.6404588428864982,280.5679742835508,175.0,33.89491684937394,1.0344822654480383,0.5323172648352784,1.5921172242429527,2.7838972635238446,-0.35301661811809115,162.0,0.41358024691358025,348949.16849373945,4.994827378062632,0.4624434841543636,527.0941383291739,376.0
30,120,20,14,27.0,18.0,0.15,14,27.0,52.0,24,2.0,2.2,18,1.0,5.0,1.25,0.65,False,72,True,24,360,1.25,0.9,0.75,36,1.637294313213708,1.3454781347725566,2.387483914042144,0.5609929113739374,4.017414062564577,0.7118888296018646,0.4878353755162244,1.3454781347725566,2.1109789075282244,-0.2981753407488291,89.0,0.43820224719101125,50174.14062564577,4.104406693057735,0.3482908683436466,245.84335841509284,202.0,6.36858218258618,1.713277158418601,0.6196373733353497,1.906471046146494,3.5941559916757697,-0.3495619929949607,73.0,0.3835616438356164,73685.8218258618,4.994827378062632,0.6418720941006933,276.1439003373838,169.0,35.97122786407055,1.058129258721198,0.5443868178794915,1.5913688718217125,2.722026770807177,-0.3495619929949614,162.0,0.41358024691358025,369712.2786407055,4.994827378062632,0.46575549671168226,521.9872587524767,371.0
30,120,20,14,27.0,18.0,0.15,14,27.0,52.0,24,2.0,2.2,18,1.0,5.0,1.25,0.65,False,72,True,48,180,1.25,1.1,0.5,36,1.6369738727009577,1.3382127918895632,2.3870704125324482,0.5833804432188296,3.9638698217294603,0.7057779251617045,0.48780013627107643,1.3382127918895632,2.099275024181514,-0.2956669905739995,89.0,0.43820224719101125,49638.6982172946,4.104406693057735,0.3484769143381422,244.5320167021705,199.0,6.505846149984638,1.7384208581363647,0.6195218182627958,1.9215932351083929,3.625019825877283,-0.34622924961335244,73.0,0.3835616438356164,75058.46149984638,4.994827378062632,0.6411768776806143,274.66648169910184,168.0,36.25804319045298,1.061311688376541,0.5443166290930528,1.5943398289734219,2.727646652063287,-0.3462292496133512,162.0,0.41358024691358025,372580.4319045298,4.994827378062632,0.4655889412693666,519.1984984012722,367.0
30,120,20,14,27.0,18.0,0.15,14,27.0,52.0,24,2.0,2.2,18,1.0,5.0,1.25,0.65,False,72,True,48,360,1.5,0.9,0.25,18,1.6366999209765873,1.3469718952496446,2.4107656214169437,0.5227941818638442,4.0252881872562885,0.7127838162636069,0.4875986973367726,1.3469718952496446,2.112807624589775,-0.29566699057400003,89.0,0.43820224719101125,50252.88187256288,4.104406693057735,0.3480194613421077,246.6037604474591,199.0,6.022303877465034,1.6487853735454245,0.6185999696812492,1.8697660771134887,3.522315838471249,-0.34555794271546414,73.0,0.3835616438356164,70223.03877465034,4.994827378062632,0.6390050927752703,294.5503907365535,186.0,34.28910072274902,1.0390566026236026,0.5437847840636013,1.5754236003231672,2.6932320201476,-0.34555794271546425,162.0,0.41358024691358025,352891.0072274902,4.994827378062632,0.4644455678432801,541.1541511840126,385.0
30,120,20,14,27.0,18.0,0.15,14,27.0,52.0,24,2.0,2.2,18,1.0,5.0,1.25,0.65,False,72,True,48,360,1.5,1.1,0.25,18,1.6366999209765873,1.3469718952496446,2.4107656214169437,0.5227941818638442,4.0252881872562885,0.7127838162636069,0.4875986973367726,1.3469718952496446,2.112807624589775,-0.29566699057400003,89.0,0.43820224719101125,50252.88187256288,4.104406693057735,0.3480194613421077,246.6037604474591,199.0,6.022303877465034,1.6487853735454245,0.6185999696812492,1.8697660771134887,3.522315838471249,-0.34555794271546414,73.0,0.3835616438356164,70223.03877465034,4.994827378062632,0.6390050927752703,294.5503907365535,186.0,34.28910072274902,1.0390566026236026,0.5437847840636013,1.5754236003231672,2.6932320201476,-0.34555794271546425,162.0,0.41358024691358025,352891.0072274902,4.994827378062632,0.4644455678432801,541.1541511840126,385.0
30,120,20,14,27.0,18.0,0.15,14,27.0,52.0,24,2.0,2.2,18,1.0,5.0,1.25,0.65,False,72,True,24,360,1.5,0.9,0.25,36,1.636042844189366,1.3344944635973852,2.376193652744711,0.5972588156333607,3.935845479422021,0.7025620263280696,0.48771391897401134,1.3344944635973852,2.093507907646853,-0.29566699057400025,89.0,0.43820224719101125,49358.454794220204,4.104406693057735,0.3482452668225058,243.8078708161327,198.0,6.598279631150619,1.7552232140220894,0.619385607975475,1.931753279230746,3.644939559853143,-0.3428929238987277,73.0,0.3835616438356164,75982.79631150619,4.994827378062632,0.6403437724120333,272.6952481302773,168.0,36.503934168799105,1.064024464528842,0.5442091406531391,1.5969622913777595,2.7324379369160248,-0.34289292389872617,162.0,0.41358024691358025,375039.34168799105,4.994827378062632,0.4651166448115285,516.50311894641,366.0
30,120,20,14,27.0,18.0,0.15,14,27.0,52.0,24,2.0,2.2,18,1.0,5.0,1.25,0.65,False,72,True,24,360,1.5,1.1,0.25,36,1.636042844189366,1.3344944635973852,2.376193652744711,0.5972588156333607,3.935845479422021,0.7025620263280696,0.48771391897401134,1.3344944635973852,2.093507907646853,-0.29566699057400025,89.0,0.43820224719101125,49358.454794220204,4.104406693057735,0.3482452668225058,243.8078708161327,198.0,6.598279631150619,1.7552232140220894,0.619385607975475,1.931753279230746,3.644939559853143,-0.3428929238987277,73.0,0.3835616438356164,75982.79631150619,4.994827378062632,0.6403437724120333,272.6952481302773,168.0,36.503934168799105,1.064024464528842,0.5442091406531391,1.5969622913777595,2.7324379369160248,-0.34289292389872617,162.0,0.41358024691358025,375039.34168799105,4.994827378062632,0.4651166448115285,516.50311894641,366.0
30,120,20,14,27.0,18.0,0.15,14,27.0,52.0,24,2.0,2.2,18,1.0,5.0,1.25,0.65,False,72,True,12,90,1.5,0.9,0.5,36,1.635991982732846,1.3377282948266627,2.3252037181726757,0.57933533944677,3.960346836919676,0.7053743156706738,0.48779997960448385,1.3377282948266627,2.0988037047086947,-0.30336022179811895,89.0,0.42696629213483145,49603.46836919676,4.104406693057735,0.34796451093902947,244.4524294622677,200.0,6.410494307091996,1.720979189215016,0.6167276642139065,1.9170636342734326,3.635334730757727,-0.324815096241863,73.0,0.3835616438356164,74104.94307091997,4.994827378062632,0.6403197517463306,271.4743313180204,170.0,35.758621996195004,1.055757466286697,0.5430449934381173,1.5917985581928007,2.728405373442211,-0.3248150962418641,162.0,0.4074074074074074,367586.21996195003,4.994827378062632,0.46493861111972845,515.9267607802881,370.0
30,120,20,14,27.0,18.0,0.15,14,27.0,52.0,24,2.0,2.2,18,1.0,5.0,1.25,0.65,False,72,True,24,180,1.25,1.1,0.25,36,1.6356682471392574,1.3337928245090667,2.2775795854800744,0.5957452736419813,3.9312190496134,0.7020299562609851,0.4877482453776208,1.3337928245090667,2.0927125958438504,-0.30823509340202015,89.0,0.43820224719101125,49312.190496134,4.104406693057735,0.3473059504737988,242.95906424594352,199.0,6.506403524255401,1.7385224856415245,0.6157575399176306,1.929538098151048,3.664865725709549,-0.3112729083562076,73.0,0.3835616438356164,75064.035242554,4.994827378062632,0.6380569350366159,266.845423659435,170.0,36.015720052893506,1.0586242241523323,0.5425774052847635,1.5952639847205883,2.7359355657702795,-0.3152082629319082,162.0,0.41358024691358025,370157.20052893506,4.994827378062632,0.463638172540257,509.80448790537855,369.0
30,120,20,14,27.0,18.0,0.15,14,27.0,52.0,24,2.0,2.2,18,1.0,5.0,1.25,0.65,False,72,True,12,360,1.75,0.9,0.25,18,1.6353069306596382,1.3435461784050147,2.401021443063823,0.5215037335253474,3.999970154058598,0.7099027843743195,0.48758417224669603,1.3435461784050147,2.1073699745531913,-0.2956669905739985,89.0,0.43820224719101125,49999.70154058598,4.104406693057735,0.3479731248360666,245.99434272000602,199.0,5.980438462988542,1.6408814366736606,0.6185484587060004,1.865049911930362,3.5101000219475007,-0.3428929238987267,73.0,0.3835616438356164,69804.38462988542,4.994827378062632,0.6396206491940446,281.94672688045034,175.0,33.901983977185466,1.034564639570556,0.5437533995445593,1.5714331801035826,2.6852536897629045,-0.34289292389872605,162.0,0.41358024691358025,349019.83977185463,4.994827378062632,0.46466406096397134,527.9410696004563,374.0
30,120,20,14,27.0,18.0,0.15,14,27.0,52.0,24,2.0,2.2,18,1.0,5.0,1.25,0.65,False,72,True,12,360,1.75,1.1,0.25,18,1.6353069306596382,1.3435461784050147,2.401021443063823,0.5215037335253474,3.999970154058598,0.7099027843743195,0.48758417224669603,1.3435461784050147,2.1073699745531913,-0.2956669905739985,89.0,0.43820224719101125,49999.70154058598,4.104406693057735,0.3479731248360666,245.99434272000602,199.0,5.980438462988542,1.6408814366736606,0.6185484587060004,1.865049911930362,3.5101000219475007,-0.3428929238987267,73.0,0.3835616438356164,69804.38462988542,4.994827378062632,0.6396206491940446,281.94672688045034,175.0,33.901983977185466,1.034564639570556,0.5437533995445593,1.5714331801035826,2.6852536897629045,-0.34289292389872605,162.0,0.41358024691358025,349019.83977185463,4.994827378062632,0.46466406096397134,527.9410696004563,374.0
30,120,20,14,27.0,18.0,0.15,14,27.0,52.0,24,2.0,2.2,18,1.0,5.0,1.25,0.65,False,72,True,12,90,1.5,1.1,0.75,18,1.6352446428410428,1.353619271777944,2.3967238224911465,0.5067757804065909,4.075915286171636,0.7185159661161953,0.48771145037708463,1.353619271777944,2.12371124157462,-0.29979088928542974,89.0,0.43820224719101125,50759.15286171636,4.104406693057735,0.347990730406756,245.81154170153465,201.0,5.934302911982923,1.6321438097991696,0.6182087512660449,1.860395052184535,3.498813640744532,-0.3523807493281461,73.0,0.3835616438356164,69343.02911982923,4.994827378062632,0.6399721087338177,279.437088078897,177.0,34.197934149878506,1.0380023009326869,0.5436664711793276,1.574709875632431,2.690199735899404,-0.3523807493281469,162.0,0.41358024691358025,351979.34149878507,4.994827378062632,0.4648152446689794,525.2486297804317,378.0
30,120,20,14,27.0,18.0,0.15,14,27.0,52.0,24,2.0,2.2,18,1.0,5.0,1.25,0.65,False,72,True,12,360,1.75,0.9,0.25,36,1.6347119756691537,1.3344944635973852,2.376193652744711,0.5901363465633369,3.935845479422021,0.7025620263280696,0.48771391897401134,1.3344944635973852,2.093507907646853,-0.29566699057400025,89.0,0.43820224719101125,49358.454794220204,4.104406693057735,0.3482452668225058,243.8078708161327,198.0,6.5336104857419395,1.743478620926754,0.6194933267320577,1.9246308101607221,3.6312803425695583,-0.34289292389872683,73.0,0.3835616438356164,75336.1048574194,4.994827378062632,0.6412998097699838,273.4576444669994,168.0,36.18473725977566,1.060500174177791,0.5442577219890734,1.593729434906718,2.7268495539564137,-0.3428929238987265,162.0,0.41358024691358025,371847.37259775656,4.994827378062632,0.465499164411234,517.2655152831321,366.0
30,120,20,14,27.0,18.0,0.15,14,27.0,52.0,24,2.0,2.2,18,1.0,5.0,1.25,0.65,False,72,True,24,90,1.5,1.1,0.25,18,1.63406836409694,1.3600465347555115,2.3726613327549924,0.5067814969739144,4.1306764835288945,0.7246734392579361,0.4882064527196897,1.3600465347555115,2.1359916664064302,-0.30542641263365167,89.0,0.43820224719101125,51306.764835288945,4.104406693057735,0.34735751035809626,248.33532253969372,200.0,5.997241817967522,1.6440566494825615,0.618629494920792,1.866828031729426,3.5137427365233456,-0.3528911260769323,73.0,0.3835616438356164,69972.41817967522,4.994827378062632,0.6399811662464792,281.9746261307138,172.0,34.900584045010895,1.0460723649773138,0.5441242986328981,1.5810842227161894,2.703529376786822,-0.35289112607693207,162.0,0.41358024691358025,359005.840450109,4.994827378062632,0.46443900595437876,530.3099486704075,372.0
30,120,20,14,27.0,18.0,0.15,14,27.0,52.0,24,2.0,2.2,18,1.0,5.0,1.25,0.65,False,72,True,12,180,1.25,0.9,0.25,36,1.6330814242864833,1.3406975174459956,2.2467715979668794,0.5845733623081621,3.9645969081003916,0.7058611997748698,0.48643309715550076,1.3406975174459956,2.1052561252104742,-0.3141668696602756,89.0,0.43820224719101125,49645.96908100392,4.104406693057735,0.34607600043297504,243.92876679267508,202.0,6.4619195995234975,1.7303997086732474,0.6154961669605798,1.9252708797541578,3.6568927418686337,-0.3112729083562076,73.0,0.3835616438356164,74619.19599523497,4.994827378062632,0.6367941702905073,262.1319043264858,168.0,36.04542297228809,1.0589543974491318,0.5417494593386488,1.5971666982777128,2.741091457323664,-0.3210802453482562,162.0,0.41358024691358025,370454.2297228809,4.994827378062632,0.462395093025124,506.06067111916093,370.0
30,120,20,14,27.0,18.0,0.15,14,27.0,52.0,24,2.0,2.2,18,1.0,5.0,1.25,0.65,False,72,True,12,180,1.5,0.9,0.75,18,1.6326447404309408,1.3490541306652342,2.3902199923876535,0.5170830809156468,4.035588022437751,0.7139531031688902,0.48720784123073374,1.3490541306652342,2.116688959970741,-0.29869765353928934,89.0,0.43820224719101125,50355.880224377506,4.104406693057735,0.34782195739704086,246.40186531092832,202.0,5.983123150158388,1.6413889997196045,0.6181726637232773,1.866137211580881,3.510402374394154,-0.349688130645727,73.0,0.3835616438356164,69831.23150158388,4.994827378062632,0.639891489368575,279.39906248626585,178.0,34.16413129414537,1.0376108303839855,0.5433797731188647,1.5748967873958057,2.6911209417053765,-0.3496881306457259,162.0,0.41358024691358025,351641.3129414537,4.994827378062632,0.46468174276715113,525.8009277971942,380.0
30,120,20,14,27.0,18.0,0.15,14,27.0,52.0,24,2.0,2.2,18,1.0,5.0,1.25,0.65,False,72,True,24,360,1.5,0.9,0.5,18,1.6326134345034982,1.3421052491510688,2.3955681263242,0.5482086517305522,3.9858381352664223,0.708290418625273,0.48730991106508803,1.3421052491510688,2.1036392299770625,-0.29566699057400037,89.0,0.43820224719101125,49858.381352664226,4.104406693057735,0.3480221995929595,247.0554626100609,201.0,6.201430167233062,1.682340100900427,0.6185024959209828,1.890313900881621,3.561720678412094,-0.3476189931298974,73.0,0.3835616438356164,72014.30167233062,4.994827378062632,0.6393637995626665,286.02996741909504,183.0,34.9051651562486,1.0461245636478997,0.5435866861992851,1.5821704477898528,2.7039867435556366,-0.34761899312989775,162.0,0.41358024691358025,359051.651562486,4.994827378062632,0.464590732476296,533.085430029156,384.0
30,120,20,14,27.0,18.0,0.15,14,27.0,52.0,24,2.0,2.2,18,1.0,5.0,1.25,0.65,False,72,True,24,360,1.5,1.1,0.5,18,1.6326134345034982,1.3421052491510688,2.3955681263242,0.5482086517305522,3.9858381352664223,0.708290418625273,0.48730991106508803,1.3421052491510688,2.1036392299770625,-0.29566699057400037,89.0,0.43820224719101125,49858.381352664226,4.104406693057735,0.3480221995929595,247.0554626100609,201.0,6.201430167233062,1.682340100900427,0.6185024959209828,1.890313900881621,3.561720678412094,-0.3476189931298974,73.0,0.3835616438356164,72014.30167233062,4.994827378062632,0.6393637995626665,286.02996741909504,183.0,34.9051651562486,1.0461245636478997,0.5435866861992851,1.5821704477898528,2.7039867435556366,-0.34761899312989775,162.0,0.41358024691358025,359051.651562486,4.994827378062632,0.464590732476296,533.085430029156,384.0
30,120,20,14,27.0,18.0,0.15,14,27.0,52.0,24,2.0,2.2,18,1.0,5.0,1.25,0.65,False,72,True,48,180,1.25,0.9,0.5,36,1.6325387842252983,1.335658074078455,2.3771116070959715,0.5859351610299379,3.9382065341735846,0.7028334351285901,0.4872310310790945,1.335658074078455,2.0958877623684757,-0.2956669905739998,89.0,0.43820224719101125,49382.06534173585,4.104406693057735,0.34795502680741025,244.35942076682733,199.0,6.505846149984638,1.7384208581363647,0.6195218182627958,1.9215932351083929,3.625019825877283,-0.34622924961335244,73.0,0.3835616438356164,75058.46149984638,4.994827378062632,0.6411768776806143,274.66648169910184,168.0,36.0654185023558,1.0591765455659785,0.5440110234195029,1.5930231997332904,2.726125926436196,-0.3462292496133512,162.0,0.41358024691358025,370654.185023558,4.994827378062632,0.4652758658814727,519.0259024659291,367.0
30,120,20,14,27.0,18.0,0.15,14,27.0,52.0,24,2.0,2.2,18,1.0,5.0,1.25,0.65,False,72,True,48,360,1.5,0.9,0.25,6,1.6321931234620513,1.4147928356982444,2.461018218185254,0.2522855217496214,4.157216026106032,0.7276418503186188,0.4602124815366867,1.4147928356982444,2.3199325475792616,-0.2956669905739988,89.0,0.43820224719101125,51572.16026106032,4.104406693057735,0.33716094595451074,252.55602834393707,211.0,3.9102598242416446,1.2151065950638635,0.5713966235871641,1.6670783574478658,3.0130339607046777,-0.38664232804189147,73.0,0.3835616438356164,49102.59824241645,4.994827378062632,0.6006213150031188,305.5976997413796,196.0,24.32327065792363,0.9081579745486366,0.5075887048721422,1.5202179701573426,2.6116153417396224,-0.386642328041891,162.0,0.41358024691358025,253232.70657923628,4.994827378062632,0.4425739343368492,558.1537280853166,407.0
30,120,20,14,27.0,18.0,0.15,14,27.0,52.0,24,2.0,2.2,18,1.0,5.0,1.25,0.65,False,72,True,48,360,1.5,1.1,0.25,6,1.6321931234620513,1.4147928356982444,2.461018218185254,0.2522855217496214,4.157216026106032,0.7276418503186188,0.4602124815366867,1.4147928356982444,2.3199325475792616,-0.2956669905739988,89.0,0.43820224719101125,51572.16026106032,4.104406693057735,0.33716094595451074,252.55602834393707,211.0,3.9102598242416446,1.2151065950638635,0.5713966235871641,1.6670783574478658,3.0130339607046777,-0.38664232804189147,73.0,0.3835616438356164,49102.59824241645,4.994827378062632,0.6006213150031188,305.5976997413796,196.0,24.32327065792363,0.9081579745486366,0.5075887048721422,1.5202179701573426,2.6116153417396224,-0.386642328041891,162.0,0.41358024691358025,253232.70657923628,4.994827378062632,0.4425739343368492,558.1537280853166,407.0
30,120,20,14,27.0,18.0,0.15,14,27.0,52.0,24,2.0,2.2,18,1.0,5.0,1.25,0.65,False,72,True,24,90,1.25,1.1,0.25,36,1.632170581997367,1.3300933747960213,2.2762830715297357,0.598510623062765,3.903201691994976,0.6988006431869929,0.48763911319832337,1.3300933747960213,2.0864857095039584,-0.3069919782504802,89.0,0.42696629213483145,49032.01691994976,4.104406693057735,0.34757831048282456,243.63427294090246,199.0,6.497630497117574,1.7369224385605562,0.6157504620659244,1.9286039978587863,3.6632733086689657,-0.3112729083562076,73.0,0.3835616438356164,74976.30497117573,4.994827378062632,0.6382783004361784,266.7677344129018,170.0,35.76239453942003,1.0557996476242004,0.5425154986993453,1.5928562086589486,2.7316012186627527,-0.31397767870325,162.0,0.4074074074074074,367623.9453942003,4.994827378062632,0.4638901291231649,510.40200735380427,369.0
30,120,20,14,27.0,18.0,0.15,14,27.0,52.0,24,2.0,2.2,18,1.0,5.0,1.25,0.65,False,72,True,12,180,1.25,0.9,0.75,18,1.632065295830203,1.3527652180478835,2.386664485924138,0.4996290866723434,3.778932296690747,0.6843269822071252,0.46382538733758805,1.3527652180478835,2.197119142438071,-0.28672944447914206,89.0,0.43820224719101125,47789.322966907464,4.104406693057735,0.3407382629210063,247.9625034506804,212.0,5.863140085124869,1.618609038363767,0.6180409353031165,1.852394304720227,3.4830840599763864,-0.3496881306457269,73.0,0.3835616438356164,68631.40085124869,4.994827378062632,0.6388380993531796,279.539405334147,181.0,31.79848180951611,1.0094349036303965,0.5309052123760842,1.5716202702063142,2.7473619225377424,-0.34968813064572657,162.0,0.41358024691358025,327984.8180951611,4.994827378062632,0.4600108302072235,527.5019087848274,393.0
30,120,20,14,27.0,18.0,0.15,14,27.0,52.0,24,2.0,2.2,18,1.0,5.0,1.25,0.65,False,72,True,24,180,1.5,1.1,0.0,36,1.6318299619854926,1.3385032279174645,2.3879601000590847,0.5769634587410555,3.9661668138102346,0.7060409763952562,0.4878136438822077,1.3385032279174645,2.100270321397404,-0.2956669905739995,86.0,0.4186046511627907,49661.668138102345,4.104406693057735,0.34805812372327344,243.1046123216023,191.0,6.450566687303543,1.7283227867073778,0.6196006017388189,1.91546668665852,3.612824727108542,-0.3528911260769322,72.0,0.3888888888888889,74505.66687303543,4.994827378062632,0.6414244959090152,275.4979759036379,166.0,36.00075702656674,1.058457817051671,0.5443593475705766,1.5917122868970301,2.72334586859008,-0.35289112607693274,158.0,0.4050632911392405,370007.5702656674,4.994827378062632,0.46543678714296544,518.6025882252402,357.0
30,120,20,14,27.0,18.0,0.15,14,27.0,52.0,24,2.0,2.2,18,1.0,5.0,1.25,0.65,False,72,True,24,360,1.25,1.1,0.25,36,1.6318125264157346,1.3351858697865502,2.3700149540630564,0.578995281198118,3.940559751453663,0.7031038569233317,0.48769117816309704,1.3351858697865502,2.0946383021300643,-0.29666642217508343,89.0,0.43820224719101125,49405.59751453663,4.104406693057735,0.3478707823179931,245.5254501575418,201.0,6.429237916374694,1.7244165780206036,0.6191111142276191,1.9141811509846682,3.610165085677166,-0.3428929238987266,73.0,0.3835616438356164,74292.37916374694,4.994827378062632,0.6398762857065915,271.21380333865005,169.0,35.70459383361416,1.0551529894660714,0.5440706879673591,1.5893176962586302,2.71876307274132,-0.34289292389872694,162.0,0.41358024691358025,367045.9383361416,4.994827378062632,0.4647049492457794,516.7392534961918,370.0
30,120,20,14,27.0,18.0,0.15,14,27.0,52.0,24,2.0,2.2,18,1.0,5.0,1.25,0.65,False,72,True,12,90,1.5,1.1,0.25,36,1.6312680031457387,1.3350228266559665,2.280900541187403,0.5654130180166976,3.9401222826427613,0.7030535913536162,0.4877515292794538,1.3350228266559665,2.0944876545299014,-0.3082350934020196,89.0,0.43820224719101125,49401.22282642761,4.104406693057735,0.34789729474395564,243.569555133793,199.0,6.251676361298207,1.6916772484496736,0.6162825728308101,1.9004358446726641,3.604010855645974,-0.3112729083562076,73.0,0.3835616438356164,72516.76361298207,4.994827378062632,0.6393353654125987,270.44302337144467,171.0,34.82416797896309,1.0452008686518255,0.5428156914287718,1.5827599047790752,2.7127703197353044,-0.3152082629319076,162.0,0.41358024691358025,358241.6797896309,4.994827378062632,0.46450442646742485,514.0125785052376,370.0
30,120,20,14,27.0,18.0,0.15,14,27.0,52.0,24,2.0,2.2,18,1.0,5.0,1.25,0.65,False,72,True,12,180,1.75,0.9,0.25,18,1.631076968469474,1.3590365063716328,2.3620045233855023,0.5108569554717131,4.123139553202073,0.7238285782814793,0.4882101147580081,1.3590365063716328,2.13441717051883,-0.30644673670819356,89.0,0.43820224719101125,51231.39553202073,4.104406693057735,0.34716629812445426,248.38679684217982,200.0,6.023931949550639,1.6490922668946477,0.618634567386307,1.8698934618433458,3.5193251898169304,-0.3528911260769332,73.0,0.3835616438356164,70239.3194955064,4.994827378062632,0.6397454460575576,282.0631235315848,173.0,34.984583589742506,1.0470286373104023,0.544128813574914,1.5819342088330877,2.7049354465292526,-0.3528911260769325,162.0,0.41358024691358025,359845.8358974251,4.994827378062632,0.4642299856663801,530.4499203737646,373.0
30,120,20,14,27.0,18.0,0.15,14,27.0,52.0,24,2.0,2.2,18,1.0,5.0,1.25,0.65,False,72,True,12,360,1.25,0.9,0.5,36,1.6309020190951953,1.3311613329313376,2.2991302785026817,0.591711664944921,3.8951053062687633,0.6978651540004115,0.4863634350837209,1.3311613329313376,2.089325789292883,-0.30353441060978026,89.0,0.43820224719101125,48951.053062687635,4.104406693057735,0.34682105808358954,245.62111031871228,204.0,6.454598754935863,1.729060601498054,0.6162550185403635,1.9228729978762586,3.6471667153906813,-0.3189832745249088,73.0,0.3835616438356164,74545.98754935863,4.994827378062632,0.6375850765063856,266.08865154033856,168.0,35.49104592139131,1.0527567870843924,0.542057440009373,1.5910109672200663,2.728512557181443,-0.3189832745249076,162.0,0.41358024691358025,364910.4592139131,4.994827378062632,0.46315849512084406,511.7097618590509,372.0
30,120,20,14,27.0,18.0,0.15,14,27.0,52.0,24,2.0,2.2,18,1.0,5.0,1.25,0.65,False,72,True,12,180,1.75,0.9,0.0,36,1.630855028418412,1.3574476392660655,2.3273705134749645,0.5580190473924544,4.113974732453007,0.7228001198468916,0.4884129589413869,1.3574476392660655,2.13266189599701,-0.3105651273237491,87.0,0.42528735632183906,51139.74732453007,4.104406693057735,0.3470655449975882,245.65189090268524,193.0,6.450566687303543,1.7283227867073778,0.6196006017388189,1.91546668665852,3.612824727108542,-0.3528911260769322,72.0,0.3888888888888889,74505.66687303543,4.994827378062632,0.6414244959090152,275.4979759036379,166.0,37.102009781326345,1.0705637818709617,0.5446805189786136,1.6018471242657137,2.742328521464364,-0.35289112607693274,159.0,0.4088050314465409,381020.0978132635,4.994827378062632,0.4648413485642292,521.1498668063231,359.0
30,120,20,14,27.0,18.0,0.15,14,27.0,52.0,24,2.0,2.2,18,1.0,5.0,1.25,0.65,False,72,True,12,180,1.5,1.1,0.75,18,1.6306524135970617,1.348762667139871,2.386978169509,0.5117583163467603,4.033416385206685,0.7137067011946716,0.4872059584686212,1.348762667139871,2.116217118053573,-0.29900009573253894,89.0,0.43820224719101125,50334.16385206685,4.104406693057735,0.34793672506366863,246.3693376646041,202.0,5.935722626458852,1.6324131228842504,0.6182280014469753,1.8605209834866312,3.4993118135161185,-0.3496881306457261,73.0,0.3835616438356164,69357.22626458852,4.994827378062632,0.6400629972486253,279.90055152753246,179.0,33.91037991126661,1.0346624848564199,0.5434036211830248,1.572187965086938,2.6863222709630197,-0.3496881306457268,162.0,0.41358024691358025,349103.7991126661,4.994827378062632,0.46481921273044663,526.2698891921366,381.0
30,120,20,14,27.0,18.0,0.15,14,27.0,52.0,24,2.0,2.2,18,1.0,5.0,1.25,0.65,False,72,True,12,180,1.75,1.1,0.25,18,1.630315539429403,1.3588027431230771,2.3596574511786828,0.5110907187202687,4.121473095582218,0.7236416629271121,0.4882167435465413,1.3588027431230771,2.1340752784464536,-0.306672336090835,89.0,0.43820224719101125,51214.730955822175,4.104406693057735,0.34746083574011577,248.3542691958556,200.0,6.023931949550639,1.6490922668946477,0.618634567386307,1.8698934618433458,3.5193251898169304,-0.3528911260769332,73.0,0.3835616438356164,70239.3194955064,4.994827378062632,0.6397454460575576,282.0631235315848,173.0,34.97287850482401,1.046895490789824,0.5441323914823419,1.5818079239606904,2.704737682943991,-0.35289112607693207,162.0,0.41358024691358025,359728.7850482401,4.994827378062632,0.46440667599301666,530.4173927274404,373.0
30,120,20,14,27.0,18.0,0.15,14,27.0,52.0,24,2.0,2.2,18,1.0,5.0,1.25,0.65,False,72,True,12,90,1.5,0.9,0.5,18,1.6301388096746063,1.3492909014817247,2.403617886588144,0.4857347385100226,4.041106522728701,0.7145789339850956,0.48750115543238126,1.3492909014817247,2.1164552855927963,-0.29729306724348636,89.0,0.43820224719101125,50411.065227287014,4.104406693057735,0.34653326184961,243.7986167035395,200.0,5.708987925422669,1.589047306573704,0.6175400245387348,1.8350256399917473,3.4482104177999493,-0.35182775302360925,73.0,0.3835616438356164,67089.87925422669,4.994827378062632,0.6388704719915241,279.53458595786367,177.0,32.820722791756275,1.0218033838443845,0.5432477632381509,1.5608260286753024,2.6650194883491443,-0.35182775302360847,162.0,0.41358024691358025,338207.22791756276,4.994827378062632,0.46350014779035403,523.3332026614032,377.0
30,120,20,14,27.0,18.0,0.15,14,27.0,52.0,24,2.0,2.2,18,1.0,5.0,1.25,0.65,False,72,True,24,90,1.25,0.9,0.75,36,1.6301056973850259,1.3413701519740733,2.325709137833944,0.5750133026325053,3.9859813579435173,0.7083067746167817,0.4877313628341137,1.3413701519740733,2.104130158578328,-0.3045551840917069,89.0,0.43820224719101125,49859.81357943517,4.104406693057735,0.3483168212476239,244.43371724048782,199.0,6.429234397749595,1.7244159331476352,0.618034731041389,1.9163834546065786,3.6253078348346275,-0.3360162470572813,73.0,0.3835616438356164,74292.34397749596,4.994827378062632,0.6412243213924812,274.3252929402184,169.0,36.042024210972244,1.0589166280501932,0.5436021779915186,1.5935604336973725,2.728904850968432,-0.33601624705728117,162.0,0.41358024691358025,370420.24210972246,4.994827378062632,0.4655118856186643,518.7590101807061,368.0
30,120,20,14,27.0,18.0,0.15,14,27.0,52.0,24,2.0,2.2,18,1.0,5.0,1.25,0.65,False,72,True,48,180,1.5,0.9,0.75,6,1.6297303030428745,1.3897540773827122,2.411108498583046,0.3666958687852431,4.0261806288786355,0.7128851937234433,0.46342497183017733,1.3897540773827122,2.266486696176841,-0.29566699057399937,89.0,0.43820224719101125,50261.806288786356,4.104406693057735,0.33869225016574966,250.15187550574802,207.0,4.455383008021446,1.3347726121170282,0.5726799057890621,1.7564499461679552,3.181117438389054,-0.35289112607693196,73.0,0.3835616438356164,54553.83008021446,4.994827378062632,0.60808413167097,287.30858087168906,189.0,26.41974039803104,0.938745617057634,0.5099193242941149,1.5467986670601623,2.651310057754389,-0.3528911260769323,162.0,0.41358024691358025,274197.40398031037,4.994827378062632,0.4464784928479151,537.4604563774371,396.0
30,120,20,14,27.0,18.0,0.15,14,27.0,52.0,24,2.0,2.2,18,1.0,5.0,1.25,0.65,False,72,True,48,180,1.5,1.1,0.75,6,1.6297303030428745,1.3897540773827122,2.411108498583046,0.3666958687852431,4.0261806288786355,0.7128851937234433,0.46342497183017733,1.3897540773827122,2.266486696176841,-0.29566699057399937,89.0,0.43820224719101125,50261.806288786356,4.104406693057735,0.33869225016574966,250.15187550574802,207.0,4.455383008021446,1.3347726121170282,0.5726799057890621,1.7564499461679552,3.181117438389054,-0.35289112607693196,73.0,0.3835616438356164,54553.83008021446,4.994827378062632,0.60808413167097,287.30858087168906,189.0,26.41974039803104,0.938745617057634,0.5099193242941149,1.5467986670601623,2.651310057754389,-0.3528911260769323,162.0,0.41358024691358025,274197.40398031037,4.994827378062632,0.4464784928479151,537.4604563774371,396.0
30,120,20,14,27.0,18.0,0.15,14,27.0,52.0,24,2.0,2.2,18,1.0,5.0,1.25,0.65,False,72,True,12,90,1.75,0.9,0.25,18,1.6289378928579574,1.3590365063716328,2.3620045233855023,0.4954310391197674,4.123139553202073,0.7238285782814793,0.4882101147580081,1.3590365063716328,2.13441717051883,-0.30644673670819356,89.0,0.43820224719101125,51231.39553202073,4.104406693057735,0.34716629812445426,248.38679684217982,200.0,5.873447462180424,1.6205737770486448,0.6176137551179458,1.8544675454914001,3.487341522103789,-0.35289112607693307,73.0,0.3835616438356164,68734.47462180424,4.994827378062632,0.6385158855443485,278.33975820508476,170.0,34.21363056035282,1.0381839786559772,0.5436636388942085,1.5748725307767986,2.691502439167126,-0.3528911260769324,162.0,0.41358024691358025,352136.3056035282,4.994827378062632,0.4637380268622444,526.7265550472646,370.0
30,120,20,14,27.0,18.0,0.15,14,27.0,52.0,24,2.0,2.2,18,1.0,5.0,1.25,0.65,False,72,True,48,180,1.5,0.9,0.0,18,1.6282424186943887,1.3665272961025878,2.363704703708688,0.47539326014928984,3.9037976020938183,0.698869456351153,0.46627012780362215,1.3665272961025878,2.2213125442449364,-0.2956669905739987,91.0,0.43956043956043955,49037.976020938186,4.104406693057735,0.34288338387376044,252.19615346486142,201.0,5.794499109433698,1.6054872325954697,0.6192138864157222,1.8419205562518777,3.465585018522254,-0.3567632801237609,78.0,0.38461538461538464,67944.99109433698,4.994827378062632,0.6412336915490469,290.8324660083185,178.0,32.31884844026943,1.0157689598990784,0.5327317904690537,1.5739422111917043,2.7527629824908812,-0.35676328012376013,169.0,0.41420118343195267,333188.4844026943,4.994827378062632,0.46225616707607814,543.0286194731799,379.0
30,120,20,14,27.0,18.0,0.15,14,27.0,52.0,24,2.0,2.2,18,1.0,5.0,1.25,0.65,False,72,True,48,180,1.5,1.1,0.0,18,1.6282424186943887,1.3665272961025878,2.363704703708688,0.47539326014928984,3.9037976020938183,0.698869456351153,0.46627012780362215,1.3665272961025878,2.2213125442449364,-0.2956669905739987,91.0,0.43956043956043955,49037.976020938186,4.104406693057735,0.34288338387376044,252.19615346486142,201.0,5.794499109433698,1.6054872325954697,0.6192138864157222,1.8419205562518777,3.465585018522254,-0.3567632801237609,78.0,0.38461538461538464,67944.99109433698,4.994827378062632,0.6412336915490469,290.8324660083185,178.0,32.31884844026943,1.0157689598990784,0.5327317904690537,1.5739422111917043,2.7527629824908812,-0.35676328012376013,169.0,0.41420118343195267,333188.4844026943,4.994827378062632,0.46225616707607814,543.0286194731799,379.0
30,120,20,14,27.0,18.0,0.15,14,27.0,52.0,24,2.0,2.2,18,1.0,5.0,1.25,0.65,False,72,True,12,90,1.75,1.1,0.25,18,1.628176463817887,1.3588027431230771,2.3596574511786828,0.495664802368323,4.121473095582218,0.7236416629271121,0.4882167435465413,1.3588027431230771,2.1340752784464536,-0.306672336090835,89.0,0.43820224719101125,51214.730955822175,4.104406693057735,0.34746083574011577,248.3542691958556,200.0,5.873447462180424,1.6205737770486448,0.6176137551179458,1.8544675454914001,3.487341522103789,-0.35289112607693307,73.0,0.3835616438356164,68734.47462180424,4.994827378062632,0.6385158855443485,278.33975820508476,170.0,34.2021762514548,1.0380514074256024,0.5436672196206633,1.5747461761599957,2.691304579752778,-0.35289112607693207,162.0,0.41358024691358025,352021.762514548,4.994827378062632,0.46391471718888105,526.6940274009403,370.0
30,120,20,14,27.0,18.0,0.15,14,27.0,52.0,24,2.0,2.2,18,1.0,5.0,1.25,0.65,False,72,True,48,90,1.75,0.9,0.25,6,1.6275733303160094,1.3945560429861656,2.423314942900248,0.32289581441568815,4.058020476013354,0.71649423638032,0.46328192177010735,1.3945560429861656,2.2769311680656443,-0.2956669905739996,89.0,0.43820224719101125,50580.204760133536,4.104406693057735,0.3388977087261291,249.1952408828176,199.0,4.224925031408549,1.2849477497824502,0.5733568130991,1.7174518574018538,3.105788482122454,-0.3628023512803249,73.0,0.3835616438356164,52249.25031408549,4.994827378062632,0.6079950356765946,287.3743533579657,176.0,25.4277777944991,0.9245150538574014,0.5101438279044679,1.5318978747035352,2.625781802348534,-0.3628023512803257,162.0,0.41358024691358025,264277.777944991,4.994827378062632,0.4465660973417779,536.5695942407832,375.0
30,120,20,14,27.0,18.0,0.15,14,27.0,52.0,24,2.0,2.2,18,1.0,5.0,1.25,0.65,False,72,True,48,90,1.75,1.1,0.25,6,1.6275733303160094,1.3945560429861656,2.423314942900248,0.32289581441568815,4.058020476013354,0.71649423638032,0.46328192177010735,1.3945560429861656,2.2769311680656443,-0.2956669905739996,89.0,0.43820224719101125,50580.204760133536,4.104406693057735,0.3388977087261291,249.1952408828176,199.0,4.224925031408549,1.2849477497824502,0.5733568130991,1.7174518574018538,3.105788482122454,-0.3628023512803249,73.0,0.3835616438356164,52249.25031408549,4.994827378062632,0.6079950356765946,287.3743533579657,176.0,25.4277777944991,0.9245150538574014,0.5101438279044679,1.5318978747035352,2.625781802348534,-0.3628023512803257,162.0,0.41358024691358025,264277.777944991,4.994827378062632,0.4465660973417779,536.5695942407832,375.0
30,120,20,14,27.0,18.0,0.15,14,27.0,52.0,24,2.0,2.2,18,1.0,5.0,1.25,0.65,False,72,True,12,180,1.75,1.1,0.25,36,1.627254906524471,1.3505803256636395,2.338044407626265,0.5613981956645842,4.062612938045218,0.7170135403708564,0.48840415380964075,1.3505803256636395,2.1215609142388545,-0.3066723360908338,89.0,0.42696629213483145,50626.12938045218,4.104406693057735,0.3482642001944239,246.81511720473378,199.0,6.418982956214795,1.722536459973023,0.619630431235135,1.9119785213282237,3.606226940624541,-0.3528911260769325,73.0,0.3835616438356164,74189.82956214795,4.994827378062632,0.6417791439862055,276.2757191369161,168.0,36.55943910126984,1.0646348496267795,0.5446894893588751,1.5965683853340766,2.733086532937283,-0.3528911260769323,162.0,0.4074074074074074,375594.39101269835,4.994827378062632,0.46570230852052813,523.0908363416498,367.0
30,120,20,14,27.0,18.0,0.15,14,27.0,52.0,24,2.0,2.2,18,1.0,5.0,1.25,0.65,False,72,True,48,360,1.75,0.9,0.25,6,1.6270040347488144,1.3766102720019457,2.49879601003532,0.32566141169493945,4.257900016547312,0.7388114963454588,0.48829027515314505,1.3766102720019457,2.1624486932860645,-0.2956669905739988,89.0,0.43820224719101125,52579.000165473124,4.104406693057735,0.3483879769069502,250.2557594724258,201.0,4.113639608104527,1.2604943848183363,0.5715421276907222,1.7022716836968852,3.0798638658615616,-0.3669473867673777,73.0,0.3835616438356164,51136.39608104527,4.994827378062632,0.6044843282276698,293.0025166557917,182.0,25.887005780069686,0.9311552697110284,0.5231510554499372,1.5147333943493662,2.532247086138613,-0.3669473867673775,162.0,0.41358024691358025,268870.0578006969,4.994827378062632,0.45085455206592456,543.2582761282174,383.0
30,120,20,14,27.0,18.0,0.15,14,27.0,52.0,24,2.0,2.2,18,1.0,5.0,1.25,0.65,False,72,True,48,360,1.75,1.1,0.25,6,1.6270040347488144,1.3766102720019457,2.49879601003532,0.32566141169493945,4.257900016547312,0.7388114963454588,0.48829027515314505,1.3766102720019457,2.1624486932860645,-0.2956669905739988,89.0,0.43820224719101125,52579.000165473124,4.104406693057735,0.3483879769069502,250.2557594724258,201.0,4.113639608104527,1.2604943848183363,0.5715421276907222,1.7022716836968852,3.0798638658615616,-0.3669473867673777,73.0,0.3835616438356164,51136.39608104527,4.994827378062632,0.6044843282276698,293.0025166557917,182.0,25.887005780069686,0.9311552697110284,0.5231510554499372,1.5147333943493662,2.532247086138613,-0.3669473867673775,162.0,0.41358024691358025,268870.0578006969,4.994827378062632,0.45085455206592456,543.2582761282174,383.0
30,120,20,14,27.0,18.0,0.15,14,27.0,52.0,24,2.0,2.2,18,1.0,5.0,1.25,0.65,False,72,True,48,360,1.5,0.9,0.0,18,1.6268361402055371,1.3409347245916168,2.3936482469340405,0.5211928185924943,3.9808692015422764,0.7077227736637168,0.48758187342000775,1.3409347245916168,2.103253282517828,-0.29566699057399926,89.0,0.42696629213483145,49808.69201542276,4.104406693057735,0.3477288008142459,246.9178503706959,197.0,5.955586039723267,1.6361782299542682,0.6185638517832878,1.8621275431841111,3.507734032602262,-0.34350501000640576,80.0,0.3875,69555.86039723267,4.994827378062632,0.6377710214734192,299.58246843624215,182.0,33.644864283935085,1.031559036201382,0.5437591167714726,1.5686997783916787,2.6816146151981157,-0.3435050100064061,169.0,0.40828402366863903,346448.64283935085,4.994827378062632,0.4637774397315178,546.5003188069381,379.0
30,120,20,14,27.0,18.0,0.15,14,27.0,52.0,24,2.0,2.2,18,1.0,5.0,1.25,0.65,False,72,True,48,360,1.5,1.1,0.0,18,1.6268361402055371,1.3409347245916168,2.3936482469340405,0.5211928185924943,3.9808692015422764,0.7077227736637168,0.48758187342000775,1.3409347245916168,2.103253282517828,-0.29566699057399926,89.0,0.42696629213483145,49808.69201542276,4.104406693057735,0.3477288008142459,246.9178503706959,197.0,5.955586039723267,1.6361782299542682,0.6185638517832878,1.8621275431841111,3.507734032602262,-0.34350501000640576,80.0,0.3875,69555.86039723267,4.994827378062632,0.6377710214734192,299.58246843624215,182.0,33.644864283935085,1.031559036201382,0.5437591167714726,1.5686997783916787,2.6816146151981157,-0.3435050100064061,169.0,0.40828402366863903,346448.64283935085,4.994827378062632,0.4637774397315178,546.5003188069381,379.0
30,120,20,14,27.0,18.0,0.15,14,27.0,52.0,24,2.0,2.2,18,1.0,5.0,1.25,0.65,False,72,True,48,360,1.25,1.1,0.5,36,1.6263934623631646,1.3316076486485757,2.3660039893344007,0.5899855864598171,3.9096873454684076,0.6995492792125781,0.48729478865406295,1.3316076486485757,2.0870060293432626,-0.2956669905739989,89.0,0.43820224719101125,49096.87345468407,4.104406693057735,0.3483305895772117,245.5061093347509,201.0,6.505846149984638,1.7384208581363647,0.6195218182627958,1.9215932351083929,3.625019825877283,-0.34622924961335244,73.0,0.3835616438356164,75058.46149984638,4.994827378062632,0.6411768776806143,274.66648169910184,168.0,35.851357859612335,1.0567933567068764,0.5440454815839969,1.5908399765575778,2.7204910814220336,-0.34622924961335155,162.0,0.41358024691358025,368513.5785961233,4.994827378062632,0.4655011624308445,520.1725910338527,369.0
30,120,20,14,27.0,18.0,0.15,14,27.0,52.0,24,2.0,2.2,18,1.0,5.0,1.25,0.65,False,72,True,24,180,1.25,0.9,0.75,36,1.6263474462531096,1.3388105155788579,2.318644066982901,0.5775729390277207,3.9671633177053236,0.7061550706631203,0.487718344309549,1.3388105155788579,2.099927822607747,-0.30455518409170645,89.0,0.43820224719101125,49671.633177053234,4.104406693057735,0.3482198220392359,244.47504330480373,199.0,6.429234397749595,1.7244159331476352,0.618034731041389,1.9163834546065786,3.6253078348346275,-0.3360162470572813,73.0,0.3835616438356164,74292.34397749596,4.994827378062632,0.6412243213924812,274.3252929402184,169.0,35.90222057913628,1.0573606248384375,0.5435953072904268,1.5921837240282215,2.7264142704061847,-0.3360162470572817,162.0,0.41358024691358025,369022.20579136274,4.994827378062632,0.46545369671204506,518.800336245022,368.0
30,120,20,14,27.0,18.0,0.15,14,27.0,52.0,24,2.0,2.2,18,1.0,5.0,1.25,0.65,False,72,True,48,360,1.5,0.9,0.0,36,1.625975046475121,1.3278328125520558,2.3574504585042484,0.5894065074228807,3.8878008542784217,0.6970202824932459,0.4877020042589159,1.3278328125520558,2.0829827542066544,-0.29566699057399926,87.0,0.42528735632183906,48878.00854278422,4.104406693057735,0.34799085146788783,243.97510085275857,193.0,6.472869980875165,1.7324014938447507,0.6199077257730657,1.9172393199749365,3.6135086365500824,-0.33955304387375806,71.0,0.39436619718309857,74728.69980875165,4.994827378062632,0.6422039759294806,274.85151594352845,164.0,35.52590027643316,1.053148649541372,0.5444399670577809,1.5868180190572185,2.7138829410887713,-0.3395530438737574,158.0,0.41139240506329117,365259.00276433164,4.994827378062632,0.46570830849110856,518.826616796287,357.0
30,120,20,14,27.0,18.0,0.15,14,27.0,52.0,24,2.0,2.2,18,1.0,5.0,1.25,0.65,False,72,True,48,360,1.5,1.1,0.0,36,1.625975046475121,1.3278328125520558,2.3574504585042484,0.5894065074228807,3.8878008542784217,0.6970202824932459,0.4877020042589159,1.3278328125520558,2.0829827542066544,-0.29566699057399926,87.0,0.42528735632183906,48878.00854278422,4.104406693057735,0.34799085146788783,243.97510085275857,193.0,6.472869980875165,1.7324014938447507,0.6199077257730657,1.9172393199749365,3.6135086365500824,-0.33955304387375806,71.0,0.39436619718309857,74728.69980875165,4.994827378062632,0.6422039759294806,274.85151594352845,164.0,35.52590027643316,1.053148649541372,0.5444399670577809,1.5868180190572185,2.7138829410887713,-0.3395530438737574,158.0,0.41139240506329117,365259.00276433164,4.994827378062632,0.46570830849110856,518.826616796287,357.0
30,120,20,14,27.0,18.0,0.15,14,27.0,52.0,24,2.0,2.2,18,1.0,5.0,1.25,0.65,False,72,True,12,180,1.5,0.9,0.0,36,1.6257488648040899,1.3270102605780412,2.227181651708441,0.6219111889073003,3.881764316436488,0.6963214291362236,0.48768928373755666,1.3270102605780412,2.0818160495593543,-0.31264689550674274,85.0,0.4117647058823529,48817.64316436488,4.104406693057735,0.3464181121131424,241.9944710995728,189.0,6.679827024724933,1.7699620220162573,0.6153649716613642,1.9489214494853415,3.703495391464374,-0.3079444080020427,66.0,0.3939393939393939,76798.27024724933,4.994827378062632,0.6362872906766925,261.4743252506215,154.0,36.49110552570678,1.0638832857347698,0.5423690275138348,1.6003708610300842,2.7449989463930176,-0.31957559292809345,151.0,0.40397350993377484,374911.0552570678,4.994827378062632,0.46239751524940687,503.46879635019434,343.0
30,120,20,14,27.0,18.0,0.15,14,27.0,52.0,24,2.0,2.2,18,1.0,5.0,1.25,0.65,False,72,True,12,360,1.75,0.9,0.0,18,1.6256541260324997,1.336355056229862,2.380685732926336,0.5220209924806034,3.9474066556368967,0.7038901861567841,0.4875666491838925,1.336355056229862,2.096002707471878,-0.2956669905739987,88.0,0.42045454545454547,49474.06655636897,4.104406693057735,0.3476670188061911,246.10529340075846,195.0,5.922539420931199,1.6299112695555116,0.6185211977197111,1.8583760487104655,3.497336995116174,-0.33955304387375806,74.0,0.3783783783783784,69225.39420931198,4.994827378062632,0.6391441636852576,283.007783058715,170.0,33.24861760502362,1.0268919727733086,0.5437315048904128,1.5645278753561442,2.673325740745129,-0.3395530438737584,162.0,0.4012345679012346,342486.17605023616,4.994827378062632,0.4642897844912473,529.1130764594735,365.0
30,120,20,14,27.0,18.0,0.15,14,27.0,52.0,24,2.0,2.2,18,1.0,5.0,1.25,0.65,False,72,True,12,360,1.75,1.1,0.0,18,1.6256541260324997,1.336355056229862,2.380685732926336,0.5220209924806034,3.9474066556368967,0.7038901861567841,0.4875666491838925,1.336355056229862,2.096002707471878,-0.2956669905739987,88.0,0.42045454545454547,49474.06655636897,4.104406693057735,0.3476670188061911,246.10529340075846,195.0,5.922539420931199,1.6299112695555116,0.6185211977197111,1.8583760487104655,3.497336995116174,-0.33955304387375806,74.0,0.3783783783783784,69225.39420931198,4.994827378062632,0.6391441636852576,283.007783058715,170.0,33.24861760502362,1.0268919727733086,0.5437315048904128,1.5645278753561442,2.673325740745129,-0.3395530438737584,162.0,0.4012345679012346,342486.17605023616,4.994827378062632,0.4642897844912473,529.1130764594735,365.0
30,120,20,14,27.0,18.0,0.15,14,27.0,52.0,24,2.0,2.2,18,1.0,5.0,1.25,0.65,False,72,True,24,180,1.75,0.9,0.5,6,1.6254556569986338,1.390102802950037,2.4096668758555464,0.34028928161002225,4.022429081011862,0.71245895347006,0.4629710003290959,1.390102802950037,2.2688690344477154,-0.29566699057399926,89.0,0.43820224719101125,50224.29081011862,4.104406693057735,0.3382726891975732,250.1708111704024,204.0,4.285821494455746,1.2982186276459577,0.5719512300886522,1.7303920845600593,3.1316734549680088,-0.3542774365263519,73.0,0.3835616438356164,52858.21494455746,4.994827378062632,0.6068519736272732,288.48892569471684,182.0,25.547663590792055,0.9262573942829513,0.5093433163733408,1.5352838251097618,2.6318305498704917,-0.35427743652635246,162.0,0.41358024691358025,265476.63590792054,4.994827378062632,0.4457338040952802,538.6597368651193,386.0
30,120,20,14,27.0,18.0,0.15,14,27.0,52.0,24,2.0,2.2,18,1.0,5.0,1.25,0.65,False,72,True,24,180,1.75,1.1,0.5,6,1.6254556569986338,1.390102802950037,2.4096668758555464,0.34028928161002225,4.022429081011862,0.71245895347006,0.4629710003290959,1.390102802950037,2.2688690344477154,-0.29566699057399926,89.0,0.43820224719101125,50224.29081011862,4.104406693057735,0.3382726891975732,250.1708111704024,204.0,4.285821494455746,1.2982186276459577,0.5719512300886522,1.7303920845600593,3.1316734549680088,-0.3542774365263519,73.0,0.3835616438356164,52858.21494455746,4.994827378062632,0.6068519736272732,288.48892569471684,182.0,25.547663590792055,0.9262573942829513,0.5093433163733408,1.5352838251097618,2.6318305498704917,-0.35427743652635246,162.0,0.41358024691358025,265476.63590792054,4.994827378062632,0.4457338040952802,538.6597368651193,386.0
30,120,20,14,27.0,18.0,0.15,14,27.0,52.0,24,2.0,2.2,18,1.0,5.0,1.25,0.65,False,72,True,24,180,1.5,0.9,0.25,36,1.6249271239804555,1.3344944635973852,2.376193652744711,0.5774840577308384,3.935845479422021,0.7025620263280696,0.48771391897401134,1.3344944635973852,2.093507907646853,-0.29566699057400025,89.0,0.43820224719101125,49358.454794220204,4.104406693057735,0.3482452668225058,243.8078708161327,198.0,6.418982956214795,1.722536459973023,0.619630431235135,1.9119785213282237,3.606226940624541,-0.3528911260769325,73.0,0.3835616438356164,74189.82956214795,4.994827378062632,0.6417791439862055,276.2757191369161,168.0,35.61895348634166,1.0541933696962218,0.5443193278561035,1.5879810723614467,2.7166614181207343,-0.35289112607693274,162.0,0.41358024691358025,366189.53486341663,4.994827378062632,0.4656909505699959,520.0835899530488,366.0
30,120,20,14,27.0,18.0,0.15,14,27.0,52.0,24,2.0,2.2,18,1.0,5.0,1.25,0.65,False,72,True,48,180,1.75,0.9,0.5,6,1.6244216401012346,1.3892388007204342,2.4075319944578752,0.3411532838396252,4.016876889867141,0.7118277395119785,0.46300543747141454,1.3892388007204342,2.2673992908910683,-0.29566699057399937,89.0,0.43820224719101125,50168.768898671406,4.104406693057735,0.3385980380757461,249.32428527059974,201.0,4.285821494455746,1.2982186276459577,0.5719512300886522,1.7303920845600593,3.1316734549680088,-0.3542774365263519,73.0,0.3835616438356164,52858.21494455746,4.994827378062632,0.6068519736272732,288.48892569471684,182.0,25.518315699498064,0.9258314543542094,0.5093621183624982,1.534812421933066,2.6309781766963236,-0.35427743652635213,162.0,0.41358024691358025,265183.15699498064,4.994827378062632,0.4459289778065432,537.8132109653166,383.0
30,120,20,14,27.0,18.0,0.15,14,27.0,52.0,24,2.0,2.2,18,1.0,5.0,1.25,0.65,False,72,True,48,180,1.75,1.1,0.5,6,1.6244216401012346,1.3892388007204342,2.4075319944578752,0.3411532838396252,4.016876889867141,0.7118277395119785,0.46300543747141454,1.3892388007204342,2.2673992908910683,-0.29566699057399937,89.0,0.43820224719101125,50168.768898671406,4.104406693057735,0.3385980380757461,249.32428527059974,201.0,4.285821494455746,1.2982186276459577,0.5719512300886522,1.7303920845600593,3.1316734549680088,-0.3542774365263519,73.0,0.3835616438356164,52858.21494455746,4.994827378062632,0.6068519736272732,288.48892569471684,182.0,25.518315699498064,0.9258314543542094,0.5093621183624982,1.534812421933066,2.6309781766963236,-0.35427743652635213,162.0,0.41358024691358025,265183.15699498064,4.994827378062632,0.4459289778065432,537.8132109653166,383.0
30,120,20,14,27.0,18.0,0.15,14,27.0,52.0,24,2.0,2.2,18,1.0,5.0,1.25,0.65,False,72,True,24,360,1.5,0.9,0.0,36,1.6241916016884725,1.3232538887711063,2.3445691820333674,0.6183917566166859,3.8549635614597353,0.6932117142443488,0.4876867706297317,1.3232538887711063,2.075733010935335,-0.29566699057399926,86.0,0.4186046511627907,48549.635614597355,4.104406693057735,0.3479290694598329,243.16254388282113,191.0,6.691025040634508,1.771979816990604,0.6193366284517942,1.9416456453877922,3.66337764148236,-0.3395530438737594,69.0,0.4057971014492754,76910.25040634508,4.994827378062632,0.6395106671434523,270.7240145614529,160.0,36.33964632255497,1.0622135534591672,0.5441735315893065,1.5954186146500624,2.7296427516212547,-0.33955304387375795,155.0,0.4129032258064516,373396.4632255497,4.994827378062632,0.4645936277010622,513.886558444274,351.0
30,120,20,14,27.0,18.0,0.15,14,27.0,52.0,24,2.0,2.2,18,1.0,5.0,1.25,0.65,False,72,True,24,360,1.5,1.1,0.0,36,1.6241916016884725,1.3232538887711063,2.3445691820333674,0.6183917566166859,3.8549635614597353,0.6932117142443488,0.4876867706297317,1.3232538887711063,2.075733010935335,-0.29566699057399926,86.0,0.4186046511627907,48549.635614597355,4.104406693057735,0.3479290694598329,243.16254388282113,191.0,6.691025040634508,1.771979816990604,0.6193366284517942,1.9416456453877922,3.66337764148236,-0.3395530438737594,69.0,0.4057971014492754,76910.25040634508,4.994827378062632,0.6395106671434523,270.7240145614529,160.0,36.33964632255497,1.0622135534591672,0.5441735315893065,1.5954186146500624,2.7296427516212547,-0.33955304387375795,155.0,0.4129032258064516,373396.4632255497,4.994827378062632,0.4645936277010622,513.886558444274,351.0
30,120,20,14,27.0,18.0,0.15,14,27.0,52.0,24,2.0,2.2,18,1.0,5.0,1.25,0.65,False,72,True,12,360,1.5,1.1,0.75,18,1.622480462328318,1.3409017062416553,2.3742876436288274,0.5275725401203231,3.9694705171220335,0.7064191738734789,0.4867116610664561,1.3409017062416553,2.1019554557340587,-0.29752889283195605,89.0,0.43820224719101125,49694.70517122033,4.104406693057735,0.34749430786840657,247.9126415977852,207.0,6.014707341045526,1.6473529475115383,0.6188118896910559,1.8684742463619783,3.5163183400950153,-0.34968813064572635,73.0,0.3835616438356164,70147.07341045525,4.994827378062632,0.6405302863854502,280.59097003591705,179.0,33.859381317565116,1.0340678624865305,0.5434048257401782,1.5716480879209689,2.6851280023661053,-0.3496881306457269,162.0,0.41358024691358025,348593.8131756511,4.994827378062632,0.46474077765273003,528.5036116337022,386.0
30,120,20,14,27.0,18.0,0.15,14,27.0,52.0,24,2.0,2.2,18,1.0,5.0,1.25,0.65,False,72,True,48,360,1.5,0.9,0.0,6,1.6224671389214853,1.4172875731520402,2.4672893343346556,0.20862949475977666,4.173839800804545,0.7294960123580541,0.46013308996522745,1.4172875731520402,2.324162746857677,-0.2956669905739995,93.0,0.43010752688172044,51738.39800804546,4.104406693057735,0.3366115062148375,254.74116759485386,205.0,3.682695859977807,1.1631920041302841,0.5712165943485628,1.625917067911817,2.93767568400013,-0.4067699594707588,86.0,0.4069767441860465,46826.95859977807,4.994827378062632,0.5963009022278202,314.2007204138971,194.0,23.22751821541577,0.8913564286235873,0.5074629146397363,1.5030468106046724,2.581815552222655,-0.40676995947075845,179.0,0.41899441340782123,242275.1821541577,4.994827378062632,0.4405156925779958,568.941888008751,399.0
30,120,20,14,27.0,18.0,0.15,14,27.0,52.0,24,2.0,2.2,18,1.0,5.0,1.25,0.65,False,72,True,48,360,1.5,1.1,0.0,6,1.6224671389214853,1.4172875731520402,2.4672893343346556,0.20862949475977666,4.173839800804545,0.7294960123580541,0.46013308996522745,1.4172875731520402,2.324162746857677,-0.2956669905739995,93.0,0.43010752688172044,51738.39800804546,4.104406693057735,0.3366115062148375,254.74116759485386,205.0,3.682695859977807,1.1631920041302841,0.5712165943485628,1.625917067911817,2.93767568400013,-0.4067699594707588,86.0,0.4069767441860465,46826.95859977807,4.994827378062632,0.5963009022278202,314.2007204138971,194.0,23.22751821541577,0.8913564286235873,0.5074629146397363,1.5030468106046724,2.581815552222655,-0.40676995947075845,179.0,0.41899441340782123,242275.1821541577,4.994827378062632,0.4405156925779958,568.941888008751,399.0
30,120,20,14,27.0,18.0,0.15,14,27.0,52.0,24,2.0,2.2,18,1.0,5.0,1.25,0.65,False,72,True,12,360,1.75,0.9,0.0,36,1.6223830351810582,1.3232538887711063,2.3445691820333674,0.6089793499988474,3.8549635614597353,0.6932117142443488,0.4876867706297317,1.3232538887711063,2.075733010935335,-0.29566699057399926,86.0,0.4186046511627907,48549.635614597355,4.104406693057735,0.3479290694598329,243.16254388282113,191.0,6.604136318226736,1.756284376078006,0.6194525463765564,1.9322332387699537,3.645561042456172,-0.3395530438737584,70.0,0.4,76041.36318226736,4.994827378062632,0.6407853836207198,271.74054301041565,162.0,35.917804741363305,1.057534308643398,0.5442256795558817,1.5911452187963266,2.7223199648848406,-0.3395530438737584,156.0,0.41025641025641024,369178.04741363303,4.994827378062632,0.4651036538340028,514.9030868932367,353.0
30,120,20,14,27.0,18.0,0.15,14,27.0,52.0,24,2.0,2.2,18,1.0,5.0,1.25,0.65,False,72,True,48,90,1.25,0.9,0.75,36,1.6215315822010168,1.3443696348210066,2.3366553197356397,0.5625329148851448,4.00459879609051,0.7104302198648207,0.48747137881000546,1.3443696348210066,2.1094596939707957,-0.3040372338463664,89.0,0.43820224719101125,50045.9879609051,4.104406693057735,0.34820064247084265,244.61069197185708,199.0,6.375788049062839,1.7146029099252451,0.6198082389346073,1.9069025497061514,3.594972029857848,-0.35289112607693274,73.0,0.3835616438356164,73757.88049062839,4.994827378062632,0.6421697610212691,277.5770734912318,168.0,35.912859990558474,1.0574792062840093,0.5442692033287349,1.5910134666680316,2.721818912864498,-0.3528911260769325,162.0,0.41358024691358025,369128.59990558476,4.994827378062632,0.4658204704184955,522.1877654630888,367.0
30,120,20,14,27.0,18.0,0.15,14,27.0,52.0,24,2.0,2.2,18,1.0,5.0,1.25,0.65,False,72,True,12,360,1.5,1.1,0.25,36,1.620878234508273,1.3384720419533087,2.3238004580463514,0.5632539359216993,3.964749868430494,0.7058787175831247,0.4877211378493615,1.3384720419533087,2.0999241292492448,-0.3037604692515492,89.0,0.43820224719101125,49647.49868430494,4.104406693057735,0.34791338114693826,243.74921519072345,199.0,6.317198787253944,1.7038046640882545,0.6192034022972447,1.901725977875008,3.585899568109133,-0.3428929238987273,73.0,0.3835616438356164,73171.98787253944,4.994827378062632,0.6401171040621746,272.27003264623755,170.0,35.32806171629887,1.0509203952666653,0.5441278246498124,1.5854214242776923,2.7119432486167403,-0.3428929238987264,162.0,0.41358024691358025,363280.6171629887,4.994827378062632,0.46482685758428793,516.019247836961,369.0
30,120,20,14,27.0,18.0,0.15,14,27.0,52.0,24,2.0,2.2,18,1.0,5.0,1.25,0.65,False,72,True,12,360,1.5,0.9,0.5,36,1.6206033314582202,1.3383390913400104,2.3283702314424697,0.5721863928472355,3.964355163900408,0.7058335132448126,0.4877649148006037,1.3383390913400104,2.099742228009817,-0.3031448795012017,89.0,0.43820224719101125,49643.55163900408,4.104406693057735,0.3479812139546684,244.57802951642714,199.0,6.399442872869354,1.7189504293463727,0.6193088288515862,1.9105254841872459,3.602890665349586,-0.346229249613351,73.0,0.3835616438356164,73994.42872869354,4.994827378062632,0.6408741899036425,273.67885183801695,169.0,35.73346243591503,1.0554760650889632,0.5441999514532316,1.5893579331044563,2.718842812234771,-0.34622924961335133,162.0,0.41358024691358025,367334.6243591503,4.994827378062632,0.46517046705740517,518.2568813544441,368.0
30,120,20,14,27.0,18.0,0.15,14,27.0,52.0,24,2.0,2.2,18,1.0,5.0,1.25,0.65,False,72,True,48,180,1.25,1.1,0.25,36,1.6202002072101476,1.3237844849934701,2.346087093662157,0.6079687942372758,3.8588253940386092,0.6936605106075908,0.4876949983332557,1.3237844849934701,2.076230626524721,-0.2956669905739995,89.0,0.43820224719101125,48588.253940386094,4.104406693057735,0.34808847742576265,243.88668976885893,199.0,6.598279631150619,1.7552232140220894,0.619385607975475,1.931753279230746,3.644939559853143,-0.3428929238987277,73.0,0.3835616438356164,75982.79631150619,4.994827378062632,0.6403437724120333,272.6952481302773,168.0,35.91871402284091,1.0575444406760308,0.5441995492876506,1.5912052334746718,2.722245193529256,-0.34289292389872705,162.0,0.41358024691358025,369187.1402284091,4.994827378062632,0.46502258833707283,516.5819378991362,367.0
30,120,20,14,27.0,18.0,0.15,14,27.0,52.0,24,2.0,2.2,18,1.0,5.0,1.25,0.65,False,72,True,12,180,1.5,1.1,0.25,36,1.6199055400328952,1.3231649044508047,2.2487251959652284,0.6054390934079816,3.8543124313720387,0.6931360208138178,0.4876868648701261,1.3231649044508047,2.075520372891431,-0.30823509340201993,89.0,0.42696629213483145,48543.124313720386,4.104406693057735,0.34774762365818157,243.66431571991384,199.0,6.497630497117574,1.7369224385605562,0.6157504620659244,1.9286039978587863,3.6632733086689657,-0.3112729083562076,73.0,0.3835616438356164,74976.30497117573,4.994827378062632,0.6382783004361784,266.7677344129018,170.0,35.39584092799197,1.0516848829433498,0.5425416063429759,1.5891139193663635,2.72509550355437,-0.31520826293190796,162.0,0.4074074074074074,363958.4092799197,4.994827378062632,0.46399169849382244,510.4320501328156,369.0
30,120,20,14,27.0,18.0,0.15,14,27.0,52.0,24,2.0,2.2,18,1.0,5.0,1.25,0.65,False,72,True,24,90,1.5,0.9,0.5,18,1.6196596973094466,1.3581153628809794,2.3142298631028067,0.5164221356442884,4.114371253544398,0.7228446420966312,0.4880731640871273,1.3581153628809794,2.132361479935524,-0.3123478154099508,89.0,0.43820224719101125,51143.712535443985,4.104406693057735,0.3477150310104923,247.1322615625776,199.0,6.065279482038284,1.6568744284601666,0.6186817732069853,1.8745374985252679,3.5285965108229957,-0.3528911260769323,73.0,0.3835616438356164,70652.79482038284,4.994827378062632,0.640105053090561,280.88789073442877,172.0,35.134462281193564,1.0487304674984959,0.5440769452976848,1.5835616690072567,2.7075384837562013,-0.35289112607693207,162.0,0.41358024691358025,361344.6228119356,4.994827378062632,0.4647030475077721,528.0201522970063,371.0
30,120,20,14,27.0,18.0,0.15,14,27.0,52.0,24,2.0,2.2,18,1.0,5.0,1.25,0.65,False,72,True,12,360,1.5,0.9,0.75,18,1.6193256426724079,1.3396848819307017,2.3609877271502877,0.5352953291682734,3.9606428506785782,0.7054082357336682,0.4867113805179579,1.3396848819307017,2.1000519667746302,-0.29877674823201894,89.0,0.43820224719101125,49606.42850678578,4.104406693057735,0.34738771728559115,247.94359822590627,207.0,6.070353274040531,1.6578278132855884,0.6187497389402596,1.874980211098975,3.5291622517091223,-0.34968813064572635,73.0,0.3835616438356164,70703.53274040531,4.994827378062632,0.6404053513459822,280.0430049528109,178.0,34.07349742064096,1.0365597124806927,0.5433768250057959,1.5739531393230797,2.6892521138501237,-0.3496881306457267,162.0,0.41358024691358025,350734.97420640965,4.994827378062632,0.46462684727910286,527.9866031787172,385.0
30,120,20,14,27.0,18.0,0.15,14,27.0,52.0,24,2.0,2.2,18,1.0,5.0,1.25,0.65,False,72,True,12,90,1.5,0.9,0.25,36,1.6192966430856774,1.3234226363775254,2.251266089036524,0.5986483190172711,3.856690817104398,0.6934124737558249,0.4877309194474887,1.3234226363775254,2.0760534862019417,-0.3080100025193313,89.0,0.42696629213483145,48566.90817104398,4.104406693057735,0.34737638545963984,243.74267190149087,200.0,6.440061144546665,1.726399473299813,0.6158818060110677,1.9220709553947966,3.6501910934032664,-0.3112729083562076,73.0,0.3835616438356164,74400.61144546665,4.994827378062632,0.6390462636327551,267.9070225586553,170.0,35.13407663941501,1.0487260958980835,0.5426245555961517,1.586294731639812,2.720151361169102,-0.31498544102364934,162.0,0.4074074074074074,361340.7663941501,4.994827378062632,0.46407626556065085,511.6496944601462,370.0
30,120,20,14,27.0,18.0,0.15,14,27.0,52.0,24,2.0,2.2,18,1.0,5.0,1.25,0.65,False,72,True,24,180,1.5,0.9,0.5,18,1.6188751712497371,1.3542630235336883,2.327692165006184,0.5203726150810881,3.8121632568018393,0.6882217374100577,0.46564332166461986,1.3542630235336883,2.1983937825743594,-0.29566699057400025,89.0,0.43820224719101125,48121.632568018395,4.104406693057735,0.3433535747644904,247.33096971877913,201.0,6.067358090191894,1.6572650482421567,0.6187504748048361,1.8746356386147764,3.528628638655552,-0.3542667082079808,73.0,0.3835616438356164,70673.58090191895,4.994827378062632,0.6401235571306425,282.19303369023714,175.0,33.009280924282535,1.024052056091198,0.5321900533906385,1.582716990748676,2.7668459632709066,-0.35426670820798145,162.0,0.41358024691358025,340092.8092428254,4.994827378062632,0.4620940548464046,529.5240034090162,376.0
30,120,20,14,27.0,18.0,0.15,14,27.0,52.0,24,2.0,2.2,18,1.0,5.0,1.25,0.65,False,72,True,24,180,1.5,1.1,0.5,18,1.6188751712497371,1.3542630235336883,2.327692165006184,0.5203726150810881,3.8121632568018393,0.6882217374100577,0.46564332166461986,1.3542630235336883,2.1983937825743594,-0.29566699057400025,89.0,0.43820224719101125,48121.632568018395,4.104406693057735,0.3433535747644904,247.33096971877913,201.0,6.067358090191894,1.6572650482421567,0.6187504748048361,1.8746356386147764,3.528628638655552,-0.3542667082079808,73.0,0.3835616438356164,70673.58090191895,4.994827378062632,0.6401235571306425,282.19303369023714,175.0,33.009280924282535,1.024052056091198,0.5321900533906385,1.582716990748676,2.7668459632709066,-0.35426670820798145,162.0,0.41358024691358025,340092.8092428254,4.994827378062632,0.4620940548464046,529.5240034090162,376.0
30,120,20,14,27.0,18.0,0.15,14,27.0,52.0,24,2.0,2.2,18,1.0,5.0,1.25,0.65,False,72,True,48,90,1.25,1.1,0.25,36,1.618782778034102,1.3417300884872876,2.3329306604953404,0.5649194716946024,3.989005976896606,0.7086521121633891,0.48776109588682615,1.3417300884872876,2.105199090870112,-0.3037604692515483,89.0,0.43820224719101125,49890.05976896606,4.104406693057735,0.34783019484694955,243.79562162771217,199.0,6.369823227804137,1.7135055349204218,0.6196150078493335,1.90664956018189,3.595616783843406,-0.3528911260769325,73.0,0.3835616438356164,73698.23227804137,4.994827378062632,0.6410639249838379,276.56955210778153,169.0,35.76809213218618,1.0558633466475698,0.5443369213821861,1.5894399590535284,2.719196375974542,-0.3528911260769325,162.0,0.41358024691358025,367680.92132186185,4.994827378062632,0.46515578692689774,520.3651737354936,368.0
30,120,20,14,27.0,18.0,0.15,14,27.0,52.0,24,2.0,2.2,18,1.0,5.0,1.25,0.65,False,72,True,24,90,1.5,0.9,0.5,36,1.6181136954138382,1.3530690469158433,2.301412724646555,0.5474201344523635,4.078798270887256,0.7188412369000132,0.48822863189354393,1.3530690469158433,2.1248707131143645,-0.3123478154099504,89.0,0.43820224719101125,50787.98270887256,4.104406693057735,0.3479972643297288,245.7020672727683,198.0,6.321951344376082,1.7046821883805996,0.6200556098271554,1.9004891813682068,3.5808546025142007,-0.3528911260769323,73.0,0.3835616438356164,73219.51344376082,4.994827378062632,0.6428430882177761,278.6089488367507,168.0,36.18671382733771,1.0605220720372852,0.544787867649156,1.592722503570699,2.725069172044494,-0.35289112607693307,162.0,0.41358024691358025,371867.13827337715,4.994827378062632,0.46596787038455234,524.311016109519,366.0
30,120,20,14,27.0,18.0,0.15,14,27.0,52.0,24,2.0,2.2,18,1.0,5.0,1.25,0.65,False,72,True,12,90,1.25,0.9,0.75,6,1.618043961212685,1.3524514068438491,2.5470226060741097,0.3482221323348367,3.5478558094632104,0.6567318489161682,0.4455223108521887,1.3524514068438491,2.2281306169043043,-0.2578429603844119,89.0,0.43820224719101125,45478.558094632106,4.104406693057735,0.32417498287046215,257.73462663369463,248.0,3.98048507294967,1.2308830741818468,0.5607951334323388,1.7006735391786858,3.087953381875859,-0.3588113076858296,73.0,0.3835616438356164,49804.8507294967,4.994827378062632,0.5886354399678151,296.4321296638269,219.0,21.650527972958873,0.8660751384825114,0.49484125641650617,1.5014600851775386,2.5930010919364896,-0.3588113076858297,162.0,0.41358024691358025,226505.2797295887,4.994827378062632,0.4299881159510123,554.1667562975215,467.0
30,120,20,14,27.0,18.0,0.15,14,27.0,52.0,24,2.0,2.2,18,1.0,5.0,1.25,0.65,False,72,True,48,360,1.25,0.9,0.5,36,1.6180012238928103,1.3232780597711136,2.339756389398515,0.6220225551394514,3.842732506794465,0.6917887303297443,0.4866762188412398,1.3232780597711136,2.0742384060326833,-0.2956669905739988,89.0,0.43820224719101125,48427.32506794465,4.104406693057735,0.3477492102921522,245.355920486458,201.0,6.721061702909344,1.7773849425695682,0.6190947953930053,1.945300614910565,3.6750939524247013,-0.346229249613351,73.0,0.3835616438356164,77210.61702909344,4.994827378062632,0.6403306855978471,270.93553767747375,168.0,36.39103649564494,1.062780700722639,0.5435207540662461,1.5971917954622434,2.7334380739779824,-0.3462292496133512,162.0,0.41358024691358025,373910.36495644937,4.994827378062632,0.46481382903789,516.2914581639318,369.0
30,120,20,14,27.0,18.0,0.15,14,27.0,52.0,24,2.0,2.2,18,1.0,5.0,1.25,0.65,False,72,True,24,90,1.5,1.1,0.0,36,1.6174028801483056,1.3484103358957547,2.3137153620750754,0.5520788454724521,4.045713596944412,0.7151010539214278,0.48834107459367826,1.3484103358957547,2.1181573072006468,-0.30907045250375276,88.0,0.42045454545454547,50457.13596944412,4.104406693057735,0.34771886108184874,246.58193518323804,195.0,6.321951344376082,1.7046821883805996,0.6200556098271554,1.9004891813682068,3.5808546025142007,-0.3528911260769323,73.0,0.3835616438356164,73219.51344376082,4.994827378062632,0.6428430882177761,278.6089488367507,168.0,35.944469454483695,1.0578313479925394,0.5448485357694641,1.5902079406564331,2.721150376553394,-0.3528911260769324,161.0,0.40372670807453415,369444.69454483694,4.994827378062632,0.46580085891237033,525.1908840199887,363.0
30,120,20,14,27.0,18.0,0.15,14,27.0,52.0,24,2.0,2.2,18,1.0,5.0,1.25,0.65,False,72,True,12,180,1.25,1.1,0.75,18,1.617083219406531,1.3485356343532533,2.3414082708568076,0.5025468653175282,3.7511556057238833,0.681057604379909,0.4638477528285159,1.3485356343532533,2.1901239699429147,-0.2908752022690536,89.0,0.43820224719101125,47511.556057238835,4.104406693057735,0.3410656288869146,248.86200674840148,213.0,5.853105466371177,1.616694872977233,0.6181047862641502,1.8510824996707815,3.480938883624233,-0.349688130645726,73.0,0.3835616438356164,68531.05466371177,4.994827378062632,0.6392993102431029,279.71382501539824,181.0,31.560170453166428,1.0065072328256823,0.5309467974229787,1.5687930363553604,2.742462852158741,-0.34968813064572657,162.0,0.41358024691358025,325601.70453166426,4.994827378062632,0.4603917487946178,528.5758317637997,394.0
30,120,20,14,27.0,18.0,0.15,14,27.0,52.0,24,2.0,2.2,18,1.0,5.0,1.25,0.65,False,72,True,12,360,1.25,0.9,0.5,18,1.6166898867190724,1.3285333963445491,2.4178024100830786,0.4993638413828676,3.859216793548029,0.6937059831673447,0.48497700051398523,1.3285333963445491,2.0835651922837766,-0.28691591185216336,89.0,0.43820224719101125,48592.16793548029,4.104406693057735,0.3437777284015449,249.94679236156733,211.0,5.642805057855345,1.576251255480221,0.6170811019970998,1.8278972377274167,3.437128794174168,-0.3476189931298974,73.0,0.3835616438356164,66428.05057855345,4.994827378062632,0.6371816445696972,285.0677659951438,188.0,31.278829893396427,1.0030287963949696,0.5416825594804625,1.5465458506776009,2.6421924518845055,-0.34761899312989775,162.0,0.41358024691358025,322788.2989339643,4.994827378062632,0.46117141352410607,535.0145583567112,399.0
30,120,20,14,27.0,18.0,0.15,14,27.0,52.0,24,2.0,2.2,18,1.0,5.0,1.25,0.65,False,72,True,24,360,1.25,1.1,0.0,36,1.6162866529117053,1.3235334756242967,2.329973234007372,0.5939014425118212,3.8566256868811166,0.6934049045114956,0.48765995880224194,1.3235334756242967,2.0761919793610057,-0.2976020901831964,87.0,0.41379310344827586,48566.256868811164,4.104406693057735,0.34742271779078465,245.43227298735752,193.0,6.4579547316656525,1.7296745484289535,0.6190443678148222,1.9174349181361179,3.6159782004010097,-0.3395530438737584,68.0,0.39705882352941174,74579.54731665652,4.994827378062632,0.6388783815095406,268.74875483928315,158.0,35.22049452140393,1.0497047895138842,0.5440243460003008,1.5845287960708685,2.7103589397319845,-0.33955304387375784,155.0,0.4064516129032258,362204.9452140393,4.994827378062632,0.4640368886601939,514.1810278266407,351.0
30,120,20,14,27.0,18.0,0.15,14,27.0,52.0,24,2.0,2.2,18,1.0,5.0,1.25,0.65,False,72,True,48,90,1.75,0.9,0.0,6,1.6160765897736749,1.3922489595325822,2.417113940254888,0.30048023458523887,4.041828745886902,0.7146608045896239,0.46328251897117195,1.3922489595325822,2.2731747605743817,-0.29566699057399914,90.0,0.4444444444444444,50418.287458869025,4.104406693057735,0.33880018127739464,249.83658138569584,199.0,4.078161668460146,1.252642766700018,0.5733026328748843,1.692729194117821,3.060792404651085,-0.3732937338331712,77.0,0.38961038961038963,50781.61668460146,4.994827378062632,0.607024856329714,290.276430230637,176.0,24.603221476303332,0.9123570665461347,0.5101188543078666,1.5195285707442525,2.604462095968289,-0.37329373383317144,167.0,0.41916167664670656,256032.21476303332,4.994827378062632,0.44611941360538887,540.1130116163329,375.0
30,120,20,14,27.0,18.0,0.15,14,27.0,52.0,24,2.0,2.2,18,1.0,5.0,1.25,0.65,False,72,True,48,90,1.75,1.1,0.0,6,1.6160765897736749,1.3922489595325822,2.417113940254888,0.30048023458523887,4.041828745886902,0.7146608045896239,0.46328251897117195,1.3922489595325822,2.2731747605743817,-0.29566699057399914,90.0,0.4444444444444444,50418.287458869025,4.104406693057735,0.33880018127739464,249.83658138569584,199.0,4.078161668460146,1.252642766700018,0.5733026328748843,1.692729194117821,3.060792404651085,-0.3732937338331712,77.0,0.38961038961038963,50781.61668460146,4.994827378062632,0.607024856329714,290.276430230637,176.0,24.603221476303332,0.9123570665461347,0.5101188543078666,1.5195285707442525,2.604462095968289,-0.37329373383317144,167.0,0.41916167664670656,256032.21476303332,4.994827378062632,0.44611941360538887,540.1130116163329,375.0
30,120,20,14,27.0,18.0,0.15,14,27.0,52.0,24,2.0,2.2,18,1.0,5.0,1.25,0.65,False,72,True,24,360,1.5,0.9,0.25,18,1.6160340139832814,1.3307705158765566,2.3629780770829547,0.5583018284193448,3.9019372890512303,0.6986546168434498,0.4871559750930206,1.3307705158765566,2.0852131388777835,-0.2956669905739979,89.0,0.43820224719101125,49019.372890512306,4.104406693057735,0.34758364565936556,247.74706490071486,201.0,6.187718993232946,1.6797865261864184,0.6183575324055894,1.8890723442959014,3.5592043928706456,-0.3455579427154636,73.0,0.3835616438356164,71877.18993232946,4.994827378062632,0.6380410341217206,289.4103272666491,183.0,34.23374775615053,1.0384167299431901,0.543438424361916,1.5755121495584694,2.692104827816481,-0.345557942715465,162.0,0.41358024691358025,352337.4775615053,4.994827378062632,0.4637983971459455,537.1573921673639,384.0
30,120,20,14,27.0,18.0,0.15,14,27.0,52.0,24,2.0,2.2,18,1.0,5.0,1.25,0.65,False,72,True,24,360,1.5,1.1,0.25,18,1.6160340139832814,1.3307705158765566,2.3629780770829547,0.5583018284193448,3.9019372890512303,0.6986546168434498,0.4871559750930206,1.3307705158765566,2.0852131388777835,-0.2956669905739979,89.0,0.43820224719101125,49019.372890512306,4.104406693057735,0.34758364565936556,247.74706490071486,201.0,6.187718993232946,1.6797865261864184,0.6183575324055894,1.8890723442959014,3.5592043928706456,-0.3455579427154636,73.0,0.3835616438356164,71877.18993232946,4.994827378062632,0.6380410341217206,289.4103272666491,183.0,34.23374775615053,1.0384167299431901,0.543438424361916,1.5755121495584694,2.692104827816481,-0.345557942715465,162.0,0.41358024691358025,352337.4775615053,4.994827378062632,0.4637983971459455,537.1573921673639,384.0
30,120,20,14,27.0,18.0,0.15,14,27.0,52.0,24,2.0,2.2,18,1.0,5.0,1.25,0.65,False,72,True,12,360,1.25,1.1,0.0,36,1.6155206657256826,1.3365124006228113,2.181931990664925,0.5815159568448476,3.933822692789416,0.7023294333931147,0.4863840472247734,1.3365124006228113,2.0996351023040973,-0.321884200056614,86.0,0.4069767441860465,49338.22692789416,4.104406693057735,0.3462736983215545,245.29788636890447,191.0,6.388065893824449,1.7168603238223472,0.6151026144936695,1.9180283574676589,3.643045128896788,-0.3079444080020427,65.0,0.36923076923076925,73880.6589382445,4.994827378062632,0.6337089324660323,258.04572245398197,152.0,35.451407162774665,1.0523107701715846,0.5415438770767619,1.591594728045321,2.732134494329188,-0.32871978305424776,151.0,0.39072847682119205,364514.0716277466,4.994827378062632,0.4612792572485459,503.3436088228865,343.0
30,120,20,14,27.0,18.0,0.15,14,27.0,52.0,24,2.0,2.2,18,1.0,5.0,1.25,0.65,False,72,True,24,180,1.25,1.1,0.0,36,1.6152196430091235,1.3218079581908857,2.212265707424565,0.6143873877774328,3.845135338751332,0.6920684692836496,0.4877218919271754,1.3218079581908857,2.073740303265925,-0.3128324355257168,85.0,0.4117647058823529,48451.353387513314,4.104406693057735,0.34667414470202507,242.01013621931205,189.0,6.562353525569637,1.7487048585652456,0.6154627023817,1.9361953459683185,3.678413945343487,-0.3079444080020427,67.0,0.3880597014925373,75623.53525569636,4.994827378062632,0.6364402289603818,262.8158998751434,156.0,35.64062631086811,1.0544363882366583,0.5424303968778833,1.591795640552852,2.730082702182114,-0.3197592626555934,152.0,0.40131578947368424,366406.2631086811,4.994827378062632,0.4626122988305739,504.8260360944555,345.0
30,120,20,14,27.0,18.0,0.15,14,27.0,52.0,24,2.0,2.2,18,1.0,5.0,1.25,0.65,False,72,True,48,360,1.75,0.9,0.0,6,1.6136574659378433,1.3740626615710394,2.4914199588247263,0.29921893831601554,4.238139604819829,0.7366306414817057,0.4882783762645532,1.3740626615710394,2.158386380202669,-0.2956669905739999,91.0,0.43956043956043955,52381.396048198294,4.104406693057735,0.3481906520091513,251.2923940975459,201.0,3.94548266960408,1.2230336044052006,0.5714173293770254,1.673281599887055,3.0268110109443347,-0.37944292829300863,80.0,0.4,49454.8266960408,4.994827378062632,0.6021166828280669,297.5161076168665,182.0,24.905128636603216,0.916844521235666,0.523088906512034,1.5006364789501316,2.5084165154850844,-0.37944292829300796,171.0,0.42105263157894735,259051.28636603217,4.994827378062632,0.4497888613844262,548.8085017144124,383.0
30,120,20,14,27.0,18.0,0.15,14,27.0,52.0,24,2.0,2.2,18,1.0,5.0,1.25,0.65,False,72,True,48,360,1.75,1.1,0.0,6,1.6136574659378433,1.3740626615710394,2.4914199588247263,0.29921893831601554,4.238139604819829,0.7366306414817057,0.4882783762645532,1.3740626615710394,2.158386380202669,-0.2956669905739999,91.0,0.43956043956043955,52381.396048198294,4.104406693057735,0.3481906520091513,251.2923940975459,201.0,3.94548266960408,1.2230336044052006,0.5714173293770254,1.673281599887055,3.0268110109443347,-0.37944292829300863,80.0,0.4,49454.8266960408,4.994827378062632,0.6021166828280669,297.5161076168665,182.0,24.905128636603216,0.916844521235666,0.523088906512034,1.5006364789501316,2.5084165154850844,-0.37944292829300796,171.0,0.42105263157894735,259051.28636603217,4.994827378062632,0.4497888613844262,548.8085017144124,383.0
30,120,20,14,27.0,18.0,0.15,14,27.0,52.0,24,2.0,2.2,18,1.0,5.0,1.25,0.65,False,72,True,24,90,1.5,1.1,0.0,18,1.6135356932046967,1.351793591105784,2.32215072612216,0.5071975307155527,4.068760286961258,0.7177081757044934,0.48818785093375544,1.351793591105784,2.1229168514081427,-0.30907045250375254,89.0,0.42696629213483145,50687.60286961258,4.104406693057735,0.3467971856291968,248.64929044541873,197.0,5.9295146708255695,1.6312352997769635,0.6186198680911337,1.8589911218213366,3.498925884797854,-0.3528911260769323,75.0,0.37333333333333335,69295.14670825569,4.994827378062632,0.6398572794023974,283.0613615269988,172.0,34.124048771395834,1.0371462447095245,0.5441098291417007,1.5730788818282329,2.689735119551406,-0.3528911260769323,164.0,0.4024390243902439,351240.48771395837,4.994827378062632,0.4640533041558578,531.7106519724175,369.0
30,120,20,14,27.0,18.0,0.15,14,27.0,52.0,24,2.0,2.2,18,1.0,5.0,1.25,0.65,False,72,True,24,90,1.25,1.1,0.0,36,1.6120966303593605,1.317955526909011,2.21348477946454,0.6168846476793433,3.8166027165148915,0.6887406945151604,0.48761722584337125,1.317955526909011,2.067310728076251,-0.3111567338998249,86.0,0.4069767441860465,48166.02716514892,4.104406693057735,0.34707142819740294,242.9245153801256,191.0,6.549595632494382,1.746386367985687,0.615455288615339,1.9348401745883543,3.6760524288002494,-0.3079444080020427,67.0,0.3880597014925373,75495.95632494382,4.994827378062632,0.6367195360180019,262.7382106286102,156.0,35.36340283206149,1.0513191530609127,0.542370715439139,1.589114396363856,2.725312852796443,-0.31810045253634966,153.0,0.39869281045751637,363634.0283206149,4.994827378062632,0.4629623788360772,505.66272600873583,347.0
30,120,20,14,27.0,18.0,0.15,14,27.0,52.0,24,2.0,2.2,18,1.0,5.0,1.25,0.65,False,72,True,48,360,1.25,0.9,0.75,6,1.6120334562905174,1.374944096236887,2.4330688364856425,0.3215024338083343,3.797934331920744,0.6865562724527146,0.4540256792010158,1.374944096236887,2.248975391100714,-0.28217708523380114,89.0,0.43820224719101125,47979.34331920744,4.104406693057735,0.33363959332185494,252.79459486316108,232.0,4.009389428802155,1.2373442462824533,0.5654658325577184,1.6964465300452214,3.0651110273589155,-0.3527077192112896,73.0,0.3698630136986301,50093.894288021555,4.994827378062632,0.5988267896626139,297.14739163620493,221.0,23.034721522410685,0.8883375735505445,0.5015565193048984,1.5117545741425875,2.593520983184051,-0.3527077192112891,162.0,0.4074074074074074,240347.21522410685,4.994827378062632,0.4397435016552402,549.941986499366,453.0
30,120,20,14,27.0,18.0,0.15,14,27.0,52.0,24,2.0,2.2,18,1.0,5.0,1.25,0.65,False,72,True,48,360,1.25,1.1,0.75,6,1.6120334562905174,1.374944096236887,2.4330688364856425,0.3215024338083343,3.797934331920744,0.6865562724527146,0.4540256792010158,1.374944096236887,2.248975391100714,-0.28217708523380114,89.0,0.43820224719101125,47979.34331920744,4.104406693057735,0.33363959332185494,252.79459486316108,232.0,4.009389428802155,1.2373442462824533,0.5654658325577184,1.6964465300452214,3.0651110273589155,-0.3527077192112896,73.0,0.3698630136986301,50093.894288021555,4.994827378062632,0.5988267896626139,297.14739163620493,221.0,23.034721522410685,0.8883375735505445,0.5015565193048984,1.5117545741425875,2.593520983184051,-0.3527077192112891,162.0,0.4074074074074074,240347.21522410685,4.994827378062632,0.4397435016552402,549.941986499366,453.0
30,120,20,14,27.0,18.0,0.15,14,27.0,52.0,24,2.0,2.2,18,1.0,5.0,1.25,0.65,False,72,True,48,180,1.25,0.9,0.25,36,1.611755323381988,1.3185814983925406,2.3282987400641244,0.6131717808382053,3.8136971625570952,0.6884010816319925,0.4870049793481515,1.3185814983925406,2.0687465994461163,-0.2956669905739987,89.0,0.43820224719101125,48136.97162557095,4.104406693057735,0.34734987124591055,243.71409383351576,199.0,6.598279631150619,1.7552232140220894,0.619385607975475,1.931753279230746,3.644939559853143,-0.3428929238987277,73.0,0.3835616438356164,75982.79631150619,4.994827378062632,0.6403437724120333,272.6952481302773,168.0,35.575817100785095,1.053709336449649,0.5438291576509026,1.5884865161316692,2.718426953096002,-0.3428929238987267,162.0,0.41358024691358025,365758.17100785096,4.994827378062632,0.46457950548369686,516.409341963793,367.0
30,120,20,14,27.0,18.0,0.15,14,27.0,52.0,24,2.0,2.2,18,1.0,5.0,1.25,0.65,False,72,True,48,180,1.5,0.9,0.5,6,1.6117004456870943,1.3817015509735677,2.3886001243358055,0.345341178845072,3.9678196643826142,0.7062302104470484,0.46325189634367603,1.3817015509735677,2.2528834812360103,-0.29566699057399937,89.0,0.43820224719101125,49678.196643826144,4.104406693057735,0.3380144274679959,252.48009776824082,207.0,4.263711445139446,1.2934091765818785,0.5717899816598432,1.7270427298186397,3.1268512327936726,-0.35416191394504204,73.0,0.3835616438356164,52637.11445139446,4.994827378062632,0.6040053629429372,294.22728048862746,189.0,25.1491692247995,0.9204413849336526,0.5094241832052064,1.5291940559583537,2.620326862725009,-0.3541619139450414,162.0,0.41358024691358025,261491.692247995,4.994827378062632,0.4444399194396336,546.7073782568682,396.0
30,120,20,14,27.0,18.0,0.15,14,27.0,52.0,24,2.0,2.2,18,1.0,5.0,1.25,0.65,False,72,True,48,180,1.5,1.1,0.5,6,1.6117004456870943,1.3817015509735677,2.3886001243358055,0.345341178845072,3.9678196643826142,0.7062302104470484,0.46325189634367603,1.3817015509735677,2.2528834812360103,-0.29566699057399937,89.0,0.43820224719101125,49678.196643826144,4.104406693057735,0.3380144274679959,252.48009776824082,207.0,4.263711445139446,1.2934091765818785,0.5717899816598432,1.7270427298186397,3.1268512327936726,-0.35416191394504204,73.0,0.3835616438356164,52637.11445139446,4.994827378062632,0.6040053629429372,294.22728048862746,189.0,25.1491692247995,0.9204413849336526,0.5094241832052064,1.5291940559583537,2.620326862725009,-0.3541619139450414,162.0,0.41358024691358025,261491.692247995,4.994827378062632,0.4444399194396336,546.7073782568682,396.0
30,120,20,14,27.0,18.0,0.15,14,27.0,52.0,24,2.0,2.2,18,1.0,5.0,1.25,0.65,False,72,True,12,360,1.25,1.1,0.5,18,1.6115026170052762,1.3275068129453116,2.406398041380144,0.4908794307491473,3.8522455130462534,0.6928956981052321,0.48500036340454744,1.3275068129453116,2.081921260386989,-0.28793893869188614,89.0,0.43820224719101125,48522.455130462535,4.104406693057735,0.34433470236732705,249.74753904496072,211.0,5.566504079720967,1.561419526741513,0.6171616797542251,1.818386243694459,3.4185369076660024,-0.3476189931298973,73.0,0.3835616438356164,65665.04079720967,4.994827378062632,0.6373645212672225,285.8698631904906,189.0,30.862289957226096,0.9978339713979238,0.5417313122509311,1.5416637815071317,2.6336011750871076,-0.34761899312989697,162.0,0.41358024691358025,318622.89957226097,4.994827378062632,0.46157870763050374,535.6174022354514,400.0
30,120,20,14,27.0,18.0,0.15,14,27.0,52.0,24,2.0,2.2,18,1.0,5.0,1.25,0.65,False,72,True,12,90,1.5,1.1,0.0,36,1.6103865425473556,1.324322336885548,2.2189610745606414,0.5730228483281206,3.8631516541588917,0.6941629972915664,0.48773619404294755,1.324322336885548,2.0776027768801915,-0.3128324355257165,86.0,0.4186046511627907,48631.51654158891,4.104406693057735,0.34749311452602943,242.85979757301612,191.0,6.219424614106735,1.6856877066209428,0.6160301964373306,1.8973451852136685,3.5990427462364902,-0.3079444080020427,69.0,0.37681159420289856,72194.24614106736,4.994827378062632,0.6381505393183208,267.6534578453577,160.0,34.10915675416879,1.0369735272922354,0.5426931227509912,1.5755689380790026,2.7005910040998753,-0.3197592626555932,155.0,0.4,351091.56754168787,4.994827378062632,0.46378790244237594,510.5132554183739,351.0
30,120,20,14,27.0,18.0,0.15,14,27.0,52.0,24,2.0,2.2,18,1.0,5.0,1.25,0.65,False,72,True,12,90,1.5,0.9,0.25,18,1.6102751648196332,1.3406712832463301,2.365542077373103,0.4680085933634106,3.976522984085938,0.7072259574401119,0.48739129245384444,1.3406712832463301,2.1025282240275294,-0.2989699334477597,89.0,0.43820224719101125,49765.22984085938,4.104406693057735,0.34534837539013774,242.79095175777812,200.0,5.4879459527470615,1.5460586900027247,0.6171472931043452,1.8086798766097407,3.3969123540773944,-0.35127701751175733,73.0,0.3835616438356164,64879.459527470615,4.994827378062632,0.6377688352492306,279.92009976396736,177.0,31.28741215335309,1.0031352636814788,0.5430088668207831,1.544198320901901,2.635637850586294,-0.35127701751175666,162.0,0.41358024691358025,322874.1215335309,4.994827378062632,0.46234857033102267,522.7110515217455,377.0
30,120,20,14,27.0,18.0,0.15,14,27.0,52.0,24,2.0,2.2,18,1.0,5.0,1.25,0.65,False,72,True,12,180,1.25,1.1,0.25,36,1.6093851324750807,1.3261979336612433,2.2068877202839907,0.5877866815538668,3.8602270022566207,0.6938233373241733,0.4864040397512547,1.3261979336612433,2.082043503320144,-0.3143899578338718,89.0,0.42696629213483145,48602.270022566205,4.104406693057735,0.34672332621167784,244.64968338638465,202.0,6.360530619282926,1.7117950463075178,0.6155815676976071,1.91398461521511,3.6347136213561466,-0.3112729083562076,73.0,0.3835616438356164,73605.30619282926,4.994827378062632,0.6371395031447303,263.14165759223386,169.0,34.77384966677546,1.0446261948783802,0.5417726557227672,1.584237601014091,2.718384295977524,-0.3213010847352492,162.0,0.4074074074074074,357738.4966677546,4.994827378062632,0.4629215885751488,507.7913409786185,371.0
30,120,20,14,27.0,18.0,0.15,14,27.0,52.0,24,2.0,2.2,18,1.0,5.0,1.25,0.65,False,72,True,12,180,1.75,0.9,0.0,18,1.60922217496134,1.3503122872436806,2.3069838952243256,0.5128666105036765,4.057795133716662,0.7164687471541795,0.4881896173861817,1.3503122872436806,2.1205910138881703,-0.3105651273237483,89.0,0.42696629213483145,50577.95133716662,4.104406693057735,0.3465460500792102,248.70076474790483,197.0,5.965573030184781,1.6380692305895885,0.6186223852184801,1.8631788977473571,3.5065803129122175,-0.35289112607693285,75.0,0.37333333333333335,69655.73030184781,4.994827378062632,0.639532897194178,283.14985892786984,172.0,34.23044137561638,1.038378483190228,0.544112253014485,1.5741854646350417,2.691560686301199,-0.3528911260769326,164.0,0.4024390243902439,352304.4137561638,4.994827378062632,0.4637728619243342,531.8506236757746,369.0
30,120,20,14,27.0,18.0,0.15,14,27.0,52.0,24,2.0,2.2,18,1.0,5.0,1.25,0.65,False,72,True,24,180,1.5,0.9,0.0,36,1.6091524083283923,1.3232538887711063,2.3445691820333674,0.5922127978874137,3.8549635614597353,0.6932117142443488,0.4876867706297317,1.3232538887711063,2.075733010935335,-0.29566699057399926,86.0,0.4186046511627907,48549.635614597355,4.104406693057735,0.3479290694598329,243.16254388282113,191.0,6.450566687303543,1.7283227867073778,0.6196006017388189,1.91546668665852,3.612824727108542,-0.3528911260769322,72.0,0.3888888888888889,74505.66687303543,4.994827378062632,0.6414244959090152,275.4979759036379,166.0,35.17222977908439,1.0491584157273275,0.5442919796511339,1.5835260703352927,2.7089534337629164,-0.35289112607693185,158.0,0.4050632911392405,361722.2977908439,4.994827378062632,0.4653593687123519,518.660519786459,357.0
30,120,20,14,27.0,18.0,0.15,14,27.0,52.0,24,2.0,2.2,18,1.0,5.0,1.25,0.65,False,72,True,12,180,1.75,1.1,0.0,18,1.608603570450374,1.3501116973595142,2.3051052837043184,0.5130672003878429,4.05642986250607,0.7163143005375658,0.4881988904755159,1.3501116973595142,2.1203194374081096,-0.31075122928287435,89.0,0.42696629213483145,50564.2986250607,4.104406693057735,0.34693047266938853,248.66823710158062,197.0,5.965573030184781,1.6380692305895885,0.6186223852184801,1.8631788977473571,3.5065803129122175,-0.35289112607693285,75.0,0.37333333333333335,69655.73030184781,4.994827378062632,0.639532897194178,283.14985892786984,172.0,34.22093147929313,1.0382684608893946,0.5441172520190848,1.574076847220886,2.6914060166226976,-0.3528911260769323,164.0,0.4024390243902439,352209.3147929313,4.994827378062632,0.46400347339605585,531.8180960294504,369.0
30,120,20,14,27.0,18.0,0.15,14,27.0,52.0,24,2.0,2.2,18,1.0,5.0,1.25,0.65,False,72,True,12,90,1.75,0.9,0.0,18,1.6063973654037111,1.3503122872436806,2.3069838952243256,0.4914548843322526,4.057795133716662,0.7164687471541795,0.4881896173861817,1.3503122872436806,2.1205910138881703,-0.3105651273237483,89.0,0.42696629213483145,50577.95133716662,4.104406693057735,0.3465460500792102,248.70076474790483,197.0,5.765113246518723,1.5998493973249404,0.6175367825050955,1.8417671715759332,3.4630602426103123,-0.3528911260769323,73.0,0.3835616438356164,67651.13246518723,4.994827378062632,0.6379414596440142,278.2270824704558,168.0,33.216556857284424,1.0265124697896204,0.5436172633900046,1.564399702439353,2.673362491673729,-0.3528911260769326,162.0,0.4074074074074074,342165.56857284426,4.994827378062632,0.46313611269107213,526.9278472183606,365.0
30,120,20,14,27.0,18.0,0.15,14,27.0,52.0,24,2.0,2.2,18,1.0,5.0,1.25,0.65,False,72,True,24,180,1.75,0.9,0.25,6,1.6062446913784953,1.3841581757359498,2.3934720450454248,0.3181135079609354,3.980413330297549,0.7076706765815761,0.4629204117395578,1.3841581757359498,2.2589451631117536,-0.29566699057399914,89.0,0.43820224719101125,49804.13330297549,4.104406693057735,0.33791868241334944,251.64564705591638,204.0,4.113639608104527,1.2604943848183363,0.5715421276907222,1.7022716836968852,3.0798638658615616,-0.3669473867673777,73.0,0.3835616438356164,51136.39608104527,4.994827378062632,0.6044843282276698,293.0025166557917,182.0,24.46803887054126,0.9103340207553989,0.509130983410451,1.5194140321745335,2.6040764526443283,-0.36694738676737815,162.0,0.41358024691358025,254680.3887054126,4.994827378062632,0.44457412143374797,544.6481637117081,386.0
30,120,20,14,27.0,18.0,0.15,14,27.0,52.0,24,2.0,2.2,18,1.0,5.0,1.25,0.65,False,72,True,24,180,1.75,1.1,0.25,6,1.6062446913784953,1.3841581757359498,2.3934720450454248,0.3181135079609354,3.980413330297549,0.7076706765815761,0.4629204117395578,1.3841581757359498,2.2589451631117536,-0.29566699057399914,89.0,0.43820224719101125,49804.13330297549,4.104406693057735,0.33791868241334944,251.64564705591638,204.0,4.113639608104527,1.2604943848183363,0.5715421276907222,1.7022716836968852,3.0798638658615616,-0.3669473867673777,73.0,0.3835616438356164,51136.39608104527,4.994827378062632,0.6044843282276698,293.0025166557917,182.0,24.46803887054126,0.9103340207553989,0.509130983410451,1.5194140321745335,2.6040764526443283,-0.36694738676737815,162.0,0.41358024691358025,254680.3887054126,4.994827378062632,0.44457412143374797,544.6481637117081,386.0
30,120,20,14,27.0,18.0,0.15,14,27.0,52.0,24,2.0,2.2,18,1.0,5.0,1.25,0.65,False,72,True,12,90,1.75,1.1,0.0,18,1.6057787608927454,1.3501116973595142,2.3051052837043184,0.491655474216419,4.05642986250607,0.7163143005375658,0.4881988904755159,1.3501116973595142,2.1203194374081096,-0.31075122928287435,89.0,0.42696629213483145,50564.2986250607,4.104406693057735,0.34693047266938853,248.66823710158062,197.0,5.765113246518723,1.5998493973249404,0.6175367825050955,1.8417671715759332,3.4630602426103123,-0.3528911260769323,73.0,0.3835616438356164,67651.13246518723,4.994827378062632,0.6379414596440142,278.2270824704558,168.0,33.20732064293273,1.026403087961647,0.5436222666839224,1.564291063769328,2.6732076834041423,-0.3528911260769324,162.0,0.4074074074074074,342073.20642932726,4.994827378062632,0.46336672416279373,526.8953195720363,365.0
30,120,20,14,27.0,18.0,0.15,14,27.0,52.0,24,2.0,2.2,18,1.0,5.0,1.25,0.65,False,72,True,12,90,1.5,1.1,0.5,18,1.60558884742552,1.3422800627098561,2.3286078574529343,0.49274557728189117,3.9902334676800297,0.7087922217867226,0.4875462940014756,1.3422800627098561,2.105318392968516,-0.3043845358153219,89.0,0.43820224719101125,49902.334676800296,4.104406693057735,0.3470196666549505,245.61889128896718,201.0,5.708987925422669,1.589047306573704,0.6175400245387348,1.8350256399917473,3.4482104177999493,-0.35182775302360925,73.0,0.3835616438356164,67089.87925422669,4.994827378062632,0.6388704719915241,279.53458595786367,177.0,32.47941607970557,1.017707453918244,0.5432723833642873,1.5570484397919702,2.6584584723984443,-0.351827753023608,162.0,0.41358024691358025,334794.1607970557,4.994827378062632,0.4637919374272741,525.1534772468308,378.0
30,120,20,14,27.0,18.0,0.15,14,27.0,52.0,24,2.0,2.2,18,1.0,5.0,1.25,0.65,False,72,True,48,360,1.25,0.9,0.5,6,1.6046469015568565,1.385058506677016,2.451544346023266,0.24020122001187483,3.8425685402143026,0.6917696378822518,0.45240054423891124,1.385058506677016,2.27001956616565,-0.2821770852338017,89.0,0.43820224719101125,48425.685402143026,4.104406693057735,0.33144802013131935,258.78773938161174,232.0,3.5982067064114425,1.1435970062690561,0.5630898525270122,1.6252597266888908,2.9308413302573344,-0.3702193904485478,73.0,0.3698630136986301,45982.067064114424,4.994827378062632,0.5899380078416522,312.28028197750234,221.0,21.267131137870404,0.8597166861931576,0.49959946513103226,1.4851622521419472,2.5483090294990722,-0.37021939044854824,162.0,0.4074074074074074,222671.31137870403,4.994827378062632,0.4348723118753004,571.0680213591139,453.0
30,120,20,14,27.0,18.0,0.15,14,27.0,52.0,24,2.0,2.2,18,1.0,5.0,1.25,0.65,False,72,True,48,360,1.25,1.1,0.5,6,1.6046469015568565,1.385058506677016,2.451544346023266,0.24020122001187483,3.8425685402143026,0.6917696378822518,0.45240054423891124,1.385058506677016,2.27001956616565,-0.2821770852338017,89.0,0.43820224719101125,48425.685402143026,4.104406693057735,0.33144802013131935,258.78773938161174,232.0,3.5982067064114425,1.1435970062690561,0.5630898525270122,1.6252597266888908,2.9308413302573344,-0.3702193904485478,73.0,0.3698630136986301,45982.067064114424,4.994827378062632,0.5899380078416522,312.28028197750234,221.0,21.267131137870404,0.8597166861931576,0.49959946513103226,1.4851622521419472,2.5483090294990722,-0.37021939044854824,162.0,0.4074074074074074,222671.31137870403,4.994827378062632,0.4348723118753004,571.0680213591139,453.0
30,120,20,14,27.0,18.0,0.15,14,27.0,52.0,24,2.0,2.2,18,1.0,5.0,1.25,0.65,False,72,True,12,180,1.75,1.1,0.0,36,1.6042611404833007,1.3394886950330886,2.2774357585043976,0.5759779916254313,3.98080959127663,0.7077159615680177,0.48839195615537445,1.3394886950330886,2.1040643600030493,-0.3107512292828747,88.0,0.42045454545454547,49808.0959127663,4.104406693057735,0.34793632101770877,246.61197796224943,195.0,6.450566687303543,1.7283227867073778,0.6196006017388189,1.91546668665852,3.612824727108542,-0.3528911260769322,72.0,0.3888888888888889,74505.66687303543,4.994827378062632,0.6414244959090152,275.4979759036379,166.0,36.10985401656756,1.059669876110493,0.544670157612064,1.5921865497512393,2.725545790458807,-0.35289112607693285,160.0,0.40625,371098.5401656756,4.994827378062632,0.4653637188532561,522.1099538658873,361.0
30,120,20,14,27.0,18.0,0.15,14,27.0,52.0,24,2.0,2.2,18,1.0,5.0,1.25,0.65,False,72,True,48,180,1.75,0.9,0.25,6,1.6041630403043818,1.3825139837834297,2.389312104494399,0.3197576999134555,3.9696587705286754,0.7064407194778877,0.4629653327165463,1.3825139837834297,2.2562269513890625,-0.29566699057399926,89.0,0.43820224719101125,49696.58770528675,4.104406693057735,0.33846119286939236,250.48273292168736,201.0,4.113639608104527,1.2604943848183363,0.5715421276907222,1.7022716836968852,3.0798638658615616,-0.3669473867673777,73.0,0.3835616438356164,51136.39608104527,4.994827378062632,0.6044843282276698,293.0025166557917,182.0,24.413043927739352,0.909508546879624,0.5091555328344031,1.5185172249053205,2.602510753091586,-0.3669473867673777,162.0,0.41358024691358025,254130.4392773935,4.994827378062632,0.444899568319256,543.485249577479,383.0
30,120,20,14,27.0,18.0,0.15,14,27.0,52.0,24,2.0,2.2,18,1.0,5.0,1.25,0.65,False,72,True,48,180,1.75,1.1,0.25,6,1.6041630403043818,1.3825139837834297,2.389312104494399,0.3197576999134555,3.9696587705286754,0.7064407194778877,0.4629653327165463,1.3825139837834297,2.2562269513890625,-0.29566699057399926,89.0,0.43820224719101125,49696.58770528675,4.104406693057735,0.33846119286939236,250.48273292168736,201.0,4.113639608104527,1.2604943848183363,0.5715421276907222,1.7022716836968852,3.0798638658615616,-0.3669473867673777,73.0,0.3835616438356164,51136.39608104527,4.994827378062632,0.6044843282276698,293.0025166557917,182.0,24.413043927739352,0.909508546879624,0.5091555328344031,1.5185172249053205,2.602510753091586,-0.3669473867673777,162.0,0.41358024691358025,254130.4392773935,4.994827378062632,0.444899568319256,543.485249577479,383.0
30,120,20,14,27.0,18.0,0.15,14,27.0,52.0,24,2.0,2.2,18,1.0,5.0,1.25,0.65,False,72,True,12,180,1.25,0.9,0.5,18,1.6040607604074173,1.3315338307580848,2.3569253582959875,0.4899981155550339,3.628347469941284,0.6664480688083854,0.4628827714242266,1.3315338307580848,2.161647495748939,-0.28276163539188814,89.0,0.43820224719101125,46283.474699412836,4.104406693057735,0.33874169379432756,249.91267791643494,212.0,5.592511527786525,1.566484609399192,0.6171935528639046,1.8215319463131188,3.4221387434882184,-0.3476189931298972,73.0,0.3835616438356164,65925.11527786525,4.994827378062632,0.6360332456112263,279.1409059984984,181.0,29.512434050189523,0.9806172989908031,0.5300156878664559,1.546129937880784,2.7011934982000105,-0.34761899312989775,162.0,0.41358024691358025,305124.34050189523,4.994827378062632,0.45769085875226573,529.0535839149334,393.0
30,120,20,14,27.0,18.0,0.15,14,27.0,52.0,24,2.0,2.2,18,1.0,5.0,1.25,0.65,False,72,True,12,180,1.25,0.9,0.0,36,1.6038002819233257,1.3303814875737263,2.141822119717967,0.5994430015310488,3.889000424346497,0.6971590888457411,0.48632126942392706,1.3303814875737263,2.0889011581434533,-0.3254981272382892,85.0,0.4117647058823529,48890.004243464966,4.104406693057735,0.345110335177369,243.30674875083994,189.0,6.497845405760346,1.7369616453338939,0.6151891519137035,1.929824489104775,3.666301169877799,-0.3079444080020427,64.0,0.375,74978.45405760346,4.994827378062632,0.634777864314751,256.6395561563976,150.0,35.65696937044676,1.0546195677894477,0.5415505145807678,1.5936630945125316,2.7351747096880796,-0.33229728091337973,149.0,0.3959731543624161,366569.6937044676,4.994827378062632,0.46100905646879,499.9463049072375,339.0
30,120,20,14,27.0,18.0,0.15,14,27.0,52.0,24,2.0,2.2,18,1.0,5.0,1.25,0.65,False,72,True,12,360,1.5,1.1,0.0,36,1.6037050965174935,1.3286216405125344,2.2734988667898914,0.573412114180887,3.8934287019335425,0.6976713034447817,0.4877012475143619,1.3286216405125344,2.0843479137359378,-0.30687119032079024,86.0,0.4186046511627907,48934.287019335425,4.104406693057735,0.3475059671169223,243.10388825741188,191.0,6.3188322926972464,1.7041063108554284,0.6191417781345144,1.9020337546934214,3.5862244393308496,-0.33955304387375806,69.0,0.391304347826087,73188.32292697247,4.994827378062632,0.6391771415231813,270.05911625911136,160.0,34.81418400572294,1.045086895388128,0.5440896010096534,1.5802609698086376,2.70294989840697,-0.33955304387375773,155.0,0.4064516129032258,358141.84005722945,4.994827378062632,0.46420636585308833,513.1630045165232,351.0
30,120,20,14,27.0,18.0,0.15,14,27.0,52.0,24,2.0,2.2,18,1.0,5.0,1.25,0.65,False,72,True,48,180,1.25,1.1,0.0,36,1.6034063801544112,1.309156169684754,2.3051942802269934,0.6324894757030382,3.755500570135413,0.681569855523112,0.4876616919191987,1.309156169684754,2.053122015045522,-0.2956669905739995,86.0,0.4186046511627907,47555.00570135413,4.104406693057735,0.3477000405133831,243.24136283554736,191.0,6.691025040634508,1.771979816990604,0.6193366284517942,1.9416456453877922,3.66337764148236,-0.3395530438737594,69.0,0.4057971014492754,76910.25040634508,4.994827378062632,0.6395106671434523,270.7240145614529,160.0,35.574673965662946,1.0536965031233732,0.5441608303705647,1.587840726928802,2.7163204270611327,-0.33955304387375906,155.0,0.4129032258064516,365746.73965662945,4.994827378062632,0.46445623540477915,513.9653773970002,351.0
30,120,20,14,27.0,18.0,0.15,14,27.0,52.0,24,2.0,2.2,18,1.0,5.0,1.25,0.65,False,72,True,48,360,1.25,1.1,0.25,36,1.6028722658157573,1.312736541487291,2.3122744878362655,0.619016737743455,3.7732843896534103,0.6836632391995838,0.4870643415669711,1.312736541487291,2.056494794839512,-0.29566699057399914,89.0,0.43820224719101125,47732.843896534105,4.104406693057735,0.34788869276046364,245.4498583720019,201.0,6.598279631150619,1.7552232140220894,0.619385607975475,1.931753279230746,3.644939559853143,-0.3428929238987277,73.0,0.3835616438356164,75982.79631150619,4.994827378062632,0.6403437724120333,272.6952481302773,168.0,35.26874955159271,1.0502504713492713,0.5438613546120122,1.585338842585497,2.710710830219711,-0.3428929238987265,162.0,0.41358024691358025,362687.49551592715,4.994827378062632,0.4649027394081359,518.1451065022792,369.0
30,120,20,14,27.0,18.0,0.15,14,27.0,52.0,24,2.0,2.2,18,1.0,5.0,1.25,0.65,False,72,True,24,90,1.25,1.1,0.75,18,1.6017428090956933,1.3462494878388598,2.275405856202088,0.5231836554118474,3.752415877540904,0.6812062167246289,0.46516357709960793,1.3462494878388598,2.1828973255974695,-0.299377895538003,89.0,0.43820224719101125,47524.15877540904,4.104406693057735,0.34246652179580933,247.70414659427064,209.0,6.005190297345952,1.645557289296172,0.6178034442989466,1.8694331432507072,3.518226161766686,-0.3496881306457269,73.0,0.3835616438356164,70051.90297345952,4.994827378062632,0.63817793293143,279.96480736565263,180.0,32.29157759430242,1.0154389834682997,0.5314978002431336,1.5760826092603482,2.7532710256942683,-0.34968813064572646,162.0,0.41358024691358025,332915.77594302414,4.994827378062632,0.4607834575046975,527.6689539599232,389.0
30,120,20,14,27.0,18.0,0.15,14,27.0,52.0,24,2.0,2.2,18,1.0,5.0,1.25,0.65,False,72,True,12,180,1.5,0.9,0.5,18,1.6007235413662193,1.33525346704415,2.3147896304226236,0.5098551066997534,3.9328285369661513,0.7022150957009949,0.48703706205100133,1.33525346704415,2.0943853928274048,-0.30336022179811983,89.0,0.43820224719101125,49328.28536966151,4.104406693057735,0.3470162870692949,246.926866066253,202.0,5.791257738903884,1.6048659575802398,0.6174279754224723,1.8451085737439035,3.468341475475606,-0.34761899312989775,73.0,0.3835616438356164,67912.57738903884,4.994827378062632,0.6382949269421176,279.3185372384667,178.0,32.50010997635736,1.0179567448829783,0.5429483610281355,1.557877155118818,2.6605542639793107,-0.34761899312989775,162.0,0.41358024691358025,335001.09976357355,4.994827378062632,0.4635596290216943,526.2454033047197,380.0
30,120,20,14,27.0,18.0,0.15,14,27.0,52.0,24,2.0,2.2,18,1.0,5.0,1.25,0.65,False,72,True,48,90,1.25,1.1,0.0,36,1.6003714921165006,1.3326402223429168,2.284538722767895,0.5768419796811015,3.9227849087561033,0.701059117189722,0.4877394044827913,1.3326402223429168,2.090803376318385,-0.30687119032079035,86.0,0.4186046511627907,49227.84908756104,4.104406693057735,0.34738327583697926,243.15029469440063,191.0,6.395127915640812,1.7181579024723956,0.6195821319268985,1.9094822020240183,3.60088153678909,-0.3528911260769333,72.0,0.3888888888888889,73951.27915640811,4.994827378062632,0.6404485394453886,275.7918088745033,166.0,35.40462410143759,1.0517838657434067,0.5443109505458176,1.5858416808228384,2.7129274552358713,-0.3528911260769322,158.0,0.4050632911392405,364046.24101437593,4.994827378062632,0.4646414628636608,518.9421035689039,357.0
30,120,20,14,27.0,18.0,0.15,14,27.0,52.0,24,2.0,2.2,18,1.0,5.0,1.25,0.65,False,72,True,24,180,1.5,0.9,0.25,18,1.6003240937667251,1.34324794817567,2.2980445906504525,0.5232476398738968,3.7375871092845996,0.679455928322477,0.46555851449395186,1.34324794817567,2.1801385384444734,-0.29566699057399914,89.0,0.43820224719101125,47375.871092846,4.104406693057735,0.342994712120229,248.13577539193514,201.0,5.995445099395116,1.6437173183539509,0.618691482970448,1.8664955880495668,3.5129407614354244,-0.35551559534260324,73.0,0.3835616438356164,69954.45099395116,4.994827378062632,0.639788271374787,283.81809309692346,175.0,32.14153052660235,1.0136195401815757,0.532118121283751,1.5731511006037837,2.749754145727398,-0.35551559534260435,162.0,0.41358024691358025,331415.30526602356,4.994827378062632,0.46174462553844564,531.9538684888586,376.0
30,120,20,14,27.0,18.0,0.15,14,27.0,52.0,24,2.0,2.2,18,1.0,5.0,1.25,0.65,False,72,True,24,180,1.5,1.1,0.25,18,1.6003240937667251,1.34324794817567,2.2980445906504525,0.5232476398738968,3.7375871092845996,0.679455928322477,0.46555851449395186,1.34324794817567,2.1801385384444734,-0.29566699057399914,89.0,0.43820224719101125,47375.871092846,4.104406693057735,0.342994712120229,248.13577539193514,201.0,5.995445099395116,1.6437173183539509,0.618691482970448,1.8664955880495668,3.5129407614354244,-0.35551559534260324,73.0,0.3835616438356164,69954.45099395116,4.994827378062632,0.639788271374787,283.81809309692346,175.0,32.14153052660235,1.0136195401815757,0.532118121283751,1.5731511006037837,2.749754145727398,-0.35551559534260435,162.0,0.41358024691358025,331415.30526602356,4.994827378062632,0.46174462553844564,531.9538684888586,376.0
30,120,20,14,27.0,18.0,0.15,14,27.0,52.0,24,2.0,2.2,18,1.0,5.0,1.25,0.65,False,72,True,24,90,1.25,0.9,0.75,18,1.5999977947864261,1.3450389456756136,2.260387756455252,0.5398509915959235,3.7424517920268237,0.6800305249183969,0.4650104088383213,1.3450389456756136,2.1803736877759032,-0.30084684496115977,89.0,0.43820224719101125,47424.517920268234,4.104406693057735,0.3421255142088188,246.42405277092615,208.0,6.13585140604222,1.670104572477766,0.6175524598791244,1.884889937271537,3.550206153778143,-0.34968813064572635,73.0,0.3835616438356164,71358.5140604222,4.994827378062632,0.6374575387239628,278.2596106083604,178.0,32.84143128822194,1.0220508350360142,0.5313017820250285,1.5826298347899306,2.765389096686569,-0.3496881306457268,162.0,0.41358024691358025,338414.31288221944,4.994827378062632,0.460290653738414,524.6836633792865,386.0
30,120,20,14,27.0,18.0,0.15,14,27.0,52.0,24,2.0,2.2,18,1.0,5.0,1.25,0.65,False,72,True,24,360,1.25,0.9,0.5,36,1.5994961522732896,1.3231209237945774,2.2920555554763746,0.5874045603926685,3.852513789977958,0.6929268947924527,0.48756452901808145,1.3231209237945774,2.0748934841950692,-0.3023167973118508,89.0,0.43820224719101125,48525.13789977958,4.104406693057735,0.34738639190193976,245.75018124490856,202.0,6.399442872869354,1.7189504293463727,0.6193088288515862,1.9105254841872459,3.602890665349586,-0.346229249613351,73.0,0.3835616438356164,73994.42872869354,4.994827378062632,0.6408741899036425,273.67885183801695,169.0,34.905898578752655,1.0461329200074938,0.5440930596086806,1.581194252325082,2.7042518141190905,-0.34622924961335155,162.0,0.41358024691358025,359058.98578752653,4.994827378062632,0.46481363894038785,519.4290330829255,371.0
30,120,20,14,27.0,18.0,0.15,14,27.0,52.0,24,2.0,2.2,18,1.0,5.0,1.25,0.65,False,72,True,24,360,1.5,0.9,0.0,18,1.5991956399298457,1.3191307624739113,2.3302706155526245,0.5684001197970299,3.8186858894403404,0.6889841001234644,0.4871121970650842,1.3191307624739113,2.066713871720339,-0.2956669905739989,89.0,0.42696629213483145,48186.858894403405,4.104406693057735,0.3471450917257717,248.4386671913688,197.0,6.17318036003133,1.6770761819976054,0.6183114428107525,1.8875308822709411,3.5559068883973537,-0.3435050100064069,77.0,0.4025974025974026,71731.8036003133,4.994827378062632,0.6367182686807749,292.79068711420314,176.0,33.5653029832935,1.030625388369773,0.5433944011504486,1.5685507153369223,2.6799126532108013,-0.3435050100064063,166.0,0.41566265060240964,345653.02983293496,4.994827378062632,0.4630060618155951,541.229354305572,373.0
30,120,20,14,27.0,18.0,0.15,14,27.0,52.0,24,2.0,2.2,18,1.0,5.0,1.25,0.65,False,72,True,24,360,1.5,1.1,0.0,18,1.5991956399298457,1.3191307624739113,2.3302706155526245,0.5684001197970299,3.8186858894403404,0.6889841001234644,0.4871121970650842,1.3191307624739113,2.066713871720339,-0.2956669905739989,89.0,0.42696629213483145,48186.858894403405,4.104406693057735,0.3471450917257717,248.4386671913688,197.0,6.17318036003133,1.6770761819976054,0.6183114428107525,1.8875308822709411,3.5559068883973537,-0.3435050100064069,77.0,0.4025974025974026,71731.8036003133,4.994827378062632,0.6367182686807749,292.79068711420314,176.0,33.5653029832935,1.030625388369773,0.5433944011504486,1.5685507153369223,2.6799126532108013,-0.3435050100064063,166.0,0.41566265060240964,345653.02983293496,4.994827378062632,0.4630060618155951,541.229354305572,373.0
30,120,20,14,27.0,18.0,0.15,14,27.0,52.0,24,2.0,2.2,18,1.0,5.0,1.25,0.65,False,72,True,12,180,1.5,1.1,0.5,18,1.5984122591069432,1.3349891647411183,2.312068036472929,0.5016795915333743,3.930958725813845,0.7020000074117394,0.48703997928581144,1.3349891647411183,2.0939765272363213,-0.3036242862829607,89.0,0.43820224719101125,49309.58725813845,4.104406693057735,0.3472209397104396,246.89433841992883,202.0,5.722002752330978,1.591556202714977,0.6175014563574406,1.8366687562744926,3.4518339208278186,-0.3476189931298971,73.0,0.3835616438356164,67220.02752330978,4.994827378062632,0.6385533473092543,280.07415839197404,179.0,32.14591812655106,1.0136728368640888,0.5429828695666984,1.5539003708471868,2.6535689373136777,-0.3476189931298973,162.0,0.41358024691358025,331459.1812655106,4.994827378062632,0.46378579463913894,526.9684968119028,381.0
30,120,20,14,27.0,18.0,0.15,14,27.0,52.0,24,2.0,2.2,18,1.0,5.0,1.25,0.65,False,72,True,12,360,1.25,1.1,0.75,6,1.5971650405338995,1.3672167526198504,2.4194650092967804,0.3173431391872734,3.663421031910694,0.6706466018123427,0.4474535948347107,1.3672167526198504,2.252765134286346,-0.2771879730582534,89.0,0.43820224719101125,46634.21031910694,4.104406693057735,0.3286156524713,256.40989699150293,248.0,3.8865594568477464,1.2097567358202306,0.5603929741099223,1.6845598918071238,3.0558899488494125,-0.35530029242333316,73.0,0.3835616438356164,48865.59456847746,4.994827378062632,0.5894932578121381,299.5724390526658,225.0,21.788084144745852,0.8683354570915214,0.49570205959166735,1.5021688965288287,2.5927284668548003,-0.35530029242333394,162.0,0.41358024691358025,227880.84144745852,4.994827378062632,0.4329952526377765,555.9823360441687,473.0
30,120,20,14,27.0,18.0,0.15,14,27.0,52.0,24,2.0,2.2,18,1.0,5.0,1.25,0.65,False,72,True,12,180,1.5,1.1,0.0,36,1.5963932786214805,1.3090237890389498,2.1783837941334196,0.6258163855494046,3.7546458091308734,0.6814691078285087,0.48766811936675997,1.3090237890389498,2.053224382504092,-0.3128324355257165,86.0,0.4069767441860465,47546.458091308734,4.104406693057735,0.347288888133263,242.95455815913698,191.0,6.549595632494382,1.746386367985687,0.615455288615339,1.9348401745883543,3.6760524288002494,-0.3079444080020427,67.0,0.3880597014925373,75495.95632494382,4.994827378062632,0.6367195360180019,262.7382106286102,156.0,34.89565323467215,1.0460161757663426,0.5423986379517467,1.584289651413702,2.716966780006725,-0.31975926265559307,153.0,0.39869281045751637,358956.5323467215,4.994827378062632,0.46309283099245513,505.6927687877472,347.0
30,120,20,14,27.0,18.0,0.15,14,27.0,52.0,24,2.0,2.2,18,1.0,5.0,1.25,0.65,False,72,True,48,360,1.25,0.9,0.25,6,1.59600332317645,1.3932413138220958,2.4682794743332117,0.15758962101691854,3.8832364124639698,0.6964919076097649,0.45142507572887336,1.3932413138220958,2.2857573804169204,-0.28217708523380125,89.0,0.43820224719101125,48832.3641246397,4.104406693057735,0.3292564469407838,264.78088390006235,232.0,3.21631999665047,1.052694250422861,0.5616706695571511,1.5508309348390144,2.7926848279511867,-0.3930234717738137,73.0,0.3698630136986301,42163.199966504704,4.994827378062632,0.5810492260206904,327.4131723187997,221.0,19.589287334243483,0.8308146126753295,0.4984271212546623,1.4560700675463618,2.498111758639575,-0.39302347177381347,162.0,0.4074074074074074,205892.87334243485,4.994827378062632,0.43000112209536057,592.194056218862,453.0
30,120,20,14,27.0,18.0,0.15,14,27.0,52.0,24,2.0,2.2,18,1.0,5.0,1.25,0.65,False,72,True,48,360,1.25,1.1,0.25,6,1.59600332317645,1.3932413138220958,2.4682794743332117,0.15758962101691854,3.8832364124639698,0.6964919076097649,0.45142507572887336,1.3932413138220958,2.2857573804169204,-0.28217708523380125,89.0,0.43820224719101125,48832.3641246397,4.104406693057735,0.3292564469407838,264.78088390006235,232.0,3.21631999665047,1.052694250422861,0.5616706695571511,1.5508309348390144,2.7926848279511867,-0.3930234717738137,73.0,0.3698630136986301,42163.199966504704,4.994827378062632,0.5810492260206904,327.4131723187997,221.0,19.589287334243483,0.8308146126753295,0.4984271212546623,1.4560700675463618,2.498111758639575,-0.39302347177381347,162.0,0.4074074074074074,205892.87334243485,4.994827378062632,0.43000112209536057,592.194056218862,453.0
30,120,20,14,27.0,18.0,0.15,14,27.0,52.0,24,2.0,2.2,18,1.0,5.0,1.25,0.65,False,72,True,12,90,1.5,0.9,0.0,36,1.59456466712551,1.3089826583179538,2.1797573915091735,0.6163574279280464,3.754860225004111,0.6814943814132179,0.48771002441242467,1.3089826583179538,2.0532683081627683,-0.3126468955067424,86.0,0.4069767441860465,47548.60225004111,4.104406693057735,0.3467882599802501,243.03291434071403,191.0,6.464581667564413,1.7308864833151714,0.6155991974598727,1.9253400862460002,3.6574699345796353,-0.3079444080020427,68.0,0.38235294117647056,74645.81667564414,4.994827378062632,0.6377727755191795,264.33971379929017,158.0,34.49304246739693,1.041407233335161,0.542485932922492,1.5799657493542598,2.7094672153911414,-0.3195755929280931,154.0,0.3961038961038961,354930.42467396933,4.994827378062632,0.4632139200015733,507.3726281400042,349.0
30,120,20,14,27.0,18.0,0.15,14,27.0,52.0,24,2.0,2.2,18,1.0,5.0,1.25,0.65,False,72,True,12,90,1.25,1.1,0.25,6,1.5942804738364889,1.371321151902745,2.500962803026197,0.20250999313345264,3.614632194191083,0.6648004923187696,0.4416610312815081,1.371321151902745,2.27579749722177,-0.2658178248450367,89.0,0.43820224719101125,46146.32194191083,4.104406693057735,0.3156468750244775,279.445061836954,249.0,3.275193398156004,1.066969143373926,0.5557589934716052,1.5738311450361977,2.8509543899371197,-0.36903345901814044,73.0,0.3835616438356164,42751.93398156004,4.994827378062632,0.5695143788423108,321.8521394389732,217.0,18.728445091523874,0.8152475666243999,0.4904673895541489,1.4541706108543535,2.5183180583413094,-0.36903345901814,162.0,0.41358024691358025,197284.45091523873,4.994827378062632,0.41722166719242293,601.2972012759271,466.0
30,120,20,14,27.0,18.0,0.15,14,27.0,52.0,24,2.0,2.2,18,1.0,5.0,1.25,0.65,False,72,True,12,360,1.5,0.9,0.25,36,1.593591369200324,1.323014047762654,2.2535887754159503,0.5911671032220143,3.852931393232941,0.6929754536612145,0.4876595351769061,1.323014047762654,2.075279283988026,-0.3074986267329586,89.0,0.43820224719101125,48529.313932329416,4.104406693057735,0.3473654000102728,243.93270258311554,199.0,6.429237916374694,1.7244165780206036,0.6191111142276191,1.9141811509846682,3.610165085677166,-0.3428929238987266,73.0,0.3835616438356164,74292.37916374694,4.994827378062632,0.6398762857065915,271.21380333865005,169.0,35.05358191217127,1.047812796797127,0.5440543213884278,1.582774437331786,2.707390417069312,-0.34289292389872605,162.0,0.41358024691358025,360535.8191217127,4.994827378062632,0.4644017751848809,515.1465059217655,368.0
30,120,20,14,27.0,18.0,0.15,14,27.0,52.0,24,2.0,2.2,18,1.0,5.0,1.25,0.65,False,72,True,24,90,1.25,0.9,0.5,36,1.592868682493088,1.3156606048465798,2.1908504517951264,0.6133664462210493,3.797970179608213,0.6865604724819876,0.4874107078278274,1.3156606048465798,2.0625726543984197,-0.3133762379442365,89.0,0.43820224719101125,47979.70179608213,4.104406693057735,0.3474173045386467,243.09073348557453,199.0,6.517346319264683,1.7405169500066933,0.6165559882467677,1.929027051067629,3.6592925145117463,-0.3189832745249078,73.0,0.3835616438356164,75173.46319264683,4.994827378062632,0.6395786444872185,270.0416370436861,169.0,35.06800346961955,1.0479765447252976,0.5427592792392609,1.5853676618555155,2.7167190083651542,-0.32029758340480774,162.0,0.41358024691358025,360680.03469619545,4.994827378062632,0.46431382314970626,513.1323705292607,368.0
30,120,20,14,27.0,18.0,0.15,14,27.0,52.0,24,2.0,2.2,18,1.0,5.0,1.25,0.65,False,72,True,48,180,1.25,0.9,0.0,36,1.5907476208939457,1.3010754711984618,2.279471331744363,0.6405701741893304,3.6912623856939435,0.6739644287565627,0.48693332150400415,1.3010754711984618,2.0410772501033545,-0.2956669905739995,86.0,0.4186046511627907,46912.62385693943,4.104406693057735,0.3467447156844109,243.0687669002042,191.0,6.691025040634508,1.771979816990604,0.6193366284517942,1.9416456453877922,3.66337764148236,-0.3395530438737594,69.0,0.4057971014492754,76910.25040634508,4.994827378062632,0.6395106671434523,270.7240145614529,160.0,35.08061648055884,1.0481197147828851,0.5437700120334187,1.583589451011902,2.7098606376157335,-0.3395530438737584,155.0,0.4129032258064516,360806.16480558837,4.994827378062632,0.46388314508592116,513.7927814616571,351.0
30,120,20,14,27.0,18.0,0.15,14,27.0,52.0,24,2.0,2.2,18,1.0,5.0,1.25,0.65,False,72,True,12,90,1.5,0.9,0.0,18,1.5903631486396388,1.3318425975490245,2.3275787917280097,0.449660878306517,3.912234217214733,0.6998430831656564,0.48735682440375494,1.3318425975490245,2.088454521907565,-0.3006742825002664,86.0,0.4186046511627907,49122.34217214733,4.104406693057735,0.34416348893066534,241.78328681201674,191.0,5.272110226726591,1.5033696962536895,0.6170326170574973,1.7815034758555415,3.34522991165813,-0.35072854455693614,73.0,0.3561643835616438,62721.10226726591,4.994827378062632,0.6366671985069369,280.305613570071,168.0,29.810074469868724,0.9844651548080199,0.5429370134094624,1.5270892423126705,2.6060217640852024,-0.35072854455693614,159.0,0.389937106918239,308100.7446986872,4.994827378062632,0.4611969928716914,522.0889003820877,359.0
30,120,20,14,27.0,18.0,0.15,14,27.0,52.0,24,2.0,2.2,18,1.0,5.0,1.25,0.65,False,72,True,48,360,1.25,0.9,0.25,36,1.5890506728740232,1.2990707443698468,2.27101942547135,0.6679486964512937,3.6702823255050365,0.6714654790642058,0.486308968503659,1.2990707443698468,2.0353634215414482,-0.2956669905739988,89.0,0.43820224719101125,46702.82325505037,4.104406693057735,0.3470544750514307,245.29966952370896,201.0,6.926388810788432,1.8140554553112023,0.6188484118437216,1.9670194408211406,3.7180231917453326,-0.34289292389872694,73.0,0.3835616438356164,79263.88810788433,4.994827378062632,0.6390744842878825,267.09883209783527,168.0,36.01847356810614,1.058654840736188,0.5432141762438669,1.5941023794773312,2.7281664941274553,-0.34289292389872583,162.0,0.41358024691358025,370184.7356810614,4.994827378062632,0.4638944459063,512.3985016215443,369.0
30,120,20,14,27.0,18.0,0.15,14,27.0,52.0,24,2.0,2.2,18,1.0,5.0,1.25,0.65,False,72,True,12,360,1.25,0.9,0.25,36,1.5889959071367763,1.3106849415628337,2.1587324556931784,0.620530685605184,3.7459857119504125,0.6804476908395671,0.48594075927354063,1.3106849415628337,2.0568448338754184,-0.3152070508066144,89.0,0.43820224719101125,47459.85711950412,4.104406693057735,0.34571650781704594,245.55124204000447,204.0,6.512855329819674,1.7396985855597111,0.6152990893107233,1.9312156271680176,3.6683309624863645,-0.3112729083562076,73.0,0.3835616438356164,75128.55329819674,4.994827378062632,0.6349560706506904,259.8285028921325,168.0,34.65590405127451,1.0432766265191113,0.5413968024276107,1.583739131827896,2.7173348767709493,-0.3221099411990763,162.0,0.41358024691358025,356559.0405127451,4.994827378062632,0.4614439957378966,505.379744932137,372.0
30,120,20,14,27.0,18.0,0.15,14,27.0,52.0,24,2.0,2.2,18,1.0,5.0,1.25,0.65,False,72,True,12,90,1.25,0.9,0.5,6,1.5886498495325252,1.3400106902296838,2.5261439107876797,0.29016945244541104,3.4334425911099773,0.6427216053810623,0.44221755495312903,1.3400106902296838,2.2151698842915746,-0.25442794554830195,89.0,0.43820224719101125,44334.425911099774,4.104406693057735,0.3186277007513568,267.86963500245525,248.0,3.576074965010222,1.1384344371579682,0.5582146658364698,1.6301801426750948,2.9555641656959946,-0.3639245205667052,73.0,0.3835616438356164,45760.74965010222,4.994827378062632,0.5782333175482592,309.8388282710637,219.0,19.287765649988398,0.8254223360347472,0.4918847863468163,1.4627515810575293,2.529286017467215,-0.363924520566705,162.0,0.41358024691358025,202877.65649988397,4.994827378062632,0.42249836625684983,577.708463273519,467.0
30,120,20,14,27.0,18.0,0.15,14,27.0,52.0,24,2.0,2.2,18,1.0,5.0,1.25,0.65,False,72,True,24,180,1.75,0.9,0.0,6,1.587876394769923,1.378104280721532,2.377229125861626,0.2951773191655229,3.9385088565466333,0.7028681815483637,0.46290657725938505,1.378104280721532,2.2489917178926926,-0.29566699057399837,91.0,0.43956043956043955,49385.08856546633,4.104406693057735,0.3375646756291257,253.12048294143042,201.0,3.94548266960408,1.2230336044052006,0.5714173293770254,1.673281599887055,3.0268110109443347,-0.37944292829300863,80.0,0.4,49454.8266960408,4.994827378062632,0.6021166828280669,297.5161076168665,182.0,23.42330996373767,0.8944025742292816,0.5090664244513168,1.5030969323239463,2.5758292282425224,-0.37944292829300785,171.0,0.42105263157894735,244233.0996373767,4.994827378062632,0.44341443877221587,550.6365905582969,383.0
30,120,20,14,27.0,18.0,0.15,14,27.0,52.0,24,2.0,2.2,18,1.0,5.0,1.25,0.65,False,72,True,24,180,1.75,1.1,0.0,6,1.587876394769923,1.378104280721532,2.377229125861626,0.2951773191655229,3.9385088565466333,0.7028681815483637,0.46290657725938505,1.378104280721532,2.2489917178926926,-0.29566699057399837,91.0,0.43956043956043955,49385.08856546633,4.104406693057735,0.3375646756291257,253.12048294143042,201.0,3.94548266960408,1.2230336044052006,0.5714173293770254,1.673281599887055,3.0268110109443347,-0.37944292829300863,80.0,0.4,49454.8266960408,4.994827378062632,0.6021166828280669,297.5161076168665,182.0,23.42330996373767,0.8944025742292816,0.5090664244513168,1.5030969323239463,2.5758292282425224,-0.37944292829300785,171.0,0.42105263157894735,244233.0996373767,4.994827378062632,0.44341443877221587,550.6365905582969,383.0
30,120,20,14,27.0,18.0,0.15,14,27.0,52.0,24,2.0,2.2,18,1.0,5.0,1.25,0.65,False,72,True,12,180,1.75,0.9,0.75,6,1.5874909741488414,1.3685656615403292,2.3218239964592913,0.3784162923599661,3.8007714182722756,0.6868886098572218,0.4574004054903216,1.3685656615403292,2.2369812150077437,-0.29584008559852315,89.0,0.43820224719101125,48007.71418272275,4.104406693057735,0.33501594690538705,250.52080219856472,212.0,4.294000791011004,1.299995264608719,0.5646484224960628,1.7469819539002953,3.16280533748275,-0.35289112607693274,73.0,0.3835616438356164,52940.00791011004,4.994827378062632,0.6002323926132622,283.3386083974684,184.0,24.41528768579643,0.9095422536314612,0.5030271373861208,1.5309797393031317,2.62687609104508,-0.3528911260769323,162.0,0.41358024691358025,254152.8768579643,4.994827378062632,0.44113155818752,533.8594105960331,396.0
30,120,20,14,27.0,18.0,0.15,14,27.0,52.0,24,2.0,2.2,18,1.0,5.0,1.25,0.65,False,72,True,12,180,1.75,1.1,0.75,6,1.5874909741488414,1.3685656615403292,2.3218239964592913,0.3784162923599661,3.8007714182722756,0.6868886098572218,0.4574004054903216,1.3685656615403292,2.2369812150077437,-0.29584008559852315,89.0,0.43820224719101125,48007.71418272275,4.104406693057735,0.33501594690538705,250.52080219856472,212.0,4.294000791011004,1.299995264608719,0.5646484224960628,1.7469819539002953,3.16280533748275,-0.35289112607693274,73.0,0.3835616438356164,52940.00791011004,4.994827378062632,0.6002323926132622,283.3386083974684,184.0,24.41528768579643,0.9095422536314612,0.5030271373861208,1.5309797393031317,2.62687609104508,-0.3528911260769323,162.0,0.41358024691358025,254152.8768579643,4.994827378062632,0.44113155818752,533.8594105960331,396.0
30,120,20,14,27.0,18.0,0.15,14,27.0,52.0,24,2.0,2.2,18,1.0,5.0,1.25,0.65,False,72,True,48,180,1.5,0.9,0.25,6,1.5874617723772004,1.3734345933823144,2.36599658758039,0.3230329413292019,3.909668377916259,0.6995470907582433,0.46314957867034195,1.3734345933823144,2.239090468739092,-0.29566699057399826,89.0,0.43820224719101125,49096.683779162595,4.104406693057735,0.33733660477024213,254.80832003073354,207.0,4.076690066507094,1.2523164949170704,0.5712633365412777,1.6964675347115163,3.0705455090630047,-0.36837878213645825,73.0,0.3835616438356164,50766.90066507094,4.994827378062632,0.5999265942149044,301.1459801055659,189.0,23.92486468401138,0.9021176216096314,0.509130901684004,1.510958119283382,2.5884591296155723,-0.36837878213645814,162.0,0.41358024691358025,249248.6468401138,4.994827378062632,0.4424013460313522,555.9543001362995,396.0
30,120,20,14,27.0,18.0,0.15,14,27.0,52.0,24,2.0,2.2,18,1.0,5.0,1.25,0.65,False,72,True,48,180,1.5,1.1,0.25,6,1.5874617723772004,1.3734345933823144,2.36599658758039,0.3230329413292019,3.909668377916259,0.6995470907582433,0.46314957867034195,1.3734345933823144,2.239090468739092,-0.29566699057399826,89.0,0.43820224719101125,49096.683779162595,4.104406693057735,0.33733660477024213,254.80832003073354,207.0,4.076690066507094,1.2523164949170704,0.5712633365412777,1.6964675347115163,3.0705455090630047,-0.36837878213645825,73.0,0.3835616438356164,50766.90066507094,4.994827378062632,0.5999265942149044,301.1459801055659,189.0,23.92486468401138,0.9021176216096314,0.509130901684004,1.510958119283382,2.5884591296155723,-0.36837878213645814,162.0,0.41358024691358025,249248.6468401138,4.994827378062632,0.4424013460313522,555.9543001362995,396.0
30,120,20,14,27.0,18.0,0.15,14,27.0,52.0,24,2.0,2.2,18,1.0,5.0,1.25,0.65,False,72,True,48,90,1.25,1.1,0.75,18,1.5867845769850233,1.3585939784291678,2.3243398130092774,0.37328827798889885,3.8407533910245526,0.6915582511298846,0.46559892052597873,1.3585939784291678,2.2048006215766667,-0.2975288928319554,89.0,0.43820224719101125,48407.533910245525,4.104406693057735,0.3434138109735156,247.2114581453907,204.0,4.4738919786891955,1.3387281488369096,0.5863556580230682,1.7318822564180667,3.1035322612921687,-0.35301661811809026,73.0,0.3835616438356164,54738.91978689195,4.994827378062632,0.6307578972947497,287.44936578247746,190.0,25.4977611579419,0.9255329118759528,0.5172727853529115,1.5189253948904693,2.586251897674014,-0.3530166181180898,162.0,0.41358024691358025,264977.611579419,4.994827378062632,0.45838290079334165,534.6608239278681,394.0
30,120,20,14,27.0,18.0,0.15,14,27.0,52.0,24,2.0,2.2,18,1.0,5.0,1.25,0.65,False,72,True,24,180,1.25,0.9,0.5,36,1.586722928508443,1.3113999807495151,2.179508431408899,0.6176270703181139,3.767697510006692,0.6830061528026632,0.4873722361422283,1.3113999807495151,2.0556359899967696,-0.31337623794423575,89.0,0.43820224719101125,47676.97510006692,4.104406693057735,0.34721194600569866,243.1320595498904,199.0,6.517346319264683,1.7405169500066933,0.6165559882467677,1.929027051067629,3.6592925145117463,-0.3189832745249078,73.0,0.3835616438356164,75173.46319264683,4.994827378062632,0.6395786444872185,270.0416370436861,169.0,34.840433328216285,1.045386493315823,0.5427387926711266,1.583076530066091,2.712615746665457,-0.32029758340480685,162.0,0.41358024691358025,358404.33328216284,4.994827378062632,0.4641906305103461,513.1736965935766,368.0
30,120,20,14,27.0,18.0,0.15,14,27.0,52.0,24,2.0,2.2,18,1.0,5.0,1.25,0.65,False,72,True,24,90,1.5,0.9,0.25,18,1.5850374676038517,1.3453992777442032,2.220917724477957,0.5214287539852227,4.01860047940455,0.7120237396839171,0.48796649393975794,1.3453992777442032,2.1119422041489804,-0.32059888209108844,89.0,0.43820224719101125,50186.004794045504,4.104406693057735,0.34706482130707594,247.0521737400208,199.0,5.997241817967522,1.6440566494825615,0.618629494920792,1.866828031729426,3.5137427365233456,-0.3528911260769323,73.0,0.3835616438356164,69972.41817967522,4.994827378062632,0.6399811662464792,281.9746261307138,172.0,34.1163611421613,1.0370570910055261,0.5439959194020149,1.573216211266803,2.6894347032949897,-0.3528911260769323,162.0,0.41358024691358025,351163.611421613,4.994827378062632,0.46426342456416614,529.0267998707345,371.0
30,120,20,14,27.0,18.0,0.15,14,27.0,52.0,24,2.0,2.2,18,1.0,5.0,1.25,0.65,False,72,True,48,180,1.75,0.9,0.0,6,1.584767375032355,1.3756971818054173,2.3710716116563844,0.2975844180816376,3.9226849794067338,0.7010476078538841,0.46295630659804216,1.3756971818054173,2.245070192060489,-0.2956669905739987,91.0,0.43956043956043955,49226.84979406734,4.104406693057735,0.3383243476630384,251.64118057277503,201.0,3.94548266960408,1.2230336044052006,0.5714173293770254,1.673281599887055,3.0268110109443347,-0.37944292829300863,80.0,0.4,49454.8266960408,4.994827378062632,0.6021166828280669,297.5161076168665,182.0,23.345053253576353,0.8931874014840042,0.5090936207207662,1.5017843336529568,2.5735787600024707,-0.37944292829300785,171.0,0.42105263157894735,243450.53253576354,4.994827378062632,0.4438701588319688,549.1572881896415,383.0
30,120,20,14,27.0,18.0,0.15,14,27.0,52.0,24,2.0,2.2,18,1.0,5.0,1.25,0.65,False,72,True,48,180,1.75,1.1,0.0,6,1.584767375032355,1.3756971818054173,2.3710716116563844,0.2975844180816376,3.9226849794067338,0.7010476078538841,0.46295630659804216,1.3756971818054173,2.245070192060489,-0.2956669905739987,91.0,0.43956043956043955,49226.84979406734,4.104406693057735,0.3383243476630384,251.64118057277503,201.0,3.94548266960408,1.2230336044052006,0.5714173293770254,1.673281599887055,3.0268110109443347,-0.37944292829300863,80.0,0.4,49454.8266960408,4.994827378062632,0.6021166828280669,297.5161076168665,182.0,23.345053253576353,0.8931874014840042,0.5090936207207662,1.5017843336529568,2.5735787600024707,-0.37944292829300785,171.0,0.42105263157894735,243450.53253576354,4.994827378062632,0.4438701588319688,549.1572881896415,383.0
30,120,20,14,27.0,18.0,0.15,14,27.0,52.0,24,2.0,2.2,18,1.0,5.0,1.25,0.65,False,72,True,24,360,1.25,1.1,0.75,18,1.5831236142476621,1.3522507126507677,2.3236819194900664,0.3769342787874419,3.784790499852825,0.685014886934725,0.46456178455435576,1.3522507126507677,2.1941673972650326,-0.2947971842398516,89.0,0.43820224719101125,47847.904998528255,4.104406693057735,0.3426023238229113,248.19392761393863,210.0,4.4647469001117335,1.3367745993094355,0.5870068055424146,1.7291849914382096,3.0973523254957396,-0.34968813064572557,73.0,0.3835616438356164,54647.46900111734,4.994827378062632,0.6319754368235025,288.0081128974126,196.0,25.147669051754647,0.9204193563901621,0.5170091201535046,1.5142936129730293,2.5780147166058547,-0.3496881306457259,162.0,0.41358024691358025,261476.69051754646,4.994827378062632,0.4583832464301539,536.2020405113512,406.0
30,120,20,14,27.0,18.0,0.15,14,27.0,52.0,24,2.0,2.2,18,1.0,5.0,1.25,0.65,False,72,True,24,180,1.5,0.9,0.0,18,1.5816570972928856,1.3320472965956889,2.268388432807133,0.5261697974167607,3.663764235921014,0.6706875813809547,0.46553781865054467,1.3320472965956889,2.1618559446096843,-0.2956669905739989,89.0,0.42696629213483145,46637.642359210135,4.104406693057735,0.3426358494759676,248.94058106509118,197.0,5.923892606867763,1.6301681811945445,0.6186789828759683,1.8582170940124496,3.497264085391387,-0.3567632801237617,76.0,0.3684210526315789,69238.92606867763,4.994827378062632,0.6394529856189312,285.4431525036098,174.0,31.291402713267637,1.0031847608892819,0.532101457078274,1.5634225015918237,2.7326477268235,-0.35676328012376113,165.0,0.4,322914.0271326764,4.994827378062632,0.46139519623048675,534.3837335687009,371.0
30,120,20,14,27.0,18.0,0.15,14,27.0,52.0,24,2.0,2.2,18,1.0,5.0,1.25,0.65,False,72,True,24,180,1.5,1.1,0.0,18,1.5816570972928856,1.3320472965956889,2.268388432807133,0.5261697974167607,3.663764235921014,0.6706875813809547,0.46553781865054467,1.3320472965956889,2.1618559446096843,-0.2956669905739989,89.0,0.42696629213483145,46637.642359210135,4.104406693057735,0.3426358494759676,248.94058106509118,197.0,5.923892606867763,1.6301681811945445,0.6186789828759683,1.8582170940124496,3.497264085391387,-0.3567632801237617,76.0,0.3684210526315789,69238.92606867763,4.994827378062632,0.6394529856189312,285.4431525036098,174.0,31.291402713267637,1.0031847608892819,0.532101457078274,1.5634225015918237,2.7326477268235,-0.35676328012376113,165.0,0.4,322914.0271326764,4.994827378062632,0.46139519623048675,534.3837335687009,371.0
30,120,20,14,27.0,18.0,0.15,14,27.0,52.0,24,2.0,2.2,18,1.0,5.0,1.25,0.65,False,72,True,12,360,1.5,1.1,0.5,18,1.5813289360868743,1.3184920624263623,2.2858204686627572,0.5353489567272982,3.803632315955354,0.6872236039657635,0.48623458341545106,1.3184920624263623,2.0649180831736795,-0.30064636019634594,89.0,0.43820224719101125,48036.32315955354,4.104406693057735,0.34648545138086373,250.0261928195757,207.0,5.883347238870473,1.622459433990929,0.618497146514741,1.8538410191536605,3.48768281352526,-0.34761899312989764,73.0,0.3835616438356164,68833.47238870473,4.994827378062632,0.6395055275944574,281.40851936690365,179.0,32.06506923858037,1.0126898484852336,0.5430053609685397,1.5529592485211716,2.651559073422551,-0.34761899312989797,162.0,0.41358024691358025,330650.6923858037,4.994827378062632,0.4637255585029968,531.4347121864793,386.0
30,120,20,14,27.0,18.0,0.15,14,27.0,52.0,24,2.0,2.2,18,1.0,5.0,1.25,0.65,False,72,True,48,360,1.25,0.9,0.75,18,1.5807933885438235,1.351429796108598,2.3145021369455017,0.38364090269041995,3.778888876956077,0.6843218815077667,0.4645285818257595,1.351429796108598,2.192678614627474,-0.29566699057399926,89.0,0.43820224719101125,47788.88876956077,4.104406693057735,0.3426271466780527,248.098850170158,209.0,4.5064818794188914,1.3456766824809967,0.5872899105248848,1.7350706987990179,3.1109348342601693,-0.3496881306457267,73.0,0.3835616438356164,55064.81879418891,4.994827378062632,0.6315670312084305,289.25570060011694,197.0,25.314865004715173,0.9228682622614255,0.5171201790505641,1.516526793780853,2.5829783893056666,-0.34968813064572624,162.0,0.41358024691358025,263148.6500471517,4.994827378062632,0.45823473047209007,537.354550770275,406.0
30,120,20,14,27.0,18.0,0.15,14,27.0,52.0,24,2.0,2.2,18,1.0,5.0,1.25,0.65,False,72,True,48,360,1.25,1.1,0.75,18,1.5807933885438235,1.351429796108598,2.3145021369455017,0.38364090269041995,3.778888876956077,0.6843218815077667,0.4645285818257595,1.351429796108598,2.192678614627474,-0.29566699057399926,89.0,0.43820224719101125,47788.88876956077,4.104406693057735,0.3426271466780527,248.098850170158,209.0,4.5064818794188914,1.3456766824809967,0.5872899105248848,1.7350706987990179,3.1109348342601693,-0.3496881306457267,73.0,0.3835616438356164,55064.81879418891,4.994827378062632,0.6315670312084305,289.25570060011694,197.0,25.314865004715173,0.9228682622614255,0.5171201790505641,1.516526793780853,2.5829783893056666,-0.34968813064572624,162.0,0.41358024691358025,263148.6500471517,4.994827378062632,0.45823473047209007,537.354550770275,406.0
30,120,20,14,27.0,18.0,0.15,14,27.0,52.0,24,2.0,2.2,18,1.0,5.0,1.25,0.65,False,72,True,12,360,1.25,0.9,0.75,6,1.5800842472807348,1.361248646566278,2.3768282591420316,0.31928707275161927,3.6248858697752873,0.6660325441927453,0.44735301526744137,1.361248646566278,2.2417400517191335,-0.2802190447000005,89.0,0.43820224719101125,46248.858697752876,4.104406693057735,0.328352264396298,255.9679860612784,248.0,3.875162358682716,1.2071794593263743,0.561342568689596,1.6805357193178974,3.049232442001983,-0.3588113076858297,73.0,0.3835616438356164,48751.62358682716,4.994827378062632,0.5897334016248048,300.3800164515334,227.0,21.547069505532058,0.8643678648817443,0.4960773963502864,1.497106016720235,2.583730415942726,-0.3588113076858295,162.0,0.41358024691358025,225470.69505532057,4.994827378062632,0.432933332439012,556.3480025128117,475.0
30,120,20,14,27.0,18.0,0.15,14,27.0,52.0,24,2.0,2.2,18,1.0,5.0,1.25,0.65,False,72,True,24,90,1.5,0.9,0.25,36,1.5794720305920835,1.3363544233226952,2.197992306148999,0.5641347580455116,3.9542368706315125,0.7046738761961806,0.4880961446631119,1.3363544233226952,2.098079587078113,-0.32059888209108756,89.0,0.43820224719101125,49542.36870631512,4.104406693057735,0.34733696329351516,244.86570183614748,198.0,6.321951344376082,1.7046821883805996,0.6200556098271554,1.9004891813682068,3.5808546025142007,-0.3528911260769323,73.0,0.3835616438356164,73219.51344376082,4.994827378062632,0.6428430882177761,278.6089488367507,168.0,35.27468131527771,1.0503175093515624,0.5447175300782531,1.5837466232959005,2.709374430923927,-0.3528911260769326,162.0,0.41358024691358025,362746.8131527771,4.994827378062632,0.46557176204536777,523.4746506728982,366.0
30,120,20,14,27.0,18.0,0.15,14,27.0,52.0,24,2.0,2.2,18,1.0,5.0,1.25,0.65,False,72,True,12,360,1.25,0.9,0.25,18,1.579219073324126,1.310860734210764,2.341418413540962,0.48528324392764843,3.729712169578246,0.6785249380242988,0.48445803862939496,1.310860734210764,2.055192121942544,-0.28979226186154206,89.0,0.43820224719101125,47297.12169578246,4.104406693057735,0.34187876454155874,251.8703742019607,211.0,5.3794737774124854,1.5246948664927529,0.6165603140028216,1.7961439781384125,3.3755503193202454,-0.3455579427154638,73.0,0.3835616438356164,63794.73777412486,4.994827378062632,0.6345163609639279,287.9060733630462,188.0,29.173074760533126,0.9761932935793414,0.5411654628582074,1.5225926752611443,2.600228485388784,-0.3455579427154645,162.0,0.41358024691358025,301730.74760533124,4.994827378062632,0.458965837877493,539.7764475650068,399.0
30,120,20,14,27.0,18.0,0.15,14,27.0,52.0,24,2.0,2.2,18,1.0,5.0,1.25,0.65,False,72,True,48,360,1.25,1.1,0.0,36,1.5791455138369495,1.293429881566984,2.2586241037811985,0.6482157638208081,3.639626857558169,0.6678005916028831,0.4869916470376692,1.293429881566984,2.025920173298999,-0.29566699057399926,87.0,0.41379310344827586,46396.26857558169,4.104406693057735,0.34744679594371575,245.3936074092529,193.0,6.691025040634508,1.771979816990604,0.6193366284517942,1.9416456453877922,3.66337764148236,-0.3395530438737594,69.0,0.4057971014492754,76910.25040634508,4.994827378062632,0.6395106671434523,270.7240145614529,160.0,34.68348634068033,1.0435925507748527,0.543801760434318,1.579473584552863,2.7004085911896536,-0.33955304387375773,156.0,0.41025641025641024,356834.86340680334,4.994827378062632,0.4643043163854276,516.1176219707057,353.0
30,120,20,14,27.0,18.0,0.15,14,27.0,52.0,24,2.0,2.2,18,1.0,5.0,1.25,0.65,False,72,True,12,180,1.25,1.1,0.5,18,1.5772649147503213,1.323905032688419,2.2761170642005695,0.49560953397315344,3.5800551934671523,0.6606323161550742,0.4629255291609716,1.323905032688419,2.149113510991217,-0.2902453158256626,89.0,0.43820224719101125,45800.55193467152,4.104406693057735,0.3393448513344775,251.62719574734993,213.0,5.578078046631906,1.5636748525052235,0.6173174034503579,1.8195145666615724,3.4187237467454126,-0.34761899312989697,73.0,0.3835616438356164,65780.78046631906,4.994827378062632,0.636993193857455,279.5694577919903,181.0,29.127960520508676,0.9756021748618013,0.5300960339304841,1.5411941160234532,2.692625150307258,-0.3476189931298983,162.0,0.41358024691358025,301279.60520508676,4.994827378062632,0.45843677163239577,531.1966535393402,394.0
30,120,20,14,27.0,18.0,0.15,14,27.0,52.0,24,2.0,2.2,18,1.0,5.0,1.25,0.65,False,72,True,12,90,1.5,1.1,0.25,18,1.5763087412597265,1.3307454413949542,2.262554724167639,0.4779344352147865,3.9055144890926448,0.699067683996381,0.48745021785298814,1.3307454413949542,2.086831613159817,-0.30897271855095476,89.0,0.43820224719101125,49055.14489092644,4.104406693057735,0.346048602903145,245.42624087639973,201.0,5.4879459527470615,1.5460586900027247,0.6171472931043452,1.8086798766097407,3.3969123540773944,-0.35127701751175733,73.0,0.3835616438356164,64879.459527470615,4.994827378062632,0.6377688352492306,279.92009976396736,177.0,30.82671287565067,0.9973877626313763,0.5430410387777648,1.5388495581913495,2.6264035575260714,-0.35127701751175766,162.0,0.41358024691358025,318267.1287565067,4.994827378062632,0.4627686301855689,525.3463406403671,378.0
30,120,20,14,27.0,18.0,0.15,14,27.0,52.0,24,2.0,2.2,18,1.0,5.0,1.25,0.65,False,72,True,24,90,1.5,1.1,0.75,6,1.5751695444957616,1.3623320069390596,2.306664622613321,0.3481231575859236,3.762580339002196,0.6824038594010087,0.45762245576350713,1.3623320069390596,2.2247780815081897,-0.2958400855985226,89.0,0.43820224719101125,47625.80339002196,4.104406693057735,0.3347314207819535,251.96205308263515,216.0,4.118120680446094,1.2614841495917508,0.5678898575861646,1.7104551645249833,3.088274361551354,-0.3528911260769323,73.0,0.3835616438356164,51181.20680446095,4.994827378062632,0.5998109190058876,286.81484750982867,189.0,23.375460925333062,0.8936599435275427,0.504604418198007,1.5112084375324681,2.589109173205126,-0.3528911260769326,162.0,0.41358024691358025,243754.60925333062,4.994827378062632,0.4407922380789956,538.7769005924638,405.0
30,120,20,14,27.0,18.0,0.15,14,27.0,52.0,24,2.0,2.2,18,1.0,5.0,1.25,0.65,False,72,True,12,180,1.25,1.1,0.0,36,1.5749448954675846,1.312344729474614,2.094998212787114,0.6033974210773569,3.761693492697402,0.6822994333200274,0.48630004406214355,1.312344729474614,2.060200334524198,-0.32568019827201644,86.0,0.4069767441860465,47616.93492697402,4.104406693057735,0.3459811111974896,244.26683581040413,191.0,6.370699984023878,1.7136668635525982,0.6152794184739853,1.915742150551971,3.6388686620621735,-0.3079444080020427,65.0,0.36923076923076925,73706.99984023877,4.994827378062632,0.6352101096560603,257.9034415343863,152.0,34.09701415055148,1.036832654152076,0.5415801336165051,1.577557922381434,2.7070820478162134,-0.33247751662390324,151.0,0.39072847682119205,350970.1415055148,4.994827378062632,0.46170437221183847,502.1702773447904,343.0
30,120,20,14,27.0,18.0,0.15,14,27.0,52.0,24,2.0,2.2,18,1.0,5.0,1.25,0.65,False,72,True,24,90,1.5,0.9,0.75,6,1.5749333684760467,1.3623320069390596,2.306664622613321,0.34534980915494917,3.762580339002196,0.6824038594010087,0.45762245576350713,1.3623320069390596,2.2247780815081897,-0.2958400855985226,89.0,0.43820224719101125,47625.80339002196,4.104406693057735,0.3347314207819535,251.96205308263515,216.0,4.10520022708516,1.2586291429019325,0.5681628544200057,1.7076818160940088,3.0828658733364662,-0.35289112607693296,73.0,0.3835616438356164,51052.002270851604,4.994827378062632,0.600393132508836,287.0131500433172,189.0,23.313926228185384,0.8927031911688221,0.5047272431055038,1.5099618620305448,2.586868707440779,-0.3528911260769322,162.0,0.41358024691358025,243139.26228185385,4.994827378062632,0.4410251872145486,538.9752031259522,405.0
30,120,20,14,27.0,18.0,0.15,14,27.0,52.0,24,2.0,2.2,18,1.0,5.0,1.25,0.65,False,72,True,12,360,1.5,0.9,0.5,18,1.5746927863514346,1.3160486651831158,2.2603452687931815,0.547287214589135,3.7864708008194343,0.685212094139424,0.486229188305082,1.3160486651831158,2.0610743723418996,-0.3031448795012033,89.0,0.43820224719101125,47864.70800819434,4.104406693057735,0.34628897582353146,250.05714944769676,207.0,5.963329847696726,1.6376446102368112,0.6184166398240565,1.8633358797722508,3.5062685673705145,-0.3476189931298974,73.0,0.3835616438356164,69633.29847696726,4.994827378062632,0.639322650896932,280.60642217155686,178.0,32.32977499247483,1.0159011102274977,0.5429664952730294,1.5559663569917317,2.6569034050956573,-0.34761899312989697,162.0,0.41358024691358025,333297.7499247483,4.994827378062632,0.46353452397824185,530.6635716192536,385.0
30,120,20,14,27.0,18.0,0.15,14,27.0,52.0,24,2.0,2.2,18,1.0,5.0,1.25,0.65,False,72,True,48,180,1.25,0.9,0.75,18,1.572407205774733,1.3456321588160454,2.2996594984341345,0.3864714750003586,3.741629301180999,0.6799334032469309,0.4646262798695269,1.3456321588160454,2.1826675733589065,-0.29566699057399826,89.0,0.43820224719101125,47416.29301180999,4.104406693057735,0.34273548310582813,248.57031879034517,208.0,4.490545898335804,1.3422815297121948,0.5875482454686423,1.732103633816404,3.104445143119166,-0.34968813064572624,73.0,0.3835616438356164,54905.45898335804,4.994827378062632,0.6322139298822113,288.3813805919051,193.0,25.034133311028242,0.9187492556689791,0.5172902844062757,1.512055970170107,2.5745545635589187,-0.34968813064572657,162.0,0.41358024691358025,260341.33311028243,4.994827378062632,0.45855855075417845,536.9516993822504,401.0
30,120,20,14,27.0,18.0,0.15,14,27.0,52.0,24,2.0,2.2,18,1.0,5.0,1.25,0.65,False,72,True,48,180,1.25,1.1,0.75,18,1.572407205774733,1.3456321588160454,2.2996594984341345,0.3864714750003586,3.741629301180999,0.6799334032469309,0.4646262798695269,1.3456321588160454,2.1826675733589065,-0.29566699057399826,89.0,0.43820224719101125,47416.29301180999,4.104406693057735,0.34273548310582813,248.57031879034517,208.0,4.490545898335804,1.3422815297121948,0.5875482454686423,1.732103633816404,3.104445143119166,-0.34968813064572624,73.0,0.3835616438356164,54905.45898335804,4.994827378062632,0.6322139298822113,288.3813805919051,193.0,25.034133311028242,0.9187492556689791,0.5172902844062757,1.512055970170107,2.5745545635589187,-0.34968813064572657,162.0,0.41358024691358025,260341.33311028243,4.994827378062632,0.45855855075417845,536.9516993822504,401.0
30,120,20,14,27.0,18.0,0.15,14,27.0,52.0,24,2.0,2.2,18,1.0,5.0,1.25,0.65,False,72,True,12,360,1.25,1.1,0.25,18,1.5714865613152202,1.3092020653380605,2.323624259652715,0.47445303345045886,3.71867708568674,0.6772186091715433,0.48448890242237436,1.3092020653380605,2.052574987666806,-0.2914492764302432,89.0,0.43820224719101125,47186.7708568674,4.104406693057735,0.3427115300815826,251.67112088535407,211.0,5.283265970593624,1.5055939721165346,0.6166525503837568,1.7836550987885194,3.3513545057499488,-0.34555794271546425,73.0,0.3835616438356164,62832.65970593624,4.994827378062632,0.634757179319511,288.9623026706337,189.0,28.648703158715406,0.9692784754222568,0.5412234273845993,1.5160136947682243,2.588746787803265,-0.3455579427154647,162.0,0.41358024691358025,296487.0315871541,4.994827378062632,0.4595617597438298,540.6334235559877,400.0
30,120,20,14,27.0,18.0,0.15,14,27.0,52.0,24,2.0,2.2,18,1.0,5.0,1.25,0.65,False,72,True,48,90,1.25,0.9,0.5,36,1.5712726669894106,1.3196809630216433,2.2067838020309023,0.593425038561892,3.821254244421567,0.6892840996464187,0.4869916645462787,1.3196809630216433,2.0698167316453286,-0.31234781540995127,89.0,0.43820224719101125,48212.54244421567,4.104406693057735,0.3472359470112756,243.5713093102637,199.0,6.429362122860043,1.7244393417587798,0.6196306013838998,1.9131060015835353,3.6079830029178344,-0.35289112607693307,73.0,0.3835616438356164,74293.62122860043,4.994827378062632,0.6414964338247618,276.5451981457129,168.0,34.818843668183646,1.0451400914960192,0.5439323481040457,1.580606239158364,2.703945994215297,-0.3528911260769323,162.0,0.41358024691358025,358188.4366818365,4.994827378062632,0.46497235415996657,520.1165074559766,367.0
30,120,20,14,27.0,18.0,0.15,14,27.0,52.0,24,2.0,2.2,18,1.0,5.0,1.25,0.65,False,72,True,12,90,1.75,0.9,0.75,6,1.5712152234360939,1.3570741094036263,2.293053522358666,0.37574477163151987,3.7284628854923216,0.6783771503365803,0.4576272417630074,1.3570741094036263,2.216133826033933,-0.29584008559852204,89.0,0.43820224719101125,47284.62885492322,4.104406693057735,0.33493283851183203,251.07750682178565,213.0,4.247792515874055,1.2899401783168218,0.567716838572888,1.7328188810351461,3.130673680740502,-0.3528911260769324,73.0,0.3835616438356164,52477.92515874055,4.994827378062632,0.6011587463842026,281.8555895566444,181.0,23.8139921420747,0.9004229168638076,0.5045302831076185,1.518410001870564,2.6021594635256755,-0.3528911260769324,162.0,0.41358024691358025,248139.921420747,4.994827378062632,0.44145234516465254,532.93309637843,394.0
30,120,20,14,27.0,18.0,0.15,14,27.0,52.0,24,2.0,2.2,18,1.0,5.0,1.25,0.65,False,72,True,12,90,1.75,1.1,0.75,6,1.5712152234360939,1.3570741094036263,2.293053522358666,0.37574477163151987,3.7284628854923216,0.6783771503365803,0.4576272417630074,1.3570741094036263,2.216133826033933,-0.29584008559852204,89.0,0.43820224719101125,47284.62885492322,4.104406693057735,0.33493283851183203,251.07750682178565,213.0,4.247792515874055,1.2899401783168218,0.567716838572888,1.7328188810351461,3.130673680740502,-0.3528911260769324,73.0,0.3835616438356164,52477.92515874055,4.994827378062632,0.6011587463842026,281.8555895566444,181.0,23.8139921420747,0.9004229168638076,0.5045302831076185,1.518410001870564,2.6021594635256755,-0.3528911260769324,162.0,0.41358024691358025,248139.921420747,4.994827378062632,0.44145234516465254,532.93309637843,394.0
30,120,20,14,27.0,18.0,0.15,14,27.0,52.0,24,2.0,2.2,18,1.0,5.0,1.25,0.65,False,72,True,24,360,1.25,0.9,0.75,18,1.570598954528683,1.3488727444717123,2.288318638125278,0.37121972195080866,3.7618697587412733,0.6823201896649036,0.46452720556147054,1.3488727444717123,2.1885440032462222,-0.2981753407488301,89.0,0.43820224719101125,47618.69758741273,4.104406693057735,0.3423091602810191,248.25130608747156,210.0,4.410040256569426,1.3250539888819541,0.5872651575777539,1.720092466422521,3.0817545524907106,-0.34968813064572724,73.0,0.3835616438356164,54100.402565694254,4.994827378062632,0.6316325016087707,288.31067046145665,196.0,24.76190709133086,0.9147209666572607,0.5171075645760485,1.508345430518647,2.5681277477387083,-0.3496881306457258,162.0,0.41358024691358025,257619.0709133086,4.994827378062632,0.45807016877066675,536.5619765489281,406.0
30,120,20,14,27.0,18.0,0.15,14,27.0,52.0,24,2.0,2.2,18,1.0,5.0,1.25,0.65,False,72,True,12,360,1.25,1.1,0.5,6,1.5697199691766939,1.3590200323504713,2.4051863651954357,0.23722754014611813,3.583116231828214,0.661002161820126,0.44512067619232026,1.3590200323504713,2.244719097187187,-0.27482367744356295,89.0,0.43820224719101125,45831.16231828214,4.104406693057735,0.3254283697014801,265.1786090117697,248.0,3.3996406085244333,1.0968234723093295,0.5575615892648,1.5962475724965894,2.8908620473110638,-0.36263277085584555,73.0,0.3835616438356164,43996.406085244336,4.994827378062632,0.5791440840352672,316.4673162158189,225.0,19.164064287138828,0.8231915556564666,0.4931553437652007,1.457795617219457,2.5174985400932,-0.36263277085584666,162.0,0.41358024691358025,201640.64287138826,4.994827378062632,0.4269424294595525,581.6459252275886,473.0
30,120,20,14,27.0,18.0,0.15,14,27.0,52.0,24,2.0,2.2,18,1.0,5.0,1.25,0.65,False,72,True,12,180,1.5,0.9,0.25,18,1.5692127040298078,1.3212545396223438,2.2418155165987277,0.5017608035326606,3.8316868973963576,0.6905016029154529,0.48693622743909865,1.3212545396223438,2.0720130867644055,-0.3080100025193325,89.0,0.43820224719101125,48316.868973963574,4.104406693057735,0.34621061674154907,247.45186682157777,202.0,5.601327071596365,1.5681992123744806,0.6169885256685252,1.8230153431550045,3.425110455455835,-0.3455579427154647,73.0,0.3835616438356164,66013.27071596365,4.994827378062632,0.6366983645156603,279.52602791780447,178.0,30.895545517260032,0.9982507032712655,0.542693496933998,1.5402791837274512,2.6295359985526168,-0.3455579427154638,162.0,0.41358024691358025,318955.45517260034,4.994827378062632,0.4624375152762373,526.9778947393822,380.0
30,120,20,14,27.0,18.0,0.15,14,27.0,52.0,24,2.0,2.2,18,1.0,5.0,1.25,0.65,False,72,True,12,180,1.25,0.9,0.75,6,1.5677812572094396,1.3539442192379372,2.3436012303293903,0.3420746349122221,3.569107948115721,0.6593082804555059,0.44648704209536244,1.3539442192379372,2.23210200261114,-0.28132272330427177,89.0,0.43820224719101125,45691.07948115721,4.104406693057735,0.32705631668851626,256.9499908798132,249.0,3.958320935888964,1.2259158693059113,0.5611299820891059,1.6960188541501593,3.079401627707207,-0.3588113076858298,73.0,0.3835616438356164,49583.209358889646,4.994827378062632,0.5896220891129984,298.32284529098445,221.0,21.655103597478803,0.8661505013440691,0.4955138791850864,1.5001593795092536,2.5914906478514093,-0.3588113076858298,162.0,0.41358024691358025,226551.035974788,4.994827378062632,0.43211136849053955,555.2728361707976,470.0
30,120,20,14,27.0,18.0,0.15,14,27.0,52.0,24,2.0,2.2,18,1.0,5.0,1.25,0.65,False,72,True,12,360,1.5,0.9,0.0,36,1.5670631837314049,1.307485145660729,2.181113262303187,0.6099497724753888,3.7434970711693927,0.6801539377577417,0.48762739187798865,1.307485145660729,2.050740479343741,-0.3118379726138204,86.0,0.4186046511627907,47434.970711693924,4.104406693057735,0.34674958606587714,243.287375649804,191.0,6.4579547316656525,1.7296745484289535,0.6190443678148222,1.9174349181361179,3.6159782004010097,-0.3395530438737584,68.0,0.39705882352941174,74579.54731665652,4.994827378062632,0.6388783815095406,268.74875483928315,158.0,34.376786426569915,1.0400685956575106,0.5440077003697267,1.5759007911305234,2.6954105473231498,-0.33955304387375873,154.0,0.4090909090909091,353767.8642656991,4.994827378062632,0.46363308331235664,512.0361304890872,349.0
30,120,20,14,27.0,18.0,0.15,14,27.0,52.0,24,2.0,2.2,18,1.0,5.0,1.25,0.65,False,72,True,24,90,1.75,0.9,0.75,6,1.5668742347745637,1.3477747665202113,2.2816107316664676,0.4164964280701373,3.696582937976981,0.674596978693166,0.45990414174872907,1.3477747665202113,2.192545420958578,-0.2956669905739997,89.0,0.43820224719101125,46965.829379769806,4.104406693057735,0.33657675638370405,248.6757158711674,203.0,4.493472409145347,1.3429053905034136,0.5718418375083333,1.7642711945903486,3.1962893438235347,-0.3528911260769323,73.0,0.3835616438356164,54934.72409145347,4.994827378062632,0.6070210861520846,281.3516105153131,176.0,24.80054878703928,0.9152948379806125,0.5076281534187457,1.5275486422572833,2.615954139946106,-0.3528911260769326,162.0,0.41358024691358025,258005.4878703928,4.994827378062632,0.4447840935816713,530.0273263864806,379.0
30,120,20,14,27.0,18.0,0.15,14,27.0,52.0,24,2.0,2.2,18,1.0,5.0,1.25,0.65,False,72,True,24,90,1.75,1.1,0.75,6,1.5668742347745637,1.3477747665202113,2.2816107316664676,0.4164964280701373,3.696582937976981,0.674596978693166,0.45990414174872907,1.3477747665202113,2.192545420958578,-0.2956669905739997,89.0,0.43820224719101125,46965.829379769806,4.104406693057735,0.33657675638370405,248.6757158711674,203.0,4.493472409145347,1.3429053905034136,0.5718418375083333,1.7642711945903486,3.1962893438235347,-0.3528911260769323,73.0,0.3835616438356164,54934.72409145347,4.994827378062632,0.6070210861520846,281.3516105153131,176.0,24.80054878703928,0.9152948379806125,0.5076281534187457,1.5275486422572833,2.615954139946106,-0.3528911260769326,162.0,0.41358024691358025,258005.4878703928,4.994827378062632,0.4447840935816713,530.0273263864806,379.0
30,120,20,14,27.0,18.0,0.15,14,27.0,52.0,24,2.0,2.2,18,1.0,5.0,1.25,0.65,False,72,True,12,360,1.75,0.9,0.75,6,1.5667972110943902,1.3533445449856532,2.286470491049023,0.38922825729817867,3.708683797345132,0.6760338491247173,0.45798367755701636,1.3533445449856532,2.2067751142254677,-0.2956669905739986,89.0,0.43820224719101125,47086.837973451315,4.104406693057735,0.3360793220688543,247.98313691228705,209.0,4.279785712730975,1.296906704667915,0.5656198621625754,1.7425728022838318,3.15325267382442,-0.35289112607693285,73.0,0.3835616438356164,52797.85712730975,4.994827378062632,0.602446645144407,285.6367721571192,188.0,23.86084143899066,0.9011397535642112,0.5037818743564445,1.5207034225247014,2.605269658654258,-0.35289112607693174,162.0,0.41358024691358025,248608.41438990663,4.994827378062632,0.44265541028353905,533.6199090694063,397.0
30,120,20,14,27.0,18.0,0.15,14,27.0,52.0,24,2.0,2.2,18,1.0,5.0,1.25,0.65,False,72,True,12,360,1.75,1.1,0.75,6,1.5667697649675572,1.3533445449856532,2.286470491049023,0.3893416451420828,3.708683797345132,0.6760338491247173,0.45798367755701636,1.3533445449856532,2.2067751142254677,-0.2956669905739986,89.0,0.43820224719101125,47086.837973451315,4.104406693057735,0.3360793220688543,247.98313691228705,209.0,4.27845220077727,1.2966167545519003,0.5654586137495794,1.742686190127736,3.1536737929873966,-0.3528911260769324,73.0,0.3835616438356164,52784.5220077727,4.994827378062632,0.6021168116710341,285.52607188850027,188.0,23.854562352860654,0.9010437406081984,0.5037094457083893,1.5207498426095798,2.6053977537278286,-0.35289112607693285,162.0,0.41358024691358025,248545.62352860655,4.994827378062632,0.44252344078762473,533.5092088007873,397.0
30,120,20,14,27.0,18.0,0.15,14,27.0,52.0,24,2.0,2.2,18,1.0,5.0,1.25,0.65,False,72,True,12,180,1.5,1.1,0.25,18,1.566589231668151,1.3210206374942635,2.2395837333054303,0.49075138215930014,3.830115243654883,0.6903183012170435,0.48694287158471417,1.3210206374942635,2.0716708497405554,-0.3082350934020198,89.0,0.43820224719101125,48301.15243654883,4.104406693057735,0.3465051543572106,247.41933917525355,202.0,5.511631409361331,1.5506997674828051,0.617073417543888,1.8117720196535636,3.40332242438048,-0.34555794271546414,73.0,0.3835616438356164,65116.31409361331,4.994827378062632,0.6370436973698833,280.5357811835525,179.0,30.451930131418088,0.9926628149619008,0.5427350343640053,1.5350451656708946,2.6204113541735583,-0.34555794271546425,162.0,0.41358024691358025,314519.3013141809,4.994827378062632,0.46275237654783113,527.955120358806,381.0
30,120,20,14,27.0,18.0,0.15,14,27.0,52.0,24,2.0,2.2,18,1.0,5.0,1.25,0.65,False,72,True,48,90,1.25,0.9,0.75,18,1.5653750234006445,1.3522030678252348,2.2573497684299895,0.3804765381414177,3.795904181549642,0.6863183794171888,0.46545880769595904,1.3522030678252348,2.1937733995428195,-0.30403723384636594,89.0,0.43820224719101125,47959.04181549642,4.104406693057735,0.34322831414142024,246.7235272782471,203.0,4.4799316249457855,1.3400174284031854,0.5864134317698518,1.7326796059666525,3.106464631670752,-0.35301661811809115,73.0,0.3835616438356164,54799.31624945786,4.994827378062632,0.6301379599918454,287.0967687047337,189.0,25.28122699468368,0.9223765713612306,0.5172236491417458,1.5158380333548012,2.581229348758023,-0.3530166181180905,162.0,0.41358024691358025,262812.2699468368,4.994827378062632,0.4580235802151263,533.8202959829808,392.0
30,120,20,14,27.0,18.0,0.15,14,27.0,52.0,24,2.0,2.2,18,1.0,5.0,1.25,0.65,False,72,True,12,180,1.25,0.9,0.25,18,1.5643326359406464,1.3091310996890964,2.283910775678002,0.48032749023932975,3.480143996094939,0.6484691156897646,0.46232455642445924,1.3091310996890964,2.1245218266070784,-0.28392926842654787,89.0,0.43820224719101125,44801.43996094939,4.104406693057735,0.33674512466764883,251.86285238218946,212.0,5.329008622436245,1.5146937299123828,0.6166955553063334,1.789458589928426,3.359881336490384,-0.34555794271546414,73.0,0.3835616438356164,63290.08622436244,4.994827378062632,0.633228391869273,279.03042258998676,181.0,27.35486998104088,0.9517885377285276,0.5294903183571141,1.519458558234013,2.653428057010688,-0.3455579427154638,162.0,0.41358024691358025,283548.6998104088,4.994827378062632,0.4553708872973081,530.8932749721762,393.0
30,120,20,14,27.0,18.0,0.15,14,27.0,52.0,24,2.0,2.2,18,1.0,5.0,1.25,0.65,False,72,True,48,180,1.5,0.9,0.0,6,1.5641893177195136,1.3649567823446236,2.343298611257901,0.2998199841010558,3.851732581044466,0.6928360484068574,0.4631180423430566,1.3649567823446236,2.225123790453153,-0.29566699057400014,93.0,0.44086021505376344,48517.32581044466,4.104406693057735,0.3366587820724884,257.13654229322634,205.0,3.894297039596032,1.2115047565010486,0.5711009001753522,1.6647767664456794,3.0123603801506444,-0.3823671437580495,83.0,0.39759036144578314,48942.97039596032,4.994827378062632,0.5958478254868714,308.0646797225043,188.0,22.74582040831761,0.8837774202008744,0.5090397820969421,1.492110573899563,2.5557663214825292,-0.3823671437580487,176.0,0.42045454545454547,237458.2040831761,4.994827378062632,0.4403627726230708,565.2012220157305,393.0
30,120,20,14,27.0,18.0,0.15,14,27.0,52.0,24,2.0,2.2,18,1.0,5.0,1.25,0.65,False,72,True,48,180,1.5,1.1,0.0,6,1.5641893177195136,1.3649567823446236,2.343298611257901,0.2998199841010558,3.851732581044466,0.6928360484068574,0.4631180423430566,1.3649567823446236,2.225123790453153,-0.29566699057400014,93.0,0.44086021505376344,48517.32581044466,4.104406693057735,0.3366587820724884,257.13654229322634,205.0,3.894297039596032,1.2115047565010486,0.5711009001753522,1.6647767664456794,3.0123603801506444,-0.3823671437580495,83.0,0.39759036144578314,48942.97039596032,4.994827378062632,0.5958478254868714,308.0646797225043,188.0,22.74582040831761,0.8837774202008744,0.5090397820969421,1.492110573899563,2.5557663214825292,-0.3823671437580487,176.0,0.42045454545454547,237458.2040831761,4.994827378062632,0.4403627726230708,565.2012220157305,393.0
30,120,20,14,27.0,18.0,0.15,14,27.0,52.0,24,2.0,2.2,18,1.0,5.0,1.25,0.65,False,72,True,48,90,1.5,0.9,0.75,6,1.5632549098868183,1.3459300175480065,2.27822358166417,0.4116744551131437,3.6881611662266156,0.6735955102453619,0.460198912975264,1.3459300175480065,2.1876773138829604,-0.2956669905739988,89.0,0.43820224719101125,46881.61166226616,4.104406693057735,0.33638675314065775,250.5161750077498,207.0,4.462059847477618,1.3362002868447176,0.5726440861039153,1.7576044726611502,3.182126825403128,-0.35289112607693285,73.0,0.3835616438356164,54620.598474776176,4.994827378062632,0.6092196190268765,283.97533473364206,182.0,24.607016864550214,0.9124137421459853,0.5081497057795197,1.523556370263434,2.607191986450509,-0.3528911260769324,162.0,0.41358024691358025,256070.16864550216,4.994827378062632,0.44554976625659964,534.4915097413918,389.0
30,120,20,14,27.0,18.0,0.15,14,27.0,52.0,24,2.0,2.2,18,1.0,5.0,1.25,0.65,False,72,True,48,90,1.5,1.1,0.75,6,1.5632549098868183,1.3459300175480065,2.27822358166417,0.4116744551131437,3.6881611662266156,0.6735955102453619,0.460198912975264,1.3459300175480065,2.1876773138829604,-0.2956669905739988,89.0,0.43820224719101125,46881.61166226616,4.104406693057735,0.33638675314065775,250.5161750077498,207.0,4.462059847477618,1.3362002868447176,0.5726440861039153,1.7576044726611502,3.182126825403128,-0.35289112607693285,73.0,0.3835616438356164,54620.598474776176,4.994827378062632,0.6092196190268765,283.97533473364206,182.0,24.607016864550214,0.9124137421459853,0.5081497057795197,1.523556370263434,2.607191986450509,-0.3528911260769324,162.0,0.41358024691358025,256070.16864550216,4.994827378062632,0.44554976625659964,534.4915097413918,389.0
30,120,20,14,27.0,18.0,0.15,14,27.0,52.0,24,2.0,2.2,18,1.0,5.0,1.25,0.65,False,72,True,48,180,1.25,0.9,0.75,6,1.563202547788341,1.3596980549964421,2.282800797911207,0.33642968783549687,3.699544298026006,0.674948841998332,0.4540573372635382,1.3596980549964421,2.220864148427237,-0.2956669905739998,89.0,0.43820224719101125,46995.442980260064,4.104406693057735,0.3340545003806137,251.94744393460053,227.0,3.9999579510812406,1.2352380235645035,0.5647925616813605,1.696127742831939,3.0663564802799907,-0.3527077192112891,73.0,0.3835616438356164,49999.57951081241,4.994827378062632,0.5970743716110941,293.8622770034846,212.0,22.49752387937362,0.8798225829906545,0.5012705944245474,1.5033297114054416,2.577661845705292,-0.35270771921128885,162.0,0.41358024691358025,234975.2387937362,4.994827378062632,0.4392912414148125,545.8097209380851,439.0
30,120,20,14,27.0,18.0,0.15,14,27.0,52.0,24,2.0,2.2,18,1.0,5.0,1.25,0.65,False,72,True,48,180,1.25,1.1,0.75,6,1.563202547788341,1.3596980549964421,2.282800797911207,0.33642968783549687,3.699544298026006,0.674948841998332,0.4540573372635382,1.3596980549964421,2.220864148427237,-0.2956669905739998,89.0,0.43820224719101125,46995.442980260064,4.104406693057735,0.3340545003806137,251.94744393460053,227.0,3.9999579510812406,1.2352380235645035,0.5647925616813605,1.696127742831939,3.0663564802799907,-0.3527077192112891,73.0,0.3835616438356164,49999.57951081241,4.994827378062632,0.5970743716110941,293.8622770034846,212.0,22.49752387937362,0.8798225829906545,0.5012705944245474,1.5033297114054416,2.577661845705292,-0.35270771921128885,162.0,0.41358024691358025,234975.2387937362,4.994827378062632,0.4392912414148125,545.8097209380851,439.0
30,120,20,14,27.0,18.0,0.15,14,27.0,52.0,24,2.0,2.2,18,1.0,5.0,1.25,0.65,False,72,True,24,360,1.25,0.9,0.25,36,1.5622779983045998,1.3004441432436704,2.19968143703519,0.6137370077409978,3.692277900124183,0.6740851981770222,0.4874036714594906,1.3004441432436704,2.0386902744402895,-0.3064467367081929,89.0,0.43820224719101125,46922.779001241826,4.104406693057735,0.34648191546023294,245.65700407472428,202.0,6.429237916374694,1.7244165780206036,0.6191111142276191,1.9141811509846682,3.610165085677166,-0.3428929238987266,73.0,0.3835616438356164,74292.37916374694,4.994827378062632,0.6398762857065915,271.21380333865005,169.0,33.8600488897697,1.034075650594779,0.5439180229726563,1.5706657844768086,2.6859101015301223,-0.3428929238987263,162.0,0.41358024691358025,348600.488897697,4.994827378062632,0.46387178116909344,516.8708074133742,371.0
30,120,20,14,27.0,18.0,0.15,14,27.0,52.0,24,2.0,2.2,18,1.0,5.0,1.25,0.65,False,72,True,48,360,1.25,0.9,0.0,36,1.5598246585749669,1.2741695256195942,2.202434914232762,0.7140867984939969,3.502344397396846,0.6511873030263013,0.4861929515375167,1.2741695256195942,1.9959647982732411,-0.2956669905739976,87.0,0.41379310344827586,45023.44397396846,4.104406693057735,0.3463597398107092,245.24341856095995,193.0,7.135615328570159,1.8509367892285238,0.6187584019741578,1.988256324113591,3.757990800739972,-0.33955304387375784,67.0,0.417910447761194,81356.15328570158,4.994827378062632,0.637818282977918,263.26212651819674,156.0,35.629342093963665,1.0543098720644766,0.5431139048862296,1.590407416864699,2.7215609460012877,-0.3395530438737593,154.0,0.4155844155844156,366293.42093963665,4.994827378062632,0.4629750627747101,508.5055450791567,349.0
30,120,20,14,27.0,18.0,0.15,14,27.0,52.0,24,2.0,2.2,18,1.0,5.0,1.25,0.65,False,72,True,24,180,1.25,1.1,0.75,18,1.5590012039234997,1.342271581029261,2.265147899203893,0.3719079996687391,3.719190555769176,0.6772794387103231,0.4646043053696963,1.342271581029261,2.1771864571051838,-0.29900009573253883,89.0,0.43820224719101125,47191.90555769176,4.104406693057735,0.3424168442517453,248.38664596801462,209.0,4.35152514772762,1.3124516224227927,0.5855557342409656,1.714179580698,3.068675296836633,-0.34968813064572635,73.0,0.3835616438356164,53515.2514772762,4.994827378062632,0.6299603084216725,284.828765276936,191.0,24.254866936117324,0.9071263174888582,0.5163729027008648,1.5020890431492764,2.5557529481888532,-0.3496881306457268,162.0,0.41358024691358025,252548.66936117323,4.994827378062632,0.45746570703675726,533.2154112449506,400.0
30,120,20,14,27.0,18.0,0.15,14,27.0,52.0,24,2.0,2.2,18,1.0,5.0,1.25,0.65,False,72,True,48,360,1.25,0.9,0.0,6,1.5564044939029158,1.3994319012579595,2.3234297536929778,0.074065894657799,3.919866568934009,0.7007229340192969,0.4511033775361719,1.3994319012579595,2.296032246809235,-0.2821770852338017,100.0,0.41,49198.665689340094,4.104406693057735,0.32706487375024823,270.774028418513,218.0,2.862024870858291,0.9645980554371996,0.5612153075211272,1.4734977959157585,2.6512544253632533,-0.41516127350268206,95.0,0.3894736842105263,38620.24870858291,4.994827378062632,0.5721604441997288,342.54606266009705,212.0,18.00064705052747,0.8016565811459238,0.4980448630625244,1.4245825041047326,2.443236711432054,-0.41516127350268184,195.0,0.4,190006.4705052747,4.994827378062632,0.4251299323154208,613.3200910786101,430.0
30,120,20,14,27.0,18.0,0.15,14,27.0,52.0,24,2.0,2.2,18,1.0,5.0,1.25,0.65,False,72,True,48,360,1.25,1.1,0.0,6,1.5564044939029158,1.3994319012579595,2.3234297536929778,0.074065894657799,3.919866568934009,0.7007229340192969,0.4511033775361719,1.3994319012579595,2.296032246809235,-0.2821770852338017,100.0,0.41,49198.665689340094,4.104406693057735,0.32706487375024823,270.774028418513,218.0,2.862024870858291,0.9645980554371996,0.5612153075211272,1.4734977959157585,2.6512544253632533,-0.41516127350268206,95.0,0.3894736842105263,38620.24870858291,4.994827378062632,0.5721604441997288,342.54606266009705,212.0,18.00064705052747,0.8016565811459238,0.4980448630625244,1.4245825041047326,2.443236711432054,-0.41516127350268184,195.0,0.4,190006.4705052747,4.994827378062632,0.4251299323154208,613.3200910786101,430.0
30,120,20,14,27.0,18.0,0.15,14,27.0,52.0,24,2.0,2.2,18,1.0,5.0,1.25,0.65,False,72,True,24,180,1.25,0.9,0.75,6,1.5527421207860854,1.354796124882832,2.258794967698639,0.3562501279596282,3.613785373125106,0.6646986592003163,0.4496716395962094,1.354796124882832,2.224926088193658,-0.29427135650011693,89.0,0.43820224719101125,46137.85373125106,4.104406693057735,0.3311062442386091,253.76730769815265,234.0,4.053480853823659,1.2471644635209138,0.562044680275133,1.7110462528424601,3.1084469531610504,-0.3528911260769326,73.0,0.3835616438356164,50534.8085382366,4.994827378062632,0.5917272182759002,297.74189215257934,217.0,22.315676046739394,0.8769048678871059,0.49765166517043485,1.5074108679475038,2.598702274159057,-0.35289112607693296,162.0,0.41358024691358025,233156.76046739393,4.994827378062632,0.4353831637904754,551.509199850732,451.0
30,120,20,14,27.0,18.0,0.15,14,27.0,52.0,24,2.0,2.2,18,1.0,5.0,1.25,0.65,False,72,True,12,180,1.25,1.1,0.75,6,1.5525334496046888,1.3530018436666353,2.278297661325436,0.3495273622759394,3.5777021742694126,0.6603479038691666,0.4476621056262727,1.3530018436666353,2.2263972184266367,-0.28984268169989635,89.0,0.43820224719101125,45777.02174269412,4.104406693057735,0.3275416726611498,258.66698652936026,250.0,3.98214493168593,1.23125461965558,0.5600498188483022,1.7025292059425747,3.0911777287609357,-0.3553002924233335,73.0,0.3835616438356164,49821.4493168593,4.994827378062632,0.5888095615711596,297.3194135477401,220.0,21.80677568630388,0.868641752866091,0.49566102157080827,1.5025931235392007,2.592557214181525,-0.35530029242333405,162.0,0.41358024691358025,228067.75686303878,4.994827378062632,0.4320774289792763,555.9864000771004,470.0
30,120,20,14,27.0,18.0,0.15,14,27.0,52.0,24,2.0,2.2,18,1.0,5.0,1.25,0.65,False,72,True,24,180,1.25,1.1,0.75,6,1.5524247640833124,1.354796124882832,2.258794967698639,0.3563570148879225,3.613785373125106,0.6646986592003163,0.4496716395962094,1.354796124882832,2.224926088193658,-0.29427135650011693,89.0,0.43820224719101125,46137.85373125106,4.104406693057735,0.3311062442386091,253.76730769815265,234.0,4.047634607215949,1.2458648358189222,0.5615036178114619,1.7111531397707544,3.1078808971077043,-0.3528911260769325,73.0,0.3835616438356164,50476.34607215949,4.994827378062632,0.5917671134201469,298.3678928821026,218.0,22.28870271965304,0.8764705365718022,0.49740722662065584,1.5074553299739215,2.59836435278683,-0.3528911260769323,162.0,0.41358024691358025,232887.02719653037,4.994827378062632,0.4353991262154587,552.1352005802553,452.0
30,120,20,14,27.0,18.0,0.15,14,27.0,52.0,24,2.0,2.2,18,1.0,5.0,1.25,0.65,False,72,True,12,90,1.5,0.9,0.75,6,1.5521376207168236,1.3472768133455206,2.258503510525703,0.3749256058976147,3.6524823998128264,0.6693394423073582,0.4566066618615733,1.3472768133455206,2.199072656803251,-0.29636413633537306,89.0,0.43820224719101125,46524.82399812826,4.104406693057735,0.33454539168134784,248.93994197355067,215.0,4.134296830576091,1.2650534834219256,0.563521178215742,1.7222024192431353,3.1164726633050703,-0.3528911260769324,73.0,0.3835616438356164,51342.968305760915,4.994827378062632,0.5957513554087406,284.5797284240955,191.0,22.887225639669992,0.88601494096393,0.5020876904732384,1.5082378956184694,2.5853003949454005,-0.3528911260769323,162.0,0.41358024691358025,238872.25639669993,4.994827378062632,0.43905637114753504,533.5196703976462,406.0
30,120,20,14,27.0,18.0,0.15,14,27.0,52.0,24,2.0,2.2,18,1.0,5.0,1.25,0.65,False,72,True,12,90,1.5,1.1,0.75,6,1.5521376207168236,1.3472768133455206,2.258503510525703,0.3749256058976147,3.6524823998128264,0.6693394423073582,0.4566066618615733,1.3472768133455206,2.199072656803251,-0.29636413633537306,89.0,0.43820224719101125,46524.82399812826,4.104406693057735,0.33454539168134784,248.93994197355067,215.0,4.134296830576091,1.2650534834219256,0.563521178215742,1.7222024192431353,3.1164726633050703,-0.3528911260769324,73.0,0.3835616438356164,51342.968305760915,4.994827378062632,0.5957513554087406,284.5797284240955,191.0,22.887225639669992,0.88601494096393,0.5020876904732384,1.5082378956184694,2.5853003949454005,-0.3528911260769323,162.0,0.41358024691358025,238872.25639669993,4.994827378062632,0.43905637114753504,533.5196703976462,406.0
30,120,20,14,27.0,18.0,0.15,14,27.0,52.0,24,2.0,2.2,18,1.0,5.0,1.25,0.65,False,72,True,24,90,1.5,0.9,0.0,18,1.551533084915272,1.3324726911616585,2.132693319168885,0.5265184306596782,3.924090530937751,0.7012094775619033,0.4879351759032933,1.3324726911616585,2.0914805449952643,-0.32879058196476474,88.0,0.42045454545454547,49240.905309377515,4.104406693057735,0.3464146116036596,246.972085917464,195.0,5.9295146708255695,1.6312352997769635,0.6186198680911337,1.8589911218213366,3.498925884797854,-0.3528911260769323,75.0,0.37333333333333335,69295.14670825569,4.994827378062632,0.6398572794023974,283.0613615269988,172.0,33.1215575746063,1.0253862906312259,0.543974839008209,1.5626968380309028,2.671310926376152,-0.3528911260769325,163.0,0.3987730061349693,341215.57574606297,4.994827378062632,0.4638238016205602,530.0334474444628,367.0
30,120,20,14,27.0,18.0,0.15,14,27.0,52.0,24,2.0,2.2,18,1.0,5.0,1.25,0.65,False,72,True,48,90,1.25,1.1,0.5,18,1.5505622444058662,1.3403817275765146,2.251032682313759,0.38034507912381055,3.714847451978497,0.67676478262065,0.46525820527972744,1.3403817275765146,2.1737550442298956,-0.3006463601963463,89.0,0.43820224719101125,47148.47451978497,4.104406693057735,0.34271276881832985,248.59691542844826,204.0,4.398124817460781,1.3224933171283881,0.585982272392021,1.7207268067003252,3.0839776359309186,-0.3542667082079807,73.0,0.3835616438356164,53981.24817460781,4.994827378062632,0.6287122403291733,294.350433249571,190.0,24.451335041066834,0.9100834472624733,0.5169196758492669,1.5040334491415142,2.5601557527803003,-0.354266708207981,162.0,0.41358024691358025,254513.35041066835,4.994827378062632,0.45714386552026004,542.9473486780192,394.0
30,120,20,14,27.0,18.0,0.15,14,27.0,52.0,24,2.0,2.2,18,1.0,5.0,1.25,0.65,False,72,True,12,180,1.75,0.9,0.5,6,1.550546527889098,1.3500037498862103,2.257298027169765,0.3554420921891883,3.673743796598112,0.6718782921303657,0.4569037613482078,1.3500037498862103,2.2060946348288173,-0.2976471356654562,89.0,0.43820224719101125,46737.43796598112,4.104406693057735,0.3342318427682483,253.25772909081888,212.0,4.034668621101074,1.2429797919073047,0.5632229621610969,1.7054458420753986,3.0832930949536728,-0.35289112607693207,73.0,0.3835616438356164,50346.68621101074,4.994827378062632,0.5971826209018142,287.92339771350726,184.0,22.530751235798288,0.8803537563912638,0.5021150739551707,1.502193737054503,2.575335907853933,-0.3528911260769324,162.0,0.41358024691358025,235307.51235798287,4.994827378062632,0.43944093900012393,541.1811268043261,396.0
30,120,20,14,27.0,18.0,0.15,14,27.0,52.0,24,2.0,2.2,18,1.0,5.0,1.25,0.65,False,72,True,12,180,1.75,1.1,0.5,6,1.550546527889098,1.3500037498862103,2.257298027169765,0.3554420921891883,3.673743796598112,0.6718782921303657,0.4569037613482078,1.3500037498862103,2.2060946348288173,-0.2976471356654562,89.0,0.43820224719101125,46737.43796598112,4.104406693057735,0.3342318427682483,253.25772909081888,212.0,4.034668621101074,1.2429797919073047,0.5632229621610969,1.7054458420753986,3.0832930949536728,-0.35289112607693207,73.0,0.3835616438356164,50346.68621101074,4.994827378062632,0.5971826209018142,287.92339771350726,184.0,22.530751235798288,0.8803537563912638,0.5021150739551707,1.502193737054503,2.575335907853933,-0.3528911260769324,162.0,0.41358024691358025,235307.51235798287,4.994827378062632,0.43944093900012393,541.1811268043261,396.0
30,120,20,14,27.0,18.0,0.15,14,27.0,52.0,24,2.0,2.2,18,1.0,5.0,1.25,0.65,False,72,True,24,90,1.25,0.9,0.25,36,1.5505270083885285,1.2895695462846553,2.0643365174842367,0.6503197219048875,3.6161687490208188,0.6649852364645665,0.4872209356453683,1.2895695462846553,2.0209142135243354,-0.32213024903273524,89.0,0.43820224719101125,46161.68749020818,4.104406693057735,0.34651778782966947,241.74774973066127,199.0,6.600907984793792,1.7556994910372712,0.6156650378321136,1.9398892681895428,3.6854604179158543,-0.3112729083562076,73.0,0.3835616438356164,76009.07984793792,4.994827378062632,0.6379329675819554,265.7579811471538,169.0,34.087073903587815,1.0367173027546772,0.5422543167151043,1.5761711869840083,2.7018792946539163,-0.3289633517929259,162.0,0.41358024691358025,350870.73903587816,4.994827378062632,0.46311576068074833,507.505730877815,368.0
30,120,20,14,27.0,18.0,0.15,14,27.0,52.0,24,2.0,2.2,18,1.0,5.0,1.25,0.65,False,72,True,12,90,1.5,1.1,0.0,18,1.5474591523635277,1.3190201216378283,2.1984727248697262,0.46248335421771314,3.8217553197911958,0.6893426158831191,0.48742324960488304,1.3190201216378283,2.0682579588643875,-0.3135552277201743,87.0,0.41379310344827586,48217.553197911955,4.104406693057735,0.34507753915133943,245.23359046383226,193.0,5.272110226726591,1.5033696962536895,0.6170326170574973,1.7815034758555415,3.34522991165813,-0.35072854455693614,73.0,0.3561643835616438,62721.10226726591,4.994827378062632,0.6366671985069369,280.305613570071,168.0,29.24258085203562,0.9771026291520903,0.542973342415996,1.520180097953616,2.5941572005856,-0.35072854455693614,160.0,0.3875,302425.8085203562,4.994827378062632,0.46174532294386367,525.5392040339033,361.0
30,120,20,14,27.0,18.0,0.15,14,27.0,52.0,24,2.0,2.2,18,1.0,5.0,1.25,0.65,False,72,True,48,360,1.25,0.9,0.5,18,1.5469751725103718,1.3298660054813953,2.254569382860863,0.3979840089116282,3.6296281292211807,0.6666017444707504,0.46389239371106367,1.3298660054813953,2.1556421695258234,-0.29566699057399937,89.0,0.43820224719101125,46296.2812922118,4.104406693057735,0.34161079515966414,250.43551121606487,209.0,4.450387136320282,1.3337037984329054,0.5865225419518745,1.7278500143930235,3.0991745265383748,-0.34761899312989775,73.0,0.3835616438356164,54503.87136320282,4.994827378062632,0.6276997555439162,297.3580609696802,197.0,24.23326560145367,0.9068000641937859,0.5164292353321558,1.5016257730892606,2.5568121000357134,-0.34761899312989697,162.0,0.41358024691358025,252332.6560145367,4.994827378062632,0.456077697207222,547.7935721857451,406.0
30,120,20,14,27.0,18.0,0.15,14,27.0,52.0,24,2.0,2.2,18,1.0,5.0,1.25,0.65,False,72,True,48,360,1.25,1.1,0.5,18,1.5469751725103718,1.3298660054813953,2.254569382860863,0.3979840089116282,3.6296281292211807,0.6666017444707504,0.46389239371106367,1.3298660054813953,2.1556421695258234,-0.29566699057399937,89.0,0.43820224719101125,46296.2812922118,4.104406693057735,0.34161079515966414,250.43551121606487,209.0,4.450387136320282,1.3337037984329054,0.5865225419518745,1.7278500143930235,3.0991745265383748,-0.34761899312989775,73.0,0.3835616438356164,54503.87136320282,4.994827378062632,0.6276997555439162,297.3580609696802,197.0,24.23326560145367,0.9068000641937859,0.5164292353321558,1.5016257730892606,2.5568121000357134,-0.34761899312989697,162.0,0.41358024691358025,252332.6560145367,4.994827378062632,0.456077697207222,547.7935721857451,406.0
30,120,20,14,27.0,18.0,0.15,14,27.0,52.0,24,2.0,2.2,18,1.0,5.0,1.25,0.65,False,72,True,12,90,1.25,1.1,0.0,6,1.54692938637568,1.3664342894746169,2.3757274970347266,0.13677833822695495,3.577763218750192,0.660355283620967,0.4411042680411972,1.3664342894746169,2.2683509679638694,-0.2779591870049035,103.0,0.4077669902912621,45777.63218750192,4.104406693057735,0.3109975134592521,290.1662635584337,224.0,2.9486696337557383,0.9865037043814899,0.5552876478487022,1.5032126277015718,2.7210061060980553,-0.3741379180166171,90.0,0.36666666666666664,39486.69633755738,4.994827378062632,0.5603027597520369,335.25883804621003,201.0,17.07607461240281,0.7837769303826614,0.4899509626144758,1.4195050560936964,2.4578292527736587,-0.37413791801661644,193.0,0.38860103626943004,180760.7461240281,4.994827378062632,0.4107469031910669,625.4251016046437,425.0
30,120,20,14,27.0,18.0,0.15,14,27.0,52.0,24,2.0,2.2,18,1.0,5.0,1.25,0.65,False,72,True,24,90,1.25,1.1,0.5,18,1.5464894271924743,1.315502320785166,2.1605237076068162,0.5328900778306067,3.5452373230433327,0.6564138505050132,0.4645250643719696,1.315502320785166,2.130368053521058,-0.30382163740851253,89.0,0.43820224719101125,45452.37323043333,4.104406693057735,0.34087900756840733,249.49102399915265,209.0,5.813190079867277,1.6090668509624932,0.617088652211508,1.8483923986157726,3.476192389994349,-0.34761899312989764,73.0,0.3835616438356164,68131.90079867277,4.994827378062632,0.6360418290701791,280.34661149373017,180.0,29.967565840001345,0.9864891642635083,0.5308303561980492,1.5501606041993297,2.705347265414173,-0.3476189931298975,162.0,0.41358024691358025,309675.65840001346,4.994827378062632,0.4589764473701562,529.8376354928828,389.0
30,120,20,14,27.0,18.0,0.15,14,27.0,52.0,24,2.0,2.2,18,1.0,5.0,1.25,0.65,False,72,True,12,360,1.25,0.9,0.0,36,1.5454594264363308,1.2894158554650015,2.0290484901300583,0.648176306033591,3.599494153160946,0.662978208504357,0.48580327403375306,1.2894158554650015,2.023211312984116,-0.3267434029937162,86.0,0.4069767441860465,45994.94153160946,4.104406693057735,0.3446119575505023,245.4813737612966,191.0,6.565658468533255,1.749305146365201,0.6149780421436959,1.9375921614985925,3.6810362758801554,-0.3079444080020427,63.0,0.38095238095238093,75656.58468533255,4.994827378062632,0.6323270647949951,253.56835424392642,148.0,33.79820189083122,1.0333536168711634,0.5411784004052245,1.5751661716811143,2.702609515710272,-0.3335300039664779,149.0,0.3959731543624161,347982.01890831225,4.994827378062632,0.45972949635494903,499.0497280052231,339.0
30,120,20,14,27.0,18.0,0.15,14,27.0,52.0,24,2.0,2.2,18,1.0,5.0,1.25,0.65,False,72,True,24,90,1.25,0.9,0.5,18,1.5452646229748006,1.3138450914045705,2.1407389663423637,0.5604530784118777,3.531863896561088,0.6547878257741317,0.46427783051864435,1.3138450914045705,2.1268464018111244,-0.3058699991306707,89.0,0.43820224719101125,45318.63896561088,4.104406693057735,0.3401964304258961,247.00185991433244,208.0,6.028072424310112,1.64987259058335,0.6167115848182706,1.8742981698164483,3.52909694579157,-0.34761899312989697,73.0,0.3835616438356164,70280.72424310113,4.994827378062632,0.6348021272890366,277.4390401993077,178.0,30.850267682147557,0.9976832322943017,0.5305270681582688,1.5613308517622662,2.725800273072912,-0.3476189931298972,162.0,0.41358024691358025,318502.67682147556,4.994827378062632,0.45807095938427356,524.44090011364,386.0
30,120,20,14,27.0,18.0,0.15,14,27.0,52.0,24,2.0,2.2,18,1.0,5.0,1.25,0.65,False,72,True,24,360,1.25,1.1,0.5,18,1.5452537089468836,1.3297464231603335,2.2539060246252864,0.3839126474887451,3.6292044149681733,0.6665509030398331,0.46392080779726197,1.3297464231603335,2.155581848481848,-0.29573145275684143,89.0,0.43820224719101125,46292.04414968174,4.104406693057735,0.3414960873300058,250.5305886598455,210.0,4.3584300989995945,1.3139423129595698,0.5863838953145728,1.7136590706490786,3.069506054393817,-0.3476189931298961,73.0,0.3835616438356164,53584.30098999594,4.994827378062632,0.6288258147423343,295.6872965070338,196.0,23.80526827158725,0.9002893141706265,0.5163808531749824,1.4951135474935933,2.5441120850092784,-0.3476189931298975,162.0,0.41358024691358025,248052.68271587248,4.994827378062632,0.4564594320144131,546.2178851668793,406.0
30,120,20,14,27.0,18.0,0.15,14,27.0,52.0,24,2.0,2.2,18,1.0,5.0,1.25,0.65,False,72,True,12,180,1.25,0.9,0.5,6,1.5433572263158717,1.3413182005071742,2.345981551911587,0.27675858836099465,3.4585169506948423,0.64581248051363,0.4436525053878935,1.3413182005071742,2.2182446955500708,-0.27528455199803237,89.0,0.43820224719101125,44585.16950694843,4.104406693057735,0.32276276295595746,265.81758736891965,249.0,3.5175983214797,1.1247334489062197,0.558524788856743,1.6180767888681689,2.9334734081842457,-0.3639245205667043,73.0,0.3835616438356164,45175.983214797,4.994827378062632,0.5791026319034466,313.3444323154572,221.0,19.141788692747753,0.8227886838877951,0.4927991969749778,1.458006661530419,2.521318042718772,-0.36392452056670377,162.0,0.41358024691358025,201417.88692747752,4.994827378062632,0.4253267718232888,579.1620196843768,470.0
30,120,20,14,27.0,18.0,0.15,14,27.0,52.0,24,2.0,2.2,18,1.0,5.0,1.25,0.65,False,72,True,12,360,1.75,0.9,0.5,6,1.542713844997105,1.3415492707153378,2.253780559627103,0.3578333303546233,3.627684603430904,0.6663685154791308,0.4575550622087638,1.3415492707153378,2.1873445969857337,-0.2956669905739998,89.0,0.43820224719101125,46276.84603430904,4.104406693057735,0.3355103919855348,250.03145875700983,209.0,4.01062713024936,1.2376205005252667,0.5641220058709904,1.699382601069961,3.070694850337289,-0.3528911260769322,73.0,0.3835616438356164,50106.2713024936,4.994827378062632,0.5980845563599161,291.63215353154106,188.0,22.187602024188077,0.87483899776493,0.5028740274279152,1.494859702016992,2.5590105499249667,-0.3528911260769323,162.0,0.41358024691358025,231876.02024188076,4.994827378062632,0.44056880148617666,541.6636122885509,397.0
30,120,20,14,27.0,18.0,0.15,14,27.0,52.0,24,2.0,2.2,18,1.0,5.0,1.25,0.65,False,72,True,12,360,1.75,1.1,0.5,6,1.5426790984674024,1.3415492707153378,2.253780559627103,0.35784459310103833,3.627684603430904,0.6663685154791308,0.4575550622087638,1.3415492707153378,2.1873445969857337,-0.2956669905739998,89.0,0.43820224719101125,46276.84603430904,4.104406693057735,0.3355103919855348,250.03145875700983,209.0,4.008855068854102,1.2372249669004858,0.5639612127108666,1.6993938638163761,3.0709333555125364,-0.3528911260769325,73.0,0.3835616438356164,50088.550688541014,4.994827378062632,0.5978242188513045,291.52145326292214,188.0,22.17940148295291,0.8747064100135067,0.5028018616346235,1.4948618980864208,2.5590650048351855,-0.35289112607693285,162.0,0.41358024691358025,231794.01482952907,4.994827378062632,0.44046463798382585,541.5529120199319,397.0
30,120,20,14,27.0,18.0,0.15,14,27.0,52.0,24,2.0,2.2,18,1.0,5.0,1.25,0.65,False,72,True,24,90,1.5,0.9,0.0,36,1.5420546898334917,1.3193826391185164,2.1002663817982885,0.5811065422496904,3.832083102324699,0.6905478059524879,0.4880551984756899,1.3193826391185164,2.0712115208921933,-0.32879058196476374,86.0,0.4186046511627907,48320.83102324699,4.104406693057735,0.3466766622573015,244.02933639952667,191.0,6.321951344376082,1.7046821883805996,0.6200556098271554,1.9004891813682068,3.5808546025142007,-0.3528911260769323,73.0,0.3835616438356164,73219.51344376082,4.994827378062632,0.6428430882177761,278.6089488367507,168.0,34.38027736720319,1.0401088435374053,0.5446964126071114,1.5746258181300208,2.6936229637133633,-0.3528911260769312,159.0,0.4025157232704403,353802.77367203194,4.994827378062632,0.4651756537061833,522.6382852362774,359.0
30,120,20,14,27.0,18.0,0.15,14,27.0,52.0,24,2.0,2.2,18,1.0,5.0,1.25,0.65,False,72,True,24,180,1.25,0.9,0.25,36,1.5420470795735004,1.2835739466242322,2.04903622202289,0.6563153215653106,3.5752925487317704,0.6600565484773253,0.4871685622014596,1.2835739466242322,2.0112106823127123,-0.3221302490327337,89.0,0.43820224719101125,45752.925487317705,4.104406693057735,0.3462040699721613,241.78907579497712,199.0,6.600907984793792,1.7556994910372712,0.6156650378321136,1.9398892681895428,3.6854604179158543,-0.3112729083562076,73.0,0.3835616438356164,76009.07984793792,4.994827378062632,0.6379329675819554,265.7579811471538,169.0,33.77637766642301,1.0330985845575196,0.5422264339230646,1.5729462246217176,2.696137443004124,-0.32896335179292446,162.0,0.41358024691358025,347763.7766642301,4.994827378062632,0.4629275643086471,507.5470569421309,368.0
30,120,20,14,27.0,18.0,0.15,14,27.0,52.0,24,2.0,2.2,18,1.0,5.0,1.25,0.65,False,72,True,12,360,1.25,0.9,0.5,6,1.5416884765505028,1.3479172283601462,2.3315984828061302,0.23881907184565976,3.512570412687575,0.6524363571627869,0.4448734663831427,1.3479172283601462,2.2246354831294184,-0.2798236325739779,89.0,0.43820224719101125,45125.704126875746,4.104406693057735,0.3248082318071925,264.15050472882604,248.0,3.3615106460798243,1.0877216701520678,0.558464939803006,1.586736300205806,2.873921792401984,-0.36392452056670466,73.0,0.3835616438356164,43615.10646079824,4.994827378062632,0.5784856041267087,317.27489361468645,227.0,18.681623896121625,0.8143854033741522,0.4934304176837491,1.4474324066434063,2.4989042107837234,-0.3639245205667043,162.0,0.41358024691358025,196816.23896121624,4.994827378062632,0.4263069505622917,581.4253983435126,475.0
30,120,20,14,27.0,18.0,0.15,14,27.0,52.0,24,2.0,2.2,18,1.0,5.0,1.25,0.65,False,72,True,12,360,1.25,0.9,0.0,18,1.5412806394257548,1.2922000367237083,2.265927992906665,0.47109781024123776,3.6012922964252185,0.6631948740760334,0.4842961158292581,1.2922000367237083,2.0254818399204693,-0.29268135446144816,89.0,0.42696629213483145,46012.92296425219,4.104406693057735,0.3399798006815725,253.793956042354,197.0,5.123890121219795,1.473627002675812,0.6164043755921973,1.763297846964946,3.3128329630832103,-0.343505010006407,75.0,0.36,61238.901212197954,4.994827378062632,0.6318510773581588,290.7443807309485,172.0,27.17780843892318,0.9493456234553321,0.5410063839903964,1.4976060333730044,2.5569167207587284,-0.343505010006406,164.0,0.39634146341463417,281778.0843892318,4.994827378062632,0.4567602622308799,544.5383367733026,369.0
30,120,20,14,27.0,18.0,0.15,14,27.0,52.0,24,2.0,2.2,18,1.0,5.0,1.25,0.65,False,72,True,24,180,1.5,0.9,0.75,6,1.5410141402697433,1.3390843082501502,2.2448696958060355,0.37596078363725893,3.6057675220340126,0.6637338671897397,0.4570486987038,1.3390843082501502,2.183177409503587,-0.29566699057399926,89.0,0.43820224719101125,46057.67522034013,4.104406693057735,0.3349870399737203,249.84191535848046,214.0,4.1055559659000815,1.2587077981508923,0.5645898791629704,1.7150450918874092,3.101174635664386,-0.35289112607693207,73.0,0.3835616438356164,51055.55965900081,4.994827378062632,0.5986399411029458,288.69543148442483,193.0,22.51500384966958,0.880102093118468,0.5028087270085072,1.5005677299983766,2.56973402633552,-0.3528911260769323,162.0,0.41358024691358025,235150.03849669578,4.994827378062632,0.44047706226461464,538.5373468429053,407.0
30,120,20,14,27.0,18.0,0.15,14,27.0,52.0,24,2.0,2.2,18,1.0,5.0,1.25,0.65,False,72,True,24,180,1.5,1.1,0.75,6,1.5410141402697433,1.3390843082501502,2.2448696958060355,0.37596078363725893,3.6057675220340126,0.6637338671897397,0.4570486987038,1.3390843082501502,2.183177409503587,-0.29566699057399926,89.0,0.43820224719101125,46057.67522034013,4.104406693057735,0.3349870399737203,249.84191535848046,214.0,4.1055559659000815,1.2587077981508923,0.5645898791629704,1.7150450918874092,3.101174635664386,-0.35289112607693207,73.0,0.3835616438356164,51055.55965900081,4.994827378062632,0.5986399411029458,288.69543148442483,193.0,22.51500384966958,0.880102093118468,0.5028087270085072,1.5005677299983766,2.56973402633552,-0.3528911260769323,162.0,0.41358024691358025,235150.03849669578,4.994827378062632,0.44047706226461464,538.5373468429053,407.0
30,120,20,14,27.0,18.0,0.15,14,27.0,52.0,24,2.0,2.2,18,1.0,5.0,1.25,0.65,False,72,True,24,180,1.25,0.9,0.75,18,1.5409936632116303,1.3368389410718882,2.2092465038045286,0.37710155793179645,3.6817932318017137,0.6728374756701485,0.46446072320857995,1.3368389410718882,2.1677112276387134,-0.3045551840917071,89.0,0.43820224719101125,46817.932318017134,4.104406693057735,0.34226052308408383,247.87266196874347,208.0,4.35089735444084,1.3123160421906626,0.5856125326076213,1.7139404990036846,3.069787043109,-0.34968813064572635,73.0,0.3835616438356164,53508.9735444084,4.994827378062632,0.6293992803616333,284.4449549944985,190.0,24.051795018086843,0.9040503834624556,0.5163214040558967,1.4990504446084854,2.5508250377721486,-0.34968813064572624,162.0,0.41358024691358025,250517.9501808684,4.994827378062632,0.4571474588092555,532.317616963242,398.0
30,120,20,14,27.0,18.0,0.15,14,27.0,52.0,24,2.0,2.2,18,1.0,5.0,1.25,0.65,False,72,True,12,360,1.5,1.1,0.25,18,1.5401759166357099,1.295515197989273,2.1993960063533855,0.5431721020668021,3.642039112830041,0.668089562959888,0.48595419700592457,1.295515197989273,2.027760676028661,-0.3037604692515493,89.0,0.43820224719101125,46420.39112830041,4.104406693057735,0.34547659489332105,252.13974404136616,207.0,5.752420068735075,1.5974103551488934,0.6183145939614823,1.838687300056075,3.458400272665333,-0.3455579427154639,73.0,0.3835616438356164,67524.20068735075,4.994827378062632,0.6384807688034648,282.5140846250272,179.0,30.34499806532674,0.9913064478920535,0.5427717821369887,1.5337235039153951,2.617671700210085,-0.3455579427154647,162.0,0.41358024691358025,313449.9806532674,4.994827378062632,0.4627103393532636,534.6538286663933,386.0
30,120,20,14,27.0,18.0,0.15,14,27.0,52.0,24,2.0,2.2,18,1.0,5.0,1.25,0.65,False,72,True,24,90,1.75,0.9,0.5,6,1.5391715175189544,1.3309234978951294,2.2366735124248436,0.4123047086669156,3.5856694619367975,0.6613105263152306,0.45966210690456305,1.3309234978951294,2.1640583192077427,-0.2956669905739995,89.0,0.43820224719101125,45856.694619367976,4.104406693057735,0.33628514526393216,249.99749268992838,203.0,4.35533572502039,1.313274396145112,0.5712533273968613,1.743228206562045,3.157278155739935,-0.35289112607693307,73.0,0.3835616438356164,53553.357250203895,4.994827378062632,0.6057732601923432,283.9727527002784,176.0,23.55779949264518,0.8964836742440558,0.5072310421260556,1.5088986481630489,2.5829328798842877,-0.3528911260769322,162.0,0.41358024691358025,245577.9949264518,4.994827378062632,0.4441098918499576,533.9702453902069,379.0
30,120,20,14,27.0,18.0,0.15,14,27.0,52.0,24,2.0,2.2,18,1.0,5.0,1.25,0.65,False,72,True,24,90,1.75,1.1,0.5,6,1.5391715175189544,1.3309234978951294,2.2366735124248436,0.4123047086669156,3.5856694619367975,0.6613105263152306,0.45966210690456305,1.3309234978951294,2.1640583192077427,-0.2956669905739995,89.0,0.43820224719101125,45856.694619367976,4.104406693057735,0.33628514526393216,249.99749268992838,203.0,4.35533572502039,1.313274396145112,0.5712533273968613,1.743228206562045,3.157278155739935,-0.35289112607693307,73.0,0.3835616438356164,53553.357250203895,4.994827378062632,0.6057732601923432,283.9727527002784,176.0,23.55779949264518,0.8964836742440558,0.5072310421260556,1.5088986481630489,2.5829328798842877,-0.3528911260769322,162.0,0.41358024691358025,245577.9949264518,4.994827378062632,0.4441098918499576,533.9702453902069,379.0
30,120,20,14,27.0,18.0,0.15,14,27.0,52.0,24,2.0,2.2,18,1.0,5.0,1.25,0.65,False,72,True,48,180,1.25,0.9,0.5,6,1.5387703727676147,1.356685749352654,2.2688420961882607,0.2712880795256125,3.664887720363808,0.6708217146675872,0.45283477146716494,1.356685749352654,2.218877280400878,-0.29566699057399926,89.0,0.43820224719101125,46648.87720363808,4.104406693057735,0.33257575864665845,257.1965020885808,227.0,3.6085902366280145,1.1460148402537769,0.5627112506808167,1.6279738288782666,2.9380655808226726,-0.36941413915007504,73.0,0.3835616438356164,46085.90236628014,4.994827378062632,0.589111169767236,307.2337301946477,212.0,20.49855600303449,0.8467017755227224,0.49966564744234054,1.470993324016415,2.5219342089409236,-0.36941413915007604,162.0,0.41358024691358025,214985.5600303449,4.994827378062632,0.435218005789046,564.4302322832285,439.0
30,120,20,14,27.0,18.0,0.15,14,27.0,52.0,24,2.0,2.2,18,1.0,5.0,1.25,0.65,False,72,True,48,180,1.25,1.1,0.5,6,1.5387703727676147,1.356685749352654,2.2688420961882607,0.2712880795256125,3.664887720363808,0.6708217146675872,0.45283477146716494,1.356685749352654,2.218877280400878,-0.29566699057399926,89.0,0.43820224719101125,46648.87720363808,4.104406693057735,0.33257575864665845,257.1965020885808,227.0,3.6085902366280145,1.1460148402537769,0.5627112506808167,1.6279738288782666,2.9380655808226726,-0.36941413915007504,73.0,0.3835616438356164,46085.90236628014,4.994827378062632,0.589111169767236,307.2337301946477,212.0,20.49855600303449,0.8467017755227224,0.49966564744234054,1.470993324016415,2.5219342089409236,-0.36941413915007604,162.0,0.41358024691358025,214985.5600303449,4.994827378062632,0.435218005789046,564.4302322832285,439.0
30,120,20,14,27.0,18.0,0.15,14,27.0,52.0,24,2.0,2.2,18,1.0,5.0,1.25,0.65,False,72,True,12,180,1.5,0.9,0.0,18,1.5381618999787559,1.3070632040488646,2.1711804739229144,0.4929366393088348,3.7321464602108874,0.6788128347568572,0.4869053575351763,1.3070632040488646,2.0495844555949514,-0.3126468955067425,88.0,0.4090909090909091,47321.46460210888,4.104406693057735,0.34540494641380315,247.9768675769025,195.0,5.4143568857081945,1.5315848527293943,0.6168565095030881,1.7999998433576994,3.381034388680086,-0.34350501000640643,72.0,0.3611111111111111,64143.56885708195,4.994827378062632,0.6351018020892029,279.7335185971423,166.0,29.35367623123326,0.9785526037467285,0.5426161258549336,1.522170343726867,2.598197713990987,-0.3435050100064069,160.0,0.3875,303536.7623123326,4.994827378062632,0.4613154015307803,527.7103861740447,361.0
30,120,20,14,27.0,18.0,0.15,14,27.0,52.0,24,2.0,2.2,18,1.0,5.0,1.25,0.65,False,72,True,12,360,1.25,1.1,0.25,6,1.5371772562631603,1.3479024420006327,2.388111205479137,0.15606324082574274,3.4984606979749637,0.6507124339639043,0.44371893514410715,1.3479024420006327,2.229169664131059,-0.272479955066979,89.0,0.449438202247191,44984.60697974964,4.104406693057735,0.3222410869316602,273.9473210320365,248.0,2.956319298542547,0.9884260991715059,0.5558678140995663,1.5039656828263754,2.7202042326628946,-0.3807954439771021,73.0,0.3835616438356164,39563.19298542547,4.994827378062632,0.5687949102583962,333.36219337897205,225.0,16.79734687313351,0.7782433850574155,0.49162770695011754,1.4100401518195664,2.4352216580802435,-0.38079544397710097,162.0,0.41975308641975306,177973.4687313351,4.994827378062632,0.42088960628132854,607.3095144110085,473.0
30,120,20,14,27.0,18.0,0.15,14,27.0,52.0,24,2.0,2.2,18,1.0,5.0,1.25,0.65,False,72,True,12,180,1.5,1.1,0.0,18,1.5352331298407362,1.306862848015965,2.1694098799298547,0.4791138153391119,3.73086909267115,0.6786617763920098,0.48691465325693445,1.306862848015965,2.0493123806229123,-0.31283243552571705,88.0,0.4090909090909091,47308.6909267115,4.104406693057735,0.3457893690039815,247.94433993057828,195.0,5.305584822900006,1.510038070440467,0.6169460489774211,1.7859766633550769,3.354100955249786,-0.34350501000640643,73.0,0.3561643835616438,63055.84822900006,4.994827378062632,0.6355340474305123,280.99740397513096,168.0,28.83089634987387,0.9716920453972966,0.5426610487178705,1.5156907446319037,2.5869801923709517,-0.3435050100064063,161.0,0.38509316770186336,298308.9634987387,4.994827378062632,0.4617189584565234,528.9417439057091,363.0
30,120,20,14,27.0,18.0,0.15,14,27.0,52.0,24,2.0,2.2,18,1.0,5.0,1.25,0.65,False,72,True,48,90,1.25,0.9,0.75,6,1.5336800496836644,1.3351808797539302,2.233422587508598,0.37272252771404335,3.580912614556641,0.6607359294662158,0.45702691130277817,1.3351808797539302,2.17688325747938,-0.29584008559852193,89.0,0.43820224719101125,45809.126145566406,4.104406693057735,0.33478895406777537,250.90980749431472,219.0,4.064630095649917,1.2496408703594377,0.5645939647359651,1.7079034074679735,3.0884939784383225,-0.3528911260769325,73.0,0.3835616438356164,50646.300956499166,4.994827378062632,0.5981356377531585,291.11813506881356,200.0,22.200627893225917,0.87504952513818,0.5027985116947555,1.495232445492867,2.560742246472206,-0.35289112607693207,162.0,0.41358024691358025,232006.27893225916,4.994827378062632,0.4401564558597924,542.0279425631282,419.0
30,120,20,14,27.0,18.0,0.15,14,27.0,52.0,24,2.0,2.2,18,1.0,5.0,1.25,0.65,False,72,True,48,90,1.25,1.1,0.75,6,1.5336800496836644,1.3351808797539302,2.233422587508598,0.37272252771404335,3.580912614556641,0.6607359294662158,0.45702691130277817,1.3351808797539302,2.17688325747938,-0.29584008559852193,89.0,0.43820224719101125,45809.126145566406,4.104406693057735,0.33478895406777537,250.90980749431472,219.0,4.064630095649917,1.2496408703594377,0.5645939647359651,1.7079034074679735,3.0884939784383225,-0.3528911260769325,73.0,0.3835616438356164,50646.300956499166,4.994827378062632,0.5981356377531585,291.11813506881356,200.0,22.200627893225917,0.87504952513818,0.5027985116947555,1.495232445492867,2.560742246472206,-0.35289112607693207,162.0,0.41358024691358025,232006.27893225916,4.994827378062632,0.4401564558597924,542.0279425631282,419.0
30,120,20,14,27.0,18.0,0.15,14,27.0,52.0,24,2.0,2.2,18,1.0,5.0,1.25,0.65,False,72,True,24,360,1.5,0.9,0.75,6,1.5331355590085085,1.3352329985280205,2.2291690737908656,0.3722160240034924,3.567318998642186,0.6590917115283748,0.4559078289017768,1.3352329985280205,2.172553482258224,-0.29566699057399937,89.0,0.43820224719101125,45673.18998642186,4.104406693057735,0.3348418104654936,249.75949449529602,215.0,4.061826340677463,1.2490183729593287,0.5645833419706531,1.7074490225315129,3.086240286965889,-0.3528911260769326,73.0,0.3835616438356164,50618.26340677463,4.994827378062632,0.5986486890563966,289.6053657010998,197.0,22.11897561360369,0.8737282754143567,0.502184065032801,1.4950867184854537,2.5574218064177487,-0.3528911260769324,162.0,0.41358024691358025,231189.7561360369,4.994827378062632,0.44039344059682917,539.3648601963957,412.0
30,120,20,14,27.0,18.0,0.15,14,27.0,52.0,24,2.0,2.2,18,1.0,5.0,1.25,0.65,False,72,True,24,360,1.5,1.1,0.75,6,1.5331355590085085,1.3352329985280205,2.2291690737908656,0.3722160240034924,3.567318998642186,0.6590917115283748,0.4559078289017768,1.3352329985280205,2.172553482258224,-0.29566699057399937,89.0,0.43820224719101125,45673.18998642186,4.104406693057735,0.3348418104654936,249.75949449529602,215.0,4.061826340677463,1.2490183729593287,0.5645833419706531,1.7074490225315129,3.086240286965889,-0.3528911260769326,73.0,0.3835616438356164,50618.26340677463,4.994827378062632,0.5986486890563966,289.6053657010998,197.0,22.11897561360369,0.8737282754143567,0.502184065032801,1.4950867184854537,2.5574218064177487,-0.3528911260769324,162.0,0.41358024691358025,231189.7561360369,4.994827378062632,0.44039344059682917,539.3648601963957,412.0
30,120,20,14,27.0,18.0,0.15,14,27.0,52.0,24,2.0,2.2,18,1.0,5.0,1.25,0.65,False,72,True,48,90,1.5,0.9,0.5,6,1.5327337836198058,1.3286506949298091,2.2317129608109383,0.4017413896302502,3.573534022321353,0.6598438549479606,0.45986083447281145,1.3286506949298091,2.15843264871341,-0.2956669905739997,89.0,0.43820224719101125,45735.340223213534,4.104406693057735,0.335655934792166,253.21086568040027,207.0,4.285821494455746,1.2982186276459577,0.5719512300886522,1.7303920845600593,3.1316734549680088,-0.3542774365263519,73.0,0.3835616438356164,52858.21494455746,4.994827378062632,0.6068519736272732,288.48892569471684,182.0,23.17488444081085,0.8905341897194257,0.5076530594300023,1.5018949976026479,2.568881930027655,-0.3542774365263518,162.0,0.41358024691358025,241748.8444081085,4.994827378062632,0.44416403790572007,541.6997913751171,389.0
30,120,20,14,27.0,18.0,0.15,14,27.0,52.0,24,2.0,2.2,18,1.0,5.0,1.25,0.65,False,72,True,48,90,1.5,1.1,0.5,6,1.5327337836198058,1.3286506949298091,2.2317129608109383,0.4017413896302502,3.573534022321353,0.6598438549479606,0.45986083447281145,1.3286506949298091,2.15843264871341,-0.2956669905739997,89.0,0.43820224719101125,45735.340223213534,4.104406693057735,0.335655934792166,253.21086568040027,207.0,4.285821494455746,1.2982186276459577,0.5719512300886522,1.7303920845600593,3.1316734549680088,-0.3542774365263519,73.0,0.3835616438356164,52858.21494455746,4.994827378062632,0.6068519736272732,288.48892569471684,182.0,23.17488444081085,0.8905341897194257,0.5076530594300023,1.5018949976026479,2.568881930027655,-0.3542774365263518,162.0,0.41358024691358025,241748.8444081085,4.994827378062632,0.44416403790572007,541.6997913751171,389.0
30,120,20,14,27.0,18.0,0.15,14,27.0,52.0,24,2.0,2.2,18,1.0,5.0,1.25,0.65,False,72,True,12,360,1.25,1.1,0.0,18,1.531188483494185,1.2899258447287638,2.242355940386333,0.45793002451292875,3.5864653059545404,0.661406620392357,0.4843286295095867,1.2899258447287638,2.0219309179782874,-0.2949605851952317,89.0,0.42696629213483145,45864.6530595454,4.104406693057735,0.3410883577958381,253.59470272574742,197.0,5.009653636782412,1.4504571039385783,0.6165015099546536,1.7478558692416926,3.283169403515528,-0.34350501000640654,76.0,0.35526315789473684,60096.53636782412,4.994827378062632,0.6321498373717994,292.0547421507767,174.0,26.56306790590607,0.9407675749453854,0.5410673436395746,1.4893504876205201,2.5426194630486605,-0.34350501000640676,165.0,0.3939393939393939,275630.6790590607,4.994827378062632,0.457544811857156,545.6494448765241,371.0
30,120,20,14,27.0,18.0,0.15,14,27.0,52.0,24,2.0,2.2,18,1.0,5.0,1.25,0.65,False,72,True,12,360,1.5,0.9,0.25,18,1.5303454087275967,1.2918374878520498,2.1629334615687252,0.5593132008858162,3.6171156885309905,0.6650990691471452,0.48594605988935446,1.2918374878520498,2.0219739143827145,-0.3074986267329576,89.0,0.43820224719101125,46171.15688530991,4.104406693057735,0.34519023436147195,252.17070066948725,207.0,5.855811446495129,1.6172111933523299,0.61822239961402,1.851150688737866,3.482591668661532,-0.34555794271546403,73.0,0.3835616438356164,68558.11446495129,4.994827378062632,0.6382399504478817,281.4578553174397,178.0,30.654074587223096,0.995216844504665,0.5427263681990481,1.537419570555253,2.6241892471920103,-0.3455579427154648,162.0,0.41358024691358025,316540.74587223097,4.994827378062632,0.4624422006773809,533.6285559869268,385.0
30,120,20,14,27.0,18.0,0.15,14,27.0,52.0,24,2.0,2.2,18,1.0,5.0,1.25,0.65,False,72,True,48,180,1.25,0.9,0.5,18,1.5300988317617874,1.3181084539996002,2.2247142086249614,0.4045259769801157,3.5564487928431765,0.6577745549513567,0.4640644559632588,1.3181084539996002,2.1355765519326346,-0.29566699057399837,89.0,0.43820224719101125,45564.487928431765,4.104406693057735,0.34182972094849556,251.37844845643932,208.0,4.4224616956223,1.3277204002437197,0.5869580458271599,1.722634430979716,3.0877663951335554,-0.34761899312989775,73.0,0.3835616438356164,54224.616956223006,4.994827378062632,0.6289209442556525,295.57006195618317,193.0,23.707169047256574,0.8987843684812031,0.5167200424301271,1.4929246411570651,2.540608151197577,-0.34761899312989764,162.0,0.41358024691358025,247071.69047256574,4.994827378062632,0.45669763788201045,546.9485104126225,401.0
30,120,20,14,27.0,18.0,0.15,14,27.0,52.0,24,2.0,2.2,18,1.0,5.0,1.25,0.65,False,72,True,48,180,1.25,1.1,0.5,18,1.5300988317617874,1.3181084539996002,2.2247142086249614,0.4045259769801157,3.5564487928431765,0.6577745549513567,0.4640644559632588,1.3181084539996002,2.1355765519326346,-0.29566699057399837,89.0,0.43820224719101125,45564.487928431765,4.104406693057735,0.34182972094849556,251.37844845643932,208.0,4.4224616956223,1.3277204002437197,0.5869580458271599,1.722634430979716,3.0877663951335554,-0.34761899312989775,73.0,0.3835616438356164,54224.616956223006,4.994827378062632,0.6289209442556525,295.57006195618317,193.0,23.707169047256574,0.8987843684812031,0.5167200424301271,1.4929246411570651,2.540608151197577,-0.34761899312989764,162.0,0.41358024691358025,247071.69047256574,4.994827378062632,0.45669763788201045,546.9485104126225,401.0
30,120,20,14,27.0,18.0,0.15,14,27.0,52.0,24,2.0,2.2,18,1.0,5.0,1.25,0.65,False,72,True,24,360,1.25,1.1,0.75,6,1.529236817260564,1.3382310849871277,2.2260949103411107,0.36157573641616025,3.505536546705703,0.6515774101932545,0.4491493930021698,1.3382310849871277,2.1971384949353063,-0.2926997439176623,89.0,0.43820224719101125,45055.36546705703,4.104406693057735,0.33038631982342875,255.98956167717498,246.0,3.9813891355311837,1.2310854486970602,0.5613092306579095,1.699806821403288,3.0861731699431436,-0.3527077192112894,73.0,0.3835616438356164,49813.89135531184,4.994827378062632,0.591388053890454,301.25893507146145,231.0,21.44383080349849,0.8626579586985552,0.49703641525156833,1.4933529571133064,2.5733500909104503,-0.3527077192112896,162.0,0.41358024691358025,224438.3080349849,4.994827378062632,0.434815585068637,557.2484967486364,477.0
30,120,20,14,27.0,18.0,0.15,14,27.0,52.0,24,2.0,2.2,18,1.0,5.0,1.25,0.65,False,72,True,24,90,1.5,1.1,0.5,6,1.52895699863345,1.3380712040783285,2.2272605583175342,0.3240003516786212,3.599158230523382,0.6629377255638593,0.45702080295814085,1.3380712040783285,2.1844151140080412,-0.2976471356654564,89.0,0.43820224719101125,45991.58230523382,4.104406693057735,0.3335758307005113,255.84137727564013,216.0,3.8279541245452817,1.1964718164348858,0.5663648400718203,1.6620715557569496,2.996437337674948,-0.3528911260769322,73.0,0.3835616438356164,48279.54124545282,4.994827378062632,0.5955979090558563,292.81948050013415,189.0,21.20452494849173,0.8586700877066324,0.5035894076048982,1.4762297090676653,2.526840296084971,-0.35289112607693296,162.0,0.41358024691358025,222045.24948491732,4.994827378062632,0.4384133453571928,548.6608577757743,405.0
30,120,20,14,27.0,18.0,0.15,14,27.0,52.0,24,2.0,2.2,18,1.0,5.0,1.25,0.65,False,72,True,24,90,1.5,0.9,0.5,6,1.528602405585191,1.3380712040783285,2.2272605583175342,0.3199798224959287,3.599158230523382,0.6629377255638593,0.45702080295814085,1.3380712040783285,2.1844151140080412,-0.2976471356654564,89.0,0.43820224719101125,45991.58230523382,4.104406693057735,0.3335758307005113,255.84137727564013,216.0,3.808837151633509,1.192120864844231,0.5666340530276666,1.6580510265742572,2.9887761106200843,-0.3528911260769324,73.0,0.3835616438356164,48088.371516335086,4.994827378062632,0.5960411306292819,293.01778303362266,189.0,21.116602965181812,0.8571962875295631,0.5037103995529993,1.4744211318739553,2.5236318572341454,-0.3528911260769326,162.0,0.41358024691358025,221166.02965181813,4.994827378062632,0.4385906825056187,548.8591603092627,405.0
30,120,20,14,27.0,18.0,0.15,14,27.0,52.0,24,2.0,2.2,18,1.0,5.0,1.25,0.65,False,72,True,12,180,1.25,1.1,0.25,18,1.5269446985125845,1.29811965542585,2.172370515423038,0.4886954280823743,3.412829960353079,0.6401719802586574,0.46238096470524775,1.29811965542585,2.1065207374620054,-0.29468821074198437,89.0,0.43820224719101125,44128.299603530795,4.104406693057735,0.33762407378204057,254.39238474629838,213.0,5.310755857386541,1.5110665962551768,0.6168545371972372,1.7868150835082244,3.355401723396808,-0.3455579427154639,73.0,0.3835616438356164,63107.55857386541,4.994827378062632,0.6346870774718067,279.71310649571933,181.0,26.848292519949016,0.944766413587582,0.5295943083687571,1.5124599963010112,2.64131545928477,-0.34555794271546414,162.0,0.41358024691358025,278482.92519949016,4.994827378062632,0.4564817944701737,534.1054912420177,394.0
30,120,20,14,27.0,18.0,0.15,14,27.0,52.0,24,2.0,2.2,18,1.0,5.0,1.25,0.65,False,72,True,24,360,1.25,0.9,0.75,6,1.5257174586099354,1.3371421717308782,2.21539519212878,0.36266464967240974,3.4988734562002684,0.6507629158605626,0.44914489869640445,1.3371421717308782,2.1953285472325645,-0.29374574711216306,89.0,0.43820224719101125,44988.73456200268,4.104406693057735,0.33035071457601756,255.99216829693876,246.0,3.9813891355311837,1.2310854486970602,0.5613092306579095,1.699806821403288,3.0861731699431436,-0.3527077192112894,73.0,0.3835616438356164,49813.89135531184,4.994827378062632,0.591388053890454,301.25893507146145,231.0,21.410639356845703,0.8621068837314958,0.4970340177691059,1.492762647427541,2.572320361741273,-0.3527077192112893,162.0,0.41358024691358025,224106.39356845705,4.994827378062632,0.43479422581786376,557.2511033684002,477.0
30,120,20,14,27.0,18.0,0.15,14,27.0,52.0,24,2.0,2.2,18,1.0,5.0,1.25,0.65,False,72,True,24,360,1.25,0.9,0.0,36,1.5256195299209643,1.277462526481599,2.110229927520515,0.6399723916545188,3.5365982725793303,0.6553638261227939,0.487352918714258,1.277462526481599,2.0023751805579053,-0.31056512732374875,87.0,0.41379310344827586,45365.9827257933,4.104406693057735,0.345577439018526,245.56382690454006,193.0,6.4579547316656525,1.7296745484289535,0.6190443678148222,1.9174349181361179,3.6159782004010097,-0.3395530438737584,68.0,0.39705882352941174,74579.54731665652,4.994827378062632,0.6388783815095406,268.74875483928315,158.0,32.83374455264928,1.0219589983823623,0.5438618322713566,1.5597896650354794,2.6670153795906,-0.3395530438737585,155.0,0.4064516129032258,338337.4455264928,4.994827378062632,0.462929923397799,514.3125817438232,351.0
30,120,20,14,27.0,18.0,0.15,14,27.0,52.0,24,2.0,2.2,18,1.0,5.0,1.25,0.65,False,72,True,12,180,1.25,0.9,0.0,18,1.5238298418388474,1.285604843212313,2.210975001985156,0.4707323990424648,3.334394863247055,0.630396918344404,0.4621521222413231,1.285604843212313,2.0858395148266062,-0.2851216851291367,89.0,0.42696629213483145,43343.94863247055,4.104406693057735,0.33474855554097005,253.813026847944,197.0,5.073477798587032,1.4634290644989751,0.616549347461621,1.7563372422547778,3.296665390214267,-0.34350501000640643,71.0,0.3380281690140845,60734.777985870314,4.994827378062632,0.6304235381273199,278.91993918147506,164.0,25.324850972240615,0.9230141315664371,0.5293309151168242,1.491707664961111,2.6042758517843647,-0.34350501000640676,160.0,0.3875,263248.50972240616,4.994827378062632,0.45305091584235035,532.732966029419,361.0
30,120,20,14,27.0,18.0,0.15,14,27.0,52.0,24,2.0,2.2,18,1.0,5.0,1.25,0.65,False,72,True,48,90,1.25,0.9,0.25,36,1.5224374914003176,1.294424389616742,2.084351839687192,0.6246726780473535,3.643302514220508,0.6682408696882163,0.4867067212887699,1.294424389616742,2.0296088837576423,-0.3205988820910879,89.0,0.43820224719101125,46433.02514220508,4.104406693057735,0.3462712515517085,242.53192664867032,199.0,6.482668129278612,1.734191401500794,0.6195227597984603,1.9190970676640955,3.6198708183369788,-0.35289112607693296,73.0,0.3835616438356164,74826.68129278612,4.994827378062632,0.6408231066282549,275.51332280019403,168.0,33.74429173775703,1.0327234039731383,0.5437319929406891,1.5697915225508272,2.6852963272826034,-0.35289112607693196,162.0,0.41358024691358025,347442.9173775703,4.994827378062632,0.46412423790143775,518.0452494488643,367.0
30,120,20,14,27.0,18.0,0.15,14,27.0,52.0,24,2.0,2.2,18,1.0,5.0,1.25,0.65,False,72,True,12,90,1.75,0.9,0.5,6,1.5220031117444066,1.3294203143595849,2.2064126562541087,0.3638295010595758,3.547860407657499,0.6567324072300464,0.45726330452963143,1.3294203143595849,2.1693576194291295,-0.2976471356654563,89.0,0.43820224719101125,45478.604076574986,4.104406693057735,0.3341028840741618,254.30658388029622,213.0,4.000404862932746,1.2353378720460904,0.5662531995155636,1.6932498154191606,3.05522501831783,-0.3528911260769326,73.0,0.3835616438356164,50004.048629327466,4.994827378062632,0.5981344253528916,285.3838130377875,181.0,21.74114329838984,0.867565356570793,0.5036727869017059,1.4855360351070976,2.543091443186581,-0.3528911260769326,162.0,0.41358024691358025,227411.4329838984,4.994827378062632,0.4397444038742447,539.6903969180836,394.0
30,120,20,14,27.0,18.0,0.15,14,27.0,52.0,24,2.0,2.2,18,1.0,5.0,1.25,0.65,False,72,True,12,90,1.75,1.1,0.5,6,1.5220031117444066,1.3294203143595849,2.2064126562541087,0.3638295010595758,3.547860407657499,0.6567324072300464,0.45726330452963143,1.3294203143595849,2.1693576194291295,-0.2976471356654563,89.0,0.43820224719101125,45478.604076574986,4.104406693057735,0.3341028840741618,254.30658388029622,213.0,4.000404862932746,1.2353378720460904,0.5662531995155636,1.6932498154191606,3.05522501831783,-0.3528911260769326,73.0,0.3835616438356164,50004.048629327466,4.994827378062632,0.5981344253528916,285.3838130377875,181.0,21.74114329838984,0.867565356570793,0.5036727869017059,1.4855360351070976,2.543091443186581,-0.3528911260769326,162.0,0.41358024691358025,227411.4329838984,4.994827378062632,0.4397444038742447,539.6903969180836,394.0
30,120,20,14,27.0,18.0,0.15,14,27.0,52.0,24,2.0,2.2,18,1.0,5.0,1.25,0.65,False,72,True,24,360,1.25,0.9,0.5,18,1.5215522042650858,1.323118510534847,2.18757476879515,0.37409747536952787,3.5859185033546623,0.6613405979823659,0.4638566738351833,1.323118510534847,2.1445643617156027,-0.30231679731185246,89.0,0.43820224719101125,45859.18503354662,4.104406693057735,0.34096323052273536,250.5879671333784,210.0,4.257649873778876,1.2920888793457581,0.5865091484325722,1.697215985904375,3.0401894901277937,-0.3476189931298971,73.0,0.3835616438356164,52576.49873778876,4.994827378062632,0.6280625057933812,295.98985407107773,196.0,23.11115384032282,0.8895366782050222,0.5164026813749494,1.4840751617144265,2.5252499574496112,-0.3476189931298971,162.0,0.41358024691358025,241111.53840322822,4.994827378062632,0.4558343691230867,546.5778212044562,406.0
30,120,20,14,27.0,18.0,0.15,14,27.0,52.0,24,2.0,2.2,18,1.0,5.0,1.25,0.65,False,72,True,12,180,1.5,0.9,0.75,6,1.520736552529819,1.3282442325217196,2.199231287092947,0.3810839226016869,3.50713987733723,0.6517732810010324,0.45448424204964033,1.3282442325217196,2.163324675961212,-0.2963641363353732,89.0,0.43820224719101125,45071.3987733723,4.104406693057735,0.3333287460244995,249.46353857818437,217.0,4.06861842841524,1.2505260740412956,0.564244607755675,1.7093281551234065,3.0899845964742862,-0.3528911260769333,73.0,0.3835616438356164,50686.1842841524,4.994827378062632,0.5981131927693252,287.7560840435193,196.0,21.844972241716718,0.8692670506435956,0.5012573644276069,1.4921596200962954,2.554236213921529,-0.35289112607693207,162.0,0.41358024691358025,228449.72241716718,4.994827378062632,0.4392715104308857,537.2196226217037,413.0
30,120,20,14,27.0,18.0,0.15,14,27.0,52.0,24,2.0,2.2,18,1.0,5.0,1.25,0.65,False,72,True,12,180,1.5,1.1,0.75,6,1.520715592277297,1.3282442325217196,2.199231287092947,0.3815889433868538,3.50713987733723,0.6517732810010324,0.45448424204964033,1.3282442325217196,2.163324675961212,-0.2963641363353732,89.0,0.43820224719101125,45071.3987733723,4.104406693057735,0.3333287460244995,249.46353857818437,217.0,4.067167618502835,1.2502041095796113,0.5638724597214533,1.7098331759085734,3.0911830098280455,-0.35289112607693207,73.0,0.3835616438356164,50671.67618502835,4.994827378062632,0.5973647122993603,287.44341200594783,196.0,21.838433238506067,0.8691600630800094,0.5010897993273467,1.4923780885689528,2.5546427351999013,-0.35289112607693196,162.0,0.41358024691358025,228384.33238506067,4.994827378062632,0.4389720363074351,536.9069505841322,413.0
30,120,20,14,27.0,18.0,0.15,14,27.0,52.0,24,2.0,2.2,18,1.0,5.0,1.25,0.65,False,72,True,12,360,1.5,0.9,0.75,6,1.5202026870278231,1.327100204500486,2.1969848225582624,0.3922113260124389,3.4922802974900726,0.6499561779642904,0.45382122885137904,1.327100204500486,2.1616798106839292,-0.29584008559852215,89.0,0.43820224719101125,44922.802974900726,4.104406693057735,0.33339464874829366,250.00191971601086,221.0,4.129720396680975,1.2640442458452084,0.5645452786607595,1.719311530512925,3.109972657728007,-0.35289112607693185,73.0,0.3835616438356164,51297.20396680975,4.994827378062632,0.5983582787429705,288.47880515917944,200.0,22.044141869642726,0.872514076401131,0.5010330182142418,1.4960623765063825,2.56204598483653,-0.3528911260769325,162.0,0.41358024691358025,230441.41869642725,4.994827378062632,0.43940910606964495,538.4807248751903,421.0
30,120,20,14,27.0,18.0,0.15,14,27.0,52.0,24,2.0,2.2,18,1.0,5.0,1.25,0.65,False,72,True,12,90,1.25,0.9,0.25,6,1.5201216721534778,1.323431548828287,2.3573646874544636,0.23270441489406712,3.31417124417508,0.6278574303031519,0.44022277260843096,1.323431548828287,2.191692629185566,-0.2663386932215086,89.0,0.449438202247191,43141.7124417508,4.104406693057735,0.31308041863225167,278.00464337121593,248.0,3.1997349228123264,1.0486549338277529,0.5566736969933832,1.5561359637223542,2.8179616919984407,-0.3690334590181401,73.0,0.3835616438356164,41997.34922812326,4.994827378062632,0.5678311951287034,323.24552687830055,219.0,17.11837563715471,0.7846107506022175,0.4901075084680434,1.4201561291454166,2.456756003877574,-0.3690334590181402,162.0,0.41975308641975306,181183.7563715471,4.994827378062632,0.4150086165626874,601.2501702495165,467.0
30,120,20,14,27.0,18.0,0.15,14,27.0,52.0,24,2.0,2.2,18,1.0,5.0,1.25,0.65,False,72,True,12,360,1.5,1.1,0.75,6,1.520074724589605,1.327100204500486,2.1969848225582624,0.3913268782366932,3.4922802974900726,0.6499561779642904,0.45382122885137904,1.327100204500486,2.1616798106839292,-0.29584008559852215,89.0,0.43820224719101125,44922.802974900726,4.104406693057735,0.33339464874829366,250.00191971601086,221.0,4.122797455840932,1.2625166784397388,0.564393740857106,1.7184270827371793,3.108498373583397,-0.35289112607693307,73.0,0.3835616438356164,51227.974558409325,4.994827378062632,0.5980663044585918,288.3681048905605,200.0,22.01304207890642,0.8720085452695943,0.5009646626932077,1.4956598242485069,2.5613726420110523,-0.35289112607693274,162.0,0.41358024691358025,230130.4207890642,4.994827378062632,0.4392922843937386,538.3700246065714,421.0
30,120,20,14,27.0,18.0,0.15,14,27.0,52.0,24,2.0,2.2,18,1.0,5.0,1.25,0.65,False,72,True,12,180,1.25,0.9,0.25,6,1.5160138544427268,1.3251458820039448,2.342916629770369,0.2113711920620931,3.3438944561210624,0.6315870597478037,0.4419437199704292,1.3251458820039448,2.1951781899466556,-0.26957299791316347,89.0,0.449438202247191,43438.94456121063,4.104406693057735,0.3184692092233985,274.68518385802605,249.0,3.111330857689035,1.0269880816981711,0.5569699347369113,1.5365170740660379,2.7822883079654805,-0.36903345901814155,73.0,0.3835616438356164,41113.308576890355,4.994827378062632,0.5685831746938949,328.36601933992984,221.0,16.85918731999486,0.7794770494366192,0.49116914782454946,1.4122687222762353,2.443142460760961,-0.3690334590181401,162.0,0.41975308641975306,178591.8731999486,4.994827378062632,0.41854217515603825,603.0512031979559,470.0
30,120,20,14,27.0,18.0,0.15,14,27.0,52.0,24,2.0,2.2,18,1.0,5.0,1.25,0.65,False,72,True,24,180,1.25,0.9,0.5,6,1.514829257764286,1.3378264572895446,2.207081484715466,0.3071140917996069,3.490980064283481,0.6497969884560817,0.4481389404478288,1.3378264572895446,2.1994647135214747,-0.29441458911058405,89.0,0.43820224719101125,44909.80064283481,4.104406693057735,0.32889926960620663,260.3832045490388,234.0,3.6665950318775167,1.1594715737938537,0.5596246091132658,1.6449405490891515,2.983851342307166,-0.3528911260769324,73.0,0.3835616438356164,46665.95031877517,4.994827378062632,0.5815669596883889,312.95602691899353,217.0,19.957585256246148,0.8373160284973393,0.4957253836350705,1.4683570034356697,2.531045014796425,-0.3528911260769334,162.0,0.41358024691358025,209575.85256246148,4.994827378062632,0.42999400493739176,573.3392314680323,451.0
30,120,20,14,27.0,18.0,0.15,14,27.0,52.0,24,2.0,2.2,18,1.0,5.0,1.25,0.65,False,72,True,24,180,1.25,1.1,0.5,6,1.514457318499675,1.3378264572895446,2.207081484715466,0.3078293319777159,3.490980064283481,0.6497969884560817,0.4481389404478288,1.3378264572895446,2.1994647135214747,-0.29441458911058405,89.0,0.43820224719101125,44909.80064283481,4.104406693057735,0.32889926960620663,260.3832045490388,234.0,3.664745347946403,1.1590437550194443,0.5590890336457623,1.6456557892672605,2.9844455856960987,-0.35289112607693274,73.0,0.3835616438356164,46647.45347946403,4.994827378062632,0.5820026597534695,314.24442689692734,218.0,19.949278362586345,0.8371704016516257,0.4954835616927525,1.4686851916424222,2.531219366012534,-0.3528911260769324,162.0,0.41358024691358025,209492.78362586343,4.994827378062632,0.4301683326591071,574.6276314459661,452.0
30,120,20,14,27.0,18.0,0.15,14,27.0,52.0,24,2.0,2.2,18,1.0,5.0,1.25,0.65,False,72,True,48,90,1.25,1.1,0.25,18,1.5144470884435979,1.3217359904073693,2.1793268605579326,0.3873723882412463,3.591326553158331,0.6619933498155843,0.4650611636574735,1.3217359904073693,2.14260239361112,-0.30376046925154976,89.0,0.43820224719101125,45913.26553158331,4.104406693057735,0.3420117266631441,249.9823727115058,204.0,4.322447143688558,1.306163471231769,0.5857629806621928,1.7091083786486156,3.06324808033517,-0.3555155953426037,73.0,0.3972602739726027,53224.471436885586,4.994827378062632,0.6266665833635967,301.2515007166645,190.0,23.437092898598937,0.8946162733494216,0.5167140057275197,1.4886975766137904,2.533532325337915,-0.3555155953426036,162.0,0.41975308641975306,244370.9289859894,4.994827378062632,0.45590483024717854,551.2338734281702,394.0
30,120,20,14,27.0,18.0,0.15,14,27.0,52.0,24,2.0,2.2,18,1.0,5.0,1.25,0.65,False,72,True,48,180,1.25,0.9,0.25,6,1.513825013091747,1.3521898388055689,2.25364146042216,0.20480232074001825,3.627341943161767,0.6663273884358127,0.4521026706575274,1.3521898388055689,2.213062947934769,-0.29566699057399926,89.0,0.43820224719101125,46273.419431617665,4.104406693057735,0.3310970169127034,262.44556024256104,227.0,3.243929385445716,1.0594009649942446,0.5614675898249091,1.5569921595455871,2.806428151371685,-0.389909722726944,73.0,0.3835616438356164,42439.29385445716,4.994827378062632,0.5811479679233778,320.6051833858108,212.0,18.638112449089675,0.813582713362722,0.49870505583755015,1.4365927205402638,2.4624210131740236,-0.3899097227269446,162.0,0.41358024691358025,196381.12449089673,4.994827378062632,0.4311447701632796,583.0507436283718,439.0
30,120,20,14,27.0,18.0,0.15,14,27.0,52.0,24,2.0,2.2,18,1.0,5.0,1.25,0.65,False,72,True,48,180,1.25,1.1,0.25,6,1.513825013091747,1.3521898388055689,2.25364146042216,0.20480232074001825,3.627341943161767,0.6663273884358127,0.4521026706575274,1.3521898388055689,2.213062947934769,-0.29566699057399926,89.0,0.43820224719101125,46273.419431617665,4.104406693057735,0.3310970169127034,262.44556024256104,227.0,3.243929385445716,1.0594009649942446,0.5614675898249091,1.5569921595455871,2.806428151371685,-0.389909722726944,73.0,0.3835616438356164,42439.29385445716,4.994827378062632,0.5811479679233778,320.6051833858108,212.0,18.638112449089675,0.813582713362722,0.49870505583755015,1.4365927205402638,2.4624210131740236,-0.3899097227269446,162.0,0.41358024691358025,196381.12449089673,4.994827378062632,0.4311447701632796,583.0507436283718,439.0
30,120,20,14,27.0,18.0,0.15,14,27.0,52.0,24,2.0,2.2,18,1.0,5.0,1.25,0.65,False,72,True,12,360,1.75,0.9,0.25,6,1.513162325438371,1.329229583967266,2.2208370494659557,0.3249612700643898,3.5470022827228087,0.65662820697084,0.45729931296817194,1.329229583967266,2.167090169256592,-0.2956669905739997,89.0,0.43820224719101125,45470.02282722809,4.104406693057735,0.3349414619022153,252.07978060173264,209.0,3.752043198260357,1.1791434855502807,0.5632281101962722,1.6541908540316559,2.986088680299529,-0.3643697149968753,73.0,0.3835616438356164,47520.43198260357,4.994827378062632,0.593722467575425,297.627534905963,188.0,20.607551270087246,0.8485699068106296,0.5023318756657359,1.4678551901773855,2.5114518617588555,-0.3643697149968744,162.0,0.41358024691358025,216075.51270087247,4.994827378062632,0.4384821926888143,549.7073155076956,397.0
30,120,20,14,27.0,18.0,0.15,14,27.0,52.0,24,2.0,2.2,18,1.0,5.0,1.25,0.65,False,72,True,12,360,1.75,1.1,0.25,6,1.513123421293128,1.329229583967266,2.2208370494659557,0.32486898336293635,3.5470022827228087,0.65662820697084,0.45729931296817194,1.329229583967266,2.167090169256592,-0.2956669905739997,89.0,0.43820224719101125,45470.02282722809,4.104406693057735,0.3349414619022153,252.07978060173264,209.0,3.7498822948971346,1.1786481926840229,0.5630679351812975,1.6540985673302024,2.986142089238089,-0.3643697149968753,73.0,0.3835616438356164,47498.82294897135,4.994827378062632,0.5935316260315748,297.516834637344,188.0,20.59772563756197,0.8484018093483123,0.5022600213264078,1.4678127518519553,2.5114319671761542,-0.3643697149968744,162.0,0.41358024691358025,215977.2563756197,4.994827378062632,0.4384058351800269,549.5966152390766,397.0
30,120,20,14,27.0,18.0,0.15,14,27.0,52.0,24,2.0,2.2,18,1.0,5.0,1.25,0.65,False,72,True,48,90,1.25,0.9,0.5,18,1.5129881338014455,1.3287072262436534,2.136595944870178,0.3904114602357962,3.635959500077946,0.6673610757939608,0.4650403043230058,1.3287072262436534,2.1538159603767766,-0.31234781540995127,89.0,0.43820224719101125,46359.59500077946,4.104406693057735,0.3423774636953731,247.71492883302284,203.0,4.3870738953460915,1.3201159049233895,0.585896336257207,1.7191186864794497,3.082188776225004,-0.3542667082079807,73.0,0.3835616438356164,53870.73895346092,4.994827378062632,0.6277045030116831,293.74370405958655,189.0,23.974256402751543,0.9028706407195515,0.5167634569422777,1.4970031488429387,2.548034853184107,-0.3542667082079809,162.0,0.41358024691358025,249742.56402751544,4.994827378062632,0.45653951390895964,541.4586328926093,392.0
30,120,20,14,27.0,18.0,0.15,14,27.0,52.0,24,2.0,2.2,18,1.0,5.0,1.25,0.65,False,72,True,48,360,1.25,0.9,0.25,18,1.512536998893392,1.307503640421202,2.1946073527713024,0.4122130282740064,3.4834376400625437,0.6488729514854623,0.4635192206386108,1.307503640421202,2.1181109826999975,-0.29566699057399937,89.0,0.43820224719101125,44834.376400625435,4.104406693057735,0.3405944436412755,252.77217226197178,209.0,4.392947285342328,1.3213797652585493,0.5860612925916843,1.7197166686952083,3.0848451273330757,-0.34555794271546436,73.0,0.3972602739726027,53929.47285342328,4.994827378062632,0.623832479879402,305.46042133924345,197.0,23.178942849976938,0.8905976406641762,0.5160190779408692,1.4858797401702986,2.529329075303685,-0.34555794271546436,162.0,0.41975308641975306,241789.4284997694,4.994827378062632,0.453920663942354,558.2325936012153,406.0
30,120,20,14,27.0,18.0,0.15,14,27.0,52.0,24,2.0,2.2,18,1.0,5.0,1.25,0.65,False,72,True,48,360,1.25,1.1,0.25,18,1.512536998893392,1.307503640421202,2.1946073527713024,0.4122130282740064,3.4834376400625437,0.6488729514854623,0.4635192206386108,1.307503640421202,2.1181109826999975,-0.29566699057399937,89.0,0.43820224719101125,44834.376400625435,4.104406693057735,0.3405944436412755,252.77217226197178,209.0,4.392947285342328,1.3213797652585493,0.5860612925916843,1.7197166686952083,3.0848451273330757,-0.34555794271546436,73.0,0.3972602739726027,53929.47285342328,4.994827378062632,0.623832479879402,305.46042133924345,197.0,23.178942849976938,0.8905976406641762,0.5160190779408692,1.4858797401702986,2.529329075303685,-0.34555794271546436,162.0,0.41975308641975306,241789.4284997694,4.994827378062632,0.453920663942354,558.2325936012153,406.0
30,120,20,14,27.0,18.0,0.15,14,27.0,52.0,24,2.0,2.2,18,1.0,5.0,1.25,0.65,False,72,True,12,90,1.5,0.9,0.5,6,1.5096140796513622,1.3256579777684188,2.1832067694272643,0.35032823792890033,3.5099666451866547,0.65211849983951,0.4560393531932034,1.3256579777684188,2.1631330419366037,-0.2986975438934649,89.0,0.43820224719101125,45099.66645186655,4.104406693057735,0.3334961970127414,251.66240071376873,215.0,3.8553337903484506,1.2026883433310025,0.5618562716343188,1.675986215697319,3.0288341007242336,-0.3528911260769323,73.0,0.3835616438356164,48553.337903484506,4.994827378062632,0.5912420929191435,289.73056417764286,191.0,20.89739344571918,0.8535012495477772,0.5010295897096377,1.4756812457360358,2.527373424166347,-0.3528911260769325,162.0,0.41358024691358025,218973.93445719182,4.994827378062632,0.4366227705801086,541.3929648914116,406.0
30,120,20,14,27.0,18.0,0.15,14,27.0,52.0,24,2.0,2.2,18,1.0,5.0,1.25,0.65,False,72,True,12,90,1.5,1.1,0.5,6,1.5096140796513622,1.3256579777684188,2.1832067694272643,0.35032823792890033,3.5099666451866547,0.65211849983951,0.4560393531932034,1.3256579777684188,2.1631330419366037,-0.2986975438934649,89.0,0.43820224719101125,45099.66645186655,4.104406693057735,0.3334961970127414,251.66240071376873,215.0,3.8553337903484506,1.2026883433310025,0.5618562716343188,1.675986215697319,3.0288341007242336,-0.3528911260769323,73.0,0.3835616438356164,48553.337903484506,4.994827378062632,0.5912420929191435,289.73056417764286,191.0,20.89739344571918,0.8535012495477772,0.5010295897096377,1.4756812457360358,2.527373424166347,-0.3528911260769325,162.0,0.41358024691358025,218973.93445719182,4.994827378062632,0.4366227705801086,541.3929648914116,406.0
30,120,20,14,27.0,18.0,0.15,14,27.0,52.0,24,2.0,2.2,18,1.0,5.0,1.25,0.65,False,72,True,12,180,1.75,0.9,0.25,6,1.5091102745031275,1.3308138318490086,2.1935020253837685,0.33118889900819615,3.5488273634018483,0.6568498068737714,0.4566089257693139,1.3308138318490086,2.174353343361266,-0.2994525645623012,89.0,0.43820224719101125,45488.273634018486,4.104406693057735,0.3334477386311095,255.99465598307302,212.0,3.7850355445867665,1.1866915975834682,0.5623722978757737,1.6620027308572047,3.001931382114977,-0.36244857783525675,73.0,0.3835616438356164,47850.355445867666,4.994827378062632,0.5941328491903661,292.5081870295461,184.0,20.766300620066705,0.8512773597645786,0.5015712943826192,1.4722235346621737,2.522550196418523,-0.36244857783525664,162.0,0.41358024691358025,217663.00620066706,4.994827378062632,0.4377503198127278,548.5028430126192,396.0
30,120,20,14,27.0,18.0,0.15,14,27.0,52.0,24,2.0,2.2,18,1.0,5.0,1.25,0.65,False,72,True,12,180,1.75,1.1,0.25,6,1.5091102745031275,1.3308138318490086,2.1935020253837685,0.33118889900819615,3.5488273634018483,0.6568498068737714,0.4566089257693139,1.3308138318490086,2.174353343361266,-0.2994525645623012,89.0,0.43820224719101125,45488.273634018486,4.104406693057735,0.3334477386311095,255.99465598307302,212.0,3.7850355445867665,1.1866915975834682,0.5623722978757737,1.6620027308572047,3.001931382114977,-0.36244857783525675,73.0,0.3835616438356164,47850.355445867666,4.994827378062632,0.5941328491903661,292.5081870295461,184.0,20.766300620066705,0.8512773597645786,0.5015712943826192,1.4722235346621737,2.522550196418523,-0.36244857783525664,162.0,0.41358024691358025,217663.00620066706,4.994827378062632,0.4377503198127278,548.5028430126192,396.0
30,120,20,14,27.0,18.0,0.15,14,27.0,52.0,24,2.0,2.2,18,1.0,5.0,1.25,0.65,False,72,True,12,180,1.25,1.1,0.5,6,1.5082562624759093,1.3375842330500942,2.2035690199720603,0.295902214413196,3.4603726783273485,0.6460407719575563,0.4456934829260674,1.3375842330500942,2.2044903683669808,-0.29317927693762347,89.0,0.43820224719101125,44603.72678327349,4.104406693057735,0.3237726612711513,269.3753295192531,250.0,3.5864414972413474,1.1408541416197995,0.5575705441255101,1.6334864474632902,2.9619118762210226,-0.357430653981205,73.0,0.3835616438356164,45864.41497241348,4.994827378062632,0.5792499374038814,312.3410005722128,220.0,19.45723834504206,0.828460937494353,0.49347157518748036,1.4630385756914304,2.5249103728102305,-0.357430653981205,162.0,0.41358024691358025,204572.3834504206,4.994827378062632,0.4259915385853416,581.7163300914659,470.0
30,120,20,14,27.0,18.0,0.15,14,27.0,52.0,24,2.0,2.2,18,1.0,5.0,1.25,0.65,False,72,True,24,360,1.25,1.1,0.25,18,1.506883671159469,1.3064358024156133,2.1845840631013056,0.39092421036332725,3.4770757498785008,0.6480927379409693,0.4635447160636204,1.3064358024156133,2.1164967578228358,-0.29666642217508266,89.0,0.43820224719101125,44770.75749878501,4.104406693057735,0.34038985083710044,252.8672497057524,210.0,4.252631280825479,1.2909951814822849,0.5860182499301458,1.6973600127789406,3.0400048688724226,-0.3455579427154645,73.0,0.3972602739726027,52526.31280825479,4.994827378062632,0.6256761926611663,303.366480116655,196.0,22.516428130437014,0.880124860483116,0.5160121935200889,1.4751482313388724,2.5092492259395383,-0.34555794271546425,162.0,0.41975308641975306,235164.28130437015,4.994827378062632,0.45453561759867245,556.2337298224074,406.0
30,120,20,14,27.0,18.0,0.15,14,27.0,52.0,24,2.0,2.2,18,1.0,5.0,1.25,0.65,False,72,True,24,90,1.75,0.9,0.25,6,1.5063584243000365,1.3137682916187288,2.1918447318314316,0.4076504349233194,3.4767774414590775,0.6480561356660723,0.45952071052062043,1.3137682916187288,2.1355354622567546,-0.2956669905739986,89.0,0.43820224719101125,44767.77441459077,4.104406693057735,0.33599353414416044,251.31926950868933,203.0,4.219262171447845,1.2837097468180203,0.5709053416496623,1.7214187265420482,3.1170986691695117,-0.3628023512803251,73.0,0.3835616438356164,52192.621714478446,4.994827378062632,0.6045254342326017,286.59389488524386,176.0,22.365475150198524,0.8777056904838345,0.5069970144737522,1.4897420547504288,2.5494538581279755,-0.36280235128032523,162.0,0.41358024691358025,233654.75150198524,4.994827378062632,0.44343569011824396,537.9131643939331,379.0
30,120,20,14,27.0,18.0,0.15,14,27.0,52.0,24,2.0,2.2,18,1.0,5.0,1.25,0.65,False,72,True,24,90,1.75,1.1,0.25,6,1.5063584243000365,1.3137682916187288,2.1918447318314316,0.4076504349233194,3.4767774414590775,0.6480561356660723,0.45952071052062043,1.3137682916187288,2.1355354622567546,-0.2956669905739986,89.0,0.43820224719101125,44767.77441459077,4.104406693057735,0.33599353414416044,251.31926950868933,203.0,4.219262171447845,1.2837097468180203,0.5709053416496623,1.7214187265420482,3.1170986691695117,-0.3628023512803251,73.0,0.3835616438356164,52192.621714478446,4.994827378062632,0.6045254342326017,286.59389488524386,176.0,22.365475150198524,0.8777056904838345,0.5069970144737522,1.4897420547504288,2.5494538581279755,-0.36280235128032523,162.0,0.41358024691358025,233654.75150198524,4.994827378062632,0.44343569011824396,537.9131643939331,379.0
30,120,20,14,27.0,18.0,0.15,14,27.0,52.0,24,2.0,2.2,18,1.0,5.0,1.25,0.65,False,72,True,24,90,1.25,0.9,0.0,36,1.5061108423073308,1.2631171421457195,1.9454264647625403,0.685804307339622,3.4404029638774842,0.6435807651855447,0.4871622072956559,1.2631171421457195,1.979160636941559,-0.33081731786973534,84.0,0.40476190476190477,44404.02963877484,4.104406693057735,0.34561827112069227,240.40476597574798,187.0,6.679827024724933,1.7699620220162573,0.6153649716613642,1.9489214494853415,3.703495391464374,-0.3079444080020427,66.0,0.3939393939393939,76798.27024724933,4.994827378062632,0.6362872906766925,261.4743252506215,154.0,33.10152668265493,1.0251485121130002,0.5420884838599102,1.5659819557737191,2.6844082779739726,-0.3375628527247888,150.0,0.4,341015.26682654925,4.994827378062632,0.4619176982117904,501.8790912263695,341.0
30,120,20,14,27.0,18.0,0.15,14,27.0,52.0,24,2.0,2.2,18,1.0,5.0,1.25,0.65,False,72,True,24,360,1.5,0.9,0.5,6,1.50591020453315,1.3247408068371962,2.199135408422368,0.3279796307821474,3.4943682761347885,0.6502117480729619,0.4552383231766931,1.3247408068371962,2.1560349997440813,-0.29566699057399815,89.0,0.43820224719101125,44943.68276134788,4.104406693057735,0.33374421109472047,252.92624460344317,215.0,3.7397077419493074,1.176314603856429,0.5628043674170291,1.6527204376193436,2.982398693495106,-0.3596121075805868,73.0,0.3835616438356164,47397.07741949308,4.994827378062632,0.5925816917052893,297.8087231459875,197.0,20.301992113567383,0.8433135149621775,0.5010175553433306,1.4647587876007142,2.5038351915492765,-0.3596121075805867,162.0,0.41358024691358025,213019.92113567382,4.994827378062632,0.43730753803852224,550.7349677494307,412.0
30,120,20,14,27.0,18.0,0.15,14,27.0,52.0,24,2.0,2.2,18,1.0,5.0,1.25,0.65,False,72,True,24,360,1.5,1.1,0.5,6,1.50591020453315,1.3247408068371962,2.199135408422368,0.3279796307821474,3.4943682761347885,0.6502117480729619,0.4552383231766931,1.3247408068371962,2.1560349997440813,-0.29566699057399815,89.0,0.43820224719101125,44943.68276134788,4.104406693057735,0.33374421109472047,252.92624460344317,215.0,3.7397077419493074,1.176314603856429,0.5628043674170291,1.6527204376193436,2.982398693495106,-0.3596121075805868,73.0,0.3835616438356164,47397.07741949308,4.994827378062632,0.5925816917052893,297.8087231459875,197.0,20.301992113567383,0.8433135149621775,0.5010175553433306,1.4647587876007142,2.5038351915492765,-0.3596121075805867,162.0,0.41358024691358025,213019.92113567382,4.994827378062632,0.43730753803852224,550.7349677494307,412.0
30,120,20,14,27.0,18.0,0.15,14,27.0,52.0,24,2.0,2.2,18,1.0,5.0,1.25,0.65,False,72,True,24,180,1.25,1.1,0.5,18,1.5002589162464228,1.3100685425321688,2.145771682324504,0.3770074075742329,3.504971707512551,0.6515083955719658,0.46399987094238776,1.3100685425321688,2.1223629529509065,-0.3036242862829609,89.0,0.43820224719101125,45049.71707512551,4.104406693057735,0.3411559687053576,250.89117454078888,209.0,4.17256351446906,1.2734748556403268,0.5845419576095896,1.6870759501064017,3.018496838240529,-0.34761899312989697,73.0,0.3835616438356164,51725.6351446906,4.994827378062632,0.6270365714495975,289.7463161138154,191.0,22.302252287994843,0.8766887654170206,0.5155867229020685,1.4724097198251265,2.5029573139432353,-0.3476189931298971,162.0,0.41358024691358025,233022.52287994843,4.994827378062632,0.4555395048881925,540.6374906546042,400.0
30,120,20,14,27.0,18.0,0.15,14,27.0,52.0,24,2.0,2.2,18,1.0,5.0,1.25,0.65,False,72,True,24,180,1.5,0.9,0.5,6,1.4999936331563883,1.3162320877263207,2.1834719805308427,0.3475253679166457,3.4566324899363083,0.6455805894862034,0.456442499924119,1.3162320877263207,2.1451587068113165,-0.2956669905739989,89.0,0.43820224719101125,44566.324899363084,4.104406693057735,0.33396808482920043,253.0260721602565,214.0,3.800936025590869,1.190320071506278,0.5629850896669005,1.6637574556429664,3.003766805101147,-0.3528911260769326,73.0,0.3835616438356164,48009.36025590869,4.994827378062632,0.5935355769061837,296.09899843475,193.0,20.396007473754043,0.8449372071184245,0.5017560233486473,1.4650594230561416,2.5065080443272776,-0.35289112607693196,162.0,0.41358024691358025,213960.07473754045,4.994827378062632,0.4378234962732479,549.1250705950065,407.0
30,120,20,14,27.0,18.0,0.15,14,27.0,52.0,24,2.0,2.2,18,1.0,5.0,1.25,0.65,False,72,True,24,180,1.5,1.1,0.5,6,1.4999936331563883,1.3162320877263207,2.1834719805308427,0.3475253679166457,3.4566324899363083,0.6455805894862034,0.456442499924119,1.3162320877263207,2.1451587068113165,-0.2956669905739989,89.0,0.43820224719101125,44566.324899363084,4.104406693057735,0.33396808482920043,253.0260721602565,214.0,3.800936025590869,1.190320071506278,0.5629850896669005,1.6637574556429664,3.003766805101147,-0.3528911260769326,73.0,0.3835616438356164,48009.36025590869,4.994827378062632,0.5935355769061837,296.09899843475,193.0,20.396007473754043,0.8449372071184245,0.5017560233486473,1.4650594230561416,2.5065080443272776,-0.35289112607693196,162.0,0.41358024691358025,213960.07473754045,4.994827378062632,0.4378234962732479,549.1250705950065,407.0
30,120,20,14,27.0,18.0,0.15,14,27.0,52.0,24,2.0,2.2,18,1.0,5.0,1.25,0.65,False,72,True,12,360,1.5,1.1,0.0,18,1.4991015273093673,1.2719972053117852,2.1149515348752885,0.5511382480253173,3.4846185462468755,0.6490176949779616,0.48587081897903783,1.2719972053117852,1.990499639632746,-0.30687119032079,91.0,0.42857142857142855,44846.185462468755,4.104406693057735,0.34446773840577827,254.25329526315662,201.0,5.622939877741023,1.5723980134089293,0.6182658706325073,1.8231354533371025,3.4287742509209815,-0.34350501000640665,74.0,0.36486486486486486,66229.39877741023,4.994827378062632,0.6374560100124722,283.61964988315066,170.0,28.70135900639537,0.9699772402085367,0.5427049916413609,1.5140090199437493,2.583593905705772,-0.34350501000640654,165.0,0.4,297013.5900639537,4.994827378062632,0.46169512020353054,537.8729451463073,371.0
30,120,20,14,27.0,18.0,0.15,14,27.0,52.0,24,2.0,2.2,18,1.0,5.0,1.25,0.65,False,72,True,12,360,1.25,0.9,0.25,6,1.4977821866451833,1.331462104486369,2.283543800109513,0.15741419422640957,3.3970447758790767,0.6382140998699377,0.4433821445015133,1.331462104486369,2.1998939768011923,-0.279484063252621,89.0,0.449438202247191,43970.44775879077,4.104406693057735,0.3212641992180869,272.3330233963736,248.0,2.897030136641205,0.9734774360778333,0.5567461141750687,1.4888762987127786,2.6929695672392437,-0.3803258711486599,73.0,0.3835616438356164,38970.30136641205,4.994827378062632,0.5672378066286126,334.16977077783963,227.0,16.135416003761488,0.7648188366946946,0.49184297710051333,1.3942204815054458,2.406940856522177,-0.38032587114866023,162.0,0.41975308641975306,171354.16003761487,4.994827378062632,0.41968056868557146,606.5027941742132,475.0
30,120,20,14,27.0,18.0,0.15,14,27.0,52.0,24,2.0,2.2,18,1.0,5.0,1.25,0.65,False,72,True,48,90,1.5,0.9,0.25,6,1.4966010739517999,1.3109533047568058,2.1852406028116955,0.39131837894007937,3.4608827734169543,0.646103512713446,0.459660953189357,1.3109533047568058,2.1289643786473493,-0.29566699057399926,89.0,0.43820224719101125,44608.82773416954,4.104406693057735,0.3349251164436742,255.9055563530507,207.0,4.113639608104527,1.2604943848183363,0.5715421276907222,1.7022716836968852,3.0798638658615616,-0.3669473867673777,73.0,0.3835616438356164,51136.39608104527,4.994827378062632,0.6044843282276698,293.0025166557917,182.0,21.811346837256,0.8687166291357304,0.5073594132257757,1.4796014326343545,2.5299224810392884,-0.3669473867673777,162.0,0.41358024691358025,228113.46837256,4.994827378062632,0.4427783095548405,548.9080730088424,389.0
30,120,20,14,27.0,18.0,0.15,14,27.0,52.0,24,2.0,2.2,18,1.0,5.0,1.25,0.65,False,72,True,48,90,1.5,1.1,0.25,6,1.4966010739517999,1.3109533047568058,2.1852406028116955,0.39131837894007937,3.4608827734169543,0.646103512713446,0.459660953189357,1.3109533047568058,2.1289643786473493,-0.29566699057399926,89.0,0.43820224719101125,44608.82773416954,4.104406693057735,0.3349251164436742,255.9055563530507,207.0,4.113639608104527,1.2604943848183363,0.5715421276907222,1.7022716836968852,3.0798638658615616,-0.3669473867673777,73.0,0.3835616438356164,51136.39608104527,4.994827378062632,0.6044843282276698,293.0025166557917,182.0,21.811346837256,0.8687166291357304,0.5073594132257757,1.4796014326343545,2.5299224810392884,-0.3669473867673777,162.0,0.41358024691358025,228113.46837256,4.994827378062632,0.4427783095548405,548.9080730088424,389.0
30,120,20,14,27.0,18.0,0.15,14,27.0,52.0,24,2.0,2.2,18,1.0,5.0,1.25,0.65,False,72,True,24,180,1.25,0.9,0.0,36,1.4953455588290292,1.2553558204837052,1.9264584888530325,0.6935656290016363,3.3897347577300367,0.6373058302697441,0.4871075092087901,1.2553558204837052,1.9666601507022479,-0.33081731786973556,84.0,0.40476190476190477,43897.34757730037,4.104406693057735,0.345196193938624,240.44609204006386,187.0,6.679827024724933,1.7699620220162573,0.6153649716613642,1.9489214494853415,3.703495391464374,-0.3079444080020427,66.0,0.3939393939393939,76798.27024724933,4.994827378062632,0.6362872906766925,261.4743252506215,154.0,32.71240362378953,1.020507071133765,0.542059456024042,1.561805672428547,2.6770069483756407,-0.33756285272478914,150.0,0.4,337124.03623789526,4.994827378062632,0.4616644981069481,501.9204172906854,341.0
30,120,20,14,27.0,18.0,0.15,14,27.0,52.0,24,2.0,2.2,18,1.0,5.0,1.25,0.65,False,72,True,24,90,1.25,1.1,0.25,18,1.4915991958078665,1.283937160442232,2.0495286978292695,0.5425058807680594,3.345531067234745,0.6317919246994677,0.4641525461582529,1.283937160442232,2.0776067193555963,-0.308262053304558,89.0,0.43820224719101125,43455.310672347456,4.104406693057735,0.3392914933410053,251.27790140403468,209.0,5.624164256911803,1.5726356728564777,0.6166656168228458,1.8264430412102914,3.4332421445557735,-0.3455579427154648,73.0,0.3835616438356164,66241.64256911803,4.994827378062632,0.6339057252089281,280.7284156218077,180.0,27.785511572876146,0.9576795469084836,0.5304382024245917,1.5233860038958096,2.656930533907546,-0.34555794271546314,162.0,0.41358024691358025,287855.1157287615,4.994827378062632,0.4571694372356148,532.0063170258425,389.0
30,120,20,14,27.0,18.0,0.15,14,27.0,52.0,24,2.0,2.2,18,1.0,5.0,1.25,0.65,False,72,True,24,90,1.25,0.9,0.25,18,1.4908630363867141,1.2817175608997466,2.025308805170894,0.5809377382478993,3.3288552011759087,0.6297020876710424,0.46384844128555974,1.2817175608997466,2.072997450444052,-0.3109165802584405,89.0,0.43820224719101125,43288.552011759086,4.104406693057735,0.33826734664297337,247.57966705773873,208.0,5.919113795679778,1.6292607787693965,0.6162102477939841,1.862655299147646,3.5060937951729927,-0.34555794271546436,73.0,0.3835616438356164,69191.13795679779,4.994827378062632,0.6321467158541102,276.618469790255,178.0,28.95184174195627,0.9732877414583454,0.5300693986892813,1.5390523895384007,2.6852970919857784,-0.3455579427154645,162.0,0.41358024691358025,299518.4174195627,4.994827378062632,0.4558512650301333,524.1981368479937,386.0
30,120,20,14,27.0,18.0,0.15,14,27.0,52.0,24,2.0,2.2,18,1.0,5.0,1.25,0.65,False,72,True,48,180,1.25,0.9,0.0,6,1.49000572344332,1.3462109644612414,2.2372200501661452,0.13725650687436586,3.5870078173457243,0.6614721194844355,0.4518633131730907,1.3462109644612414,2.203446166747734,-0.29566699057399914,99.0,0.41414141414141414,45870.078173457245,4.104406693057735,0.32961827517874814,267.69461839654133,217.0,2.904469791885291,0.975359419828469,0.5610670179922101,1.4834674713356073,2.6719505289305077,-0.4098785175078892,92.0,0.40217391304347827,39044.69791885291,4.994827378062632,0.5731847660795196,333.9766365769739,206.0,16.90983345796813,0.7804848537414506,0.4983924287513263,1.400239252540842,2.399409717895331,-0.4098785175078895,191.0,0.4083769633507853,179098.3345796813,4.994827378062632,0.42707153453751334,601.6712549735151,423.0
30,120,20,14,27.0,18.0,0.15,14,27.0,52.0,24,2.0,2.2,18,1.0,5.0,1.25,0.65,False,72,True,48,180,1.25,1.1,0.0,6,1.49000572344332,1.3462109644612414,2.2372200501661452,0.13725650687436586,3.5870078173457243,0.6614721194844355,0.4518633131730907,1.3462109644612414,2.203446166747734,-0.29566699057399914,99.0,0.41414141414141414,45870.078173457245,4.104406693057735,0.32961827517874814,267.69461839654133,217.0,2.904469791885291,0.975359419828469,0.5610670179922101,1.4834674713356073,2.6719505289305077,-0.4098785175078892,92.0,0.40217391304347827,39044.69791885291,4.994827378062632,0.5731847660795196,333.9766365769739,206.0,16.90983345796813,0.7804848537414506,0.4983924287513263,1.400239252540842,2.399409717895331,-0.4098785175078895,191.0,0.4083769633507853,179098.3345796813,4.994827378062632,0.42707153453751334,601.6712549735151,423.0
30,120,20,14,27.0,18.0,0.15,14,27.0,52.0,24,2.0,2.2,18,1.0,5.0,1.25,0.65,False,72,True,48,180,1.25,0.9,0.25,18,1.4873427432600868,1.2898690815849458,2.150180014311759,0.42259874193937597,3.377129486080368,0.6357372540239172,0.463737312574982,1.2898690815849458,2.0883534379185433,-0.2956669905739996,89.0,0.43820224719101125,43771.29486080368,4.104406693057735,0.34092395879116305,254.18657812253346,208.0,4.353768399752254,1.312936017259755,0.5866009138740177,1.7124678235243218,3.069361991592402,-0.3455579427154645,73.0,0.3972602739726027,53537.683997522545,4.994827378062632,0.6256279586290938,302.75874332046124,193.0,22.434137524200843,0.8788076181435798,0.516382135493505,1.4730912434064467,2.5058982238793637,-0.34555794271546425,162.0,0.41975308641975306,234341.37524200842,4.994827378062632,0.4548367250098425,556.9453214429948,401.0
30,120,20,14,27.0,18.0,0.15,14,27.0,52.0,24,2.0,2.2,18,1.0,5.0,1.25,0.65,False,72,True,48,180,1.25,1.1,0.25,18,1.4873427432600868,1.2898690815849458,2.150180014311759,0.42259874193937597,3.377129486080368,0.6357372540239172,0.463737312574982,1.2898690815849458,2.0883534379185433,-0.2956669905739996,89.0,0.43820224719101125,43771.29486080368,4.104406693057735,0.34092395879116305,254.18657812253346,208.0,4.353768399752254,1.312936017259755,0.5866009138740177,1.7124678235243218,3.069361991592402,-0.3455579427154645,73.0,0.3972602739726027,53537.683997522545,4.994827378062632,0.6256279586290938,302.75874332046124,193.0,22.434137524200843,0.8788076181435798,0.516382135493505,1.4730912434064467,2.5058982238793637,-0.34555794271546425,162.0,0.41975308641975306,234341.37524200842,4.994827378062632,0.4548367250098425,556.9453214429948,401.0
30,120,20,14,27.0,18.0,0.15,14,27.0,52.0,24,2.0,2.2,18,1.0,5.0,1.25,0.65,False,72,True,12,360,1.5,0.9,0.0,18,1.4863441369805495,1.2670792570743055,2.0686054742300386,0.571466123703251,3.4524829263224897,0.6450697372217453,0.4858623198964605,1.2670792570743055,1.9827674656230305,-0.3118379726138202,91.0,0.42857142857142855,44524.82926322489,4.104406693057735,0.3440914928994123,254.28425189127768,201.0,5.748834216084019,1.5967209045898234,0.6181686707285299,1.8385453807775565,3.458436094565423,-0.34350501000640654,73.0,0.3698630136986301,67488.34216084018,4.994827378062632,0.6371572499988315,282.3092884633225,168.0,29.049069119695165,0.9745667797075761,0.5426573579633309,1.5183806851899626,2.591239065289438,-0.3435050100064069,164.0,0.4024390243902439,300490.69119695167,4.994827378062632,0.46134987737651995,536.5935403546002,369.0
30,120,20,14,27.0,18.0,0.15,14,27.0,52.0,24,2.0,2.2,18,1.0,5.0,1.25,0.65,False,72,True,12,360,1.75,0.9,0.0,6,1.4837293165002983,1.3163978990842649,2.187646121010187,0.290727541856876,3.46666795629882,0.6468147450399648,0.45721666576170134,1.3163978990842649,2.146056616693034,-0.29566699057399914,92.0,0.43478260869565216,44666.679562988196,4.104406693057735,0.3343725318188958,254.12810244645544,203.0,3.5037795009530814,1.12148278295057,0.5629409914594511,1.6071254409411408,2.899649045371034,-0.3771109072292279,82.0,0.3902439024390244,45037.79500953081,4.994827378062632,0.5893603787909342,303.62291628038486,186.0,19.116887579142617,0.8223379053355906,0.5021565466747263,1.4397418924652603,2.462696762953913,-0.3771109072292278,174.0,0.41379310344827586,201168.87579142617,4.994827378062632,0.4363955838914519,557.7510187268402,389.0
30,120,20,14,27.0,18.0,0.15,14,27.0,52.0,24,2.0,2.2,18,1.0,5.0,1.25,0.65,False,72,True,12,360,1.75,1.1,0.0,6,1.4836880796244474,1.3163978990842649,2.187646121010187,0.29053069227501527,3.46666795629882,0.6468147450399648,0.45721666576170134,1.3163978990842649,2.146056616693034,-0.29566699057399914,92.0,0.43478260869565216,44666.679562988196,4.104406693057735,0.3343725318188958,254.12810244645544,203.0,3.501276382241773,1.1208934291357795,0.5627815970653686,1.6069285913592801,2.8995153106807767,-0.3771109072292279,82.0,0.3902439024390244,45012.76382241773,4.994827378062632,0.5892390332118455,303.5122160117659,186.0,19.105706979003962,0.8221353605293971,0.5020850520259798,1.4396545242219982,2.462601930626109,-0.3771109072292278,174.0,0.41379310344827586,201057.06979003962,4.994827378062632,0.43634703237622813,557.6403184582213,389.0
30,120,20,14,27.0,18.0,0.15,14,27.0,52.0,24,2.0,2.2,18,1.0,5.0,1.25,0.65,False,72,True,12,360,1.5,0.9,0.5,6,1.4817669694676137,1.3078154202060546,2.131310167197454,0.37146820351507603,3.366228826727964,0.6343783664809863,0.45296719871152674,1.3078154202060546,2.1299944504197796,-0.297647135665456,89.0,0.43820224719101125,43662.28826727964,4.104406693057735,0.3321021490462152,253.35633891448197,221.0,3.8826306626415388,1.2088686400608486,0.5627036986913159,1.6792836237211306,3.034672825468796,-0.3528911260769325,73.0,0.3835616438356164,48826.30662641539,4.994827378062632,0.5925609893171172,296.4033166176755,200.0,20.318682749491366,0.8436021885756093,0.49973788447805667,1.4675280976061515,2.5117756585355995,-0.35289112607693296,162.0,0.41358024691358025,213186.82749491365,4.994827378062632,0.43631419734289245,549.7596555321575,421.0
30,120,20,14,27.0,18.0,0.15,14,27.0,52.0,24,2.0,2.2,18,1.0,5.0,1.25,0.65,False,72,True,12,360,1.5,1.1,0.5,6,1.4816362679991821,1.3078154202060546,2.131310167197454,0.37047987574893493,3.366228826727964,0.6343783664809863,0.45296719871152674,1.3078154202060546,2.1299944504197796,-0.297647135665456,89.0,0.43820224719101125,43662.28826727964,4.104406693057735,0.3321021490462152,253.35633891448197,221.0,3.875548168960666,1.207266753576064,0.5625526164820732,1.6782952959549895,3.0330172313871135,-0.35289112607693207,73.0,0.3835616438356164,48755.48168960666,4.994827378062632,0.5923385109974999,296.2926163490565,200.0,20.287758961416746,0.8430672018743841,0.4996697791353256,1.4670798489268606,2.511026971225705,-0.3528911260769325,162.0,0.41358024691358025,212877.58961416746,4.994827378062632,0.43622518166054974,549.6489552635385,421.0
30,120,20,14,27.0,18.0,0.15,14,27.0,52.0,24,2.0,2.2,18,1.0,5.0,1.25,0.65,False,72,True,24,90,1.25,1.1,0.75,6,1.4802845500861093,1.3066745226240275,2.132839715132434,0.401534399227198,3.330764614024316,0.6299416490892977,0.450332284166912,1.3066745226240275,2.1376642195576387,-0.2953534879437403,89.0,0.43820224719101125,43307.64614024316,4.104406693057735,0.3303404732623677,256.0423875056246,235.0,4.02385605627467,1.2405710595809083,0.5608961206029139,1.7082089218512255,3.1015808094732957,-0.35881130768583025,73.0,0.3835616438356164,50238.5605627467,4.994827378062632,0.5904919646609348,295.731671697053,211.0,20.757138034466053,0.8511215232040437,0.497492992044072,1.4799812262657968,2.545069153646913,-0.35881130768583036,162.0,0.41358024691358025,217571.38034466052,4.994827378062632,0.43442954836491426,551.7740592026776,446.0
30,120,20,14,27.0,18.0,0.15,14,27.0,52.0,24,2.0,2.2,18,1.0,5.0,1.25,0.65,False,72,True,24,90,1.25,0.9,0.75,6,1.4800668776651034,1.3066745226240275,2.132839715132434,0.3973187384612118,3.330764614024316,0.6299416490892977,0.450332284166912,1.3066745226240275,2.1376642195576387,-0.2953534879437403,89.0,0.43820224719101125,43307.64614024316,4.104406693057735,0.3303404732623677,256.0423875056246,235.0,4.009715044598639,1.2374169268481356,0.5617176262977531,1.7039932610852393,3.094249903428467,-0.3588113076858296,73.0,0.3835616438356164,50097.15044598639,4.994827378062632,0.5911368031680418,296.2032802428285,211.0,20.695896641492983,0.8500785837724181,0.4978635279587553,1.478104563298638,2.5421381311473854,-0.3588113076858299,162.0,0.41358024691358025,216958.96641492983,4.994827378062632,0.43468755435763207,552.2456677484531,446.0
30,120,20,14,27.0,18.0,0.15,14,27.0,52.0,24,2.0,2.2,18,1.0,5.0,1.25,0.65,False,72,True,24,90,1.5,1.1,0.25,6,1.4787204134638163,1.3130459394879213,2.14897037794967,0.29861478383350204,3.439867412687059,0.6435146908454459,0.45666289394674175,1.3130459394879213,2.1430431207828495,-0.29945256456230096,89.0,0.43820224719101125,44398.674126870596,4.104406693057735,0.3324202406190691,259.7207014686451,216.0,3.551134925548747,1.1326017988914092,0.5654609206078214,1.6116607233214233,2.9026214572985793,-0.36196755884320353,73.0,0.3835616438356164,45511.349255487476,4.994827378062632,0.5913848991058249,298.8241134904397,189.0,19.206435646685822,0.8239568934546482,0.5029867157231875,1.4399315393564158,2.463174207526244,-0.361967558843204,162.0,0.41358024691358025,202064.3564668582,4.994827378062632,0.4360344526353901,558.5448149590848,405.0
30,120,20,14,27.0,18.0,0.15,14,27.0,52.0,24,2.0,2.2,18,1.0,5.0,1.25,0.65,False,72,True,48,90,1.25,1.1,0.0,18,1.4784391150158926,1.3026730850319088,2.109172618295198,0.39436234560551653,3.4701644869131796,0.6472443119682627,0.46500794336236206,1.3026730850319088,2.1113597972208993,-0.306871190320789,90.0,0.43333333333333335,44701.64486913179,4.104406693057735,0.34131068450795826,251.36782999456332,199.0,4.246885986339509,1.2897424722110933,0.5856978490393727,1.6970354306374253,3.0414045836276413,-0.35676328012376124,83.0,0.39759036144578314,52468.8598633951,4.994827378062632,0.6246209263980201,308.15256818375804,188.0,22.45444340301728,0.8791330019517556,0.5166558837403955,1.4729300664220715,2.5064188633429763,-0.35676328012376113,173.0,0.4161849710982659,234544.4340301728,4.994827378062632,0.45466579497409687,559.5203981783213,387.0
30,120,20,14,27.0,18.0,0.15,14,27.0,52.0,24,2.0,2.2,18,1.0,5.0,1.25,0.65,False,72,True,24,90,1.5,0.9,0.25,6,1.478280882677316,1.3130459394879213,2.14897037794967,0.29334138092360096,3.439867412687059,0.6435146908454459,0.45666289394674175,1.3130459394879213,2.1430431207828495,-0.29945256456230096,89.0,0.43820224719101125,44398.674126870596,4.104406693057735,0.3324202406190691,259.7207014686451,216.0,3.5265809008383,1.1268437963435862,0.5657281244606603,1.6063873204115222,2.892710670577328,-0.36196755884320353,73.0,0.3835616438356164,45265.809008383,4.994827378062632,0.5916891287497279,299.02241602392814,189.0,19.09741903252353,0.8219851601084753,0.5031067139904907,1.437558291014194,2.4589986312677614,-0.361967558843204,162.0,0.41358024691358025,200974.19032523528,4.994827378062632,0.43615617779668897,558.7431174925732,405.0
30,120,20,14,27.0,18.0,0.15,14,27.0,52.0,24,2.0,2.2,18,1.0,5.0,1.25,0.65,False,72,True,48,360,1.25,0.9,0.0,18,1.4775066871077585,1.2843773086914045,2.134623088135806,0.42630220212433856,3.340305158795114,0.6311375844788891,0.4634096180094911,1.2843773086914045,2.080134520758063,-0.2956669905739986,91.0,0.42857142857142855,43403.05158795114,4.104406693057735,0.3395780921228868,255.10883330787868,201.0,4.334219885822643,1.308711405239463,0.5859067596798879,1.710679510815743,3.0680624563208636,-0.3435050100064071,83.0,0.40963855421686746,53342.19885822643,4.994827378062632,0.6199652042148875,313.5627817088067,188.0,22.152142088583464,0.8742654055813162,0.515890276375489,1.469310768109293,2.500614240648326,-0.34350501000640654,174.0,0.41954022988505746,231521.42088583464,4.994827378062632,0.451763630677486,568.6716150166855,389.0
30,120,20,14,27.0,18.0,0.15,14,27.0,52.0,24,2.0,2.2,18,1.0,5.0,1.25,0.65,False,72,True,48,360,1.25,1.1,0.0,18,1.4775066871077585,1.2843773086914045,2.134623088135806,0.42630220212433856,3.340305158795114,0.6311375844788891,0.4634096180094911,1.2843773086914045,2.080134520758063,-0.2956669905739986,91.0,0.42857142857142855,43403.05158795114,4.104406693057735,0.3395780921228868,255.10883330787868,201.0,4.334219885822643,1.308711405239463,0.5859067596798879,1.710679510815743,3.0680624563208636,-0.3435050100064071,83.0,0.40963855421686746,53342.19885822643,4.994827378062632,0.6199652042148875,313.5627817088067,188.0,22.152142088583464,0.8742654055813162,0.515890276375489,1.469310768109293,2.500614240648326,-0.34350501000640654,174.0,0.41954022988505746,231521.42088583464,4.994827378062632,0.451763630677486,568.6716150166855,389.0
30,120,20,14,27.0,18.0,0.15,14,27.0,52.0,24,2.0,2.2,18,1.0,5.0,1.25,0.65,False,72,True,48,90,1.25,0.9,0.5,6,1.477328000939606,1.3069142236528386,2.1452509820359844,0.34353254465767,3.3995714913849016,0.638527810086517,0.45639480895483436,1.3069142236528386,2.1299214202749295,-0.29764713566545586,89.0,0.43820224719101125,43995.71491384901,4.104406693057735,0.33354458387263625,254.99024996245137,219.0,3.7262454653846904,1.1732231031352645,0.5626667997435587,1.6504467683105086,2.9800266645516067,-0.3596121075805867,73.0,0.3835616438356164,47262.4546538469,4.994827378062632,0.5916739155724551,300.9256277140687,200.0,19.7934548107937,0.8344300842407157,0.5015868912387206,1.453996784710101,2.48762575297757,-0.3596121075805867,162.0,0.41358024691358025,207934.548107937,4.994827378062632,0.4368245737317317,555.91587767652,419.0
30,120,20,14,27.0,18.0,0.15,14,27.0,52.0,24,2.0,2.2,18,1.0,5.0,1.25,0.65,False,72,True,48,90,1.25,1.1,0.5,6,1.477328000939606,1.3069142236528386,2.1452509820359844,0.34353254465767,3.3995714913849016,0.638527810086517,0.45639480895483436,1.3069142236528386,2.1299214202749295,-0.29764713566545586,89.0,0.43820224719101125,43995.71491384901,4.104406693057735,0.33354458387263625,254.99024996245137,219.0,3.7262454653846904,1.1732231031352645,0.5626667997435587,1.6504467683105086,2.9800266645516067,-0.3596121075805867,73.0,0.3835616438356164,47262.4546538469,4.994827378062632,0.5916739155724551,300.9256277140687,200.0,19.7934548107937,0.8344300842407157,0.5015868912387206,1.453996784710101,2.48762575297757,-0.3596121075805867,162.0,0.41358024691358025,207934.548107937,4.994827378062632,0.4368245737317317,555.91587767652,419.0
30,120,20,14,27.0,18.0,0.15,14,27.0,52.0,24,2.0,2.2,18,1.0,5.0,1.25,0.65,False,72,True,12,180,1.25,1.1,0.0,18,1.476613737103448,1.271234990578423,2.0716685373205994,0.48190990384152665,3.249503878883295,0.6196834672812259,0.46221538129944234,1.271234990578423,2.0624511076139975,-0.2991228838580017,90.0,0.4222222222222222,42495.03878883295,4.104406693057735,0.33590329622960347,257.15757374524685,199.0,5.051941835084945,1.4590596376099287,0.6167184602374017,1.7531448944199497,3.291316992209582,-0.3435050100064063,72.0,0.3333333333333333,60519.41835084945,4.994827378062632,0.6323809610861588,279.85675519944834,166.0,24.71775030296949,0.9140643464476674,0.5294433325457477,1.4826945822461124,2.5887432971247972,-0.3435050100064062,162.0,0.38271604938271603,257177.50302969487,4.994827378062632,0.4545268173079515,537.0143289446951,365.0
30,120,20,14,27.0,18.0,0.15,14,27.0,52.0,24,2.0,2.2,18,1.0,5.0,1.25,0.65,False,72,True,12,180,1.5,0.9,0.5,6,1.476538335082206,1.306058286143307,2.123873235233919,0.3499155409169543,3.3663679093736665,0.6343957189054394,0.45391156099191704,1.306058286143307,2.126520885784726,-0.29869754389346515,89.0,0.43820224719101125,43663.67909373667,4.104406693057735,0.3321371605015957,252.65417844733236,217.0,3.7539852494464725,1.1795885199808627,0.562506610347503,1.6559738270602613,2.9890002584236948,-0.3528911260769322,73.0,0.3835616438356164,47539.85249446472,4.994827378062632,0.5926284341907019,295.1417366982999,196.0,19.757648634818853,0.8337980754469352,0.5001618658184561,1.4560564590044227,2.49009123881256,-0.35289112607693274,162.0,0.41358024691358025,207576.48634818854,4.994827378062632,0.43636218571601093,547.7959151456322,413.0
30,120,20,14,27.0,18.0,0.15,14,27.0,52.0,24,2.0,2.2,18,1.0,5.0,1.25,0.65,False,72,True,12,180,1.5,1.1,0.5,6,1.476520626001532,1.306058286143307,2.123873235233919,0.35028247557934034,3.3663679093736665,0.6343957189054394,0.45391156099191704,1.306058286143307,2.126520885784726,-0.29869754389346515,89.0,0.43820224719101125,43663.67909373667,4.104406693057735,0.3321371605015957,252.65417844733236,217.0,3.7523613902083266,1.1792164076620328,0.5621634135003135,1.6563407617226473,2.989878997460651,-0.35289112607693296,73.0,0.3835616438356164,47523.61390208326,4.994827378062632,0.5922274335445439,294.8290646607284,196.0,19.750558267952066,0.8336728211275404,0.5000074718104156,1.4562163915597701,2.490376657007755,-0.3528911260769326,162.0,0.41358024691358025,207505.58267952065,4.994827378062632,0.43620174156037794,547.4832431080607,413.0
30,120,20,14,27.0,18.0,0.15,14,27.0,52.0,24,2.0,2.2,18,1.0,5.0,1.25,0.65,False,72,True,48,90,1.25,0.9,0.0,36,1.474893053950744,1.268628332797838,1.9687387022250107,0.6562451577684798,3.4706402420615854,0.6473027436411174,0.48661689864590113,1.268628332797838,1.9888660960970057,-0.32879058196476496,85.0,0.4117647058823529,44706.40242061585,4.104406693057735,0.34530655609214145,241.49254398707694,189.0,6.535700645136753,1.7438590025858738,0.6194847532689387,1.9248734905663178,3.6306219078281834,-0.35289112607693207,71.0,0.39436619718309857,75357.00645136753,4.994827378062632,0.6401497794317478,274.48144745467516,164.0,32.689406556277696,1.020231424331699,0.5436682939633708,1.5585765645912808,2.6658841886127087,-0.3528911260769324,156.0,0.40384615384615385,336894.06556277693,4.994827378062632,0.463276121642909,515.9739914417521,353.0
30,120,20,14,27.0,18.0,0.15,14,27.0,52.0,24,2.0,2.2,18,1.0,5.0,1.25,0.65,False,72,True,24,360,1.5,0.9,0.25,6,1.4747479575444762,1.3134405484561729,2.1685779196964994,0.28216833019207677,3.4209467208519158,0.6411769073418883,0.45483786290415434,1.3134405484561729,2.1378477470884816,-0.2956669905739995,89.0,0.43820224719101125,44209.467208519156,4.104406693057735,0.3326466117239473,256.0929947115902,215.0,3.4345886724977532,1.105131145234835,0.5617424970820373,1.5956088786482496,2.876008334640349,-0.3764616026747526,73.0,0.3835616438356164,44345.88672497753,4.994827378062632,0.5865146943541819,306.01208059087526,197.0,18.605080250006054,0.8129723916354168,0.5003203023821249,1.4329458115513707,2.448201216201904,-0.37646160267475304,162.0,0.41358024691358025,196050.80250006053,4.994827378062632,0.43422163548021525,562.1050753024656,412.0
30,120,20,14,27.0,18.0,0.15,14,27.0,52.0,24,2.0,2.2,18,1.0,5.0,1.25,0.65,False,72,True,24,360,1.5,1.1,0.25,6,1.4747479575444762,1.3134405484561729,2.1685779196964994,0.28216833019207677,3.4209467208519158,0.6411769073418883,0.45483786290415434,1.3134405484561729,2.1378477470884816,-0.2956669905739995,89.0,0.43820224719101125,44209.467208519156,4.104406693057735,0.3326466117239473,256.0929947115902,215.0,3.4345886724977532,1.105131145234835,0.5617424970820373,1.5956088786482496,2.876008334640349,-0.3764616026747526,73.0,0.3835616438356164,44345.88672497753,4.994827378062632,0.5865146943541819,306.01208059087526,197.0,18.605080250006054,0.8129723916354168,0.5003203023821249,1.4329458115513707,2.448201216201904,-0.37646160267475304,162.0,0.41358024691358025,196050.80250006053,4.994827378062632,0.43422163548021525,562.1050753024656,412.0
30,120,20,14,27.0,18.0,0.15,14,27.0,52.0,24,2.0,2.2,18,1.0,5.0,1.25,0.65,False,72,True,12,360,1.25,1.1,0.0,6,1.4746054975340344,1.3338802537799126,2.218590235927293,0.0743391641828095,3.4097904012735594,0.63979533869269,0.4432570394938026,1.3338802537799126,2.2061423374300544,-0.2701568747216828,104.0,0.4230769230769231,44097.90401273559,4.104406693057735,0.31905380416184026,282.71603305230326,227.0,2.5532101806173384,0.8844511319363628,0.5553217541936544,1.408219417962722,2.5449511180740583,-0.398654567938587,95.0,0.35789473684210527,35532.101806173385,4.994827378062632,0.5584457364815255,350.2570705421252,211.0,14.668912148193813,0.733530354316575,0.4911284308113623,1.359142532541395,2.3465270033061247,-0.3986545679385868,199.0,0.39195979899497485,156689.12148193814,4.994827378062632,0.4148367831031045,632.9731035944284,438.0
30,120,20,14,27.0,18.0,0.15,14,27.0,52.0,24,2.0,2.2,18,1.0,5.0,1.25,0.65,False,72,True,12,180,1.25,0.9,0.0,6,1.4744636013897368,1.3054716988477535,2.2894250068837922,0.1462772269595336,3.225753183656069,0.6166605597895336,0.44137357506487623,1.3054716988477535,2.1629524605471273,-0.26935171841635885,102.0,0.4019607843137255,42257.531836560695,4.104406693057735,0.3141756554908397,283.5527803471325,222.0,2.737271622553927,0.9326212942811467,0.5564739657907385,1.451748925807287,2.62673008677754,-0.3741379180166172,92.0,0.358695652173913,37372.71622553927,4.994827378062632,0.558063717484343,343.3876063644026,205.0,14.792787457194759,0.7362618435222941,0.4906343245566723,1.363183736973221,2.357599155193325,-0.3741379180166171,194.0,0.38144329896907214,157927.87457194758,4.994827378062632,0.41175757848878763,626.9403867115351,427.0
30,120,20,14,27.0,18.0,0.15,14,27.0,52.0,24,2.0,2.2,18,1.0,5.0,1.25,0.65,False,72,True,24,90,1.75,0.9,0.0,6,1.4736360941817346,1.2963199438850113,2.1471244728737413,0.40254779130274243,3.3698804336872676,0.634833831282364,0.45948002191533427,1.2963199438850113,2.1069972053524046,-0.2956669905739995,91.0,0.43956043956043955,43698.80433687268,4.104406693057735,0.3357019230243886,252.64104632745028,201.0,4.085265226231127,1.2542170457965862,0.5707982793812639,1.6988677351877537,3.075827255303337,-0.3732937338331719,77.0,0.38961038961038963,50852.65226231127,4.994827378062632,0.6032776082728603,289.21503707020923,176.0,21.22200101221768,0.8589624753723368,0.5069262651296494,1.470096084502823,2.515559865199177,-0.3732937338331712,168.0,0.4166666666666667,222220.0101221768,4.994827378062632,0.44276148838653023,541.8560833976594,377.0
30,120,20,14,27.0,18.0,0.15,14,27.0,52.0,24,2.0,2.2,18,1.0,5.0,1.25,0.65,False,72,True,24,90,1.75,1.1,0.0,6,1.4736360941817346,1.2963199438850113,2.1471244728737413,0.40254779130274243,3.3698804336872676,0.634833831282364,0.45948002191533427,1.2963199438850113,2.1069972053524046,-0.2956669905739995,91.0,0.43956043956043955,43698.80433687268,4.104406693057735,0.3357019230243886,252.64104632745028,201.0,4.085265226231127,1.2542170457965862,0.5707982793812639,1.6988677351877537,3.075827255303337,-0.3732937338331719,77.0,0.38961038961038963,50852.65226231127,4.994827378062632,0.6032776082728603,289.21503707020923,176.0,21.22200101221768,0.8589624753723368,0.5069262651296494,1.470096084502823,2.515559865199177,-0.3732937338331712,168.0,0.4166666666666667,222220.0101221768,4.994827378062632,0.44276148838653023,541.8560833976594,377.0
30,120,20,14,27.0,18.0,0.15,14,27.0,52.0,24,2.0,2.2,18,1.0,5.0,1.25,0.65,False,72,True,12,90,1.75,0.9,0.25,6,1.4730610456263804,1.3012951902365981,2.121396861126274,0.35045481905794906,3.3732807981690005,0.6352577305186786,0.45705011851422084,1.3012951902365981,2.12249615268623,-0.2994525645623012,89.0,0.43820224719101125,43732.807981690006,4.104406693057735,0.3332729296364915,257.5356609388067,213.0,3.761589464471525,1.1813302037499867,0.5653818244728348,1.6517500092945472,2.9777213766779873,-0.35289112607693207,73.0,0.3835616438356164,47615.89464471525,4.994827378062632,0.5951101043215807,288.9120365189305,181.0,19.823767773737227,0.8349644530200178,0.503164024548258,1.4515472332860986,2.48319126209094,-0.35289112607693196,162.0,0.41358024691358025,208237.67773737226,4.994827378062632,0.43803646258383694,546.4476974577371,394.0
30,120,20,14,27.0,18.0,0.15,14,27.0,52.0,24,2.0,2.2,18,1.0,5.0,1.25,0.65,False,72,True,12,90,1.75,1.1,0.25,6,1.4730610456263804,1.3012951902365981,2.121396861126274,0.35045481905794906,3.3732807981690005,0.6352577305186786,0.45705011851422084,1.3012951902365981,2.12249615268623,-0.2994525645623012,89.0,0.43820224719101125,43732.807981690006,4.104406693057735,0.3332729296364915,257.5356609388067,213.0,3.761589464471525,1.1813302037499867,0.5653818244728348,1.6517500092945472,2.9777213766779873,-0.35289112607693207,73.0,0.3835616438356164,47615.89464471525,4.994827378062632,0.5951101043215807,288.9120365189305,181.0,19.823767773737227,0.8349644530200178,0.503164024548258,1.4515472332860986,2.48319126209094,-0.35289112607693196,162.0,0.41358024691358025,208237.67773737226,4.994827378062632,0.43803646258383694,546.4476974577371,394.0
30,120,20,14,27.0,18.0,0.15,14,27.0,52.0,24,2.0,2.2,18,1.0,5.0,1.25,0.65,False,72,True,24,360,1.25,0.9,0.25,18,1.4726297786054792,1.2965191261518973,2.089819494505854,0.3768966939454559,3.414819076227589,0.640418364400485,0.4634624755847587,1.2965191261518973,2.1000725892424574,-0.30644673670819333,89.0,0.43820224719101125,44148.19076227589,4.104406693057735,0.3396173007644517,252.92462817928532,210.0,4.1077637130413365,1.259195878424208,0.5860576672618677,1.6734158200973532,2.996889402779373,-0.3455579427154646,73.0,0.3972602739726027,51077.637130413365,4.994827378062632,0.6244925099779917,303.6690376806989,196.0,21.54985267719798,0.8644138747884429,0.5159850329439565,1.4589299498745634,2.4813726747352134,-0.345557942715465,162.0,0.41975308641975306,225498.52677197978,4.994827378062632,0.4535985694755068,556.5936658599843,406.0
30,120,20,14,27.0,18.0,0.15,14,27.0,52.0,24,2.0,2.2,18,1.0,5.0,1.25,0.65,False,72,True,24,180,1.25,0.9,0.25,6,1.4698673797833088,1.318921719182392,2.153872618018095,0.2566089516369825,3.3677637841638326,0.6345698525924708,0.44722233793024385,1.318921719182392,2.1695293852833357,-0.2946180973210829,89.0,0.43820224719101125,43677.63784163832,4.104406693057735,0.32669229497380425,266.99910139992494,234.0,3.3047459249553217,1.074097604733708,0.5581730088124442,1.5755306708193746,2.854516763346933,-0.36675257659209604,73.0,0.3835616438356164,43047.45924955322,4.994827378062632,0.5714067011008775,328.1701616854078,217.0,17.802113351046714,0.7978769269040356,0.4945707709372978,1.4267730919404837,2.4586841410345475,-0.36675257659209604,162.0,0.41358024691358025,188021.13351046713,4.994827378062632,0.4246048460843081,595.1692630853327,451.0
30,120,20,14,27.0,18.0,0.15,14,27.0,52.0,24,2.0,2.2,18,1.0,5.0,1.25,0.65,False,72,True,24,180,1.25,0.9,0.5,18,1.469750366343573,1.3003412286477887,2.054283221187076,0.3834494705876297,3.441884690746015,0.6437635475275731,0.4637808856440702,1.3003412286477887,2.105616578578097,-0.3133762379442362,89.0,0.43820224719101125,44418.84690746015,4.104406693057735,0.3408798009050069,249.9831348132359,208.0,4.151905284754212,1.2689324723862119,0.5844555640044268,1.6837906992354184,3.0137537237270218,-0.34761899312989775,73.0,0.3835616438356164,51519.05284754212,4.994827378062632,0.6261167142040013,289.10837371913726,190.0,21.884169212523204,0.8699078567442218,0.5154295619106383,1.465671110614788,2.4913716266666928,-0.3476189931298973,162.0,0.41358024691358025,228841.69212523205,4.994827378062632,0.45500579084565546,539.0915085323732,398.0
30,120,20,14,27.0,18.0,0.15,14,27.0,52.0,24,2.0,2.2,18,1.0,5.0,1.25,0.65,False,72,True,24,180,1.25,1.1,0.25,6,1.4694294559359293,1.318921719182392,2.153872618018095,0.2579389546551345,3.3677637841638326,0.6345698525924708,0.44722233793024385,1.318921719182392,2.1695293852833357,-0.2946180973210829,89.0,0.43820224719101125,43677.63784163832,4.104406693057735,0.32669229497380425,266.99910139992494,234.0,3.3063296429760936,1.0744789263675356,0.5576410531213788,1.5768606738375266,2.8562808479665422,-0.36675257659209604,73.0,0.3835616438356164,43063.296429760936,4.994827378062632,0.5722382060867922,330.1209609117521,218.0,17.809030657262156,0.7980091531550104,0.4943306746362887,1.4273880211540302,2.4593750907227623,-0.36675257659209604,162.0,0.41358024691358025,188090.30657262154,4.994827378062632,0.4249375391027555,597.120062311677,452.0
30,120,20,14,27.0,18.0,0.15,14,27.0,52.0,24,2.0,2.2,18,1.0,5.0,1.25,0.65,False,72,True,24,360,1.25,1.1,0.0,18,1.4680415197984582,1.282355294893482,2.115719416331186,0.3979515341194775,3.328380511356782,0.6296425205413336,0.4634340743665729,1.282355294893482,2.0769627750641586,-0.2976020901831966,91.0,0.42857142857142855,43283.80511356782,4.104406693057735,0.3392836143441949,255.20391075165932,201.0,4.147399259230013,1.2679404664710008,0.5859102220632258,1.6803068290129595,3.0089782201783644,-0.34350501000640554,82.0,0.4024390243902439,51473.99259230013,4.994827378062632,0.6225265705799979,311.0456637262761,186.0,21.279902637823458,0.8599299003817247,0.5159035961002126,1.4544248388379337,2.4735081728019206,-0.3435050100064061,173.0,0.4161849710982659,222799.0263782346,4.994827378062632,0.4526118031829317,566.2495744779354,387.0
30,120,20,14,27.0,18.0,0.15,14,27.0,52.0,24,2.0,2.2,18,1.0,5.0,1.25,0.65,False,72,True,12,180,1.75,0.9,0.0,6,1.4675604818166847,1.311019185473199,2.13043022710664,0.3057507190508617,3.4260302827067273,0.6418056711741724,0.4565162311637968,1.311019185473199,2.1418213656164107,-0.3012563673797548,94.0,0.43617021276595747,44260.30282706727,4.104406693057735,0.3326636344939707,258.73158287532715,207.0,3.5448840022978434,1.1311374135482022,0.5620989785885809,1.6167699045240607,2.918920264230877,-0.37371794344177256,80.0,0.3875,45448.84002297843,4.994827378062632,0.591083077478918,297.092976345585,182.0,19.115794225559668,0.8223181024037769,0.5013969376723159,1.4411280463481315,2.4686322261305045,-0.3737179434417722,174.0,0.41379310344827586,201157.9422555967,4.994827378062632,0.4360597006253317,555.8245592209122,389.0
30,120,20,14,27.0,18.0,0.15,14,27.0,52.0,24,2.0,2.2,18,1.0,5.0,1.25,0.65,False,72,True,12,180,1.75,1.1,0.0,6,1.4675604818166847,1.311019185473199,2.13043022710664,0.3057507190508617,3.4260302827067273,0.6418056711741724,0.4565162311637968,1.311019185473199,2.1418213656164107,-0.3012563673797548,94.0,0.43617021276595747,44260.30282706727,4.104406693057735,0.3326636344939707,258.73158287532715,207.0,3.5448840022978434,1.1311374135482022,0.5620989785885809,1.6167699045240607,2.918920264230877,-0.37371794344177256,80.0,0.3875,45448.84002297843,4.994827378062632,0.591083077478918,297.092976345585,182.0,19.115794225559668,0.8223181024037769,0.5013969376723159,1.4411280463481315,2.4686322261305045,-0.3737179434417722,174.0,0.41379310344827586,201157.9422555967,4.994827378062632,0.4360597006253317,555.8245592209122,389.0
30,120,20,14,27.0,18.0,0.15,14,27.0,52.0,24,2.0,2.2,18,1.0,5.0,1.25,0.65,False,72,True,12,90,1.5,0.9,0.25,6,1.4670494240423482,1.303327967029637,2.1090945321589736,0.32424007108378006,3.370443913146728,0.634904091453409,0.4557015877426249,1.303327967029637,2.126233718182047,-0.3010315952047392,89.0,0.43820224719101125,43704.43913146728,4.104406693057735,0.332447002344135,254.3848594539868,215.0,3.5881831210106085,1.1412603942631394,0.5608560902326747,1.627568038113417,2.93856723508974,-0.3530745732972307,73.0,0.3835616438356164,45881.83121010609,4.994827378062632,0.5867328304295466,294.88139993119023,191.0,19.05239699362347,0.8211683698584562,0.5003953003128668,1.4417661865496998,2.467843642943959,-0.35307457329723135,162.0,0.41358024691358025,200523.9699362347,4.994827378062632,0.43418917001268226,549.2662593851769,406.0
30,120,20,14,27.0,18.0,0.15,14,27.0,52.0,24,2.0,2.2,18,1.0,5.0,1.25,0.65,False,72,True,12,90,1.5,1.1,0.25,6,1.4670494240423482,1.303327967029637,2.1090945321589736,0.32424007108378006,3.370443913146728,0.634904091453409,0.4557015877426249,1.303327967029637,2.126233718182047,-0.3010315952047392,89.0,0.43820224719101125,43704.43913146728,4.104406693057735,0.332447002344135,254.3848594539868,215.0,3.5881831210106085,1.1412603942631394,0.5608560902326747,1.627568038113417,2.93856723508974,-0.3530745732972307,73.0,0.3835616438356164,45881.83121010609,4.994827378062632,0.5867328304295466,294.88139993119023,191.0,19.05239699362347,0.8211683698584562,0.5003953003128668,1.4417661865496998,2.467843642943959,-0.35307457329723135,162.0,0.41358024691358025,200523.9699362347,4.994827378062632,0.43418917001268226,549.2662593851769,406.0
30,120,20,14,27.0,18.0,0.15,14,27.0,52.0,24,2.0,2.2,18,1.0,5.0,1.25,0.65,False,72,True,24,360,1.25,1.1,0.5,6,1.4651668583491593,1.3064379124687602,2.1465348435852674,0.3167564670510734,3.2959729723537077,0.6255654729402682,0.44729431419341936,1.3064379124687602,2.146244569126011,-0.2914303836295582,89.0,0.43820224719101125,42959.72972353708,4.104406693057735,0.32775685438985547,264.46067417549267,246.0,3.543955385731395,1.1309197833536322,0.5585800211845556,1.6231943795198336,2.942799363565366,-0.3657040341218496,73.0,0.3835616438356164,45439.55385731395,4.994827378062632,0.5811420638604876,319.73397433312147,231.0,18.5207095246831,0.8114097672657676,0.49479579223575854,1.4415144034927485,2.4831309637535437,-0.36570403412185093,162.0,0.41358024691358025,195207.09524683098,4.994827378062632,0.4291386760226043,584.1946485086141,477.0
30,120,20,14,27.0,18.0,0.15,14,27.0,52.0,24,2.0,2.2,18,1.0,5.0,1.25,0.65,False,72,True,12,180,1.25,1.1,0.25,6,1.462702178860254,1.3196991195126522,2.128320676767529,0.24134494005473384,3.34142112514846,0.6312773596167003,0.4445086001710151,1.3196991195126522,2.1766676575156994,-0.2966081974899937,89.0,0.43820224719101125,43414.2112514846,4.104406693057735,0.3200036498811528,280.0836725091459,250.0,3.2175954342567854,1.0530045555434264,0.5560865076625017,1.561044059567386,2.827531564411826,-0.3595768301307558,73.0,0.3835616438356164,42175.95434256786,4.994827378062632,0.5696903132366034,327.36258759668556,220.0,17.310357915612126,0.788375565067351,0.4921567487155184,1.4206097362117607,2.451485352665409,-0.35957683013075536,162.0,0.41358024691358025,183103.57915612127,4.994827378062632,0.4199056481914069,607.4462601058314,470.0
30,120,20,14,27.0,18.0,0.15,14,27.0,52.0,24,2.0,2.2,18,1.0,5.0,1.25,0.65,False,72,True,48,90,1.25,0.9,0.25,18,1.4619678169523374,1.3046780478743276,2.022734941523727,0.4002604064045221,3.4802862450906353,0.64848656101909,0.46479725215339907,1.3046780478743276,2.11374760744337,-0.32059888209108844,89.0,0.43820224719101125,44802.86245090635,4.104406693057735,0.3415266132493259,248.70633038779857,203.0,4.294524438841254,1.300108960136431,0.5855839858155814,1.7049384542788497,3.0565368513651574,-0.3555155953426036,73.0,0.3972602739726027,52945.24438841254,4.994827378062632,0.6252710460315208,300.3906394144394,189.0,22.720985017636735,0.8833833383077014,0.5164908262693995,1.477599249507823,2.514232152123536,-0.3555155953426039,162.0,0.41975308641975306,237209.85017636736,4.994827378062632,0.45505544760279315,549.0969698022379,392.0
30,120,20,14,27.0,18.0,0.15,14,27.0,52.0,24,2.0,2.2,18,1.0,5.0,1.25,0.65,False,72,True,48,90,1.5,0.9,0.0,6,1.4611054546795825,1.2928528274206672,2.1388086820003616,0.38042877246638773,3.350192360032022,0.632375126420587,0.4595994249984888,1.2928528274206672,2.099299768938994,-0.2956669905739985,94.0,0.44680851063829785,43501.92360032022,4.104406693057735,0.3341942980951825,258.60024702570115,207.0,3.94548266960408,1.2230336044052006,0.5714173293770254,1.673281599887055,3.0268110109443347,-0.37944292829300863,80.0,0.4,49454.8266960408,4.994827378062632,0.6021166828280669,297.5161076168665,182.0,20.513800925982444,0.8469635220006411,0.5072690798386261,1.4567004440804796,2.490371795549716,-0.3794429282930084,174.0,0.42528735632183906,215138.00925982444,4.994827378062632,0.44139258120396097,556.1163546425676,389.0
30,120,20,14,27.0,18.0,0.15,14,27.0,52.0,24,2.0,2.2,18,1.0,5.0,1.25,0.65,False,72,True,48,90,1.5,1.1,0.0,6,1.4611054546795825,1.2928528274206672,2.1388086820003616,0.38042877246638773,3.350192360032022,0.632375126420587,0.4595994249984888,1.2928528274206672,2.099299768938994,-0.2956669905739985,94.0,0.44680851063829785,43501.92360032022,4.104406693057735,0.3341942980951825,258.60024702570115,207.0,3.94548266960408,1.2230336044052006,0.5714173293770254,1.673281599887055,3.0268110109443347,-0.37944292829300863,80.0,0.4,49454.8266960408,4.994827378062632,0.6021166828280669,297.5161076168665,182.0,20.513800925982444,0.8469635220006411,0.5072690798386261,1.4567004440804796,2.490371795549716,-0.3794429282930084,174.0,0.42528735632183906,215138.00925982444,4.994827378062632,0.44139258120396097,556.1163546425676,389.0
30,120,20,14,27.0,18.0,0.15,14,27.0,52.0,24,2.0,2.2,18,1.0,5.0,1.25,0.65,False,72,True,24,360,1.25,0.9,0.5,6,1.4588227375806733,1.3044240163429823,2.127403523797047,0.31877036317685126,3.2842874838689164,0.6240903448849004,0.4472865328669209,1.3044240163429823,2.1428986406614428,-0.293357765888724,89.0,0.43820224719101125,42842.87483868916,4.104406693057735,0.32769128748427195,264.4632807952564,246.0,3.543955385731395,1.1309197833536322,0.5585800211845556,1.6231943795198336,2.942799363565366,-0.3657040341218496,73.0,0.3835616438356164,45439.55385731395,4.994827378062632,0.5811420638604876,319.73397433312147,231.0,18.46761118634774,0.8104235640443997,0.4947916380534405,1.440422122758329,2.4812284887004687,-0.3657040341218505,162.0,0.41358024691358025,194676.1118634774,4.994827378062632,0.4290993430568027,584.197255128378,477.0
30,120,20,14,27.0,18.0,0.15,14,27.0,52.0,24,2.0,2.2,18,1.0,5.0,1.25,0.65,False,72,True,24,180,1.5,0.9,0.25,6,1.453937519406123,1.2926227509687642,2.122129641234049,0.3176986507300912,3.310882285936424,0.6274436846315499,0.4560820332667598,1.2926227509687642,2.1061556470520943,-0.29566699057399826,89.0,0.43820224719101125,43108.82285936424,4.104406693057735,0.3329491296846806,256.21022896203243,214.0,3.511288806445247,1.123249850060878,0.5620289973168179,1.6103214016988554,2.9041904217884063,-0.3638901454619614,73.0,0.3835616438356164,45112.88806445247,4.994827378062632,0.5884312127094219,303.5025653850751,193.0,18.44763500244804,0.8100519862966389,0.5011288287976077,1.428190877612988,2.441832287840913,-0.3638901454619615,162.0,0.41358024691358025,194476.3500244804,4.994827378062632,0.4351699302818814,559.7127943471075,407.0
30,120,20,14,27.0,18.0,0.15,14,27.0,52.0,24,2.0,2.2,18,1.0,5.0,1.25,0.65,False,72,True,24,180,1.5,1.1,0.25,6,1.453937519406123,1.2926227509687642,2.122129641234049,0.3176986507300912,3.310882285936424,0.6274436846315499,0.4560820332667598,1.2926227509687642,2.1061556470520943,-0.29566699057399826,89.0,0.43820224719101125,43108.82285936424,4.104406693057735,0.3329491296846806,256.21022896203243,214.0,3.511288806445247,1.123249850060878,0.5620289973168179,1.6103214016988554,2.9041904217884063,-0.3638901454619614,73.0,0.3835616438356164,45112.88806445247,4.994827378062632,0.5884312127094219,303.5025653850751,193.0,18.44763500244804,0.8100519862966389,0.5011288287976077,1.428190877612988,2.441832287840913,-0.3638901454619615,162.0,0.41358024691358025,194476.3500244804,4.994827378062632,0.4351699302818814,559.7127943471075,407.0
30,120,20,14,27.0,18.0,0.15,14,27.0,52.0,24,2.0,2.2,18,1.0,5.0,1.25,0.65,False,72,True,12,90,1.25,0.9,0.0,6,1.4515201367453772,1.3027536914436793,2.1970554533198943,0.17615065619422743,3.190655850589142,0.6121726837279198,0.43955556915174376,1.3027536914436793,2.1577089913019605,-0.2786332419615931,102.0,0.4019607843137255,41906.558505891415,4.104406693057735,0.3075331365131464,288.13965173997656,222.0,2.849935774103742,0.9615222079926513,0.556180617564263,1.4789043476379067,2.67595351674444,-0.37413791801661755,90.0,0.36666666666666664,38499.35774103742,4.994827378062632,0.5574290727091474,336.6522254855373,201.0,15.133755876140295,0.7436927703502119,0.48952202925311733,1.373903837437143,2.376026569488151,-0.3741379180166179,192.0,0.3854166666666667,161337.55876140294,4.994827378062632,0.407518866868525,624.7918772255139,423.0
30,120,20,14,27.0,18.0,0.15,14,27.0,52.0,24,2.0,2.2,18,1.0,5.0,1.25,0.65,False,72,True,24,360,1.5,0.9,0.0,6,1.4447446110269389,1.301348274896312,2.1375086558539165,0.23496053095278824,3.3471198350406004,0.6319907516021996,0.4547071022732553,1.301348274896312,2.118050686183636,-0.29566699057399826,94.0,0.43617021276595747,43471.198350406004,4.104406693057735,0.3315490123531743,259.25974481973736,207.0,3.1457989254377923,1.0354632780975188,0.5614017041635353,1.5363088058491003,2.767383181078214,-0.3929928390456261,85.0,0.38823529411764707,41457.98925437792,4.994827378062632,0.5804476970030746,314.215438035763,192.0,17.022284740860602,0.7827143890810928,0.5000941949099301,1.399725846438351,2.3906815078196852,-0.3929928390456259,179.0,0.4134078212290503,180222.84740860603,4.994827378062632,0.4311357329219084,573.4751828555003,399.0
30,120,20,14,27.0,18.0,0.15,14,27.0,52.0,24,2.0,2.2,18,1.0,5.0,1.25,0.65,False,72,True,24,360,1.5,1.1,0.0,6,1.4447446110269389,1.301348274896312,2.1375086558539165,0.23496053095278824,3.3471198350406004,0.6319907516021996,0.4547071022732553,1.301348274896312,2.118050686183636,-0.29566699057399826,94.0,0.43617021276595747,43471.198350406004,4.104406693057735,0.3315490123531743,259.25974481973736,207.0,3.1457989254377923,1.0354632780975188,0.5614017041635353,1.5363088058491003,2.767383181078214,-0.3929928390456261,85.0,0.38823529411764707,41457.98925437792,4.994827378062632,0.5804476970030746,314.215438035763,192.0,17.022284740860602,0.7827143890810928,0.5000941949099301,1.399725846438351,2.3906815078196852,-0.3929928390456259,179.0,0.4134078212290503,180222.84740860603,4.994827378062632,0.4311357329219084,573.4751828555003,399.0
30,120,20,14,27.0,18.0,0.15,14,27.0,52.0,24,2.0,2.2,18,1.0,5.0,1.25,0.65,False,72,True,48,180,1.25,0.9,0.0,18,1.444169803298822,1.2609542323898635,2.0760588820252033,0.44065946739409756,3.203532252612253,0.6138220819028102,0.4636452819552803,1.2609542323898635,2.0410318403884977,-0.2956669905739978,92.0,0.42391304347826086,42035.32252612253,4.104406693057735,0.3400181966338305,256.9947077886276,203.0,4.284510450965071,1.297933726124859,0.5864771799120654,1.701613699783961,3.0493007101402787,-0.34350501000640665,82.0,0.4024390243902439,52845.10450965071,4.994827378062632,0.622334973002535,309.9474246847393,186.0,21.213610119898274,0.858822112413274,0.5162769416551567,1.4525801110026026,2.4704857775072453,-0.3435050100064063,174.0,0.41379310344827586,222136.10119898274,4.994827378062632,0.4529758121376745,566.9421324733669,389.0
30,120,20,14,27.0,18.0,0.15,14,27.0,52.0,24,2.0,2.2,18,1.0,5.0,1.25,0.65,False,72,True,48,180,1.25,1.1,0.0,18,1.444169803298822,1.2609542323898635,2.0760588820252033,0.44065946739409756,3.203532252612253,0.6138220819028102,0.4636452819552803,1.2609542323898635,2.0410318403884977,-0.2956669905739978,92.0,0.42391304347826086,42035.32252612253,4.104406693057735,0.3400181966338305,256.9947077886276,203.0,4.284510450965071,1.297933726124859,0.5864771799120654,1.701613699783961,3.0493007101402787,-0.34350501000640665,82.0,0.4024390243902439,52845.10450965071,4.994827378062632,0.622334973002535,309.9474246847393,186.0,21.213610119898274,0.858822112413274,0.5162769416551567,1.4525801110026026,2.4704857775072453,-0.3435050100064063,174.0,0.41379310344827586,222136.10119898274,4.994827378062632,0.4529758121376745,566.9421324733669,389.0
30,120,20,14,27.0,18.0,0.15,14,27.0,52.0,24,2.0,2.2,18,1.0,5.0,1.25,0.65,False,72,True,24,180,1.25,1.1,0.25,18,1.442061870799018,1.2770902816728633,2.0307557624596537,0.381615242694324,3.299024083186575,0.6259501921184405,0.46364766212070446,1.2770902816728633,2.0673699947316586,-0.3082350934020194,89.0,0.43820224719101125,42990.240831865754,4.104406693057735,0.3398950931589699,253.39570311356312,209.0,3.997231119020123,1.2346287014429413,0.5839426571146761,1.6587055243671873,2.966487919007342,-0.3455579427154648,73.0,0.3972602739726027,49972.311190201224,4.994827378062632,0.6241128344775223,294.66386695069485,191.0,20.48321692991694,0.8464382626213363,0.5151246758033816,1.4417366136125096,2.449338118358798,-0.3455579427154646,162.0,0.41975308641975306,214832.16929916939,4.994827378062632,0.4536133027396277,548.059570064258,400.0
30,120,20,14,27.0,18.0,0.15,14,27.0,52.0,24,2.0,2.2,18,1.0,5.0,1.25,0.65,False,72,True,12,360,1.5,0.9,0.25,6,1.4413482522817593,1.2874736676702663,2.066086167698187,0.3493627137986861,3.2417262592153406,0.6186948015239195,0.4524593602179829,1.2874736676702663,2.09657209477979,-0.2994525645623015,89.0,0.43820224719101125,42417.262592153405,4.104406693057735,0.3308096493441368,256.71075811295304,221.0,3.6436477651183212,1.1541580167883794,0.5616025861719689,1.6368363814689524,2.9556705733442943,-0.35621047577032194,73.0,0.3835616438356164,46436.47765118321,4.994827378062632,0.586763699891264,304.3278280761715,200.0,18.697082663848985,0.8146702416647273,0.4989646878383409,1.4373434212983214,2.4589928249333903,-0.3562104757703223,162.0,0.41358024691358025,196970.82663848985,4.994827378062632,0.43321928861614,561.0385861891245,421.0
30,120,20,14,27.0,18.0,0.15,14,27.0,52.0,24,2.0,2.2,18,1.0,5.0,1.25,0.65,False,72,True,12,360,1.5,1.1,0.25,6,1.441217787337314,1.2874736676702663,2.066086167698187,0.34827012548285197,3.2417262592153406,0.6186948015239195,0.4524593602179829,1.2874736676702663,2.09657209477979,-0.2994525645623015,89.0,0.43820224719101125,42417.262592153405,4.104406693057735,0.3308096493441368,256.71075811295304,221.0,3.6364431347861075,1.1524870397026183,0.561452150268396,1.6357437931531182,2.953832109218616,-0.35621047577032194,73.0,0.3835616438356164,46364.43134786107,4.994827378062632,0.5866107175364079,304.2171278075525,200.0,18.666522594180865,0.8141069787482105,0.49889690038905926,1.436849364868074,2.4581683989397973,-0.3562104757703223,162.0,0.41358024691358025,196665.22594180866,4.994827378062632,0.43315807892736075,560.9278859205056,421.0
30,120,20,14,27.0,18.0,0.15,14,27.0,52.0,24,2.0,2.2,18,1.0,5.0,1.25,0.65,False,72,True,12,360,1.25,0.9,0.0,6,1.4407543557357338,1.3119327921336728,2.170988315915084,0.07557089817074103,3.2787364699792914,0.6233886678220619,0.44288886621985674,1.3119327921336728,2.16763018328113,-0.2792004854754484,103.0,0.4174757281553398,42787.36469979292,4.104406693057735,0.3177201666289813,280.5155420639213,225.0,2.4775612231949693,0.864292079568237,0.5561965327395073,1.3875036903044138,2.5074560379747535,-0.3981099636659873,95.0,0.35789473684210527,34775.61223194969,4.994827378062632,0.5559900091305163,351.0646479409927,211.0,13.879568032270129,0.7157072237149371,0.4913251174385662,1.337752859855383,2.3085444593178006,-0.39810996366598694,198.0,0.3888888888888889,148795.6803227013,4.994827378062632,0.41305418680885103,631.580190004914,436.0
30,120,20,14,27.0,18.0,0.15,14,27.0,52.0,24,2.0,2.2,18,1.0,5.0,1.25,0.65,False,72,True,24,90,1.25,1.1,0.0,18,1.4370683312492685,1.2516047102995695,1.9422557461292242,0.5520079159231084,3.1530898407175387,0.6073412875664488,0.46404661815261966,1.2516047102995695,2.024648242986037,-0.3126989268930398,90.0,0.4222222222222222,41530.89840717539,4.104406693057735,0.3377039791136032,253.0647788089167,199.0,5.4381268228645245,1.5362690729951543,0.6165349312593522,1.803612626222678,3.389462855957078,-0.34350501000640576,73.0,0.3561643835616438,64381.26822864525,4.994827378062632,0.6317696213476772,281.11021974988523,168.0,25.738119101289676,0.9290124478488546,0.5303219226014734,1.4957969668195958,2.6080780869338307,-0.34350501000640676,163.0,0.39263803680981596,267381.1910128968,4.994827378062632,0.45536242710107344,534.1749985588019,367.0
30,120,20,14,27.0,18.0,0.15,14,27.0,52.0,24,2.0,2.2,18,1.0,5.0,1.25,0.65,False,72,True,24,90,1.25,0.9,0.0,18,1.436794828844516,1.2487146255909292,1.9139300331585056,0.6012609177899921,3.1332276254821627,0.6047750087816228,0.4637230400888707,1.2487146255909292,2.018868375873513,-0.31598595471307767,88.0,0.42045454545454547,41332.27625482163,4.104406693057735,0.33633826286005064,248.15747420114505,195.0,5.809052360185527,1.6082748355609109,0.616049270262148,1.8499755433809213,3.4812840532703215,-0.3435050100064062,71.0,0.36619718309859156,68090.52360185527,4.994827378062632,0.6294913044191839,275.7978993812022,164.0,27.14336331847324,0.9488689586169123,0.5299295688687061,1.515829621689194,2.643949674632587,-0.34350501000640665,159.0,0.39622641509433965,281433.6331847324,4.994827378062632,0.4536315706759928,523.9553735823473,359.0
30,120,20,14,27.0,18.0,0.15,14,27.0,52.0,24,2.0,2.2,18,1.0,5.0,1.25,0.65,False,72,True,12,180,1.5,0.9,0.25,6,1.4315192438700053,1.2831582263041033,2.049719622401505,0.31714577668709976,3.228653965446238,0.6170303676539808,0.4535711237469156,1.2831582263041033,2.088754751838268,-0.3010315952047392,89.0,0.43820224719101125,42286.53965446238,4.104406693057735,0.33094557497869187,255.84481831648037,217.0,3.455479145704353,1.110081486824253,0.5614665150694516,1.600304002991203,2.885407451000852,-0.3550239571976146,73.0,0.3835616438356164,44554.79145704353,4.994827378062632,0.5871436756120785,302.52738935308054,196.0,17.840679557445732,0.7986136350140658,0.4995071337762656,1.4185446734605782,2.4243465551937518,-0.35502395719761326,162.0,0.41358024691358025,188406.79557445733,4.994827378062632,0.4334528610011361,558.3722076695609,413.0
30,120,20,14,27.0,18.0,0.15,14,27.0,52.0,24,2.0,2.2,18,1.0,5.0,1.25,0.65,False,72,True,12,180,1.5,1.1,0.25,6,1.4315050068722868,1.2831582263041033,2.049719622401505,0.3174093477788744,3.228653965446238,0.6170303676539808,0.4535711237469156,1.2831582263041033,2.088754751838268,-0.3010315952047392,89.0,0.43820224719101125,42286.53965446238,4.104406693057735,0.33094557497869187,255.84481831648037,217.0,3.4537692431741354,1.1096767341405558,0.5611411766965803,1.6005675740829777,2.886090799764281,-0.3550239571976146,73.0,0.3835616438356164,44537.69243174136,4.994827378062632,0.5870901547897275,302.21471731550906,196.0,17.833448971330885,0.7984756052319317,0.4993608513849479,1.4186616065764326,2.424557828855655,-0.35502395719761326,162.0,0.41358024691358025,188334.48971330884,4.994827378062632,0.43343144681332085,558.0595356319894,413.0
30,120,20,14,27.0,18.0,0.15,14,27.0,52.0,24,2.0,2.2,18,1.0,5.0,1.25,0.65,False,72,True,24,90,1.5,1.1,0.0,6,1.4282690131226485,1.2872930463349546,2.0717837677706292,0.27207806873984475,3.2846650712552696,0.6241380518749213,0.45654924321974844,1.2872930463349546,2.1007428361155993,-0.3012563673797548,96.0,0.4270833333333333,42846.6507125527,4.104406693057735,0.33126465053762677,263.60002566164997,211.0,3.287223367312997,1.0698738968896015,0.5651810063860981,1.5593711150747993,2.8070762642883285,-0.3732737662496153,82.0,0.3902439024390244,42872.233673129966,4.994827378062632,0.5871718891557935,304.82874648074517,186.0,17.36931621459537,0.7895254104599403,0.5027977604646033,1.4023945278761287,2.3982534449212287,-0.37327376624961517,178.0,0.4101123595505618,183693.16214595368,4.994827378062632,0.4336555599135873,568.4287721423951,397.0
30,120,20,14,27.0,18.0,0.15,14,27.0,52.0,24,2.0,2.2,18,1.0,5.0,1.25,0.65,False,72,True,24,90,1.5,0.9,0.0,6,1.427770749165134,1.2872930463349546,2.0717837677706292,0.26555059080359333,3.2846650712552696,0.6241380518749213,0.45654924321974844,1.2872930463349546,2.1007428361155993,-0.3012563673797548,96.0,0.4270833333333333,42846.6507125527,4.104406693057735,0.33126465053762677,263.60002566164997,211.0,3.2579375397908796,1.0627953997335098,0.5654479896953026,1.552843637138548,2.7949227424209795,-0.3732737662496153,82.0,0.3902439024390244,42579.37539790879,4.994827378062632,0.5873371268701737,305.0270490142337,186.0,17.24383625232856,0.7870746516941416,0.5029176094594255,1.3994554696993045,2.393112933444273,-0.37327376624961517,178.0,0.4101123595505618,182438.3625232856,4.994827378062632,0.43372167308775905,568.6270746758837,397.0
30,120,20,14,27.0,18.0,0.15,14,27.0,52.0,24,2.0,2.2,18,1.0,5.0,1.25,0.65,False,72,True,24,90,1.25,1.1,0.5,6,1.426914152579393,1.2733250946499906,2.080506233462067,0.3608918577635909,3.121679263809707,0.6032791318791779,0.44854107751283623,1.2733250946499906,2.0851667634120803,-0.28996747146260216,89.0,0.43820224719101125,41216.79263809707,4.104406693057735,0.32725211742970284,264.5487914780066,235.0,3.6014123274763454,1.1443437352476895,0.5586938892852807,1.6342169524135814,2.9618289731152747,-0.36392452056670466,73.0,0.3835616438356164,46014.12327476346,4.994827378062632,0.5817877373583257,308.9299990006274,211.0,17.96554577439766,0.800990635154162,0.49552509706514447,1.4285060203614106,2.45584218923574,-0.3639245205667039,162.0,0.41358024691358025,189655.4577439766,4.994827378062632,0.4290942291800166,573.478790478634,446.0
30,120,20,14,27.0,18.0,0.15,14,27.0,52.0,24,2.0,2.2,18,1.0,5.0,1.25,0.65,False,72,True,24,90,1.25,0.9,0.5,6,1.4264524045834697,1.2733250946499906,2.080506233462067,0.3538608534470642,3.121679263809707,0.6032791318791779,0.44854107751283623,1.2733250946499906,2.0851667634120803,-0.28996747146260216,89.0,0.43820224719101125,41216.79263809707,4.104406693057735,0.32725211742970284,264.5487914780066,235.0,3.573492798482934,1.1378312942300868,0.559508346801926,1.6271859480970547,2.949351568783258,-0.363924520566705,73.0,0.3835616438356164,45734.92798482934,4.994827378062632,0.5819732919252916,309.40160754640294,211.0,17.85047043069015,0.7988004723988906,0.4958923459048407,1.4253482346009836,2.450676882002218,-0.3639245205667049,162.0,0.41358024691358025,188504.70430690152,4.994827378062632,0.42916847131928976,573.9503990244095,446.0
30,120,20,14,27.0,18.0,0.15,14,27.0,52.0,24,2.0,2.2,18,1.0,5.0,1.25,0.65,False,72,True,24,180,1.25,0.9,0.0,6,1.4248809963967248,1.298137528365725,2.0992521342634682,0.2049949604219361,3.2443736291782717,0.6190314621727682,0.44692550157285843,1.298137528365725,2.135284789771239,-0.294881902020768,101.0,0.40594059405940597,42443.73629178272,4.104406693057735,0.3244853203414017,273.614998250811,221.0,2.9666911579323334,0.9910296264477418,0.5576972755194776,1.5031324887876611,2.7211311236211704,-0.3807371344051793,93.0,0.3763440860215054,39666.911579323336,4.994827378062632,0.5612464425133662,343.3842964518219,207.0,15.83611934582257,0.7586122252803114,0.49419309493835617,1.3828214580617448,2.382032159509266,-0.38073713440517953,194.0,0.3917525773195876,168361.1934582257,4.994827378062632,0.4192156872312244,616.999294702633,428.0
30,120,20,14,27.0,18.0,0.15,14,27.0,52.0,24,2.0,2.2,18,1.0,5.0,1.25,0.65,False,72,True,24,180,1.25,1.1,0.0,6,1.4243606740658643,1.298137528365725,2.0992521342634682,0.20694269883384608,3.2443736291782717,0.6190314621727682,0.44692550157285843,1.298137528365725,2.135284789771239,-0.294881902020768,101.0,0.40594059405940597,42443.73629178272,4.104406693057735,0.3244853203414017,273.614998250811,221.0,2.9711970902048335,0.9921596370912888,0.5571670459849164,1.5050802271995711,2.7240663664780818,-0.3807371344051793,94.0,0.3723404255319149,39711.970902048335,4.994827378062632,0.5624737524201148,345.9974949265768,209.0,15.855244205934902,0.7590114527325125,0.4939538215369593,1.3837247253669145,2.383240351683886,-0.38073713440517953,195.0,0.38974358974358975,168552.442059349,4.994827378062632,0.419706745546404,619.6124931773879,430.0
30,120,20,14,27.0,18.0,0.15,14,27.0,52.0,24,2.0,2.2,18,1.0,5.0,1.25,0.65,False,72,True,24,360,1.25,0.9,0.0,18,1.423833312554624,1.2691183119625178,1.9949301460127113,0.37960701416611253,3.2484985006859484,0.6195557347984209,0.463345236211132,1.2691183119625178,2.055123374314356,-0.31056512732374797,91.0,0.42857142857142855,42484.98500685948,4.104406693057735,0.33827137100616794,255.26128922519223,201.0,3.960408727474178,1.2263842375066258,0.5859112890984208,1.6487253261286303,2.952006673376314,-0.34350501000640665,82.0,0.4024390243902439,49604.08727474178,4.994827378062632,0.620922514162602,311.34822129032005,186.0,20.074289041463572,0.8393570781635267,0.5158552153177887,1.4329480177737726,2.4365888350471794,-0.34350501000640654,173.0,0.4161849710982659,210742.8904146357,4.994827378062632,0.4513627698279268,566.6095105155124,387.0
30,120,20,14,27.0,18.0,0.15,14,27.0,52.0,24,2.0,2.2,18,1.0,5.0,1.25,0.65,False,72,True,12,90,1.75,0.9,0.0,6,1.4233970375756886,1.2727253956297067,2.0379737574812586,0.3357079215699663,3.2045520698267618,0.6139525709940727,0.45698786882995707,1.2727253956297067,2.075584380468199,-0.3012563673797545,95.0,0.43157894736842106,42045.52069826762,4.104406693057735,0.3324429751988212,260.7647379973173,209.0,3.5311973936851677,1.1279275700592084,0.5651054178275615,1.608433317199673,2.8983728854252755,-0.3551075697734163,78.0,0.38461538461538464,45311.973936851675,4.994827378062632,0.5920857832902696,292.4402600000735,178.0,18.051655380412573,0.8026225655849466,0.503005024209171,1.4165080117596667,2.422557032773272,-0.3551075697734163,173.0,0.41040462427745666,190516.55380412572,4.994827378062632,0.4363285212934292,553.2049979973908,387.0
30,120,20,14,27.0,18.0,0.15,14,27.0,52.0,24,2.0,2.2,18,1.0,5.0,1.25,0.65,False,72,True,12,90,1.75,1.1,0.0,6,1.4233970375756886,1.2727253956297067,2.0379737574812586,0.3357079215699663,3.2045520698267618,0.6139525709940727,0.45698786882995707,1.2727253956297067,2.075584380468199,-0.3012563673797545,95.0,0.43157894736842106,42045.52069826762,4.104406693057735,0.3324429751988212,260.7647379973173,209.0,3.5311973936851677,1.1279275700592084,0.5651054178275615,1.608433317199673,2.8983728854252755,-0.3551075697734163,78.0,0.38461538461538464,45311.973936851675,4.994827378062632,0.5920857832902696,292.4402600000735,178.0,18.051655380412573,0.8026225655849466,0.503005024209171,1.4165080117596667,2.422557032773272,-0.3551075697734163,173.0,0.41040462427745666,190516.55380412572,4.994827378062632,0.4363285212934292,553.2049979973908,387.0
30,120,20,14,27.0,18.0,0.15,14,27.0,52.0,24,2.0,2.2,18,1.0,5.0,1.25,0.65,False,72,True,12,90,1.5,0.9,0.0,6,1.4210841770489546,1.2803176927890876,2.0361504133234045,0.29678083225001695,3.2339044773164733,0.6176993023511872,0.45559381331212107,1.2803176927890876,2.0884480727056505,-0.30336624362783615,93.0,0.41935483870967744,42339.04477316473,4.104406693057735,0.33139780767552857,257.1073181942048,205.0,3.3325330920576945,1.0807779413158407,0.5605241285361177,1.5770985250391045,2.845952824186545,-0.3614384175500991,81.0,0.38271604938271603,43325.33092057695,4.994827378062632,0.5822235679399496,300.03223568473754,184.0,17.343531256584843,0.7890228982614615,0.5001863716855145,1.4065694028066442,2.406856744911784,-0.36143841755009876,174.0,0.40229885057471265,183435.31256584844,4.994827378062632,0.4317555694452559,557.1395538789425,389.0
30,120,20,14,27.0,18.0,0.15,14,27.0,52.0,24,2.0,2.2,18,1.0,5.0,1.25,0.65,False,72,True,12,90,1.5,1.1,0.0,6,1.4210841770489546,1.2803176927890876,2.0361504133234045,0.29678083225001695,3.2339044773164733,0.6176993023511872,0.45559381331212107,1.2803176927890876,2.0884480727056505,-0.30336624362783615,93.0,0.41935483870967744,42339.04477316473,4.104406693057735,0.33139780767552857,257.1073181942048,205.0,3.3325330920576945,1.0807779413158407,0.5605241285361177,1.5770985250391045,2.845952824186545,-0.3614384175500991,81.0,0.38271604938271603,43325.33092057695,4.994827378062632,0.5822235679399496,300.03223568473754,184.0,17.343531256584843,0.7890228982614615,0.5001863716855145,1.4065694028066442,2.406856744911784,-0.36143841755009876,174.0,0.40229885057471265,183435.31256584844,4.994827378062632,0.4317555694452559,557.1395538789425,389.0
30,120,20,14,27.0,18.0,0.15,14,27.0,52.0,24,2.0,2.2,18,1.0,5.0,1.25,0.65,False,72,True,48,90,1.25,0.9,0.25,6,1.417621368980413,1.2778504862341384,2.0585174641084105,0.31254625793967006,3.223932275877284,0.6164283338235472,0.4560192696293196,1.2778504862341384,2.0819646179374316,-0.2994525645623006,89.0,0.43820224719101125,42239.32275877284,4.104406693057735,0.3323002136774971,259.07069243058794,219.0,3.4066942052682805,1.0985028683691906,0.5615160149505805,1.5903967441738085,2.8684201784507617,-0.3764616026747527,73.0,0.3835616438356164,44066.9420526828,4.994827378062632,0.5852121933917516,310.73312035932395,200.0,17.613577883554036,0.7942579421842932,0.5008641182657377,1.4111847125634676,2.4126907893740865,-0.37646160267475315,162.0,0.41358024691358025,186135.77883554038,4.994827378062632,0.4334926916036711,569.8038127899118,419.0
30,120,20,14,27.0,18.0,0.15,14,27.0,52.0,24,2.0,2.2,18,1.0,5.0,1.25,0.65,False,72,True,48,90,1.25,1.1,0.25,6,1.417621368980413,1.2778504862341384,2.0585174641084105,0.31254625793967006,3.223932275877284,0.6164283338235472,0.4560192696293196,1.2778504862341384,2.0819646179374316,-0.2994525645623006,89.0,0.43820224719101125,42239.32275877284,4.104406693057735,0.3323002136774971,259.07069243058794,219.0,3.4066942052682805,1.0985028683691906,0.5615160149505805,1.5903967441738085,2.8684201784507617,-0.3764616026747527,73.0,0.3835616438356164,44066.9420526828,4.994827378062632,0.5852121933917516,310.73312035932395,200.0,17.613577883554036,0.7942579421842932,0.5008641182657377,1.4111847125634676,2.4126907893740865,-0.37646160267475315,162.0,0.41358024691358025,186135.77883554038,4.994827378062632,0.4334926916036711,569.8038127899118,419.0
30,120,20,14,27.0,18.0,0.15,14,27.0,52.0,24,2.0,2.2,18,1.0,5.0,1.25,0.65,False,72,True,12,180,1.25,1.1,0.0,6,1.4159178151259828,1.2994036296228737,2.0527055215227654,0.18613983619393948,3.2211615130702764,0.6160748418442787,0.44411354507200185,1.2994036296228737,2.143095684056424,-0.30012821390340194,104.0,0.40384615384615385,42211.61513070277,4.104406693057735,0.31623463849115435,290.7920154990387,226.0,2.8741759063380434,0.9676848125169342,0.5556054255829963,1.4855434658168132,2.688837541335381,-0.3617388372607532,92.0,0.358695652173913,38741.759063380436,4.994827378062632,0.5601306890693252,342.3841746211582,205.0,15.353522230698246,0.7484159372229773,0.4917233405980896,1.375490935979009,2.3727840331925276,-0.3617388372607532,196.0,0.3826530612244898,163535.22230698247,4.994827378062632,0.4138197577974723,633.1761901201969,431.0
30,120,20,14,27.0,18.0,0.15,14,27.0,52.0,24,2.0,2.2,18,1.0,5.0,1.25,0.65,False,72,True,48,90,1.25,0.9,0.0,18,1.4121885425412788,1.280141249396504,1.9151864080335241,0.410010908193301,3.3288007393191528,0.6296952536683491,0.4647298915164137,1.280141249396504,2.073586821815789,-0.3287905819647644,89.0,0.42696629213483145,43288.007393191525,4.104406693057735,0.3406757628032787,249.69773194257428,197.0,4.202320804663481,1.2800020421952905,0.5854766012223541,1.690152157589805,3.0295788063067386,-0.3567632801237608,82.0,0.4024390243902439,52023.20804663481,4.994827378062632,0.6228375890513586,307.03757476929223,186.0,21.51981014540262,0.8639169873413048,0.5164059868324672,1.4576459285612173,2.479865361270256,-0.3567632801237609,171.0,0.4152046783625731,225198.10145402618,4.994827378062632,0.4535713812966265,556.7353067118665,383.0
30,120,20,14,27.0,18.0,0.15,14,27.0,52.0,24,2.0,2.2,18,1.0,5.0,1.25,0.65,False,72,True,24,180,1.5,0.9,0.0,6,1.4078357722779054,1.268291207429813,2.0608539771799874,0.28661093103128077,3.1684983066456187,0.6093264934452638,0.4559678257424954,1.268291207429813,2.066245701962724,-0.29566699057399903,94.0,0.425531914893617,41684.98306645619,4.104406693057735,0.33193017454016066,259.39438576380843,207.0,3.236068824968374,1.0574937507395372,0.5617248357949179,1.5549021384610937,2.802712790887386,-0.3766691364242776,84.0,0.39285714285714285,42360.68824968374,4.994827378062632,0.5833268485126598,310.90613233540023,190.0,16.65804572371495,0.7754518311331922,0.5009286758545799,1.3900466849280622,2.375852330174114,-0.3766691364242766,178.0,0.4101123595505618,176580.4572371495,4.994827378062632,0.4325163642905147,570.3005180992086,397.0
30,120,20,14,27.0,18.0,0.15,14,27.0,52.0,24,2.0,2.2,18,1.0,5.0,1.25,0.65,False,72,True,24,180,1.5,1.1,0.0,6,1.4078357722779054,1.268291207429813,2.0608539771799874,0.28661093103128077,3.1684983066456187,0.6093264934452638,0.4559678257424954,1.268291207429813,2.066245701962724,-0.29566699057399903,94.0,0.425531914893617,41684.98306645619,4.104406693057735,0.33193017454016066,259.39438576380843,207.0,3.236068824968374,1.0574937507395372,0.5617248357949179,1.5549021384610937,2.802712790887386,-0.3766691364242776,84.0,0.39285714285714285,42360.68824968374,4.994827378062632,0.5833268485126598,310.90613233540023,190.0,16.65804572371495,0.7754518311331922,0.5009286758545799,1.3900466849280622,2.375852330174114,-0.3766691364242766,178.0,0.4101123595505618,176580.4572371495,4.994827378062632,0.4325163642905147,570.3005180992086,397.0
30,120,20,14,27.0,18.0,0.15,14,27.0,52.0,24,2.0,2.2,18,1.0,5.0,1.25,0.65,False,72,True,24,180,1.25,0.9,0.25,18,1.400358256644712,1.2629695237329748,1.9091368911156734,0.38924138783011863,3.2126716126777106,0.6149907421726724,0.4633836609336069,1.2629695237329748,2.0433489549398103,-0.32213024903273446,89.0,0.43820224719101125,42126.71612677711,4.104406693057735,0.33949907872593005,252.09360765772834,208.0,3.9576879866485344,1.225773856097565,0.5837631743667911,1.6522109115630934,2.9556912903594674,-0.3455579427154637,73.0,0.3972602739726027,49576.879866485346,4.994827378062632,0.6228341480463692,293.77179244377606,190.0,19.885111445867512,0.8360439420310577,0.5149009919286015,1.4311702613100046,2.43101510480704,-0.34555794271546436,162.0,0.41975308641975306,208851.11445867512,4.994827378062632,0.45286412288205535,545.8654001015043,398.0
30,120,20,14,27.0,18.0,0.15,14,27.0,52.0,24,2.0,2.2,18,1.0,5.0,1.25,0.65,False,72,True,24,360,1.25,1.1,0.25,6,1.3985842270608944,1.2722495140538468,2.065461445739874,0.2705465161494043,3.0920124843883032,0.5994234959815856,0.446186470463233,1.2722495140538468,2.0905157852424225,-0.290212870938806,89.0,0.43820224719101125,40920.12484388303,4.104406693057735,0.3251273889562822,272.9317866738103,246.0,3.1399474651791737,1.0340269800566726,0.5569484775704417,1.542796030203251,2.793726313175862,-0.3853611828284238,73.0,0.3835616438356164,41399.47465179174,4.994827378062632,0.5708960738305211,338.2090135947814,231.0,15.940716712224901,0.7607912566037458,0.4934562514448659,1.38667540031441,2.387624614346001,-0.3853611828284236,162.0,0.41358024691358025,169407.16712224903,4.994827378062632,0.4234617669765716,611.1408002685916,477.0
30,120,20,14,27.0,18.0,0.15,14,27.0,52.0,24,2.0,2.2,18,1.0,5.0,1.25,0.65,False,72,True,12,360,1.5,0.9,0.0,6,1.397941326066745,1.266115105779637,2.001322148751012,0.3259963803259138,3.1188408528763745,0.6029110404893738,0.45229878148404234,1.266115105779637,2.061518347644674,-0.30125636737975414,95.0,0.43157894736842106,41188.40852876374,4.104406693057735,0.32951714964205836,260.06517731142424,209.0,3.4127185129557676,1.0999361358736426,0.561246201134382,1.5921114861055508,2.8733133981008345,-0.3660512853758462,85.0,0.38823529411764707,44127.18512955768,4.994827378062632,0.5809664104654105,312.25233953466744,192.0,17.175285283406065,0.7857300761688815,0.49871575837904286,1.4055888750349026,2.403890873382416,-0.3660512853758455,180.0,0.4111111111111111,181752.85283406067,4.994827378062632,0.43012437988938756,572.3175168460916,401.0
30,120,20,14,27.0,18.0,0.15,14,27.0,52.0,24,2.0,2.2,18,1.0,5.0,1.25,0.65,False,72,True,12,360,1.5,1.1,0.0,6,1.397816240915958,1.266115105779637,2.001322148751012,0.32479966090025414,3.1188408528763745,0.6029110404893738,0.45229878148404234,1.266115105779637,2.061518347644674,-0.30125636737975414,95.0,0.43157894736842106,41188.40852876374,4.104406693057735,0.32951714964205836,260.06517731142424,209.0,3.4054267801438147,1.098201205340629,0.561096601946816,1.590914766679891,2.871291200613209,-0.3660512853758462,85.0,0.38823529411764707,44054.267801438145,4.994827378062632,0.580882924075316,312.1416392660485,192.0,17.145251796412015,0.7851397134791926,0.49864835616985737,1.4050490727663718,2.4029905426683644,-0.3660512853758455,180.0,0.4111111111111111,181452.51796412014,4.994827378062632,0.4300909761941718,572.2068165774726,401.0
30,120,20,14,27.0,18.0,0.15,14,27.0,52.0,24,2.0,2.2,18,1.0,5.0,1.25,0.65,False,72,True,24,360,1.25,0.9,0.25,6,1.3895421270781838,1.2693040827123938,2.0384259682633465,0.27349194749085726,3.075802637750461,0.597308909189777,0.4461765413979372,1.2693040827123938,2.0856293683091605,-0.2930245780270643,89.0,0.43820224719101125,40758.02637750461,4.104406693057735,0.32503186039252646,272.93439329357403,246.0,3.1399474651791737,1.0340269800566726,0.5569484775704417,1.542796030203251,2.793726313175862,-0.3853611828284238,73.0,0.3835616438356164,41399.47465179174,4.994827378062632,0.5708960738305211,338.2090135947814,231.0,15.873608798725563,0.7593944688164611,0.49345095243760273,1.385077375048463,2.384847375464586,-0.3853611828284236,162.0,0.41358024691358025,168736.08798725563,4.994827378062632,0.4234044602957415,611.1434068883555,477.0
30,120,20,14,27.0,18.0,0.15,14,27.0,52.0,24,2.0,2.2,18,1.0,5.0,1.25,0.65,False,72,True,24,180,1.25,1.1,0.0,18,1.384394832386039,1.243387492664169,1.9198931473691265,0.385734066056846,3.101087101640573,0.6006048492406149,0.4635481900729684,1.243387492664169,2.012245065717376,-0.31283243552571527,91.0,0.4175824175824176,41010.87101640573,4.104406693057735,0.33863421761258206,255.9002316863373,201.0,3.8255462672630474,1.195924272082761,0.5837590056930119,1.629121558721015,2.912794734797859,-0.343505010006406,79.0,0.3924050632911392,48255.46267263048,4.994827378062632,0.6211890975054474,299.5814177875743,180.0,18.789985555042282,0.8163782833242783,0.5149875524414239,1.4101228006096649,2.3949816813750173,-0.34350501000640665,170.0,0.40588235294117647,197899.85555042283,4.994827378062632,0.4516871005910629,555.4816494739116,381.0
30,120,20,14,27.0,18.0,0.15,14,27.0,52.0,24,2.0,2.2,18,1.0,5.0,1.25,0.65,False,72,True,12,180,1.5,0.9,0.0,6,1.3836625518830497,1.2595763540460128,1.9767536102402572,0.28292666771789277,3.0939841288384056,0.5996803173163503,0.45346338962308225,1.2595763540460128,2.050100393288419,-0.30336624362783604,94.0,0.425531914893617,40939.84128838406,4.104406693057735,0.32975398945578804,259.03545818562833,207.0,3.172488809539348,1.042001745891171,0.5611281431432799,1.5425030217639055,2.7795278613040924,-0.36489790725226257,84.0,0.39285714285714285,41724.88809539348,4.994827378062632,0.5816589170334552,309.9130420078611,190.0,16.082102964009966,0.7637196501027961,0.4992948406463258,1.3797134448388713,2.3571617808059515,-0.36489790725226245,178.0,0.4101123595505618,170821.02964009964,4.994827378062632,0.43054353628626124,568.9485001934893,397.0
30,120,20,14,27.0,18.0,0.15,14,27.0,52.0,24,2.0,2.2,18,1.0,5.0,1.25,0.65,False,72,True,12,180,1.5,1.1,0.0,6,1.3836528829099792,1.2595763540460128,1.9767536102402572,0.28311953289726466,3.0939841288384056,0.5996803173163503,0.45346338962308225,1.2595763540460128,2.050100393288419,-0.30336624362783604,94.0,0.425531914893617,40939.84128838406,4.104406693057735,0.32975398945578804,259.03545818562833,207.0,3.1707661908758045,1.0415803727922346,0.5608094453716057,1.5426958869432774,2.780129644191782,-0.36489790725226257,84.0,0.39285714285714285,41707.66190875805,4.994827378062632,0.5819528760349111,309.60036997028965,190.0,16.07505059054137,0.7635740416605692,0.499151569724961,1.3798021536913576,2.357342845133543,-0.36489790725226245,178.0,0.4101123595505618,170750.5059054137,4.994827378062632,0.43066115206626354,568.6358281559179,397.0
30,120,20,14,27.0,18.0,0.15,14,27.0,52.0,24,2.0,2.2,18,1.0,5.0,1.25,0.65,False,72,True,24,90,1.25,1.1,0.25,6,1.3717222099878408,1.2377170707854523,2.023526730401447,0.3194527948600814,2.9188148997475802,0.5765335400206215,0.44746926393771624,1.2377170707854523,2.0278112380543853,-0.2849152083630955,89.0,0.43820224719101125,39188.1489974758,4.104406693057735,0.3241637615970378,273.05519545038857,235.0,3.2104274252099287,1.0512600187043857,0.5573788430411803,1.5571698656455337,2.818462495985048,-0.36903345901814044,73.0,0.3835616438356164,42104.27425209928,4.994827378062632,0.5730835100557166,322.1283263042019,211.0,15.499885728218558,0.751533449496288,0.49434806421190763,1.3744248991010732,2.3620618800722637,-0.36903345901814033,162.0,0.41358024691358025,164998.85728218558,4.994827378062632,0.42375890999511895,595.1835217545905,446.0
30,120,20,14,27.0,18.0,0.15,14,27.0,52.0,24,2.0,2.2,18,1.0,5.0,1.25,0.65,False,72,True,24,90,1.25,0.9,0.25,6,1.371070470354586,1.2377170707854523,2.023526730401447,0.3095938649629997,2.9188148997475802,0.5765335400206215,0.44746926393771624,1.2377170707854523,2.0278112380543853,-0.2849152083630955,89.0,0.43820224719101125,39188.1489974758,4.104406693057735,0.3241637615970378,273.05519545038857,235.0,3.171208147278991,1.0416884889081919,0.5581893174394483,1.547310935748452,2.800841590650833,-0.3690334590181402,73.0,0.3835616438356164,41712.08147278991,4.994827378062632,0.5728097806825412,322.59993484997744,211.0,15.346192637505379,0.7482592323509436,0.4947134263886659,1.3699802324968136,2.3546623165885503,-0.3690334590181412,162.0,0.41358024691358025,163461.9263750538,4.994827378062632,0.4236493882809475,595.655130300366,446.0
30,120,20,14,27.0,18.0,0.15,14,27.0,52.0,24,2.0,2.2,18,1.0,5.0,1.25,0.65,False,72,True,48,90,1.25,0.9,0.0,6,1.3596620442230125,1.2480351860045524,1.973205155002904,0.279938740565856,3.0538835888994367,0.5944406170911791,0.45590087034060567,1.2480351860045524,2.033105326902627,-0.3012563673797539,96.0,0.4166666666666667,40538.83588899436,4.104406693057735,0.3310558434823581,263.15113489872454,211.0,3.105190670063359,1.025474574105477,0.561146275743297,1.5279739265704084,2.754066918092418,-0.3929928390456259,87.0,0.39080459770114945,41051.90670063359,4.994827378062632,0.5787504712110478,320.5406130045791,196.0,15.641965086672922,0.7545386186312941,0.5006322290509494,1.3669092549072475,2.3361329160998525,-0.3929928390456252,183.0,0.40437158469945356,166419.6508667292,4.994827378062632,0.43016080947561053,583.6917479033036,407.0
30,120,20,14,27.0,18.0,0.15,14,27.0,52.0,24,2.0,2.2,18,1.0,5.0,1.25,0.65,False,72,True,48,90,1.25,1.1,0.0,6,1.3596620442230125,1.2480351860045524,1.973205155002904,0.279938740565856,3.0538835888994367,0.5944406170911791,0.45590087034060567,1.2480351860045524,2.033105326902627,-0.3012563673797539,96.0,0.4166666666666667,40538.83588899436,4.104406693057735,0.3310558434823581,263.15113489872454,211.0,3.105190670063359,1.025474574105477,0.561146275743297,1.5279739265704084,2.754066918092418,-0.3929928390456259,87.0,0.39080459770114945,41051.90670063359,4.994827378062632,0.5787504712110478,320.5406130045791,196.0,15.641965086672922,0.7545386186312941,0.5006322290509494,1.3669092549072475,2.3361329160998525,-0.3929928390456252,183.0,0.40437158469945356,166419.6508667292,4.994827378062632,0.43016080947561053,583.6917479033036,407.0
30,120,20,14,27.0,18.0,0.15,14,27.0,52.0,24,2.0,2.2,18,1.0,5.0,1.25,0.65,False,72,True,24,360,1.25,1.1,0.0,6,1.332652122191388,1.2358048468058653,1.9829710872702295,0.22322485377088985,2.893805802087099,0.573172927809517,0.4458313068874959,1.2358048468058653,2.030302474965237,-0.2890475466278989,106.0,0.4056603773584906,38938.05802087099,4.104406693057735,0.3224979235227089,281.40289917212795,231.0,2.76728360022164,0.9403621489093215,0.5564239760450208,1.4590297005767552,2.6399044855093576,-0.40461272447866803,99.0,0.3939393939393939,37672.8360022164,4.994827378062632,0.5606500838005547,356.6840528564414,220.0,13.669070740650659,0.7108267449758849,0.49302494329585556,1.3290928999899052,2.2874441968706236,-0.4046127244786668,205.0,0.4,146690.70740650658,4.994827378062632,0.4177848579305388,638.0869520285693,451.0
30,120,20,14,27.0,18.0,0.15,14,27.0,52.0,24,2.0,2.2,18,1.0,5.0,1.25,0.65,False,72,True,24,180,1.25,0.9,0.0,18,1.3326463911777848,1.2247882195887378,1.7729372753690569,0.39447895104938824,2.993751463553508,0.5865183541888668,0.4632697122558342,1.2247882195887378,1.9809475906066523,-0.3308173178697348,90.0,0.4111111111111111,39937.51463553508,4.104406693057735,0.3381183565468532,254.2040805022207,199.0,3.768244337346582,1.1828533070931453,0.5835369137999474,1.619267170638126,2.895764888158572,-0.34350501000640676,78.0,0.3974358974358974,47682.443373465816,4.994827378062632,0.6195515818887372,298.43521116841475,178.0,18.04318280085867,0.8024622571722677,0.5147367317888175,1.3956146746479579,2.3698525853608587,-0.34350501000640665,168.0,0.40476190476190477,190431.82800858672,4.994827378062632,0.45072245491845536,552.6392916706354,377.0
30,120,20,14,27.0,18.0,0.15,14,27.0,52.0,24,2.0,2.2,18,1.0,5.0,1.25,0.65,False,72,True,24,360,1.25,0.9,0.0,6,1.3210483561176138,1.23192619470824,1.948581929773581,0.22710350586851513,2.8735479887429514,0.5704402076156585,0.4458203888101673,1.23192619470824,2.023880506060055,-0.2927463294714746,106.0,0.4056603773584906,38735.479887429516,4.104406693057735,0.32237243330078086,281.4055057918917,231.0,2.76728360022164,0.9403621489093215,0.5564239760450208,1.4590297005767552,2.6399044855093576,-0.40461272447866803,99.0,0.3939393939393939,37672.8360022164,4.994827378062632,0.5606500838005547,356.6840528564414,220.0,13.592753812662908,0.709043457563906,0.493019122694672,1.3269882871460579,2.283794984328565,-0.4046127244786668,205.0,0.4,145927.53812662908,4.994827378062632,0.41770957753468047,638.0895586483331,451.0
30,120,20,14,27.0,18.0,0.15,14,27.0,52.0,24,2.0,2.2,18,1.0,5.0,1.25,0.65,False,72,True,24,90,1.25,1.1,0.0,6,1.3119100897781284,1.1999925415326143,1.9505397191352774,0.27740548246464525,2.722285221500284,0.5497277633596092,0.44712188935602787,1.1999925415326143,1.9659368968815476,-0.28183366786466524,102.0,0.4117647058823529,37222.852215002844,4.104406693057735,0.32107540576437293,281.56159942277054,222.0,2.848909620927871,0.9612608999535643,0.5569570848456846,1.4773980239972595,2.672097467240583,-0.37413791801661855,90.0,0.37777777777777777,38489.09620927871,4.994827378062632,0.5643792827531076,335.3266536077763,201.0,13.326739400870089,0.7027686177056256,0.49396739578823345,1.3179643142595587,2.264232783358907,-0.37413791801661744,192.0,0.3958333333333333,143267.39400870088,4.994827378062632,0.4184235908102212,616.8882530305468,423.0
30,120,20,14,27.0,18.0,0.15,14,27.0,52.0,24,2.0,2.2,18,1.0,5.0,1.25,0.65,False,72,True,24,90,1.25,0.9,0.0,6,1.3111171739593288,1.1999925415326143,1.9505397191352774,0.2647202769823056,2.722285221500284,0.5497277633596092,0.44712188935602787,1.1999925415326143,1.9659368968815476,-0.28183366786466524,102.0,0.4117647058823529,37222.852215002844,4.104406693057735,0.32107540576437293,281.56159942277054,222.0,2.800581303316295,0.9489144644859777,0.5577666731088209,1.4647128185149199,2.649353614459169,-0.37413791801661733,90.0,0.37777777777777777,38005.81303316295,4.994827378062632,0.5636462694397908,335.79826215355183,201.0,13.14684761844455,0.6984722309003852,0.4943322867337496,1.3122334416163353,2.254610399245704,-0.3741379180166181,192.0,0.3958333333333333,141468.4761844455,4.994827378062632,0.4181303052426052,617.3598615763225,423.0
