timestamp,reason,side,quantity,price,notional,fee,slippage_bps,participation,realized_pnl,position_after,liquidity,limit_price,trigger_price
2020-01-23 16:00:00+00:00,signal,sell,0.139,8366.9083245,1163.0002571055002,0.023260005142110005,-0.5,0.0011480422388889591,0.0,-0.139,maker,8366.9083245,
2020-01-24 20:00:00+00:00,signal,buy,0.139,8505.11687322476,1182.2112453782418,0.47288449815129674,1.3133504524477555,0.0015341954070189551,-19.21098827274171,0.0,taker,,
2020-01-27 16:00:00+00:00,signal,buy,2.157,8779.8709845,18938.1817135665,0.37876363427133003,-0.5,0.008343313050780097,0.0,2.157,maker,8779.8709845,
2020-01-28 01:02:00+00:00,take_profit,sell,2.157,9129.559321924075,19692.45945739023,7.876983782956092,1.0,,754.2777438237301,0.0,taker,,9130.47236916099
2020-01-28 04:00:00+00:00,signal,buy,1.454,9124.0737735,13266.403266669,0.26532806533338005,-0.5,0.01998635455043694,0.0,1.454,maker,9124.0737735,
2020-01-28 04:01:00+00:00,signal,buy,1.264,9129.5435,11539.742984,0.23079485968000002,-0.5,0.0114096301373789,0.0,2.718,maker,9129.5435,
2020-01-28 04:10:00+00:00,take_profit,sell,2.718,9129.559321924075,24814.142236989635,9.925656894795855,1.0,,7.995986320636133,0.0,taker,,9130.47236916099
2020-01-28 08:00:00+00:00,signal,buy,1.546,9047.567599,13987.539508054,0.27975079016108,-0.5,0.019989094337607625,0.0,1.546,maker,9047.567599,
2020-01-28 08:01:00+00:00,signal,buy,0.468,9044.5577495,4232.853026766,0.08465706053532,-0.5,0.004881035250241466,0.0,2.0140000000000002,maker,9044.5577495,
2020-01-28 12:00:00+00:00,signal,sell,1.317,9087.74289908648,11968.557398096893,4.787422959238757,1.8231136417367235,0.010586188550204548,53.83199176226823,0.6970000000000003,taker,,
2020-01-28 14:12:00+00:00,take_profit,sell,0.6970000000000003,9129.559321924075,6363.302847381083,2.545321138952433,1.0,,57.63571889570906,0.0,taker,,9130.47236916099
2020-01-28 16:00:00+00:00,signal,buy,1.915,9029.5485,17291.585377500003,0.3458317075500001,-0.5,0.011392711074376465,0.0,1.915,maker,9029.5485,
2020-01-28 17:32:00+00:00,stop_loss,sell,1.915,8913.859624306939,17070.04118054779,6.828016472219116,1.0,,-221.54419695221387,0.0,taker,,8914.75109941688
2020-01-28 20:00:00+00:00,signal,buy,0.653,9017.969079,5888.733808587001,0.11777467617174002,-0.5,0.0010758962454042442,0.0,0.653,maker,9017.969079,
2020-01-28 22:45:00+00:00,take_profit,sell,0.653,9129.559321924075,5961.602237216421,2.3846408948865685,1.0,,72.86842862942041,0.0,taker,,9130.47236916099
2020-01-29 16:01:00+00:00,signal,buy,0.789,9301.8848825,7339.187172292501,0.14678374344585002,-0.5,0.0053794852471185746,0.0,0.789,maker,9301.8848825,
2020-01-30 08:00:00+00:00,signal,buy,1.5170000000000001,9397.5001015,14256.007653975501,0.28512015307951005,-0.5,0.014066841375202123,0.0,2.306,maker,9397.5001015,
2020-01-30 12:00:00+00:00,signal,sell,1.494,9348.693037316069,13966.947397750206,5.586778959100083,1.611690320989151,0.005846328887372044,-24.041791514490637,0.812,taker,,
2020-01-30 16:00:00+00:00,signal,buy,1.534,9391.9403795,14407.236542153,0.28814473084306,-0.5,0.015456090921046677,0.0,2.346,maker,9391.9403795,
2020-01-30 20:00:00+00:00,signal,sell,1.554,9513.51075740963,14783.995717014564,5.913598286805826,1.5861685948861304,0.005368650337980944,203.52634514376462,0.792,taker,,
2020-01-31 00:00:00+00:00,signal,buy,1.498,9525.1937165,14268.740187317,0.28537480374634,-0.5,0.013241444223446218,0.0,2.29,maker,9525.1937165,
2020-01-31 04:00:00+00:00,signal,sell,1.693,9453.380348755107,16004.572930442397,6.401829172176959,1.892775322806001,0.012453871515802488,-38.05331403884414,0.597,taker,,
2020-01-31 08:00:00+00:00,signal,buy,1.112,9380.170968,10430.750116416002,0.20861500232832006,-0.5,0.008367517701517798,0.0,1.709,maker,9380.170968,
2020-01-31 12:00:00+00:00,signal,sell,1.113,9336.36311144809,10391.372143041724,4.15654885721669,1.5923243058190555,0.005482001301000406,-85.96105324614861,0.5960000000000001,taker,,
2020-01-31 12:41:00+00:00,stop_loss,sell,0.5960000000000001,9273.683293659231,5527.115243020902,2.210846097208361,1.0,,-83.38842722848963,0.0,taker,,9274.610754734704
2020-02-01 12:00:00+00:00,signal,buy,0.638,9364.411756,5974.494700327999,0.11948989400656,-0.5,0.003344166816597485,0.0,0.638,maker,9364.411756,
2020-02-02 04:00:00+00:00,signal,sell,0.47100000000000003,9272.247212773518,4367.228437216328,1.7468913748865311,1.7175056141607432,0.008043973536752898,-43.40949985967271,0.16699999999999998,taker,,
2020-02-02 04:08:00+00:00,stop_loss,sell,0.16699999999999998,9171.917656590922,1531.7102486506838,0.6126840994602736,1.0,,-32.14651460131594,0.0,taker,,9172.834940084931
2020-02-02 08:02:00+00:00,signal,buy,1.838,9384.240764499998,17248.234525150998,0.34496469050302,-0.5,0.0193655073198645,0.0,1.838,maker,9384.240764499998,
2020-02-02 12:00:00+00:00,signal,sell,1.181,9441.321579015299,11150.200784817069,4.460080313926828,1.6291896572674804,0.006185619137693273,67.41244194256991,0.657,taker,,
2020-02-02 16:00:00+00:00,signal,buy,1.237,9457.3571085,11698.750743214501,0.23397501486429004,-0.5,0.005500266833902707,0.0,1.8940000000000001,maker,9457.3571085,
2020-02-02 20:00:00+00:00,signal,sell,1.215,9448.475064906137,11479.897203860957,4.591958881544383,1.6136879300131617,0.00588457617880999,20.024308152632905,0.679,taker,,
2020-02-03 00:00:00+00:00,signal,sell,0.512,9339.132150286448,4781.635660946662,1.9126542643786648,1.453724283791861,0.0032166519641005815,-47.54534531067312,0.16700000000000004,taker,,
2020-02-04 05:45:00+00:00,stop_loss,sell,0.16700000000000004,9237.584252712884,1542.676570203052,0.6170706280812208,1.0,,-32.46645332228992,0.0,taker,,9238.508103523236
2020-02-06 00:00:00+00:00,signal,buy,1.8780000000000001,9629.5185,18084.235743,0.36168471486000003,-0.5,0.005569579543437541,0.0,1.8780000000000001,maker,9629.5185,
2020-02-06 04:00:00+00:00,signal,sell,1.214,9642.599699143748,11706.11603476051,4.682446413904204,1.5556670464354134,0.004824466663972747,15.88057576050965,0.6640000000000001,taker,,
2020-02-07 16:01:00+00:00,signal,buy,1.285,9827.008625,12627.706083125,0.2525541216625,-0.5,0.014422908928185731,0.0,1.949,maker,9827.008625,
2020-02-07 20:00:00+00:00,signal,sell,1.117,9781.65484321076,10926.108459866418,4.370443383946568,2.131247139887103,0.01999562642973047,24.49429256081385,0.8320000000000001,taker,,
2020-02-07 20:01:00+00:00,signal,sell,0.14,9784.616651063543,1369.846331148896,0.5479385324595585,1.342078817707884,0.001828404961319119,3.4846629100557407,0.6920000000000001,taker,,
2020-02-08 00:00:00+00:00,signal,buy,1.308,9821.028924,12845.905832592001,0.25691811665184006,-0.5,0.006498055548242082,0.0,2.0,maker,9821.028924,
2020-02-08 04:00:00+00:00,signal,sell,1.323,9725.368135846986,12866.662043725562,5.146664817490225,1.6673854429925603,0.006959427023724621,-98.49741117458281,0.677,taker,,
2020-02-08 08:01:00+00:00,signal,buy,1.111,9787.390605999999,10873.790963266,0.21747581926532,-0.5,0.019985355566289133,0.0,1.788,maker,9787.390605999999,
2020-02-08 08:02:00+00:00,signal,buy,0.176,9790.5804465,1723.1421585839998,0.03446284317168,-0.5,0.002643535491130938,0.0,1.964,maker,9790.5804465,
2020-02-08 12:00:00+00:00,signal,sell,1.2630000000000001,9823.682166518065,12407.310576312317,4.962924230524927,1.9620496660613902,0.014461555624513005,40.064716176061076,0.7009999999999998,taker,,
2020-02-09 04:00:00+00:00,signal,sell,0.7010000000000001,10058.496329980155,7051.00592731609,2.820402370926436,1.276041841715763,0.0011906109121535991,186.84175632993262,0.0,taker,,
2020-02-09 20:00:00+00:00,signal,buy,0.6930000000000001,10091.735388,6993.572623884,0.13987145247768001,-0.5,0.005960478120917564,0.0,0.6930000000000001,maker,10091.735388,
2020-02-10 04:01:00+00:00,signal,buy,0.037,10119.174016,374.409438592,0.0074881887718400006,-0.5,0.0004255021223861345,0.0,0.7300000000000001,maker,10119.174016,
2020-02-10 05:58:00+00:00,stop_loss,sell,0.7300000000000001,9963.23568193645,7273.16204781361,2.909264819125444,1.0,,-94.82001466239042,0.0,taker,,9964.232105146964
2020-02-10 08:01:00+00:00,signal,buy,0.163,9991.840383,1628.6699824290001,0.032573399648580005,-0.5,0.0012073989052246283,0.0,0.163,maker,9991.840383,
2020-02-10 08:11:00+00:00,stop_loss,sell,0.163,9963.23568193645,1624.0074161556415,0.6496029664622567,1.0,,-4.662566273358689,0.0,taker,,9964.232105146964
2020-02-12 00:00:00+00:00,signal,buy,0.603,10230.228463,6168.827763189,0.12337655526378,-0.5,0.0007071508186488701,0.0,0.603,maker,10230.228463,
2020-02-13 09:25:00+00:00,stop_loss,sell,0.603,10152.887701425465,6122.191283959555,2.4488765135838224,1.0,,-46.63647922944433,0.0,taker,,10153.903091734639
2020-02-14 04:00:00+00:00,signal,buy,0.597,10266.466650999999,6129.080590646999,0.12258161181293999,-0.5,0.003809055259942934,0.0,0.597,maker,10266.466650999999,
2020-02-14 08:00:00+00:00,signal,sell,0.461,10134.527369216517,4672.017117208815,1.868806846883526,1.3838205112732331,0.0023018466386569712,-60.824008902184936,0.13599999999999995,taker,,
2020-02-14 12:01:00+00:00,signal,buy,0.405,10292.1353675,4168.3148238375,0.08336629647675001,-0.5,0.004442647814839614,0.0,0.5409999999999999,maker,10292.1353675,
2020-02-15 08:00:00+00:00,signal,sell,0.399,10234.787882054668,4083.680364939813,1.6334721459759254,1.320925608023001,0.0016092694669520753,-20.306993768184405,0.1419999999999999,taker,,
2020-02-15 15:52:00+00:00,stop_loss,sell,0.1419999999999999,10108.09442585404,1435.3494084712727,0.5741397633885091,1.0,,-25.21752119422899,0.0,taker,,10109.105336387678
2020-02-26 04:01:00+00:00,signal,sell,0.116,9165.958275,1063.2511599000002,0.021265023198000006,-0.5,0.0008419967367935825,0.0,-0.116,maker,9165.958275,
2020-02-26 16:45:00+00:00,take_profit,buy,0.116,8641.809349257874,1002.4498845139134,0.4009799538055654,1.0,,60.80127538608676,0.0,taker,,8640.9452547324
2020-02-29 04:00:00+00:00,signal,sell,0.122,8725.676262,1064.5325039640002,0.021290650079280004,-0.5,0.0012098751407407834,0.0,-0.122,maker,8725.676262,
2020-03-01 04:00:00+00:00,signal,buy,0.008,8628.573615128831,69.02858892103065,0.02761143556841226,1.0821211001277804,0.00010537304822182735,0.7768211749693583,-0.11399999999999999,taker,,
2020-03-02 13:22:00+00:00,stop_loss,buy,0.11399999999999999,8811.282176704059,1004.4861681442626,0.40179446725770507,1.0,,-9.759074276262588,0.0,taker,,8810.401136590399
2020-03-08 20:00:00+00:00,signal,sell,0.044,8287.154337,364.63479082799995,0.007292695816559999,-0.5,0.000592359832036688,0.0,-0.044,maker,8287.154337,
2020-03-09 04:34:00+00:00,take_profit,buy,0.044,7817.298344306591,343.96112714949,0.137584450859796,1.0,,20.673663678509975,0.0,taker,,7816.516692637328
2020-03-10 04:00:00+00:00,signal,sell,0.046,7912.745617500002,363.98629840500007,0.007279725968100002,-0.5,0.00018856224164787538,0.0,-0.046,maker,7912.745617500002,
2020-03-12 07:14:00+00:00,take_profit,buy,0.046,7351.149802180849,338.15289090031905,0.13526115636012762,1.0,,25.833407504681006,0.0,taker,,7350.414760704779
2020-03-13 04:01:00+00:00,signal,sell,0.07200000000000001,5046.8023275000005,363.3697675800001,0.007267395351600002,-0.5,5.6605110893136475e-05,0.0,-0.07200000000000001,maker,5046.8023275000005,
2020-03-15 21:57:00+00:00,stop_loss,buy,0.07200000000000001,5852.958070589952,421.41298108247656,0.16856519243299065,1.0,,-58.04321350247648,0.0,taker,,5852.372833306621
2020-03-17 08:00:00+00:00,signal,sell,0.002,5342.577115500001,10.685154231000002,0.00021370308462000006,-0.5,6.629041994092698e-06,0.0,-0.002,maker,5342.577115500001,
2020-03-17 20:00:00+00:00,signal,buy,0.002,5372.523966760116,10.745047933520233,0.004298019173408094,1.0126001215876999,2.480672875387843e-06,-0.059893702520230366,0.0,taker,,
2020-03-18 08:00:00+00:00,signal,sell,0.012,5144.517213000001,61.73420655600001,0.0012346841311200003,-0.5,2.8654158937515893e-05,0.0,-0.012,maker,5144.517213000001,
2020-03-19 04:00:00+00:00,signal,buy,0.012,5283.022181552353,63.39626617862823,0.025358506471451294,1.083174573074139,0.00010809390009476955,-1.6620596226282214,0.0,taker,,
2020-03-29 04:00:00+00:00,signal,sell,0.092,6197.7298710000005,570.1911481320001,0.011403822962640003,-0.5,0.001214850437690524,0.0,-0.092,maker,6197.7298710000005,
2020-03-30 05:13:00+00:00,stop_loss,buy,0.092,6207.837482442922,571.1210483847489,0.22844841935389956,1.0,,-0.9299002527487827,0.0,taker,,6207.216760766845
2020-04-04 16:00:00+00:00,signal,buy,0.064,6724.883739,430.392559296,0.008607851185920001,-0.5,7.744371743323742e-05,0.0,0.064,maker,6724.883739,
2020-04-05 08:00:00+00:00,signal,sell,0.064,6768.426360814077,433.17928709210094,0.1732717148368404,1.0985677504371922,0.00015180627228513483,2.786727796100953,0.0,taker,,
2020-04-06 00:00:00+00:00,signal,buy,0.07200000000000001,6768.561554999999,487.33643196,0.009746728639200002,-0.5,0.0001823220648335673,0.0,0.07200000000000001,maker,6768.561554999999,
2020-04-06 23:57:00+00:00,take_profit,sell,0.07200000000000001,7311.551554409325,526.4317119174715,0.2105726847669886,1.0,,39.095279957471455,0.0,taker,,7312.282782687594
2020-04-07 16:00:00+00:00,signal,buy,0.066,7312.4443595,482.62132772700005,0.009652426554540001,-0.5,0.00017130454740836739,0.0,0.066,maker,7312.4443595,
2020-04-08 00:00:00+00:00,signal,sell,0.066,7192.102532413692,474.67876713930366,0.18987150685572146,1.10868715859739,0.00018457653818709763,-7.942560587696362,0.0,taker,,
2020-04-08 16:00:00+00:00,signal,buy,0.067,7273.4463095,487.32090273650005,0.009746418054730002,-0.5,0.0002697441342827672,0.0,0.067,maker,7273.4463095,
2020-04-09 04:00:00+00:00,signal,sell,0.067,7279.922159212119,487.75478466721205,0.19510191386688483,1.1507600688399118,0.00035513434932210857,0.43388193071199116,0.0,taker,,
2020-04-09 20:00:00+00:00,signal,buy,0.076,7257.6470995,551.581179562,0.01103162359124,-0.5,8.745083291610134e-05,0.0,0.076,maker,7257.6470995,
2020-04-10 04:00:00+00:00,signal,buy,0.003,7172.331365499999,21.5169940965,0.00043033988193,-0.5,1.471908865297375e-06,0.0,0.079,maker,7172.331365499999,
2020-04-10 05:01:00+00:00,stop_loss,sell,0.079,7014.848496642006,554.1730312347185,0.22166921249388738,1.0,,-18.925142423781526,0.0,taker,,7015.55005164717
2020-04-23 20:00:00+00:00,signal,buy,1.684,7520.8839370000005,12665.168549908001,0.25330337099816,-0.5,0.0060043433788901455,0.0,1.684,maker,7520.8839370000005,
2020-04-28 12:01:00+00:00,signal,buy,0.5,7729.7234945,3864.86174725,0.077297234945,-0.5,0.007013556958605714,0.0,2.184,maker,7729.7234945,
2020-04-29 10:06:00+00:00,take_profit,sell,2.184,7985.8228591112265,17441.03712429892,6.976414849719569,1.0,,911.0068271409176,0.0,taker,,7986.621521263352
2020-04-30 04:00:00+00:00,signal,buy,1.929,9305.5646985,17950.434303406502,0.3590086860681301,-0.5,0.00023190924592660328,0.0,1.929,maker,9305.5646985,
2020-04-30 09:06:00+00:00,stop_loss,sell,1.929,8994.770664143409,17350.912611132637,6.940365044453055,1.0,,-599.521692273865,0.0,taker,,8995.670231166525
2020-05-01 00:00:00+00:00,signal,buy,1.058,8623.1788195,9123.323191031,0.18246646382062,-0.5,0.0021692353112927783,0.0,1.058,maker,8623.1788195,
2020-05-03 14:50:00+00:00,stop_loss,sell,1.058,8784.95145986908,9294.478644541487,3.717791457816595,1.0,,171.15545351048607,0.0,taker,,8785.830042873367
2020-05-03 16:00:00+00:00,signal,buy,0.295,8817.289113499999,2601.1002884824998,0.05202200576965,-0.5,0.00040355761269793397,0.0,0.295,maker,8817.289113499999,
2020-05-03 17:55:00+00:00,stop_loss,sell,0.295,8784.95145986908,2591.5606806613787,1.0366242722645516,1.0,,-9.539607821121043,0.0,taker,,8785.830042873367
2020-05-04 20:02:00+00:00,signal,buy,0.307,8856.55715,2718.9630450500003,0.05437926090100001,-0.5,0.0014897360395988116,0.0,0.307,maker,8856.55715,
2020-05-06 12:00:00+00:00,signal,buy,0.994,9321.3639085,9265.435725049,0.18530871450098,-0.5,0.0005530350485752521,0.0,1.301,maker,9321.3639085,
2020-05-07 13:22:00+00:00,take_profit,sell,1.301,9490.527320400828,12347.176043841477,4.938870417536591,1.0,,362.77727374247775,0.0,taker,,9491.476468047633
2020-05-08 08:00:00+00:00,signal,buy,1.2590000000000001,9818.1190695,12361.011908500503,0.24722023817001007,-0.5,0.0014896384689835316,0.0,1.2590000000000001,maker,9818.1190695,
2020-05-08 20:00:00+00:00,signal,sell,0.833,9952.477720331224,8290.41394103591,3.316165576414364,1.8105575378400043,0.010265680033582029,111.92075614240935,0.42600000000000016,taker,,
2020-05-09 00:00:00+00:00,signal,buy,0.777,9809.1395185,7621.701405874501,0.15243402811749002,-0.5,0.000771249541674451,0.0,1.2030000000000003,maker,9809.1395185,
2020-05-09 04:00:00+00:00,signal,sell,0.777,9873.303417010238,7671.556755016955,3.0686227020067824,1.3535511064325667,0.0019530997634326895,47.38465143663573,0.42600000000000027,taker,,
2020-05-09 07:58:00+00:00,stop_loss,sell,0.42600000000000027,9581.888022462133,4081.8842975688713,1.6327537190275485,1.0,,-98.16372833231019,0.0,taker,,9582.846307092843
2020-05-14 12:01:00+00:00,signal,buy,0.246,9704.51475,2387.3106285,0.04774621257,-0.5,0.0006683854205356662,0.0,0.246,maker,9704.51475,
2020-05-15 02:33:00+00:00,stop_loss,sell,0.246,9335.692512766069,2296.580358140453,0.9186321432561813,1.0,,-90.73027035954713,0.0,taker,,9336.626175383608
2020-05-16 12:01:00+00:00,signal,buy,0.251,9421.848883999999,2364.884069884,0.04729768139768,-0.5,0.0019424104190210784,0.0,0.251,maker,9421.848883999999,
2020-05-17 16:00:00+00:00,signal,buy,0.8240000000000001,9817.9390785,8089.9818006840005,0.16179963601368003,-0.5,0.0009282760684834392,0.0,1.0750000000000002,maker,9817.9390785,
2020-05-18 12:00:00+00:00,signal,sell,1.075,9628.043892366606,10350.147184294101,4.14005887371764,1.3459984104766218,0.0018705453133179503,-104.71868627389685,0.0,taker,,
2020-05-19 20:00:00+00:00,signal,buy,0.276,9643.117820000001,2661.5005183200005,0.053230010366400016,-0.5,0.0008153949137602862,0.0,0.276,maker,9643.117820000001,
2020-05-20 04:00:00+00:00,signal,buy,0.023,9722.293861,223.612758803,0.00447225517606,-0.5,2.7088067566098646e-05,0.0,0.29900000000000004,maker,9722.293861,
2020-05-20 15:50:00+00:00,stop_loss,sell,0.29900000000000004,9416.04670522428,2815.3979648620602,1.1261591859448241,1.0,,-69.71531226094021,0.0,taker,,9416.988404064687
2020-05-26 16:00:00+00:00,signal,sell,0.115,8721.0260295,1002.9179933925001,0.020058359867850005,-0.5,4.3087921374295655e-05,0.0,-0.115,maker,8721.0260295,
2020-05-27 10:29:00+00:00,stop_loss,buy,0.115,8995.524781154683,1034.4853498327886,0.4137941399331155,1.0,,-31.567356440288496,0.0,taker,,8994.62531862282
2020-05-29 08:00:00+00:00,signal,buy,1.603,9516.044174,15254.218810922,0.30508437621844003,-0.5,0.009987527733459704,0.0,1.603,maker,9516.044174,
2020-05-31 21:23:00+00:00,stop_loss,sell,1.603,9440.970339266143,15133.875453843628,6.053550181537451,1.0,,-120.34335707837347,0.0,taker,,9441.914530719216
2020-06-01 00:00:00+00:00,signal,buy,0.425,9446.0176755,4014.5575120874996,0.08029115024175,-0.5,0.0014311723629512596,0.0,0.425,maker,9446.0176755,
2020-06-01 00:00:00+00:00,stop_loss,sell,0.425,9440.970339266143,4012.4123941881107,1.6049649576752443,1.0,,-2.145117899388879,0.0,taker,,9441.914530719216
2020-06-01 04:01:00+00:00,signal,buy,1.697,9558.362058,16220.540412426002,0.3244108082485201,-0.5,0.008869046890667661,0.0,1.697,maker,9558.362058,
2020-06-01 20:00:00+00:00,signal,sell,1.407,9565.460820982174,13458.60337512192,5.383441350048768,2.131360353096884,0.019999628883742276,9.98795951591863,0.29000000000000004,taker,,
2020-06-01 20:01:00+00:00,signal,sell,0.29,9570.782219060127,2775.5268435274365,1.1102107374109746,1.4080261549646529,0.0026013334864881093,3.6018467074367435,0.0,taker,,
2020-06-02 08:03:00+00:00,signal,buy,1.586,10132.353357,16069.912424202,0.32139824848404003,-0.5,0.01999719760732901,0.0,1.586,maker,10132.353357,
2020-06-02 08:04:00+00:00,signal,buy,0.356,10130.4834505,3606.4521083779996,0.07212904216756,-0.5,0.001091037212367019,0.0,1.9420000000000002,maker,10130.4834505,
2020-06-02 12:00:00+00:00,signal,sell,1.242,10120.165883875043,12569.246027772802,5.027698411109121,1.4860355306556925,0.0036911021415587603,-14.71110377423904,0.7000000000000002,taker,,
2020-06-02 14:46:00+00:00,stop_loss,sell,0.7000000000000002,9840.54931118038,6888.384517826268,2.7553538071305073,1.0,,-204.022883206688,0.0,taker,,9841.533464526834
2020-06-15 12:00:00+00:00,signal,sell,0.153,9111.8655705,1394.1154322865,0.027882308645730002,-0.5,0.0007457820026252508,0.0,-0.153,maker,9111.8655705,
2020-06-15 16:05:00+00:00,stop_loss,buy,0.153,9345.20682306934,1429.816643929609,0.5719266575718436,1.0,,-35.701211643109055,0.0,taker,,9344.272395829757
2020-06-20 00:00:00+00:00,signal,sell,0.032,9307.46535,297.83889120000003,0.005956777824000001,-0.5,0.0001869665519822759,0.0,-0.032,maker,9307.46535,
2020-06-20 04:00:00+00:00,signal,buy,0.032,9324.957386047077,298.3986363535065,0.11935945454140261,1.1018809097410383,0.0001621831214009621,-0.559745153506461,0.0,taker,,
2020-06-24 00:00:00+00:00,signal,buy,1.885,9631.1684175,18154.7524669875,0.36309504933975,-0.5,0.019994549361161275,0.0,1.885,maker,9631.1684175,
2020-06-24 00:01:00+00:00,signal,buy,0.095,9631.5184,914.9942480000001,0.018299884960000002,-0.5,0.000803719789300749,0.0,1.98,maker,9631.5184,
2020-06-24 08:00:00+00:00,signal,sell,1.5030000000000001,9517.744725750632,14305.1703228032,5.72206812912128,1.192655280208235,0.000579938390501775,-170.50104721003626,0.47699999999999987,taker,,
2020-06-24 08:00:00+00:00,stop_loss,sell,0.47699999999999987,9490.62664696785,4527.0289106036635,1.8108115642414655,1.0,,-67.04643437059592,0.0,taker,,9491.575804548305
2020-06-26 04:01:00+00:00,signal,sell,0.126,9230.001477000002,1162.9801861020003,0.023259603722040008,-0.5,0.001123966627568772,0.0,-0.126,maker,9230.001477000002,
2020-06-27 12:00:00+00:00,signal,buy,0.126,9158.225414507902,1153.9364022279956,0.46157456089119825,1.3928376892973175,0.002411272658319623,9.043783874004513,0.0,taker,,
2020-06-28 00:01:00+00:00,signal,sell,0.11800000000000001,9005.330244,1062.6289687920003,0.021252579375840006,-0.5,0.0008417932631759762,0.0,-0.11800000000000001,maker,9005.330244,
2020-06-28 16:11:00+00:00,stop_loss,buy,0.11800000000000001,9182.237537680527,1083.5040294463022,0.4334016117785209,1.0,,-20.875060654302068,0.0,taker,,9181.319405739952
2020-06-29 04:01:00+00:00,signal,sell,0.13,9092.4445995,1182.017797935,0.023640355958700003,-0.5,0.0009363041883106594,0.0,-0.13,maker,9092.4445995,
2020-06-29 18:00:00+00:00,stop_loss,buy,0.13,9164.989211404087,1191.4485974825313,0.4765794389930126,1.0,,-9.430799547531207,0.0,taker,,9164.072804123674
2020-06-30 16:00:00+00:00,signal,sell,0.128,9169.678461,1173.718843008,0.023474376860160004,-0.5,0.0011148591750083806,0.0,-0.128,maker,9169.678461,
2020-06-30 20:00:00+00:00,signal,buy,0.128,9134.491766423494,1169.2149461022073,0.46768597844088294,1.2282064818295422,0.0008137218492033938,4.503896905792645,0.0,taker,,
2020-07-04 16:00:00+00:00,signal,sell,0.198,9066.9433245,1795.254778251,0.03590509556502,-0.5,0.0010038989875279815,0.0,-0.198,maker,9066.9433245,
2020-07-06 06:20:00+00:00,stop_loss,buy,0.198,9156.730241325926,1813.0325877825335,0.7252130351130134,1.0,,-17.777809531533308,0.0,taker,,9155.81465985994
2020-07-22 08:00:00+00:00,signal,buy,3.18,9300.974928000001,29577.100271040006,0.5915420054208002,-0.5,0.00508414123519873,0.0,3.18,maker,9300.974928000001,
2020-07-22 22:32:00+00:00,take_profit,sell,3.18,9494.194105045233,30191.537254043844,12.076614901617537,1.0,,614.4369830038373,0.0,taker,,9495.143619407174
2020-07-23 16:00:00+00:00,signal,buy,5.119,9526.9136305,48768.270874529495,0.97536541749059,-0.5,0.010238168894631099,0.0,5.119,maker,9526.9136305,
2020-07-23 20:00:00+00:00,signal,sell,0.406,9596.068136296897,3896.0036633365403,1.558401465334616,1.2731340858757283,0.0011656598260495266,28.076729353540536,4.713,taker,,
2020-07-24 06:52:00+00:00,stop_loss,sell,4.713,9480.4114646882,44681.17923307549,17.872471693230196,1.0,,-219.16470747100624,0.0,taker,,9481.359600648266
2020-07-24 08:01:00+00:00,signal,buy,1.379,9513.6942915,13119.3844279785,0.26238768855957,-0.5,0.019988933972247862,0.0,1.379,maker,9513.6942915,
2020-07-24 08:02:00+00:00,signal,buy,1.316,9514.574247499999,12521.179709709999,0.2504235941942,-0.5,0.01663016398273614,0.0,2.6950000000000003,maker,9514.574247499999,
2020-07-26 08:48:00+00:00,take_profit,sell,2.6950000000000003,9747.517096658794,26269.55857549545,10.507823430198181,1.0,,628.9944378069537,0.0,taker,,9748.491945853379
2020-07-27 04:00:00+00:00,signal,buy,0.993,10276.706139,10204.769196027,0.20409538392054002,-0.5,0.001103316461690376,0.0,0.993,maker,10276.706139,
2020-07-27 08:00:00+00:00,signal,buy,1.737,10167.4816005,17660.9155400685,0.35321831080137006,-0.5,0.0017554200534274993,0.0,2.73,maker,10167.4816005,
2020-07-27 12:00:00+00:00,signal,sell,1.784,10268.121458931,18318.328682732903,7.327331473093161,1.4007816001853972,0.0025097795476119933,108.66510427342907,0.946,taker,,
2020-07-27 16:54:00+00:00,take_profit,sell,0.946,10670.250249696825,10094.056736213195,4.037622694485278,1.0,,438.03557857717374,0.0,taker,,10671.317381434968
2020-07-28 12:00:00+00:00,signal,buy,0.911,11000.429951,10021.391685361,0.20042783370722003,-0.5,0.00249858010337209,0.0,0.911,maker,11000.429951,
2020-07-30 00:00:00+00:00,signal,sell,0.491,11111.537969399376,5455.765142975094,2.1823060571900377,1.3246011662223425,0.001646342454889138,54.55403703409377,0.42000000000000004,taker,,
2020-07-30 13:05:00+00:00,stop_loss,sell,0.42000000000000004,10842.75852330426,4553.958579787789,1.8215834319151156,1.0,,-66.2219996322112,0.0,taker,,10843.842907595019
2020-08-01 08:00:00+00:00,signal,buy,1.67,11665.736684,19481.780262279997,0.3896356052456,-0.5,0.0033139584184291417,0.0,1.67,maker,11665.736684,
2020-08-01 08:03:00+00:00,take_profit,sell,1.67,11704.98316356752,19547.321883157758,7.818928753263103,1.0,,65.54162087775924,0.0,taker,,11706.153778945414
2020-08-01 12:00:00+00:00,signal,buy,0.593,11668.41655,6919.37101415,0.138387420283,-0.5,0.004911453975353529,0.0,0.593,maker,11668.41655,
2020-08-01 12:08:00+00:00,take_profit,sell,0.593,11704.98316356752,6941.055015995539,2.776422006398216,1.0,,21.684001845539424,0.0,taker,,11706.153778945414
2020-08-01 16:00:00+00:00,signal,buy,1.701,11641.5478935,19802.2729668435,0.39604545933687,-0.5,0.006391896207214784,0.0,1.701,maker,11641.5478935,
2020-08-01 17:20:00+00:00,take_profit,sell,1.701,11704.98316356752,19910.176361228354,7.964070544491342,1.0,,107.90339438485294,0.0,taker,,11706.153778945414
2020-08-28 00:01:00+00:00,signal,buy,0.017,11345.742684499999,192.8776256365,0.00385755251273,-0.5,0.00014318153139254914,0.0,0.017,maker,11345.742684499999,
2020-08-28 04:00:00+00:00,signal,sell,0.017,11382.648502993667,193.50502455089236,0.07740200982035694,1.0730068125639947,8.328116688678502e-05,0.6273989143923482,0.0,taker,,
2020-09-04 04:00:00+00:00,signal,sell,0.03,10270.303489500002,308.10910468500003,0.006162182093700001,-0.5,0.00031270314659022976,0.0,-0.03,maker,10270.303489500002,
2020-09-07 22:41:00+00:00,stop_loss,buy,0.03,10352.438650261132,310.57315950783396,0.1242292638031336,1.0,,-2.464054822833914,0.0,taker,,10351.403509910142
2020-09-08 16:00:00+00:00,signal,sell,0.031,10102.865118000002,313.18881865800006,0.006263776373160002,-0.5,0.00023071600597245919,0.0,-0.031,maker,10102.865118000002,
2020-09-09 08:00:00+00:00,signal,buy,0.031,10193.008385172754,315.98325994035537,0.12639330397614215,1.0678902235832248,7.201691340906664e-05,-2.7944412823553284,0.0,taker,,
2020-09-10 12:00:00+00:00,signal,sell,0.026000000000000002,10293.624655500002,267.6342410430001,0.005352684820860002,-0.5,0.00019490066663450305,0.0,-0.026000000000000002,maker,10293.624655500002,
2020-09-11 08:00:00+00:00,signal,buy,0.026000000000000002,10261.187341715942,266.79087088461455,0.10671634835384583,1.1572531344466812,0.000386383567082906,0.8433701583855437,0.0,taker,,
2020-09-22 12:00:00+00:00,signal,sell,0.039,10450.5124995,407.5699874805,0.008151399749610001,-0.5,0.0001063128936356896,0.0,-0.039,maker,10450.5124995,
2020-09-24 15:36:00+00:00,stop_loss,buy,0.039,10466.253295337192,408.1838785181505,0.16327355140726021,1.0,,-0.6138910376504646,0.0,taker,,10465.206774659726
2020-10-09 20:00:00+00:00,signal,buy,1.72,11034.468249000001,18979.28538828,0.3795857077656,-0.5,0.019997352780603002,0.0,1.72,maker,11034.468249000001,
2020-10-09 20:02:00+00:00,signal,buy,1.86,11048.0175715,20549.312682990003,0.41098625365980007,-0.5,0.016513199517166895,0.0,3.58,maker,11048.0175715,
2020-10-10 02:07:00+00:00,take_profit,sell,3.58,11363.573745420323,40681.594008604756,16.272637603441904,1.0,,1152.9959373347526,0.0,taker,,11364.710216441967
2020-10-10 20:00:00+00:00,signal,buy,3.39,11353.3623035,38487.898208865,0.7697579641773001,-0.5,0.012963191858375238,0.0,3.39,maker,11353.3623035,
2020-10-12 10:42:00+00:00,stop_loss,sell,3.39,11215.16247203892,38019.400780211945,15.207760312084778,1.0,,-468.49742865305836,0.0,taker,,11216.284100448966
2020-10-12 12:00:00+00:00,signal,buy,2.507,11245.7476845,28193.0894450415,0.56386178890083,-0.5,0.009108753003540401,0.0,2.507,maker,11245.7476845,
2020-10-12 16:00:00+00:00,signal,buy,0.687,11551.0924165,7935.6004901355,0.15871200980271002,-0.5,0.0011559868266752505,0.0,3.194,maker,11551.0924165,
2020-10-13 04:00:00+00:00,signal,sell,0.92,11458.857258601836,10542.14867791369,4.216859471165477,1.8172518119501806,0.010435945689622708,135.63811424342072,2.274,taker,,
2020-10-13 13:54:00+00:00,stop_loss,sell,2.274,11337.512493736594,25781.503410757017,10.312601364302807,1.0,,59.32403925028653,0.0,taker,,11338.64635837243
2020-10-14 16:00:00+00:00,signal,buy,2.22,11319.2440095,25128.721701090002,0.5025744340218001,-0.5,0.001866446216276469,0.0,2.22,maker,11319.2440095,
2020-10-15 16:00:00+00:00,signal,sell,0.72,11393.52512704673,8203.338091473646,3.2813352365894586,1.6628373094357367,0.0068648952934376025,53.48240463364593,1.5000000000000002,taker,,
2020-10-15 20:01:00+00:00,signal,buy,0.879,11525.3337045,10130.7683262555,0.20261536652511003,-0.5,0.0047280154811709125,0.0,2.3790000000000004,maker,11525.3337045,
2020-10-16 04:19:00+00:00,stop_loss,sell,2.3790000000000004,11298.758448610937,26879.746349245426,10.751898539698171,1.0,,-229.88799126007856,0.0,taker,,11299.888437454683
2020-10-17 00:02:00+00:00,signal,buy,0.42,11324.7837325,4756.40916765,0.09512818335300001,-0.5,0.0029295559855406815,0.0,0.42,maker,11324.7837325,
2020-10-17 04:00:00+00:00,signal,sell,0.42,11356.9534081945,4769.92043144169,1.9079681725766762,1.5464712150406381,0.004666106076062363,13.511263791690107,0.0,taker,,
2020-10-19 20:01:00+00:00,signal,buy,1.591,11688.1655625,18595.8714099375,0.37191742819875,-0.5,0.019994515569515498,0.0,1.591,maker,11688.1655625,
2020-10-19 20:02:00+00:00,signal,buy,0.332,11678.5860415,3877.290565778,0.07754581131556001,-0.5,0.009286564754284066,0.0,1.923,maker,11678.5860415,
2020-10-21 02:57:00+00:00,take_profit,sell,1.923,12076.849347683668,23223.781295595694,9.289512518238277,1.0,,750.6193198801956,0.0,taker,,12078.057153399008
2020-10-21 20:00:00+00:00,signal,buy,2.369,12679.366,30037.418054,0.6007483610800001,-0.5,0.012775273565444216,0.0,2.369,maker,12679.366,
2020-10-23 00:00:00+00:00,signal,sell,0.308,12968.754649093147,3994.3764319206894,1.597750572768276,1.2608340280071566,0.001063037346350596,89.13170392068935,2.0610000000000004,taker,,
2020-10-23 16:42:00+00:00,stop_loss,sell,2.0610000000000004,12733.607551660836,26243.96516397299,10.497586065589196,1.0,,111.79183797298342,0.0,taker,,12734.881039764812
2020-10-25 20:00:00+00:00,signal,buy,0.377,13037.688083000001,4915.208407291,0.09830416814582,-0.5,0.002360669336359037,0.0,0.377,maker,13037.688083000001,
2020-10-26 12:02:00+00:00,signal,buy,1.2550000000000001,13150.8524245,16504.3197927475,0.33008639585495003,-0.5,0.010446331360282717,0.0,1.6320000000000001,maker,13150.8524245,
2020-10-26 16:00:00+00:00,signal,sell,1.323,12972.333954685284,17162.39782204863,6.864959128819453,1.2841416022165366,0.0012615070329715702,-201.59470776199126,0.30900000000000016,taker,,
2020-10-26 17:01:00+00:00,stop_loss,sell,0.30900000000000016,12809.959354680204,3958.2774405961854,1.5833109762384743,1.0,,-97.2582296316946,0.0,taker,,12811.240478728078
2020-10-27 04:02:00+00:00,signal,buy,0.315,13086.9556195,4122.391020142501,0.08244782040285002,-0.5,0.0028163783006650038,0.0,0.315,maker,13086.9556195,
2020-10-27 12:00:00+00:00,signal,buy,0.913,13448.177557500001,12278.186109997501,0.24556372219995004,-0.5,0.001030789130855739,0.0,1.228,maker,13448.177557500001,
2020-10-27 17:35:00+00:00,take_profit,sell,1.228,13663.357892422882,16778.6034918953,6.71144139675812,1.0,,378.02636175529796,0.0,taker,,13664.724364859369
2020-11-01 00:00:00+00:00,signal,buy,1.234,13783.0408135,17008.272363859,0.34016544727718,-0.5,0.00041070235785035117,0.0,1.234,maker,13783.0408135,
2020-11-02 11:22:00+00:00,stop_loss,sell,1.234,13400.825607822677,16536.618800053184,6.614647520021274,1.0,,-471.65356380581653,0.0,taker,,13402.165824405118
2020-11-03 04:00:00+00:00,signal,buy,0.258,13385.8206755,3453.5417342789997,0.06907083468558,-0.5,0.0007271125727584831,0.0,0.258,maker,13385.8206755,
2020-11-04 00:00:00+00:00,signal,buy,0.774,14015.849172499999,10848.267259515,0.2169653451903,-0.5,0.0007521131783522782,0.0,1.032,maker,14015.849172499999,
2020-11-04 07:48:00+00:00,stop_loss,sell,1.032,13608.393599286457,14043.862194463623,5.617544877785449,1.0,,-257.94679933037486,0.0,taker,,13609.75457474393
2020-11-05 00:00:00+00:00,signal,buy,0.14100000000000001,14133.613284,1992.839473044,0.039856789460880004,-0.5,0.0005556009992960775,0.0,0.14100000000000001,maker,14133.613284,
2020-11-05 04:00:00+00:00,signal,buy,0.431,14299.834972499999,6163.228873147499,0.12326457746295,-0.5,0.0003544024930710251,0.0,0.5720000000000001,maker,14299.834972499999,
2020-11-05 13:25:00+00:00,take_profit,sell,0.5720000000000001,14964.833391074691,8559.884699694725,3.42395387987789,1.0,,403.8163535032249,0.0,taker,,14966.330024077099
2020-11-06 08:00:00+00:00,signal,buy,0.857,15737.2131,13486.7916267,0.269735832534,-0.5,0.0028716036822697836,0.0,0.857,maker,15737.2131,
2020-11-07 16:25:00+00:00,stop_loss,sell,0.857,15179.371780950358,13008.721616274457,5.203488646509783,1.0,,-478.07001042554407,0.0,taker,,15180.889869937351
2020-11-08 20:00:00+00:00,signal,buy,0.10300000000000001,15341.732875,1580.198486125,0.03160396972250001,-0.5,0.00015943446746000264,0.0,0.10300000000000001,maker,15341.732875,
2020-11-09 12:00:00+00:00,signal,buy,0.307,15807.0996055,4852.7795788885,0.09705559157777,-0.5,0.00018105611208173045,0.0,0.41000000000000003,maker,15807.0996055,
2020-11-09 13:50:00+00:00,stop_loss,sell,0.41000000000000003,15191.10427007049,6228.352750728901,2.4913411002915606,1.0,,-204.6253142845988,0.0,taker,,15192.623532423731
2020-11-13 04:00:00+00:00,signal,buy,0.434,16431.528382499997,7131.283318004998,0.1426256663601,-0.5,0.005268493947303271,0.0,0.434,maker,16431.528382499997,
2020-11-13 08:00:00+00:00,signal,sell,0.326,16250.895913018045,5297.792067643883,2.119116827057553,1.460682669983727,0.0033160706628646178,-58.88618505111645,0.10799999999999998,taker,,
2020-11-13 20:00:00+00:00,signal,buy,0.335,16281.1859,5454.1972765,0.10908394553,-0.5,0.0026811509217985153,0.0,0.443,maker,16281.1859,
2020-11-14 04:00:00+00:00,signal,sell,0.328,16174.722578618224,5305.309005786778,2.122123602314711,1.4201758925783836,0.0027585590735006472,-46.94193803642705,0.11499999999999999,taker,,
2020-11-14 08:22:00+00:00,stop_loss,sell,0.11499999999999999,15911.553537892143,1829.8286568575963,0.7319314627430386,1.0,,-46.72274112919784,0.0,taker,,15913.144852377382
2020-11-15 12:00:00+00:00,signal,buy,0.116,15949.2025,1850.10749,0.0370021498,-0.5,0.00010927922325735314,0.0,0.116,maker,15949.2025,
2020-11-15 16:00:00+00:00,signal,sell,0.116,16019.963657120172,1858.31578422594,0.743326313690376,1.2709667206508608,0.0011472338078169003,8.208294225939994,0.0,taker,,
2020-11-17 20:01:00+00:00,signal,buy,0.612,17719.7239695,10844.471069333998,0.21688942138668,-0.5,0.0010598819660524185,0.0,0.612,maker,17719.7239695,
2020-11-18 05:35:00+00:00,stop_loss,sell,0.612,17528.96912251318,10727.729102978066,4.291091641191227,1.0,,-116.74196635593368,0.0,taker,,17530.72219473265
2020-11-25 20:00:00+00:00,signal,buy,0.059000000000000004,18994.490228,1120.674923452,0.02241349846904,-0.5,0.0001887872085424118,0.0,0.059000000000000004,maker,18994.490228,
2020-11-26 00:00:00+00:00,signal,sell,0.059000000000000004,18739.656863510558,1105.639754947123,0.44225590197884923,1.0688148698884927,7.399197371515895e-05,-15.03516850487702,0.0,taker,,
2020-12-13 04:01:00+00:00,signal,buy,0.16,18783.6307715,3005.38092344,0.06010761846880001,-0.5,0.0030063359739233965,0.0,0.16,maker,18783.6307715,
2020-12-15 20:00:00+00:00,signal,sell,0.16,19530.802488648962,3124.928398183834,1.2499713592735335,1.2274032677897826,0.0008080038468979924,119.54747474383389,0.0,taker,,
2020-12-16 16:01:00+00:00,signal,buy,0.556,20689.3954785,11503.303886046,0.23006607772092003,-0.5,0.0008205336425548884,0.0,0.556,maker,20689.3954785,
2020-12-17 01:10:00+00:00,take_profit,sell,0.556,21757.05806561762,12096.924284483399,4.83876971379336,1.0,,593.6203984373979,0.0,taker,,21759.23398901652
2020-12-17 20:00:00+00:00,signal,buy,0.209,22909.5844635,4788.103152871499,0.09576206305743,-0.5,0.000273509877319646,0.0,0.209,maker,22909.5844635,
2020-12-18 00:00:00+00:00,signal,buy,0.522,22815.849150500002,11909.873256561,0.23819746513122003,-0.5,0.003091109002202027,0.0,0.731,maker,22815.849150500002,
2020-12-18 12:00:00+00:00,signal,sell,0.529,22906.767461361407,12117.679987060184,4.847071994824074,1.4109727798316314,0.002639041027539665,33.918672983860745,0.20199999999999996,taker,,
2020-12-18 16:00:00+00:00,signal,sell,0.202,22561.140310184535,4557.350342657276,1.8229401370629106,1.1743106169071735,0.0004747529869774909,-56.86475269890037,0.0,taker,,
2020-12-19 08:00:00+00:00,signal,buy,0.442,22874.9661945,10110.735057969001,0.20221470115938003,-0.5,0.0009308702224822479,0.0,0.442,maker,22874.9661945,
2020-12-19 16:01:00+00:00,signal,buy,0.319,23621.678857,7535.315555383,0.15070631110766003,-0.5,0.0005433022630202015,0.0,0.761,maker,23621.678857,
2020-12-19 20:00:00+00:00,signal,sell,0.55,23821.73048806464,13101.951768435554,5.240780707374222,1.3932864507562115,0.00241678488044403,348.56433434409246,0.21099999999999997,taker,,
2020-12-21 00:00:00+00:00,signal,buy,0.326,23471.786352,7651.802350752,0.15303604701504,-0.5,0.001364762458969943,0.0,0.5369999999999999,maker,23471.786352,
2020-12-21 04:00:00+00:00,signal,sell,0.34900000000000003,23959.529459261517,8361.87578128227,3.344750312512908,1.3648408109577883,0.0020798252709427604,209.1412003243972,0.1879999999999999,taker,,
2020-12-21 08:00:00+00:00,signal,buy,0.358,23996.160132,8590.625327256,0.17181250654512004,-0.5,0.001558941078718373,0.0,0.5459999999999998,maker,23996.160132,
2020-12-21 10:16:00+00:00,stop_loss,sell,0.5459999999999998,23035.493510344153,12577.379456647903,5.030951782659161,1.0,,-404.9768196627643,0.0,taker,,23037.79729007316
2020-12-27 00:00:00+00:00,signal,buy,0.383,26507.514558,10152.378075714,0.20304756151428,-0.5,0.0007339804525893379,0.0,0.383,maker,26507.514558,
2020-12-27 20:00:00+00:00,signal,sell,0.266,27114.421465518524,7212.436109827928,2.884974443931171,1.1942529264971486,0.0005895968664485409,161.43723739992774,0.11699999999999999,taker,,
2020-12-27 20:46:00+00:00,stop_loss,sell,0.11699999999999999,26535.836241293055,3104.6928402312874,1.241877136092515,1.0,,3.3136369452875147,0.0,taker,,26538.490090302086
2020-12-28 16:00:00+00:00,signal,buy,0.321,26942.9027875,8648.6717947875,0.17297343589575,-0.5,0.0005452992563083964,0.0,0.321,maker,26942.9027875,
2020-12-28 20:00:00+00:00,signal,sell,0.20700000000000002,27024.686679092243,5594.110142572094,2.237644057028838,1.2369828314378217,0.0008775134749419845,16.929265559594487,0.11399999999999999,taker,,
2020-12-29 08:00:00+00:00,signal,buy,0.213,26456.417113000003,5635.216845069001,0.11270433690138001,-0.5,0.001402152411527028,0.0,0.32699999999999996,maker,26456.417113000003,
2020-12-29 12:00:00+00:00,signal,sell,0.209,26901.710213007696,5622.457434518608,2.2489829738074434,1.1224000360924202,0.00023409013805352803,57.61975123299275,0.11799999999999997,taker,,
2020-12-29 16:00:00+00:00,signal,buy,0.219,26635.508158,5833.176286602,0.11666352573204,-0.5,0.0006160558236711453,0.0,0.33699999999999997,maker,26635.508158,
2020-12-29 20:00:00+00:00,signal,sell,0.218,26954.070065622418,5875.987274305687,2.350394909722275,1.1388205045414226,0.0003011114450177363,70.17093061736674,0.11899999999999997,taker,,
2020-12-30 00:01:00+00:00,signal,buy,0.225,27465.2966665,6179.6917499625,0.12359383499925,-0.5,0.00044648661432434737,0.0,0.344,maker,27465.2966665,
2020-12-30 04:00:00+00:00,signal,sell,0.194,28107.504109438265,5452.855797231024,2.1811423188924097,1.1084389322379957,0.00018373440663932235,180.4987511487401,0.14999999999999997,taker,,
2020-12-30 08:00:00+00:00,signal,buy,0.277,28435.958131,7876.760402287001,0.15753520804574003,-0.5,0.0007555633704988069,0.0,0.427,maker,28435.958131,
2020-12-30 12:00:00+00:00,signal,sell,0.314,27868.435286945136,8750.688680100773,3.5002754720403093,1.322006741812758,0.001620130340201065,-39.34431847705889,0.11299999999999999,taker,,
2021-01-01 01:14:00+00:00,take_profit,sell,0.11299999999999999,29377.871642904734,3319.6994956482345,1.3278797982592938,1.0,,156.40736558678606,0.0,taker,,29380.809723877122
2021-01-01 08:00:00+00:00,signal,buy,0.41200000000000003,29106.264614,11991.781020968001,0.23983562041936005,-0.5,0.00108582161010404,0.0,0.41200000000000003,maker,29106.264614,
2021-01-01 11:22:00+00:00,take_profit,sell,0.41200000000000003,29377.871642904734,12103.683116876751,4.8414732467507005,1.0,,111.90209590875072,0.0,taker,,29380.809723877122
2021-01-03 00:00:00+00:00,signal,buy,0.183,32196.8000795,5892.0144145485,0.11784028829097001,-0.5,0.00042526207281171036,0.0,0.183,maker,32196.8000795,
2021-01-03 16:00:00+00:00,signal,sell,0.183,33535.113586203646,6136.9257862752675,2.454770314510107,1.1021302772382462,0.00016297802388689128,244.91137172676713,0.0,taker,,
2021-01-07 08:00:00+00:00,signal,buy,0.079,36908.014507,2915.733146053,0.05831466292106,-0.5,0.00016351876638159445,0.0,0.079,maker,36908.014507,
2021-01-08 02:41:00+00:00,stop_loss,sell,0.079,36833.17081580828,2909.820494448854,1.1639281977795417,1.0,,-5.912651604146144,0.0,taker,,36836.8545012584
2021-01-10 00:00:00+00:00,signal,buy,0.073,40134.0431975,2929.7851534175,0.058595703068350005,-0.5,0.00014262881882334304,0.0,0.073,maker,40134.0431975,
2021-01-10 17:22:00+00:00,stop_loss,sell,0.073,38233.05062719715,2791.012695785392,1.116405078314157,1.0,,-138.772457632108,0.0,taker,,38236.874314628614
2021-01-23 16:00:00+00:00,signal,sell,0.017,31885.164178500003,542.0477910345,0.010840955820690001,-0.5,5.123017316705435e-05,0.0,-0.017,maker,31885.164178500003,
2021-01-25 03:50:00+00:00,stop_loss,buy,0.017,33503.3120979438,569.5563056650446,0.22782252226601787,1.0,,-27.5085146305446,0.0,taker,,33499.96210173363
2021-02-04 08:00:00+00:00,signal,buy,0.1,37882.525778999996,3788.2525779,0.07576505155800001,-0.5,0.0003870149330632253,0.0,0.1,maker,37882.525778999996,
2021-02-04 16:00:00+00:00,signal,sell,0.1,36601.44343999895,3660.1443439998948,1.464057737599958,1.0890624699817382,0.00012393943061325026,-128.10823390010484,0.0,taker,,
2021-02-05 08:01:00+00:00,signal,buy,0.1,37749.1424485,3774.9142448500006,0.07549828489700001,-0.5,0.0005160801092031526,0.0,0.1,maker,37749.1424485,
2021-02-07 00:00:00+00:00,signal,sell,0.1,39245.45447810805,3924.545447810805,1.569818179124322,1.038361960500526,2.2994375210061335e-05,149.63120296080453,0.0,taker,,
2021-02-08 04:00:00+00:00,signal,buy,0.024,38118.933957999994,914.8544149919999,0.01829708829984,-0.5,5.763489641723358e-05,0.0,0.024,maker,38118.933957999994,
2021-02-08 12:51:00+00:00,take_profit,sell,0.024,41765.180769292405,1002.3643384630177,0.4009457353852071,1.0,,87.50992347101786,0.0,taker,,41769.35770506291
2021-02-09 08:01:00+00:00,signal,buy,0.019,47756.7220445,907.3777188455,0.018147554376910003,-0.5,5.0687208108631555e-05,0.0,0.019,maker,47756.7220445,
2021-02-10 12:39:00+00:00,stop_loss,sell,0.019,44977.521821789225,854.5729146139953,0.34182916584559814,1.0,,-52.80480423150469,0.0,taker,,44982.02002379161
2021-02-11 08:01:00+00:00,signal,buy,0.02,44807.709502499994,896.1541900499999,0.017923083801,-0.5,0.0001311980735857008,0.0,0.02,maker,44807.709502499994,
2021-02-14 12:15:00+00:00,take_profit,sell,0.02,49774.02040070207,995.4804080140415,0.3981921632056166,1.0,,99.32621796404158,0.0,taker,,49778.99830053213
2021-02-15 20:00:00+00:00,signal,buy,0.019,48720.323862000005,925.6861533780001,0.018513723067560002,-0.5,0.00021738455944233818,0.0,0.019,maker,48720.323862000005,
2021-02-16 00:00:00+00:00,signal,sell,0.019,47976.5584966953,911.5546114372107,0.3646218445748843,1.0507159629304068,4.018920149934994e-05,-14.131541940789335,0.0,taker,,
2021-02-16 04:00:00+00:00,signal,buy,0.078,49714.1241695,3877.701685221,0.07755403370442,-0.5,0.000159997275844353,0.0,0.078,maker,49714.1241695,
2021-02-19 16:25:00+00:00,take_profit,sell,0.078,54287.873196281755,4234.454109309977,1.6937816437239908,1.0,,356.75242408897697,0.0,taker,,54293.302526534404
2021-02-20 12:00:00+00:00,signal,buy,0.07,56445.677575,3951.1974302500007,0.07902394860500002,-0.5,0.00017432665213387553,0.0,0.07,maker,56445.677575,
2021-02-20 22:41:00+00:00,stop_loss,sell,0.07,54729.06857170056,3831.0348000190397,1.532413920007616,1.0,,-120.1626302309608,0.0,taker,,54734.54202590315
2021-03-01 08:00:00+00:00,signal,sell,0.003,46317.595764000005,138.952787292,0.0027790557458400003,-0.5,1.8352062952310418e-05,0.0,-0.003,maker,46317.595764000005,
2021-03-01 16:00:00+00:00,signal,buy,0.003,49189.48928390082,147.56846785170245,0.05902738714068098,1.0123683047403946,2.3902337836135308e-06,-8.615680559702437,0.0,taker,,
2021-03-10 08:00:00+00:00,signal,buy,0.231,54199.389895,12520.059065745001,0.2504011813149,-0.5,0.0006099466154733426,0.0,0.231,maker,54199.389895,
2021-03-10 12:00:00+00:00,signal,sell,0.15,54921.47442507558,8238.221163761336,3.2952884655045347,1.1862030495595968,0.0005417433697702126,108.31267951133741,0.08100000000000002,taker,,
2021-03-10 16:00:00+00:00,signal,buy,0.152,56372.001259,8568.544191367999,0.17137088382736,-0.5,0.00013010775615512383,0.0,0.233,maker,56372.001259,
2021-03-10 20:00:00+00:00,signal,sell,0.151,56818.1821721343,8579.54550799228,3.431818203196912,1.196274572503901,0.0006019329345560792,181.42142772484135,0.08200000000000002,taker,,
2021-03-11 08:16:00+00:00,stop_loss,sell,0.08200000000000002,54411.26966744189,4461.724112730236,1.7846896450920944,1.0,,-98.8465798653273,0.0,taker,,54416.71133857575
2021-03-14 04:00:00+00:00,signal,buy,0.075,61429.3183805,4607.1988785375,0.09214397757075,-0.5,0.0001670536556027571,0.0,0.075,maker,61429.3183805,
2021-03-14 16:00:00+00:00,signal,sell,0.075,59747.385953782905,4481.053946533718,1.7924215786134872,1.0918191323548143,0.00013173051666235782,-126.14493200378219,0.0,taker,,
2021-03-26 08:00:00+00:00,signal,sell,0.001,53574.988615500006,53.574988615500004,0.00107149977231,-0.5,1.5031884488039875e-06,0.0,-0.001,maker,53574.988615500006,
2021-03-27 00:00:00+00:00,stop_loss,buy,0.001,55201.30829018225,55.20130829018225,0.022080523316072898,1.0,,-1.6263196746822433,0.0,taker,,55195.78871131112
2021-03-27 12:00:00+00:00,signal,sell,0.004,54482.73400050001,217.93093600200004,0.0043586187200400014,-0.5,1.1457797225937544e-05,0.0,-0.004,maker,54482.73400050001,
2021-03-27 20:00:00+00:00,signal,buy,0.004,55790.050377276384,223.16020150910555,0.08926408060364223,1.0326164008512289,1.662233757012567e-05,-5.229265507105505,0.0,taker,,
2021-04-10 16:01:00+00:00,signal,buy,0.111,60482.17574,6713.52150714,0.13427043014280002,-0.5,0.0004483715970073115,0.0,0.111,maker,60482.17574,
2021-04-10 20:55:00+00:00,stop_loss,sell,0.111,58598.54832954099,6504.43886457905,2.60177554583162,1.0,,-209.08264256095035,0.0,taker,,58604.40877041803
2021-04-14 16:01:00+00:00,signal,buy,0.023,63269.8463495,1455.2064660385001,0.029104129320770004,-0.5,8.958424495806326e-05,0.0,0.023,maker,63269.8463495,
2021-04-14 20:00:00+00:00,signal,sell,0.023,62235.89115696758,1431.4254966102542,0.5725701986441017,1.0569701093848727,5.0712396301943225e-05,-23.780969428245815,0.0,taker,,
2021-04-15 12:02:00+00:00,signal,buy,0.024,62514.8741,1500.3569784000001,0.030007139568000003,-0.5,0.00023186750936397734,0.0,0.024,maker,62514.8741,
2021-04-16 05:01:00+00:00,stop_loss,sell,0.024,61520.03368467363,1476.4808084321671,0.5905923233728668,1.0,,-23.87616996783286,0.0,taker,,61526.18630330396
2021-04-25 04:00:00+00:00,signal,sell,0.015,49682.49400050001,745.2374100075001,0.014904748200150003,-0.5,8.521082149903567e-05,0.0,-0.015,maker,49682.49400050001,
2021-04-25 16:00:00+00:00,signal,buy,0.015,50278.64602458169,754.1796903687253,0.30167187614749014,1.0673710928937485,7.09197524640327e-05,-8.942280361225238,0.0,taker,,
2021-05-13 04:00:00+00:00,signal,sell,0.004,50479.573852500005,201.91829541,0.004038365908200001,-0.5,1.6958659594349495e-06,0.0,-0.004,maker,50479.573852500005,
2021-05-15 04:00:00+00:00,signal,sell,0.01,49680.02387700001,496.8002387700001,0.009936004775400003,-0.5,5.708668572212434e-05,0.0,-0.014,maker,49680.02387700001,
2021-05-16 10:46:00+00:00,stop_loss,buy,0.014,49708.50943172851,695.9191320441992,0.27836765281767967,1.0,,2.7994021358009196,0.0,taker,,49703.53907782073
2021-05-17 20:00:00+00:00,signal,sell,0.016,44249.2023495,707.987237592,0.014159744751840002,-0.5,7.159580431805277e-05,0.0,-0.016,maker,44249.2023495,
2021-05-19 11:30:00+00:00,take_profit,buy,0.016,37799.52936182669,604.792469789227,0.2419169879156908,1.0,,103.19476780277304,0.0,taker,,37795.749786848006
2021-05-20 08:00:00+00:00,signal,sell,0.018000000000000002,39948.917346,719.0805122280001,0.014381610244560004,-0.5,6.627935389036246e-05,0.0,-0.018000000000000002,maker,39948.917346,
2021-05-23 16:43:00+00:00,take_profit,buy,0.018000000000000002,31123.915376075012,560.2304767693503,0.2240921907077401,1.0,,158.85003545864984,0.0,taker,,31120.803295745438
2021-05-25 08:00:00+00:00,signal,sell,0.002,38987.169261,77.97433852200001,0.0015594867704400003,-0.5,9.49896167640046e-06,0.0,-0.002,maker,38987.169261,
2021-05-26 06:25:00+00:00,stop_loss,buy,0.002,40272.52785926964,80.54505571853929,0.032218022287415715,1.0,,-2.5707171965392774,0.0,taker,,40268.50100916872
2021-06-07 00:00:00+00:00,signal,sell,0.024,35803.5000855,859.2840020520001,0.017185680041040003,-0.5,5.8129891378891616e-05,0.0,-0.024,maker,35803.5000855,
2021-06-08 02:52:00+00:00,take_profit,buy,0.024,32352.616090138727,776.4627861633295,0.3105851144653318,1.0,,82.82121588867065,0.0,taker,,32349.381152023525
2021-06-09 08:01:00+00:00,signal,sell,0.025,34077.123771,851.928094275,0.0170385618855,-0.5,3.711083133613901e-05,0.0,-0.025,maker,34077.123771,
2021-06-09 12:00:00+00:00,signal,buy,0.025,34936.54969062971,873.4137422657428,0.34936549690629715,1.0190054243037316,5.643846140076103e-06,-21.485647990742837,0.0,taker,,
2021-06-19 12:00:00+00:00,signal,sell,0.025,35921.796,898.0449000000001,0.017960898000000003,-0.5,1.4215987435049862e-05,0.0,-0.025,maker,35921.796,
2021-06-20 19:38:00+00:00,stop_loss,buy,0.025,35618.539648502214,890.4634912125554,0.3561853964850222,1.0,,7.581408787444707,0.0,taker,,35614.978150687144
2021-06-22 04:00:00+00:00,signal,sell,0.027,32997.829809,890.9414048430001,0.017818828096860004,-0.5,2.663054337606213e-05,0.0,-0.027,maker,32997.829809,
2021-06-22 13:52:00+00:00,take_profit,buy,0.027,29069.659688208903,784.8808115816404,0.31395232463265615,1.0,,106.06059326135967,0.0,taker,,29066.75301290761
2021-06-23 20:00:00+00:00,signal,sell,0.004,32874.3536355,131.49741454200003,0.002629948290840001,-0.5,2.232618357903283e-06,0.0,-0.004,maker,32874.3536355,
2021-06-24 04:00:00+00:00,signal,sell,0.001,32581.538995500003,32.581538995500004,0.0006516307799100001,-0.5,1.9186239231890677e-06,0.0,-0.005,maker,32581.538995500003,
2021-06-24 17:00:00+00:00,stop_loss,buy,0.005,34742.550877448186,173.71275438724092,0.06948510175489638,1.0,,-9.63380084974091,0.0,taker,,34739.07696975121
2021-06-26 00:00:00+00:00,signal,sell,0.021,31570.758459000004,662.9859276390001,0.013259718552780004,-0.5,1.2629022044313607e-05,0.0,-0.021,maker,31570.758459000004,
2021-06-26 04:00:00+00:00,signal,buy,0.021,31958.75956245085,671.1339508114679,0.26845358032458716,1.0575879400752497,5.181829440797739e-05,-8.14802317246777,0.0,taker,,
2021-06-26 08:00:00+00:00,signal,sell,0.02,30701.535000000003,614.0307000000001,0.012280614000000004,-0.5,1.3122854999605092e-05,0.0,-0.02,maker,30701.535000000003,
2021-06-27 01:30:00+00:00,stop_loss,buy,0.02,32874.001355698405,657.4800271139682,0.26299201084558727,1.0,,-43.44932711396803,0.0,taker,,32870.714284269976
2021-07-19 12:00:00+00:00,signal,buy,0.001,31261.376852999998,31.261376852999998,0.00062522753706,-0.5,1.2530793159207705e-06,0.0,0.001,maker,31261.376852999998,
2021-07-19 16:00:00+00:00,signal,sell,0.001,30669.891584746936,30.669891584746935,0.012267956633898775,1.0101445125068065,1.6079864687617805e-06,-0.5914852682530618,0.0,taker,,
2021-07-20 08:00:00+00:00,signal,sell,0.01,29799.299890500006,297.9929989050001,0.0059598599781000025,-0.5,2.626813094932945e-05,0.0,-0.01,maker,29799.299890500006,
2021-07-21 04:30:00+00:00,stop_loss,buy,0.01,30669.476706056455,306.6947670605646,0.12267790682422583,1.0,,-8.701768155564496,0.0,taker,,30666.41006504995
2021-07-29 04:01:00+00:00,signal,buy,0.25,39641.0878465,9910.271961625,0.1982054392325,-0.5,0.0004293012042323317,0.0,0.25,maker,39641.0878465,
2021-07-30 04:00:00+00:00,signal,sell,0.25,39946.10056245455,9986.525140613638,3.994610056245455,1.278919348236864,0.001215562544076202,76.25317898863796,0.0,taker,,
2021-07-30 08:00:00+00:00,signal,buy,0.289,39728.0135,11481.3959015,0.22962791803000002,-0.5,0.0010805911639168975,0.0,0.289,maker,39728.0135,
2021-07-30 12:00:00+00:00,signal,sell,0.289,38632.828089789626,11164.8873179492,4.465954927179681,1.1651711467572443,0.0004262735581422362,-316.50858355079845,0.0,taker,,
2021-07-31 04:00:00+00:00,signal,buy,0.271,41822.5987655,11333.9242654505,0.22667848530901002,-0.5,0.0015044584721002742,0.0,0.271,maker,41822.5987655,
2021-08-01 16:00:00+00:00,signal,sell,0.271,41298.681064532866,11191.942568488408,4.4767770273953635,1.2199713408713455,0.000756052981324026,-141.98169696209305,0.0,taker,,
2021-08-03 20:00:00+00:00,signal,buy,0.077,38013.369236499995,2927.0294312104998,0.05854058862421,-0.5,0.00019333389631654265,0.0,0.077,maker,38013.369236499995,
2021-08-04 16:00:00+00:00,signal,buy,0.254,39287.9855025,9979.148317635,0.1995829663527,-0.5,0.0004673443851473237,0.0,0.331,maker,39287.9855025,
2021-08-05 08:00:00+00:00,signal,sell,0.331,38884.345923585846,12870.718500706917,5.148287400282767,1.2147568492001073,0.0007206328793493385,-35.45924813858446,0.0,taker,,
2021-08-06 00:00:00+00:00,signal,buy,0.076,40880.3458805,3106.9062869179998,0.06213812573836,-0.5,0.00015397074584166693,0.0,0.076,maker,40880.3458805,
2021-08-06 04:00:00+00:00,signal,sell,0.076,40221.87840292923,3056.862758622621,1.2227451034490486,1.106637635293077,0.00017768101970155114,-50.04352829537837,0.0,taker,,
2021-08-07 00:00:00+00:00,signal,buy,0.292,42823.2887285,12504.400308722,0.25008800617444005,-0.5,0.00048674447719204185,0.0,0.292,maker,42823.2887285,
2021-08-09 01:11:00+00:00,stop_loss,sell,0.292,42894.28601760588,12525.131517140917,5.010052606856367,1.0,,20.73120841891659,0.0,taker,,42898.575875193404
2021-08-12 00:00:00+00:00,signal,buy,0.275,45519.853893499996,12517.9598207125,0.25035919641425003,-0.5,0.00011105032732076668,0.0,0.275,maker,45519.853893499996,
2021-08-12 08:00:00+00:00,signal,sell,0.2,45224.56121278241,9044.912242556484,3.6179648970225937,1.2024734064972094,0.0006405543802903784,-59.05853614351654,0.07500000000000001,taker,,
2021-08-12 14:28:00+00:00,stop_loss,sell,0.07500000000000001,44177.52948954043,3313.3147117155327,1.325325884686213,1.0,,-100.67433029696751,0.0,taker,,44181.94768430886
2021-08-15 00:00:00+00:00,signal,buy,0.318,47081.3958125,14971.883868375,0.29943767736750004,-0.5,0.0007013570410673661,0.0,0.318,maker,47081.3958125,
2021-08-15 08:00:00+00:00,signal,sell,0.318,45783.050481251434,14559.010053037957,5.823604021215183,1.1355574298135667,0.0002871221371509379,-412.87381533704377,0.0,taker,,
2021-08-21 00:00:00+00:00,signal,buy,0.242,49330.5233505,11937.986650821,0.23875973301642,-0.5,0.0004243450420218879,0.0,0.242,maker,49330.5233505,
2021-08-22 16:00:00+00:00,signal,sell,0.242,48544.05496571581,11747.661301703227,4.699064520681291,1.2245178752185826,0.0007876293170729226,-190.32534911777347,0.0,taker,,
2021-08-23 08:01:00+00:00,signal,buy,0.158,50193.030223,7930.498775234,0.15860997550468,-0.5,0.0009915536227272806,0.0,0.158,maker,50193.030223,
2021-08-24 01:06:00+00:00,stop_loss,sell,0.158,48897.930275425126,7725.87298351717,3.090349193406868,1.0,,-204.62579171683038,0.0,taker,,48902.820557480874
2021-09-25 04:00:00+00:00,signal,sell,0.002,42590.85943650001,85.18171887300002,0.0017036343774600006,-0.5,2.0206788295632928e-05,0.0,-0.002,maker,42590.85943650001,
2021-09-26 09:47:00+00:00,stop_loss,buy,0.002,43136.394400509365,86.27278880101873,0.034509115520407495,1.0,,-1.091069928018711,0.0,taker,,43132.08119239013
2021-09-27 20:00:00+00:00,signal,sell,0.002,42996.9597405,85.993919481,0.0017198783896200003,-0.5,8.139105829558976e-06,0.0,-0.002,maker,42996.9597405,
2021-09-30 01:10:00+00:00,stop_loss,buy,0.002,42684.18780803969,85.36837561607939,0.03414735024643176,1.0,,0.625543864920619,0.0,taker,,42679.919816058085
2021-10-07 04:00:00+00:00,signal,buy,0.17,54850.8873185,9324.650844145,0.18649301688290001,-0.5,0.0009187880113097741,0.0,0.17,maker,54850.8873185,
2021-10-09 00:00:00+00:00,signal,sell,0.04,53968.89743595658,2158.755897438263,0.8635023589753054,1.1287753908647937,0.00025911095769344354,-35.27959530173685,0.13,taker,,
2021-10-10 12:00:00+00:00,signal,sell,0.13,55175.47678074292,7172.81198149658,2.8691247925986323,1.225615208275616,0.0007953472219570252,42.196630091580374,0.0,taker,,
2021-10-10 16:00:00+00:00,signal,buy,0.138,55380.4608385,7642.503595713001,0.15285007191426003,-0.5,0.0009507874168707082,0.0,0.138,maker,55380.4608385,
2021-10-12 04:00:00+00:00,signal,sell,0.138,56736.00592463475,7829.5688175995965,3.131827527039839,1.2766408982999295,0.0011957841658154986,187.06522188659537,0.0,taker,,
2021-10-15 20:00:00+00:00,signal,buy,0.11800000000000001,61504.52462,7257.53390516,0.1451506781032,-0.5,0.0007979035695562676,0.0,0.11800000000000001,maker,61504.52462,
2021-10-16 20:00:00+00:00,signal,sell,0.077,60876.81588239317,4687.514822944274,1.8750059291777097,1.2358050702072667,0.0008688129864914681,-48.33357279572537,0.04100000000000001,taker,,
2021-10-17 00:00:00+00:00,signal,buy,0.078,60922.513721999996,4751.956070316,0.09503912140632,-0.5,0.0010242371281698386,0.0,0.11900000000000001,maker,60922.513721999996,
2021-10-17 12:00:00+00:00,signal,sell,0.077,61013.97949556038,4698.076421158149,1.8792305684632598,1.1586992422486975,0.0003935226482861056,-8.39754220043886,0.04200000000000001,taker,,
2021-10-17 16:00:00+00:00,signal,buy,0.082,60817.5089725,4987.035735745,0.09974071471490001,-0.5,0.0007043304046501173,0.0,0.12400000000000001,maker,60817.5089725,
2021-10-17 20:00:00+00:00,signal,sell,0.08,60555.97868113601,4844.478294490881,1.9377913177963526,1.1973137601791894,0.0006083237493132916,-29.201287523578504,0.04400000000000001,taker,,
2021-10-17 20:02:00+00:00,stop_loss,sell,0.04400000000000001,59796.59137404103,2631.050020457806,1.0524200081831225,1.0,,-49.473749650147205,0.0,taker,,59802.571631204155
2021-10-18 00:00:00+00:00,signal,buy,0.117,61568.371427499995,7203.4994570174995,0.14406998914035,-0.5,0.0002885371175895659,0.0,0.117,maker,61568.371427499995,
2021-10-18 04:00:00+00:00,signal,sell,0.076,62167.72910536075,4724.747412007417,1.8898989648029667,1.1694241478483065,0.00044850846678319984,45.55118351741723,0.04100000000000001,taker,,
2021-10-18 08:00:00+00:00,signal,buy,0.078,61926.283531,4830.250115418,0.09660500230836001,-0.5,0.0002123067957355467,0.0,0.11900000000000001,maker,61926.283531,
2021-10-18 12:00:00+00:00,signal,sell,0.11900000000000001,60976.62842451562,7256.21878251736,2.902487513006944,1.1645033002047103,0.0004228333715350167,-98.33456142814131,0.0,taker,,
2021-10-19 04:02:00+00:00,signal,buy,0.116,62730.443321,7276.731425236,0.14553462850472001,-0.5,0.0006209721913622502,0.0,0.116,maker,62730.443321,
2021-10-20 14:50:00+00:00,take_profit,sell,0.116,66836.59620044805,7753.045159251975,3.1012180637007902,1.0,,476.3137340159744,0.0,taker,,66843.28052850091
2021-10-21 08:00:00+00:00,signal,buy,0.064,65125.623556,4168.039907584,0.08336079815168,-0.5,0.00022588814466636,0.0,0.064,maker,65125.623556,
2021-10-21 15:29:00+00:00,stop_loss,sell,0.064,62911.02133307252,4026.305365316641,1.6105221461266566,1.0,,-141.73454226735888,0.0,taker,,62917.313064378955
2021-11-08 08:00:00+00:00,signal,buy,0.299,65993.420164,19732.032629036,0.39464065258072,-0.5,0.0022545348804568835,0.0,0.299,maker,65993.420164,
2021-11-08 12:00:00+00:00,signal,sell,0.193,66089.88921244023,12755.348618000966,5.102139447200386,1.2270851704697723,0.0008057449163638361,18.618526348965958,0.10599999999999998,taker,,
2021-11-08 16:01:00+00:00,signal,buy,0.192,66520.6038035,12771.955930271999,0.25543911860544,-0.5,0.00045485183206707267,0.0,0.298,maker,66520.6038035,
2021-11-08 20:00:00+00:00,signal,sell,0.249,65880.38358413162,16404.215512448773,6.56168620497951,1.1468587223063145,0.00033699194246005,-112.72193200204295,0.04899999999999999,taker,,
2021-11-09 00:00:00+00:00,signal,buy,0.127,67603.579652,8585.654615804,0.17171309231608,-0.5,0.0003120756307086061,0.0,0.176,maker,67603.579652,
2021-11-09 04:00:00+00:00,signal,sell,0.078,68556.49535262286,5347.406637504583,2.1389626550018335,1.0930879864400522,0.00013539645655411456,101.91743385278768,0.09799999999999999,taker,,
2021-11-09 08:00:00+00:00,signal,buy,0.184,67895.305065,12492.736131959999,0.2498547226392,-0.5,0.0015811681252209035,0.0,0.282,maker,67895.305065,
2021-11-09 12:00:00+00:00,signal,sell,0.183,67671.12623174132,12383.816100408661,4.953526440163465,1.213630076574961,0.0007130907752722461,0.02273225589060166,0.09899999999999998,taker,,
2021-11-09 16:00:00+00:00,signal,buy,0.032,66871.64625050001,2139.892680016,0.042797853600320006,-0.5,0.00010634572473991587,0.0,0.13099999999999998,maker,66871.64625050001,
2021-11-09 16:11:00+00:00,stop_loss,sell,0.13099999999999998,66659.21088266876,8732.356625629607,3.492942650251843,1.0,,-106.9652535510066,0.0,taker,,66665.8774704158
2021-11-09 20:00:00+00:00,signal,buy,0.045,66859.2068725,3008.6643092625,0.06017328618525,-0.5,0.0003736027439161548,0.0,0.045,maker,66859.2068725,
2021-11-10 03:03:00+00:00,stop_loss,sell,0.045,66659.21088266876,2999.664489720094,1.1998657958880377,1.0,,-8.999819542405675,0.0,taker,,66665.8774704158
2021-11-10 20:00:00+00:00,signal,buy,0.048,66736.73299650001,3203.3631838320007,0.06406726367664002,-0.5,3.819563895983953e-05,0.0,0.048,maker,66736.73299650001,
2021-11-10 21:20:00+00:00,stop_loss,sell,0.048,64620.445586576585,3101.7813881556763,1.2407125552622706,1.0,,-101.5817956763244,0.0,taker,,64626.90827740433
2021-11-23 04:00:00+00:00,signal,sell,0.002,56976.678691500005,113.95335738300001,0.0022790671476600006,-0.5,1.9481662772048928e-05,0.0,-0.002,maker,56976.678691500005,
2021-11-23 12:00:00+00:00,signal,buy,0.002,56181.775145639534,112.36355029127907,0.04494542011651163,1.0262647061494137,1.0778668579922683e-05,1.5898070917209406,0.0,taker,,
2021-11-27 00:00:00+00:00,signal,sell,0.003,53758.34778300001,161.27504334900004,0.0032255008669800013,-0.5,6.444078455408431e-06,0.0,-0.003,maker,53758.34778300001,
2021-11-28 21:26:00+00:00,stop_loss,buy,0.003,55591.34002168032,166.77402006504096,0.06670960802601639,1.0,,-5.498976716040925,0.0,taker,,55585.78144353597
2021-12-04 04:00:00+00:00,signal,sell,0.002,52017.26073300001,104.03452146600002,0.0020806904293200006,-0.5,2.2708385610316794e-06,0.0,-0.002,maker,52017.26073300001,
2021-12-04 05:21:00+00:00,take_profit,buy,0.002,47572.076882369336,95.14415376473868,0.03805766150589547,1.0,,8.890367701261349,0.0,taker,,47567.3201503543
2021-12-05 00:00:00+00:00,signal,sell,0.002,49138.11678300001,98.27623356600003,0.0019655246713200006,-0.5,1.0614364925820567e-05,0.0,-0.002,maker,49138.11678300001,
2021-12-06 20:00:00+00:00,signal,buy,0.002,49100.3803461576,98.20076069231521,0.03928030427692609,1.0286815787987487,1.2853640037325394e-05,0.07547287368481921,0.0,taker,,
2021-12-07 12:00:00+00:00,signal,sell,0.007,51435.911667,360.051381669,0.007201027633380001,-0.5,2.8272399902885874e-05,0.0,-0.007,maker,51435.911667,
2021-12-09 00:00:00+00:00,signal,buy,0.007,50465.0235254179,353.2551646779253,0.1413020658711701,1.0728432934573793,8.290852190184162e-05,6.796216991074711,0.0,taker,,
2021-12-09 04:00:00+00:00,signal,sell,0.008,49509.235338000006,396.073882704,0.007921477654080002,-0.5,2.0514786099095547e-05,0.0,-0.008,maker,49509.235338000006,
2021-12-09 08:00:00+00:00,signal,buy,0.008,49993.22528215786,399.94580225726287,0.15997832090290515,1.0633135407851617,6.263444448053639e-05,-3.871919553262822,0.0,taker,,
2021-12-09 12:02:00+00:00,signal,sell,0.008,49092.464500500006,392.73971600400006,0.007854794320080002,-0.5,4.652894711437587e-05,0.0,-0.008,maker,49092.464500500006,
2021-12-10 12:00:00+00:00,signal,buy,0.008,48702.54809329059,389.62038474632476,0.1558481538985299,1.0571597848318244,5.105064065656968e-05,3.119331257675309,0.0,taker,,
2021-12-10 16:00:00+00:00,signal,sell,0.002,47975.798670000004,95.95159734,0.0019190319468000002,-0.5,4.418788030914591e-06,0.0,-0.002,maker,47975.798670000004,
2021-12-11 23:30:00+00:00,stop_loss,buy,0.002,49431.36767097106,98.86273534194213,0.03954509413677685,1.0,,-2.9111380019421196,0.0,taker,,49426.42502846822
2021-12-12 08:00:00+00:00,signal,sell,0.002,49278.65380950001,98.55730761900001,0.0019711461523800006,-0.5,2.5626190326604166e-05,0.0,-0.002,maker,49278.65380950001,
2021-12-12 16:00:00+00:00,signal,buy,0.002,49614.57410404632,99.22914820809264,0.039691659283237056,1.0449844366811039,3.1618742867441316e-05,-0.6718405890926225,0.0,taker,,
2021-12-29 08:00:00+00:00,signal,sell,0.013000000000000001,47564.058084000004,618.3327550920001,0.012366655101840002,-0.5,6.409389503381645e-05,0.0,-0.013000000000000001,maker,47564.058084000004,
2021-12-31 08:27:00+00:00,stop_loss,buy,0.013000000000000001,47922.68977163247,622.9949670312221,0.24919798681248886,1.0,,-4.662211939222027,0.0,taker,,47917.897981834285
2022-01-01 08:00:00+00:00,signal,sell,0.003,47189.18934150001,141.56756802450002,0.0028313513604900004,-0.5,1.5761809142152905e-05,0.0,-0.003,maker,47189.18934150001,
2022-01-02 00:00:00+00:00,signal,buy,0.003,47709.263292140386,143.12778987642116,0.05725111595056847,1.0299463550776387,1.4012252850562813e-05,-1.560221851921131,0.0,taker,,
2022-01-06 04:00:00+00:00,signal,sell,0.001,42823.191052500006,42.82319105250001,0.0008564638210500002,-0.5,2.5748916989266416e-06,0.0,-0.001,maker,42823.191052500006,
2022-01-09 19:25:00+00:00,stop_loss,buy,0.001,42427.763721624324,42.42776372162432,0.01697110548864973,1.0,,0.39542733087568194,0.0,taker,,42423.521369487375
2022-01-10 12:00:00+00:00,signal,sell,0.003,41566.33821300001,124.69901463900003,0.0024939802927800006,-0.5,1.0390110026925952e-05,0.0,-0.003,maker,41566.33821300001,
2022-01-11 16:35:00+00:00,stop_loss,buy,0.003,42570.01375555866,127.71004126667599,0.051084016506670396,1.0,,-3.0110266276759576,0.0,taker,,42565.75717984068
2022-01-19 00:00:00+00:00,signal,sell,0.004,42339.696879,169.358787516,0.0033871757503200002,-0.5,1.5848620263101085e-05,0.0,-0.004,maker,42339.696879,
2022-01-19 14:40:00+00:00,stop_loss,buy,0.004,42442.589224939125,169.7703568997565,0.0679081427599026,1.0,,-0.41156938375649044,0.0,taker,,42438.345390400085
2022-01-21 08:01:00+00:00,signal,sell,0.001,39049.492377,39.049492377,0.00078098984754,-0.5,2.9181073651311203e-06,0.0,-0.001,maker,39049.492377,
2022-01-21 21:51:00+00:00,take_profit,buy,0.001,36298.99854050039,36.29899854050039,0.014519599416200157,1.0,,2.7504938364996123,0.0,taker,,36295.36900360003
2022-01-23 00:00:00+00:00,signal,sell,0.001,35045.482186500005,35.0454821865,0.0007009096437300001,-0.5,3.5018993340285105e-06,0.0,-0.001,maker,35045.482186500005,
2022-01-24 18:08:00+00:00,stop_loss,buy,0.001,35637.46678614098,35.63746678614098,0.014254986714456394,1.0,,-0.5919845996409786,0.0,taker,,35633.903395801404
2022-01-26 04:00:00+00:00,signal,sell,0.002,37365.6781905,74.73135638100001,0.0014946271276200004,-0.5,8.268600014318498e-06,0.0,-0.002,maker,37365.6781905,
2022-01-27 00:00:00+00:00,signal,buy,0.002,36791.19264319588,73.58238528639176,0.029432954114556705,1.0255253551018482,1.0180371141803836e-05,1.1489710946082488,0.0,taker,,
2022-02-21 04:00:00+00:00,signal,sell,0.015,38901.94500000001,583.5291750000001,0.011670583500000003,-0.5,7.738190544930045e-05,0.0,-0.015,maker,38901.94500000001,
2022-02-21 15:09:00+00:00,stop_loss,buy,0.015,38943.59312878072,584.1538969317107,0.2336615587726843,1.0,,-0.6247219317106646,0.0,taker,,38939.69915886483
2022-02-24 04:00:00+00:00,signal,sell,0.003,34909.54539000001,104.72863617000002,0.0020945727234000003,-0.5,1.8223574376015545e-06,0.0,-0.003,maker,34909.54539000001,
2022-02-24 18:53:00+00:00,stop_loss,buy,0.003,36651.32434701752,109.95397304105256,0.04398158921642103,1.0,,-5.225336871052547,0.0,taker,,36647.659581059415
2022-03-07 12:00:00+00:00,signal,sell,0.012,38316.215715000006,459.7945885800001,0.009195891771600002,-0.5,6.672267584292644e-05,0.0,-0.012,maker,38316.215715000006,
2022-03-08 08:32:00+00:00,stop_loss,buy,0.012,38963.81171346968,467.5657405616362,0.18702629622465447,1.0,,-7.7711519816360966,0.0,taker,,38959.915721897494
2022-03-20 00:00:00+00:00,signal,buy,0.198,42186.09059,8352.84593682,0.16705691873640002,-0.5,0.0014417796400838794,0.0,0.198,maker,42186.09059,
2022-03-20 17:39:00+00:00,stop_loss,sell,0.198,41027.37462769905,8123.420176284412,3.249368070513765,1.0,,-229.42576053558815,0.0,taker,,41031.4777754766
2022-03-21 20:00:00+00:00,signal,buy,0.051000000000000004,41166.041594999995,2099.468121345,0.041989362426900004,-0.5,0.0001442168232141439,0.0,0.051000000000000004,maker,41166.041594999995,
2022-03-22 04:02:00+00:00,signal,buy,0.155,42283.28573,6553.90928815,0.131078185763,-0.5,0.0004990390379049042,0.0,0.20600000000000002,maker,42283.28573,
2022-03-22 04:27:00+00:00,take_profit,sell,0.20600000000000002,43285.32387287737,8916.77671781274,3.566710687125096,1.0,,263.3993083177394,0.0,taker,,43289.652838161186
2022-03-22 12:00:00+00:00,signal,buy,0.259,42974.751155,11130.460549145,0.2226092109829,-0.5,0.00027971802593852957,0.0,0.259,maker,42974.751155,
2022-03-22 16:00:00+00:00,signal,sell,0.064,42562.319486796674,2723.988447154987,1.089595378861995,1.123053532733532,0.00023659643622191354,-26.395626765012743,0.195,taker,,
2022-03-24 06:28:00+00:00,take_profit,sell,0.195,43285.32387287737,8440.638155211087,3.376255262084435,1.0,,60.56167998608795,0.0,taker,,43289.652838161186
2022-03-25 08:00:00+00:00,signal,buy,0.261,43900.204880000005,11457.953473680001,0.22915906947360004,-0.5,0.0003342655436391567,0.0,0.261,maker,43900.204880000005,
2022-03-27 04:00:00+00:00,signal,buy,0.269,44688.76545,12021.27790605,0.24042555812100003,-0.5,0.00410814789357513,0.0,0.53,maker,44688.76545,
2022-03-27 12:00:00+00:00,signal,sell,0.267,44549.455644933005,11894.704657197113,4.757881862878845,1.558553892818785,0.004874725799734667,66.48809420105522,0.263,taker,,
2022-03-27 20:38:00+00:00,take_profit,sell,0.263,46098.25186283606,12123.840239925885,4.849536095970354,1.0,,472.8254231919408,0.0,taker,,46102.86214905097
2022-03-28 16:00:00+00:00,signal,buy,0.498,47408.529455,23609.44766859,0.47218895337180006,-0.5,0.0013574737645770808,0.0,0.498,maker,47408.529455,
2022-03-29 00:00:00+00:00,signal,sell,0.156,47116.23299670156,7350.1323474854435,2.9400529389941776,1.1814071827569348,0.0005141963430594992,-45.598247494557,0.34199999999999997,taker,,
2022-03-29 12:00:00+00:00,signal,buy,0.254,47871.006330000004,12159.235607820001,0.24318471215640003,-0.5,0.00037585474297547916,0.0,0.596,maker,47871.006330000004,
2022-03-29 16:00:00+00:00,signal,sell,0.246,47418.43654229674,11664.935389404998,4.665974155761999,1.1731312633395414,0.0004683505366491509,-46.04843548053922,0.35,taker,,
2022-03-30 01:43:00+00:00,stop_loss,sell,0.35,46756.41239873014,16364.74433955555,6.54589773582222,1.0,,-297.2245169889131,0.0,taker,,46761.0885075809
2022-03-31 04:00:00+00:00,signal,buy,0.223,47085.945585,10500.165865455001,0.21000331730910005,-0.5,0.0034848779820627653,0.0,0.223,maker,47085.945585,
2022-03-31 14:00:00+00:00,stop_loss,sell,0.223,46847.95953044858,10447.094975290032,4.178837990116013,1.0,,-53.07089016496752,0.0,taker,,46852.64479492807
2022-04-14 04:00:00+00:00,signal,sell,0.001,41305.965195000004,41.305965195000006,0.0008261193039000002,-0.5,6.453209455717332e-06,0.0,-0.001,maker,41305.965195000004,
2022-04-16 16:00:00+00:00,signal,buy,0.001,40043.767353581665,40.043767353581664,0.016017506941432665,1.0158301839585338,3.915542565015904e-06,1.2621978414183395,0.0,taker,,
2022-04-18 00:00:00+00:00,signal,sell,0.021,39651.082455,832.6727315550002,0.016653454631100004,-0.5,7.615786973199523e-05,0.0,-0.021,maker,39651.082455,
2022-04-18 17:10:00+00:00,stop_loss,buy,0.021,39885.31558302917,837.5916272436127,0.3350366508974451,1.0,,-4.918895688612553,0.0,taker,,39881.327450284145
2022-04-23 04:00:00+00:00,signal,sell,0.017,39441.77199000001,670.5101238300002,0.013410202476600006,-0.5,0.0003346961780745585,0.0,-0.017,maker,39441.77199000001,
2022-04-25 16:43:00+00:00,stop_loss,buy,0.017,39501.23894009167,671.5210619815584,0.26860842479262337,1.0,,-1.0109381515582936,0.0,taker,,39497.28921117056
2022-04-27 12:00:00+00:00,signal,sell,0.004,39000.449925,156.0017997,0.003120035994,-0.5,1.020055401161926e-05,0.0,-0.004,maker,39000.449925,
2022-04-28 12:00:00+00:00,signal,buy,0.004,39670.69599404153,158.68278397616612,0.06347311359046645,1.0326052753524886,1.6610999700181142e-05,-2.6809842761661278,0.0,taker,,
2022-04-28 16:00:00+00:00,signal,sell,0.015,39430.071405,591.451071075,0.0118290214215,-0.5,2.785130961596344e-05,0.0,-0.015,maker,39430.071405,
2022-04-29 12:00:00+00:00,signal,buy,0.015,38741.91957898407,581.128793684761,0.2324515174739044,1.063451973024091,6.290863876015595e-05,10.322277390239032,0.0,taker,,
2022-04-29 20:00:00+00:00,signal,sell,0.015,38317.11576,574.7567364,0.011495134728000001,-0.5,4.082171262390667e-05,0.0,-0.015,maker,38317.11576,
2022-05-02 00:15:00+00:00,stop_loss,buy,0.015,38667.79848223304,580.0169772334956,0.23200679089339826,1.0,,-5.26024083349559,0.0,taker,,38663.932089024136
2022-05-03 00:00:00+00:00,signal,sell,0.004,38527.426275000005,154.1097051,0.0030821941020000004,-0.5,4.2535091619509775e-05,0.0,-0.004,maker,38527.426275000005,
2022-05-03 20:00:00+00:00,signal,buy,0.004,37711.175980061504,150.84470392024602,0.06033788156809841,1.0279123834110804,1.2173455432611798e-05,3.2650011797540066,0.0,taker,,
2022-05-05 20:00:00+00:00,signal,sell,0.002,36283.11406500001,72.56622813000001,0.0014513245626000004,-0.5,3.2144630723525916e-06,0.0,-0.002,maker,36283.11406500001,
2022-05-09 02:28:00+00:00,take_profit,buy,0.002,33668.82523181025,67.3376504636205,0.026935060185448202,1.0,,5.228577666379511,0.0,taker,,33665.45868594166
2022-05-09 20:00:00+00:00,signal,sell,0.002,30931.746510000004,61.86349302000001,0.0012372698604000002,-0.5,9.29440664384923e-07,0.0,-0.002,maker,30931.746510000004,
2022-05-10 04:00:00+00:00,signal,sell,0.002,30642.33204,61.284664080000006,0.0012256932816000002,-0.5,1.6073249374894349e-06,0.0,-0.004,maker,30642.33204,
2022-05-10 05:37:00+00:00,stop_loss,buy,0.004,31583.50067005601,126.33400268022405,0.05053360107208962,1.0,,-3.185845580224035,0.0,taker,,31580.342635792433
2022-05-11 00:00:00+00:00,signal,sell,0.004,31003.650105,124.01460042000001,0.0024802920084000006,-0.5,1.1295151356335044e-05,0.0,-0.004,maker,31003.650105,
2022-05-12 04:22:00+00:00,take_profit,buy,0.004,27749.487992223345,110.99795196889337,0.04439918078755735,1.0,,13.016648451106622,0.0,taker,,27746.713320891256
2022-05-13 20:00:00+00:00,signal,sell,0.004,30077.503800000002,120.31001520000001,0.0024062003040000004,-0.5,1.5410610958454472e-05,0.0,-0.004,maker,30077.503800000002,
2022-05-15 16:00:00+00:00,signal,buy,0.004,30006.482126567433,120.02592850626974,0.0480103714025079,1.027259099779791,1.1610289387571934e-05,0.28408669373027806,0.0,taker,,
2022-05-27 16:00:00+00:00,signal,sell,0.019,28837.041780000003,547.90379382,0.010958075876400002,-0.5,6.076368532761659e-05,0.0,-0.019,maker,28837.041780000003,
2022-05-29 12:11:00+00:00,stop_loss,buy,0.019,29446.766880532734,559.488570730122,0.2237954282920488,1.0,,-11.584776910121883,0.0,taker,,29443.822498282905
2022-06-03 08:00:00+00:00,signal,sell,0.005,30425.721210000003,152.12860605000003,0.0030425721210000007,-0.5,3.946203924959765e-05,0.0,-0.005,maker,30425.721210000003,
2022-06-05 20:00:00+00:00,signal,buy,0.005,30039.415240975566,150.19707620487785,0.06007883048195114,1.0371586964986348,2.157451133558827e-05,1.931529845122186,0.0,taker,,
2022-06-12 04:00:00+00:00,signal,sell,0.026000000000000002,27539.576910000003,716.0289996600002,0.014320579993200005,-0.5,5.140317265489227e-05,0.0,-0.026000000000000002,maker,27539.576910000003,
2022-06-13 01:57:00+00:00,take_profit,buy,0.026000000000000002,25620.861011125027,666.1423862892508,0.26645695451570034,1.0,,49.88661337074938,0.0,taker,,25618.29918120691
2022-06-13 20:00:00+00:00,signal,sell,0.031,23201.260005,719.239060155,0.0143847812031,-0.5,2.8217304130062024e-05,0.0,-0.031,maker,23201.260005,
2022-06-15 08:03:00+00:00,take_profit,buy,0.031,20417.376214656648,632.9386626543561,0.25317546506174243,1.0,,86.30039750064392,0.0,taker,,20415.334681188528
2022-06-16 16:00:00+00:00,signal,sell,0.055,21068.753385000004,1158.7814361750002,0.023175628723500007,-0.5,7.006544529522009e-05,0.0,-0.055,maker,21068.753385000004,
2022-06-18 20:10:00+00:00,take_profit,buy,0.055,17792.140436144677,978.5677239879573,0.3914270895951829,1.0,,180.21371218704297,0.0,taker,,17790.361400004676
2022-06-19 04:00:00+00:00,signal,sell,0.005,18300.71499,91.50357495,0.0018300714990000001,-0.5,1.1640961316216472e-05,0.0,-0.005,maker,18300.71499,
2022-06-19 10:20:00+00:00,stop_loss,buy,0.005,19567.182545843512,97.83591272921757,0.03913436509168703,1.0,,-6.33233777921756,0.0,taker,,19565.22602324119
2022-06-20 08:00:00+00:00,signal,sell,0.001,20077.703835000004,20.077703835000005,0.0004015540767000001,-0.5,1.3000104747910006e-06,0.0,-0.001,maker,20077.703835000004,
2022-06-21 13:47:00+00:00,stop_loss,buy,0.001,21573.393238556146,21.573393238556147,0.00862935729542246,1.0,,-1.4956894035561419,0.0,taker,,21571.23611494465
2022-06-30 16:00:00+00:00,signal,sell,0.055,19134.356670000005,1052.3896168500003,0.021047792337000007,-0.5,0.00012672740077173032,0.0,-0.055,maker,19134.356670000005,
2022-06-30 23:51:00+00:00,stop_loss,buy,0.055,19714.779835753263,1084.3128909664294,0.4337251563865718,1.0,,-31.9232741164292,0.0,taker,,19712.808554897772
2022-07-01 16:00:00+00:00,signal,sell,0.054,19280.363970000002,1041.1396543800001,0.020822793087600003,-0.5,5.225380688887224e-05,0.0,-0.054,maker,19280.363970000002,
2022-07-02 20:00:00+00:00,signal,buy,0.054,19265.72705072453,1040.3492607391247,0.4161397042956499,1.104181318410625,0.0001695897985277509,0.7903936408754817,0.0,taker,,
2022-07-04 04:00:00+00:00,signal,buy,0.001,19093.0453,19.093045300000004,0.0003818609060000001,-0.5,2.5504602921633418e-06,0.0,0.001,maker,19093.0453,
2022-07-04 12:00:00+00:00,signal,sell,0.001,19792.209600159986,19.792209600159985,0.007916883840063995,1.0055469986236951,4.807686520511819e-07,0.6991643001599841,0.0,taker,,
2022-07-12 04:01:00+00:00,signal,sell,0.044,19925.696235000003,876.73063434,0.017534612686800004,-0.5,0.00027383143570012814,0.0,-0.044,maker,19925.696235000003,
2022-07-13 12:25:00+00:00,stop_loss,buy,0.044,20037.083334442636,881.631666715476,0.3526526666861904,1.0,,-4.901032375475828,0.0,taker,,20035.07982645999
2022-07-29 00:01:00+00:00,signal,buy,0.432,23860.60691,10307.782185119999,0.2061556437024,-0.5,0.0029600047041513067,0.0,0.432,maker,23860.60691,
2022-07-29 04:00:00+00:00,signal,buy,0.137,23904.40472,3274.90344664,0.0654980689328,-0.5,0.0007773456562039903,0.0,0.569,maker,23904.40472,
2022-07-30 22:01:00+00:00,stop_loss,sell,0.569,23630.010697066995,13445.476086631119,5.378190434652448,1.0,,-137.2095451288813,0.0,taker,,23632.37393446044
2022-08-01 04:00:00+00:00,signal,buy,0.12,23365.03169,2803.8038028,0.056076076056000006,-0.5,0.0003290961679882174,0.0,0.12,maker,23365.03169,
2022-08-01 20:00:00+00:00,signal,sell,0.12,22942.137014814605,2753.0564417777523,1.101222576711101,1.2477599413362808,0.000959140445796207,-50.74736102224735,0.0,taker,,
2022-08-08 16:00:00+00:00,signal,buy,0.425,23985.60066,10193.8802805,0.20387760561,-0.5,0.0007257234781701831,0.0,0.425,maker,23985.60066,
2022-08-09 10:16:00+00:00,stop_loss,sell,0.425,23416.396599760206,9951.968554898087,3.980787421959235,1.0,,-241.91172560191234,0.0,taker,,23418.738473607566
2022-08-12 16:01:00+00:00,signal,buy,0.35100000000000003,24006.59961,8426.31646311,0.16852632926220004,-0.5,0.0002851461162761331,0.0,0.35100000000000003,maker,24006.59961,
2022-08-13 20:00:00+00:00,signal,sell,0.35100000000000003,24386.117688643113,8559.527308713734,3.423810923485494,1.26380174703935,0.0010873650272033328,133.2108456037323,0.0,taker,,
2022-08-19 12:00:00+00:00,signal,sell,0.009000000000000001,21454.772685000004,193.09295416500007,0.0038618590833000015,-0.5,1.1424748755863509e-05,0.0,-0.009000000000000001,maker,21454.772685000004,
2022-08-21 11:52:00+00:00,stop_loss,buy,0.009000000000000001,21494.819918915222,193.453379270237,0.0773813517080948,1.0,,-0.3604251052369655,0.0,taker,,21492.670651850036
2022-08-22 04:00:00+00:00,signal,sell,0.009000000000000001,21407.570325,192.66813292500004,0.003853362658500001,-0.5,2.8985445524864364e-05,0.0,-0.009000000000000001,maker,21407.570325,
2022-08-23 16:00:00+00:00,signal,buy,0.009000000000000001,21462.926937399174,193.1663424365926,0.07726653697463705,1.0376816223030505,2.218601030296479e-05,-0.4982095115925586,0.0,taker,,
2022-08-27 04:00:00+00:00,signal,sell,0.041,20190.909495000004,827.8272892950001,0.016556545785900004,-0.5,0.00017370578439954422,0.0,-0.041,maker,20190.909495000004,
2022-08-29 13:36:00+00:00,stop_loss,buy,0.041,20095.57847037815,823.9187172855042,0.3295674869142017,1.0,,3.9085720094959906,0.0,taker,,20093.569113466805
2022-08-30 04:01:00+00:00,signal,sell,0.009000000000000001,20253.61263,182.28251367000001,0.0036456502734000004,-0.5,4.746890638676604e-05,0.0,-0.009000000000000001,maker,20253.61263,
2022-08-31 02:08:00+00:00,stop_loss,buy,0.009000000000000001,20326.602296504425,182.93942066853984,0.07317576826741594,1.0,,-0.6569069985398274,0.0,taker,,20324.569839520474
2022-08-31 12:00:00+00:00,signal,sell,0.002,20308.915395000004,40.617830790000006,0.0008123566158000002,-0.5,2.9819880083105232e-06,0.0,-0.002,maker,20308.915395000004,
2022-08-31 16:00:00+00:00,signal,buy,0.002,20132.639610881102,40.265279221762206,0.016106111688704884,1.013189314330302,2.7180939453673305e-06,0.3525515682378027,0.0,taker,,
2022-09-05 08:00:00+00:00,signal,buy,0.001,19738.913005000002,19.738913005000004,0.0003947782601000001,-0.5,4.871384619378268e-06,0.0,0.001,maker,19738.913005000002,
2022-09-06 00:00:00+00:00,signal,sell,0.001,19782.89907016153,19.78289907016153,0.007913159628064612,1.0113419013849079,2.0099801097652523e-06,0.04398606516152722,0.0,taker,,
2022-09-07 08:01:00+00:00,signal,sell,0.012,18791.139510000005,225.49367412000007,0.004509873482400002,-0.5,5.7235077381071294e-05,0.0,-0.012,maker,18791.139510000005,
2022-09-07 20:31:00+00:00,stop_loss,buy,0.012,19264.4338269081,231.17320592289724,0.0924692823691589,1.0,,-5.679531802897167,0.0,taker,,19262.50757615049
2022-09-08 16:00:00+00:00,signal,sell,0.011,19241.462025,211.656082275,0.0042331216455,-0.5,2.0023203785480333e-05,0.0,-0.011,maker,19241.462025,
2022-09-09 03:34:00+00:00,stop_loss,buy,0.011,19769.8767519963,217.46864427195928,0.08698745770878372,1.0,,-5.812561996959295,0.0,taker,,19767.8999620001
2022-09-16 00:00:00+00:00,signal,sell,0.033,19691.78454,649.8288898200001,0.012996577796400002,-0.5,7.772010142041431e-05,0.0,-0.033,maker,19691.78454,
2022-09-19 13:49:00+00:00,stop_loss,buy,0.033,19115.700036177288,630.8181011938506,0.25232724047754024,1.0,,19.010788626149516,0.0,taker,,19113.788657311557
2022-09-20 08:00:00+00:00,signal,sell,0.001,19350.867495000002,19.350867495000003,0.0003870173499000001,-0.5,3.3876821677684067e-06,0.0,-0.001,maker,19350.867495000002,
2022-09-21 17:47:00+00:00,stop_loss,buy,0.001,19552.55535711089,19.55255535711089,0.007821022142844357,1.0,,-0.2016878621108881,0.0,taker,,19550.600297081182
2022-09-23 12:01:00+00:00,signal,sell,0.001,18838.841895000005,18.838841895000005,0.00037677683790000014,-0.5,1.5518231210807513e-06,0.0,-0.001,maker,18838.841895000005,
2022-09-24 08:00:00+00:00,signal,buy,0.001,18987.535053139854,18.987535053139855,0.007595014021255942,1.019221483576668,5.772897357626767e-06,-0.1486931581398494,0.0,taker,,
2022-10-10 12:00:00+00:00,signal,sell,0.053,19324.266165,1024.186106745,0.0204837221349,-0.5,0.0002941002177927488,0.0,-0.053,maker,19324.266165,
2022-10-13 10:31:00+00:00,take_profit,buy,0.053,18620.340984881954,986.8780721987436,0.39475122887949743,1.0,,37.3080345462565,0.0,taker,,18618.479136968257
2022-10-22 00:00:00+00:00,signal,sell,0.014,19151.957550000003,268.12740570000005,0.005362548114000001,-0.5,3.749962306437363e-05,0.0,-0.014,maker,19151.957550000003,
2022-10-23 17:53:00+00:00,stop_loss,buy,0.014,19413.92101065295,271.7948941491413,0.10871795765965654,1.0,,-3.6674884491412594,0.0,taker,,19411.97981267168
2022-10-26 12:00:00+00:00,signal,buy,0.8300000000000001,20594.9702,17093.825266,0.34187650532,-0.5,0.0018523338561508697,0.0,0.8300000000000001,maker,20594.9702,
2022-10-27 20:19:00+00:00,stop_loss,sell,0.8300000000000001,20393.630479377858,16926.713297883623,6.77068531915345,1.0,,-167.11196811637754,0.0,taker,,20395.670046382496
2022-10-28 12:00:00+00:00,signal,buy,0.138,20162.39183,2782.4100725400003,0.05564820145080001,-0.5,0.0005915969798463801,0.0,0.138,maker,20162.39183,
2022-10-28 16:00:00+00:00,signal,buy,0.381,20472.17634,7799.899185540001,0.15599798371080004,-0.5,0.0009289213005809246,0.0,0.519,maker,20472.17634,
2022-10-29 10:22:00+00:00,take_profit,sell,0.519,21004.03252496426,10901.09288045645,4.36043715218258,1.0,,318.78362237645064,0.0,taker,,21006.133138278088
2022-11-05 04:00:00+00:00,signal,buy,1.153,21435.32818,24714.933391540002,0.49429866783080006,-0.5,0.004768398055733191,0.0,1.153,maker,21435.32818,
2022-11-05 16:00:00+00:00,signal,sell,0.587,21286.839241226422,12495.37463459991,4.998149853839964,1.343729020877178,0.0018460881217684914,-87.16300706009052,0.5660000000000001,taker,,
2022-11-06 04:01:00+00:00,signal,buy,0.037,21225.73866,785.3523304199999,0.0157070466084,-0.5,0.0001194510190509584,0.0,0.6030000000000001,maker,21225.73866,
2022-11-06 22:18:00+00:00,stop_loss,sell,0.6030000000000001,21059.367274704495,12698.798466646813,5.079519386658725,1.0,,-218.94961365318844,0.0,taker,,21061.4734220467
2022-11-12 04:00:00+00:00,signal,sell,0.001,16899.944955,16.899944955,0.0003379988991,-0.5,6.115099029134445e-06,0.0,-0.001,maker,16899.944955,
2022-11-14 13:13:00+00:00,stop_loss,buy,0.001,16963.316972724006,16.963316972724005,0.006785326789089602,1.0,,-0.06337201772400658,0.0,taker,,16961.62081064294
2022-11-21 08:00:00+00:00,signal,sell,0.045,16032.901605000003,721.4805722250001,0.014429611444500003,-0.5,0.0001337366604637326,0.0,-0.045,maker,16032.901605000003,
2022-11-22 13:51:00+00:00,stop_loss,buy,0.045,16169.635516699167,727.6335982514624,0.29105343930058497,1.0,,-6.153026026462394,0.0,taker,,16168.018714827684
2022-12-18 16:01:00+00:00,signal,sell,0.068,16677.233820000005,1134.0518997600004,0.02268103799520001,-0.5,0.000578315079532494,0.0,-0.068,maker,16677.233820000005,
2022-12-19 08:00:00+00:00,signal,buy,0.068,16716.419082405955,1136.716497603605,0.454686599041442,1.148154240901507,0.00034296373589221593,-2.664597843604614,0.0,taker,,
2022-12-19 20:01:00+00:00,signal,sell,0.074,16544.827200000003,1224.3172128,0.024486344256000003,-0.5,0.00047040075379390793,0.0,-0.074,maker,16544.827200000003,
2022-12-20 02:43:00+00:00,stop_loss,buy,0.074,16721.24950996357,1237.372463737304,0.49494898549492167,1.0,,-13.055250937303986,0.0,taker,,16719.57755220835
2022-12-31 00:00:00+00:00,signal,sell,0.10400000000000001,16602.03006,1726.6111262400002,0.03453222252480001,-0.5,0.00027771963293145557,0.0,-0.10400000000000001,maker,16602.03006,
2022-12-31 16:00:00+00:00,signal,buy,0.10400000000000001,16588.057233624884,1725.157952296988,0.6900631809187953,1.1800445100937094,0.0005065004002325592,1.453173943012138,0.0,taker,,
2023-01-01 04:03:00+00:00,signal,sell,0.11900000000000001,16528.726395,1966.9184410050004,0.039338368820100014,-0.5,0.0013644648612566492,0.0,-0.11900000000000001,maker,16528.726395,
2023-01-02 00:00:00+00:00,signal,buy,0.11900000000000001,16612.46097124206,1976.8828555778055,0.7907531422311223,1.2407715901223315,0.000905796228281812,-9.964414572805037,0.0,taker,,
2023-01-07 16:00:00+00:00,signal,buy,1.61,16933.653275,27263.181772750002,0.5452636354550001,-0.5,0.011614463075898003,0.0,1.61,maker,16933.653275,
2023-01-08 04:05:00+00:00,signal,buy,0.163,16938.453035,2760.967844705,0.055219356894100007,-0.5,0.0013439986761689517,0.0,1.7730000000000001,maker,16938.453035,
2023-01-08 20:00:00+00:00,signal,sell,0.625,16917.683355204223,10573.55209700264,4.2294208388010555,1.5464529563758558,0.004665794273936141,-10.256989804679506,1.1480000000000001,taker,,
2023-01-09 00:00:00+00:00,signal,buy,1.041,17123.743769999997,17825.817264569996,0.35651634529139997,-0.5,0.00044903910547372576,0.0,2.189,maker,17123.743769999997,
2023-01-09 02:30:00+00:00,take_profit,sell,2.189,17222.033423111792,37699.031163191714,15.079612465276686,1.0,,432.8733679740341,0.0,taker,,17223.75579869166
2023-01-10 04:00:00+00:00,signal,buy,2.394,17199.040005000003,41174.50177197001,0.8234900354394002,-0.5,0.01932940987140703,0.0,2.394,maker,17199.040005000003,
2023-01-11 18:11:00+00:00,take_profit,sell,2.394,17516.620944584593,41934.79054133552,16.773916216534207,1.0,,760.2887693655084,0.0,taker,,17518.372781862778
2023-01-12 12:00:00+00:00,signal,buy,2.993,18193.49028,54453.116408040005,1.0890623281608003,-0.5,0.014470076249825346,0.0,2.993,maker,18193.49028,
2023-01-12 14:54:00+00:00,stop_loss,sell,2.993,17939.39276982644,53692.602560090534,21.477041024036215,1.0,,-760.5138479494659,0.0,taker,,17941.186888515294
2023-01-12 16:00:00+00:00,signal,buy,1.921,18076.696119999997,34725.33324651999,0.6945066649303999,-0.5,0.0027183609983770242,0.0,1.921,maker,18076.696119999997,
2023-01-12 17:37:00+00:00,take_profit,sell,1.921,18669.457547973754,35864.02794965758,14.345611179863033,1.0,,1138.6947031375876,0.0,taker,,18671.324680441798
2023-01-13 12:00:00+00:00,signal,buy,2.075,18910.754415,39239.815411125004,0.7847963082225001,-0.5,0.006092388266782811,0.0,2.075,maker,18910.754415,
2023-01-13 21:37:00+00:00,take_profit,sell,2.075,19580.523257487057,40629.58575928565,16.25183430371426,1.0,,1389.7703481606445,0.0,taker,,19582.48150563762
2023-01-14 16:01:00+00:00,signal,buy,1.374,20835.55817,28628.056925580004,0.5725611385116002,-0.5,0.0006875404661989659,0.0,1.374,maker,20835.55817,
2023-01-18 00:00:00+00:00,signal,sell,0.372,21128.388098848736,7859.76037277173,3.143904149108692,1.1414149730549217,0.00031247179068944153,108.9327335317298,1.0020000000000002,taker,,
2023-01-18 16:20:00+00:00,stop_loss,sell,1.0020000000000002,20757.430553069502,20798.945414175647,8.31957816567026,1.0,,-78.28387216435935,0.0,taker,,20759.506503719873
2023-01-19 16:02:00+00:00,signal,buy,0.989,20876.9561,20647.309582899998,0.412946191658,-0.5,0.006371132554942231,0.0,0.989,maker,20876.9561,
2023-01-20 20:37:00+00:00,take_profit,sell,0.989,21975.296618937144,21733.568356128835,8.693427342451534,1.0,,1086.2587732288357,0.0,taker,,21977.49436837398
2023-01-21 16:00:00+00:00,signal,buy,1.351,22995.05019,31066.312806690003,0.6213262561338001,-0.5,0.0008603517314972378,0.0,1.351,maker,22995.05019,
2023-01-22 00:00:00+00:00,signal,sell,0.406,22779.07447869312,9248.304238349408,3.6993216953397634,1.196359070344018,0.0006024513204119844,-87.68613879059363,0.945,taker,,
2023-01-22 02:44:00+00:00,stop_loss,sell,0.945,22613.590490162092,21369.843013203175,8.54793720528127,1.0,,-360.4794163468243,0.0,taker,,22615.85207536963
2023-01-26 04:01:00+00:00,signal,buy,0.967,23136.04314,22372.55371638,0.44745107432760006,-0.5,0.006212078774667011,0.0,0.967,maker,23136.04314,
2023-01-27 04:00:00+00:00,signal,sell,0.72,22759.004635030655,16386.48333722207,6.554593334888828,1.4038032217210956,0.0025477662792552564,-271.4677235779297,0.247,taker,,
2023-01-27 08:00:00+00:00,signal,buy,0.748,23066.946594999998,17254.07605306,0.3450815210612,-0.5,0.0013083197164273186,0.0,0.995,maker,23066.946594999998,
2023-01-30 09:07:00+00:00,stop_loss,sell,0.995,23360.33674633695,23243.535062605264,9.297414025042107,1.0,,274.8563539652641,0.0,taker,,23362.673013638316
2023-02-11 16:01:00+00:00,signal,sell,0.148,21725.0862,3215.3127576,0.064306255152,-0.5,0.0013076349758606746,0.0,-0.148,maker,21725.0862,
2023-02-12 04:00:00+00:00,signal,buy,0.148,21774.81713858275,3222.672936510247,1.2890691746040988,1.2479910448473794,0.0009609305988202343,-7.360178910247035,0.0,taker,,
2023-02-15 20:00:00+00:00,signal,buy,1.708,23309.43447,39812.51407476,0.7962502814952,-0.5,0.0007606790121685918,0.0,1.708,maker,23309.43447,
2023-02-15 20:34:00+00:00,take_profit,sell,1.708,24228.63138378959,41382.50240351262,16.553000961405047,1.0,,1569.9883287526202,0.0,taker,,24231.054489238515
2023-02-16 16:00:00+00:00,signal,buy,1.5350000000000001,25088.945490000002,38511.531327150005,0.7702306265430001,-0.5,0.00045273969723354837,0.0,1.5350000000000001,maker,25088.945490000002,
2023-02-16 20:28:00+00:00,stop_loss,sell,1.5350000000000001,24477.731949845278,37573.31854301251,15.029327417205003,1.0,,-938.2127841375012,0.0,taker,,24480.17996784206
2023-02-17 12:01:00+00:00,signal,buy,0.229,23803.60976,5451.02663504,0.1090205327008,-0.5,0.0004636111453299021,0.0,0.229,maker,23803.60976,
2023-02-19 16:14:00+00:00,take_profit,sell,0.229,25133.903866017597,5755.66398531803,2.302265594127212,1.0,,304.63735027803,0.0,taker,,25136.417507768376
2023-02-20 16:01:00+00:00,signal,buy,0.222,24948.7525,5538.623055,0.11077246110000001,-0.5,0.0002968098329454785,0.0,0.222,maker,24948.7525,
2023-02-21 16:18:00+00:00,stop_loss,sell,0.222,24333.491956178656,5402.035214271662,2.160814085708665,1.0,,-136.5878407283382,0.0,taker,,24335.92554873353
2023-03-03 12:00:00+00:00,signal,sell,0.028,22335.016695000002,625.3804674600001,0.012507609349200003,-0.5,0.0002698153240359221,0.0,-0.028,maker,22335.016695000002,
2023-03-05 04:00:00+00:00,signal,buy,0.028,22376.65064210435,626.5462179789217,0.2506184871915687,1.095298202548507,0.00014190230326525412,-1.1657505189217046,0.0,taker,,
2023-03-09 04:00:00+00:00,signal,sell,0.154,21763.688130000002,3351.6079720200005,0.06703215944040002,-0.5,0.002179196249167635,0.0,-0.154,maker,21763.688130000002,
2023-03-09 19:04:00+00:00,take_profit,buy,0.154,20910.47425413038,3220.2130351360784,1.2880852140544314,1.0,,131.39493688392204,0.0,taker,,20908.3834157888
2023-03-10 12:00:00+00:00,signal,sell,0.171,19750.887495000003,3377.4017616450005,0.06754803523290001,-0.5,0.00022261738074247052,0.0,-0.171,maker,19750.887495000003,
2023-03-11 01:14:00+00:00,stop_loss,buy,0.171,20322.29186725014,3475.111909299774,1.3900447637199098,1.0,,-97.7101476547735,0.0,taker,,20320.259841266015
2023-03-11 20:00:00+00:00,signal,sell,0.166,20210.910495000004,3355.0111421700008,0.06710022284340002,-0.5,0.0006378761424041561,0.0,-0.166,maker,20210.910495000004,
2023-03-12 17:46:00+00:00,stop_loss,buy,0.166,20782.374315578054,3449.874136385957,1.379949654554383,1.0,,-94.86299421595633,0.0,taker,,20780.29628594946
2023-03-18 04:00:00+00:00,signal,buy,0.546,27292.035330000002,14901.451290180003,0.2980290258036001,-0.5,0.0026659373670289135,0.0,0.546,maker,27292.035330000002,
2023-03-20 04:00:00+00:00,signal,sell,0.546,27260.874152526227,14884.437287279321,5.953774914911729,1.256532342210757,0.0010282631656271409,-17.01400290068156,0.0,taker,,
2023-03-20 20:00:00+00:00,signal,buy,0.536,27768.211519999997,14883.76137472,0.2976752274944,-0.5,0.0014626441915009734,0.0,0.536,maker,27768.211519999997,
2023-03-22 19:05:00+00:00,stop_loss,sell,0.536,27571.998435472873,14778.59116141346,5.9114364645653845,1.0,,-105.17021330653847,0.0,taker,,27574.755911063978
2023-03-30 08:00:00+00:00,signal,buy,0.185,28705.064675,5310.436964875,0.10620873929750001,-0.5,0.0005314636130695746,0.0,0.185,maker,28705.064675,
2023-03-30 17:31:00+00:00,stop_loss,sell,0.185,27847.276616772677,5151.746174102946,2.0606984696411783,1.0,,-158.69079077205507,0.0,taker,,27850.06162293497
2023-03-31 12:00:00+00:00,signal,buy,0.151,27914.6042,4215.1052342,0.08430210468400001,-0.5,0.0005374392451852735,0.0,0.151,maker,27914.6042,
2023-04-02 19:42:00+00:00,stop_loss,sell,0.151,27870.16146602905,4208.394381370386,1.6833577525481547,1.0,,-6.710852829613592,0.0,taker,,27872.94876090514
2023-04-11 00:01:00+00:00,signal,buy,1.214,29646.91758,35991.35794212,0.7198271588424,-0.5,0.003215632538945581,0.0,1.214,maker,29646.91758,
2023-04-12 20:00:00+00:00,signal,sell,0.201,29785.981796669428,5986.982341130555,2.3947929364522222,1.1810212761451198,0.0005120109752688708,27.95190755055482,1.013,taker,,
2023-04-13 16:00:00+00:00,signal,buy,0.417,30421.078869999998,12685.589888789998,0.2537117977758,-0.5,0.0008345655279050096,0.0,1.43,maker,30421.078869999998,
2023-04-13 20:00:00+00:00,signal,sell,0.35000000000000003,30319.184057368417,10611.714420078946,4.244685768031578,1.2584317618909966,0.0010435464930325744,156.28009206111383,1.0799999999999998,taker,,
2023-04-14 00:37:00+00:00,take_profit,sell,1.0799999999999998,30679.569384164017,33133.93493489713,13.253573973958853,1.0,,871.4518655849707,0.0,taker,,30682.63764792881
2023-04-14 20:00:00+00:00,signal,buy,0.262,30309.584445,7941.11112459,0.1588222224918,-0.5,0.00139993274484303,0.0,0.262,maker,30309.584445,
2023-04-15 04:01:00+00:00,signal,buy,0.007,30376.881080000003,212.63816756000003,0.004252763351200001,-0.5,0.00011725387340646549,0.0,0.269,maker,30376.881080000003,
2023-04-17 00:36:00+00:00,stop_loss,sell,0.269,29952.40623788774,8057.197277991802,3.2228789111967213,1.0,,-96.55201415819734,0.0,taker,,29955.401778065545
2023-05-01 20:00:00+00:00,signal,sell,0.069,27835.291695000004,1920.6351269550005,0.038412702539100015,-0.5,0.0001039820983955651,0.0,-0.069,maker,27835.291695000004,
2023-05-02 00:00:00+00:00,signal,buy,0.069,28057.46744763774,1935.9652538870043,0.7743861015548018,1.0577439048074297,5.209935222514864e-05,-15.330126932003846,0.0,taker,,
2023-05-09 12:00:00+00:00,signal,sell,0.08,27665.283195000004,2213.2226556000005,0.044264453112000016,-0.5,0.00010558664501018009,0.0,-0.08,maker,27665.283195000004,
2023-05-10 12:32:00+00:00,stop_loss,buy,0.08,28020.167216541227,2241.613377323298,0.8966453509293193,1.0,,-28.3907217232979,0.0,taker,,28017.36547999323
2023-05-11 08:00:00+00:00,signal,sell,0.081,27438.871875000004,2222.548621875,0.04445097243750001,-0.5,0.00015593442728946492,0.0,-0.081,maker,27438.871875000004,
2023-05-12 19:25:00+00:00,take_profit,buy,0.081,26028.532309815357,2108.3111170950438,0.8433244468380175,1.0,,114.23750477995647,0.0,taker,,26025.92971684367
2023-05-25 04:01:00+00:00,signal,sell,0.11,26165.308200000003,2878.183902,0.05756367804000001,-0.5,0.0001795080933441009,0.0,-0.11,maker,26165.308200000003,
2023-05-25 19:10:00+00:00,stop_loss,buy,0.11,26603.540003791655,2926.389400417082,1.1705557601668328,1.0,,-48.20549841708173,0.0,taker,,26600.879915800077
2023-05-30 16:00:00+00:00,signal,buy,0.334,27663.61675,9239.647994500001,0.18479295989000002,-0.5,0.0010583840375660548,0.0,0.334,maker,27663.61675,
2023-05-30 20:00:00+00:00,signal,buy,1.002,27835.00818,27890.67819636,0.5578135639272,-0.5,0.004813743476897204,0.0,1.336,maker,27835.00818,
2023-05-31 00:00:00+00:00,signal,sell,1.0010000000000001,27675.496994958907,27703.17249195387,11.081268996781548,1.6268081795852805,0.006138882718672082,-116.77999086863427,0.33499999999999996,taker,,
2023-05-31 04:00:00+00:00,signal,sell,0.335,27642.34675987118,9260.186164556846,3.7040744658227385,1.502266156229452,0.003941738932711066,-50.18754348065482,0.0,taker,,
2023-06-06 00:00:00+00:00,signal,sell,0.034,25715.88573,874.3401148200002,0.017486802296400004,-0.5,5.561944690086934e-05,0.0,-0.034,maker,25715.88573,
2023-06-06 16:03:00+00:00,stop_loss,buy,0.034,26161.461864617602,889.4897033969985,0.3557958813587994,1.0,,-15.149588576998417,0.0,taker,,26158.8459800196
2023-06-11 16:00:00+00:00,signal,sell,0.099,25742.387055000003,2548.4963184450003,0.050969926368900006,-0.5,0.0009637458609879967,0.0,-0.099,maker,25742.387055000003,
2023-06-12 00:00:00+00:00,signal,buy,0.099,25913.035348950256,2565.3904995460753,1.02615619981843,1.1714970861661211,0.0004595507900542186,-16.89418110107505,0.0,taker,,
2023-06-15 04:02:00+00:00,signal,sell,0.032,25044.352155,801.4192689600001,0.016028385379200004,-0.5,0.00022210205766532017,0.0,-0.032,maker,25044.352155,
2023-06-15 19:09:00+00:00,stop_loss,buy,0.032,25471.130849365247,815.076187179688,0.3260304748718752,1.0,,-13.656918219687883,0.0,taker,,25468.58399096615
2023-06-21 04:00:00+00:00,signal,buy,1.3760000000000001,28703.16477,39495.55472352,0.7899110944704001,-0.5,0.003578185605520128,0.0,1.3760000000000001,maker,28703.16477,
2023-06-21 15:29:00+00:00,take_profit,sell,1.3760000000000001,29921.990414372554,41172.65881017664,16.469063524070656,1.0,,1677.1040866566357,0.0,taker,,29924.98291266382
2023-06-22 12:00:00+00:00,signal,buy,1.451,29917.90403,43410.878747530005,0.8682175749506001,-0.5,0.0024916183321497297,0.0,1.451,maker,29917.90403,
2023-06-22 16:00:00+00:00,signal,sell,0.242,29833.837386849056,7219.788647617472,2.887915459046989,1.1604981519584545,0.0004024946372199869,-20.344127642528765,1.209,taker,,
2023-06-23 16:08:00+00:00,take_profit,sell,1.209,31368.350500593613,37924.33575521768,15.169734302087074,1.0,,1753.5897829476764,0.0,taker,,31371.487649358547
2023-06-25 08:00:00+00:00,signal,buy,0.984,30712.4643,30221.0648712,0.6044212974240001,-0.5,0.016267934297450184,0.0,0.984,maker,30712.4643,
2023-06-26 01:21:00+00:00,stop_loss,sell,0.984,29989.58540769712,29509.752041173964,11.803900816469586,1.0,,-711.3128300260345,0.0,taker,,29992.584666163733
2023-06-26 20:00:00+00:00,signal,buy,1.059,30232.388305,32016.099214995,0.6403219842999001,-0.5,0.004135883994037295,0.0,1.059,maker,30232.388305,
2023-06-28 08:00:00+00:00,signal,sell,0.776,30172.411662830265,23413.791450356286,9.365516580142515,1.1891361246470051,0.0005589449007263665,-46.54187432371435,0.2829999999999999,taker,,
2023-06-28 12:56:00+00:00,stop_loss,sell,0.2829999999999999,30045.671197203512,8502.924948808592,3.401169979523437,1.0,,-52.840941506406246,0.0,taker,,30048.67606480999
2023-07-14 00:00:00+00:00,signal,buy,1.219,31440.02792,38325.39403448001,0.7665078806896002,-0.5,0.0029737402984022516,0.0,1.219,maker,31440.02792,
2023-07-14 17:43:00+00:00,stop_loss,sell,1.219,30827.668814952383,37578.928285426955,15.031571314170783,1.0,,-746.4657490530452,0.0,taker,,30830.751890141397
2023-08-17 04:02:00+00:00,signal,sell,0.047,28637.03178,1345.9404936600001,0.026918809873200004,-0.5,0.00022241247965929306,0.0,-0.047,maker,28637.03178,
2023-08-17 15:44:00+00:00,take_profit,buy,0.047,28023.861908020997,1317.121509676987,0.5268486038707948,1.0,,28.81898398301318,0.0,taker,,28021.059802040792
2023-08-18 08:01:00+00:00,signal,sell,0.051000000000000004,26407.320300000003,1346.7733353000003,0.02693546670600001,-0.5,0.00026764835944538545,0.0,-0.051000000000000004,maker,26407.320300000003,
2023-08-21 20:00:00+00:00,signal,buy,0.051000000000000004,26089.02175930987,1330.5401097248036,0.5322160438899215,1.0817057715834069,0.00010430989234437297,16.233225575196716,0.0,taker,,
2023-08-22 12:00:00+00:00,signal,sell,0.108,26040.30195,2812.3526106,0.05624705221200001,-0.5,0.0013460892166503445,0.0,-0.108,maker,26040.30195,
2023-08-23 16:13:00+00:00,stop_loss,buy,0.108,26213.451412954928,2831.052752599132,1.1324211010396528,1.0,,-18.700141999132118,0.0,taker,,26210.830329921937
2023-08-27 08:01:00+00:00,signal,sell,0.033,26029.801425,858.983447025,0.017179668940500003,-0.5,0.0009810364821822009,0.0,-0.033,maker,26029.801425,
2023-08-28 12:26:00+00:00,stop_loss,buy,0.033,26240.255212863354,865.9284220244907,0.3463713688097963,1.0,,-6.944974999490642,0.0,taker,,26237.63144971838
2023-09-01 04:00:00+00:00,signal,sell,0.005,26072.703570000005,130.36351785000002,0.002607270357000001,-0.5,7.879267934309483e-05,0.0,-0.005,maker,26072.703570000005,
2023-09-02 04:00:00+00:00,signal,sell,0.015,25787.389305,386.810839575,0.007736216791500001,-0.5,0.00022784770209482736,0.0,-0.02,maker,25787.389305,
2023-09-03 20:51:00+00:00,stop_loss,buy,0.02,26082.247994820227,521.6449598964045,0.20865798395856183,1.0,,-4.470602471404491,0.0,taker,,26079.640030817147
2023-09-05 04:00:00+00:00,signal,sell,0.028,25682.984085000004,719.1235543800001,0.014382471087600003,-0.5,0.00019276458899727413,0.0,-0.028,maker,25682.984085000004,
2023-09-06 17:55:00+00:00,stop_loss,buy,0.028,25935.604153805813,726.1969163065628,0.2904787665226251,1.0,,-7.073361926562647,0.0,taker,,25933.01085272054
2023-09-07 12:02:00+00:00,signal,sell,0.033,25688.88438,847.73318454,0.016954663690800002,-0.5,0.0002891618904881691,0.0,-0.033,maker,25688.88438,
2023-09-07 20:00:00+00:00,signal,buy,0.033,25869.970341808075,853.7090212796666,0.34148360851186665,1.1096496352797536,0.0001878600393278593,-5.9758367396665015,0.0,taker,,
2023-09-11 20:00:00+00:00,signal,sell,0.04,25009.450410000005,1000.3780164000002,0.020007560328000006,-0.5,9.46585538494183e-05,0.0,-0.04,maker,25009.450410000005,
2023-09-12 03:14:00+00:00,stop_loss,buy,0.04,25402.75548783902,1016.1102195135608,0.40644408780542435,1.0,,-15.732203113560535,0.0,taker,,25400.21546629239
2023-09-17 12:07:00+00:00,signal,buy,0.291,26571.87134,7732.41455994,0.1546482911988,-0.5,0.0053680024255620086,0.0,0.291,maker,26571.87134,
2023-09-18 12:00:00+00:00,signal,buy,2.076,27183.24077,56432.407838520005,1.1286481567704,-0.5,0.0020804339066450906,0.0,2.367,maker,27183.24077,
2023-09-18 12:31:00+00:00,take_profit,sell,2.367,27317.80849504154,64661.25270776332,25.864501083105328,1.0,,496.4303093033178,0.0,taker,,27320.540549096448
2023-09-19 12:00:00+00:00,signal,buy,1.6440000000000001,27223.038780000003,44754.67575432001,0.8950935150864002,-0.5,0.0023694819131120965,0.0,1.6440000000000001,maker,27223.038780000003,
2023-09-20 04:00:00+00:00,signal,sell,1.6440000000000001,27101.60304417889,44555.0354046301,17.822014161852042,1.7696764679599566,0.009256279145801781,-199.64034968990939,0.0,taker,,
2023-09-28 20:00:00+00:00,signal,buy,1.69,27087.145575,45777.276021749996,0.915545520435,-0.5,0.0035861228353827627,0.0,1.69,maker,27087.145575,
2023-09-29 14:09:00+00:00,stop_loss,sell,1.69,26713.43083890134,45145.69811774326,18.058279247097307,1.0,,-631.5779040067355,0.0,taker,,26716.102449146252
2023-09-30 20:04:00+00:00,signal,buy,1.379,27029.64845,37273.88521255,0.745477704251,-0.5,0.019990779221564017,0.0,1.379,maker,27029.64845,
2023-09-30 20:06:00+00:00,signal,buy,0.124,27034.44821,3352.27157804,0.0670454315608,-0.5,0.0017924933243391868,0.0,1.5030000000000001,maker,27034.44821,
2023-10-01 22:17:00+00:00,take_profit,sell,1.5030000000000001,27923.641636339667,41969.233379418525,16.787693351767413,1.0,,1343.0765888285223,0.0,taker,,27926.434279767644
2023-10-02 16:00:00+00:00,signal,buy,2.005,28013.59925,56167.26649625,1.123345329925,-0.5,0.001425973139042581,0.0,2.005,maker,28013.59925,
2023-10-02 21:45:00+00:00,stop_loss,sell,2.005,27497.027077681778,55131.53929075196,22.052615716300785,1.0,,-1035.727205498034,0.0,taker,,27499.777055387316
2023-10-03 12:00:00+00:00,signal,buy,1.109,27547.722544999997,30550.424302404997,0.6110084860481,-0.5,0.007566279706507888,0.0,1.109,maker,27547.722544999997,
2023-10-04 16:00:00+00:00,signal,sell,0.8220000000000001,27384.209941924728,22509.820572262128,9.00392822890485,1.4933596007310874,0.003803182744274031,-134.40735972787112,0.2869999999999999,taker,,
2023-10-04 20:00:00+00:00,signal,buy,0.837,27604.919685,23105.317776345,0.46210635552690005,-0.5,0.0024540540543339794,0.0,1.1239999999999999,maker,27604.919685,
2023-10-05 16:00:00+00:00,signal,sell,0.849,27536.355442312703,23378.365770523484,9.351346308209393,1.3233688043926721,0.0016338653695991596,-45.811730009648805,0.2749999999999999,taker,,
2023-10-06 04:00:00+00:00,signal,buy,0.706,27543.422759999998,19445.65646856,0.3889131293712,-0.5,0.00975997384263029,0.0,0.9809999999999999,maker,27543.422759999998,
2023-10-06 08:00:00+00:00,signal,buy,0.186,27625.41866,5138.32787076,0.10276655741520001,-0.5,0.00032669625720816304,0.0,1.1669999999999998,maker,27625.41866,
2023-10-06 12:58:00+00:00,stop_loss,sell,1.1669999999999998,27269.451347798295,31823.449722880603,12.729379889152241,1.0,,-347.871262666262,0.0,taker,,27272.17856565486
2023-10-08 08:00:00+00:00,signal,buy,0.321,27891.005380000002,8953.012726980001,0.17906025453960003,-0.5,0.004483249005899867,0.0,0.321,maker,27891.005380000002,
2023-10-09 08:00:00+00:00,signal,sell,0.321,27801.24164035973,8924.198566555473,3.5696794266221894,1.2078431771247833,0.0006749810355831876,-28.81416042452716,0.0,taker,,
2023-10-16 20:00:00+00:00,signal,buy,0.705,28456.477105,20061.816359025,0.40123632718050006,-0.5,0.001365093051483741,0.0,0.705,maker,28456.477105,
2023-10-18 00:00:00+00:00,signal,sell,0.147,28378.605937500015,4171.655072812502,1.668662029125001,1.1958503629007649,0.0005993338226306451,-11.447061622498055,0.5579999999999999,taker,,
2023-10-20 04:01:00+00:00,signal,buy,0.665,29226.938580000002,19435.914155700004,0.3887182831140001,-0.5,0.0009526450045691525,0.0,1.2229999999999999,maker,29226.938580000002,
2023-10-20 08:31:00+00:00,take_profit,sell,1.2229999999999999,29716.681237174736,36343.501153064695,14.537400461225879,1.0,,1028.8727727747007,0.0,taker,,29719.653202494985
2023-10-21 04:00:00+00:00,signal,buy,1.559,29589.52045,46130.06238155,0.922601247631,-0.5,0.017338555164755236,0.0,1.559,maker,29589.52045,
2023-10-22 00:00:00+00:00,signal,sell,0.35000000000000003,29891.315498418124,10461.960424446344,4.184784169778538,1.3662642352593375,0.0020960857817204277,105.62826694634333,1.2089999999999999,taker,,
2023-10-23 04:00:00+00:00,take_profit,sell,1.2089999999999999,30829.637190104615,37273.031362836475,14.90921254513459,1.0,,1499.3011387864794,0.0,taker,,30832.720462150828
2023-10-24 08:00:00+00:00,signal,buy,0.386,34024.098710000006,13133.302102060003,0.2626660420412001,-0.5,0.0009124506559372296,0.0,0.386,maker,34024.098710000006,
2023-10-24 12:00:00+00:00,signal,buy,0.462,34548.172505,15961.255697310002,0.31922511394620007,-0.5,0.0007785548871367295,0.0,0.8480000000000001,maker,34548.172505,
2023-10-24 16:00:00+00:00,signal,sell,0.264,33670.020674397165,8888.885458040852,3.5555541832163406,1.152027416733303,0.00036113024122814573,-168.8542342158478,0.5840000000000001,taker,,
2023-10-25 16:00:00+00:00,signal,buy,0.229,34839.757925,7978.304564825,0.1595660912965,-0.5,0.00031163803093966537,0.0,0.8130000000000001,maker,34839.757925,
2023-10-26 12:00:00+00:00,signal,sell,0.8130000000000001,34099.58039226423,27722.95885891082,11.089183543564328,1.3252388234158983,0.0016528170665149667,-292.16381302748687,0.0,taker,,
2023-10-27 04:00:00+00:00,signal,buy,0.805,34122.393794999996,27468.527004975,0.5493705400995,-0.5,0.010568065946877323,0.0,0.805,maker,34122.393794999996,
2023-10-29 16:00:00+00:00,signal,buy,0.20700000000000002,34460.87687,7133.40151209,0.14266803024180003,-0.5,0.0014139806077602328,0.0,1.012,maker,34460.87687,
2023-11-01 04:00:00+00:00,signal,buy,0.10400000000000001,34428.178505,3580.5305645200006,0.07161061129040001,-0.5,0.0009709946221630493,0.0,1.116,maker,34428.178505,
2023-11-01 16:00:00+00:00,signal,sell,0.849,34291.275046428185,29113.292514417528,11.645317005767012,1.6400763835265764,0.006401527761694704,65.88412708270815,0.2670000000000001,taker,,
2023-11-01 20:00:00+00:00,signal,buy,0.804,34562.371795,27788.14692318,0.5557629384636,-0.5,0.003209754253327153,0.0,1.0710000000000002,maker,34562.371795,
2023-11-02 00:00:00+00:00,signal,buy,0.297,35435.728125,10524.411253125,0.2104882250625,-0.5,0.0009134293770906131,0.0,1.368,maker,35435.728125,
2023-11-02 08:00:00+00:00,signal,sell,0.37,35276.08227069174,13052.150440155943,5.220860176062377,1.280513740768755,0.0012294993556262548,219.09833335373864,0.9980000000000001,taker,,
2023-11-02 13:44:00+00:00,stop_loss,sell,0.9980000000000001,34751.95536493629,34682.45145420643,13.872980581682572,1.0,,67.89469045344693,0.0,taker,,34755.4309080271
2023-11-09 20:00:00+00:00,signal,buy,0.768,36397.580030000005,27953.341463040004,0.5590668292608001,-0.5,0.0038143730840194895,0.0,0.768,maker,36397.580030000005,
2023-11-12 08:01:00+00:00,signal,buy,0.2,37157.542030000004,7431.508406000001,0.14863016812000002,-0.5,0.003388913651588504,0.0,0.968,maker,37157.542030000004,
2023-11-13 04:00:00+00:00,signal,sell,0.228,36936.719452582496,8421.57203518881,3.3686288140755245,1.2128862672315621,0.0007081337933716889,87.12392553889103,0.74,taker,,
2023-11-13 08:00:00+00:00,signal,sell,0.74,36975.5787518131,27361.928276341692,10.944771310536677,1.8714927835883288,0.01186718237260209,311.5265169516063,0.0,taker,,
2023-11-13 12:00:00+00:00,signal,buy,0.739,36835.658125,27221.551354375002,0.5444310270875001,-0.5,0.004168645166388003,0.0,0.739,maker,36835.658125,
2023-11-13 20:00:00+00:00,signal,buy,0.34600000000000003,36875.75612,12759.01161752,0.25518023235040005,-0.5,0.005192413019125559,0.0,1.085,maker,36875.75612,
2023-11-14 00:00:00+00:00,signal,sell,0.8230000000000001,36481.2964581635,30024.106985068564,12.009642794027426,1.3439442409729159,0.00184840063903805,-302.1633613550186,0.2619999999999999,taker,,
2023-11-14 12:00:00+00:00,signal,sell,0.262,36284.537738373954,9506.548887453977,3.802619554981591,1.2020925478720983,0.0006381468422724425,-147.74373801744343,0.0,taker,,
2023-11-16 00:00:00+00:00,signal,buy,0.81,37883.605725,30685.720637250004,0.6137144127450002,-0.5,0.001550535096594367,0.0,0.81,maker,37883.605725,
2023-11-16 13:16:00+00:00,stop_loss,sell,0.81,36927.90153387159,29911.60024243599,11.964640096974398,1.0,,-774.1203948140126,0.0,taker,,36931.59469334092
2023-12-02 00:00:00+00:00,signal,buy,0.855,38657.967005,33052.561789275,0.6610512357855001,-0.5,0.004870294906553,0.0,0.855,maker,38657.967005,
2023-12-02 20:00:00+00:00,signal,buy,0.336,39414.42918,13243.24820448,0.26486496408960003,-0.5,0.0005934755335166177,0.0,1.191,maker,39414.42918,
2023-12-03 04:00:00+00:00,signal,sell,0.28600000000000003,39370.81699685196,11260.05366109966,4.504021464439864,1.3162848303654495,0.0015630639674890812,142.83984228023962,0.905,taker,,
2023-12-03 08:01:00+00:00,signal,buy,0.645,39474.326185000005,25460.940389325006,0.5092188077865002,-0.5,0.012374283115578777,0.0,1.55,maker,39474.326185000005,
2023-12-03 20:00:00+00:00,signal,sell,0.35100000000000003,39549.76237660675,13881.96659418897,5.552786637675588,1.3746924281133948,0.0021936627450861177,150.04573350802437,1.199,taker,,
2023-12-03 22:33:00+00:00,take_profit,sell,1.199,40011.21145307709,47973.44253223944,19.189377012895775,1.0,,1065.826828659798,0.0,taker,,40015.21297437453
2023-12-04 00:00:00+00:00,signal,buy,1.537,39977.80101,61445.88015237,1.2289176030474,-0.5,0.004930733119799336,0.0,1.537,maker,39977.80101,
2023-12-04 00:01:00+00:00,take_profit,sell,1.537,40011.21145307709,61497.23200337949,24.5988928013518,1.0,,51.35185100948647,0.0,taker,,40015.21297437453
2023-12-04 20:00:00+00:00,signal,buy,1.285,41998.799955,53968.457942175,1.0793691588435002,-0.5,0.004159604662984338,0.0,1.285,maker,41998.799955,
2023-12-05 17:28:00+00:00,take_profit,sell,1.285,43690.64931546483,56142.4843703723,22.45699374814892,1.0,,2174.0264281972995,0.0,taker,,43695.01881734656
2023-12-06 12:00:00+00:00,signal,buy,1.154,43851.207330000005,50604.29325882,1.0120858651764,-0.5,0.002557669352478829,0.0,1.154,maker,43851.207330000005,
2023-12-07 09:27:00+00:00,stop_loss,sell,1.154,43007.80286983466,49631.00451178919,19.85240180471568,1.0,,-973.288747030807,0.0,taker,,43012.10408024269
2023-12-08 04:00:00+00:00,signal,buy,0.8310000000000001,43400.529865,36065.840317815004,0.7213168063563001,-0.5,0.00855477531296669,0.0,0.8310000000000001,maker,43400.529865,
2023-12-10 08:00:00+00:00,signal,buy,0.198,43993.600210000004,8710.732841580002,0.17421465683160006,-0.5,0.0010846022904032828,0.0,1.0290000000000001,maker,43993.600210000004,
2023-12-11 01:08:00+00:00,stop_loss,sell,1.0290000000000001,43401.37095175889,44660.0107093599,17.86400428374396,1.0,,-116.5624500351055,0.0,taker,,43405.71152291118
2023-12-19 08:01:00+00:00,signal,buy,0.779,43064.946644999996,33547.593436455,0.6709518687291,-0.5,0.0058655503796726785,0.0,0.779,maker,43064.946644999996,
2023-12-19 16:00:00+00:00,signal,sell,0.625,42506.57617066826,26566.610106667664,10.626644042667065,1.4875083402315743,0.0037135059655522555,-348.98154645733484,0.15400000000000003,taker,,
2023-12-19 17:15:00+00:00,stop_loss,sell,0.15400000000000003,41980.55572769839,6465.005582065553,2.5860022328262215,1.0,,-166.99620126444754,0.0,taker,,41984.754203118704
2023-12-20 08:03:00+00:00,signal,buy,0.63,43001.8498,27091.165374000004,0.5418233074800001,-0.5,0.006420498950265111,0.0,0.63,maker,43001.8498,
2023-12-23 04:00:00+00:00,signal,sell,0.63,43536.65423451718,27428.09216774582,10.971236867098328,1.5032807609034629,0.003957680067118258,336.92679374581894,0.0,taker,,
2024-01-02 08:00:00+00:00,signal,buy,0.32,45493.32522,14557.864070399999,0.291157281408,-0.5,0.0014297585632575944,0.0,0.32,maker,45493.32522,
2024-01-02 16:00:00+00:00,signal,buy,0.551,45212.73925,24912.21932675,0.49824438653500003,-0.5,0.0014378624784116979,0.0,0.871,maker,45212.73925,
2024-01-02 20:00:00+00:00,signal,sell,0.5700000000000001,45067.39331189811,25688.414187781924,10.27536567511277,1.3104627577508183,0.0015060488117225525,-141.60594582944069,0.30099999999999993,taker,,
2024-01-03 00:01:00+00:00,signal,buy,0.549,45033.14823,24723.19837827,0.49446396756540006,-0.5,0.0024265753061273316,0.0,0.85,maker,45033.14823,
2024-01-03 04:00:00+00:00,signal,sell,0.548,45290.371697221286,24819.123690077267,9.927649476030908,1.6398815789536818,0.006397631798191511,86.10324335829024,0.30199999999999994,taker,,
2024-01-03 08:00:00+00:00,signal,buy,0.355,45028.248475,15985.028208624999,0.3197005641725,-0.5,0.0015219282902396844,0.0,0.6569999999999999,maker,45028.248475,
2024-01-03 11:24:00+00:00,stop_loss,sell,0.6569999999999999,44506.02676095951,29240.459581950396,11.696183832780159,1.0,,-374.8098217642564,0.0,taker,,44510.47780874038
2024-01-09 00:00:00+00:00,signal,buy,0.633,46970.25137,29732.16911721,0.5946433823442,-0.5,0.002802787554345476,0.0,0.633,maker,46970.25137,
2024-01-09 21:25:00+00:00,stop_loss,sell,0.633,45633.23865275777,28885.84006719567,11.554336026878268,1.0,,-846.329050014331,0.0,taker,,45637.80243300107
2024-01-10 00:00:00+00:00,signal,buy,0.244,46111.594305,11251.22901042,0.22502458020840002,-0.5,0.0014128116688142862,0.0,0.244,maker,46111.594305,
2024-01-10 08:43:00+00:00,stop_loss,sell,0.244,45633.23865275777,11134.510231272896,4.453804092509158,1.0,,-116.718779147104,0.0,taker,,45637.80243300107
2024-01-11 04:00:00+00:00,signal,buy,0.241,46499.974885,11206.493947285,0.22412987894570002,-0.5,0.0013603599851503513,0.0,0.241,maker,46499.974885,
2024-01-12 14:45:00+00:00,stop_loss,sell,0.241,45275.946701013956,10911.503154944363,4.364601261977746,1.0,,-294.99079234063737,0.0,taker,,45280.47474848881
2024-01-17 16:00:00+00:00,signal,buy,0.005,42476.076089999995,212.38038045,0.004247607609,-0.5,1.6787140291251774e-05,0.0,0.005,maker,42476.076089999995,
2024-01-18 04:00:00+00:00,signal,sell,0.005,42589.30327696186,212.94651638480929,0.08517860655392372,1.1026724510823358,0.0001647130033008536,0.5661359348093175,0.0,taker,,
2024-02-08 08:00:00+00:00,signal,buy,0.108,44498.574960000005,4805.846095680001,0.09611692191360002,-0.5,0.0006840375176094869,0.0,0.108,maker,44498.574960000005,
2024-02-08 16:01:00+00:00,signal,buy,0.523,45433.12823,23761.526064290003,0.4752305212858001,-0.5,0.0014982909307579638,0.0,0.631,maker,45433.12823,
2024-02-09 02:45:00+00:00,take_profit,sell,0.631,45987.10701911582,29017.864529062084,11.607145811624834,1.0,,450.49236909208014,0.0,taker,,45991.706189734796
2024-02-09 20:02:00+00:00,signal,buy,0.5760000000000001,47570.42136,27400.562703360003,0.5480112540672001,-0.5,0.002160023676495776,0.0,0.5760000000000001,maker,47570.42136,
2024-02-11 16:00:00+00:00,signal,sell,0.171,48134.302803386796,8230.965779379143,3.2923863117516574,1.3288540908633657,0.0016897658293370432,96.42372681914205,0.405,taker,,
2024-02-12 15:34:00+00:00,take_profit,sell,0.405,49422.03119402091,20015.92263357847,8.006369053431388,1.0,,749.9019827784672,0.0,taker,,49426.973891410045
2024-02-13 08:00:00+00:00,signal,buy,0.771,50017.29901,38563.33753671,0.7712667507342001,-0.5,0.008587385802941688,0.0,0.771,maker,50017.29901,
2024-02-13 14:22:00+00:00,stop_loss,sell,0.771,48878.42315681052,37685.26425390091,15.074105701560365,1.0,,-878.0732828090934,0.0,taker,,48883.31148795931
2024-02-14 08:02:00+00:00,signal,buy,0.317,49879.805885,15811.898465545,0.31623796931090004,-0.5,0.0006521047260995905,0.0,0.317,maker,49879.805885,
2024-02-15 00:22:00+00:00,take_profit,sell,0.317,52125.46268400452,16523.771670829432,6.609508668331773,1.0,,711.8732052844313,0.0,taker,,52130.67575157967
2024-02-15 20:00:00+00:00,signal,buy,0.504,52019.498895,26217.827443079997,0.5243565488616,-0.5,0.0045494659164616365,0.0,0.504,maker,52019.498895,
2024-02-17 14:32:00+00:00,stop_loss,sell,0.504,51119.262786631305,25764.108444462177,10.305643377784872,1.0,,-453.7189986178207,0.0,taker,,51124.37522415372
2024-02-18 08:00:00+00:00,signal,buy,0.326,51701.114815,16854.563429690003,0.33709126859380006,-0.5,0.0032221655420609,0.0,0.326,maker,51701.114815,
2024-02-19 04:00:00+00:00,signal,sell,0.326,52096.32140677157,16983.40077860753,6.7933603114430126,1.473705133662637,0.0035061961509115125,128.83734891753062,0.0,taker,,
2024-02-27 00:01:00+00:00,signal,buy,0.488,54546.372545,26618.62980196,0.5323725960392001,-0.5,0.0056768865112305405,0.0,0.488,maker,54546.372545,
2024-02-27 02:07:00+00:00,take_profit,sell,0.488,56564.409992878485,27603.4320765247,11.04137283060988,1.0,,984.8022745647016,0.0,taker,,56570.06699957844
2024-02-27 04:00:00+00:00,signal,buy,0.68,55770.311345,37923.8117146,0.7584762342920001,-0.5,0.0005188621685475259,0.0,0.68,maker,55770.311345,
2024-02-27 09:31:00+00:00,take_profit,sell,0.68,56564.409992878485,38463.798795157374,15.385519518062951,1.0,,539.9870805573688,0.0,taker,,56570.06699957844
2024-02-28 04:00:00+00:00,signal,buy,0.749,56960.451835,42663.378424415,0.8532675684883001,-0.5,0.0199890701365837,0.0,0.749,maker,56960.451835,
2024-02-28 04:01:00+00:00,signal,buy,0.073,56952.95221,4157.56551133,0.08315131022660001,-0.5,0.0007130245008712591,0.0,0.822,maker,56952.95221,
2024-02-28 08:57:00+00:00,take_profit,sell,0.822,59522.92066914068,48927.84079003364,19.571136316013458,1.0,,2106.8968542886314,0.0,taker,,59528.87355649633
2024-02-29 08:00:00+00:00,signal,buy,0.202,62758.46192,12677.209307840001,0.2535441861568,-0.5,0.0003176831941053705,0.0,0.202,maker,62758.46192,
2024-02-29 17:42:00+00:00,stop_loss,sell,0.202,60783.59564632168,12278.28632055698,4.911314528222792,1.0,,-398.9229872830212,0.0,taker,,60789.674613783056
2024-03-01 12:00:00+00:00,signal,buy,0.201,61924.603615,12446.845326615,0.24893690653230005,-0.5,0.001633765632901213,0.0,0.201,maker,61924.603615,
2024-03-02 08:00:00+00:00,signal,buy,0.242,62068.796405,15020.64873001,0.3004129746002,-0.5,0.0014312778256979923,0.0,0.443,maker,62068.796405,
2024-03-02 12:00:00+00:00,signal,sell,0.28400000000000003,61892.10042340766,17577.356520247777,7.030942608099111,1.2761836175027175,0.0011918342277638639,-31.601294834617295,0.15899999999999997,taker,,
2024-03-03 12:00:00+00:00,signal,sell,0.159,61891.97823497484,9840.824539361,3.9363298157444,1.2959232673927268,0.0013682903153810508,-17.711702181607446,0.0,taker,,
2024-03-03 16:00:00+00:00,signal,buy,0.533,62207.68946,33156.69848218,0.6631339696436,-0.5,0.0009581778091827535,0.0,0.533,maker,62207.68946,
2024-03-03 20:00:00+00:00,signal,sell,0.343,62787.15349943221,21535.99365030525,8.6143974601221,1.5839108124098966,0.005327372450768521,198.75616552524633,0.19,taker,,
2024-03-04 00:00:00+00:00,signal,buy,0.363,63175.341075000004,22932.648810225,0.4586529762045001,-0.5,0.001664972078236027,0.0,0.5529999999999999,maker,63175.341075000004,
2024-03-04 04:00:00+00:00,signal,sell,0.369,63514.86018682099,23436.983408936943,9.374793363574778,1.438796860873421,0.0030084794548807573,247.96257889422094,0.18399999999999994,taker,,
2024-03-04 08:44:00+00:00,take_profit,sell,0.18399999999999994,65479.636647835025,12048.25314320164,4.819301257280657,1.0,,485.16416561936484,0.0,taker,,65486.18526636166
2024-03-11 16:00:00+00:00,signal,buy,0.146,72057.696935,10520.42375251,0.21040847505020002,-0.5,0.00018523736349112927,0.0,0.146,maker,72057.696935,
2024-03-12 17:06:00+00:00,stop_loss,sell,0.146,69970.28709063314,10215.661915232437,4.086264766092975,1.0,,-304.76183727756194,0.0,taker,,69977.28481911506
2024-03-13 08:00:00+00:00,signal,buy,0.399,72960.451795,29111.220266205,0.5822244053241,-0.5,0.0013383697763351462,0.0,0.399,maker,72960.451795,
2024-03-13 12:00:00+00:00,signal,sell,0.256,73140.7354296065,18724.028269979266,7.489611307991707,1.239179108282721,0.0008938538412330869,46.152610459264366,0.14300000000000002,taker,,
2024-03-14 08:00:00+00:00,signal,buy,0.29,73277.035965,21250.34042985,0.425006808597,-0.5,0.0015673426240596423,0.0,0.433,maker,73277.035965,
2024-03-14 12:00:00+00:00,signal,sell,0.281,72929.50458060406,20493.190787149742,8.197276314859897,1.3566631197858812,0.0019876340783655916,-68.2768693544994,0.15199999999999997,taker,,
2024-03-14 15:25:00+00:00,stop_loss,sell,0.15199999999999997,71220.20709652311,10825.47147867151,4.3301885914686045,1.0,,-296.74590135925024,0.0,taker,,71227.32982950607
2024-03-25 20:01:00+00:00,signal,buy,0.364,71141.742735,25895.59435554,0.5179118871108,-0.5,0.0006422457102820654,0.0,0.364,maker,71141.742735,
2024-03-27 14:12:00+00:00,stop_loss,sell,0.364,68693.78047422064,25004.536092616312,10.001814437046525,1.0,,-891.0582629236912,0.0,taker,,68700.65053927456
2024-03-27 16:00:00+00:00,signal,buy,0.09,68918.65389500001,6202.678850550001,0.12405357701100003,-0.5,4.595439551374397e-05,0.0,0.09,maker,68918.65389500001,
2024-03-27 16:13:00+00:00,stop_loss,sell,0.09,68693.78047422064,6182.440242679857,2.472976097071943,1.0,,-20.23860787014375,0.0,taker,,68700.65053927456
2024-03-28 00:00:00+00:00,signal,buy,0.371,69529.12337,25795.30477027,0.5159060954054,-0.5,0.001905795524078749,0.0,0.371,maker,69529.12337,
2024-03-28 04:00:00+00:00,signal,sell,0.278,69339.8846586887,19276.48793511546,7.710595174046184,1.357669264334673,0.0019988641039016593,-52.60836174454342,0.09299999999999997,taker,,
2024-03-28 08:00:00+00:00,signal,buy,0.28400000000000003,70453.47715,20008.787510600003,0.4001757502120001,-0.5,0.002254028842237087,0.0,0.377,maker,70453.47715,
2024-03-28 12:00:00+00:00,signal,sell,0.377,70698.66660650502,26653.397310652395,10.66135892426096,1.2775685667866095,0.0012038173323120705,178.40132664239025,0.0,taker,,
2024-03-29 00:00:00+00:00,signal,buy,0.40900000000000003,70835.25806000001,28971.620546540005,0.5794324109308001,-0.5,0.004946731164667836,0.0,0.40900000000000003,maker,70835.25806000001,
2024-03-29 08:00:00+00:00,signal,sell,0.325,69847.2137847108,22700.34448003101,9.080137792012405,1.2005072305179592,0.0006281742107809693,-321.114389468994,0.08400000000000002,taker,,
2024-03-29 12:01:00+00:00,signal,buy,0.258,70258.08692,18126.58642536,0.36253172850720006,-0.5,0.0020816150794021448,0.0,0.342,maker,70258.08692,
2024-03-29 16:00:00+00:00,signal,sell,0.342,69232.45544657554,23677.499762728836,9.470999905091535,1.1473869914760404,0.0003394207071306003,-399.24833967117166,0.0,taker,,
2024-04-01 00:00:00+00:00,signal,buy,0.454,71359.43185,32397.1820599,0.6479436411980001,-0.5,0.0007189314361875792,0.0,0.454,maker,71359.43185,
2024-04-01 04:00:00+00:00,signal,sell,0.41500000000000004,70638.73156280705,29315.07359856493,11.726029439425972,1.5949663401210068,0.005531014779327897,-299.0906191850716,0.03899999999999998,taker,,
2024-04-01 05:48:00+00:00,stop_loss,sell,0.03899999999999998,69826.41493270331,2723.2301823754274,1.089292072950171,1.0,,-59.78765977457069,0.0,taker,,69833.39827253055
2024-04-02 12:00:00+00:00,signal,sell,0.006,65687.48421000001,394.12490526000005,0.007882498105200001,-0.5,1.1689321257107489e-05,0.0,-0.006,maker,65687.48421000001,
2024-04-03 08:00:00+00:00,signal,buy,0.006,66188.13743606726,397.12882461640356,0.15885152984656142,1.0482487575415276,3.637410319220485e-05,-3.0039193564035234,0.0,taker,,
2024-04-08 04:04:00+00:00,signal,buy,0.097,69523.72364,6743.80119308,0.13487602386160003,-0.5,0.002322159289505858,0.0,0.097,maker,69523.72364,
2024-04-08 08:00:00+00:00,signal,buy,0.28500000000000003,70741.86273,20161.43087805,0.40322861756100004,-0.5,0.0004995999569056681,0.0,0.382,maker,70741.86273,
2024-04-08 12:10:00+00:00,take_profit,sell,0.382,72781.52084478288,27802.54096270706,11.121016385082823,1.0,,897.3088915770595,0.0,taker,,72788.79972475536
2024-04-09 04:00:00+00:00,signal,buy,0.485,71335.43305,34597.68502925,0.691953700585,-0.5,0.007107353440665748,0.0,0.485,maker,71335.43305,
2024-04-09 06:56:00+00:00,stop_loss,sell,0.485,70622.79686246956,34252.05647829774,13.700822591319096,1.0,,-345.6285509522648,0.0,taker,,70629.8598484544
2024-04-14 04:00:00+00:00,signal,sell,0.006,63431.67142500001,380.59002855000006,0.007611800571000002,-0.5,3.4068511863062555e-05,0.0,-0.006,maker,63431.67142500001,
2024-04-15 06:28:00+00:00,stop_loss,buy,0.006,66129.78129716958,396.7786877830175,0.15871147511320702,1.0,,-16.188659233017447,0.0,taker,,66123.16898027156
2024-04-16 00:00:00+00:00,signal,sell,0.006,63395.96964000001,380.3758178400001,0.007607516356800003,-0.5,2.2417580914376124e-05,0.0,-0.006,maker,63395.96964000001,
2024-04-18 14:09:00+00:00,stop_loss,buy,0.006,63070.57706284027,378.42346237704163,0.15136938495081667,1.0,,1.9523554629584543,0.0,taker,,63064.27063577669
2024-04-27 16:00:00+00:00,signal,sell,0.035,62931.44641500001,2202.6006245250005,0.04405201249050002,-0.5,0.00031014464258821326,0.0,-0.035,maker,62931.44641500001,
2024-04-29 04:01:00+00:00,signal,sell,0.003,62218.41076500001,186.65523229500002,0.0037331046459000007,-0.5,5.038089041080493e-06,0.0,-0.038000000000000006,maker,62218.41076500001,
2024-04-29 22:30:00+00:00,stop_loss,buy,0.038000000000000006,63661.42942920743,2419.1343183098825,0.967653727323953,1.0,,-29.878461489881904,0.0,taker,,63655.06392281515
2024-04-30 12:00:00+00:00,signal,sell,0.008,61185.35911500001,489.4828729200001,0.009789657458400002,-0.5,2.3844694924322714e-05,0.0,-0.008,maker,61185.35911500001,
2024-04-30 22:35:00+00:00,stop_loss,buy,0.008,61013.43490347873,488.10747922782986,0.19524299169113196,1.0,,1.3753936921702117,0.0,taker,,61007.334170061724
2024-05-02 00:00:00+00:00,signal,sell,0.008,58310.615385000005,466.48492308000004,0.009329698461600002,-0.5,8.416811168849705e-06,0.0,-0.008,maker,58310.615385000005,
2024-05-02 21:37:00+00:00,stop_loss,buy,0.008,59559.175049796606,476.47340039837286,0.19058936015934916,1.0,,-9.98847731837281,0.0,taker,,59553.21972782382
2024-05-19 04:01:00+00:00,signal,buy,0.526,67129.44336,35310.087207360004,0.7062017441472002,-0.5,0.003837149561729293,0.0,0.526,maker,67129.44336,
2024-05-19 19:49:00+00:00,stop_loss,sell,0.526,65997.02081917445,34714.43295088576,13.885773180354306,1.0,,-595.654256474244,0.0,taker,,66003.62118129258
2024-05-20 12:00:00+00:00,signal,buy,0.078,66970.6513,5223.7108014,0.104474216028,-0.5,0.0012021881116866333,0.0,0.078,maker,66970.6513,
2024-05-20 16:01:00+00:00,signal,buy,0.246,67454.02712999999,16593.690673979996,0.33187381347959993,-0.5,0.00010655853792222821,0.0,0.324,maker,67454.02712999999,
2024-05-20 19:31:00+00:00,take_profit,sell,0.324,69435.89211803785,22497.229046244265,8.998891618497707,1.0,,679.8275708642681,0.0,taker,,69442.83640167803
2024-05-21 12:00:00+00:00,signal,buy,0.618,71159.44185,43976.5350633,0.8795307012660001,-0.5,0.005611651469142767,0.0,0.618,maker,71159.44185,
2024-05-21 16:00:00+00:00,signal,sell,0.367,69866.12208208442,25640.86680412498,10.256346721649992,1.241923828846524,0.0009144865463087849,-474.6483548250199,0.251,taker,,
2024-05-21 19:27:00+00:00,stop_loss,sell,0.251,69539.66163820606,17454.45507118972,6.981782028475889,1.0,,-406.56483316027965,0.0,taker,,69546.61629983604
2024-05-22 08:00:00+00:00,signal,buy,0.253,69756.11202,17648.29634106,0.3529659268212,-0.5,0.0018969847838780488,0.0,0.253,maker,69756.11202,
2024-05-23 13:38:00+00:00,stop_loss,sell,0.253,68883.1008838587,17427.42452361625,6.9709698094465,1.0,,-220.8718174437489,0.0,taker,,68889.98988284699
2024-06-05 04:00:00+00:00,signal,buy,0.301,70990.4503,21368.1255403,0.427362510806,-0.5,0.003194573436885102,0.0,0.301,maker,70990.4503,
2024-06-05 16:01:00+00:00,signal,buy,0.1,71655.517045,7165.551704500001,0.14331103409,-0.5,0.00036363141879220166,0.0,0.401,maker,71655.517045,
2024-06-05 20:00:00+00:00,signal,sell,0.10300000000000001,71306.33574124025,7344.552581347747,2.937821032539099,1.186886699499103,0.0005457287257760633,15.453438668444914,0.29800000000000004,taker,,
2024-06-06 20:00:00+00:00,signal,sell,0.218,70517.96958688123,15372.917369940107,6.149166947976044,1.1386457645092674,0.0003003538752556132,-139.15654369181186,0.08000000000000004,taker,,
2024-06-06 20:01:00+00:00,stop_loss,sell,0.08000000000000004,70354.26293855753,5628.341035084605,2.251336414033842,1.0,,-64.16315340417557,0.0,taker,,70361.29906846437
2024-06-07 04:00:00+00:00,signal,buy,0.328,71029.24836,23297.59346208,0.46595186924160004,-0.5,0.004822563423006787,0.0,0.328,maker,71029.24836,
2024-06-07 08:00:00+00:00,signal,sell,0.328,71136.13611893723,23332.65264701141,9.333061058804565,1.65344037740664,0.006671630106645815,35.05918493141071,0.0,taker,,
2024-06-11 16:00:00+00:00,signal,sell,0.036000000000000004,66269.31330000001,2385.695278800001,0.04771390557600002,-0.5,4.153268177992017e-05,0.0,-0.036000000000000004,maker,66269.31330000001,
2024-06-11 19:49:00+00:00,stop_loss,buy,0.036000000000000004,67482.80390048117,2429.3809404173226,0.9717523761669291,1.0,,-43.6856616173219,0.0,taker,,67476.05629485169
2024-06-19 04:00:00+00:00,signal,sell,0.005,65380.26885000001,326.90134425,0.006538026885000001,-0.5,4.581535201991024e-05,0.0,-0.005,maker,65380.26885000001,
2024-06-20 10:59:00+00:00,stop_loss,buy,0.005,66134.50869298344,330.67254346491717,0.13226901738596689,1.0,,-3.771199214917142,0.0,taker,,66127.8959033931
2024-06-24 08:00:00+00:00,signal,sell,0.033,62436.72168,2060.4118154400003,0.04120823630880001,-0.5,0.0002656304237101919,0.0,-0.033,maker,62436.72168,
2024-06-24 16:38:00+00:00,take_profit,buy,0.033,60563.07610402981,1998.581511432984,0.7994326045731937,1.0,,61.83030400701637,0.0,taker,,60557.02040198961
2024-06-25 16:00:00+00:00,signal,sell,0.005,61778.988795000005,308.89494397500005,0.006177898879500002,-0.5,3.626218535256236e-05,0.0,-0.005,maker,61778.988795000005,
2024-06-27 14:01:00+00:00,stop_loss,buy,0.005,62152.23654805297,310.76118274026487,0.12430447309610596,1.0,,-1.866238765264825,0.0,taker,,62146.02194585838
2024-06-27 20:00:00+00:00,signal,sell,0.005,61448.97229500001,307.24486147500005,0.006144897229500001,-0.5,3.92125894861268e-05,0.0,-0.005,maker,61448.97229500001,
2024-06-28 00:00:00+00:00,signal,buy,0.005,61688.60702076508,308.44303510382537,0.12337721404153015,1.0549285392491223,4.714288162566213e-05,-1.1981736288253524,0.0,taker,,
2024-07-03 16:00:00+00:00,signal,sell,0.025,60179.108805,1504.4777201250001,0.030089554402500007,-0.5,0.0002129471495983331,0.0,-0.025,maker,60179.108805,
2024-07-04 08:40:00+00:00,take_profit,buy,0.025,57766.87800930141,1444.1719502325352,0.5776687800930141,1.0,,60.30576989246492,0.0,taker,,57761.1018991115
2024-07-05 04:01:00+00:00,signal,sell,0.028,55191.15942000001,1545.3524637600003,0.030907049275200008,-0.5,8.356025949131551e-05,0.0,-0.028,maker,55191.15942000001,
2024-07-05 15:05:00+00:00,stop_loss,buy,0.028,56349.335709213396,1577.7813998579752,0.6311125599431902,1.0,,-32.42893609797477,0.0,taker,,56343.70133907949
2024-07-06 08:00:00+00:00,signal,sell,0.027,56573.928555000006,1527.4960709850002,0.030549921419700005,-0.5,0.0002973792143537262,0.0,-0.027,maker,56573.928555000006,
2024-07-06 12:00:00+00:00,signal,buy,0.027,56719.79239299096,1531.4343946107558,0.6125737578443023,1.1624089261347612,0.0004121353013788487,-3.9383236257557437,0.0,taker,,
2024-07-07 00:00:00+00:00,signal,sell,0.001,58218.910800000005,58.2189108,0.0011643782160000002,-0.5,2.4433708784810594e-06,0.0,-0.001,maker,58218.910800000005,
2024-07-08 01:03:00+00:00,take_profit,buy,0.001,54810.43096531217,54.81043096531217,0.02192417238612487,1.0,,3.4084798346878378,0.0,taker,,54804.95047026514
2024-07-21 04:00:00+00:00,signal,buy,0.266,67142.44271,17859.889760860002,0.3571977952172001,-0.5,0.00619636099443437,0.0,0.266,maker,67142.44271,
2024-07-22 15:09:00+00:00,stop_loss,sell,0.266,66576.17545579183,17709.262671240627,7.0837050684962515,1.0,,-150.62708961937346,0.0,taker,,66582.83373916576
2024-07-27 12:00:00+00:00,signal,buy,0.266,68181.290765,18136.22334349,0.36272446686980003,-0.5,0.0031173110529895674,0.0,0.266,maker,68181.290765,
2024-07-27 20:21:00+00:00,stop_loss,sell,0.266,67250.69618911068,17888.685186303443,7.155474074521377,1.0,,-247.53815718655946,0.0,taker,,67257.4219313038
2024-07-28 08:00:00+00:00,signal,buy,0.074,67514.22412,4996.05258488,0.0999210516976,-0.5,0.0005122469108741501,0.0,0.074,maker,67514.22412,
2024-07-28 08:39:00+00:00,stop_loss,sell,0.074,67250.69618911068,4976.551517994189,1.990620607197676,1.0,,-19.50106688580985,0.0,taker,,67257.4219313038
2024-07-28 20:01:00+00:00,signal,buy,0.073,68124.493605,4973.088033165,0.0994617606633,-0.5,0.00248620908887968,0.0,0.073,maker,68124.493605,
2024-07-29 15:07:00+00:00,stop_loss,sell,0.073,67935.83898308693,4959.316245765345,1.9837264983061382,1.0,,-13.771787399654015,0.0,taker,,67942.63324641157
2024-07-29 16:00:00+00:00,signal,buy,0.073,68063.896635,4968.664454354999,0.0993732890871,-0.5,0.0002190481706236837,0.0,0.073,maker,68063.896635,
2024-07-29 16:01:00+00:00,stop_loss,sell,0.073,67935.83898308693,4959.316245765345,1.9837264983061382,1.0,,-9.34820858965411,0.0,taker,,67942.63324641157
2024-08-01 04:00:00+00:00,signal,sell,0.037,63915.895635,2364.888138495,0.047297762769900005,-0.5,0.00016680340674125088,0.0,-0.037,maker,63915.895635,
2024-08-01 20:51:00+00:00,stop_loss,buy,0.037,64688.23492536996,2393.4646922386883,0.9573858768954754,1.0,,-28.576553743688404,0.0,taker,,64681.76674869509
2024-08-03 00:00:00+00:00,signal,sell,0.007,61486.774185,430.407419295,0.0086081483859,-0.5,8.588288152903985e-06,0.0,-0.007,maker,61486.774185,
2024-08-03 04:00:00+00:00,signal,buy,0.007,61868.70670750776,433.0809469525543,0.17323237878102174,1.0518066780302993,4.1936435758360696e-05,-2.6735276575542883,0.0,taker,,
2024-08-24 08:00:00+00:00,signal,buy,0.078,64266.086535,5012.75474973,0.10025509499460002,-0.5,0.00026413043146350854,0.0,0.078,maker,64266.086535,
2024-08-26 21:22:00+00:00,stop_loss,sell,0.078,62867.95888105604,4903.700792722371,1.9614803170889485,1.0,,-109.0539570076292,0.0,taker,,62874.2463056866
2024-09-03 12:00:00+00:00,signal,sell,0.011,59041.45192500001,649.4559711750001,0.012989119423500003,-0.5,0.0002422808693435427,0.0,-0.011,maker,59041.45192500001,
2024-09-03 20:00:00+00:00,signal,buy,0.011,58027.15968111153,638.2987564922267,0.25531950259689074,1.0616296016143967,5.934699679920715e-05,11.157214682773256,0.0,taker,,
2024-09-20 04:00:00+00:00,signal,buy,0.078,63720.01384,4970.16107952,0.09940322159040002,-0.5,0.00013601130020010336,0.0,0.078,maker,63720.01384,
2024-09-22 14:04:00+00:00,stop_loss,sell,0.078,62472.80386671498,4872.878701603769,1.9491514806415076,1.0,,-97.28237791623143,0.0,taker,,62479.05177189217
2024-10-07 20:00:00+00:00,signal,buy,0.078,63346.23253,4941.00613734,0.09882012274680002,-0.5,0.0005287050578403354,0.0,0.078,maker,63346.23253,
2024-10-08 00:00:00+00:00,signal,sell,0.078,62183.92297769694,4850.345992260361,1.9401383969041444,1.0736385085631324,8.472859286566449e-05,-90.66014507963901,0.0,taker,,
2024-10-18 20:00:00+00:00,signal,buy,0.07200000000000001,68578.870885,4937.67870372,0.09875357407440001,-0.5,0.0004332438062164377,0.0,0.07200000000000001,maker,68578.870885,
2024-10-21 13:17:00+00:00,stop_loss,sell,0.07200000000000001,67923.29296022568,4890.477093136249,1.9561908372544998,1.0,,-47.201610583751005,0.0,taker,,67930.08596882256
2024-10-29 00:00:00+00:00,signal,buy,0.07,69936.403005,4895.548210350001,0.09791096420700002,-0.5,0.00013716733728064918,0.0,0.07,maker,69936.403005,
2024-10-29 15:47:00+00:00,take_profit,sell,0.07,72335.31776813007,5063.472243769105,2.0253888975076424,1.0,,167.92403341910511,0.0,taker,,72342.5520233324
2024-11-06 08:00:00+00:00,signal,buy,0.067,73432.12821000001,4919.952590070001,0.09839905180140003,-0.5,0.0001373816791738894,0.0,0.067,maker,73432.12821000001,
2024-11-10 04:33:00+00:00,take_profit,sell,0.067,77638.61913359271,5201.787481950712,2.080714992780285,1.0,,281.8348918807112,0.0,taker,,77646.38377196991
2024-11-18 08:01:00+00:00,signal,buy,0.054,91864.706535,4960.694152890001,0.09921388305780002,-0.5,0.0005951059152125639,0.0,0.054,maker,91864.706535,
2024-11-18 12:00:00+00:00,signal,buy,0.001,90334.183065,90.334183065,0.0018066836613000003,-0.5,2.5960415682448148e-06,0.0,0.055,maker,90334.183065,
2024-11-20 13:31:00+00:00,take_profit,sell,0.055,94431.56540669406,5193.736097368173,2.0774944389472694,1.0,,142.70776141317313,0.0,taker,,94441.00950764482
2024-11-21 08:02:00+00:00,signal,buy,0.14300000000000002,97146.54243,13891.955567490002,0.27783911134980005,-0.5,0.0008771266697894144,0.0,0.14300000000000002,maker,97146.54243,
2024-11-24 04:00:00+00:00,signal,buy,0.036000000000000004,98255.986955,3537.2155303800005,0.07074431060760002,-0.5,0.0005282415750422128,0.0,0.17900000000000002,maker,98255.986955,
2024-11-24 12:00:00+00:00,signal,sell,0.134,97325.64299125566,13041.63616082826,5.216654464331304,1.2284059545689119,0.0008151450012896228,-5.89974483978728,0.04500000000000001,taker,,
2024-11-24 12:32:00+00:00,stop_loss,sell,0.04500000000000001,97022.82474043634,4366.027113319637,1.7464108453278546,1.0,,-15.6080788823207,0.0,taker,,97032.52799323566
2024-12-05 08:01:00+00:00,signal,buy,0.049,102527.87335,5023.86579415,0.100477315883,-0.5,0.00018718330385738012,0.0,0.049,maker,102527.87335,
2024-12-05 19:44:00+00:00,stop_loss,sell,0.049,99852.77375729234,4892.785914107325,1.9571143656429302,1.0,,-131.07988004267526,0.0,taker,,99862.76003329566
2024-12-13 12:01:00+00:00,signal,buy,0.017,100369.58127000001,1706.2828815900002,0.034125657631800005,-0.5,0.0008386355721164005,0.0,0.017,maker,100369.58127000001,
2024-12-14 16:00:00+00:00,signal,sell,0.017,101590.56895725874,1727.0396722733988,0.6908158689093595,1.1152392564757232,0.00020750134739183607,20.756790683398474,0.0,taker,,
2025-01-06 04:01:00+00:00,signal,buy,0.05,99154.84201000001,4957.742100500001,0.09915484201000002,-0.5,0.0008973761624270973,0.0,0.05,maker,99154.84201000001,
2025-01-06 15:52:00+00:00,take_profit,sell,0.05,102175.05219803964,5108.752609901982,2.0435010439607932,1.0,,151.01050940198184,0.0,taker,,102185.27072511216
2025-01-06 16:00:00+00:00,signal,buy,0.28200000000000003,102099.394775,28792.02932655,0.575840586531,-0.5,0.000870918344598916,0.0,0.28200000000000003,maker,102099.394775,
2025-01-06 16:06:00+00:00,take_profit,sell,0.28200000000000003,102175.05219803964,28813.36471984718,11.525345887938872,1.0,,21.335393297181554,0.0,taker,,102185.27072511216
2025-01-07 12:00:00+00:00,signal,buy,0.216,100781.96065,21768.9035004,0.43537807000800005,-0.5,0.0013275089853826327,0.0,0.216,maker,100781.96065,
2025-01-07 14:34:00+00:00,stop_loss,sell,0.216,100322.09918101827,21669.573423099948,8.66782936923998,1.0,,-99.33007730005123,0.0,taker,,100332.1323942577
2025-01-09 16:00:00+00:00,signal,sell,0.025,94199.80975500001,2354.995243875,0.04709990487750001,-0.5,3.8953482131843914e-05,0.0,-0.025,maker,94199.80975500001,
2025-01-10 07:38:00+00:00,stop_loss,buy,0.025,94477.09015605501,2361.9272539013755,0.9447709015605502,1.0,,-6.932010026375065,0.0,taker,,94467.64339171584
2025-01-11 04:00:00+00:00,signal,sell,0.001,94173.00841500002,94.17300841500003,0.0018834601683000007,-0.5,2.802083115298473e-05,0.0,-0.001,maker,94173.00841500002,
2025-01-13 00:00:00+00:00,signal,buy,0.001,94509.51047817899,94.50951047817898,0.03780380419127159,1.0169828940544285,4.506542038499078e-06,-0.33650206317896664,0.0,taker,,
2025-02-03 04:00:00+00:00,signal,sell,0.007,94006.30008000002,658.0441005600002,0.013160882011200005,-0.5,2.177471769320711e-05,0.0,-0.007,maker,94006.30008000002,
2025-02-03 15:17:00+00:00,stop_loss,buy,0.007,97061.46660872386,679.430266261067,0.2717721065044268,1.0,,-21.3861657010669,0.0,taker,,97051.7614325806
2025-02-04 04:00:00+00:00,signal,sell,0.001,100602.22986,100.60222986000001,0.0020120445972000005,-0.5,2.0175607349039814e-05,0.0,-0.001,maker,100602.22986,
2025-02-04 20:00:00+00:00,signal,buy,0.001,98821.99092779525,98.82199092779526,0.039528796371118106,1.0111047034008867,1.926788087838528e-06,1.780238932204753,0.0,taker,,
2025-03-09 20:00:00+00:00,signal,sell,0.019,82609.13025,1569.57347475,0.031391469495000004,-0.5,0.0001720267774422965,0.0,-0.019,maker,82609.13025,
2025-03-11 18:12:00+00:00,stop_loss,buy,0.019,82238.53049356518,1562.5320793777385,0.6250128317510955,1.0,,7.041395372261613,0.0,taker,,82230.3074628189
2025-03-13 00:00:00+00:00,signal,sell,0.004,83644.882035,334.57952814000004,0.006691590562800001,-0.5,3.6646840827954396e-05,0.0,-0.004,maker,83644.882035,
2025-03-13 20:00:00+00:00,signal,buy,0.004,80185.77665340282,320.7431066136113,0.12829724264544454,1.0322912790775587,1.6292604757262124e-05,13.836421526388731,0.0,taker,,
2025-04-07 00:00:00+00:00,signal,sell,0.009000000000000001,78394.01950500002,705.5461755450002,0.014110923510900006,-0.5,1.8316976757847905e-05,0.0,-0.009000000000000001,maker,78394.01950500002,
2025-04-07 13:52:00+00:00,stop_loss,buy,0.009000000000000001,77639.19785416385,698.7527806874748,0.2795011122749899,1.0,,6.793394857525492,0.0,taker,,77631.43471069279
2025-04-15 16:00:00+00:00,signal,buy,0.059000000000000004,84867.656405,5007.191727895,0.10014383455790002,-0.5,0.00019413066216255817,0.0,0.059000000000000004,maker,84867.656405,
2025-04-18 12:00:00+00:00,signal,sell,0.059000000000000004,84619.58864405884,4992.555729999472,1.9970222919997886,1.1711466972108209,0.00045767487447144435,-14.635997895528737,0.0,taker,,
2025-04-28 16:00:00+00:00,signal,buy,0.053,93768.011365,4969.704602344999,0.0993940920469,-0.5,0.00015236883958502732,0.0,0.053,maker,93768.011365,
2025-04-28 16:09:00+00:00,stop_loss,sell,0.053,93584.81578082165,4959.995236383547,1.983998094553419,1.0,,-9.709365961452509,0.0,taker,,93594.17519834149
2025-05-07 20:00:00+00:00,signal,buy,0.052000000000000005,96119.693775,4998.224076300001,0.09996448152600003,-0.5,0.00021627632127555241,0.0,0.052000000000000005,maker,96119.693775,
2025-05-08 04:00:00+00:00,take_profit,sell,0.052000000000000005,99205.36411989448,5158.678934234514,2.0634715736938056,1.0,,160.45485793451275,0.0,taker,,99215.28564845932
2025-05-09 04:00:00+00:00,signal,buy,0.28700000000000003,102414.379025,29392.926780175003,0.5878585356035001,-0.5,0.005397544794101208,0.0,0.28700000000000003,maker,102414.379025,
2025-05-10 12:00:00+00:00,signal,sell,0.075,103362.23669136924,7752.167751852692,3.100867100741077,1.20564399517063,0.0006607726992146569,71.08932497769274,0.21200000000000002,taker,,
2025-05-11 00:00:00+00:00,signal,buy,0.187,104783.56056,19594.52582472,0.39189051649440004,-0.5,0.00035529978607863204,0.0,0.399,maker,104783.56056,
2025-05-11 04:00:00+00:00,signal,sell,0.191,103931.94310365364,19851.001132797846,7.940400453119139,1.525467238975383,0.004314309675568941,77.77439595117733,0.20800000000000002,taker,,
2025-05-12 14:29:00+00:00,stop_loss,sell,0.20800000000000002,102831.54060060889,21388.96044492665,8.555584177970662,1.0,,-144.186996246686,0.0,taker,,102841.8247830872
2025-05-21 04:00:00+00:00,signal,buy,0.181,106785.66045,19328.20454145,0.386564090829,-0.5,0.0017696874324344123,0.0,0.181,maker,106785.66045,
2025-05-21 17:44:00+00:00,stop_loss,sell,0.181,106557.52086927758,19286.91127733924,7.714764510935697,1.0,,-41.29326411075766,0.0,taker,,106568.17768704628
2025-05-22 20:00:00+00:00,signal,buy,0.045,111130.64319,5000.87894355,0.10001757887100002,-0.5,0.0004367496053635615,0.0,0.045,maker,111130.64319,
2025-05-23 11:57:00+00:00,stop_loss,sell,0.045,109177.102825386,4912.96962714237,1.965187850856948,1.0,,-87.90931640763017,0.0,taker,,109188.02162754875
2025-05-24 16:00:00+00:00,signal,buy,0.046,108883.655545,5008.64815507,0.1001729631014,-0.5,0.0002602822906387332,0.0,0.046,maker,108883.655545,
2025-05-27 01:22:00+00:00,stop_loss,sell,0.046,107758.9926560891,4956.913662180099,1.9827654648720396,1.0,,-51.734492889901304,0.0,taker,,107769.7696330524
2025-06-10 04:02:00+00:00,signal,buy,0.045,109557.52185,4930.08848325,0.098601769665,-0.5,0.00047168229125441394,0.0,0.045,maker,109557.52185,
2025-06-11 18:17:00+00:00,stop_loss,sell,0.045,108524.92254280145,4883.621514426065,1.9534486057704261,1.0,,-46.46696882393509,0.0,taker,,108535.77612041349
2025-06-22 04:00:00+00:00,signal,sell,0.033,102345.11700000001,3377.3888610000004,0.06754777722000001,-0.5,0.0004552781275070914,0.0,-0.033,maker,102345.11700000001,
2025-06-22 16:25:00+00:00,take_profit,buy,0.033,98719.55068319918,3257.745172545573,1.3030980690182292,1.0,,119.64368845442748,0.0,taker,,98709.67971522766
2025-06-23 20:00:00+00:00,signal,sell,0.001,103119.35571,103.11935571000001,0.0020623871142000003,-0.5,4.049227267454322e-06,0.0,-0.001,maker,103119.35571,
2025-06-23 22:24:00+00:00,stop_loss,buy,0.001,105605.03018803877,105.60503018803877,0.04224201207521551,1.0,,-2.485674478038767,0.0,taker,,105594.47074096468
2025-07-03 20:04:00+00:00,signal,buy,0.045,109811.30916,4941.5089122,0.098830178244,-0.5,0.0010716244092214317,0.0,0.045,maker,109811.30916,
2025-07-04 13:47:00+00:00,stop_loss,sell,0.045,108203.43479104126,4869.154565596857,1.9476618262387428,1.0,,-72.35434660314341,0.0,taker,,108214.25621666292
2025-07-11 00:00:00+00:00,signal,buy,0.043000000000000003,115973.40104,4986.85624472,0.09973712489440001,-0.5,0.0001384321951384356,0.0,0.043000000000000003,maker,115973.40104,
2025-07-14 02:23:00+00:00,take_profit,sell,0.043000000000000003,119570.17640531009,5141.517585428334,2.056607034171334,1.0,,154.6613407083341,0.0,taker,,119582.13461877198
2025-07-28 00:00:00+00:00,signal,buy,0.042,119417.528825,5015.536210650001,0.10031072421300002,-0.5,0.0002909884041745492,0.0,0.042,maker,119417.528825,
2025-07-28 16:00:00+00:00,signal,sell,0.042,118139.82021665371,4961.872449099456,1.9847489796397826,1.1070217782456413,0.00017896345341967494,-53.6637615505443,0.0,taker,,
2025-08-10 16:00:00+00:00,signal,buy,0.042,118760.0617,4987.922591400001,0.09975845182800003,-0.5,0.00065964348054661,0.0,0.042,maker,118760.0617,
2025-08-11 03:00:00+00:00,take_profit,sell,0.042,121920.70415051904,5120.6695743218,2.04826782972872,1.0,,132.74698292179957,0.0,taker,,121932.89744026307
2025-08-11 04:02:00+00:00,signal,buy,0.29,121751.51212,35307.9385148,0.706158770296,-0.5,0.004266571445499211,0.0,0.29,maker,121751.51212,
2025-08-11 04:51:00+00:00,take_profit,sell,0.29,121920.70415051904,35357.00420365052,14.142801681460208,1.0,,49.06568885052256,0.0,taker,,121932.89744026307
2025-08-11 12:00:00+00:00,signal,buy,0.216,120538.97275,26036.418114,0.5207283622800001,-0.5,0.0007756058892305552,0.0,0.216,maker,120538.97275,
2025-08-11 12:31:00+00:00,stop_loss,sell,0.216,119835.2799577361,25884.420470871,10.3537681883484,1.0,,-151.99764312900254,0.0,taker,,119847.26468420452
2025-08-12 08:01:00+00:00,signal,buy,0.042,118951.752115,4995.97358883,0.09991947177660002,-0.5,0.0008452120475747174,0.0,0.042,maker,118951.752115,
2025-08-13 19:30:00+00:00,take_profit,sell,0.042,122545.19465486388,5146.898175504283,2.0587592702017132,1.0,,150.92458667428318,0.0,taker,,122557.45039990387
2025-08-14 12:00:00+00:00,signal,buy,0.046,120941.75261000001,5563.320620060001,0.11126641240120003,-0.5,0.0001766220448372325,0.0,0.046,maker,120941.75261000001,
2025-08-14 12:34:00+00:00,stop_loss,sell,0.046,118757.57927776962,5462.848646777403,2.185139458710961,1.0,,-100.47197328259801,0.0,taker,,118769.45622339196
2025-08-25 00:00:00+00:00,signal,sell,0.007,113451.87231,794.1631061700001,0.015883262123400004,-0.5,4.023744631668982e-05,0.0,-0.007,maker,113451.87231,
2025-08-25 20:34:00+00:00,take_profit,buy,0.007,109515.35860321955,766.6075102225368,0.30664300408901474,1.0,,27.555595947463225,0.0,taker,,109504.40816240331
2025-08-27 20:00:00+00:00,signal,sell,0.007,112038.50164500001,784.2695115150001,0.015685390230300002,-0.5,0.00015680957795061537,0.0,-0.007,maker,112038.50164500001,
2025-08-28 08:00:00+00:00,signal,buy,0.007,113091.24811807954,791.6387368265569,0.31665549473062277,1.056614082289656,5.0080536148436284e-05,-7.369225311556729,0.0,taker,,
2025-09-12 08:02:00+00:00,signal,buy,0.043000000000000003,115080.545685,4948.463464455001,0.09896926928910002,-0.5,0.001199447623803097,0.0,0.043000000000000003,maker,115080.545685,
2025-09-13 16:43:00+00:00,stop_loss,sell,0.043000000000000003,115099.32336329295,4949.270904621597,1.9797083618486389,1.0,,0.8074401665965562,0.0,taker,,115110.83444673762
2025-09-14 00:01:00+00:00,signal,buy,0.043000000000000003,115886.40539,4983.11543177,0.09966230863540002,-0.5,0.0013675258350868368,0.0,0.043000000000000003,maker,115886.40539,
2025-09-14 13:31:00+00:00,stop_loss,sell,0.043000000000000003,115248.75732095336,4955.696564800995,1.982278625920398,1.0,,-27.418866969005585,0.0,taker,,115260.2833492883
2025-09-15 08:00:00+00:00,signal,buy,0.043000000000000003,115763.81152,4977.843895360001,0.09955687790720003,-0.5,0.000671857710409394,0.0,0.043000000000000003,maker,115763.81152,
2025-09-15 13:43:00+00:00,stop_loss,sell,0.043000000000000003,114408.65559713599,4919.572190676848,1.9678288762707392,1.0,,-58.27170468315247,0.0,taker,,114420.09760689668
2025-09-24 04:00:00+00:00,signal,sell,0.01,111645.38199000001,1116.4538199,0.022329076398000004,-0.5,7.10441082601905e-05,0.0,-0.01,maker,111645.38199000001,
2025-09-24 13:40:00+00:00,stop_loss,buy,0.01,113171.35335396237,1131.7135335396238,0.4526854134158495,1.0,,-15.25971363962366,0.0,taker,,113160.03735022736
2025-09-25 08:00:00+00:00,signal,sell,0.04,111714.08542500001,4468.563417,0.08937126834000002,-0.5,0.0004978447165509575,0.0,-0.04,maker,111714.08542500001,
2025-09-25 17:57:00+00:00,take_profit,buy,0.04,108711.66228352065,4348.466491340826,1.7393865965363304,1.0,,120.09692565917445,0.0,taker,,108700.79220430022
2025-10-02 04:01:00+00:00,signal,buy,0.042,118686.765365,4984.84414533,0.09969688290660002,-0.5,0.0009395082250418258,0.0,0.042,maker,118686.765365,
2025-10-03 15:53:00+00:00,take_profit,sell,0.042,121973.2131158186,5122.874950864381,2.0491499803457525,1.0,,138.03080553438102,0.0,taker,,121985.41165698429
2025-10-04 08:00:00+00:00,signal,buy,0.301,122265.28643,36801.85121543,0.7360370243086,-0.5,0.010251339356634855,0.0,0.301,maker,122265.28643,
2025-10-05 09:45:00+00:00,stop_loss,sell,0.301,122764.57339314163,36952.13659133563,14.780854636534253,1.0,,150.28537590563354,0.0,taker,,122776.85107824946
2025-10-05 12:00:00+00:00,signal,buy,0.203,123407.129335,25051.647255005002,0.5010329451001001,-0.5,0.0005357640944099328,0.0,0.203,maker,123407.129335,
2025-10-05 14:43:00+00:00,stop_loss,sell,0.203,122764.57339314163,24921.208398807754,9.968483359523102,1.0,,-130.43885619724963,0.0,taker,,122776.85107824946
2025-10-06 08:01:00+00:00,signal,buy,0.202,123411.42912,24929.108682240003,0.4985821736448001,-0.5,0.0032180579804063645,0.0,0.202,maker,123411.42912,
2025-10-07 08:20:00+00:00,stop_loss,sell,0.202,123366.75941173504,24920.08540117048,9.968034160468193,1.0,,-9.023281069522433,0.0,taker,,123379.09732146718
2025-10-17 04:00:00+00:00,signal,sell,0.002,109127.35609500001,218.25471219000002,0.004365094243800001,-0.5,6.838149381632543e-05,0.0,-0.002,maker,109127.35609500001,
2025-10-19 11:10:00+00:00,stop_loss,buy,0.002,108175.76579664857,216.35153159329715,0.08654061263731887,1.0,,1.9031805967028776,0.0,taker,,108164.9493017184
2025-10-30 20:00:00+00:00,signal,sell,0.012,106499.62471500001,1277.9954965800002,0.025559909931600008,-0.5,4.306331237563502e-05,0.0,-0.012,maker,106499.62471500001,
2025-10-31 00:52:00+00:00,stop_loss,buy,0.012,109187.83755017539,1310.2540506021048,0.524101620240842,1.0,,-32.25855402210454,0.0,taker,,109176.91985818958
2025-11-01 04:00:00+00:00,signal,sell,0.003,110200.10973000001,330.60032919,0.006612006583800001,-0.5,9.693238985315388e-05,0.0,-0.003,maker,110200.10973000001,
2025-11-02 16:00:00+00:00,signal,buy,0.003,110077.34736488375,330.23204209465126,0.1320928168378605,1.0127872938069225,2.5549200453836835e-06,0.36828709534877274,0.0,taker,,
2025-11-03 00:00:00+00:00,signal,sell,0.004,110500.42474500001,442.00169898000007,0.008840033979600002,-0.5,5.875572472123647e-05,0.0,-0.004,maker,110500.42474500001,
2025-11-03 15:26:00+00:00,take_profit,buy,0.004,106672.03811476009,426.68815245904034,0.17067526098361616,1.0,,15.313546520959703,0.0,taker,,106661.37197756233
2025-11-04 08:00:00+00:00,signal,sell,0.004,104448.122145,417.79248858,0.008355849771600001,-0.5,5.92032290808797e-05,0.0,-0.004,maker,104448.122145,
2025-11-04 20:18:00+00:00,take_profit,buy,0.004,99676.33804438628,398.70535217754514,0.15948214087101806,1.0,,19.087136402454867,0.0,taker,,99666.37140724556
2025-11-06 08:01:00+00:00,signal,sell,0.011,103071.653325,1133.788186575,0.022675763731500004,-0.5,0.00020937417308537103,0.0,-0.011,maker,103071.653325,
2025-11-07 19:39:00+00:00,stop_loss,buy,0.011,103104.46034002928,1134.1490637403222,0.45365962549612887,1.0,,-0.3608771653220465,0.0,taker,,103094.1509249368
2025-11-08 12:00:00+00:00,signal,sell,0.012,101810.69028000001,1221.7282833600002,0.024434565667200005,-0.5,0.0001393239216268377,0.0,-0.012,maker,101810.69028000001,
2025-11-08 20:00:00+00:00,signal,buy,0.012,101946.11091242319,1223.3533309490783,0.48934133237963134,1.1488675484614617,0.0003462741716394631,-1.6250475890781382,0.0,taker,,
2025-11-09 08:00:00+00:00,signal,sell,0.003,101903.39491500001,305.71018474500005,0.006114203694900002,-0.5,0.00014875088336750313,0.0,-0.003,maker,101903.39491500001,
2025-11-09 16:00:00+00:00,signal,buy,0.003,103726.51252290673,311.1795375687202,0.1244718150274881,1.0328728030584127,1.6884705951830914e-05,-5.469352823720168,0.0,taker,,
2025-11-15 04:01:00+00:00,signal,sell,0.002,96338.01666000001,192.67603332000002,0.0038535206664000008,-0.5,5.81673305341316e-05,0.0,-0.002,maker,96338.01666000001,
2025-11-18 03:02:00+00:00,take_profit,buy,0.002,90443.87126553436,180.8877425310687,0.07235509701242748,1.0,,11.788290788931306,0.0,taker,,90434.82778275608
2025-11-23 16:00:00+00:00,signal,sell,0.002,87047.15214,174.09430428000002,0.0034818860856000006,-0.5,8.80480679439556e-06,0.0,-0.002,maker,87047.15214,
2025-11-24 20:54:00+00:00,stop_loss,buy,0.002,89139.60021461573,178.27920042923145,0.07131168017169258,1.0,,-4.184896149231442,0.0,taker,,89130.68714590113
2025-12-01 08:02:00+00:00,signal,sell,0.005,86451.42235500002,432.2571117750001,0.008645142235500003,-0.5,6.297141158613329e-05,0.0,-0.005,maker,86451.42235500002,
2025-12-02 01:05:00+00:00,stop_loss,buy,0.005,86847.69184430032,434.2384592215016,0.17369538368860066,1.0,,-1.9813474465015315,0.0,taker,,86839.00794350597
2025-12-07 08:01:00+00:00,signal,sell,0.004,89287.76416500002,357.15105666000005,0.007143021133200002,-0.5,0.0002668110426034796,0.0,-0.004,maker,89287.76416500002,
2025-12-07 17:35:00+00:00,stop_loss,buy,0.004,91011.99915999362,364.0479966399745,0.1456191986559898,1.0,,-6.896939979974413,0.0,taker,,91002.89887010661
2025-12-14 16:01:00+00:00,signal,sell,0.017,88932.94642500002,1511.8600892250004,0.03023720178450001,-0.5,0.00031623612087666275,0.0,-0.017,maker,88932.94642500002,
2025-12-15 02:21:00+00:00,stop_loss,buy,0.017,89969.49735260109,1529.4814549942187,0.6117925819976875,1.0,,-17.621365769218205,0.0,taker,,89960.50130247085
2025-12-17 08:02:00+00:00,signal,sell,0.018000000000000002,86906.94513000002,1564.3250123400005,0.03128650024680001,-0.5,0.0006388977767394901,0.0,-0.018000000000000002,maker,86906.94513000002,
2025-12-17 14:54:00+00:00,stop_loss,buy,0.018000000000000002,88966.9229168674,1601.4046125036134,0.6405618450014454,1.0,,-37.07960016361292,0.0,taker,,88958.027114156
2025-12-17 20:00:00+00:00,signal,sell,0.028,85986.999135,2407.63597578,0.048152719515600004,-0.5,0.00016963905067993423,0.0,-0.028,maker,85986.999135,
2025-12-18 08:00:00+00:00,signal,buy,0.028,86797.26944021862,2430.3235443261215,0.9721294177304486,1.125673653304416,0.0002467791739824773,-22.687568546121124,0.0,taker,,
2026-01-14 08:00:00+00:00,signal,buy,0.053,95161.84167000001,5043.577608510001,0.10087155217020002,-0.5,0.0003633285696720082,0.0,0.053,maker,95161.84167000001,
2026-01-14 16:00:00+00:00,signal,buy,0.23900000000000002,96687.065405,23108.208631795,0.4621641726359001,-0.5,0.001364107868453674,0.0,0.29200000000000004,maker,96687.065405,
2026-01-15 19:31:00+00:00,stop_loss,sell,0.29200000000000004,95342.84201117251,27840.109867262378,11.136043946904952,1.0,,-311.6763730426247,0.0,taker,,95352.3772488974
2026-01-26 04:00:00+00:00,signal,sell,0.01,87237.46165500002,872.3746165500003,0.017447492331000007,-0.5,0.00010947535103680227,0.0,-0.01,maker,87237.46165500002,
2026-01-26 15:15:00+00:00,stop_loss,buy,0.01,88813.01338407044,888.1301338407044,0.35525205353628175,1.0,,-15.755517290704157,0.0,taker,,88804.13297077335
2026-01-27 20:01:00+00:00,signal,sell,0.038,88365.81807000001,3357.90108666,0.06715802173320001,-0.5,0.0012934497739178084,0.0,-0.038,maker,88365.81807000001,
2026-01-28 11:54:00+00:00,stop_loss,buy,0.038,89995.33687025642,3419.822801069744,1.3679291204278976,1.0,,-61.92171440974358,0.0,taker,,89986.33823643277
2026-01-29 16:02:00+00:00,signal,sell,0.01,84776.73862500001,847.7673862500002,0.016955347725000004,-0.5,2.3890066890186586e-05,0.0,-0.01,maker,84776.73862500001,
2026-01-30 01:43:00+00:00,take_profit,buy,0.01,81201.94612145124,812.0194612145124,0.32480778448580494,1.0,,35.74792503548772,0.0,taker,,81193.82673877737
2026-02-01 12:00:00+00:00,signal,sell,0.011,78716.03560500001,865.8763916550001,0.017317527833100005,-0.5,0.0001154780537933197,0.0,-0.011,maker,78716.03560500001,
2026-02-02 15:40:00+00:00,stop_loss,buy,0.011,79161.56321470403,870.7771953617442,0.3483108781446977,1.0,,-4.900803706744205,0.0,taker,,79153.64784991904
2026-02-05 16:00:00+00:00,signal,sell,0.013000000000000001,67455.3726,876.9198438000001,0.017538396876000003,-0.5,1.61738109336005e-05,0.0,-0.013000000000000001,maker,67455.3726,
2026-02-06 00:09:00+00:00,take_profit,buy,0.013000000000000001,61319.98832460896,797.1598482199165,0.31886393928796664,1.0,,79.75999558008357,0.0,taker,,61313.856938915065
2026-02-07 04:00:00+00:00,signal,sell,0.001,70890.74436000001,70.89074436000001,0.0014178148872000004,-0.5,1.385352919046011e-06,0.0,-0.001,maker,70890.74436000001,
2026-02-08 13:57:00+00:00,stop_loss,buy,0.001,71461.64221195134,71.46164221195134,0.028584656884780537,1.0,,-0.570897851951333,0.0,taker,,71454.49676227511
2026-02-09 20:02:00+00:00,signal,sell,0.004,70774.33854000001,283.09735416000007,0.005661947083200002,-0.5,1.7060457400497245e-05,0.0,-0.004,maker,70774.33854000001,
2026-02-10 00:00:00+00:00,signal,buy,0.004,70117.95028290343,280.47180113161374,0.11218872045264551,1.04838396810503,3.657825577482118e-05,2.625553028386319,0.0,taker,,
2026-02-23 08:00:00+00:00,signal,sell,0.009000000000000001,65918.995785,593.2709620650002,0.011865419241300005,-0.5,7.090989424722237e-05,0.0,-0.009000000000000001,maker,65918.995785,
2026-02-24 05:24:00+00:00,take_profit,buy,0.009000000000000001,62790.235274666535,565.1121174719989,0.22604484698879956,1.0,,28.15884459300125,0.0,taker,,62783.956878978635
2026-03-08 16:01:00+00:00,signal,sell,0.008,67160.45785500002,537.2836628400001,0.010745673256800004,-0.5,0.00013627614758929756,0.0,-0.008,maker,67160.45785500002,
2026-03-09 05:44:00+00:00,stop_loss,buy,0.008,67939.4941544908,543.5159532359264,0.21740638129437057,1.0,,-6.232290395926335,0.0,taker,,67932.70088440237
2026-03-15 20:00:00+00:00,signal,buy,0.069,71511.62424,4934.302072560001,0.09868604145120002,-0.5,0.0021370121822747337,0.0,0.069,maker,71511.62424,
2026-03-16 21:36:00+00:00,take_profit,sell,0.069,74529.00413333601,5142.5012852001855,2.0570005140800744,1.0,,208.1992126401846,0.0,taker,,74536.45777911393
2026-03-27 16:01:00+00:00,signal,sell,0.033,66003.199995,2178.1055998350002,0.04356211199670001,-0.5,4.984361114385523e-05,0.0,-0.033,maker,66003.199995,
2026-03-30 04:00:00+00:00,signal,buy,0.024,67147.59903022104,1611.542376725305,0.644616950690122,1.1318186209484749,0.00027150232544933845,-27.465576845304923,-0.009000000000000001,taker,,
2026-03-30 04:28:00+00:00,stop_loss,buy,0.009000000000000001,67514.640092854,607.631760835686,0.24305270433427442,1.0,,-13.602960880685934,0.0,taker,,67507.8893039236
2026-04-08 16:00:00+00:00,signal,buy,0.07,71271.33625499999,4988.9935378499995,0.099779870757,-0.5,0.0004789020098575942,0.0,0.07,maker,71271.33625499999,
2026-04-10 20:00:00+00:00,signal,sell,0.07,73179.14531367183,5122.540171957029,2.049016068782812,1.1278835329801922,0.0002555343438671235,133.54663410702926,0.0,taker,,
2026-05-02 04:01:00+00:00,signal,buy,0.064,78396.779965,5017.39391776,0.1003478783552,-0.5,0.0010641873799075378,0.0,0.064,maker,78396.779965,
2026-05-04 04:03:00+00:00,signal,buy,0.369,80352.882155,29650.213515195,0.5930042703039,-0.5,0.0007973051534156213,0.0,0.433,maker,80352.882155,
2026-05-04 10:06:00+00:00,stop_loss,sell,0.433,79018.30795692831,34214.92734534996,13.685970938139986,1.0,,-452.68008760503835,0.0,taker,,79026.21057798612
2026-05-11 20:01:00+00:00,signal,buy,0.06,81975.00104500001,4918.500062700001,0.09837000125400003,-0.5,0.0014279614125815967,0.0,0.06,maker,81975.00104500001,
2026-05-12 10:35:00+00:00,stop_loss,sell,0.06,80593.15334624174,4835.589200774504,1.9342356803098018,1.0,,-82.91086192549614,0.0,taker,,80601.2134675885
2026-05-18 08:00:00+00:00,signal,sell,0.048,77043.35197500001,3698.080894800001,0.07396161789600002,-0.5,0.0002719129985395227,0.0,-0.048,maker,77043.35197500001,
2026-05-20 04:00:00+00:00,signal,buy,0.048,76698.43686815345,3681.524969671366,1.4726099878685464,1.1522902914416677,0.00036238020105293936,16.555925128634787,0.0,taker,,
2026-06-05 04:00:00+00:00,signal,sell,0.078,62703.13500000001,4890.84453,0.09781689060000001,-0.5,0.001108942871393832,0.0,-0.078,maker,62703.13500000001,
2026-06-07 08:28:00+00:00,stop_loss,buy,0.078,62513.54856783496,4876.056788291126,1.9504227153164506,1.0,,14.787741708874018,0.0,taker,,62507.297838051156
2026-06-08 12:00:00+00:00,signal,sell,0.001,63453.27250500001,63.45327250500001,0.0012690654501000002,-0.5,1.1705007351426273e-06,0.0,-0.001,maker,63453.27250500001,
2026-06-09 08:00:00+00:00,signal,buy,0.001,63177.438077965024,63.17743807796502,0.02527097523118601,1.0349825576363183,1.9121552168411382e-05,0.2758344270349844,0.0,taker,,
2026-06-24 20:00:00+00:00,signal,sell,0.013000000000000001,59926.696185,779.047050405,0.015580941008100003,-0.5,4.9284503727307036e-05,0.0,-0.013000000000000001,maker,59926.696185,
2026-06-25 05:02:00+00:00,stop_loss,buy,0.013000000000000001,61473.01327343993,799.1491725547191,0.3196596690218877,1.0,,-20.102122149719087,0.0,taker,,61466.86658678125
2026-06-25 20:00:00+00:00,signal,sell,0.008,59302.86499500001,474.4229199600001,0.009488458399200003,-0.5,1.1745161716332862e-05,0.0,-0.008,maker,59302.86499500001,
2026-06-30 04:00:00+00:00,signal,sell,0.032,59599.079805,1907.17055376,0.03814341107520001,-0.5,0.0002877941359946851,0.0,-0.04,maker,59599.079805,
2026-06-30 08:00:00+00:00,signal,buy,0.04,59504.76845582818,2380.1907382331274,0.952076295293251,1.188021692970646,0.000552377453555435,1.4027354868725526,0.0,taker,,
2026-07-21 20:00:00+00:00,signal,buy,0.074,66406.179525,4914.05728485,0.098281145697,-0.5,0.00047296522704129017,0.0,0.074,maker,66406.179525,
2026-07-23 07:11:00+00:00,stop_loss,sell,0.074,65467.48078492098,4844.593578084153,1.9378374312336613,1.0,,-69.46370676584723,0.0,taker,,65474.02818773976
