,equity
2020-01-01 00:00:00+00:00,10000.0
2020-01-01 04:00:00+00:00,10000.0
2020-01-01 08:00:00+00:00,10000.0
2020-01-01 12:00:00+00:00,10000.0
2020-01-01 16:00:00+00:00,10000.0
2020-01-01 20:00:00+00:00,10000.0
2020-01-02 00:00:00+00:00,10000.0
2020-01-02 04:00:00+00:00,10000.0
2020-01-02 08:00:00+00:00,10000.0
2020-01-02 12:00:00+00:00,10000.0
2020-01-02 16:00:00+00:00,10000.0
2020-01-02 20:00:00+00:00,10000.0
2020-01-03 00:00:00+00:00,10000.0
2020-01-03 04:00:00+00:00,10000.0
2020-01-03 08:00:00+00:00,10000.0
2020-01-03 12:00:00+00:00,10000.0
2020-01-03 16:00:00+00:00,10000.0
2020-01-03 20:00:00+00:00,10000.0
2020-01-04 00:00:00+00:00,10000.0
2020-01-04 04:00:00+00:00,10000.0
2020-01-04 08:00:00+00:00,10000.0
2020-01-04 12:00:00+00:00,10000.0
2020-01-04 16:00:00+00:00,10000.0
2020-01-04 20:00:00+00:00,10000.0
2020-01-05 00:00:00+00:00,10000.0
2020-01-05 04:00:00+00:00,10000.0
2020-01-05 08:00:00+00:00,10000.0
2020-01-05 12:00:00+00:00,10000.0
2020-01-05 16:00:00+00:00,10000.0
2020-01-05 20:00:00+00:00,10000.0
2020-01-06 00:00:00+00:00,10000.0
2020-01-06 04:00:00+00:00,10000.0
2020-01-06 08:00:00+00:00,10000.0
2020-01-06 12:00:00+00:00,10000.0
2020-01-06 16:00:00+00:00,10000.0
2020-01-06 20:00:00+00:00,10000.0
2020-01-07 00:00:00+00:00,10000.0
2020-01-07 04:00:00+00:00,10000.0
2020-01-07 08:00:00+00:00,10000.0
2020-01-07 12:00:00+00:00,10000.0
2020-01-07 16:00:00+00:00,10000.0
2020-01-07 20:00:00+00:00,10000.0
2020-01-08 00:00:00+00:00,10000.0
2020-01-08 04:00:00+00:00,10000.0
2020-01-08 08:00:00+00:00,10000.0
2020-01-08 12:00:00+00:00,10000.0
2020-01-08 16:00:00+00:00,10000.0
2020-01-08 20:00:00+00:00,10000.0
2020-01-09 00:00:00+00:00,10000.0
2020-01-09 04:00:00+00:00,10000.0
2020-01-09 08:00:00+00:00,10000.0
2020-01-09 12:00:00+00:00,10000.0
2020-01-09 16:00:00+00:00,10000.0
2020-01-09 20:00:00+00:00,10000.0
2020-01-10 00:00:00+00:00,10000.0
2020-01-10 04:00:00+00:00,10000.0
2020-01-10 08:00:00+00:00,10000.0
2020-01-10 12:00:00+00:00,10000.0
2020-01-10 16:00:00+00:00,10000.0
2020-01-10 20:00:00+00:00,10000.0
2020-01-11 00:00:00+00:00,10000.0
2020-01-11 04:00:00+00:00,10000.0
2020-01-11 08:00:00+00:00,10000.0
2020-01-11 12:00:00+00:00,10000.0
2020-01-11 16:00:00+00:00,10000.0
2020-01-11 20:00:00+00:00,10000.0
2020-01-12 00:00:00+00:00,10000.0
2020-01-12 04:00:00+00:00,10000.0
2020-01-12 08:00:00+00:00,10000.0
2020-01-12 12:00:00+00:00,10000.0
2020-01-12 16:00:00+00:00,10000.0
2020-01-12 20:00:00+00:00,10000.0
2020-01-13 00:00:00+00:00,10000.0
2020-01-13 04:00:00+00:00,10000.0
2020-01-13 08:00:00+00:00,10000.0
2020-01-13 12:00:00+00:00,10000.0
2020-01-13 16:00:00+00:00,10000.0
2020-01-13 20:00:00+00:00,10000.0
2020-01-14 00:00:00+00:00,10000.0
2020-01-14 04:00:00+00:00,10000.0
2020-01-14 08:00:00+00:00,10000.0
2020-01-14 12:00:00+00:00,10000.0
2020-01-14 16:00:00+00:00,10000.0
2020-01-14 20:00:00+00:00,10000.0
2020-01-15 00:00:00+00:00,10000.0
2020-01-15 04:00:00+00:00,10000.0
2020-01-15 08:00:00+00:00,10000.0
2020-01-15 12:00:00+00:00,10000.0
2020-01-15 16:00:00+00:00,10000.0
2020-01-15 20:00:00+00:00,10000.0
2020-01-16 00:00:00+00:00,10000.0
2020-01-16 04:00:00+00:00,10000.0
2020-01-16 08:00:00+00:00,10000.0
2020-01-16 12:00:00+00:00,10000.0
2020-01-16 16:00:00+00:00,10000.0
2020-01-16 20:00:00+00:00,10000.0
2020-01-17 00:00:00+00:00,10000.0
2020-01-17 04:00:00+00:00,10000.0
2020-01-17 08:00:00+00:00,10000.0
2020-01-17 12:00:00+00:00,10000.0
2020-01-17 16:00:00+00:00,10000.0
2020-01-17 20:00:00+00:00,10000.0
2020-01-18 00:00:00+00:00,10000.0
2020-01-18 04:00:00+00:00,10000.0
2020-01-18 08:00:00+00:00,10000.0
2020-01-18 12:00:00+00:00,10000.0
2020-01-18 16:00:00+00:00,10000.0
2020-01-18 20:00:00+00:00,10000.0
2020-01-19 00:00:00+00:00,10000.0
2020-01-19 04:00:00+00:00,10000.0
2020-01-19 08:00:00+00:00,10000.0
2020-01-19 12:00:00+00:00,10000.0
2020-01-19 16:00:00+00:00,10000.0
2020-01-19 20:00:00+00:00,10000.0
2020-01-20 00:00:00+00:00,10000.0
2020-01-20 04:00:00+00:00,10000.0
2020-01-20 08:00:00+00:00,10000.0
2020-01-20 12:00:00+00:00,10000.0
2020-01-20 16:00:00+00:00,10000.0
2020-01-20 20:00:00+00:00,10000.0
2020-01-21 00:00:00+00:00,10000.0
2020-01-21 04:00:00+00:00,10000.0
2020-01-21 08:00:00+00:00,10000.0
2020-01-21 12:00:00+00:00,10000.0
2020-01-21 16:00:00+00:00,10000.0
2020-01-21 20:00:00+00:00,10000.0
2020-01-22 00:00:00+00:00,10000.0
2020-01-22 04:00:00+00:00,10000.0
2020-01-22 08:00:00+00:00,10000.0
2020-01-22 12:00:00+00:00,10000.0
2020-01-22 16:00:00+00:00,10000.0
2020-01-22 20:00:00+00:00,10000.0
2020-01-23 00:00:00+00:00,10000.0
2020-01-23 04:00:00+00:00,10000.0
2020-01-23 08:00:00+00:00,10000.0
2020-01-23 12:00:00+00:00,10000.0
2020-01-23 16:00:00+00:00,10000.0
2020-01-23 20:00:00+00:00,10000.0
2020-01-24 00:00:00+00:00,10000.0
2020-01-24 04:00:00+00:00,10000.0
2020-01-24 08:00:00+00:00,10000.0
2020-01-24 12:00:00+00:00,10000.0
2020-01-24 16:00:00+00:00,10000.0
2020-01-24 20:00:00+00:00,10000.0
2020-01-25 00:00:00+00:00,10000.0
2020-01-25 04:00:00+00:00,10000.0
2020-01-25 08:00:00+00:00,10000.0
2020-01-25 12:00:00+00:00,10000.0
2020-01-25 16:00:00+00:00,10000.0
2020-01-25 20:00:00+00:00,10000.0
2020-01-26 00:00:00+00:00,10000.0
2020-01-26 04:00:00+00:00,10000.0
2020-01-26 08:00:00+00:00,10000.0
2020-01-26 12:00:00+00:00,10000.0
2020-01-26 16:00:00+00:00,10000.0
2020-01-26 20:00:00+00:00,10000.0
2020-01-27 00:00:00+00:00,10037.12923282666
2020-01-27 04:00:00+00:00,10080.763465089967
2020-01-27 08:00:00+00:00,10071.581567724257
2020-01-27 12:00:00+00:00,10130.390833510837
2020-01-27 16:00:00+00:00,10240.971679665994
2020-01-27 20:00:00+00:00,10638.443301784238
2020-01-28 00:00:00+00:00,10578.092427211786
2020-01-28 04:00:00+00:00,11104.99965264981
2020-01-28 08:00:00+00:00,10856.271185833495
2020-01-28 12:00:00+00:00,10946.7893163467
2020-01-28 16:00:00+00:00,10907.275410307735
2020-01-28 20:00:00+00:00,10867.769734249256
2020-01-29 00:00:00+00:00,11122.89599138738
2020-01-29 04:00:00+00:00,10982.70082172365
2020-01-29 08:00:00+00:00,11016.972714988278
2020-01-29 12:00:00+00:00,10960.546747918748
2020-01-29 16:00:00+00:00,10940.96080501931
2020-01-29 20:00:00+00:00,11029.609662929262
2020-01-30 00:00:00+00:00,10951.281443633332
2020-01-30 04:00:00+00:00,10931.303929399952
2020-01-30 08:00:00+00:00,11023.341600840653
2020-01-30 12:00:00+00:00,10863.969861826328
2020-01-30 16:00:00+00:00,10914.102368357006
2020-01-30 20:00:00+00:00,11243.098778275391
2020-01-31 00:00:00+00:00,11265.117998668815
2020-01-31 04:00:00+00:00,11046.524429884277
2020-01-31 08:00:00+00:00,11007.136466868475
2020-01-31 12:00:00+00:00,10904.979623077224
2020-01-31 16:00:00+00:00,10908.96093034785
2020-01-31 20:00:00+00:00,10886.113677883726
2020-02-01 00:00:00+00:00,10915.664594041127
2020-02-01 04:00:00+00:00,10963.993347968742
2020-02-01 08:00:00+00:00,10956.265806325182
2020-02-01 12:00:00+00:00,10909.160244877512
2020-02-01 16:00:00+00:00,10898.296089093312
2020-02-01 20:00:00+00:00,10915.162645949209
2020-02-02 00:00:00+00:00,10926.512923035529
2020-02-02 04:00:00+00:00,10850.603845671458
2020-02-02 08:00:00+00:00,10872.926557130162
2020-02-02 12:00:00+00:00,10873.135471843108
2020-02-02 16:00:00+00:00,10873.135471843108
2020-02-02 20:00:00+00:00,10833.712247277546
2020-02-03 00:00:00+00:00,10761.94257938322
2020-02-03 04:00:00+00:00,10762.171151091137
2020-02-03 08:00:00+00:00,10757.082758339628
2020-02-03 12:00:00+00:00,10752.58524974459
2020-02-03 16:00:00+00:00,10736.43679458736
2020-02-03 20:00:00+00:00,10760.750528029406
2020-02-04 00:00:00+00:00,10769.56682556758
2020-02-04 04:00:00+00:00,10769.56682556758
2020-02-04 08:00:00+00:00,10769.56682556758
2020-02-04 12:00:00+00:00,10769.56682556758
2020-02-04 16:00:00+00:00,10769.56682556758
2020-02-04 20:00:00+00:00,10769.56682556758
2020-02-05 00:00:00+00:00,10769.56682556758
2020-02-05 04:00:00+00:00,10769.56682556758
2020-02-05 08:00:00+00:00,10769.56682556758
2020-02-05 12:00:00+00:00,10769.56682556758
2020-02-05 16:00:00+00:00,10769.56682556758
2020-02-05 20:00:00+00:00,10769.56682556758
2020-02-06 00:00:00+00:00,10769.56682556758
2020-02-06 04:00:00+00:00,10769.56682556758
2020-02-06 08:00:00+00:00,10769.56682556758
2020-02-06 12:00:00+00:00,10769.56682556758
2020-02-06 16:00:00+00:00,10769.56682556758
2020-02-06 20:00:00+00:00,10769.56682556758
2020-02-07 00:00:00+00:00,10781.686249658149
2020-02-07 04:00:00+00:00,10784.841292457473
2020-02-07 08:00:00+00:00,10797.844715619403
2020-02-07 12:00:00+00:00,10802.474364482365
2020-02-07 16:00:00+00:00,10798.347042725036
2020-02-07 20:00:00+00:00,10722.227732326537
2020-02-08 00:00:00+00:00,10753.316594230902
2020-02-08 04:00:00+00:00,10493.19671821418
2020-02-08 08:00:00+00:00,10544.123999256228
2020-02-08 12:00:00+00:00,10628.293204013207
2020-02-08 16:00:00+00:00,10656.964754845092
2020-02-08 20:00:00+00:00,10674.045466452824
2020-02-09 00:00:00+00:00,10694.819642329696
2020-02-09 04:00:00+00:00,10807.40706363356
2020-02-09 08:00:00+00:00,10864.07812253477
2020-02-09 12:00:00+00:00,10847.925111624818
2020-02-09 16:00:00+00:00,10838.278864619617
2020-02-09 20:00:00+00:00,10815.492692990194
2020-02-10 00:00:00+00:00,10870.085716255624
2020-02-10 04:00:00+00:00,10797.160364865833
2020-02-10 08:00:00+00:00,10575.20145073591
2020-02-10 12:00:00+00:00,10575.20145073591
2020-02-10 16:00:00+00:00,10575.20145073591
2020-02-10 20:00:00+00:00,10575.20145073591
2020-02-11 00:00:00+00:00,10575.20145073591
2020-02-11 04:00:00+00:00,10575.20145073591
2020-02-11 08:00:00+00:00,10575.20145073591
2020-02-11 12:00:00+00:00,10575.20145073591
2020-02-11 16:00:00+00:00,10575.20145073591
2020-02-11 20:00:00+00:00,10601.536371365712
2020-02-12 00:00:00+00:00,10584.74022554867
2020-02-12 04:00:00+00:00,10601.500890024314
2020-02-12 08:00:00+00:00,10659.508678826993
2020-02-12 12:00:00+00:00,10638.706893970939
2020-02-12 16:00:00+00:00,10619.390822431398
2020-02-12 20:00:00+00:00,10613.692190429141
2020-02-13 00:00:00+00:00,10620.526908471722
2020-02-13 04:00:00+00:00,10650.957494211061
2020-02-13 08:00:00+00:00,10620.858516944361
2020-02-13 12:00:00+00:00,10499.819949871648
2020-02-13 16:00:00+00:00,10561.558072464486
2020-02-13 20:00:00+00:00,10557.848873585988
2020-02-14 00:00:00+00:00,10541.00297834053
2020-02-14 04:00:00+00:00,10556.963947207563
2020-02-14 08:00:00+00:00,10470.177248939763
2020-02-14 12:00:00+00:00,10494.3512207493
2020-02-14 16:00:00+00:00,10480.38812604682
2020-02-14 20:00:00+00:00,10529.343424256505
2020-02-15 00:00:00+00:00,10528.525040269904
2020-02-15 04:00:00+00:00,10487.540629590723
2020-02-15 08:00:00+00:00,10457.061581171822
2020-02-15 12:00:00+00:00,10456.878963747293
2020-02-15 16:00:00+00:00,10408.53852152289
2020-02-15 20:00:00+00:00,10408.53852152289
2020-02-16 00:00:00+00:00,10408.53852152289
2020-02-16 04:00:00+00:00,10408.53852152289
2020-02-16 08:00:00+00:00,10408.53852152289
2020-02-16 12:00:00+00:00,10408.53852152289
2020-02-16 16:00:00+00:00,10408.53852152289
2020-02-16 20:00:00+00:00,10408.53852152289
2020-02-17 00:00:00+00:00,10408.53852152289
2020-02-17 04:00:00+00:00,10408.53852152289
2020-02-17 08:00:00+00:00,10408.53852152289
2020-02-17 12:00:00+00:00,10408.53852152289
2020-02-17 16:00:00+00:00,10408.53852152289
2020-02-17 20:00:00+00:00,10408.53852152289
2020-02-18 00:00:00+00:00,10408.53852152289
2020-02-18 04:00:00+00:00,10408.53852152289
2020-02-18 08:00:00+00:00,10408.53852152289
2020-02-18 12:00:00+00:00,10408.53852152289
2020-02-18 16:00:00+00:00,10408.53852152289
2020-02-18 20:00:00+00:00,10408.53852152289
2020-02-19 00:00:00+00:00,10408.53852152289
2020-02-19 04:00:00+00:00,10398.84985138629
2020-02-19 08:00:00+00:00,10387.956727712683
2020-02-19 12:00:00+00:00,10448.106561554092
2020-02-19 16:00:00+00:00,10404.382254891683
2020-02-19 20:00:00+00:00,10431.780123353476
2020-02-20 00:00:00+00:00,10212.713588290033
2020-02-20 04:00:00+00:00,10212.713588290033
2020-02-20 08:00:00+00:00,10212.713588290033
2020-02-20 12:00:00+00:00,10212.713588290033
2020-02-20 16:00:00+00:00,10212.713588290033
2020-02-20 20:00:00+00:00,10212.713588290033
2020-02-21 00:00:00+00:00,10212.713588290033
2020-02-21 04:00:00+00:00,10212.713588290033
2020-02-21 08:00:00+00:00,10212.713588290033
2020-02-21 12:00:00+00:00,10212.713588290033
2020-02-21 16:00:00+00:00,10212.713588290033
2020-02-21 20:00:00+00:00,10212.713588290033
2020-02-22 00:00:00+00:00,10212.713588290033
2020-02-22 04:00:00+00:00,10212.713588290033
2020-02-22 08:00:00+00:00,10212.713588290033
2020-02-22 12:00:00+00:00,10212.713588290033
2020-02-22 16:00:00+00:00,10212.713588290033
2020-02-22 20:00:00+00:00,10212.713588290033
2020-02-23 00:00:00+00:00,10212.713588290033
2020-02-23 04:00:00+00:00,10212.713588290033
2020-02-23 08:00:00+00:00,10212.713588290033
2020-02-23 12:00:00+00:00,10212.713588290033
2020-02-23 16:00:00+00:00,10224.451291467234
2020-02-23 20:00:00+00:00,10229.491829824005
2020-02-24 00:00:00+00:00,10241.670604636292
2020-02-24 04:00:00+00:00,10126.612965456794
2020-02-24 08:00:00+00:00,10124.40099334605
2020-02-24 12:00:00+00:00,10124.40099334605
2020-02-24 16:00:00+00:00,10124.40099334605
2020-02-24 20:00:00+00:00,10124.40099334605
2020-02-25 00:00:00+00:00,10124.40099334605
2020-02-25 04:00:00+00:00,10124.40099334605
2020-02-25 08:00:00+00:00,10124.40099334605
2020-02-25 12:00:00+00:00,10124.40099334605
2020-02-25 16:00:00+00:00,10124.40099334605
2020-02-25 20:00:00+00:00,10124.40099334605
2020-02-26 00:00:00+00:00,10124.40099334605
2020-02-26 04:00:00+00:00,10124.40099334605
2020-02-26 08:00:00+00:00,10124.40099334605
2020-02-26 12:00:00+00:00,10124.40099334605
2020-02-26 16:00:00+00:00,10124.40099334605
2020-02-26 20:00:00+00:00,10124.40099334605
2020-02-27 00:00:00+00:00,10124.40099334605
2020-02-27 04:00:00+00:00,10124.40099334605
2020-02-27 08:00:00+00:00,10124.40099334605
2020-02-27 12:00:00+00:00,10124.40099334605
2020-02-27 16:00:00+00:00,10124.40099334605
2020-02-27 20:00:00+00:00,10124.40099334605
2020-02-28 00:00:00+00:00,10124.40099334605
2020-02-28 04:00:00+00:00,10124.40099334605
2020-02-28 08:00:00+00:00,10124.40099334605
2020-02-28 12:00:00+00:00,10124.40099334605
2020-02-28 16:00:00+00:00,10124.40099334605
2020-02-28 20:00:00+00:00,10124.40099334605
2020-02-29 00:00:00+00:00,10124.40099334605
2020-02-29 04:00:00+00:00,10124.40099334605
2020-02-29 08:00:00+00:00,10124.40099334605
2020-02-29 12:00:00+00:00,10124.40099334605
2020-02-29 16:00:00+00:00,10124.40099334605
2020-02-29 20:00:00+00:00,10124.40099334605
2020-03-01 00:00:00+00:00,10124.40099334605
2020-03-01 04:00:00+00:00,10124.40099334605
2020-03-01 08:00:00+00:00,10124.40099334605
2020-03-01 12:00:00+00:00,10124.40099334605
2020-03-01 16:00:00+00:00,10124.40099334605
2020-03-01 20:00:00+00:00,10124.40099334605
2020-03-02 00:00:00+00:00,10124.40099334605
2020-03-02 04:00:00+00:00,10124.40099334605
2020-03-02 08:00:00+00:00,10124.40099334605
2020-03-02 12:00:00+00:00,10124.40099334605
2020-03-02 16:00:00+00:00,10124.40099334605
2020-03-02 20:00:00+00:00,10124.40099334605
2020-03-03 00:00:00+00:00,10124.40099334605
2020-03-03 04:00:00+00:00,10124.40099334605
2020-03-03 08:00:00+00:00,10124.40099334605
2020-03-03 12:00:00+00:00,10124.40099334605
2020-03-03 16:00:00+00:00,10124.40099334605
2020-03-03 20:00:00+00:00,10124.40099334605
2020-03-04 00:00:00+00:00,10124.40099334605
2020-03-04 04:00:00+00:00,10124.40099334605
2020-03-04 08:00:00+00:00,10124.40099334605
2020-03-04 12:00:00+00:00,10124.40099334605
2020-03-04 16:00:00+00:00,10124.40099334605
2020-03-04 20:00:00+00:00,10124.40099334605
2020-03-05 00:00:00+00:00,10124.40099334605
2020-03-05 04:00:00+00:00,10124.40099334605
2020-03-05 08:00:00+00:00,10124.40099334605
2020-03-05 12:00:00+00:00,10124.40099334605
2020-03-05 16:00:00+00:00,10124.40099334605
2020-03-05 20:00:00+00:00,10124.40099334605
2020-03-06 00:00:00+00:00,10124.40099334605
2020-03-06 04:00:00+00:00,10124.40099334605
2020-03-06 08:00:00+00:00,10124.40099334605
2020-03-06 12:00:00+00:00,10124.40099334605
2020-03-06 16:00:00+00:00,10124.40099334605
2020-03-06 20:00:00+00:00,10124.40099334605
2020-03-07 00:00:00+00:00,10124.40099334605
2020-03-07 04:00:00+00:00,10124.40099334605
2020-03-07 08:00:00+00:00,10124.40099334605
2020-03-07 12:00:00+00:00,10124.40099334605
2020-03-07 16:00:00+00:00,10124.40099334605
2020-03-07 20:00:00+00:00,10124.40099334605
2020-03-08 00:00:00+00:00,10124.40099334605
2020-03-08 04:00:00+00:00,10124.40099334605
2020-03-08 08:00:00+00:00,10124.40099334605
2020-03-08 12:00:00+00:00,10124.40099334605
2020-03-08 16:00:00+00:00,10124.40099334605
2020-03-08 20:00:00+00:00,10124.40099334605
2020-03-09 00:00:00+00:00,10124.40099334605
2020-03-09 04:00:00+00:00,10124.40099334605
2020-03-09 08:00:00+00:00,10124.40099334605
2020-03-09 12:00:00+00:00,10124.40099334605
2020-03-09 16:00:00+00:00,10124.40099334605
2020-03-09 20:00:00+00:00,10124.40099334605
2020-03-10 00:00:00+00:00,10124.40099334605
2020-03-10 04:00:00+00:00,10124.40099334605
2020-03-10 08:00:00+00:00,10124.40099334605
2020-03-10 12:00:00+00:00,10124.40099334605
2020-03-10 16:00:00+00:00,10124.40099334605
2020-03-10 20:00:00+00:00,10124.40099334605
2020-03-11 00:00:00+00:00,10124.40099334605
2020-03-11 04:00:00+00:00,10124.40099334605
2020-03-11 08:00:00+00:00,10124.40099334605
2020-03-11 12:00:00+00:00,10124.40099334605
2020-03-11 16:00:00+00:00,10124.40099334605
2020-03-11 20:00:00+00:00,10124.40099334605
2020-03-12 00:00:00+00:00,10124.40099334605
2020-03-12 04:00:00+00:00,10124.40099334605
2020-03-12 08:00:00+00:00,10124.40099334605
2020-03-12 12:00:00+00:00,10124.40099334605
2020-03-12 16:00:00+00:00,10124.40099334605
2020-03-12 20:00:00+00:00,10124.40099334605
2020-03-13 00:00:00+00:00,10124.40099334605
2020-03-13 04:00:00+00:00,10124.40099334605
2020-03-13 08:00:00+00:00,10124.40099334605
2020-03-13 12:00:00+00:00,10124.40099334605
2020-03-13 16:00:00+00:00,10124.40099334605
2020-03-13 20:00:00+00:00,10124.40099334605
2020-03-14 00:00:00+00:00,10124.40099334605
2020-03-14 04:00:00+00:00,10124.40099334605
2020-03-14 08:00:00+00:00,10124.40099334605
2020-03-14 12:00:00+00:00,10124.40099334605
2020-03-14 16:00:00+00:00,10124.40099334605
2020-03-14 20:00:00+00:00,10124.40099334605
2020-03-15 00:00:00+00:00,10124.40099334605
2020-03-15 04:00:00+00:00,10124.40099334605
2020-03-15 08:00:00+00:00,10124.40099334605
2020-03-15 12:00:00+00:00,10124.40099334605
2020-03-15 16:00:00+00:00,10124.40099334605
2020-03-15 20:00:00+00:00,10124.40099334605
2020-03-16 00:00:00+00:00,10124.40099334605
2020-03-16 04:00:00+00:00,10124.40099334605
2020-03-16 08:00:00+00:00,10124.40099334605
2020-03-16 12:00:00+00:00,10124.40099334605
2020-03-16 16:00:00+00:00,10124.40099334605
2020-03-16 20:00:00+00:00,10124.40099334605
2020-03-17 00:00:00+00:00,10124.40099334605
2020-03-17 04:00:00+00:00,10124.40099334605
2020-03-17 08:00:00+00:00,10124.40099334605
2020-03-17 12:00:00+00:00,10124.40099334605
2020-03-17 16:00:00+00:00,10124.40099334605
2020-03-17 20:00:00+00:00,10124.40099334605
2020-03-18 00:00:00+00:00,10124.40099334605
2020-03-18 04:00:00+00:00,10124.40099334605
2020-03-18 08:00:00+00:00,10124.40099334605
2020-03-18 12:00:00+00:00,10124.40099334605
2020-03-18 16:00:00+00:00,10124.40099334605
2020-03-18 20:00:00+00:00,10124.40099334605
2020-03-19 00:00:00+00:00,10124.40099334605
2020-03-19 04:00:00+00:00,10124.40099334605
2020-03-19 08:00:00+00:00,10124.40099334605
2020-03-19 12:00:00+00:00,10124.40099334605
2020-03-19 16:00:00+00:00,10124.40099334605
2020-03-19 20:00:00+00:00,10124.40099334605
2020-03-20 00:00:00+00:00,10124.40099334605
2020-03-20 04:00:00+00:00,10124.40099334605
2020-03-20 08:00:00+00:00,10124.40099334605
2020-03-20 12:00:00+00:00,10124.40099334605
2020-03-20 16:00:00+00:00,10124.40099334605
2020-03-20 20:00:00+00:00,10124.40099334605
2020-03-21 00:00:00+00:00,10124.40099334605
2020-03-21 04:00:00+00:00,10124.40099334605
2020-03-21 08:00:00+00:00,10124.40099334605
2020-03-21 12:00:00+00:00,10124.40099334605
2020-03-21 16:00:00+00:00,10124.40099334605
2020-03-21 20:00:00+00:00,10124.40099334605
2020-03-22 00:00:00+00:00,10124.40099334605
2020-03-22 04:00:00+00:00,10124.40099334605
2020-03-22 08:00:00+00:00,10124.40099334605
2020-03-22 12:00:00+00:00,10124.40099334605
2020-03-22 16:00:00+00:00,10124.40099334605
2020-03-22 20:00:00+00:00,10124.40099334605
2020-03-23 00:00:00+00:00,10124.40099334605
2020-03-23 04:00:00+00:00,10124.40099334605
2020-03-23 08:00:00+00:00,10124.40099334605
2020-03-23 12:00:00+00:00,10124.40099334605
2020-03-23 16:00:00+00:00,10124.40099334605
2020-03-23 20:00:00+00:00,10124.40099334605
2020-03-24 00:00:00+00:00,10124.40099334605
2020-03-24 04:00:00+00:00,10124.40099334605
2020-03-24 08:00:00+00:00,10124.40099334605
2020-03-24 12:00:00+00:00,10124.40099334605
2020-03-24 16:00:00+00:00,10124.40099334605
2020-03-24 20:00:00+00:00,10124.40099334605
2020-03-25 00:00:00+00:00,10124.40099334605
2020-03-25 04:00:00+00:00,10124.40099334605
2020-03-25 08:00:00+00:00,10124.40099334605
2020-03-25 12:00:00+00:00,10124.40099334605
2020-03-25 16:00:00+00:00,10124.40099334605
2020-03-25 20:00:00+00:00,10124.40099334605
2020-03-26 00:00:00+00:00,10124.40099334605
2020-03-26 04:00:00+00:00,10124.40099334605
2020-03-26 08:00:00+00:00,10124.40099334605
2020-03-26 12:00:00+00:00,10124.40099334605
2020-03-26 16:00:00+00:00,10124.40099334605
2020-03-26 20:00:00+00:00,10124.40099334605
2020-03-27 00:00:00+00:00,10124.40099334605
2020-03-27 04:00:00+00:00,10124.40099334605
2020-03-27 08:00:00+00:00,10124.40099334605
2020-03-27 12:00:00+00:00,10124.40099334605
2020-03-27 16:00:00+00:00,10124.40099334605
2020-03-27 20:00:00+00:00,10124.40099334605
2020-03-28 00:00:00+00:00,10124.40099334605
2020-03-28 04:00:00+00:00,10124.40099334605
2020-03-28 08:00:00+00:00,10124.40099334605
2020-03-28 12:00:00+00:00,10124.40099334605
2020-03-28 16:00:00+00:00,10124.40099334605
2020-03-28 20:00:00+00:00,10124.40099334605
2020-03-29 00:00:00+00:00,10124.40099334605
2020-03-29 04:00:00+00:00,10124.40099334605
2020-03-29 08:00:00+00:00,10124.40099334605
2020-03-29 12:00:00+00:00,10124.40099334605
2020-03-29 16:00:00+00:00,10124.40099334605
2020-03-29 20:00:00+00:00,10124.40099334605
2020-03-30 00:00:00+00:00,10124.40099334605
2020-03-30 04:00:00+00:00,10124.40099334605
2020-03-30 08:00:00+00:00,10124.40099334605
2020-03-30 12:00:00+00:00,10124.40099334605
2020-03-30 16:00:00+00:00,10124.40099334605
2020-03-30 20:00:00+00:00,10124.40099334605
2020-03-31 00:00:00+00:00,10124.40099334605
2020-03-31 04:00:00+00:00,10124.40099334605
2020-03-31 08:00:00+00:00,10124.40099334605
2020-03-31 12:00:00+00:00,10124.40099334605
2020-03-31 16:00:00+00:00,10124.40099334605
2020-03-31 20:00:00+00:00,10124.40099334605
2020-04-01 00:00:00+00:00,10124.40099334605
2020-04-01 04:00:00+00:00,10124.40099334605
2020-04-01 08:00:00+00:00,10124.40099334605
2020-04-01 12:00:00+00:00,10124.40099334605
2020-04-01 16:00:00+00:00,10124.40099334605
2020-04-01 20:00:00+00:00,10124.40099334605
2020-04-02 00:00:00+00:00,10124.40099334605
2020-04-02 04:00:00+00:00,10124.40099334605
2020-04-02 08:00:00+00:00,10124.40099334605
2020-04-02 12:00:00+00:00,10124.40099334605
2020-04-02 16:00:00+00:00,10124.40099334605
2020-04-02 20:00:00+00:00,10124.40099334605
2020-04-03 00:00:00+00:00,10124.40099334605
2020-04-03 04:00:00+00:00,10124.40099334605
2020-04-03 08:00:00+00:00,10124.40099334605
2020-04-03 12:00:00+00:00,10124.40099334605
2020-04-03 16:00:00+00:00,10124.40099334605
2020-04-03 20:00:00+00:00,10124.40099334605
2020-04-04 00:00:00+00:00,10124.40099334605
2020-04-04 04:00:00+00:00,10124.40099334605
2020-04-04 08:00:00+00:00,10124.40099334605
2020-04-04 12:00:00+00:00,10120.577072265329
2020-04-04 16:00:00+00:00,10125.009075040529
2020-04-04 20:00:00+00:00,10127.288067007305
2020-04-05 00:00:00+00:00,10142.240105103545
2020-04-05 04:00:00+00:00,10116.698951103426
2020-04-05 08:00:00+00:00,10111.160479366232
2020-04-05 12:00:00+00:00,10111.860673967249
2020-04-05 16:00:00+00:00,10112.679262948288
2020-04-05 20:00:00+00:00,10113.903436401353
2020-04-06 00:00:00+00:00,10110.961483160383
2020-04-06 04:00:00+00:00,10120.992110814144
2020-04-06 08:00:00+00:00,10218.803757624744
2020-04-06 12:00:00+00:00,10253.785922627518
2020-04-06 16:00:00+00:00,10277.309401253488
2020-04-06 20:00:00+00:00,10341.695113650465
2020-04-07 00:00:00+00:00,10374.126036005355
2020-04-07 04:00:00+00:00,10370.831397153312
2020-04-07 08:00:00+00:00,10398.810875513982
2020-04-07 12:00:00+00:00,10402.393576541363
2020-04-07 16:00:00+00:00,10369.655633819872
2020-04-07 20:00:00+00:00,10353.95911741189
2020-04-08 00:00:00+00:00,10306.88851281244
2020-04-08 04:00:00+00:00,10385.92208872277
2020-04-08 08:00:00+00:00,10370.496920053129
2020-04-08 12:00:00+00:00,10356.322744665831
2020-04-08 16:00:00+00:00,10347.63276825833
2020-04-08 20:00:00+00:00,10361.475401398702
2020-04-09 00:00:00+00:00,10390.352122750282
2020-04-09 04:00:00+00:00,10352.292376483561
2020-04-09 08:00:00+00:00,10373.416850907903
2020-04-09 12:00:00+00:00,10301.969166747802
2020-04-09 16:00:00+00:00,10312.880112377115
2020-04-09 20:00:00+00:00,10309.820004797619
2020-04-10 00:00:00+00:00,10313.777588638279
2020-04-10 04:00:00+00:00,10295.265494257923
2020-04-10 08:00:00+00:00,10294.502587904048
2020-04-10 12:00:00+00:00,10294.502587904048
2020-04-10 16:00:00+00:00,10294.502587904048
2020-04-10 20:00:00+00:00,10294.502587904048
2020-04-11 00:00:00+00:00,10294.502587904048
2020-04-11 04:00:00+00:00,10294.502587904048
2020-04-11 08:00:00+00:00,10294.502587904048
2020-04-11 12:00:00+00:00,10294.502587904048
2020-04-11 16:00:00+00:00,10294.502587904048
2020-04-11 20:00:00+00:00,10294.502587904048
2020-04-12 00:00:00+00:00,10294.502587904048
2020-04-12 04:00:00+00:00,10294.502587904048
2020-04-12 08:00:00+00:00,10294.502587904048
2020-04-12 12:00:00+00:00,10294.502587904048
2020-04-12 16:00:00+00:00,10294.502587904048
2020-04-12 20:00:00+00:00,10313.597725005999
2020-04-13 00:00:00+00:00,10272.945406464098
2020-04-13 04:00:00+00:00,10230.284808515911
2020-04-13 08:00:00+00:00,10230.284808515911
2020-04-13 12:00:00+00:00,10230.284808515911
2020-04-13 16:00:00+00:00,10230.284808515911
2020-04-13 20:00:00+00:00,10230.284808515911
2020-04-14 00:00:00+00:00,10230.284808515911
2020-04-14 04:00:00+00:00,10230.284808515911
2020-04-14 08:00:00+00:00,10230.284808515911
2020-04-14 12:00:00+00:00,10230.284808515911
2020-04-14 16:00:00+00:00,10230.284808515911
2020-04-14 20:00:00+00:00,10230.284808515911
2020-04-15 00:00:00+00:00,10230.284808515911
2020-04-15 04:00:00+00:00,10230.284808515911
2020-04-15 08:00:00+00:00,10230.284808515911
2020-04-15 12:00:00+00:00,10230.284808515911
2020-04-15 16:00:00+00:00,10230.284808515911
2020-04-15 20:00:00+00:00,10230.284808515911
2020-04-16 00:00:00+00:00,10230.284808515911
2020-04-16 04:00:00+00:00,10230.284808515911
2020-04-16 08:00:00+00:00,10230.284808515911
2020-04-16 12:00:00+00:00,10230.284808515911
2020-04-16 16:00:00+00:00,10230.284808515911
2020-04-16 20:00:00+00:00,10230.284808515911
2020-04-17 00:00:00+00:00,10230.284808515911
2020-04-17 04:00:00+00:00,10230.284808515911
2020-04-17 08:00:00+00:00,10230.284808515911
2020-04-17 12:00:00+00:00,10230.284808515911
2020-04-17 16:00:00+00:00,10230.284808515911
2020-04-17 20:00:00+00:00,10230.284808515911
2020-04-18 00:00:00+00:00,10230.284808515911
2020-04-18 04:00:00+00:00,10230.284808515911
2020-04-18 08:00:00+00:00,10230.284808515911
2020-04-18 12:00:00+00:00,10230.284808515911
2020-04-18 16:00:00+00:00,10230.284808515911
2020-04-18 20:00:00+00:00,10230.284808515911
2020-04-19 00:00:00+00:00,10230.284808515911
2020-04-19 04:00:00+00:00,10230.284808515911
2020-04-19 08:00:00+00:00,10230.284808515911
2020-04-19 12:00:00+00:00,10230.284808515911
2020-04-19 16:00:00+00:00,10230.284808515911
2020-04-19 20:00:00+00:00,10230.284808515911
2020-04-20 00:00:00+00:00,10230.284808515911
2020-04-20 04:00:00+00:00,10230.284808515911
2020-04-20 08:00:00+00:00,10230.284808515911
2020-04-20 12:00:00+00:00,10230.284808515911
2020-04-20 16:00:00+00:00,10230.284808515911
2020-04-20 20:00:00+00:00,10230.284808515911
2020-04-21 00:00:00+00:00,10230.284808515911
2020-04-21 04:00:00+00:00,10230.284808515911
2020-04-21 08:00:00+00:00,10230.284808515911
2020-04-21 12:00:00+00:00,10230.284808515911
2020-04-21 16:00:00+00:00,10230.284808515911
2020-04-21 20:00:00+00:00,10230.284808515911
2020-04-22 00:00:00+00:00,10230.284808515911
2020-04-22 04:00:00+00:00,10230.284808515911
2020-04-22 08:00:00+00:00,10230.284808515911
2020-04-22 12:00:00+00:00,10230.284808515911
2020-04-22 16:00:00+00:00,10230.284808515911
2020-04-22 20:00:00+00:00,10225.957651678411
2020-04-23 00:00:00+00:00,10234.35919671981
2020-04-23 04:00:00+00:00,10232.234681687029
2020-04-23 08:00:00+00:00,10221.177987231229
2020-04-23 12:00:00+00:00,10236.50286243917
2020-04-23 16:00:00+00:00,10319.67306358397
2020-04-23 20:00:00+00:00,10316.066874131024
2020-04-24 00:00:00+00:00,10293.220326731893
2020-04-24 04:00:00+00:00,10315.916966896539
2020-04-24 08:00:00+00:00,10343.162745193189
2020-04-24 12:00:00+00:00,10299.266124293157
2020-04-24 16:00:00+00:00,10303.153890574687
2020-04-24 20:00:00+00:00,10313.158793346407
2020-04-25 00:00:00+00:00,10302.494216561658
2020-04-25 04:00:00+00:00,10307.362832372435
2020-04-25 08:00:00+00:00,10336.884309598066
2020-04-25 12:00:00+00:00,10321.12765227175
2020-04-25 16:00:00+00:00,10315.57457560839
2020-04-25 20:00:00+00:00,10326.655442008128
2020-04-26 00:00:00+00:00,10323.921094656109
2020-04-26 04:00:00+00:00,10339.09608468764
2020-04-26 08:00:00+00:00,10327.376704415
2020-04-26 12:00:00+00:00,10395.637345216679
2020-04-26 16:00:00+00:00,10327.360367780198
2020-04-26 20:00:00+00:00,10387.331978523613
2020-04-27 00:00:00+00:00,10415.880133476932
2020-04-27 04:00:00+00:00,10439.82445253924
2020-04-27 08:00:00+00:00,10417.42121594178
2020-04-27 12:00:00+00:00,10427.363533675449
2020-04-27 16:00:00+00:00,10405.367860484219
2020-04-27 20:00:00+00:00,10417.846428043245
2020-04-28 00:00:00+00:00,10462.918842864296
2020-04-28 04:00:00+00:00,10419.111074324332
2020-04-28 08:00:00+00:00,10420.50984305446
2020-04-28 12:00:00+00:00,10434.901038973847
2020-04-28 16:00:00+00:00,10427.320846003428
2020-04-28 20:00:00+00:00,10426.696901686706
2020-04-29 00:00:00+00:00,10442.519882648287
2020-04-29 04:00:00+00:00,10485.415240076354
2020-04-29 08:00:00+00:00,10563.759993627535
2020-04-29 12:00:00+00:00,10674.950472155813
2020-04-29 16:00:00+00:00,10907.09299729893
2020-04-29 20:00:00+00:00,11159.08005986982
2020-04-30 00:00:00+00:00,11159.08005986982
2020-04-30 04:00:00+00:00,12537.475900739055
2020-04-30 08:00:00+00:00,12237.114205979899
2020-04-30 12:00:00+00:00,11112.36676845843
2020-04-30 16:00:00+00:00,11112.36676845843
2020-04-30 20:00:00+00:00,11139.96799453323
2020-05-01 00:00:00+00:00,10844.95972404142
2020-05-01 04:00:00+00:00,10902.524401918818
2020-05-01 08:00:00+00:00,11030.941021146646
2020-05-01 12:00:00+00:00,11340.381765920542
2020-05-01 16:00:00+00:00,10978.07843922027
2020-05-01 20:00:00+00:00,10978.303827494885
2020-05-02 00:00:00+00:00,11104.467217549223
2020-05-02 04:00:00+00:00,11119.919173393399
2020-05-02 08:00:00+00:00,11072.901883520592
2020-05-02 12:00:00+00:00,11123.371282570803
2020-05-02 16:00:00+00:00,11259.792449288954
2020-05-02 20:00:00+00:00,11180.5394128873
2020-05-03 00:00:00+00:00,11306.278048007307
2020-05-03 04:00:00+00:00,11526.998513031751
2020-05-03 08:00:00+00:00,11330.426457632271
2020-05-03 12:00:00+00:00,11404.185869818968
2020-05-03 16:00:00+00:00,11088.260077401197
2020-05-03 20:00:00+00:00,11110.48239653212
2020-05-04 00:00:00+00:00,11119.993093458379
2020-05-04 04:00:00+00:00,11046.346448800568
2020-05-04 08:00:00+00:00,11011.2716993812
2020-05-04 12:00:00+00:00,11011.390955118888
2020-05-04 16:00:00+00:00,11011.390955118888
2020-05-04 20:00:00+00:00,11002.972861231847
2020-05-05 00:00:00+00:00,11021.748781693927
2020-05-05 04:00:00+00:00,11013.092223749107
2020-05-05 08:00:00+00:00,11084.728681293467
2020-05-05 12:00:00+00:00,11010.022359977047
2020-05-05 16:00:00+00:00,11008.395074178407
2020-05-05 20:00:00+00:00,11036.530488396398
2020-05-06 00:00:00+00:00,11088.646241701239
2020-05-06 04:00:00+00:00,11069.025383570865
2020-05-06 08:00:00+00:00,11087.573334501705
2020-05-06 12:00:00+00:00,11220.263551872067
2020-05-06 16:00:00+00:00,11145.005626706306
2020-05-06 20:00:00+00:00,11087.48120673779
2020-05-07 00:00:00+00:00,10933.491374605292
2020-05-07 04:00:00+00:00,11169.969413681098
2020-05-07 08:00:00+00:00,11192.193896074845
2020-05-07 12:00:00+00:00,11147.508000691436
2020-05-07 16:00:00+00:00,11518.760912412687
2020-05-07 20:00:00+00:00,12091.42974836087
2020-05-08 00:00:00+00:00,12338.983834365015
2020-05-08 04:00:00+00:00,12224.089221405233
2020-05-08 08:00:00+00:00,11976.697426265013
2020-05-08 12:00:00+00:00,12102.568162091422
2020-05-08 16:00:00+00:00,12166.35539772362
2020-05-08 20:00:00+00:00,12170.088758977741
2020-05-09 00:00:00+00:00,12105.036387666438
2020-05-09 04:00:00+00:00,12193.887081360866
2020-05-09 08:00:00+00:00,12073.969437268606
2020-05-09 12:00:00+00:00,12087.034123979856
2020-05-09 16:00:00+00:00,12098.366553092394
2020-05-09 20:00:00+00:00,12105.764600707651
2020-05-10 00:00:00+00:00,12077.110630063053
2020-05-10 04:00:00+00:00,12048.635374839547
2020-05-10 08:00:00+00:00,12048.635374839547
2020-05-10 12:00:00+00:00,12048.635374839547
2020-05-10 16:00:00+00:00,12048.635374839547
2020-05-10 20:00:00+00:00,12048.635374839547
2020-05-11 00:00:00+00:00,12048.635374839547
2020-05-11 04:00:00+00:00,12048.635374839547
2020-05-11 08:00:00+00:00,12048.635374839547
2020-05-11 12:00:00+00:00,12048.635374839547
2020-05-11 16:00:00+00:00,12048.635374839547
2020-05-11 20:00:00+00:00,12048.635374839547
2020-05-12 00:00:00+00:00,12048.635374839547
2020-05-12 04:00:00+00:00,12048.635374839547
2020-05-12 08:00:00+00:00,12048.635374839547
2020-05-12 12:00:00+00:00,12048.635374839547
2020-05-12 16:00:00+00:00,12048.635374839547
2020-05-12 20:00:00+00:00,12048.635374839547
2020-05-13 00:00:00+00:00,12048.635374839547
2020-05-13 04:00:00+00:00,12048.635374839547
2020-05-13 08:00:00+00:00,12048.635374839547
2020-05-13 12:00:00+00:00,12048.635374839547
2020-05-13 16:00:00+00:00,12048.635374839547
2020-05-13 20:00:00+00:00,12048.635374839547
2020-05-14 00:00:00+00:00,12048.635374839547
2020-05-14 04:00:00+00:00,12067.325830066506
2020-05-14 08:00:00+00:00,12129.188794228627
2020-05-14 12:00:00+00:00,12197.876510482387
2020-05-14 16:00:00+00:00,12224.174079642667
2020-05-14 20:00:00+00:00,12188.24501359708
2020-05-15 00:00:00+00:00,12240.110771571879
2020-05-15 04:00:00+00:00,12114.780312694591
2020-05-15 08:00:00+00:00,12193.294191955112
2020-05-15 12:00:00+00:00,12160.94806188789
2020-05-15 16:00:00+00:00,12115.11416606061
2020-05-15 20:00:00+00:00,12063.49334021535
2020-05-16 00:00:00+00:00,12051.121123184548
2020-05-16 04:00:00+00:00,12047.29595288232
2020-05-16 08:00:00+00:00,12047.29595288232
2020-05-16 12:00:00+00:00,12057.471419169458
2020-05-16 16:00:00+00:00,12054.988499519823
2020-05-16 20:00:00+00:00,12054.988499519823
2020-05-17 00:00:00+00:00,12054.988499519823
2020-05-17 04:00:00+00:00,12054.988499519823
2020-05-17 08:00:00+00:00,12054.988499519823
2020-05-17 12:00:00+00:00,12054.988499519823
2020-05-17 16:00:00+00:00,12054.988499519823
2020-05-17 20:00:00+00:00,12054.988499519823
2020-05-18 00:00:00+00:00,12054.988499519823
2020-05-18 04:00:00+00:00,12054.988499519823
2020-05-18 08:00:00+00:00,12054.988499519823
2020-05-18 12:00:00+00:00,12054.988499519823
2020-05-18 16:00:00+00:00,12054.988499519823
2020-05-18 20:00:00+00:00,12054.988499519823
2020-05-19 00:00:00+00:00,12054.988499519823
2020-05-19 04:00:00+00:00,12054.988499519823
2020-05-19 08:00:00+00:00,12054.988499519823
2020-05-19 12:00:00+00:00,12054.988499519823
2020-05-19 16:00:00+00:00,12054.988499519823
2020-05-19 20:00:00+00:00,12054.988499519823
2020-05-20 00:00:00+00:00,12054.988499519823
2020-05-20 04:00:00+00:00,12054.988499519823
2020-05-20 08:00:00+00:00,12054.988499519823
2020-05-20 12:00:00+00:00,12054.988499519823
2020-05-20 16:00:00+00:00,12054.988499519823
2020-05-20 20:00:00+00:00,12054.988499519823
2020-05-21 00:00:00+00:00,12054.988499519823
2020-05-21 04:00:00+00:00,12054.988499519823
2020-05-21 08:00:00+00:00,12054.988499519823
2020-05-21 12:00:00+00:00,12054.988499519823
2020-05-21 16:00:00+00:00,12054.988499519823
2020-05-21 20:00:00+00:00,12054.988499519823
2020-05-22 00:00:00+00:00,12054.988499519823
2020-05-22 04:00:00+00:00,12054.988499519823
2020-05-22 08:00:00+00:00,12054.988499519823
2020-05-22 12:00:00+00:00,12054.988499519823
2020-05-22 16:00:00+00:00,12054.988499519823
2020-05-22 20:00:00+00:00,12054.988499519823
2020-05-23 00:00:00+00:00,12054.988499519823
2020-05-23 04:00:00+00:00,12054.988499519823
2020-05-23 08:00:00+00:00,12054.988499519823
2020-05-23 12:00:00+00:00,12054.988499519823
2020-05-23 16:00:00+00:00,12054.988499519823
2020-05-23 20:00:00+00:00,12054.988499519823
2020-05-24 00:00:00+00:00,12054.988499519823
2020-05-24 04:00:00+00:00,12054.988499519823
2020-05-24 08:00:00+00:00,12054.988499519823
2020-05-24 12:00:00+00:00,12054.988499519823
2020-05-24 16:00:00+00:00,12054.988499519823
2020-05-24 20:00:00+00:00,12054.988499519823
2020-05-25 00:00:00+00:00,12054.988499519823
2020-05-25 04:00:00+00:00,12054.988499519823
2020-05-25 08:00:00+00:00,12054.988499519823
2020-05-25 12:00:00+00:00,12054.988499519823
2020-05-25 16:00:00+00:00,12054.988499519823
2020-05-25 20:00:00+00:00,12054.988499519823
2020-05-26 00:00:00+00:00,12054.988499519823
2020-05-26 04:00:00+00:00,12054.988499519823
2020-05-26 08:00:00+00:00,12054.988499519823
2020-05-26 12:00:00+00:00,12054.988499519823
2020-05-26 16:00:00+00:00,12054.988499519823
2020-05-26 20:00:00+00:00,12054.988499519823
2020-05-27 00:00:00+00:00,12054.988499519823
2020-05-27 04:00:00+00:00,12054.988499519823
2020-05-27 08:00:00+00:00,12054.988499519823
2020-05-27 12:00:00+00:00,12054.988499519823
2020-05-27 16:00:00+00:00,12054.988499519823
2020-05-27 20:00:00+00:00,12054.988499519823
2020-05-28 00:00:00+00:00,12054.988499519823
2020-05-28 04:00:00+00:00,12054.988499519823
2020-05-28 08:00:00+00:00,12054.988499519823
2020-05-28 12:00:00+00:00,12054.988499519823
2020-05-28 16:00:00+00:00,12054.988499519823
2020-05-28 20:00:00+00:00,12054.988499519823
2020-05-29 00:00:00+00:00,12054.988499519823
2020-05-29 04:00:00+00:00,11954.122135497875
2020-05-29 08:00:00+00:00,11952.543582432623
2020-05-29 12:00:00+00:00,11701.321092297092
2020-05-29 16:00:00+00:00,11722.264639278092
2020-05-29 20:00:00+00:00,11713.020284818313
2020-05-30 00:00:00+00:00,11754.093483976014
2020-05-30 04:00:00+00:00,11690.662981204228
2020-05-30 08:00:00+00:00,11981.31681494738
2020-05-30 12:00:00+00:00,12033.973351860122
2020-05-30 16:00:00+00:00,12004.97415513852
2020-05-30 20:00:00+00:00,11994.599425870827
2020-05-31 00:00:00+00:00,12345.68440193355
2020-05-31 04:00:00+00:00,12085.43318152024
2020-05-31 08:00:00+00:00,12052.319378707061
2020-05-31 12:00:00+00:00,12105.663217873349
2020-05-31 16:00:00+00:00,11865.544871830529
2020-05-31 20:00:00+00:00,11942.0815011545
2020-06-01 00:00:00+00:00,11806.809178377378
2020-06-01 04:00:00+00:00,11856.865313782342
2020-06-01 08:00:00+00:00,11897.213226059923
2020-06-01 12:00:00+00:00,11768.212530475892
2020-06-01 16:00:00+00:00,11841.827352507413
2020-06-01 20:00:00+00:00,11903.413653813861
2020-06-02 00:00:00+00:00,13330.239697156981
2020-06-02 04:00:00+00:00,13019.163620158986
2020-06-02 08:00:00+00:00,13080.568103809857
2020-06-02 12:00:00+00:00,13052.026183677503
2020-06-02 16:00:00+00:00,12702.436399232784
2020-06-02 20:00:00+00:00,12702.436399232784
2020-06-03 00:00:00+00:00,12702.436399232784
2020-06-03 04:00:00+00:00,12702.436399232784
2020-06-03 08:00:00+00:00,12702.436399232784
2020-06-03 12:00:00+00:00,12702.436399232784
2020-06-03 16:00:00+00:00,12702.436399232784
2020-06-03 20:00:00+00:00,12702.436399232784
2020-06-04 00:00:00+00:00,12702.436399232784
2020-06-04 04:00:00+00:00,12705.122139284744
2020-06-04 08:00:00+00:00,12692.939804494903
2020-06-04 12:00:00+00:00,12688.212392511588
2020-06-04 16:00:00+00:00,12688.212392511588
2020-06-04 20:00:00+00:00,12688.212392511588
2020-06-05 00:00:00+00:00,12688.212392511588
2020-06-05 04:00:00+00:00,12688.212392511588
2020-06-05 08:00:00+00:00,12688.212392511588
2020-06-05 12:00:00+00:00,12688.212392511588
2020-06-05 16:00:00+00:00,12688.212392511588
2020-06-05 20:00:00+00:00,12688.212392511588
2020-06-06 00:00:00+00:00,12688.212392511588
2020-06-06 04:00:00+00:00,12688.212392511588
2020-06-06 08:00:00+00:00,12688.212392511588
2020-06-06 12:00:00+00:00,12688.212392511588
2020-06-06 16:00:00+00:00,12688.212392511588
2020-06-06 20:00:00+00:00,12688.212392511588
2020-06-07 00:00:00+00:00,12688.212392511588
2020-06-07 04:00:00+00:00,12688.212392511588
2020-06-07 08:00:00+00:00,12688.212392511588
2020-06-07 12:00:00+00:00,12688.212392511588
2020-06-07 16:00:00+00:00,12688.212392511588
2020-06-07 20:00:00+00:00,12688.212392511588
2020-06-08 00:00:00+00:00,12688.212392511588
2020-06-08 04:00:00+00:00,12688.212392511588
2020-06-08 08:00:00+00:00,12688.212392511588
2020-06-08 12:00:00+00:00,12688.212392511588
2020-06-08 16:00:00+00:00,12688.212392511588
2020-06-08 20:00:00+00:00,12688.212392511588
2020-06-09 00:00:00+00:00,12688.212392511588
2020-06-09 04:00:00+00:00,12688.212392511588
2020-06-09 08:00:00+00:00,12688.212392511588
2020-06-09 12:00:00+00:00,12688.212392511588
2020-06-09 16:00:00+00:00,12688.212392511588
2020-06-09 20:00:00+00:00,12688.212392511588
2020-06-10 00:00:00+00:00,12688.212392511588
2020-06-10 04:00:00+00:00,12688.212392511588
2020-06-10 08:00:00+00:00,12688.212392511588
2020-06-10 12:00:00+00:00,12688.212392511588
2020-06-10 16:00:00+00:00,12688.212392511588
2020-06-10 20:00:00+00:00,12688.212392511588
2020-06-11 00:00:00+00:00,12688.212392511588
2020-06-11 04:00:00+00:00,12688.212392511588
2020-06-11 08:00:00+00:00,12688.212392511588
2020-06-11 12:00:00+00:00,12688.212392511588
2020-06-11 16:00:00+00:00,12688.212392511588
2020-06-11 20:00:00+00:00,12688.212392511588
2020-06-12 00:00:00+00:00,12687.892401971989
2020-06-12 04:00:00+00:00,12695.667257738349
2020-06-12 08:00:00+00:00,12702.24778234735
2020-06-12 12:00:00+00:00,12707.514097896435
2020-06-12 16:00:00+00:00,12700.434052287736
2020-06-12 20:00:00+00:00,12705.813829069244
2020-06-13 00:00:00+00:00,12719.534438364384
2020-06-13 04:00:00+00:00,12698.457169591542
2020-06-13 08:00:00+00:00,12708.31218329128
2020-06-13 12:00:00+00:00,12704.758796605523
2020-06-13 16:00:00+00:00,12704.758796605523
2020-06-13 20:00:00+00:00,12704.758796605523
2020-06-14 00:00:00+00:00,12704.758796605523
2020-06-14 04:00:00+00:00,12704.758796605523
2020-06-14 08:00:00+00:00,12704.758796605523
2020-06-14 12:00:00+00:00,12704.758796605523
2020-06-14 16:00:00+00:00,12704.758796605523
2020-06-14 20:00:00+00:00,12704.758796605523
2020-06-15 00:00:00+00:00,12704.758796605523
2020-06-15 04:00:00+00:00,12704.758796605523
2020-06-15 08:00:00+00:00,12704.758796605523
2020-06-15 12:00:00+00:00,12704.758796605523
2020-06-15 16:00:00+00:00,12704.758796605523
2020-06-15 20:00:00+00:00,12704.758796605523
2020-06-16 00:00:00+00:00,12704.758796605523
2020-06-16 04:00:00+00:00,12704.758796605523
2020-06-16 08:00:00+00:00,12704.758796605523
2020-06-16 12:00:00+00:00,12704.758796605523
2020-06-16 16:00:00+00:00,12704.758796605523
2020-06-16 20:00:00+00:00,12704.758796605523
2020-06-17 00:00:00+00:00,12704.758796605523
2020-06-17 04:00:00+00:00,12704.758796605523
2020-06-17 08:00:00+00:00,12704.758796605523
2020-06-17 12:00:00+00:00,12704.758796605523
2020-06-17 16:00:00+00:00,12704.758796605523
2020-06-17 20:00:00+00:00,12704.758796605523
2020-06-18 00:00:00+00:00,12704.758796605523
2020-06-18 04:00:00+00:00,12704.758796605523
2020-06-18 08:00:00+00:00,12704.758796605523
2020-06-18 12:00:00+00:00,12704.758796605523
2020-06-18 16:00:00+00:00,12704.758796605523
2020-06-18 20:00:00+00:00,12704.758796605523
2020-06-19 00:00:00+00:00,12704.758796605523
2020-06-19 04:00:00+00:00,12704.758796605523
2020-06-19 08:00:00+00:00,12704.758796605523
2020-06-19 12:00:00+00:00,12704.758796605523
2020-06-19 16:00:00+00:00,12704.758796605523
2020-06-19 20:00:00+00:00,12704.758796605523
2020-06-20 00:00:00+00:00,12704.758796605523
2020-06-20 04:00:00+00:00,12704.758796605523
2020-06-20 08:00:00+00:00,12704.758796605523
2020-06-20 12:00:00+00:00,12704.758796605523
2020-06-20 16:00:00+00:00,12704.758796605523
2020-06-20 20:00:00+00:00,12704.758796605523
2020-06-21 00:00:00+00:00,12704.758796605523
2020-06-21 04:00:00+00:00,12704.758796605523
2020-06-21 08:00:00+00:00,12704.758796605523
2020-06-21 12:00:00+00:00,12704.758796605523
2020-06-21 16:00:00+00:00,12704.758796605523
2020-06-21 20:00:00+00:00,12704.758796605523
2020-06-22 00:00:00+00:00,12704.758796605523
2020-06-22 04:00:00+00:00,12704.758796605523
2020-06-22 08:00:00+00:00,12704.758796605523
2020-06-22 12:00:00+00:00,12704.758796605523
2020-06-22 16:00:00+00:00,12704.758796605523
2020-06-22 20:00:00+00:00,12704.758796605523
2020-06-23 00:00:00+00:00,12704.758796605523
2020-06-23 04:00:00+00:00,12704.758796605523
2020-06-23 08:00:00+00:00,12704.758796605523
2020-06-23 12:00:00+00:00,12704.758796605523
2020-06-23 16:00:00+00:00,12704.758796605523
2020-06-23 20:00:00+00:00,12516.588676070483
2020-06-24 00:00:00+00:00,12449.504229696386
2020-06-24 04:00:00+00:00,12544.491374042958
2020-06-24 08:00:00+00:00,12048.671619083181
2020-06-24 12:00:00+00:00,11977.773371969728
2020-06-24 16:00:00+00:00,11977.773371969728
2020-06-24 20:00:00+00:00,11977.773371969728
2020-06-25 00:00:00+00:00,11977.773371969728
2020-06-25 04:00:00+00:00,11977.773371969728
2020-06-25 08:00:00+00:00,11977.773371969728
2020-06-25 12:00:00+00:00,11977.773371969728
2020-06-25 16:00:00+00:00,11977.773371969728
2020-06-25 20:00:00+00:00,11977.773371969728
2020-06-26 00:00:00+00:00,11977.773371969728
2020-06-26 04:00:00+00:00,11977.773371969728
2020-06-26 08:00:00+00:00,11977.773371969728
2020-06-26 12:00:00+00:00,11977.773371969728
2020-06-26 16:00:00+00:00,11977.773371969728
2020-06-26 20:00:00+00:00,11977.773371969728
2020-06-27 00:00:00+00:00,11977.773371969728
2020-06-27 04:00:00+00:00,11977.773371969728
2020-06-27 08:00:00+00:00,11977.773371969728
2020-06-27 12:00:00+00:00,11977.773371969728
2020-06-27 16:00:00+00:00,11977.773371969728
2020-06-27 20:00:00+00:00,11977.773371969728
2020-06-28 00:00:00+00:00,11977.773371969728
2020-06-28 04:00:00+00:00,11977.773371969728
2020-06-28 08:00:00+00:00,11977.773371969728
2020-06-28 12:00:00+00:00,11977.773371969728
2020-06-28 16:00:00+00:00,11977.773371969728
2020-06-28 20:00:00+00:00,11977.773371969728
2020-06-29 00:00:00+00:00,11977.773371969728
2020-06-29 04:00:00+00:00,11977.773371969728
2020-06-29 08:00:00+00:00,11977.773371969728
2020-06-29 12:00:00+00:00,11977.773371969728
2020-06-29 16:00:00+00:00,11977.773371969728
2020-06-29 20:00:00+00:00,11977.773371969728
2020-06-30 00:00:00+00:00,11977.773371969728
2020-06-30 04:00:00+00:00,11977.773371969728
2020-06-30 08:00:00+00:00,11977.773371969728
2020-06-30 12:00:00+00:00,11977.773371969728
2020-06-30 16:00:00+00:00,11977.773371969728
2020-06-30 20:00:00+00:00,11977.773371969728
2020-07-01 00:00:00+00:00,11977.773371969728
2020-07-01 04:00:00+00:00,11977.773371969728
2020-07-01 08:00:00+00:00,11977.773371969728
2020-07-01 12:00:00+00:00,11977.773371969728
2020-07-01 16:00:00+00:00,11977.773371969728
2020-07-01 20:00:00+00:00,11977.773371969728
2020-07-02 00:00:00+00:00,11977.773371969728
2020-07-02 04:00:00+00:00,11977.773371969728
2020-07-02 08:00:00+00:00,11977.773371969728
2020-07-02 12:00:00+00:00,11977.773371969728
2020-07-02 16:00:00+00:00,11977.773371969728
2020-07-02 20:00:00+00:00,11977.773371969728
2020-07-03 00:00:00+00:00,11977.773371969728
2020-07-03 04:00:00+00:00,11977.773371969728
2020-07-03 08:00:00+00:00,11977.773371969728
2020-07-03 12:00:00+00:00,11977.773371969728
2020-07-03 16:00:00+00:00,11977.773371969728
2020-07-03 20:00:00+00:00,11977.773371969728
2020-07-04 00:00:00+00:00,11977.773371969728
2020-07-04 04:00:00+00:00,11977.773371969728
2020-07-04 08:00:00+00:00,11977.773371969728
2020-07-04 12:00:00+00:00,11977.773371969728
2020-07-04 16:00:00+00:00,11977.773371969728
2020-07-04 20:00:00+00:00,11977.773371969728
2020-07-05 00:00:00+00:00,11977.773371969728
2020-07-05 04:00:00+00:00,11977.773371969728
2020-07-05 08:00:00+00:00,11977.773371969728
2020-07-05 12:00:00+00:00,11977.773371969728
2020-07-05 16:00:00+00:00,11977.773371969728
2020-07-05 20:00:00+00:00,11977.773371969728
2020-07-06 00:00:00+00:00,11977.773371969728
2020-07-06 04:00:00+00:00,11977.773371969728
2020-07-06 08:00:00+00:00,11977.773371969728
2020-07-06 12:00:00+00:00,11977.773371969728
2020-07-06 16:00:00+00:00,11977.773371969728
2020-07-06 20:00:00+00:00,11977.773371969728
2020-07-07 00:00:00+00:00,11977.773371969728
2020-07-07 04:00:00+00:00,11977.773371969728
2020-07-07 08:00:00+00:00,11977.773371969728
2020-07-07 12:00:00+00:00,11977.773371969728
2020-07-07 16:00:00+00:00,11977.773371969728
2020-07-07 20:00:00+00:00,11977.773371969728
2020-07-08 00:00:00+00:00,11977.773371969728
2020-07-08 04:00:00+00:00,11977.773371969728
2020-07-08 08:00:00+00:00,11977.773371969728
2020-07-08 12:00:00+00:00,11977.773371969728
2020-07-08 16:00:00+00:00,11977.773371969728
2020-07-08 20:00:00+00:00,11977.773371969728
2020-07-09 00:00:00+00:00,11977.773371969728
2020-07-09 04:00:00+00:00,11977.773371969728
2020-07-09 08:00:00+00:00,11977.773371969728
2020-07-09 12:00:00+00:00,11977.773371969728
2020-07-09 16:00:00+00:00,11977.773371969728
2020-07-09 20:00:00+00:00,11977.773371969728
2020-07-10 00:00:00+00:00,11977.773371969728
2020-07-10 04:00:00+00:00,11977.773371969728
2020-07-10 08:00:00+00:00,11977.773371969728
2020-07-10 12:00:00+00:00,11977.773371969728
2020-07-10 16:00:00+00:00,11977.773371969728
2020-07-10 20:00:00+00:00,11977.773371969728
2020-07-11 00:00:00+00:00,11977.773371969728
2020-07-11 04:00:00+00:00,11977.773371969728
2020-07-11 08:00:00+00:00,11977.773371969728
2020-07-11 12:00:00+00:00,11977.773371969728
2020-07-11 16:00:00+00:00,11977.773371969728
2020-07-11 20:00:00+00:00,11977.773371969728
2020-07-12 00:00:00+00:00,11977.773371969728
2020-07-12 04:00:00+00:00,11977.773371969728
2020-07-12 08:00:00+00:00,11977.773371969728
2020-07-12 12:00:00+00:00,11977.773371969728
2020-07-12 16:00:00+00:00,11977.773371969728
2020-07-12 20:00:00+00:00,11977.773371969728
2020-07-13 00:00:00+00:00,11977.773371969728
2020-07-13 04:00:00+00:00,11977.773371969728
2020-07-13 08:00:00+00:00,11977.773371969728
2020-07-13 12:00:00+00:00,11977.773371969728
2020-07-13 16:00:00+00:00,11977.773371969728
2020-07-13 20:00:00+00:00,11977.773371969728
2020-07-14 00:00:00+00:00,11977.773371969728
2020-07-14 04:00:00+00:00,11977.773371969728
2020-07-14 08:00:00+00:00,11977.773371969728
2020-07-14 12:00:00+00:00,11977.773371969728
2020-07-14 16:00:00+00:00,11977.773371969728
2020-07-14 20:00:00+00:00,11977.773371969728
2020-07-15 00:00:00+00:00,11977.773371969728
2020-07-15 04:00:00+00:00,11977.773371969728
2020-07-15 08:00:00+00:00,11977.773371969728
2020-07-15 12:00:00+00:00,11977.773371969728
2020-07-15 16:00:00+00:00,11977.773371969728
2020-07-15 20:00:00+00:00,11977.773371969728
2020-07-16 00:00:00+00:00,11977.773371969728
2020-07-16 04:00:00+00:00,11977.773371969728
2020-07-16 08:00:00+00:00,11977.773371969728
2020-07-16 12:00:00+00:00,11977.773371969728
2020-07-16 16:00:00+00:00,11977.773371969728
2020-07-16 20:00:00+00:00,11977.773371969728
2020-07-17 00:00:00+00:00,11977.773371969728
2020-07-17 04:00:00+00:00,11977.773371969728
2020-07-17 08:00:00+00:00,11977.773371969728
2020-07-17 12:00:00+00:00,11977.773371969728
2020-07-17 16:00:00+00:00,11977.773371969728
2020-07-17 20:00:00+00:00,11977.773371969728
2020-07-18 00:00:00+00:00,11977.773371969728
2020-07-18 04:00:00+00:00,11977.773371969728
2020-07-18 08:00:00+00:00,11977.773371969728
2020-07-18 12:00:00+00:00,11977.773371969728
2020-07-18 16:00:00+00:00,11977.773371969728
2020-07-18 20:00:00+00:00,11977.773371969728
2020-07-19 00:00:00+00:00,11977.773371969728
2020-07-19 04:00:00+00:00,11977.773371969728
2020-07-19 08:00:00+00:00,11977.773371969728
2020-07-19 12:00:00+00:00,11977.773371969728
2020-07-19 16:00:00+00:00,11977.773371969728
2020-07-19 20:00:00+00:00,11977.773371969728
2020-07-20 00:00:00+00:00,11977.773371969728
2020-07-20 04:00:00+00:00,11977.773371969728
2020-07-20 08:00:00+00:00,11977.773371969728
2020-07-20 12:00:00+00:00,11977.773371969728
2020-07-20 16:00:00+00:00,11977.773371969728
2020-07-20 20:00:00+00:00,11977.773371969728
2020-07-21 00:00:00+00:00,11977.773371969728
2020-07-21 04:00:00+00:00,11977.773371969728
2020-07-21 08:00:00+00:00,11977.773371969728
2020-07-21 12:00:00+00:00,11977.773371969728
2020-07-21 16:00:00+00:00,11977.773371969728
2020-07-21 20:00:00+00:00,11977.773371969728
2020-07-22 00:00:00+00:00,11977.773371969728
2020-07-22 04:00:00+00:00,11977.773371969728
2020-07-22 08:00:00+00:00,11977.773371969728
2020-07-22 12:00:00+00:00,12230.321279435737
2020-07-22 16:00:00+00:00,12180.405191853468
2020-07-22 20:00:00+00:00,12382.052996739074
2020-07-23 00:00:00+00:00,13202.55391594262
2020-07-23 04:00:00+00:00,13001.673240381839
2020-07-23 08:00:00+00:00,12988.44363036275
2020-07-23 12:00:00+00:00,13103.281259784702
2020-07-23 16:00:00+00:00,13245.452422230977
2020-07-23 20:00:00+00:00,13767.396300456154
2020-07-24 00:00:00+00:00,13855.947260493205
2020-07-24 04:00:00+00:00,13502.300811170508
2020-07-24 08:00:00+00:00,13093.560033188389
2020-07-24 12:00:00+00:00,13217.226563932343
2020-07-24 16:00:00+00:00,13308.070225272348
2020-07-24 20:00:00+00:00,13464.475559575832
2020-07-25 00:00:00+00:00,13248.468911986227
2020-07-25 04:00:00+00:00,13457.116743333143
2020-07-25 08:00:00+00:00,13396.47645171074
2020-07-25 12:00:00+00:00,13424.30665264819
2020-07-25 16:00:00+00:00,13518.171322881397
2020-07-25 20:00:00+00:00,13929.629405662443
2020-07-26 00:00:00+00:00,14055.152989412836
2020-07-26 04:00:00+00:00,13937.752887515053
2020-07-26 08:00:00+00:00,14123.742758714654
2020-07-26 12:00:00+00:00,15688.902350184948
2020-07-26 16:00:00+00:00,15688.902350184948
2020-07-26 20:00:00+00:00,15688.902350184948
2020-07-27 00:00:00+00:00,15688.902350184948
2020-07-27 04:00:00+00:00,15688.902350184948
2020-07-27 08:00:00+00:00,15688.902350184948
2020-07-27 12:00:00+00:00,16167.432491278987
2020-07-27 16:00:00+00:00,16206.947639151274
2020-07-27 20:00:00+00:00,16910.03069753382
2020-07-28 00:00:00+00:00,17236.17408078146
2020-07-28 04:00:00+00:00,17144.307830917547
2020-07-28 08:00:00+00:00,17005.351869754508
2020-07-28 12:00:00+00:00,17130.04581147412
2020-07-28 16:00:00+00:00,17364.2148055004
2020-07-28 20:00:00+00:00,17130.30084262688
2020-07-29 00:00:00+00:00,17005.307442626876
2020-07-29 04:00:00+00:00,17088.723506210354
2020-07-29 08:00:00+00:00,17123.232547135667
2020-07-29 12:00:00+00:00,17186.123218978762
2020-07-29 16:00:00+00:00,17240.942613669744
2020-07-29 20:00:00+00:00,17272.41454221252
2020-07-30 00:00:00+00:00,17182.68871221252
2020-07-30 04:00:00+00:00,17102.54284609921
2020-07-30 08:00:00+00:00,17073.292647276812
2020-07-30 12:00:00+00:00,17060.947521909067
2020-07-30 16:00:00+00:00,17112.398834408268
2020-07-30 20:00:00+00:00,17177.529181571404
2020-07-31 00:00:00+00:00,17165.180090851405
2020-07-31 04:00:00+00:00,17078.35363985656
2020-07-31 08:00:00+00:00,17177.353372483758
2020-07-31 12:00:00+00:00,17228.41887487596
2020-07-31 16:00:00+00:00,17312.39777005676
2020-07-31 20:00:00+00:00,17288.20398842092
2020-08-01 00:00:00+00:00,17302.07278842092
2020-08-01 04:00:00+00:00,17318.785827598174
2020-08-01 08:00:00+00:00,17516.654662088178
2020-08-01 12:00:00+00:00,17516.654662088178
2020-08-01 16:00:00+00:00,17516.654662088178
2020-08-01 20:00:00+00:00,17516.654662088178
2020-08-02 00:00:00+00:00,17516.654662088178
2020-08-02 04:00:00+00:00,18127.4949431865
2020-08-02 08:00:00+00:00,17535.90362744751
2020-08-02 12:00:00+00:00,17535.90362744751
2020-08-02 16:00:00+00:00,17535.90362744751
2020-08-02 20:00:00+00:00,17535.90362744751
2020-08-03 00:00:00+00:00,17535.90362744751
2020-08-03 04:00:00+00:00,17535.90362744751
2020-08-03 08:00:00+00:00,17535.90362744751
2020-08-03 12:00:00+00:00,17535.90362744751
2020-08-03 16:00:00+00:00,17535.90362744751
2020-08-03 20:00:00+00:00,17535.90362744751
2020-08-04 00:00:00+00:00,17535.90362744751
2020-08-04 04:00:00+00:00,17535.90362744751
2020-08-04 08:00:00+00:00,17535.90362744751
2020-08-04 12:00:00+00:00,17535.90362744751
2020-08-04 16:00:00+00:00,17535.90362744751
2020-08-04 20:00:00+00:00,17535.90362744751
2020-08-05 00:00:00+00:00,17535.90362744751
2020-08-05 04:00:00+00:00,17535.90362744751
2020-08-05 08:00:00+00:00,17535.90362744751
2020-08-05 12:00:00+00:00,17535.90362744751
2020-08-05 16:00:00+00:00,17535.90362744751
2020-08-05 20:00:00+00:00,17525.30222599401
2020-08-06 00:00:00+00:00,17588.12458576951
2020-08-06 04:00:00+00:00,17522.76198705576
2020-08-06 08:00:00+00:00,17512.77892787876
2020-08-06 12:00:00+00:00,17549.051975223876
2020-08-06 16:00:00+00:00,17643.754190786378
2020-08-06 20:00:00+00:00,17659.697258140986
2020-08-07 00:00:00+00:00,17634.972399791495
2020-08-07 04:00:00+00:00,17633.170720165537
2020-08-07 08:00:00+00:00,17633.170720165537
2020-08-07 12:00:00+00:00,17633.170720165537
2020-08-07 16:00:00+00:00,17633.170720165537
2020-08-07 20:00:00+00:00,17633.170720165537
2020-08-08 00:00:00+00:00,17633.170720165537
2020-08-08 04:00:00+00:00,17633.170720165537
2020-08-08 08:00:00+00:00,17633.170720165537
2020-08-08 12:00:00+00:00,17633.170720165537
2020-08-08 16:00:00+00:00,17633.170720165537
2020-08-08 20:00:00+00:00,17633.170720165537
2020-08-09 00:00:00+00:00,17633.170720165537
2020-08-09 04:00:00+00:00,17633.170720165537
2020-08-09 08:00:00+00:00,17633.170720165537
2020-08-09 12:00:00+00:00,17633.170720165537
2020-08-09 16:00:00+00:00,17633.170720165537
2020-08-09 20:00:00+00:00,17633.170720165537
2020-08-10 00:00:00+00:00,17633.170720165537
2020-08-10 04:00:00+00:00,17633.170720165537
2020-08-10 08:00:00+00:00,17633.170720165537
2020-08-10 12:00:00+00:00,17633.170720165537
2020-08-10 16:00:00+00:00,17633.170720165537
2020-08-10 20:00:00+00:00,17633.170720165537
2020-08-11 00:00:00+00:00,17633.170720165537
2020-08-11 04:00:00+00:00,17633.170720165537
2020-08-11 08:00:00+00:00,17633.170720165537
2020-08-11 12:00:00+00:00,17633.170720165537
2020-08-11 16:00:00+00:00,17633.170720165537
2020-08-11 20:00:00+00:00,17633.170720165537
2020-08-12 00:00:00+00:00,17633.170720165537
2020-08-12 04:00:00+00:00,17633.170720165537
2020-08-12 08:00:00+00:00,17633.170720165537
2020-08-12 12:00:00+00:00,17633.170720165537
2020-08-12 16:00:00+00:00,17633.170720165537
2020-08-12 20:00:00+00:00,17633.170720165537
2020-08-13 00:00:00+00:00,17633.170720165537
2020-08-13 04:00:00+00:00,17633.170720165537
2020-08-13 08:00:00+00:00,17633.170720165537
2020-08-13 12:00:00+00:00,17633.170720165537
2020-08-13 16:00:00+00:00,17633.170720165537
2020-08-13 20:00:00+00:00,17633.170720165537
2020-08-14 00:00:00+00:00,17633.170720165537
2020-08-14 04:00:00+00:00,17633.170720165537
2020-08-14 08:00:00+00:00,17633.170720165537
2020-08-14 12:00:00+00:00,17633.170720165537
2020-08-14 16:00:00+00:00,17633.170720165537
2020-08-14 20:00:00+00:00,17633.170720165537
2020-08-15 00:00:00+00:00,17633.170720165537
2020-08-15 04:00:00+00:00,17633.170720165537
2020-08-15 08:00:00+00:00,17632.25409126439
2020-08-15 12:00:00+00:00,17493.83435174392
2020-08-15 16:00:00+00:00,17511.072051743922
2020-08-15 20:00:00+00:00,17489.622982999983
2020-08-16 00:00:00+00:00,17489.622982999983
2020-08-16 04:00:00+00:00,17711.570612284842
2020-08-16 08:00:00+00:00,17705.57953562931
2020-08-16 12:00:00+00:00,17705.57953562931
2020-08-16 16:00:00+00:00,17705.57953562931
2020-08-16 20:00:00+00:00,17705.57953562931
2020-08-17 00:00:00+00:00,17705.57953562931
2020-08-17 04:00:00+00:00,17705.57953562931
2020-08-17 08:00:00+00:00,17705.57953562931
2020-08-17 12:00:00+00:00,17705.57953562931
2020-08-17 16:00:00+00:00,17705.57953562931
2020-08-17 20:00:00+00:00,17705.57953562931
2020-08-18 00:00:00+00:00,17705.57953562931
2020-08-18 04:00:00+00:00,17705.57953562931
2020-08-18 08:00:00+00:00,17705.57953562931
2020-08-18 12:00:00+00:00,17705.57953562931
2020-08-18 16:00:00+00:00,17705.57953562931
2020-08-18 20:00:00+00:00,17705.57953562931
2020-08-19 00:00:00+00:00,17705.57953562931
2020-08-19 04:00:00+00:00,17705.57953562931
2020-08-19 08:00:00+00:00,17705.57953562931
2020-08-19 12:00:00+00:00,17705.57953562931
2020-08-19 16:00:00+00:00,17705.57953562931
2020-08-19 20:00:00+00:00,17705.57953562931
2020-08-20 00:00:00+00:00,17705.57953562931
2020-08-20 04:00:00+00:00,17705.57953562931
2020-08-20 08:00:00+00:00,17705.57953562931
2020-08-20 12:00:00+00:00,17705.57953562931
2020-08-20 16:00:00+00:00,17705.57953562931
2020-08-20 20:00:00+00:00,17705.57953562931
2020-08-21 00:00:00+00:00,17705.57953562931
2020-08-21 04:00:00+00:00,17705.57953562931
2020-08-21 08:00:00+00:00,17705.57953562931
2020-08-21 12:00:00+00:00,17705.57953562931
2020-08-21 16:00:00+00:00,17705.57953562931
2020-08-21 20:00:00+00:00,17705.57953562931
2020-08-22 00:00:00+00:00,17705.57953562931
2020-08-22 04:00:00+00:00,17705.57953562931
2020-08-22 08:00:00+00:00,17705.57953562931
2020-08-22 12:00:00+00:00,17705.57953562931
2020-08-22 16:00:00+00:00,17705.57953562931
2020-08-22 20:00:00+00:00,17705.57953562931
2020-08-23 00:00:00+00:00,17705.57953562931
2020-08-23 04:00:00+00:00,17705.57953562931
2020-08-23 08:00:00+00:00,17705.57953562931
2020-08-23 12:00:00+00:00,17705.57953562931
2020-08-23 16:00:00+00:00,17705.57953562931
2020-08-23 20:00:00+00:00,17705.57953562931
2020-08-24 00:00:00+00:00,17705.57953562931
2020-08-24 04:00:00+00:00,17705.57953562931
2020-08-24 08:00:00+00:00,17705.57953562931
2020-08-24 12:00:00+00:00,17705.57953562931
2020-08-24 16:00:00+00:00,17666.858614443958
2020-08-24 20:00:00+00:00,17661.789921116717
2020-08-25 00:00:00+00:00,17661.789921116717
2020-08-25 04:00:00+00:00,17661.789921116717
2020-08-25 08:00:00+00:00,17661.789921116717
2020-08-25 12:00:00+00:00,17661.789921116717
2020-08-25 16:00:00+00:00,17661.789921116717
2020-08-25 20:00:00+00:00,17661.789921116717
2020-08-26 00:00:00+00:00,17661.789921116717
2020-08-26 04:00:00+00:00,17661.789921116717
2020-08-26 08:00:00+00:00,17661.789921116717
2020-08-26 12:00:00+00:00,17661.789921116717
2020-08-26 16:00:00+00:00,17661.789921116717
2020-08-26 20:00:00+00:00,17661.789921116717
2020-08-27 00:00:00+00:00,17661.789921116717
2020-08-27 04:00:00+00:00,17661.789921116717
2020-08-27 08:00:00+00:00,17661.789921116717
2020-08-27 12:00:00+00:00,17661.789921116717
2020-08-27 16:00:00+00:00,17661.789921116717
2020-08-27 20:00:00+00:00,17661.789921116717
2020-08-28 00:00:00+00:00,17661.789921116717
2020-08-28 04:00:00+00:00,17661.789921116717
2020-08-28 08:00:00+00:00,17661.789921116717
2020-08-28 12:00:00+00:00,17661.789921116717
2020-08-28 16:00:00+00:00,17661.789921116717
2020-08-28 20:00:00+00:00,17661.789921116717
2020-08-29 00:00:00+00:00,17661.789921116717
2020-08-29 04:00:00+00:00,17661.789921116717
2020-08-29 08:00:00+00:00,17661.789921116717
2020-08-29 12:00:00+00:00,17661.789921116717
2020-08-29 16:00:00+00:00,17661.789921116717
2020-08-29 20:00:00+00:00,17661.789921116717
2020-08-30 00:00:00+00:00,17661.789921116717
2020-08-30 04:00:00+00:00,17661.789921116717
2020-08-30 08:00:00+00:00,17661.789921116717
2020-08-30 12:00:00+00:00,17661.789921116717
2020-08-30 16:00:00+00:00,17661.789921116717
2020-08-30 20:00:00+00:00,17661.789921116717
2020-08-31 00:00:00+00:00,17661.789921116717
2020-08-31 04:00:00+00:00,17661.789921116717
2020-08-31 08:00:00+00:00,17661.789921116717
2020-08-31 12:00:00+00:00,17661.789921116717
2020-08-31 16:00:00+00:00,17661.789921116717
2020-08-31 20:00:00+00:00,17661.789921116717
2020-09-01 00:00:00+00:00,17661.789921116717
2020-09-01 04:00:00+00:00,17661.789921116717
2020-09-01 08:00:00+00:00,17661.789921116717
2020-09-01 12:00:00+00:00,17661.789921116717
2020-09-01 16:00:00+00:00,17661.789921116717
2020-09-01 20:00:00+00:00,17661.789921116717
2020-09-02 00:00:00+00:00,17661.789921116717
2020-09-02 04:00:00+00:00,17661.789921116717
2020-09-02 08:00:00+00:00,17661.789921116717
2020-09-02 12:00:00+00:00,17661.789921116717
2020-09-02 16:00:00+00:00,17661.789921116717
2020-09-02 20:00:00+00:00,17661.789921116717
2020-09-03 00:00:00+00:00,17661.789921116717
2020-09-03 04:00:00+00:00,17661.789921116717
2020-09-03 08:00:00+00:00,17661.789921116717
2020-09-03 12:00:00+00:00,17661.789921116717
2020-09-03 16:00:00+00:00,17661.789921116717
2020-09-03 20:00:00+00:00,17661.789921116717
2020-09-04 00:00:00+00:00,17661.789921116717
2020-09-04 04:00:00+00:00,17661.789921116717
2020-09-04 08:00:00+00:00,17661.789921116717
2020-09-04 12:00:00+00:00,17661.789921116717
2020-09-04 16:00:00+00:00,17661.789921116717
2020-09-04 20:00:00+00:00,17661.789921116717
2020-09-05 00:00:00+00:00,17661.789921116717
2020-09-05 04:00:00+00:00,17661.789921116717
2020-09-05 08:00:00+00:00,17661.789921116717
2020-09-05 12:00:00+00:00,17661.789921116717
2020-09-05 16:00:00+00:00,17661.789921116717
2020-09-05 20:00:00+00:00,17661.789921116717
2020-09-06 00:00:00+00:00,17661.789921116717
2020-09-06 04:00:00+00:00,17661.789921116717
2020-09-06 08:00:00+00:00,17661.789921116717
2020-09-06 12:00:00+00:00,17661.789921116717
2020-09-06 16:00:00+00:00,17661.789921116717
2020-09-06 20:00:00+00:00,17661.789921116717
2020-09-07 00:00:00+00:00,17661.789921116717
2020-09-07 04:00:00+00:00,17661.789921116717
2020-09-07 08:00:00+00:00,17661.789921116717
2020-09-07 12:00:00+00:00,17661.789921116717
2020-09-07 16:00:00+00:00,17661.789921116717
2020-09-07 20:00:00+00:00,17661.789921116717
2020-09-08 00:00:00+00:00,17661.789921116717
2020-09-08 04:00:00+00:00,17661.789921116717
2020-09-08 08:00:00+00:00,17661.789921116717
2020-09-08 12:00:00+00:00,17661.789921116717
2020-09-08 16:00:00+00:00,17661.789921116717
2020-09-08 20:00:00+00:00,17661.789921116717
2020-09-09 00:00:00+00:00,17661.789921116717
2020-09-09 04:00:00+00:00,17661.789921116717
2020-09-09 08:00:00+00:00,17661.789921116717
2020-09-09 12:00:00+00:00,17661.789921116717
2020-09-09 16:00:00+00:00,17661.789921116717
2020-09-09 20:00:00+00:00,17661.789921116717
2020-09-10 00:00:00+00:00,17661.789921116717
2020-09-10 04:00:00+00:00,17661.789921116717
2020-09-10 08:00:00+00:00,17661.789921116717
2020-09-10 12:00:00+00:00,17661.789921116717
2020-09-10 16:00:00+00:00,17661.789921116717
2020-09-10 20:00:00+00:00,17661.789921116717
2020-09-11 00:00:00+00:00,17661.789921116717
2020-09-11 04:00:00+00:00,17661.789921116717
2020-09-11 08:00:00+00:00,17661.789921116717
2020-09-11 12:00:00+00:00,17661.789921116717
2020-09-11 16:00:00+00:00,17661.789921116717
2020-09-11 20:00:00+00:00,17661.789921116717
2020-09-12 00:00:00+00:00,17661.789921116717
2020-09-12 04:00:00+00:00,17661.789921116717
2020-09-12 08:00:00+00:00,17661.789921116717
2020-09-12 12:00:00+00:00,17661.789921116717
2020-09-12 16:00:00+00:00,17661.789921116717
2020-09-12 20:00:00+00:00,17661.789921116717
2020-09-13 00:00:00+00:00,17661.789921116717
2020-09-13 04:00:00+00:00,17661.789921116717
2020-09-13 08:00:00+00:00,17661.789921116717
2020-09-13 12:00:00+00:00,17661.789921116717
2020-09-13 16:00:00+00:00,17661.789921116717
2020-09-13 20:00:00+00:00,17661.789921116717
2020-09-14 00:00:00+00:00,17661.789921116717
2020-09-14 04:00:00+00:00,17661.789921116717
2020-09-14 08:00:00+00:00,17661.789921116717
2020-09-14 12:00:00+00:00,17661.789921116717
2020-09-14 16:00:00+00:00,17661.789921116717
2020-09-14 20:00:00+00:00,17661.789921116717
2020-09-15 00:00:00+00:00,17661.789921116717
2020-09-15 04:00:00+00:00,17661.789921116717
2020-09-15 08:00:00+00:00,17661.789921116717
2020-09-15 12:00:00+00:00,17661.789921116717
2020-09-15 16:00:00+00:00,17661.789921116717
2020-09-15 20:00:00+00:00,17661.789921116717
2020-09-16 00:00:00+00:00,17661.789921116717
2020-09-16 04:00:00+00:00,17661.789921116717
2020-09-16 08:00:00+00:00,17661.789921116717
2020-09-16 12:00:00+00:00,17661.789921116717
2020-09-16 16:00:00+00:00,17661.789921116717
2020-09-16 20:00:00+00:00,17661.789921116717
2020-09-17 00:00:00+00:00,17661.789921116717
2020-09-17 04:00:00+00:00,17661.789921116717
2020-09-17 08:00:00+00:00,17661.789921116717
2020-09-17 12:00:00+00:00,17661.789921116717
2020-09-17 16:00:00+00:00,17661.789921116717
2020-09-17 20:00:00+00:00,17661.789921116717
2020-09-18 00:00:00+00:00,17661.789921116717
2020-09-18 04:00:00+00:00,17661.789921116717
2020-09-18 08:00:00+00:00,17661.789921116717
2020-09-18 12:00:00+00:00,17661.789921116717
2020-09-18 16:00:00+00:00,17661.789921116717
2020-09-18 20:00:00+00:00,17661.789921116717
2020-09-19 00:00:00+00:00,17661.789921116717
2020-09-19 04:00:00+00:00,17661.789921116717
2020-09-19 08:00:00+00:00,17661.789921116717
2020-09-19 12:00:00+00:00,17661.789921116717
2020-09-19 16:00:00+00:00,17661.789921116717
2020-09-19 20:00:00+00:00,17661.789921116717
2020-09-20 00:00:00+00:00,17661.789921116717
2020-09-20 04:00:00+00:00,17661.789921116717
2020-09-20 08:00:00+00:00,17661.789921116717
2020-09-20 12:00:00+00:00,17661.789921116717
2020-09-20 16:00:00+00:00,17661.789921116717
2020-09-20 20:00:00+00:00,17661.789921116717
2020-09-21 00:00:00+00:00,17661.789921116717
2020-09-21 04:00:00+00:00,17661.789921116717
2020-09-21 08:00:00+00:00,17661.789921116717
2020-09-21 12:00:00+00:00,17661.789921116717
2020-09-21 16:00:00+00:00,17661.789921116717
2020-09-21 20:00:00+00:00,17661.789921116717
2020-09-22 00:00:00+00:00,17661.789921116717
2020-09-22 04:00:00+00:00,17661.789921116717
2020-09-22 08:00:00+00:00,17661.789921116717
2020-09-22 12:00:00+00:00,17661.789921116717
2020-09-22 16:00:00+00:00,17661.789921116717
2020-09-22 20:00:00+00:00,17661.789921116717
2020-09-23 00:00:00+00:00,17661.789921116717
2020-09-23 04:00:00+00:00,17661.789921116717
2020-09-23 08:00:00+00:00,17661.789921116717
2020-09-23 12:00:00+00:00,17661.789921116717
2020-09-23 16:00:00+00:00,17661.789921116717
2020-09-23 20:00:00+00:00,17661.789921116717
2020-09-24 00:00:00+00:00,17661.789921116717
2020-09-24 04:00:00+00:00,17661.789921116717
2020-09-24 08:00:00+00:00,17661.789921116717
2020-09-24 12:00:00+00:00,17661.789921116717
2020-09-24 16:00:00+00:00,17661.789921116717
2020-09-24 20:00:00+00:00,17661.789921116717
2020-09-25 00:00:00+00:00,17661.789921116717
2020-09-25 04:00:00+00:00,17661.789921116717
2020-09-25 08:00:00+00:00,17661.789921116717
2020-09-25 12:00:00+00:00,17661.789921116717
2020-09-25 16:00:00+00:00,17661.789921116717
2020-09-25 20:00:00+00:00,17661.789921116717
2020-09-26 00:00:00+00:00,17661.789921116717
2020-09-26 04:00:00+00:00,17661.789921116717
2020-09-26 08:00:00+00:00,17661.789921116717
2020-09-26 12:00:00+00:00,17661.789921116717
2020-09-26 16:00:00+00:00,17661.789921116717
2020-09-26 20:00:00+00:00,17661.789921116717
2020-09-27 00:00:00+00:00,17661.789921116717
2020-09-27 04:00:00+00:00,17661.789921116717
2020-09-27 08:00:00+00:00,17661.789921116717
2020-09-27 12:00:00+00:00,17661.789921116717
2020-09-27 16:00:00+00:00,17661.789921116717
2020-09-27 20:00:00+00:00,17661.789921116717
2020-09-28 00:00:00+00:00,17661.789921116717
2020-09-28 04:00:00+00:00,17661.789921116717
2020-09-28 08:00:00+00:00,17661.789921116717
2020-09-28 12:00:00+00:00,17661.789921116717
2020-09-28 16:00:00+00:00,17661.789921116717
2020-09-28 20:00:00+00:00,17661.789921116717
2020-09-29 00:00:00+00:00,17661.789921116717
2020-09-29 04:00:00+00:00,17661.789921116717
2020-09-29 08:00:00+00:00,17661.789921116717
2020-09-29 12:00:00+00:00,17661.789921116717
2020-09-29 16:00:00+00:00,17661.789921116717
2020-09-29 20:00:00+00:00,17661.789921116717
2020-09-30 00:00:00+00:00,17661.789921116717
2020-09-30 04:00:00+00:00,17661.789921116717
2020-09-30 08:00:00+00:00,17661.789921116717
2020-09-30 12:00:00+00:00,17661.789921116717
2020-09-30 16:00:00+00:00,17661.789921116717
2020-09-30 20:00:00+00:00,17661.789921116717
2020-10-01 00:00:00+00:00,17661.789921116717
2020-10-01 04:00:00+00:00,17661.789921116717
2020-10-01 08:00:00+00:00,17661.789921116717
2020-10-01 12:00:00+00:00,17661.789921116717
2020-10-01 16:00:00+00:00,17661.789921116717
2020-10-01 20:00:00+00:00,17661.789921116717
2020-10-02 00:00:00+00:00,17661.789921116717
2020-10-02 04:00:00+00:00,17661.789921116717
2020-10-02 08:00:00+00:00,17661.789921116717
2020-10-02 12:00:00+00:00,17661.789921116717
2020-10-02 16:00:00+00:00,17661.789921116717
2020-10-02 20:00:00+00:00,17661.789921116717
2020-10-03 00:00:00+00:00,17661.789921116717
2020-10-03 04:00:00+00:00,17661.789921116717
2020-10-03 08:00:00+00:00,17661.789921116717
2020-10-03 12:00:00+00:00,17661.789921116717
2020-10-03 16:00:00+00:00,17661.789921116717
2020-10-03 20:00:00+00:00,17661.789921116717
2020-10-04 00:00:00+00:00,17661.789921116717
2020-10-04 04:00:00+00:00,17661.789921116717
2020-10-04 08:00:00+00:00,17661.789921116717
2020-10-04 12:00:00+00:00,17661.789921116717
2020-10-04 16:00:00+00:00,17661.789921116717
2020-10-04 20:00:00+00:00,17661.789921116717
2020-10-05 00:00:00+00:00,17661.789921116717
2020-10-05 04:00:00+00:00,17661.789921116717
2020-10-05 08:00:00+00:00,17661.789921116717
2020-10-05 12:00:00+00:00,17661.789921116717
2020-10-05 16:00:00+00:00,17661.789921116717
2020-10-05 20:00:00+00:00,17661.789921116717
2020-10-06 00:00:00+00:00,17661.789921116717
2020-10-06 04:00:00+00:00,17661.789921116717
2020-10-06 08:00:00+00:00,17661.789921116717
2020-10-06 12:00:00+00:00,17661.789921116717
2020-10-06 16:00:00+00:00,17661.789921116717
2020-10-06 20:00:00+00:00,17661.789921116717
2020-10-07 00:00:00+00:00,17661.789921116717
2020-10-07 04:00:00+00:00,17661.789921116717
2020-10-07 08:00:00+00:00,17661.789921116717
2020-10-07 12:00:00+00:00,17661.789921116717
2020-10-07 16:00:00+00:00,17661.789921116717
2020-10-07 20:00:00+00:00,17661.789921116717
2020-10-08 00:00:00+00:00,17661.789921116717
2020-10-08 04:00:00+00:00,17661.789921116717
2020-10-08 08:00:00+00:00,17661.789921116717
2020-10-08 12:00:00+00:00,17661.789921116717
2020-10-08 16:00:00+00:00,17661.789921116717
2020-10-08 20:00:00+00:00,17661.789921116717
2020-10-09 00:00:00+00:00,17661.789921116717
2020-10-09 04:00:00+00:00,17661.789921116717
2020-10-09 08:00:00+00:00,17661.789921116717
2020-10-09 12:00:00+00:00,17661.789921116717
2020-10-09 16:00:00+00:00,17661.789921116717
2020-10-09 20:00:00+00:00,17661.789921116717
2020-10-10 00:00:00+00:00,17661.789921116717
2020-10-10 04:00:00+00:00,17661.789921116717
2020-10-10 08:00:00+00:00,17606.618934103273
2020-10-10 12:00:00+00:00,17498.044351992437
2020-10-10 16:00:00+00:00,17550.929220244034
2020-10-10 20:00:00+00:00,17556.780840586212
2020-10-11 00:00:00+00:00,17455.740033513615
2020-10-11 04:00:00+00:00,17517.581584722084
2020-10-11 08:00:00+00:00,17554.517944722083
2020-10-11 12:00:00+00:00,17588.681076232522
2020-10-11 16:00:00+00:00,17638.025934690082
2020-10-11 20:00:00+00:00,17521.615574982083
2020-10-12 00:00:00+00:00,17577.045494982085
2020-10-12 04:00:00+00:00,17599.597650779844
2020-10-12 08:00:00+00:00,17588.979240354085
2020-10-12 12:00:00+00:00,17366.003118225806
2020-10-12 16:00:00+00:00,17748.553912423267
2020-10-12 20:00:00+00:00,17727.903759760644
2020-10-13 00:00:00+00:00,17639.386505239283
2020-10-13 04:00:00+00:00,17247.650183908245
2020-10-13 08:00:00+00:00,17235.010200736207
2020-10-13 12:00:00+00:00,17354.091496538043
2020-10-13 16:00:00+00:00,16975.211410771008
2020-10-13 20:00:00+00:00,16987.774477454503
2020-10-14 00:00:00+00:00,17100.582263442422
2020-10-14 04:00:00+00:00,16992.204011007103
2020-10-14 08:00:00+00:00,17069.659824114424
2020-10-14 12:00:00+00:00,16884.602922080227
2020-10-14 16:00:00+00:00,16715.68273584049
2020-10-14 20:00:00+00:00,16786.53593672761
2020-10-15 00:00:00+00:00,17075.34373324649
2020-10-15 04:00:00+00:00,16933.63003857249
2020-10-15 08:00:00+00:00,16998.398260780174
2020-10-15 12:00:00+00:00,16687.85727208385
2020-10-15 16:00:00+00:00,16997.80973725563
2020-10-15 20:00:00+00:00,17443.77157746483
2020-10-16 00:00:00+00:00,17381.053497464836
2020-10-16 04:00:00+00:00,17394.37837102806
2020-10-16 08:00:00+00:00,16663.086054166837
2020-10-16 12:00:00+00:00,16640.548672163557
2020-10-16 16:00:00+00:00,16640.548672163557
2020-10-16 20:00:00+00:00,16640.548672163557
2020-10-17 00:00:00+00:00,16640.548672163557
2020-10-17 04:00:00+00:00,16640.548672163557
2020-10-17 08:00:00+00:00,16640.548672163557
2020-10-17 12:00:00+00:00,16640.548672163557
2020-10-17 16:00:00+00:00,16640.548672163557
2020-10-17 20:00:00+00:00,16640.548672163557
2020-10-18 00:00:00+00:00,16640.548672163557
2020-10-18 04:00:00+00:00,16640.548672163557
2020-10-18 08:00:00+00:00,16640.548672163557
2020-10-18 12:00:00+00:00,16640.548672163557
2020-10-18 16:00:00+00:00,16640.548672163557
2020-10-18 20:00:00+00:00,16640.548672163557
2020-10-19 00:00:00+00:00,16640.548672163557
2020-10-19 04:00:00+00:00,16640.548672163557
2020-10-19 08:00:00+00:00,16640.548672163557
2020-10-19 12:00:00+00:00,16640.548672163557
2020-10-19 16:00:00+00:00,16640.548672163557
2020-10-19 20:00:00+00:00,16640.548672163557
2020-10-20 00:00:00+00:00,16867.7989459378
2020-10-20 04:00:00+00:00,16831.239786965827
2020-10-20 08:00:00+00:00,16799.521332574284
2020-10-20 12:00:00+00:00,16966.286203799824
2020-10-20 16:00:00+00:00,17555.598853799827
2020-10-20 20:00:00+00:00,17496.15012327735
2020-10-21 00:00:00+00:00,17468.417481919245
2020-10-21 04:00:00+00:00,18537.484914767487
2020-10-21 08:00:00+00:00,18633.41387800588
2020-10-21 12:00:00+00:00,19292.33854337343
2020-10-21 16:00:00+00:00,21237.945735976144
2020-10-21 20:00:00+00:00,21008.698015016016
2020-10-22 00:00:00+00:00,23302.447306177415
2020-10-22 04:00:00+00:00,23302.447306177415
2020-10-22 08:00:00+00:00,23302.447306177415
2020-10-22 12:00:00+00:00,23302.447306177415
2020-10-22 16:00:00+00:00,23302.447306177415
2020-10-22 20:00:00+00:00,23302.447306177415
2020-10-23 00:00:00+00:00,23302.447306177415
2020-10-23 04:00:00+00:00,23302.447306177415
2020-10-23 08:00:00+00:00,23302.447306177415
2020-10-23 12:00:00+00:00,23302.447306177415
2020-10-23 16:00:00+00:00,23302.447306177415
2020-10-23 20:00:00+00:00,23302.447306177415
2020-10-24 00:00:00+00:00,23302.447306177415
2020-10-24 04:00:00+00:00,23302.447306177415
2020-10-24 08:00:00+00:00,23302.447306177415
2020-10-24 12:00:00+00:00,23302.447306177415
2020-10-24 16:00:00+00:00,23302.447306177415
2020-10-24 20:00:00+00:00,23302.447306177415
2020-10-25 00:00:00+00:00,23302.447306177415
2020-10-25 04:00:00+00:00,23302.447306177415
2020-10-25 08:00:00+00:00,23302.447306177415
2020-10-25 12:00:00+00:00,23239.186005572195
2020-10-25 16:00:00+00:00,23227.115445608855
2020-10-25 20:00:00+00:00,23319.434289011857
2020-10-26 00:00:00+00:00,23307.541239011858
2020-10-26 04:00:00+00:00,23367.116903404327
2020-10-26 08:00:00+00:00,23309.790887191237
2020-10-26 12:00:00+00:00,23415.64210487386
2020-10-26 16:00:00+00:00,22844.35434363206
2020-10-26 20:00:00+00:00,22840.352573717286
2020-10-27 00:00:00+00:00,22839.386242631164
2020-10-27 04:00:00+00:00,22869.125367388122
2020-10-27 08:00:00+00:00,22929.977518897722
2020-10-27 12:00:00+00:00,23241.982953349383
2020-10-27 16:00:00+00:00,23764.661738097242
2020-10-27 20:00:00+00:00,23906.0359084307
2020-10-28 00:00:00+00:00,23844.25920574174
2020-10-28 04:00:00+00:00,24320.07641617429
2020-10-28 08:00:00+00:00,23931.92268747589
2020-10-28 12:00:00+00:00,22830.101192139067
2020-10-28 16:00:00+00:00,22617.430806895565
2020-10-28 20:00:00+00:00,22617.430806895565
2020-10-29 00:00:00+00:00,22617.430806895565
2020-10-29 04:00:00+00:00,22617.430806895565
2020-10-29 08:00:00+00:00,22617.430806895565
2020-10-29 12:00:00+00:00,22617.430806895565
2020-10-29 16:00:00+00:00,22617.430806895565
2020-10-29 20:00:00+00:00,22781.51362805245
2020-10-30 00:00:00+00:00,22667.52340227029
2020-10-30 04:00:00+00:00,22612.66114830877
2020-10-30 08:00:00+00:00,22042.40468830877
2020-10-30 12:00:00+00:00,22141.93360443672
2020-10-30 16:00:00+00:00,22292.90116299842
2020-10-30 20:00:00+00:00,22258.352640003344
2020-10-31 00:00:00+00:00,22308.805369126752
2020-10-31 04:00:00+00:00,22159.512919471563
2020-10-31 08:00:00+00:00,22372.770212743653
2020-10-31 12:00:00+00:00,23287.47707369123
2020-10-31 16:00:00+00:00,23072.72327300546
2020-10-31 20:00:00+00:00,22884.4126705761
2020-11-01 00:00:00+00:00,22916.501371606413
2020-11-01 04:00:00+00:00,22670.464215886674
2020-11-01 08:00:00+00:00,22920.523646560134
2020-11-01 12:00:00+00:00,22682.604175743552
2020-11-01 16:00:00+00:00,22935.14426155468
2020-11-01 20:00:00+00:00,22912.63496362722
2020-11-02 00:00:00+00:00,22839.06653362722
2020-11-02 04:00:00+00:00,22681.723150544178
2020-11-02 08:00:00+00:00,22784.684573425995
2020-11-02 12:00:00+00:00,21976.619750640202
2020-11-02 16:00:00+00:00,21960.022265229185
2020-11-02 20:00:00+00:00,21960.022265229185
2020-11-03 00:00:00+00:00,21960.022265229185
2020-11-03 04:00:00+00:00,21960.022265229185
2020-11-03 08:00:00+00:00,21960.022265229185
2020-11-03 12:00:00+00:00,21960.022265229185
2020-11-03 16:00:00+00:00,21960.022265229185
2020-11-03 20:00:00+00:00,21968.148878045227
2020-11-04 00:00:00+00:00,22212.742238045226
2020-11-04 04:00:00+00:00,21898.345902056808
2020-11-04 08:00:00+00:00,21078.215351121657
2020-11-04 12:00:00+00:00,21160.5015919634
2020-11-04 16:00:00+00:00,21294.69562803851
2020-11-04 20:00:00+00:00,21435.861728384898
2020-11-05 00:00:00+00:00,21465.73363397303
2020-11-05 04:00:00+00:00,21585.63199807124
2020-11-05 08:00:00+00:00,21988.945304204623
2020-11-05 12:00:00+00:00,22564.519031911423
2020-11-05 16:00:00+00:00,23428.857455007463
2020-11-05 20:00:00+00:00,23518.855055879794
2020-11-06 00:00:00+00:00,24649.098381928754
2020-11-06 04:00:00+00:00,24223.56135694653
2020-11-06 08:00:00+00:00,24810.613349991894
2020-11-06 12:00:00+00:00,24370.04716781927
2020-11-06 16:00:00+00:00,24034.956391309002
2020-11-06 20:00:00+00:00,24073.26889489283
2020-11-07 00:00:00+00:00,24368.637570822288
2020-11-07 04:00:00+00:00,24298.2714627363
2020-11-07 08:00:00+00:00,24095.431578612355
2020-11-07 12:00:00+00:00,24230.316918632703
2020-11-07 16:00:00+00:00,23859.949494952743
2020-11-07 20:00:00+00:00,22632.714282371002
2020-11-08 00:00:00+00:00,22632.714282371002
2020-11-08 04:00:00+00:00,22632.714282371002
2020-11-08 08:00:00+00:00,22632.714282371002
2020-11-08 12:00:00+00:00,22632.714282371002
2020-11-08 16:00:00+00:00,22632.714282371002
2020-11-08 20:00:00+00:00,22629.883709171
2020-11-09 00:00:00+00:00,22700.991116343623
2020-11-09 04:00:00+00:00,22680.139138560196
2020-11-09 08:00:00+00:00,22604.811255143955
2020-11-09 12:00:00+00:00,22876.46421467188
2020-11-09 16:00:00+00:00,21435.57662976928
2020-11-09 20:00:00+00:00,21414.89324481247
2020-11-10 00:00:00+00:00,21397.72148630467
2020-11-10 04:00:00+00:00,21402.782548756753
2020-11-10 08:00:00+00:00,21375.5139461842
2020-11-10 12:00:00+00:00,21376.685999255802
2020-11-10 16:00:00+00:00,21325.31890239475
2020-11-10 20:00:00+00:00,21385.199681832557
2020-11-11 00:00:00+00:00,21383.791941060408
2020-11-11 04:00:00+00:00,21379.091738960804
2020-11-11 08:00:00+00:00,21379.091738960804
2020-11-11 12:00:00+00:00,21379.091738960804
2020-11-11 16:00:00+00:00,21379.091738960804
2020-11-11 20:00:00+00:00,21379.091738960804
2020-11-12 00:00:00+00:00,21379.091738960804
2020-11-12 04:00:00+00:00,21379.091738960804
2020-11-12 08:00:00+00:00,21379.091738960804
2020-11-12 12:00:00+00:00,21379.091738960804
2020-11-12 16:00:00+00:00,21379.091738960804
2020-11-12 20:00:00+00:00,21379.091738960804
2020-11-13 00:00:00+00:00,21379.091738960804
2020-11-13 04:00:00+00:00,21631.017667281045
2020-11-13 08:00:00+00:00,21326.126121782945
2020-11-13 12:00:00+00:00,21286.954186149207
2020-11-13 16:00:00+00:00,21219.092522269544
2020-11-13 20:00:00+00:00,21320.513798612155
2020-11-14 00:00:00+00:00,21390.115263028063
2020-11-14 04:00:00+00:00,21123.947238220913
2020-11-14 08:00:00+00:00,21055.12077880058
2020-11-14 12:00:00+00:00,20958.055098943063
2020-11-14 16:00:00+00:00,20952.44822064676
2020-11-14 20:00:00+00:00,20952.44822064676
2020-11-15 00:00:00+00:00,20952.44822064676
2020-11-15 04:00:00+00:00,20952.44822064676
2020-11-15 08:00:00+00:00,20952.44822064676
2020-11-15 12:00:00+00:00,20952.44822064676
2020-11-15 16:00:00+00:00,20996.466892446755
2020-11-15 20:00:00+00:00,20991.53404238223
2020-11-16 00:00:00+00:00,20991.53404238223
2020-11-16 04:00:00+00:00,20991.53404238223
2020-11-16 08:00:00+00:00,20991.53404238223
2020-11-16 12:00:00+00:00,20991.53404238223
2020-11-16 16:00:00+00:00,20991.53404238223
2020-11-16 20:00:00+00:00,20991.53404238223
2020-11-17 00:00:00+00:00,20991.53404238223
2020-11-17 04:00:00+00:00,20991.53404238223
2020-11-17 08:00:00+00:00,20991.53404238223
2020-11-17 12:00:00+00:00,20991.53404238223
2020-11-17 16:00:00+00:00,20991.53404238223
2020-11-17 20:00:00+00:00,21753.39443485071
2020-11-18 00:00:00+00:00,21690.763246968312
2020-11-18 04:00:00+00:00,22671.82672857394
2020-11-18 08:00:00+00:00,22770.954044204314
2020-11-18 12:00:00+00:00,23222.99517435707
2020-11-18 16:00:00+00:00,22938.496080204517
2020-11-18 20:00:00+00:00,22583.151850621874
2020-11-19 00:00:00+00:00,22780.943248277705
2020-11-19 04:00:00+00:00,23019.580738835317
2020-11-19 08:00:00+00:00,22574.338488740592
2020-11-19 12:00:00+00:00,22764.276969561644
2020-11-19 16:00:00+00:00,23228.966249561643
2020-11-19 20:00:00+00:00,23060.902065271563
2020-11-20 00:00:00+00:00,22976.76374381468
2020-11-20 04:00:00+00:00,23227.698370699964
2020-11-20 08:00:00+00:00,23341.90683792059
2020-11-20 12:00:00+00:00,23442.945611439813
2020-11-20 16:00:00+00:00,23636.274850596285
2020-11-20 20:00:00+00:00,23557.93031724974
2020-11-21 00:00:00+00:00,23572.00877946026
2020-11-21 04:00:00+00:00,23569.469387231256
2020-11-21 08:00:00+00:00,23590.67452723126
2020-11-21 12:00:00+00:00,23363.45806440899
2020-11-21 16:00:00+00:00,23825.98038440899
2020-11-21 20:00:00+00:00,23630.589645364238
2020-11-22 00:00:00+00:00,23625.632202848992
2020-11-22 04:00:00+00:00,23370.000319718616
2020-11-22 08:00:00+00:00,23338.30921368906
2020-11-22 12:00:00+00:00,22877.893074282034
2020-11-22 16:00:00+00:00,22877.893074282034
2020-11-22 20:00:00+00:00,22877.893074282034
2020-11-23 00:00:00+00:00,22853.551145785434
2020-11-23 04:00:00+00:00,22843.540489257677
2020-11-23 08:00:00+00:00,22843.380756394603
2020-11-23 12:00:00+00:00,22843.380756394603
2020-11-23 16:00:00+00:00,22843.380756394603
2020-11-23 20:00:00+00:00,22843.380756394603
2020-11-24 00:00:00+00:00,22843.380756394603
2020-11-24 04:00:00+00:00,22843.380756394603
2020-11-24 08:00:00+00:00,22843.380756394603
2020-11-24 12:00:00+00:00,22843.380756394603
2020-11-24 16:00:00+00:00,22976.579991466722
2020-11-24 20:00:00+00:00,22879.425051105078
2020-11-25 00:00:00+00:00,22878.39827110508
2020-11-25 04:00:00+00:00,22709.64649980364
2020-11-25 08:00:00+00:00,22780.55743856074
2020-11-25 12:00:00+00:00,22775.341099987887
2020-11-25 16:00:00+00:00,22775.341099987887
2020-11-25 20:00:00+00:00,22775.341099987887
2020-11-26 00:00:00+00:00,22775.341099987887
2020-11-26 04:00:00+00:00,22775.341099987887
2020-11-26 08:00:00+00:00,22775.341099987887
2020-11-26 12:00:00+00:00,22775.341099987887
2020-11-26 16:00:00+00:00,22775.341099987887
2020-11-26 20:00:00+00:00,22775.341099987887
2020-11-27 00:00:00+00:00,22775.341099987887
2020-11-27 04:00:00+00:00,22775.341099987887
2020-11-27 08:00:00+00:00,22775.341099987887
2020-11-27 12:00:00+00:00,22775.341099987887
2020-11-27 16:00:00+00:00,22775.341099987887
2020-11-27 20:00:00+00:00,22775.341099987887
2020-11-28 00:00:00+00:00,22775.341099987887
2020-11-28 04:00:00+00:00,22775.341099987887
2020-11-28 08:00:00+00:00,22775.341099987887
2020-11-28 12:00:00+00:00,22775.341099987887
2020-11-28 16:00:00+00:00,22775.341099987887
2020-11-28 20:00:00+00:00,22775.341099987887
2020-11-29 00:00:00+00:00,22775.341099987887
2020-11-29 04:00:00+00:00,22775.341099987887
2020-11-29 08:00:00+00:00,22775.341099987887
2020-11-29 12:00:00+00:00,22775.341099987887
2020-11-29 16:00:00+00:00,22786.417148147528
2020-11-29 20:00:00+00:00,22752.857574059955
2020-11-30 00:00:00+00:00,22814.372514059953
2020-11-30 04:00:00+00:00,22979.582092061955
2020-11-30 08:00:00+00:00,23041.88027899703
2020-11-30 12:00:00+00:00,23016.77322516587
2020-11-30 16:00:00+00:00,24148.68150193893
2020-11-30 20:00:00+00:00,24018.752385533728
2020-12-01 00:00:00+00:00,24696.335419374067
2020-12-01 04:00:00+00:00,24269.198245040134
2020-12-01 08:00:00+00:00,24408.311437627202
2020-12-01 12:00:00+00:00,24239.729857991108
2020-12-01 16:00:00+00:00,23768.940162305003
2020-12-01 20:00:00+00:00,23768.940162305003
2020-12-02 00:00:00+00:00,23768.940162305003
2020-12-02 04:00:00+00:00,23768.940162305003
2020-12-02 08:00:00+00:00,23768.940162305003
2020-12-02 12:00:00+00:00,23768.940162305003
2020-12-02 16:00:00+00:00,23476.041554677045
2020-12-02 20:00:00+00:00,23472.313528685492
2020-12-03 00:00:00+00:00,23472.313528685492
2020-12-03 04:00:00+00:00,23472.313528685492
2020-12-03 08:00:00+00:00,23472.313528685492
2020-12-03 12:00:00+00:00,23472.313528685492
2020-12-03 16:00:00+00:00,23472.313528685492
2020-12-03 20:00:00+00:00,23472.313528685492
2020-12-04 00:00:00+00:00,23472.313528685492
2020-12-04 04:00:00+00:00,23472.313528685492
2020-12-04 08:00:00+00:00,23472.313528685492
2020-12-04 12:00:00+00:00,23472.313528685492
2020-12-04 16:00:00+00:00,23472.313528685492
2020-12-04 20:00:00+00:00,23472.313528685492
2020-12-05 00:00:00+00:00,23472.313528685492
2020-12-05 04:00:00+00:00,23472.313528685492
2020-12-05 08:00:00+00:00,23472.313528685492
2020-12-05 12:00:00+00:00,23472.313528685492
2020-12-05 16:00:00+00:00,23472.313528685492
2020-12-05 20:00:00+00:00,23472.313528685492
2020-12-06 00:00:00+00:00,23472.313528685492
2020-12-06 04:00:00+00:00,23472.313528685492
2020-12-06 08:00:00+00:00,23472.313528685492
2020-12-06 12:00:00+00:00,23472.313528685492
2020-12-06 16:00:00+00:00,23472.313528685492
2020-12-06 20:00:00+00:00,23472.313528685492
2020-12-07 00:00:00+00:00,23472.313528685492
2020-12-07 04:00:00+00:00,23472.313528685492
2020-12-07 08:00:00+00:00,23472.313528685492
2020-12-07 12:00:00+00:00,23472.313528685492
2020-12-07 16:00:00+00:00,23472.313528685492
2020-12-07 20:00:00+00:00,23472.313528685492
2020-12-08 00:00:00+00:00,23472.313528685492
2020-12-08 04:00:00+00:00,23472.313528685492
2020-12-08 08:00:00+00:00,23472.313528685492
2020-12-08 12:00:00+00:00,23472.313528685492
2020-12-08 16:00:00+00:00,23472.313528685492
2020-12-08 20:00:00+00:00,23472.313528685492
2020-12-09 00:00:00+00:00,23472.313528685492
2020-12-09 04:00:00+00:00,23472.313528685492
2020-12-09 08:00:00+00:00,23472.313528685492
2020-12-09 12:00:00+00:00,23472.313528685492
2020-12-09 16:00:00+00:00,23472.313528685492
2020-12-09 20:00:00+00:00,23472.313528685492
2020-12-10 00:00:00+00:00,23472.313528685492
2020-12-10 04:00:00+00:00,23472.313528685492
2020-12-10 08:00:00+00:00,23472.313528685492
2020-12-10 12:00:00+00:00,23472.313528685492
2020-12-10 16:00:00+00:00,23472.313528685492
2020-12-10 20:00:00+00:00,23472.313528685492
2020-12-11 00:00:00+00:00,23472.313528685492
2020-12-11 04:00:00+00:00,23472.313528685492
2020-12-11 08:00:00+00:00,23472.313528685492
2020-12-11 12:00:00+00:00,23472.313528685492
2020-12-11 16:00:00+00:00,23472.313528685492
2020-12-11 20:00:00+00:00,23472.313528685492
2020-12-12 00:00:00+00:00,23472.313528685492
2020-12-12 04:00:00+00:00,23472.313528685492
2020-12-12 08:00:00+00:00,23472.313528685492
2020-12-12 12:00:00+00:00,23472.313528685492
2020-12-12 16:00:00+00:00,23472.313528685492
2020-12-12 20:00:00+00:00,23472.313528685492
2020-12-13 00:00:00+00:00,23479.715221448812
2020-12-13 04:00:00+00:00,23422.870437641704
2020-12-13 08:00:00+00:00,24344.18285340981
2020-12-13 12:00:00+00:00,24483.558692649138
2020-12-13 16:00:00+00:00,24295.986080166436
2020-12-13 20:00:00+00:00,24252.905435191406
2020-12-14 00:00:00+00:00,24204.232526779964
2020-12-14 04:00:00+00:00,24367.820327218116
2020-12-14 08:00:00+00:00,24158.821521015296
2020-12-14 12:00:00+00:00,24063.111607065483
2020-12-14 16:00:00+00:00,24248.48462516843
2020-12-14 20:00:00+00:00,24182.495527318704
2020-12-15 00:00:00+00:00,24379.6490194646
2020-12-15 04:00:00+00:00,24801.29900226872
2020-12-15 08:00:00+00:00,24229.816047371587
2020-12-15 12:00:00+00:00,24421.93805842917
2020-12-15 16:00:00+00:00,24644.52817731587
2020-12-15 20:00:00+00:00,24885.54322267828
2020-12-16 00:00:00+00:00,24671.440316380318
2020-12-16 04:00:00+00:00,24529.987636499198
2020-12-16 08:00:00+00:00,24691.162067747202
2020-12-16 12:00:00+00:00,25473.963324925
2020-12-16 16:00:00+00:00,27697.1617029991
2020-12-16 20:00:00+00:00,27890.77816293719
2020-12-17 00:00:00+00:00,29772.228744452754
2020-12-17 04:00:00+00:00,31045.092522929754
2020-12-17 08:00:00+00:00,33274.99559292974
2020-12-17 12:00:00+00:00,34572.07748820574
2020-12-17 16:00:00+00:00,34572.07748820574
2020-12-17 20:00:00+00:00,34572.07748820574
2020-12-18 00:00:00+00:00,34505.19858599458
2020-12-18 04:00:00+00:00,34536.14085708442
2020-12-18 08:00:00+00:00,35085.18050878931
2020-12-18 12:00:00+00:00,34652.70587356998
2020-12-18 16:00:00+00:00,34428.18856874001
2020-12-18 20:00:00+00:00,34783.691241786495
2020-12-19 00:00:00+00:00,34967.19130516433
2020-12-19 04:00:00+00:00,34961.85183085915
2020-12-19 08:00:00+00:00,34508.99060085916
2020-12-19 12:00:00+00:00,34551.92807542161
2020-12-19 16:00:00+00:00,35776.207915421604
2020-12-19 20:00:00+00:00,36398.37527366761
2020-12-20 00:00:00+00:00,36388.871877034835
2020-12-20 04:00:00+00:00,36011.58854552508
2020-12-20 08:00:00+00:00,36164.00049039198
2020-12-20 12:00:00+00:00,36118.827040551696
2020-12-20 16:00:00+00:00,36304.57093323399
2020-12-20 20:00:00+00:00,36334.71138008484
2020-12-21 00:00:00+00:00,36060.053434970636
2020-12-21 04:00:00+00:00,36941.13245226728
2020-12-21 08:00:00+00:00,36937.7182377351
2020-12-21 12:00:00+00:00,34478.497036396584
2020-12-21 16:00:00+00:00,34464.76900594174
2020-12-21 20:00:00+00:00,34464.76900594174
2020-12-22 00:00:00+00:00,34464.76900594174
2020-12-22 04:00:00+00:00,34464.76900594174
2020-12-22 08:00:00+00:00,34464.76900594174
2020-12-22 12:00:00+00:00,34464.76900594174
2020-12-22 16:00:00+00:00,34464.76900594174
2020-12-22 20:00:00+00:00,34464.76900594174
2020-12-23 00:00:00+00:00,34464.76900594174
2020-12-23 04:00:00+00:00,34408.05155278588
2020-12-23 08:00:00+00:00,34347.506849049016
2020-12-23 12:00:00+00:00,34115.653087280014
2020-12-23 16:00:00+00:00,34109.37025388106
2020-12-23 20:00:00+00:00,34150.89849249138
2020-12-24 00:00:00+00:00,34007.88987827466
2020-12-24 04:00:00+00:00,34001.20834820781
2020-12-24 08:00:00+00:00,34001.20834820781
2020-12-24 12:00:00+00:00,34001.20834820781
2020-12-24 16:00:00+00:00,34001.20834820781
2020-12-24 20:00:00+00:00,34001.20834820781
2020-12-25 00:00:00+00:00,34001.20834820781
2020-12-25 04:00:00+00:00,33884.34458273781
2020-12-25 08:00:00+00:00,33877.560997035325
2020-12-25 12:00:00+00:00,33877.560997035325
2020-12-25 16:00:00+00:00,33877.560997035325
2020-12-25 20:00:00+00:00,33877.560997035325
2020-12-26 00:00:00+00:00,33877.560997035325
2020-12-26 04:00:00+00:00,33877.560997035325
2020-12-26 08:00:00+00:00,33877.560997035325
2020-12-26 12:00:00+00:00,33877.560997035325
2020-12-26 16:00:00+00:00,33877.560997035325
2020-12-26 20:00:00+00:00,33877.560997035325
2020-12-27 00:00:00+00:00,34755.10941307004
2020-12-27 04:00:00+00:00,34897.4615467074
2020-12-27 08:00:00+00:00,36607.9587267074
2020-12-27 12:00:00+00:00,36609.96259825801
2020-12-27 16:00:00+00:00,36048.03490100358
2020-12-27 20:00:00+00:00,35591.285726856884
2020-12-28 00:00:00+00:00,35247.880601324374
2020-12-28 04:00:00+00:00,36557.16872239168
2020-12-28 08:00:00+00:00,36445.466151500485
2020-12-28 12:00:00+00:00,36255.683089373444
2020-12-28 16:00:00+00:00,36264.39168809836
2020-12-28 20:00:00+00:00,36369.269761046606
2020-12-29 00:00:00+00:00,36393.18111480686
2020-12-29 04:00:00+00:00,36124.00069931661
2020-12-29 08:00:00+00:00,36119.38649153445
2020-12-29 12:00:00+00:00,36717.840665453776
2020-12-29 16:00:00+00:00,36612.17639238437
2020-12-29 20:00:00+00:00,37055.87606565357
2020-12-30 00:00:00+00:00,37252.791710599624
2020-12-30 04:00:00+00:00,38260.495628418925
2020-12-30 08:00:00+00:00,38423.67149753799
2020-12-30 12:00:00+00:00,37594.09086685835
2020-12-30 16:00:00+00:00,37700.30808046813
2020-12-30 20:00:00+00:00,37955.15993740219
2020-12-31 00:00:00+00:00,37996.427254810005
2020-12-31 04:00:00+00:00,38051.43036722661
2020-12-31 08:00:00+00:00,38109.24827612027
2020-12-31 12:00:00+00:00,37997.65827699713
2020-12-31 16:00:00+00:00,37934.84704510477
2020-12-31 20:00:00+00:00,37979.22893547694
2021-01-01 00:00:00+00:00,37996.14124240797
2021-01-01 04:00:00+00:00,38142.64163944668
2021-01-01 08:00:00+00:00,38059.823632419124
2021-01-01 12:00:00+00:00,38390.82654197866
2021-01-01 16:00:00+00:00,38204.068941978665
2021-01-01 20:00:00+00:00,37956.43955716277
2021-01-02 00:00:00+00:00,38373.80236688501
2021-01-02 04:00:00+00:00,38404.61243530102
2021-01-02 08:00:00+00:00,38994.51867530101
2021-01-02 12:00:00+00:00,38987.497838004536
2021-01-02 16:00:00+00:00,41751.239758004536
2021-01-02 20:00:00+00:00,44733.554388560995
2021-01-03 00:00:00+00:00,44733.554388560995
2021-01-03 04:00:00+00:00,44733.554388560995
2021-01-03 08:00:00+00:00,44733.554388560995
2021-01-03 12:00:00+00:00,44733.554388560995
2021-01-03 16:00:00+00:00,44200.46811580772
2021-01-03 20:00:00+00:00,43891.918141590875
2021-01-04 00:00:00+00:00,43976.41845486859
2021-01-04 04:00:00+00:00,44140.88969188364
2021-01-04 08:00:00+00:00,43551.68410275733
2021-01-04 12:00:00+00:00,43551.68410275733
2021-01-04 16:00:00+00:00,43551.68410275733
2021-01-04 20:00:00+00:00,43551.68410275733
2021-01-05 00:00:00+00:00,43551.68410275733
2021-01-05 04:00:00+00:00,43551.68410275733
2021-01-05 08:00:00+00:00,43551.68410275733
2021-01-05 12:00:00+00:00,43551.68410275733
2021-01-05 16:00:00+00:00,43551.68410275733
2021-01-05 20:00:00+00:00,43551.68410275733
2021-01-06 00:00:00+00:00,43614.02225240533
2021-01-06 04:00:00+00:00,43654.84725573714
2021-01-06 08:00:00+00:00,43805.79917432858
2021-01-06 12:00:00+00:00,43853.73594662692
2021-01-06 16:00:00+00:00,43753.18234662692
2021-01-06 20:00:00+00:00,43805.976186694556
2021-01-07 00:00:00+00:00,44327.836346465396
2021-01-07 04:00:00+00:00,44517.17955557126
2021-01-07 08:00:00+00:00,44341.96599806862
2021-01-07 12:00:00+00:00,44597.21586827676
2021-01-07 16:00:00+00:00,44895.91155539404
2021-01-07 20:00:00+00:00,44911.031642608184
2021-01-08 00:00:00+00:00,45013.957042608185
2021-01-08 04:00:00+00:00,44692.23693529231
2021-01-08 08:00:00+00:00,44848.510750991794
2021-01-08 12:00:00+00:00,45486.68479338041
2021-01-08 16:00:00+00:00,45344.72061957717
2021-01-08 20:00:00+00:00,45213.57864391558
2021-01-09 00:00:00+00:00,45270.128401885704
2021-01-09 04:00:00+00:00,45171.10530360752
2021-01-09 08:00:00+00:00,45006.88758345132
2021-01-09 12:00:00+00:00,45254.39434772056
2021-01-09 16:00:00+00:00,45248.11778772056
2021-01-09 20:00:00+00:00,45271.56592008877
2021-01-10 00:00:00+00:00,45111.96985184701
2021-01-10 04:00:00+00:00,45159.64713379015
2021-01-10 08:00:00+00:00,45334.41816721648
2021-01-10 12:00:00+00:00,44829.91948448745
2021-01-10 16:00:00+00:00,44867.43121924541
2021-01-10 20:00:00+00:00,44716.96634340716
2021-01-11 00:00:00+00:00,44716.38108630949
2021-01-11 04:00:00+00:00,44716.38108630949
2021-01-11 08:00:00+00:00,44716.38108630949
2021-01-11 12:00:00+00:00,44716.38108630949
2021-01-11 16:00:00+00:00,44716.38108630949
2021-01-11 20:00:00+00:00,44716.38108630949
2021-01-12 00:00:00+00:00,44716.38108630949
2021-01-12 04:00:00+00:00,44716.38108630949
2021-01-12 08:00:00+00:00,44716.38108630949
2021-01-12 12:00:00+00:00,44716.38108630949
2021-01-12 16:00:00+00:00,44716.38108630949
2021-01-12 20:00:00+00:00,44716.38108630949
2021-01-13 00:00:00+00:00,44716.38108630949
2021-01-13 04:00:00+00:00,44716.38108630949
2021-01-13 08:00:00+00:00,44716.38108630949
2021-01-13 12:00:00+00:00,44716.38108630949
2021-01-13 16:00:00+00:00,44716.38108630949
2021-01-13 20:00:00+00:00,44716.38108630949
2021-01-14 00:00:00+00:00,44716.38108630949
2021-01-14 04:00:00+00:00,44716.38108630949
2021-01-14 08:00:00+00:00,44720.99482515573
2021-01-14 12:00:00+00:00,44723.580056348765
2021-01-14 16:00:00+00:00,44788.53431828049
2021-01-14 20:00:00+00:00,44851.00357569384
2021-01-15 00:00:00+00:00,44709.90924300004
2021-01-15 04:00:00+00:00,44678.918090029634
2021-01-15 08:00:00+00:00,44662.34045469184
2021-01-15 12:00:00+00:00,44662.09042045303
2021-01-15 16:00:00+00:00,44662.09042045303
2021-01-15 20:00:00+00:00,44662.09042045303
2021-01-16 00:00:00+00:00,44662.09042045303
2021-01-16 04:00:00+00:00,44662.09042045303
2021-01-16 08:00:00+00:00,44662.09042045303
2021-01-16 12:00:00+00:00,44662.09042045303
2021-01-16 16:00:00+00:00,44662.09042045303
2021-01-16 20:00:00+00:00,44662.09042045303
2021-01-17 00:00:00+00:00,44662.09042045303
2021-01-17 04:00:00+00:00,44662.09042045303
2021-01-17 08:00:00+00:00,44662.09042045303
2021-01-17 12:00:00+00:00,44662.09042045303
2021-01-17 16:00:00+00:00,44662.09042045303
2021-01-17 20:00:00+00:00,44662.09042045303
2021-01-18 00:00:00+00:00,44662.09042045303
2021-01-18 04:00:00+00:00,44662.09042045303
2021-01-18 08:00:00+00:00,44662.09042045303
2021-01-18 12:00:00+00:00,44662.09042045303
2021-01-18 16:00:00+00:00,44662.09042045303
2021-01-18 20:00:00+00:00,44662.09042045303
2021-01-19 00:00:00+00:00,44662.09042045303
2021-01-19 04:00:00+00:00,44662.09042045303
2021-01-19 08:00:00+00:00,44662.09042045303
2021-01-19 12:00:00+00:00,44662.09042045303
2021-01-19 16:00:00+00:00,44662.09042045303
2021-01-19 20:00:00+00:00,44662.09042045303
2021-01-20 00:00:00+00:00,44662.09042045303
2021-01-20 04:00:00+00:00,44662.09042045303
2021-01-20 08:00:00+00:00,44662.09042045303
2021-01-20 12:00:00+00:00,44662.09042045303
2021-01-20 16:00:00+00:00,44662.09042045303
2021-01-20 20:00:00+00:00,44662.09042045303
2021-01-21 00:00:00+00:00,44662.09042045303
2021-01-21 04:00:00+00:00,44662.09042045303
2021-01-21 08:00:00+00:00,44662.09042045303
2021-01-21 12:00:00+00:00,44662.09042045303
2021-01-21 16:00:00+00:00,44662.09042045303
2021-01-21 20:00:00+00:00,44662.09042045303
2021-01-22 00:00:00+00:00,44662.09042045303
2021-01-22 04:00:00+00:00,44662.09042045303
2021-01-22 08:00:00+00:00,44662.09042045303
2021-01-22 12:00:00+00:00,44662.09042045303
2021-01-22 16:00:00+00:00,44662.09042045303
2021-01-22 20:00:00+00:00,44662.09042045303
2021-01-23 00:00:00+00:00,44662.09042045303
2021-01-23 04:00:00+00:00,44662.09042045303
2021-01-23 08:00:00+00:00,44662.09042045303
2021-01-23 12:00:00+00:00,44662.09042045303
2021-01-23 16:00:00+00:00,44662.09042045303
2021-01-23 20:00:00+00:00,44662.09042045303
2021-01-24 00:00:00+00:00,44662.09042045303
2021-01-24 04:00:00+00:00,44662.09042045303
2021-01-24 08:00:00+00:00,44662.09042045303
2021-01-24 12:00:00+00:00,44662.09042045303
2021-01-24 16:00:00+00:00,44662.09042045303
2021-01-24 20:00:00+00:00,44662.09042045303
2021-01-25 00:00:00+00:00,44662.09042045303
2021-01-25 04:00:00+00:00,44662.09042045303
2021-01-25 08:00:00+00:00,44662.09042045303
2021-01-25 12:00:00+00:00,44662.09042045303
2021-01-25 16:00:00+00:00,44662.09042045303
2021-01-25 20:00:00+00:00,44662.09042045303
2021-01-26 00:00:00+00:00,44662.09042045303
2021-01-26 04:00:00+00:00,44662.09042045303
2021-01-26 08:00:00+00:00,44662.09042045303
2021-01-26 12:00:00+00:00,44662.09042045303
2021-01-26 16:00:00+00:00,44662.09042045303
2021-01-26 20:00:00+00:00,44662.09042045303
2021-01-27 00:00:00+00:00,44662.09042045303
2021-01-27 04:00:00+00:00,44662.09042045303
2021-01-27 08:00:00+00:00,44662.09042045303
2021-01-27 12:00:00+00:00,44662.09042045303
2021-01-27 16:00:00+00:00,44662.09042045303
2021-01-27 20:00:00+00:00,44662.09042045303
2021-01-28 00:00:00+00:00,44662.09042045303
2021-01-28 04:00:00+00:00,44662.09042045303
2021-01-28 08:00:00+00:00,44662.09042045303
2021-01-28 12:00:00+00:00,44662.09042045303
2021-01-28 16:00:00+00:00,44662.09042045303
2021-01-28 20:00:00+00:00,44662.09042045303
2021-01-29 00:00:00+00:00,44662.09042045303
2021-01-29 04:00:00+00:00,44662.09042045303
2021-01-29 08:00:00+00:00,44662.09042045303
2021-01-29 12:00:00+00:00,44662.09042045303
2021-01-29 16:00:00+00:00,44662.09042045303
2021-01-29 20:00:00+00:00,44662.09042045303
2021-01-30 00:00:00+00:00,44662.09042045303
2021-01-30 04:00:00+00:00,44662.09042045303
2021-01-30 08:00:00+00:00,44662.09042045303
2021-01-30 12:00:00+00:00,44662.09042045303
2021-01-30 16:00:00+00:00,44662.09042045303
2021-01-30 20:00:00+00:00,44662.09042045303
2021-01-31 00:00:00+00:00,44662.09042045303
2021-01-31 04:00:00+00:00,44662.09042045303
2021-01-31 08:00:00+00:00,44662.09042045303
2021-01-31 12:00:00+00:00,44662.09042045303
2021-01-31 16:00:00+00:00,44662.09042045303
2021-01-31 20:00:00+00:00,44662.09042045303
2021-02-01 00:00:00+00:00,44662.09042045303
2021-02-01 04:00:00+00:00,44662.09042045303
2021-02-01 08:00:00+00:00,44662.09042045303
2021-02-01 12:00:00+00:00,44662.09042045303
2021-02-01 16:00:00+00:00,44662.09042045303
2021-02-01 20:00:00+00:00,44662.09042045303
2021-02-02 00:00:00+00:00,44662.09042045303
2021-02-02 04:00:00+00:00,44662.09042045303
2021-02-02 08:00:00+00:00,44662.09042045303
2021-02-02 12:00:00+00:00,44662.09042045303
2021-02-02 16:00:00+00:00,44662.09042045303
2021-02-02 20:00:00+00:00,44662.09042045303
2021-02-03 00:00:00+00:00,44662.09042045303
2021-02-03 04:00:00+00:00,44662.09042045303
2021-02-03 08:00:00+00:00,44662.09042045303
2021-02-03 12:00:00+00:00,44662.09042045303
2021-02-03 16:00:00+00:00,44662.09042045303
2021-02-03 20:00:00+00:00,44662.09042045303
2021-02-04 00:00:00+00:00,44662.09042045303
2021-02-04 04:00:00+00:00,44662.09042045303
2021-02-04 08:00:00+00:00,44662.09042045303
2021-02-04 12:00:00+00:00,44662.09042045303
2021-02-04 16:00:00+00:00,44587.38816127555
2021-02-04 20:00:00+00:00,44674.60928082939
2021-02-05 00:00:00+00:00,44623.85941590265
2021-02-05 04:00:00+00:00,44662.44034249443
2021-02-05 08:00:00+00:00,44691.380091836014
2021-02-05 12:00:00+00:00,44691.83126581742
2021-02-05 16:00:00+00:00,44718.12538284869
2021-02-05 20:00:00+00:00,44679.58916200681
2021-02-06 00:00:00+00:00,44747.0539291722
2021-02-06 04:00:00+00:00,45133.85851040449
2021-02-06 08:00:00+00:00,45121.61416520601
2021-02-06 12:00:00+00:00,45415.84556246239
2021-02-06 16:00:00+00:00,45644.66124381417
2021-02-06 20:00:00+00:00,45403.125431295084
2021-02-07 00:00:00+00:00,45044.00657458245
2021-02-07 04:00:00+00:00,44895.76611121663
2021-02-07 08:00:00+00:00,44954.5419845456
2021-02-07 12:00:00+00:00,44967.036565716466
2021-02-07 16:00:00+00:00,44445.13466680019
2021-02-07 20:00:00+00:00,44445.13466680019
2021-02-08 00:00:00+00:00,44445.13466680019
2021-02-08 04:00:00+00:00,44445.13466680019
2021-02-08 08:00:00+00:00,44445.13466680019
2021-02-08 12:00:00+00:00,44445.13466680019
2021-02-08 16:00:00+00:00,44445.13466680019
2021-02-08 20:00:00+00:00,44445.13466680019
2021-02-09 00:00:00+00:00,44445.13466680019
2021-02-09 04:00:00+00:00,44445.13466680019
2021-02-09 08:00:00+00:00,44445.13466680019
2021-02-09 12:00:00+00:00,44445.13466680019
2021-02-09 16:00:00+00:00,44445.13466680019
2021-02-09 20:00:00+00:00,44445.13466680019
2021-02-10 00:00:00+00:00,44445.13466680019
2021-02-10 04:00:00+00:00,44445.13466680019
2021-02-10 08:00:00+00:00,44445.13466680019
2021-02-10 12:00:00+00:00,44445.13466680019
2021-02-10 16:00:00+00:00,44445.13466680019
2021-02-10 20:00:00+00:00,44445.13466680019
2021-02-11 00:00:00+00:00,44445.13466680019
2021-02-11 04:00:00+00:00,44445.13466680019
2021-02-11 08:00:00+00:00,44445.13466680019
2021-02-11 12:00:00+00:00,44445.13466680019
2021-02-11 16:00:00+00:00,44445.13466680019
2021-02-11 20:00:00+00:00,44445.13466680019
2021-02-12 00:00:00+00:00,44445.13466680019
2021-02-12 04:00:00+00:00,44445.13466680019
2021-02-12 08:00:00+00:00,44445.13466680019
2021-02-12 12:00:00+00:00,44445.13466680019
2021-02-12 16:00:00+00:00,44445.13466680019
2021-02-12 20:00:00+00:00,44445.13466680019
2021-02-13 00:00:00+00:00,44445.13466680019
2021-02-13 04:00:00+00:00,44445.13466680019
2021-02-13 08:00:00+00:00,44445.13466680019
2021-02-13 12:00:00+00:00,44445.13466680019
2021-02-13 16:00:00+00:00,44445.13466680019
2021-02-13 20:00:00+00:00,44445.13466680019
2021-02-14 00:00:00+00:00,44445.13466680019
2021-02-14 04:00:00+00:00,44445.13466680019
2021-02-14 08:00:00+00:00,44445.13466680019
2021-02-14 12:00:00+00:00,44445.13466680019
2021-02-14 16:00:00+00:00,44445.13466680019
2021-02-14 20:00:00+00:00,44445.13466680019
2021-02-15 00:00:00+00:00,44445.13466680019
2021-02-15 04:00:00+00:00,44445.13466680019
2021-02-15 08:00:00+00:00,44445.13466680019
2021-02-15 12:00:00+00:00,44445.13466680019
2021-02-15 16:00:00+00:00,44445.13466680019
2021-02-15 20:00:00+00:00,44445.13466680019
2021-02-16 00:00:00+00:00,44383.47191893123
2021-02-16 04:00:00+00:00,44378.20726421511
2021-02-16 08:00:00+00:00,44378.20726421511
2021-02-16 12:00:00+00:00,44378.20726421511
2021-02-16 16:00:00+00:00,44378.20726421511
2021-02-16 20:00:00+00:00,44378.20726421511
2021-02-17 00:00:00+00:00,44378.20726421511
2021-02-17 04:00:00+00:00,44378.20726421511
2021-02-17 08:00:00+00:00,44378.20726421511
2021-02-17 12:00:00+00:00,44378.20726421511
2021-02-17 16:00:00+00:00,44378.20726421511
2021-02-17 20:00:00+00:00,44378.20726421511
2021-02-18 00:00:00+00:00,44363.57264337271
2021-02-18 04:00:00+00:00,44321.937062430196
2021-02-18 08:00:00+00:00,44298.7866624302
2021-02-18 12:00:00+00:00,44139.241883752184
2021-02-18 16:00:00+00:00,44185.231612531985
2021-02-18 20:00:00+00:00,44214.268898711496
2021-02-19 00:00:00+00:00,44155.90669871149
2021-02-19 04:00:00+00:00,44066.840073753796
2021-02-19 08:00:00+00:00,44200.367853830394
2021-02-19 12:00:00+00:00,44440.16067406879
2021-02-19 16:00:00+00:00,44737.1772761926
2021-02-19 20:00:00+00:00,45030.56239039217
2021-02-20 00:00:00+00:00,45352.26333005838
2021-02-20 04:00:00+00:00,45258.29494769654
2021-02-20 08:00:00+00:00,45060.10760123614
2021-02-20 12:00:00+00:00,45471.314952439534
2021-02-20 16:00:00+00:00,45376.02995243954
2021-02-20 20:00:00+00:00,45678.97773310923
2021-02-21 00:00:00+00:00,45250.70236786243
2021-02-21 04:00:00+00:00,45397.51011053965
2021-02-21 08:00:00+00:00,45279.11968991649
2021-02-21 12:00:00+00:00,45599.296941919405
2021-02-21 16:00:00+00:00,45595.71189377314
2021-02-21 20:00:00+00:00,45788.685295716976
2021-02-22 00:00:00+00:00,45597.81965571698
2021-02-22 04:00:00+00:00,45170.77064752632
2021-02-22 08:00:00+00:00,45216.03271280774
2021-02-22 12:00:00+00:00,44998.641231004265
2021-02-22 16:00:00+00:00,44998.641231004265
2021-02-22 20:00:00+00:00,44998.641231004265
2021-02-23 00:00:00+00:00,44998.641231004265
2021-02-23 04:00:00+00:00,44998.641231004265
2021-02-23 08:00:00+00:00,44998.641231004265
2021-02-23 12:00:00+00:00,44998.641231004265
2021-02-23 16:00:00+00:00,44998.641231004265
2021-02-23 20:00:00+00:00,44998.641231004265
2021-02-24 00:00:00+00:00,44998.641231004265
2021-02-24 04:00:00+00:00,44998.641231004265
2021-02-24 08:00:00+00:00,44998.641231004265
2021-02-24 12:00:00+00:00,44998.641231004265
2021-02-24 16:00:00+00:00,44998.641231004265
2021-02-24 20:00:00+00:00,44998.641231004265
2021-02-25 00:00:00+00:00,44998.641231004265
2021-02-25 04:00:00+00:00,44998.641231004265
2021-02-25 08:00:00+00:00,44998.641231004265
2021-02-25 12:00:00+00:00,44998.641231004265
2021-02-25 16:00:00+00:00,44998.641231004265
2021-02-25 20:00:00+00:00,44998.641231004265
2021-02-26 00:00:00+00:00,44998.641231004265
2021-02-26 04:00:00+00:00,44998.641231004265
2021-02-26 08:00:00+00:00,44998.641231004265
2021-02-26 12:00:00+00:00,44998.641231004265
2021-02-26 16:00:00+00:00,44998.641231004265
2021-02-26 20:00:00+00:00,44998.641231004265
2021-02-27 00:00:00+00:00,44998.641231004265
2021-02-27 04:00:00+00:00,44998.641231004265
2021-02-27 08:00:00+00:00,44998.641231004265
2021-02-27 12:00:00+00:00,44998.641231004265
2021-02-27 16:00:00+00:00,44998.641231004265
2021-02-27 20:00:00+00:00,44998.641231004265
2021-02-28 00:00:00+00:00,44998.641231004265
2021-02-28 04:00:00+00:00,44998.641231004265
2021-02-28 08:00:00+00:00,44998.641231004265
2021-02-28 12:00:00+00:00,44998.641231004265
2021-02-28 16:00:00+00:00,44998.641231004265
2021-02-28 20:00:00+00:00,44998.641231004265
2021-03-01 00:00:00+00:00,44998.641231004265
2021-03-01 04:00:00+00:00,44998.641231004265
2021-03-01 08:00:00+00:00,44998.641231004265
2021-03-01 12:00:00+00:00,44998.641231004265
2021-03-01 16:00:00+00:00,44998.641231004265
2021-03-01 20:00:00+00:00,44998.641231004265
2021-03-02 00:00:00+00:00,44998.641231004265
2021-03-02 04:00:00+00:00,44998.641231004265
2021-03-02 08:00:00+00:00,44998.641231004265
2021-03-02 12:00:00+00:00,44998.641231004265
2021-03-02 16:00:00+00:00,44998.641231004265
2021-03-02 20:00:00+00:00,44998.641231004265
2021-03-03 00:00:00+00:00,44998.641231004265
2021-03-03 04:00:00+00:00,44998.641231004265
2021-03-03 08:00:00+00:00,44998.641231004265
2021-03-03 12:00:00+00:00,44998.641231004265
2021-03-03 16:00:00+00:00,44784.4744427573
2021-03-03 20:00:00+00:00,44801.75842272957
2021-03-04 00:00:00+00:00,44688.0745577561
2021-03-04 04:00:00+00:00,44630.882929025385
2021-03-04 08:00:00+00:00,44639.037978760025
2021-03-04 12:00:00+00:00,44613.51705481223
2021-03-04 16:00:00+00:00,44621.118094812235
2021-03-04 20:00:00+00:00,44522.38729774048
2021-03-05 00:00:00+00:00,44548.0394533906
2021-03-05 04:00:00+00:00,44483.46653464075
2021-03-05 08:00:00+00:00,44483.46653464075
2021-03-05 12:00:00+00:00,44483.46653464075
2021-03-05 16:00:00+00:00,44483.46653464075
2021-03-05 20:00:00+00:00,44483.46653464075
2021-03-06 00:00:00+00:00,44483.46653464075
2021-03-06 04:00:00+00:00,44483.46653464075
2021-03-06 08:00:00+00:00,44483.46653464075
2021-03-06 12:00:00+00:00,44483.46653464075
2021-03-06 16:00:00+00:00,44483.46653464075
2021-03-06 20:00:00+00:00,44483.46653464075
2021-03-07 00:00:00+00:00,44483.46653464075
2021-03-07 04:00:00+00:00,44483.46653464075
2021-03-07 08:00:00+00:00,44483.46653464075
2021-03-07 12:00:00+00:00,44483.46653464075
2021-03-07 16:00:00+00:00,44483.46653464075
2021-03-07 20:00:00+00:00,44483.46653464075
2021-03-08 00:00:00+00:00,44483.46653464075
2021-03-08 04:00:00+00:00,44483.46653464075
2021-03-08 08:00:00+00:00,44483.46653464075
2021-03-08 12:00:00+00:00,44483.46653464075
2021-03-08 16:00:00+00:00,44483.46653464075
2021-03-08 20:00:00+00:00,44483.46653464075
2021-03-09 00:00:00+00:00,44483.46653464075
2021-03-09 04:00:00+00:00,44483.46653464075
2021-03-09 08:00:00+00:00,44483.46653464075
2021-03-09 12:00:00+00:00,44483.46653464075
2021-03-09 16:00:00+00:00,44483.46653464075
2021-03-09 20:00:00+00:00,44483.46653464075
2021-03-10 00:00:00+00:00,44701.97498976092
2021-03-10 04:00:00+00:00,44312.86281808383
2021-03-10 08:00:00+00:00,44363.20659516611
2021-03-10 12:00:00+00:00,45000.24867671053
2021-03-10 16:00:00+00:00,45403.52949036161
2021-03-10 20:00:00+00:00,45777.64849830644
2021-03-11 00:00:00+00:00,45539.14043476501
2021-03-11 04:00:00+00:00,45563.271668969224
2021-03-11 08:00:00+00:00,45297.23010338361
2021-03-11 12:00:00+00:00,45373.90131239575
2021-03-11 16:00:00+00:00,45409.53257385296
2021-03-11 20:00:00+00:00,45524.130984600066
2021-03-12 00:00:00+00:00,45785.22220508561
2021-03-12 04:00:00+00:00,45585.68023030741
2021-03-12 08:00:00+00:00,45470.54049724874
2021-03-12 12:00:00+00:00,45405.2071780624
2021-03-12 16:00:00+00:00,45532.416676142624
2021-03-12 20:00:00+00:00,45521.77006573925
2021-03-13 00:00:00+00:00,45605.21830960849
2021-03-13 04:00:00+00:00,45444.269741849195
2021-03-13 08:00:00+00:00,45616.77750861883
2021-03-13 12:00:00+00:00,46285.801575336554
2021-03-13 16:00:00+00:00,46236.112244670716
2021-03-13 20:00:00+00:00,46517.029434421114
2021-03-14 00:00:00+00:00,46673.558222790714
2021-03-14 04:00:00+00:00,46719.4439870976
2021-03-14 08:00:00+00:00,46424.431669923666
2021-03-14 12:00:00+00:00,46352.33804995343
2021-03-14 16:00:00+00:00,46176.587035484146
2021-03-14 20:00:00+00:00,46226.50121519267
2021-03-15 00:00:00+00:00,45961.12714991663
2021-03-15 04:00:00+00:00,46340.17014305993
2021-03-15 08:00:00+00:00,45609.202498201455
2021-03-15 12:00:00+00:00,45536.42602002292
2021-03-15 16:00:00+00:00,45536.42602002292
2021-03-15 20:00:00+00:00,45536.42602002292
2021-03-16 00:00:00+00:00,45536.42602002292
2021-03-16 04:00:00+00:00,45536.42602002292
2021-03-16 08:00:00+00:00,45536.42602002292
2021-03-16 12:00:00+00:00,45536.42602002292
2021-03-16 16:00:00+00:00,45536.42602002292
2021-03-16 20:00:00+00:00,45536.42602002292
2021-03-17 00:00:00+00:00,45536.42602002292
2021-03-17 04:00:00+00:00,45536.42602002292
2021-03-17 08:00:00+00:00,45536.42602002292
2021-03-17 12:00:00+00:00,45536.42602002292
2021-03-17 16:00:00+00:00,45536.42602002292
2021-03-17 20:00:00+00:00,45536.42602002292
2021-03-18 00:00:00+00:00,46334.68628987972
2021-03-18 04:00:00+00:00,46191.58056357493
2021-03-18 08:00:00+00:00,45906.689843574924
2021-03-18 12:00:00+00:00,45782.209285478915
2021-03-18 16:00:00+00:00,46788.218672799
2021-03-18 20:00:00+00:00,45080.33311206378
2021-03-19 00:00:00+00:00,45149.28657139592
2021-03-19 04:00:00+00:00,45165.97202732257
2021-03-19 08:00:00+00:00,45183.13651024837
2021-03-19 12:00:00+00:00,45401.127975528376
2021-03-19 16:00:00+00:00,45444.17134714118
2021-03-19 20:00:00+00:00,45412.656071668505
2021-03-20 00:00:00+00:00,45230.685641628064
2021-03-20 04:00:00+00:00,45298.813938588064
2021-03-20 08:00:00+00:00,45299.797461560716
2021-03-20 12:00:00+00:00,45517.73802493228
2021-03-20 16:00:00+00:00,45515.286777023975
2021-03-20 20:00:00+00:00,45523.745421529566
2021-03-21 00:00:00+00:00,45424.72699743293
2021-03-21 04:00:00+00:00,45331.422832664524
2021-03-21 08:00:00+00:00,45260.08720305082
2021-03-21 12:00:00+00:00,45256.112144618215
2021-03-21 16:00:00+00:00,45256.112144618215
2021-03-21 20:00:00+00:00,45256.112144618215
2021-03-22 00:00:00+00:00,45256.112144618215
2021-03-22 04:00:00+00:00,45256.112144618215
2021-03-22 08:00:00+00:00,45256.112144618215
2021-03-22 12:00:00+00:00,45256.112144618215
2021-03-22 16:00:00+00:00,45256.112144618215
2021-03-22 20:00:00+00:00,45256.112144618215
2021-03-23 00:00:00+00:00,45256.112144618215
2021-03-23 04:00:00+00:00,45256.112144618215
2021-03-23 08:00:00+00:00,45256.112144618215
2021-03-23 12:00:00+00:00,45256.112144618215
2021-03-23 16:00:00+00:00,45256.112144618215
2021-03-23 20:00:00+00:00,45256.112144618215
2021-03-24 00:00:00+00:00,45256.112144618215
2021-03-24 04:00:00+00:00,45256.112144618215
2021-03-24 08:00:00+00:00,45256.112144618215
2021-03-24 12:00:00+00:00,45256.112144618215
2021-03-24 16:00:00+00:00,45256.112144618215
2021-03-24 20:00:00+00:00,45256.112144618215
2021-03-25 00:00:00+00:00,45256.112144618215
2021-03-25 04:00:00+00:00,45256.112144618215
2021-03-25 08:00:00+00:00,45256.112144618215
2021-03-25 12:00:00+00:00,45256.112144618215
2021-03-25 16:00:00+00:00,45256.112144618215
2021-03-25 20:00:00+00:00,45256.112144618215
2021-03-26 00:00:00+00:00,45256.112144618215
2021-03-26 04:00:00+00:00,45256.112144618215
2021-03-26 08:00:00+00:00,45256.112144618215
2021-03-26 12:00:00+00:00,45256.112144618215
2021-03-26 16:00:00+00:00,45256.112144618215
2021-03-26 20:00:00+00:00,45256.112144618215
2021-03-27 00:00:00+00:00,45256.112144618215
2021-03-27 04:00:00+00:00,45256.112144618215
2021-03-27 08:00:00+00:00,45256.112144618215
2021-03-27 12:00:00+00:00,45256.112144618215
2021-03-27 16:00:00+00:00,45256.112144618215
2021-03-27 20:00:00+00:00,45256.112144618215
2021-03-28 00:00:00+00:00,45256.112144618215
2021-03-28 04:00:00+00:00,45256.112144618215
2021-03-28 08:00:00+00:00,45256.112144618215
2021-03-28 12:00:00+00:00,45256.112144618215
2021-03-28 16:00:00+00:00,45256.112144618215
2021-03-28 20:00:00+00:00,45256.112144618215
2021-03-29 00:00:00+00:00,45256.112144618215
2021-03-29 04:00:00+00:00,45256.112144618215
2021-03-29 08:00:00+00:00,45256.112144618215
2021-03-29 12:00:00+00:00,45256.112144618215
2021-03-29 16:00:00+00:00,45256.112144618215
2021-03-29 20:00:00+00:00,45256.112144618215
2021-03-30 00:00:00+00:00,45256.112144618215
2021-03-30 04:00:00+00:00,45256.112144618215
2021-03-30 08:00:00+00:00,45256.112144618215
2021-03-30 12:00:00+00:00,45256.112144618215
2021-03-30 16:00:00+00:00,45256.112144618215
2021-03-30 20:00:00+00:00,45256.112144618215
2021-03-31 00:00:00+00:00,45256.112144618215
2021-03-31 04:00:00+00:00,45220.88509960694
2021-03-31 08:00:00+00:00,45047.753961825176
2021-03-31 12:00:00+00:00,45010.18518260785
2021-03-31 16:00:00+00:00,45416.423562607844
2021-03-31 20:00:00+00:00,45194.302135607664
2021-04-01 00:00:00+00:00,45237.301535607665
2021-04-01 04:00:00+00:00,45347.590703878755
2021-04-01 08:00:00+00:00,45236.876153532896
2021-04-01 12:00:00+00:00,45140.960138897986
2021-04-01 16:00:00+00:00,45269.20594049217
2021-04-01 20:00:00+00:00,45244.576671596515
2021-04-02 00:00:00+00:00,45182.78011159651
2021-04-02 04:00:00+00:00,45551.354180822505
2021-04-02 08:00:00+00:00,45416.9433532705
2021-04-02 12:00:00+00:00,45427.43603649812
2021-04-02 16:00:00+00:00,45387.55133913268
2021-04-02 20:00:00+00:00,45166.2985299485
2021-04-03 00:00:00+00:00,45169.03783386949
2021-04-03 04:00:00+00:00,45169.03783386949
2021-04-03 08:00:00+00:00,45169.03783386949
2021-04-03 12:00:00+00:00,45169.03783386949
2021-04-03 16:00:00+00:00,45169.03783386949
2021-04-03 20:00:00+00:00,45169.03783386949
2021-04-04 00:00:00+00:00,45169.03783386949
2021-04-04 04:00:00+00:00,45169.03783386949
2021-04-04 08:00:00+00:00,45169.03783386949
2021-04-04 12:00:00+00:00,45169.03783386949
2021-04-04 16:00:00+00:00,45169.03783386949
2021-04-04 20:00:00+00:00,45169.03783386949
2021-04-05 00:00:00+00:00,45169.03783386949
2021-04-05 04:00:00+00:00,45169.03783386949
2021-04-05 08:00:00+00:00,45169.03783386949
2021-04-05 12:00:00+00:00,45169.03783386949
2021-04-05 16:00:00+00:00,45169.03783386949
2021-04-05 20:00:00+00:00,45169.03783386949
2021-04-06 00:00:00+00:00,45169.03783386949
2021-04-06 04:00:00+00:00,45169.03783386949
2021-04-06 08:00:00+00:00,45169.03783386949
2021-04-06 12:00:00+00:00,45169.03783386949
2021-04-06 16:00:00+00:00,45169.03783386949
2021-04-06 20:00:00+00:00,45169.03783386949
2021-04-07 00:00:00+00:00,45169.03783386949
2021-04-07 04:00:00+00:00,45169.03783386949
2021-04-07 08:00:00+00:00,45169.03783386949
2021-04-07 12:00:00+00:00,45169.03783386949
2021-04-07 16:00:00+00:00,45169.03783386949
2021-04-07 20:00:00+00:00,45169.03783386949
2021-04-08 00:00:00+00:00,45169.03783386949
2021-04-08 04:00:00+00:00,45169.03783386949
2021-04-08 08:00:00+00:00,45169.03783386949
2021-04-08 12:00:00+00:00,45169.03783386949
2021-04-08 16:00:00+00:00,45169.03783386949
2021-04-08 20:00:00+00:00,45169.03783386949
2021-04-09 00:00:00+00:00,45169.03783386949
2021-04-09 04:00:00+00:00,45169.03783386949
2021-04-09 08:00:00+00:00,45169.03783386949
2021-04-09 12:00:00+00:00,45169.03783386949
2021-04-09 16:00:00+00:00,45169.03783386949
2021-04-09 20:00:00+00:00,45169.03783386949
2021-04-10 00:00:00+00:00,45169.03783386949
2021-04-10 04:00:00+00:00,45169.03783386949
2021-04-10 08:00:00+00:00,45169.03783386949
2021-04-10 12:00:00+00:00,45169.03783386949
2021-04-10 16:00:00+00:00,45169.03783386949
2021-04-10 20:00:00+00:00,45169.03783386949
2021-04-11 00:00:00+00:00,45169.03783386949
2021-04-11 04:00:00+00:00,45169.03783386949
2021-04-11 08:00:00+00:00,45169.03783386949
2021-04-11 12:00:00+00:00,45169.03783386949
2021-04-11 16:00:00+00:00,45169.03783386949
2021-04-11 20:00:00+00:00,45169.03783386949
2021-04-12 00:00:00+00:00,45169.03783386949
2021-04-12 04:00:00+00:00,45169.03783386949
2021-04-12 08:00:00+00:00,45169.03783386949
2021-04-12 12:00:00+00:00,45169.03783386949
2021-04-12 16:00:00+00:00,45169.03783386949
2021-04-12 20:00:00+00:00,45169.03783386949
2021-04-13 00:00:00+00:00,45169.03783386949
2021-04-13 04:00:00+00:00,45169.03783386949
2021-04-13 08:00:00+00:00,45169.03783386949
2021-04-13 12:00:00+00:00,45169.03783386949
2021-04-13 16:00:00+00:00,45169.03783386949
2021-04-13 20:00:00+00:00,45002.98718553554
2021-04-14 00:00:00+00:00,45276.70661584942
2021-04-14 04:00:00+00:00,45350.25130262131
2021-04-14 08:00:00+00:00,45595.55547129654
2021-04-14 12:00:00+00:00,45681.08231641589
2021-04-14 16:00:00+00:00,44972.210216415886
2021-04-14 20:00:00+00:00,44839.47832602405
2021-04-15 00:00:00+00:00,44918.32291602405
2021-04-15 04:00:00+00:00,44924.56545399842
2021-04-15 08:00:00+00:00,44904.15111138327
2021-04-15 12:00:00+00:00,44859.60498412865
2021-04-15 16:00:00+00:00,44886.58017523381
2021-04-15 20:00:00+00:00,44944.246457031295
2021-04-16 00:00:00+00:00,44921.10741703129
2021-04-16 04:00:00+00:00,44895.28442302333
2021-04-16 08:00:00+00:00,44731.455685469016
2021-04-16 12:00:00+00:00,44731.455685469016
2021-04-16 16:00:00+00:00,44731.455685469016
2021-04-16 20:00:00+00:00,44731.455685469016
2021-04-17 00:00:00+00:00,44731.455685469016
2021-04-17 04:00:00+00:00,44731.455685469016
2021-04-17 08:00:00+00:00,44731.455685469016
2021-04-17 12:00:00+00:00,44731.455685469016
2021-04-17 16:00:00+00:00,44731.455685469016
2021-04-17 20:00:00+00:00,44731.455685469016
2021-04-18 00:00:00+00:00,44731.455685469016
2021-04-18 04:00:00+00:00,44731.455685469016
2021-04-18 08:00:00+00:00,44731.455685469016
2021-04-18 12:00:00+00:00,44731.455685469016
2021-04-18 16:00:00+00:00,44731.455685469016
2021-04-18 20:00:00+00:00,44731.455685469016
2021-04-19 00:00:00+00:00,44731.455685469016
2021-04-19 04:00:00+00:00,44731.455685469016
2021-04-19 08:00:00+00:00,44731.455685469016
2021-04-19 12:00:00+00:00,44731.455685469016
2021-04-19 16:00:00+00:00,44731.455685469016
2021-04-19 20:00:00+00:00,44731.455685469016
2021-04-20 00:00:00+00:00,44731.455685469016
2021-04-20 04:00:00+00:00,44731.455685469016
2021-04-20 08:00:00+00:00,44731.455685469016
2021-04-20 12:00:00+00:00,44731.455685469016
2021-04-20 16:00:00+00:00,44731.455685469016
2021-04-20 20:00:00+00:00,44731.455685469016
2021-04-21 00:00:00+00:00,44731.455685469016
2021-04-21 04:00:00+00:00,44731.455685469016
2021-04-21 08:00:00+00:00,44731.455685469016
2021-04-21 12:00:00+00:00,44731.455685469016
2021-04-21 16:00:00+00:00,44731.455685469016
2021-04-21 20:00:00+00:00,44731.455685469016
2021-04-22 00:00:00+00:00,44731.455685469016
2021-04-22 04:00:00+00:00,44731.455685469016
2021-04-22 08:00:00+00:00,44731.455685469016
2021-04-22 12:00:00+00:00,44731.455685469016
2021-04-22 16:00:00+00:00,44731.455685469016
2021-04-22 20:00:00+00:00,44731.455685469016
2021-04-23 00:00:00+00:00,44731.455685469016
2021-04-23 04:00:00+00:00,44731.455685469016
2021-04-23 08:00:00+00:00,44731.455685469016
2021-04-23 12:00:00+00:00,44731.455685469016
2021-04-23 16:00:00+00:00,44731.455685469016
2021-04-23 20:00:00+00:00,44731.455685469016
2021-04-24 00:00:00+00:00,44731.455685469016
2021-04-24 04:00:00+00:00,44731.455685469016
2021-04-24 08:00:00+00:00,44731.455685469016
2021-04-24 12:00:00+00:00,44731.455685469016
2021-04-24 16:00:00+00:00,44731.455685469016
2021-04-24 20:00:00+00:00,44731.455685469016
2021-04-25 00:00:00+00:00,44731.455685469016
2021-04-25 04:00:00+00:00,44731.455685469016
2021-04-25 08:00:00+00:00,44731.455685469016
2021-04-25 12:00:00+00:00,44731.455685469016
2021-04-25 16:00:00+00:00,44731.455685469016
2021-04-25 20:00:00+00:00,44731.455685469016
2021-04-26 00:00:00+00:00,44731.455685469016
2021-04-26 04:00:00+00:00,44731.455685469016
2021-04-26 08:00:00+00:00,44731.455685469016
2021-04-26 12:00:00+00:00,44731.455685469016
2021-04-26 16:00:00+00:00,44731.455685469016
2021-04-26 20:00:00+00:00,44731.455685469016
2021-04-27 00:00:00+00:00,44731.455685469016
2021-04-27 04:00:00+00:00,44731.455685469016
2021-04-27 08:00:00+00:00,44731.455685469016
2021-04-27 12:00:00+00:00,44731.455685469016
2021-04-27 16:00:00+00:00,44731.455685469016
2021-04-27 20:00:00+00:00,44731.455685469016
2021-04-28 00:00:00+00:00,44731.455685469016
2021-04-28 04:00:00+00:00,44731.455685469016
2021-04-28 08:00:00+00:00,44731.455685469016
2021-04-28 12:00:00+00:00,44731.455685469016
2021-04-28 16:00:00+00:00,44731.455685469016
2021-04-28 20:00:00+00:00,44731.455685469016
2021-04-29 00:00:00+00:00,44731.455685469016
2021-04-29 04:00:00+00:00,44731.455685469016
2021-04-29 08:00:00+00:00,44731.455685469016
2021-04-29 12:00:00+00:00,44731.455685469016
2021-04-29 16:00:00+00:00,44731.455685469016
2021-04-29 20:00:00+00:00,44731.455685469016
2021-04-30 00:00:00+00:00,44731.455685469016
2021-04-30 04:00:00+00:00,44731.455685469016
2021-04-30 08:00:00+00:00,44731.455685469016
2021-04-30 12:00:00+00:00,44731.455685469016
2021-04-30 16:00:00+00:00,44731.455685469016
2021-04-30 20:00:00+00:00,44731.455685469016
2021-05-01 00:00:00+00:00,44731.455685469016
2021-05-01 04:00:00+00:00,44731.455685469016
2021-05-01 08:00:00+00:00,44731.455685469016
2021-05-01 12:00:00+00:00,44731.455685469016
2021-05-01 16:00:00+00:00,44731.455685469016
2021-05-01 20:00:00+00:00,44731.455685469016
2021-05-02 00:00:00+00:00,44731.455685469016
2021-05-02 04:00:00+00:00,44731.455685469016
2021-05-02 08:00:00+00:00,44731.455685469016
2021-05-02 12:00:00+00:00,44731.455685469016
2021-05-02 16:00:00+00:00,44731.455685469016
2021-05-02 20:00:00+00:00,44809.12289196565
2021-05-03 00:00:00+00:00,44779.45043459069
2021-05-03 04:00:00+00:00,45229.02459398477
2021-05-03 08:00:00+00:00,45303.55491943664
2021-05-03 12:00:00+00:00,45260.89256308084
2021-05-03 16:00:00+00:00,45154.276182159585
2021-05-03 20:00:00+00:00,45140.96152591679
2021-05-04 00:00:00+00:00,45091.46242357014
2021-05-04 04:00:00+00:00,44901.21117792086
2021-05-04 08:00:00+00:00,44901.21117792086
2021-05-04 12:00:00+00:00,44901.21117792086
2021-05-04 16:00:00+00:00,44901.21117792086
2021-05-04 20:00:00+00:00,44901.21117792086
2021-05-05 00:00:00+00:00,44901.21117792086
2021-05-05 04:00:00+00:00,44901.21117792086
2021-05-05 08:00:00+00:00,44901.21117792086
2021-05-05 12:00:00+00:00,44901.21117792086
2021-05-05 16:00:00+00:00,44901.21117792086
2021-05-05 20:00:00+00:00,44901.21117792086
2021-05-06 00:00:00+00:00,44920.98588757205
2021-05-06 04:00:00+00:00,44869.51433389585
2021-05-06 08:00:00+00:00,44866.10841201137
2021-05-06 12:00:00+00:00,44866.10841201137
2021-05-06 16:00:00+00:00,44791.44736950421
2021-05-06 20:00:00+00:00,44785.582351054465
2021-05-07 00:00:00+00:00,44785.582351054465
2021-05-07 04:00:00+00:00,44785.582351054465
2021-05-07 08:00:00+00:00,44785.582351054465
2021-05-07 12:00:00+00:00,44785.582351054465
2021-05-07 16:00:00+00:00,44785.582351054465
2021-05-07 20:00:00+00:00,44785.582351054465
2021-05-08 00:00:00+00:00,44785.582351054465
2021-05-08 04:00:00+00:00,44785.582351054465
2021-05-08 08:00:00+00:00,44785.582351054465
2021-05-08 12:00:00+00:00,44785.582351054465
2021-05-08 16:00:00+00:00,44785.582351054465
2021-05-08 20:00:00+00:00,44785.582351054465
2021-05-09 00:00:00+00:00,44785.582351054465
2021-05-09 04:00:00+00:00,44785.582351054465
2021-05-09 08:00:00+00:00,44785.582351054465
2021-05-09 12:00:00+00:00,44785.582351054465
2021-05-09 16:00:00+00:00,44785.582351054465
2021-05-09 20:00:00+00:00,44785.582351054465
2021-05-10 00:00:00+00:00,44785.582351054465
2021-05-10 04:00:00+00:00,44785.582351054465
2021-05-10 08:00:00+00:00,44785.582351054465
2021-05-10 12:00:00+00:00,44785.582351054465
2021-05-10 16:00:00+00:00,44785.582351054465
2021-05-10 20:00:00+00:00,44785.582351054465
2021-05-11 00:00:00+00:00,44785.582351054465
2021-05-11 04:00:00+00:00,44785.582351054465
2021-05-11 08:00:00+00:00,44785.582351054465
2021-05-11 12:00:00+00:00,44785.582351054465
2021-05-11 16:00:00+00:00,44785.582351054465
2021-05-11 20:00:00+00:00,44785.582351054465
2021-05-12 00:00:00+00:00,44785.582351054465
2021-05-12 04:00:00+00:00,44785.582351054465
2021-05-12 08:00:00+00:00,44785.582351054465
2021-05-12 12:00:00+00:00,44785.582351054465
2021-05-12 16:00:00+00:00,44785.582351054465
2021-05-12 20:00:00+00:00,44785.582351054465
2021-05-13 00:00:00+00:00,44785.582351054465
2021-05-13 04:00:00+00:00,44785.582351054465
2021-05-13 08:00:00+00:00,44785.582351054465
2021-05-13 12:00:00+00:00,44785.582351054465
2021-05-13 16:00:00+00:00,44785.582351054465
2021-05-13 20:00:00+00:00,44785.582351054465
2021-05-14 00:00:00+00:00,44785.582351054465
2021-05-14 04:00:00+00:00,44785.582351054465
2021-05-14 08:00:00+00:00,44785.582351054465
2021-05-14 12:00:00+00:00,44785.582351054465
2021-05-14 16:00:00+00:00,44785.582351054465
2021-05-14 20:00:00+00:00,44785.582351054465
2021-05-15 00:00:00+00:00,44785.582351054465
2021-05-15 04:00:00+00:00,44785.582351054465
2021-05-15 08:00:00+00:00,44785.582351054465
2021-05-15 12:00:00+00:00,44785.582351054465
2021-05-15 16:00:00+00:00,44785.582351054465
2021-05-15 20:00:00+00:00,44785.582351054465
2021-05-16 00:00:00+00:00,44785.582351054465
2021-05-16 04:00:00+00:00,44785.582351054465
2021-05-16 08:00:00+00:00,44785.582351054465
2021-05-16 12:00:00+00:00,44785.582351054465
2021-05-16 16:00:00+00:00,44785.582351054465
2021-05-16 20:00:00+00:00,44785.582351054465
2021-05-17 00:00:00+00:00,44785.582351054465
2021-05-17 04:00:00+00:00,44785.582351054465
2021-05-17 08:00:00+00:00,44785.582351054465
2021-05-17 12:00:00+00:00,44785.582351054465
2021-05-17 16:00:00+00:00,44785.582351054465
2021-05-17 20:00:00+00:00,44785.582351054465
2021-05-18 00:00:00+00:00,44785.582351054465
2021-05-18 04:00:00+00:00,44785.582351054465
2021-05-18 08:00:00+00:00,44785.582351054465
2021-05-18 12:00:00+00:00,44785.582351054465
2021-05-18 16:00:00+00:00,44785.582351054465
2021-05-18 20:00:00+00:00,44785.582351054465
2021-05-19 00:00:00+00:00,44785.582351054465
2021-05-19 04:00:00+00:00,44785.582351054465
2021-05-19 08:00:00+00:00,44785.582351054465
2021-05-19 12:00:00+00:00,44785.582351054465
2021-05-19 16:00:00+00:00,44785.582351054465
2021-05-19 20:00:00+00:00,44785.582351054465
2021-05-20 00:00:00+00:00,44785.582351054465
2021-05-20 04:00:00+00:00,44785.582351054465
2021-05-20 08:00:00+00:00,44785.582351054465
2021-05-20 12:00:00+00:00,44785.582351054465
2021-05-20 16:00:00+00:00,44785.582351054465
2021-05-20 20:00:00+00:00,44785.582351054465
2021-05-21 00:00:00+00:00,44785.582351054465
2021-05-21 04:00:00+00:00,44785.582351054465
2021-05-21 08:00:00+00:00,44785.582351054465
2021-05-21 12:00:00+00:00,44785.582351054465
2021-05-21 16:00:00+00:00,44785.582351054465
2021-05-21 20:00:00+00:00,44785.582351054465
2021-05-22 00:00:00+00:00,44785.582351054465
2021-05-22 04:00:00+00:00,44785.582351054465
2021-05-22 08:00:00+00:00,44785.582351054465
2021-05-22 12:00:00+00:00,44785.582351054465
2021-05-22 16:00:00+00:00,44785.582351054465
2021-05-22 20:00:00+00:00,44785.582351054465
2021-05-23 00:00:00+00:00,44785.582351054465
2021-05-23 04:00:00+00:00,44785.582351054465
2021-05-23 08:00:00+00:00,44785.582351054465
2021-05-23 12:00:00+00:00,44785.582351054465
2021-05-23 16:00:00+00:00,44785.582351054465
2021-05-23 20:00:00+00:00,44785.582351054465
2021-05-24 00:00:00+00:00,44785.582351054465
2021-05-24 04:00:00+00:00,44785.582351054465
2021-05-24 08:00:00+00:00,44785.582351054465
2021-05-24 12:00:00+00:00,44785.582351054465
2021-05-24 16:00:00+00:00,44785.582351054465
2021-05-24 20:00:00+00:00,44785.582351054465
2021-05-25 00:00:00+00:00,44785.582351054465
2021-05-25 04:00:00+00:00,44785.582351054465
2021-05-25 08:00:00+00:00,44785.582351054465
2021-05-25 12:00:00+00:00,44785.582351054465
2021-05-25 16:00:00+00:00,44785.582351054465
2021-05-25 20:00:00+00:00,44785.582351054465
2021-05-26 00:00:00+00:00,44785.582351054465
2021-05-26 04:00:00+00:00,44785.582351054465
2021-05-26 08:00:00+00:00,44785.582351054465
2021-05-26 12:00:00+00:00,44785.582351054465
2021-05-26 16:00:00+00:00,44785.582351054465
2021-05-26 20:00:00+00:00,44785.582351054465
2021-05-27 00:00:00+00:00,44785.582351054465
2021-05-27 04:00:00+00:00,44785.582351054465
2021-05-27 08:00:00+00:00,44785.582351054465
2021-05-27 12:00:00+00:00,44785.582351054465
2021-05-27 16:00:00+00:00,44785.582351054465
2021-05-27 20:00:00+00:00,44785.582351054465
2021-05-28 00:00:00+00:00,44785.582351054465
2021-05-28 04:00:00+00:00,44785.582351054465
2021-05-28 08:00:00+00:00,44785.582351054465
2021-05-28 12:00:00+00:00,44785.582351054465
2021-05-28 16:00:00+00:00,44785.582351054465
2021-05-28 20:00:00+00:00,44785.582351054465
2021-05-29 00:00:00+00:00,44785.582351054465
2021-05-29 04:00:00+00:00,44785.582351054465
2021-05-29 08:00:00+00:00,44785.582351054465
2021-05-29 12:00:00+00:00,44785.582351054465
2021-05-29 16:00:00+00:00,44785.582351054465
2021-05-29 20:00:00+00:00,44785.582351054465
2021-05-30 00:00:00+00:00,44785.582351054465
2021-05-30 04:00:00+00:00,44785.582351054465
2021-05-30 08:00:00+00:00,44785.582351054465
2021-05-30 12:00:00+00:00,44785.582351054465
2021-05-30 16:00:00+00:00,44785.582351054465
2021-05-30 20:00:00+00:00,44785.582351054465
2021-05-31 00:00:00+00:00,44785.582351054465
2021-05-31 04:00:00+00:00,44785.582351054465
2021-05-31 08:00:00+00:00,44785.582351054465
2021-05-31 12:00:00+00:00,44785.582351054465
2021-05-31 16:00:00+00:00,44785.582351054465
2021-05-31 20:00:00+00:00,44785.582351054465
2021-06-01 00:00:00+00:00,44785.582351054465
2021-06-01 04:00:00+00:00,44785.582351054465
2021-06-01 08:00:00+00:00,44785.582351054465
2021-06-01 12:00:00+00:00,44785.582351054465
2021-06-01 16:00:00+00:00,44785.582351054465
2021-06-01 20:00:00+00:00,44785.582351054465
2021-06-02 00:00:00+00:00,44785.582351054465
2021-06-02 04:00:00+00:00,44785.582351054465
2021-06-02 08:00:00+00:00,44785.582351054465
2021-06-02 12:00:00+00:00,44785.582351054465
2021-06-02 16:00:00+00:00,44785.582351054465
2021-06-02 20:00:00+00:00,44785.582351054465
2021-06-03 00:00:00+00:00,44785.582351054465
2021-06-03 04:00:00+00:00,44785.582351054465
2021-06-03 08:00:00+00:00,44785.582351054465
2021-06-03 12:00:00+00:00,44785.582351054465
2021-06-03 16:00:00+00:00,44785.582351054465
2021-06-03 20:00:00+00:00,44785.582351054465
2021-06-04 00:00:00+00:00,44785.582351054465
2021-06-04 04:00:00+00:00,44785.582351054465
2021-06-04 08:00:00+00:00,44785.582351054465
2021-06-04 12:00:00+00:00,44785.582351054465
2021-06-04 16:00:00+00:00,44785.582351054465
2021-06-04 20:00:00+00:00,44785.582351054465
2021-06-05 00:00:00+00:00,44785.582351054465
2021-06-05 04:00:00+00:00,44785.582351054465
2021-06-05 08:00:00+00:00,44785.582351054465
2021-06-05 12:00:00+00:00,44785.582351054465
2021-06-05 16:00:00+00:00,44785.582351054465
2021-06-05 20:00:00+00:00,44785.582351054465
2021-06-06 00:00:00+00:00,44785.582351054465
2021-06-06 04:00:00+00:00,44785.582351054465
2021-06-06 08:00:00+00:00,44785.582351054465
2021-06-06 12:00:00+00:00,44785.582351054465
2021-06-06 16:00:00+00:00,44785.582351054465
2021-06-06 20:00:00+00:00,44785.582351054465
2021-06-07 00:00:00+00:00,44785.582351054465
2021-06-07 04:00:00+00:00,44785.582351054465
2021-06-07 08:00:00+00:00,44785.582351054465
2021-06-07 12:00:00+00:00,44785.582351054465
2021-06-07 16:00:00+00:00,44785.582351054465
2021-06-07 20:00:00+00:00,44785.582351054465
2021-06-08 00:00:00+00:00,44785.582351054465
2021-06-08 04:00:00+00:00,44785.582351054465
2021-06-08 08:00:00+00:00,44785.582351054465
2021-06-08 12:00:00+00:00,44785.582351054465
2021-06-08 16:00:00+00:00,44785.582351054465
2021-06-08 20:00:00+00:00,44785.582351054465
2021-06-09 00:00:00+00:00,44785.582351054465
2021-06-09 04:00:00+00:00,44785.582351054465
2021-06-09 08:00:00+00:00,44785.582351054465
2021-06-09 12:00:00+00:00,44785.582351054465
2021-06-09 16:00:00+00:00,44785.582351054465
2021-06-09 20:00:00+00:00,44785.582351054465
2021-06-10 00:00:00+00:00,44785.582351054465
2021-06-10 04:00:00+00:00,44785.582351054465
2021-06-10 08:00:00+00:00,44785.582351054465
2021-06-10 12:00:00+00:00,44785.582351054465
2021-06-10 16:00:00+00:00,44785.582351054465
2021-06-10 20:00:00+00:00,44785.582351054465
2021-06-11 00:00:00+00:00,44785.582351054465
2021-06-11 04:00:00+00:00,44785.582351054465
2021-06-11 08:00:00+00:00,44785.582351054465
2021-06-11 12:00:00+00:00,44785.582351054465
2021-06-11 16:00:00+00:00,44785.582351054465
2021-06-11 20:00:00+00:00,44785.582351054465
2021-06-12 00:00:00+00:00,44785.582351054465
2021-06-12 04:00:00+00:00,44785.582351054465
2021-06-12 08:00:00+00:00,44785.582351054465
2021-06-12 12:00:00+00:00,44785.582351054465
2021-06-12 16:00:00+00:00,44785.582351054465
2021-06-12 20:00:00+00:00,44785.582351054465
2021-06-13 00:00:00+00:00,44785.582351054465
2021-06-13 04:00:00+00:00,44785.582351054465
2021-06-13 08:00:00+00:00,44785.582351054465
2021-06-13 12:00:00+00:00,44785.582351054465
2021-06-13 16:00:00+00:00,44785.582351054465
2021-06-13 20:00:00+00:00,44785.582351054465
2021-06-14 00:00:00+00:00,44785.582351054465
2021-06-14 04:00:00+00:00,44785.582351054465
2021-06-14 08:00:00+00:00,44785.582351054465
2021-06-14 12:00:00+00:00,44785.582351054465
2021-06-14 16:00:00+00:00,44785.582351054465
2021-06-14 20:00:00+00:00,44785.582351054465
2021-06-15 00:00:00+00:00,44785.582351054465
2021-06-15 04:00:00+00:00,44785.582351054465
2021-06-15 08:00:00+00:00,44785.582351054465
2021-06-15 12:00:00+00:00,44785.582351054465
2021-06-15 16:00:00+00:00,44785.582351054465
2021-06-15 20:00:00+00:00,44785.582351054465
2021-06-16 00:00:00+00:00,44850.05018445446
2021-06-16 04:00:00+00:00,44802.0214162073
2021-06-16 08:00:00+00:00,44843.5096929242
2021-06-16 12:00:00+00:00,44487.42992402888
2021-06-16 16:00:00+00:00,44452.86996315092
2021-06-16 20:00:00+00:00,44442.24619094205
2021-06-17 00:00:00+00:00,44407.277243892306
2021-06-17 04:00:00+00:00,44459.90355807818
2021-06-17 08:00:00+00:00,44497.67601797048
2021-06-17 12:00:00+00:00,44491.326871427795
2021-06-17 16:00:00+00:00,44475.215671427795
2021-06-17 20:00:00+00:00,44337.27131664459
2021-06-18 00:00:00+00:00,44334.70596171428
2021-06-18 04:00:00+00:00,44334.70596171428
2021-06-18 08:00:00+00:00,44334.70596171428
2021-06-18 12:00:00+00:00,44334.70596171428
2021-06-18 16:00:00+00:00,44334.70596171428
2021-06-18 20:00:00+00:00,44334.70596171428
2021-06-19 00:00:00+00:00,44334.70596171428
2021-06-19 04:00:00+00:00,44334.70596171428
2021-06-19 08:00:00+00:00,44334.70596171428
2021-06-19 12:00:00+00:00,44334.70596171428
2021-06-19 16:00:00+00:00,44334.70596171428
2021-06-19 20:00:00+00:00,44334.70596171428
2021-06-20 00:00:00+00:00,44334.70596171428
2021-06-20 04:00:00+00:00,44334.70596171428
2021-06-20 08:00:00+00:00,44334.70596171428
2021-06-20 12:00:00+00:00,44334.70596171428
2021-06-20 16:00:00+00:00,44334.70596171428
2021-06-20 20:00:00+00:00,44334.70596171428
2021-06-21 00:00:00+00:00,44334.70596171428
2021-06-21 04:00:00+00:00,44334.70596171428
2021-06-21 08:00:00+00:00,44334.70596171428
2021-06-21 12:00:00+00:00,44334.70596171428
2021-06-21 16:00:00+00:00,44334.70596171428
2021-06-21 20:00:00+00:00,44334.70596171428
2021-06-22 00:00:00+00:00,44334.70596171428
2021-06-22 04:00:00+00:00,44334.70596171428
2021-06-22 08:00:00+00:00,44334.70596171428
2021-06-22 12:00:00+00:00,44334.70596171428
2021-06-22 16:00:00+00:00,44334.70596171428
2021-06-22 20:00:00+00:00,44334.70596171428
2021-06-23 00:00:00+00:00,44334.70596171428
2021-06-23 04:00:00+00:00,44334.70596171428
2021-06-23 08:00:00+00:00,44334.70596171428
2021-06-23 12:00:00+00:00,44334.70596171428
2021-06-23 16:00:00+00:00,44334.70596171428
2021-06-23 20:00:00+00:00,44334.70596171428
2021-06-24 00:00:00+00:00,44334.70596171428
2021-06-24 04:00:00+00:00,44334.70596171428
2021-06-24 08:00:00+00:00,44334.70596171428
2021-06-24 12:00:00+00:00,44334.70596171428
2021-06-24 16:00:00+00:00,44334.70596171428
2021-06-24 20:00:00+00:00,44334.70596171428
2021-06-25 00:00:00+00:00,44334.70596171428
2021-06-25 04:00:00+00:00,44334.70596171428
2021-06-25 08:00:00+00:00,44334.70596171428
2021-06-25 12:00:00+00:00,44334.70596171428
2021-06-25 16:00:00+00:00,44334.70596171428
2021-06-25 20:00:00+00:00,44334.70596171428
2021-06-26 00:00:00+00:00,44334.70596171428
2021-06-26 04:00:00+00:00,44334.70596171428
2021-06-26 08:00:00+00:00,44334.70596171428
2021-06-26 12:00:00+00:00,44334.70596171428
2021-06-26 16:00:00+00:00,44334.70596171428
2021-06-26 20:00:00+00:00,44334.70596171428
2021-06-27 00:00:00+00:00,44334.70596171428
2021-06-27 04:00:00+00:00,44334.70596171428
2021-06-27 08:00:00+00:00,44334.70596171428
2021-06-27 12:00:00+00:00,44334.70596171428
2021-06-27 16:00:00+00:00,44334.70596171428
2021-06-27 20:00:00+00:00,44334.70596171428
2021-06-28 00:00:00+00:00,44334.70596171428
2021-06-28 04:00:00+00:00,44334.70596171428
2021-06-28 08:00:00+00:00,44334.70596171428
2021-06-28 12:00:00+00:00,44334.70596171428
2021-06-28 16:00:00+00:00,44334.70596171428
2021-06-28 20:00:00+00:00,44334.70596171428
2021-06-29 00:00:00+00:00,44334.70596171428
2021-06-29 04:00:00+00:00,44334.70596171428
2021-06-29 08:00:00+00:00,44334.70596171428
2021-06-29 12:00:00+00:00,44334.70596171428
2021-06-29 16:00:00+00:00,44334.70596171428
2021-06-29 20:00:00+00:00,44334.70596171428
2021-06-30 00:00:00+00:00,44334.70596171428
2021-06-30 04:00:00+00:00,44334.70596171428
2021-06-30 08:00:00+00:00,44334.70596171428
2021-06-30 12:00:00+00:00,44334.70596171428
2021-06-30 16:00:00+00:00,44334.70596171428
2021-06-30 20:00:00+00:00,44334.70596171428
2021-07-01 00:00:00+00:00,44334.70596171428
2021-07-01 04:00:00+00:00,44334.70596171428
2021-07-01 08:00:00+00:00,44334.70596171428
2021-07-01 12:00:00+00:00,44334.70596171428
2021-07-01 16:00:00+00:00,44334.70596171428
2021-07-01 20:00:00+00:00,44334.70596171428
2021-07-02 00:00:00+00:00,44334.70596171428
2021-07-02 04:00:00+00:00,44334.70596171428
2021-07-02 08:00:00+00:00,44334.70596171428
2021-07-02 12:00:00+00:00,44334.70596171428
2021-07-02 16:00:00+00:00,44334.70596171428
2021-07-02 20:00:00+00:00,44334.70596171428
2021-07-03 00:00:00+00:00,44334.70596171428
2021-07-03 04:00:00+00:00,44334.70596171428
2021-07-03 08:00:00+00:00,44334.70596171428
2021-07-03 12:00:00+00:00,44334.70596171428
2021-07-03 16:00:00+00:00,44334.70596171428
2021-07-03 20:00:00+00:00,44334.70596171428
2021-07-04 00:00:00+00:00,44334.70596171428
2021-07-04 04:00:00+00:00,44334.70596171428
2021-07-04 08:00:00+00:00,44334.70596171428
2021-07-04 12:00:00+00:00,44334.70596171428
2021-07-04 16:00:00+00:00,44334.70596171428
2021-07-04 20:00:00+00:00,44334.70596171428
2021-07-05 00:00:00+00:00,44334.70596171428
2021-07-05 04:00:00+00:00,44334.70596171428
2021-07-05 08:00:00+00:00,44334.70596171428
2021-07-05 12:00:00+00:00,44334.70596171428
2021-07-05 16:00:00+00:00,44334.70596171428
2021-07-05 20:00:00+00:00,44334.70596171428
2021-07-06 00:00:00+00:00,44334.70596171428
2021-07-06 04:00:00+00:00,44334.70596171428
2021-07-06 08:00:00+00:00,44334.70596171428
2021-07-06 12:00:00+00:00,44334.70596171428
2021-07-06 16:00:00+00:00,44334.70596171428
2021-07-06 20:00:00+00:00,44334.70596171428
2021-07-07 00:00:00+00:00,44334.70596171428
2021-07-07 04:00:00+00:00,44334.70596171428
2021-07-07 08:00:00+00:00,44334.70596171428
2021-07-07 12:00:00+00:00,44334.70596171428
2021-07-07 16:00:00+00:00,44334.70596171428
2021-07-07 20:00:00+00:00,44334.70596171428
2021-07-08 00:00:00+00:00,44334.70596171428
2021-07-08 04:00:00+00:00,44334.70596171428
2021-07-08 08:00:00+00:00,44334.70596171428
2021-07-08 12:00:00+00:00,44334.70596171428
2021-07-08 16:00:00+00:00,44334.70596171428
2021-07-08 20:00:00+00:00,44334.70596171428
2021-07-09 00:00:00+00:00,44334.70596171428
2021-07-09 04:00:00+00:00,44334.70596171428
2021-07-09 08:00:00+00:00,44334.70596171428
2021-07-09 12:00:00+00:00,44334.70596171428
2021-07-09 16:00:00+00:00,44334.70596171428
2021-07-09 20:00:00+00:00,44334.70596171428
2021-07-10 00:00:00+00:00,44334.70596171428
2021-07-10 04:00:00+00:00,44334.70596171428
2021-07-10 08:00:00+00:00,44334.70596171428
2021-07-10 12:00:00+00:00,44334.70596171428
2021-07-10 16:00:00+00:00,44334.70596171428
2021-07-10 20:00:00+00:00,44334.70596171428
2021-07-11 00:00:00+00:00,44334.70596171428
2021-07-11 04:00:00+00:00,44334.70596171428
2021-07-11 08:00:00+00:00,44334.70596171428
2021-07-11 12:00:00+00:00,44334.70596171428
2021-07-11 16:00:00+00:00,44334.70596171428
2021-07-11 20:00:00+00:00,44334.70596171428
2021-07-12 00:00:00+00:00,44334.70596171428
2021-07-12 04:00:00+00:00,44334.70596171428
2021-07-12 08:00:00+00:00,44334.70596171428
2021-07-12 12:00:00+00:00,44334.70596171428
2021-07-12 16:00:00+00:00,44334.70596171428
2021-07-12 20:00:00+00:00,44334.70596171428
2021-07-13 00:00:00+00:00,44334.70596171428
2021-07-13 04:00:00+00:00,44334.70596171428
2021-07-13 08:00:00+00:00,44334.70596171428
2021-07-13 12:00:00+00:00,44334.70596171428
2021-07-13 16:00:00+00:00,44334.70596171428
2021-07-13 20:00:00+00:00,44334.70596171428
2021-07-14 00:00:00+00:00,44334.70596171428
2021-07-14 04:00:00+00:00,44334.70596171428
2021-07-14 08:00:00+00:00,44334.70596171428
2021-07-14 12:00:00+00:00,44334.70596171428
2021-07-14 16:00:00+00:00,44334.70596171428
2021-07-14 20:00:00+00:00,44334.70596171428
2021-07-15 00:00:00+00:00,44334.70596171428
2021-07-15 04:00:00+00:00,44334.70596171428
2021-07-15 08:00:00+00:00,44334.70596171428
2021-07-15 12:00:00+00:00,44334.70596171428
2021-07-15 16:00:00+00:00,44334.70596171428
2021-07-15 20:00:00+00:00,44334.70596171428
2021-07-16 00:00:00+00:00,44334.70596171428
2021-07-16 04:00:00+00:00,44334.70596171428
2021-07-16 08:00:00+00:00,44334.70596171428
2021-07-16 12:00:00+00:00,44334.70596171428
2021-07-16 16:00:00+00:00,44334.70596171428
2021-07-16 20:00:00+00:00,44334.70596171428
2021-07-17 00:00:00+00:00,44334.70596171428
2021-07-17 04:00:00+00:00,44334.70596171428
2021-07-17 08:00:00+00:00,44334.70596171428
2021-07-17 12:00:00+00:00,44334.70596171428
2021-07-17 16:00:00+00:00,44334.70596171428
2021-07-17 20:00:00+00:00,44334.70596171428
2021-07-18 00:00:00+00:00,44334.70596171428
2021-07-18 04:00:00+00:00,44334.70596171428
2021-07-18 08:00:00+00:00,44334.70596171428
2021-07-18 12:00:00+00:00,44334.70596171428
2021-07-18 16:00:00+00:00,44334.70596171428
2021-07-18 20:00:00+00:00,44334.70596171428
2021-07-19 00:00:00+00:00,44334.70596171428
2021-07-19 04:00:00+00:00,44334.70596171428
2021-07-19 08:00:00+00:00,44334.70596171428
2021-07-19 12:00:00+00:00,44334.70596171428
2021-07-19 16:00:00+00:00,44334.70596171428
2021-07-19 20:00:00+00:00,44334.70596171428
2021-07-20 00:00:00+00:00,44334.70596171428
2021-07-20 04:00:00+00:00,44334.70596171428
2021-07-20 08:00:00+00:00,44334.70596171428
2021-07-20 12:00:00+00:00,44334.70596171428
2021-07-20 16:00:00+00:00,44334.70596171428
2021-07-20 20:00:00+00:00,44334.70596171428
2021-07-21 00:00:00+00:00,44334.70596171428
2021-07-21 04:00:00+00:00,44334.70596171428
2021-07-21 08:00:00+00:00,44334.70596171428
2021-07-21 12:00:00+00:00,44334.70596171428
2021-07-21 16:00:00+00:00,44334.70596171428
2021-07-21 20:00:00+00:00,44334.70596171428
2021-07-22 00:00:00+00:00,44334.70596171428
2021-07-22 04:00:00+00:00,44334.70596171428
2021-07-22 08:00:00+00:00,44334.70596171428
2021-07-22 12:00:00+00:00,44334.70596171428
2021-07-22 16:00:00+00:00,44334.70596171428
2021-07-22 20:00:00+00:00,44334.70596171428
2021-07-23 00:00:00+00:00,44334.70596171428
2021-07-23 04:00:00+00:00,44334.70596171428
2021-07-23 08:00:00+00:00,44334.70596171428
2021-07-23 12:00:00+00:00,44334.70596171428
2021-07-23 16:00:00+00:00,44334.70596171428
2021-07-23 20:00:00+00:00,44334.70596171428
2021-07-24 00:00:00+00:00,44334.70596171428
2021-07-24 04:00:00+00:00,44334.70596171428
2021-07-24 08:00:00+00:00,44334.70596171428
2021-07-24 12:00:00+00:00,44334.70596171428
2021-07-24 16:00:00+00:00,44334.70596171428
2021-07-24 20:00:00+00:00,44334.70596171428
2021-07-25 00:00:00+00:00,44334.70596171428
2021-07-25 04:00:00+00:00,44334.70596171428
2021-07-25 08:00:00+00:00,44334.70596171428
2021-07-25 12:00:00+00:00,44334.70596171428
2021-07-25 16:00:00+00:00,44198.24863286876
2021-07-25 20:00:00+00:00,44305.66907038994
2021-07-26 00:00:00+00:00,44976.55707325898
2021-07-26 04:00:00+00:00,47371.316985907586
2021-07-26 08:00:00+00:00,47189.08815343199
2021-07-26 12:00:00+00:00,47655.41887875575
2021-07-26 16:00:00+00:00,47793.98960889755
2021-07-26 20:00:00+00:00,48953.19028826047
2021-07-27 00:00:00+00:00,45837.85397471035
2021-07-27 04:00:00+00:00,45428.0761112053
2021-07-27 08:00:00+00:00,45714.64834960403
2021-07-27 12:00:00+00:00,46592.21983137987
2021-07-27 16:00:00+00:00,46775.60682367539
2021-07-27 20:00:00+00:00,46337.496505988915
2021-07-28 00:00:00+00:00,47988.191022337596
2021-07-28 04:00:00+00:00,48336.89430158655
2021-07-28 08:00:00+00:00,48407.840581586555
2021-07-28 12:00:00+00:00,49223.359512698546
2021-07-28 16:00:00+00:00,48188.82103269855
2021-07-28 20:00:00+00:00,48876.39180713967
2021-07-29 00:00:00+00:00,48513.41362967055
2021-07-29 04:00:00+00:00,48119.57622745795
2021-07-29 08:00:00+00:00,48419.499601569434
2021-07-29 12:00:00+00:00,48264.92041810687
2021-07-29 16:00:00+00:00,48443.13936971252
2021-07-29 20:00:00+00:00,48170.067193500436
2021-07-30 00:00:00+00:00,48513.94339444772
2021-07-30 04:00:00+00:00,48451.439053401074
2021-07-30 08:00:00+00:00,48226.70641084771
2021-07-30 12:00:00+00:00,47180.375206920035
2021-07-30 16:00:00+00:00,47305.15074835991
2021-07-30 20:00:00+00:00,47586.55595331684
2021-07-31 00:00:00+00:00,48195.84624287907
2021-07-31 04:00:00+00:00,48195.84624287907
2021-07-31 08:00:00+00:00,47862.21093430459
2021-07-31 12:00:00+00:00,47924.15345002736
2021-07-31 16:00:00+00:00,47855.12261750594
2021-07-31 20:00:00+00:00,47569.857103493996
2021-08-01 00:00:00+00:00,47743.20632349401
2021-08-01 04:00:00+00:00,48885.398467344996
2021-08-01 08:00:00+00:00,48041.172303036
2021-08-01 12:00:00+00:00,47911.14000579632
2021-08-01 16:00:00+00:00,47568.40536120199
2021-08-01 20:00:00+00:00,47518.10048384168
2021-08-02 00:00:00+00:00,45879.69330066209
2021-08-02 04:00:00+00:00,45843.33109495211
2021-08-02 08:00:00+00:00,45960.35234728559
2021-08-02 12:00:00+00:00,45752.92101601315
2021-08-02 16:00:00+00:00,45803.3474275459
2021-08-02 20:00:00+00:00,45796.66411858693
2021-08-03 00:00:00+00:00,45796.66411858693
2021-08-03 04:00:00+00:00,45796.66411858693
2021-08-03 08:00:00+00:00,45796.66411858693
2021-08-03 12:00:00+00:00,45796.66411858693
2021-08-03 16:00:00+00:00,45796.66411858693
2021-08-03 20:00:00+00:00,45796.66411858693
2021-08-04 00:00:00+00:00,45796.66411858693
2021-08-04 04:00:00+00:00,45796.66411858693
2021-08-04 08:00:00+00:00,45796.66411858693
2021-08-04 12:00:00+00:00,45796.66411858693
2021-08-04 16:00:00+00:00,45796.66411858693
2021-08-04 20:00:00+00:00,46416.60171399994
2021-08-05 00:00:00+00:00,46412.22106856564
2021-08-05 04:00:00+00:00,46007.52210628185
2021-08-05 08:00:00+00:00,45243.76280628185
2021-08-05 12:00:00+00:00,45221.97511606775
2021-08-05 16:00:00+00:00,45221.97511606775
2021-08-05 20:00:00+00:00,45221.97511606775
2021-08-06 00:00:00+00:00,45447.07971996178
2021-08-06 04:00:00+00:00,45427.39063878876
2021-08-06 08:00:00+00:00,45427.39063878876
2021-08-06 12:00:00+00:00,45427.39063878876
2021-08-06 16:00:00+00:00,45427.39063878876
2021-08-06 20:00:00+00:00,45427.39063878876
2021-08-07 00:00:00+00:00,45427.39063878876
2021-08-07 04:00:00+00:00,45427.39063878876
2021-08-07 08:00:00+00:00,45427.39063878876
2021-08-07 12:00:00+00:00,45427.39063878876
2021-08-07 16:00:00+00:00,45427.39063878876
2021-08-07 20:00:00+00:00,45427.39063878876
2021-08-08 00:00:00+00:00,45427.39063878876
2021-08-08 04:00:00+00:00,45427.39063878876
2021-08-08 08:00:00+00:00,45427.39063878876
2021-08-08 12:00:00+00:00,45427.39063878876
2021-08-08 16:00:00+00:00,44891.91670799457
2021-08-08 20:00:00+00:00,44600.58581274339
2021-08-09 00:00:00+00:00,44680.84067120275
2021-08-09 04:00:00+00:00,44330.37523961881
2021-08-09 08:00:00+00:00,44683.0084696188
2021-08-09 12:00:00+00:00,47086.241822758435
2021-08-09 16:00:00+00:00,46974.2271130565
2021-08-09 20:00:00+00:00,47141.47942681437
2021-08-10 00:00:00+00:00,47580.61842681437
2021-08-10 04:00:00+00:00,46740.80578794611
2021-08-10 08:00:00+00:00,47113.866537946116
2021-08-10 12:00:00+00:00,46179.18299084611
2021-08-10 16:00:00+00:00,45945.20677510512
2021-08-10 20:00:00+00:00,46340.07652057468
2021-08-11 00:00:00+00:00,46420.97995613711
2021-08-11 04:00:00+00:00,46421.61808479226
2021-08-11 08:00:00+00:00,47290.258974792254
2021-08-11 12:00:00+00:00,46824.78007897525
2021-08-11 16:00:00+00:00,47405.67506897525
2021-08-11 20:00:00+00:00,47405.34931097412
2021-08-12 00:00:00+00:00,46365.214558093256
2021-08-12 04:00:00+00:00,46801.967070239145
2021-08-12 08:00:00+00:00,46004.43341230489
2021-08-12 12:00:00+00:00,45965.358790566315
2021-08-12 16:00:00+00:00,45965.358790566315
2021-08-12 20:00:00+00:00,45965.358790566315
2021-08-13 00:00:00+00:00,45965.358790566315
2021-08-13 04:00:00+00:00,45965.358790566315
2021-08-13 08:00:00+00:00,45965.358790566315
2021-08-13 12:00:00+00:00,46008.89018769181
2021-08-13 16:00:00+00:00,46312.22031534582
2021-08-13 20:00:00+00:00,46413.6045680562
2021-08-14 00:00:00+00:00,48096.31625663931
2021-08-14 04:00:00+00:00,47800.4975465634
2021-08-14 08:00:00+00:00,47897.0163180162
2021-08-14 12:00:00+00:00,46516.1150678862
2021-08-14 16:00:00+00:00,47003.386411997904
2021-08-14 20:00:00+00:00,47123.81660249458
2021-08-15 00:00:00+00:00,47175.68467935258
2021-08-15 04:00:00+00:00,46932.32109806514
2021-08-15 08:00:00+00:00,45522.54043252923
2021-08-15 12:00:00+00:00,45500.384211204284
2021-08-15 16:00:00+00:00,45500.384211204284
2021-08-15 20:00:00+00:00,45500.384211204284
2021-08-16 00:00:00+00:00,45500.384211204284
2021-08-16 04:00:00+00:00,45500.384211204284
2021-08-16 08:00:00+00:00,45500.384211204284
2021-08-16 12:00:00+00:00,45500.384211204284
2021-08-16 16:00:00+00:00,45500.384211204284
2021-08-16 20:00:00+00:00,45500.384211204284
2021-08-17 00:00:00+00:00,45500.384211204284
2021-08-17 04:00:00+00:00,45500.384211204284
2021-08-17 08:00:00+00:00,45500.384211204284
2021-08-17 12:00:00+00:00,45500.384211204284
2021-08-17 16:00:00+00:00,45500.384211204284
2021-08-17 20:00:00+00:00,45500.384211204284
2021-08-18 00:00:00+00:00,45500.384211204284
2021-08-18 04:00:00+00:00,45500.384211204284
2021-08-18 08:00:00+00:00,45500.384211204284
2021-08-18 12:00:00+00:00,45500.384211204284
2021-08-18 16:00:00+00:00,45500.384211204284
2021-08-18 20:00:00+00:00,45500.384211204284
2021-08-19 00:00:00+00:00,45500.384211204284
2021-08-19 04:00:00+00:00,45500.384211204284
2021-08-19 08:00:00+00:00,45500.384211204284
2021-08-19 12:00:00+00:00,45500.384211204284
2021-08-19 16:00:00+00:00,45500.384211204284
2021-08-19 20:00:00+00:00,45500.384211204284
2021-08-20 00:00:00+00:00,45500.384211204284
2021-08-20 04:00:00+00:00,45500.384211204284
2021-08-20 08:00:00+00:00,45500.384211204284
2021-08-20 12:00:00+00:00,45500.384211204284
2021-08-20 16:00:00+00:00,45500.384211204284
2021-08-20 20:00:00+00:00,45500.384211204284
2021-08-21 00:00:00+00:00,45500.384211204284
2021-08-21 04:00:00+00:00,45500.384211204284
2021-08-21 08:00:00+00:00,45631.966037598206
2021-08-21 12:00:00+00:00,45105.57998596264
2021-08-21 16:00:00+00:00,45875.3272639485
2021-08-21 20:00:00+00:00,45620.43854987133
2021-08-22 00:00:00+00:00,45454.292798437906
2021-08-22 04:00:00+00:00,45411.685951243904
2021-08-22 08:00:00+00:00,45875.5425807826
2021-08-22 12:00:00+00:00,45817.3541445711
2021-08-22 16:00:00+00:00,45061.760371578486
2021-08-22 20:00:00+00:00,45230.42844430714
2021-08-23 00:00:00+00:00,45935.73078430714
2021-08-23 04:00:00+00:00,47149.71962227842
2021-08-23 08:00:00+00:00,46972.29600322024
2021-08-23 12:00:00+00:00,47280.8704887986
2021-08-23 16:00:00+00:00,46058.67702630723
2021-08-23 20:00:00+00:00,45637.77871864351
2021-08-24 00:00:00+00:00,45991.124078643516
2021-08-24 04:00:00+00:00,45728.43374064805
2021-08-24 08:00:00+00:00,46359.89845154757
2021-08-24 12:00:00+00:00,45855.582540670126
2021-08-24 16:00:00+00:00,44288.33459483925
2021-08-24 20:00:00+00:00,44240.720751059955
2021-08-25 00:00:00+00:00,44240.720751059955
2021-08-25 04:00:00+00:00,44240.720751059955
2021-08-25 08:00:00+00:00,44240.720751059955
2021-08-25 12:00:00+00:00,44240.720751059955
2021-08-25 16:00:00+00:00,44240.720751059955
2021-08-25 20:00:00+00:00,44240.720751059955
2021-08-26 00:00:00+00:00,44240.720751059955
2021-08-26 04:00:00+00:00,43784.40592088684
2021-08-26 08:00:00+00:00,43781.69527043228
2021-08-26 12:00:00+00:00,43781.69527043228
2021-08-26 16:00:00+00:00,43781.69527043228
2021-08-26 20:00:00+00:00,43781.69527043228
2021-08-27 00:00:00+00:00,43781.69527043228
2021-08-27 04:00:00+00:00,43781.69527043228
2021-08-27 08:00:00+00:00,43781.69527043228
2021-08-27 12:00:00+00:00,43781.69527043228
2021-08-27 16:00:00+00:00,43781.69527043228
2021-08-27 20:00:00+00:00,43781.69527043228
2021-08-28 00:00:00+00:00,43781.69527043228
2021-08-28 04:00:00+00:00,43703.3149156216
2021-08-28 08:00:00+00:00,43739.00562593543
2021-08-28 12:00:00+00:00,43629.93472324629
2021-08-28 16:00:00+00:00,43677.516100067965
2021-08-28 20:00:00+00:00,43665.74792363522
2021-08-29 00:00:00+00:00,43665.74792363522
2021-08-29 04:00:00+00:00,43665.74792363522
2021-08-29 08:00:00+00:00,43665.74792363522
2021-08-29 12:00:00+00:00,43665.74792363522
2021-08-29 16:00:00+00:00,43665.74792363522
2021-08-29 20:00:00+00:00,43665.74792363522
2021-08-30 00:00:00+00:00,43665.74792363522
2021-08-30 04:00:00+00:00,43665.74792363522
2021-08-30 08:00:00+00:00,43665.74792363522
2021-08-30 12:00:00+00:00,43665.74792363522
2021-08-30 16:00:00+00:00,43665.74792363522
2021-08-30 20:00:00+00:00,43665.74792363522
2021-08-31 00:00:00+00:00,43665.74792363522
2021-08-31 04:00:00+00:00,43665.74792363522
2021-08-31 08:00:00+00:00,43665.74792363522
2021-08-31 12:00:00+00:00,43665.74792363522
2021-08-31 16:00:00+00:00,43665.74792363522
2021-08-31 20:00:00+00:00,43665.74792363522
2021-09-01 00:00:00+00:00,43665.74792363522
2021-09-01 04:00:00+00:00,43665.74792363522
2021-09-01 08:00:00+00:00,43665.74792363522
2021-09-01 12:00:00+00:00,43665.74792363522
2021-09-01 16:00:00+00:00,43665.74792363522
2021-09-01 20:00:00+00:00,43665.74792363522
2021-09-02 00:00:00+00:00,43665.74792363522
2021-09-02 04:00:00+00:00,43665.74792363522
2021-09-02 08:00:00+00:00,43665.74792363522
2021-09-02 12:00:00+00:00,43665.74792363522
2021-09-02 16:00:00+00:00,43665.74792363522
2021-09-02 20:00:00+00:00,43665.74792363522
2021-09-03 00:00:00+00:00,43665.74792363522
2021-09-03 04:00:00+00:00,43665.74792363522
2021-09-03 08:00:00+00:00,43665.74792363522
2021-09-03 12:00:00+00:00,43665.74792363522
2021-09-03 16:00:00+00:00,43665.74792363522
2021-09-03 20:00:00+00:00,43665.74792363522
2021-09-04 00:00:00+00:00,43665.74792363522
2021-09-04 04:00:00+00:00,43665.74792363522
2021-09-04 08:00:00+00:00,43665.74792363522
2021-09-04 12:00:00+00:00,43665.74792363522
2021-09-04 16:00:00+00:00,43665.74792363522
2021-09-04 20:00:00+00:00,43665.74792363522
2021-09-05 00:00:00+00:00,43665.74792363522
2021-09-05 04:00:00+00:00,43665.74792363522
2021-09-05 08:00:00+00:00,43665.74792363522
2021-09-05 12:00:00+00:00,43665.74792363522
2021-09-05 16:00:00+00:00,43665.74792363522
2021-09-05 20:00:00+00:00,43665.74792363522
2021-09-06 00:00:00+00:00,43665.74792363522
2021-09-06 04:00:00+00:00,43665.74792363522
2021-09-06 08:00:00+00:00,43665.74792363522
2021-09-06 12:00:00+00:00,43665.74792363522
2021-09-06 16:00:00+00:00,43665.74792363522
2021-09-06 20:00:00+00:00,43665.74792363522
2021-09-07 00:00:00+00:00,43665.74792363522
2021-09-07 04:00:00+00:00,43665.74792363522
2021-09-07 08:00:00+00:00,43665.74792363522
2021-09-07 12:00:00+00:00,43665.74792363522
2021-09-07 16:00:00+00:00,43665.74792363522
2021-09-07 20:00:00+00:00,43665.74792363522
2021-09-08 00:00:00+00:00,43665.74792363522
2021-09-08 04:00:00+00:00,43665.74792363522
2021-09-08 08:00:00+00:00,43665.74792363522
2021-09-08 12:00:00+00:00,43665.74792363522
2021-09-08 16:00:00+00:00,43665.74792363522
2021-09-08 20:00:00+00:00,43665.74792363522
2021-09-09 00:00:00+00:00,43665.74792363522
2021-09-09 04:00:00+00:00,43665.74792363522
2021-09-09 08:00:00+00:00,43665.74792363522
2021-09-09 12:00:00+00:00,43665.74792363522
2021-09-09 16:00:00+00:00,43665.74792363522
2021-09-09 20:00:00+00:00,43665.74792363522
2021-09-10 00:00:00+00:00,43665.74792363522
2021-09-10 04:00:00+00:00,43665.74792363522
2021-09-10 08:00:00+00:00,43665.74792363522
2021-09-10 12:00:00+00:00,43665.74792363522
2021-09-10 16:00:00+00:00,43665.74792363522
2021-09-10 20:00:00+00:00,43665.74792363522
2021-09-11 00:00:00+00:00,43665.74792363522
2021-09-11 04:00:00+00:00,43665.74792363522
2021-09-11 08:00:00+00:00,43665.74792363522
2021-09-11 12:00:00+00:00,43665.74792363522
2021-09-11 16:00:00+00:00,43665.74792363522
2021-09-11 20:00:00+00:00,43665.74792363522
2021-09-12 00:00:00+00:00,43665.74792363522
2021-09-12 04:00:00+00:00,43665.74792363522
2021-09-12 08:00:00+00:00,43665.74792363522
2021-09-12 12:00:00+00:00,43665.74792363522
2021-09-12 16:00:00+00:00,43665.74792363522
2021-09-12 20:00:00+00:00,43665.74792363522
2021-09-13 00:00:00+00:00,43665.74792363522
2021-09-13 04:00:00+00:00,43665.74792363522
2021-09-13 08:00:00+00:00,43665.74792363522
2021-09-13 12:00:00+00:00,43665.74792363522
2021-09-13 16:00:00+00:00,43665.74792363522
2021-09-13 20:00:00+00:00,43665.74792363522
2021-09-14 00:00:00+00:00,43665.74792363522
2021-09-14 04:00:00+00:00,43665.74792363522
2021-09-14 08:00:00+00:00,43665.74792363522
2021-09-14 12:00:00+00:00,43665.74792363522
2021-09-14 16:00:00+00:00,43665.74792363522
2021-09-14 20:00:00+00:00,43665.74792363522
2021-09-15 00:00:00+00:00,43665.74792363522
2021-09-15 04:00:00+00:00,43665.74792363522
2021-09-15 08:00:00+00:00,43665.74792363522
2021-09-15 12:00:00+00:00,43665.74792363522
2021-09-15 16:00:00+00:00,43665.74792363522
2021-09-15 20:00:00+00:00,43665.74792363522
2021-09-16 00:00:00+00:00,43665.74792363522
2021-09-16 04:00:00+00:00,43665.74792363522
2021-09-16 08:00:00+00:00,43665.74792363522
2021-09-16 12:00:00+00:00,43665.74792363522
2021-09-16 16:00:00+00:00,43665.74792363522
2021-09-16 20:00:00+00:00,43665.74792363522
2021-09-17 00:00:00+00:00,43665.74792363522
2021-09-17 04:00:00+00:00,43665.74792363522
2021-09-17 08:00:00+00:00,43665.74792363522
2021-09-17 12:00:00+00:00,43665.74792363522
2021-09-17 16:00:00+00:00,43665.74792363522
2021-09-17 20:00:00+00:00,43665.74792363522
2021-09-18 00:00:00+00:00,43665.74792363522
2021-09-18 04:00:00+00:00,43665.74792363522
2021-09-18 08:00:00+00:00,43665.74792363522
2021-09-18 12:00:00+00:00,43665.74792363522
2021-09-18 16:00:00+00:00,43665.74792363522
2021-09-18 20:00:00+00:00,43592.489097014244
2021-09-19 00:00:00+00:00,43606.032039992424
2021-09-19 04:00:00+00:00,43398.36056607963
2021-09-19 08:00:00+00:00,43437.88522620702
2021-09-19 12:00:00+00:00,43321.064161561
2021-09-19 16:00:00+00:00,43318.58314015852
2021-09-19 20:00:00+00:00,43318.58314015852
2021-09-20 00:00:00+00:00,43318.58314015852
2021-09-20 04:00:00+00:00,43318.58314015852
2021-09-20 08:00:00+00:00,43318.58314015852
2021-09-20 12:00:00+00:00,43318.58314015852
2021-09-20 16:00:00+00:00,43318.58314015852
2021-09-20 20:00:00+00:00,43318.58314015852
2021-09-21 00:00:00+00:00,43318.58314015852
2021-09-21 04:00:00+00:00,43318.58314015852
2021-09-21 08:00:00+00:00,43318.58314015852
2021-09-21 12:00:00+00:00,43318.58314015852
2021-09-21 16:00:00+00:00,43318.58314015852
2021-09-21 20:00:00+00:00,43318.58314015852
2021-09-22 00:00:00+00:00,43318.58314015852
2021-09-22 04:00:00+00:00,43318.58314015852
2021-09-22 08:00:00+00:00,43318.58314015852
2021-09-22 12:00:00+00:00,43318.58314015852
2021-09-22 16:00:00+00:00,43318.58314015852
2021-09-22 20:00:00+00:00,43318.58314015852
2021-09-23 00:00:00+00:00,43318.58314015852
2021-09-23 04:00:00+00:00,43318.58314015852
2021-09-23 08:00:00+00:00,43318.58314015852
2021-09-23 12:00:00+00:00,43318.58314015852
2021-09-23 16:00:00+00:00,43318.58314015852
2021-09-23 20:00:00+00:00,43318.58314015852
2021-09-24 00:00:00+00:00,43318.58314015852
2021-09-24 04:00:00+00:00,43318.58314015852
2021-09-24 08:00:00+00:00,43318.58314015852
2021-09-24 12:00:00+00:00,43318.58314015852
2021-09-24 16:00:00+00:00,43318.58314015852
2021-09-24 20:00:00+00:00,43318.58314015852
2021-09-25 00:00:00+00:00,43318.58314015852
2021-09-25 04:00:00+00:00,43318.58314015852
2021-09-25 08:00:00+00:00,43318.58314015852
2021-09-25 12:00:00+00:00,43318.58314015852
2021-09-25 16:00:00+00:00,43318.58314015852
2021-09-25 20:00:00+00:00,43318.58314015852
2021-09-26 00:00:00+00:00,43318.58314015852
2021-09-26 04:00:00+00:00,43318.58314015852
2021-09-26 08:00:00+00:00,43318.58314015852
2021-09-26 12:00:00+00:00,43318.58314015852
2021-09-26 16:00:00+00:00,43318.58314015852
2021-09-26 20:00:00+00:00,43318.58314015852
2021-09-27 00:00:00+00:00,43318.58314015852
2021-09-27 04:00:00+00:00,43318.58314015852
2021-09-27 08:00:00+00:00,43318.58314015852
2021-09-27 12:00:00+00:00,43318.58314015852
2021-09-27 16:00:00+00:00,43318.58314015852
2021-09-27 20:00:00+00:00,43318.58314015852
2021-09-28 00:00:00+00:00,43318.58314015852
2021-09-28 04:00:00+00:00,43318.58314015852
2021-09-28 08:00:00+00:00,43318.58314015852
2021-09-28 12:00:00+00:00,43318.58314015852
2021-09-28 16:00:00+00:00,43318.58314015852
2021-09-28 20:00:00+00:00,43318.58314015852
2021-09-29 00:00:00+00:00,43318.58314015852
2021-09-29 04:00:00+00:00,43318.58314015852
2021-09-29 08:00:00+00:00,43318.58314015852
2021-09-29 12:00:00+00:00,43318.58314015852
2021-09-29 16:00:00+00:00,43318.58314015852
2021-09-29 20:00:00+00:00,43318.58314015852
2021-09-30 00:00:00+00:00,43318.58314015852
2021-09-30 04:00:00+00:00,43318.58314015852
2021-09-30 08:00:00+00:00,43318.58314015852
2021-09-30 12:00:00+00:00,43318.58314015852
2021-09-30 16:00:00+00:00,43318.58314015852
2021-09-30 20:00:00+00:00,43318.58314015852
2021-10-01 00:00:00+00:00,43318.58314015852
2021-10-01 04:00:00+00:00,43318.58314015852
2021-10-01 08:00:00+00:00,43318.58314015852
2021-10-01 12:00:00+00:00,43318.58314015852
2021-10-01 16:00:00+00:00,43318.58314015852
2021-10-01 20:00:00+00:00,43318.58314015852
2021-10-02 00:00:00+00:00,43318.58314015852
2021-10-02 04:00:00+00:00,43318.58314015852
2021-10-02 08:00:00+00:00,43318.58314015852
2021-10-02 12:00:00+00:00,43318.58314015852
2021-10-02 16:00:00+00:00,43318.58314015852
2021-10-02 20:00:00+00:00,43522.52717548639
2021-10-03 00:00:00+00:00,43228.753533287345
2021-10-03 04:00:00+00:00,43327.18809492181
2021-10-03 08:00:00+00:00,43319.57133532144
2021-10-03 12:00:00+00:00,43350.20960658204
2021-10-03 16:00:00+00:00,43313.35870435783
2021-10-03 20:00:00+00:00,43655.45027202633
2021-10-04 00:00:00+00:00,42599.51631878333
2021-10-04 04:00:00+00:00,41632.25396204213
2021-10-04 08:00:00+00:00,42123.31945273617
2021-10-04 12:00:00+00:00,41762.83823013463
2021-10-04 16:00:00+00:00,42013.23223303303
2021-10-04 20:00:00+00:00,44107.98707064528
2021-10-05 00:00:00+00:00,43891.91383064527
2021-10-05 04:00:00+00:00,43984.383553240754
2021-10-05 08:00:00+00:00,44206.51458602753
2021-10-05 12:00:00+00:00,44738.38306587775
2021-10-05 16:00:00+00:00,44629.36206604529
2021-10-05 20:00:00+00:00,46437.74414988224
2021-10-06 00:00:00+00:00,46954.98329231546
2021-10-06 04:00:00+00:00,47020.877316913815
2021-10-06 08:00:00+00:00,46921.0324158527
2021-10-06 12:00:00+00:00,46666.510642503396
2021-10-06 16:00:00+00:00,53269.88996802723
2021-10-06 20:00:00+00:00,53351.68300013924
2021-10-07 00:00:00+00:00,53788.62276013923
2021-10-07 04:00:00+00:00,52934.55422085393
2021-10-07 08:00:00+00:00,52857.89379083524
2021-10-07 12:00:00+00:00,52020.52697393075
2021-10-07 16:00:00+00:00,51303.43274897083
2021-10-07 20:00:00+00:00,51411.94725989884
2021-10-08 00:00:00+00:00,51033.71591931724
2021-10-08 04:00:00+00:00,51092.70031733254
2021-10-08 08:00:00+00:00,52848.91337432395
2021-10-08 12:00:00+00:00,53635.01986467229
2021-10-08 16:00:00+00:00,51933.75823339037
2021-10-08 20:00:00+00:00,52563.07986266061
2021-10-09 00:00:00+00:00,51252.44392871858
2021-10-09 04:00:00+00:00,52065.114466397965
2021-10-09 08:00:00+00:00,52513.47024063856
2021-10-09 12:00:00+00:00,52358.52796022564
2021-10-09 16:00:00+00:00,52615.36612022564
2021-10-09 20:00:00+00:00,52160.66841908828
2021-10-10 00:00:00+00:00,52522.49406321926
2021-10-10 04:00:00+00:00,52692.197080918384
2021-10-10 08:00:00+00:00,53499.93908091838
2021-10-10 12:00:00+00:00,52801.364176030314
2021-10-10 16:00:00+00:00,53069.15353780782
2021-10-10 20:00:00+00:00,53183.171016243694
2021-10-11 00:00:00+00:00,52166.8438562437
2021-10-11 04:00:00+00:00,54580.4984242137
2021-10-11 08:00:00+00:00,54949.733024213696
2021-10-11 12:00:00+00:00,54432.82850914372
2021-10-11 16:00:00+00:00,55832.349584436946
2021-10-11 20:00:00+00:00,55840.27635513496
2021-10-12 00:00:00+00:00,55835.80162227533
2021-10-12 04:00:00+00:00,54801.19173140582
2021-10-12 08:00:00+00:00,55669.14583799998
2021-10-12 12:00:00+00:00,55542.62073167589
2021-10-12 16:00:00+00:00,54269.3628516759
2021-10-12 20:00:00+00:00,52878.40192703329
2021-10-13 00:00:00+00:00,52859.78884277058
2021-10-13 04:00:00+00:00,52859.78884277058
2021-10-13 08:00:00+00:00,52859.78884277058
2021-10-13 12:00:00+00:00,52859.78884277058
2021-10-13 16:00:00+00:00,52859.78884277058
2021-10-13 20:00:00+00:00,52859.78884277058
2021-10-14 00:00:00+00:00,52859.78884277058
2021-10-14 04:00:00+00:00,53121.54370692147
2021-10-14 08:00:00+00:00,52863.60629494692
2021-10-14 12:00:00+00:00,52954.258088925155
2021-10-14 16:00:00+00:00,52848.9823487263
2021-10-14 20:00:00+00:00,53020.183883968944
2021-10-15 00:00:00+00:00,52843.36629009866
2021-10-15 04:00:00+00:00,53594.076914922545
2021-10-15 08:00:00+00:00,53384.36526870954
2021-10-15 12:00:00+00:00,53683.74637677039
2021-10-15 16:00:00+00:00,54341.860622968896
2021-10-15 20:00:00+00:00,56071.86076621976
2021-10-16 00:00:00+00:00,56306.81296621975
2021-10-16 04:00:00+00:00,56255.5251522624
2021-10-16 08:00:00+00:00,56373.97565226241
2021-10-16 12:00:00+00:00,56229.658953555416
2021-10-16 16:00:00+00:00,55375.26257798519
2021-10-16 20:00:00+00:00,55216.85354063561
2021-10-17 00:00:00+00:00,55217.33346639514
2021-10-17 04:00:00+00:00,55546.30261011284
2021-10-17 08:00:00+00:00,54521.62858086026
2021-10-17 12:00:00+00:00,55299.989176350755
2021-10-17 16:00:00+00:00,55193.84952624123
2021-10-17 20:00:00+00:00,54846.14234183059
2021-10-18 00:00:00+00:00,55230.19056824934
2021-10-18 04:00:00+00:00,55981.57456915861
2021-10-18 08:00:00+00:00,55869.77480125807
2021-10-18 12:00:00+00:00,54632.01488869394
2021-10-18 16:00:00+00:00,55980.335851689946
2021-10-18 20:00:00+00:00,55939.87506117553
2021-10-19 00:00:00+00:00,55939.87506117553
2021-10-19 04:00:00+00:00,55939.87506117553
2021-10-19 08:00:00+00:00,55554.92841564637
2021-10-19 12:00:00+00:00,55367.95443324716
2021-10-19 16:00:00+00:00,55675.10919324716
2021-10-19 20:00:00+00:00,57870.20772220015
2021-10-20 00:00:00+00:00,57953.870895691965
2021-10-20 04:00:00+00:00,57426.557296472805
2021-10-20 08:00:00+00:00,57616.56931647281
2021-10-20 12:00:00+00:00,57396.97767751766
2021-10-20 16:00:00+00:00,61131.991209069376
2021-10-20 20:00:00+00:00,60232.55868948973
2021-10-21 00:00:00+00:00,60028.3913488691
2021-10-21 04:00:00+00:00,58318.27767806843
2021-10-21 08:00:00+00:00,58292.002204826065
2021-10-21 12:00:00+00:00,58191.66975925183
2021-10-21 16:00:00+00:00,57479.327423639836
2021-10-21 20:00:00+00:00,57479.327423639836
2021-10-22 00:00:00+00:00,57240.487249945836
2021-10-22 04:00:00+00:00,57223.84024812385
2021-10-22 08:00:00+00:00,57265.22696223413
2021-10-22 12:00:00+00:00,57262.50266662513
2021-10-22 16:00:00+00:00,57230.89883302946
2021-10-22 20:00:00+00:00,57230.89883302946
2021-10-23 00:00:00+00:00,57230.89883302946
2021-10-23 04:00:00+00:00,57230.89883302946
2021-10-23 08:00:00+00:00,57230.89883302946
2021-10-23 12:00:00+00:00,57230.89883302946
2021-10-23 16:00:00+00:00,57230.89883302946
2021-10-23 20:00:00+00:00,57230.89883302946
2021-10-24 00:00:00+00:00,57230.89883302946
2021-10-24 04:00:00+00:00,57230.89883302946
2021-10-24 08:00:00+00:00,57230.89883302946
2021-10-24 12:00:00+00:00,57230.89883302946
2021-10-24 16:00:00+00:00,57230.89883302946
2021-10-24 20:00:00+00:00,57230.89883302946
2021-10-25 00:00:00+00:00,57230.89883302946
2021-10-25 04:00:00+00:00,57230.89883302946
2021-10-25 08:00:00+00:00,57230.89883302946
2021-10-25 12:00:00+00:00,57230.89883302946
2021-10-25 16:00:00+00:00,57566.500285089576
2021-10-25 20:00:00+00:00,57196.11588735182
2021-10-26 00:00:00+00:00,57355.24235426345
2021-10-26 04:00:00+00:00,57226.32980479421
2021-10-26 08:00:00+00:00,57093.74725504567
2021-10-26 12:00:00+00:00,57069.93938397243
2021-10-26 16:00:00+00:00,57069.93938397243
2021-10-26 20:00:00+00:00,57069.93938397243
2021-10-27 00:00:00+00:00,57069.93938397243
2021-10-27 04:00:00+00:00,57069.93938397243
2021-10-27 08:00:00+00:00,57069.93938397243
2021-10-27 12:00:00+00:00,57069.93938397243
2021-10-27 16:00:00+00:00,57069.93938397243
2021-10-27 20:00:00+00:00,57069.93938397243
2021-10-28 00:00:00+00:00,57069.93938397243
2021-10-28 04:00:00+00:00,57069.93938397243
2021-10-28 08:00:00+00:00,57069.93938397243
2021-10-28 12:00:00+00:00,57069.93938397243
2021-10-28 16:00:00+00:00,57069.93938397243
2021-10-28 20:00:00+00:00,57069.93938397243
2021-10-29 00:00:00+00:00,57069.93938397243
2021-10-29 04:00:00+00:00,57069.93938397243
2021-10-29 08:00:00+00:00,57069.93938397243
2021-10-29 12:00:00+00:00,57069.93938397243
2021-10-29 16:00:00+00:00,57069.93938397243
2021-10-29 20:00:00+00:00,57069.93938397243
2021-10-30 00:00:00+00:00,57069.93938397243
2021-10-30 04:00:00+00:00,57069.93938397243
2021-10-30 08:00:00+00:00,57069.93938397243
2021-10-30 12:00:00+00:00,57069.93938397243
2021-10-30 16:00:00+00:00,57069.93938397243
2021-10-30 20:00:00+00:00,57069.93938397243
2021-10-31 00:00:00+00:00,57069.93938397243
2021-10-31 04:00:00+00:00,57069.93938397243
2021-10-31 08:00:00+00:00,57069.93938397243
2021-10-31 12:00:00+00:00,57069.93938397243
2021-10-31 16:00:00+00:00,57069.93938397243
2021-10-31 20:00:00+00:00,57069.93938397243
2021-11-01 00:00:00+00:00,57069.93938397243
2021-11-01 04:00:00+00:00,57069.93938397243
2021-11-01 08:00:00+00:00,57069.93938397243
2021-11-01 12:00:00+00:00,57069.93938397243
2021-11-01 16:00:00+00:00,57069.93938397243
2021-11-01 20:00:00+00:00,57069.93938397243
2021-11-02 00:00:00+00:00,57069.93938397243
2021-11-02 04:00:00+00:00,57069.93938397243
2021-11-02 08:00:00+00:00,57069.93938397243
2021-11-02 12:00:00+00:00,57069.93938397243
2021-11-02 16:00:00+00:00,57069.93938397243
2021-11-02 20:00:00+00:00,57069.93938397243
2021-11-03 00:00:00+00:00,57069.93938397243
2021-11-03 04:00:00+00:00,57069.93938397243
2021-11-03 08:00:00+00:00,57069.93938397243
2021-11-03 12:00:00+00:00,57069.93938397243
2021-11-03 16:00:00+00:00,57069.93938397243
2021-11-03 20:00:00+00:00,57069.93938397243
2021-11-04 00:00:00+00:00,57069.93938397243
2021-11-04 04:00:00+00:00,57069.93938397243
2021-11-04 08:00:00+00:00,57069.93938397243
2021-11-04 12:00:00+00:00,57069.93938397243
2021-11-04 16:00:00+00:00,57069.93938397243
2021-11-04 20:00:00+00:00,57069.93938397243
2021-11-05 00:00:00+00:00,57069.93938397243
2021-11-05 04:00:00+00:00,57069.93938397243
2021-11-05 08:00:00+00:00,57069.93938397243
2021-11-05 12:00:00+00:00,57069.93938397243
2021-11-05 16:00:00+00:00,57069.93938397243
2021-11-05 20:00:00+00:00,57069.93938397243
2021-11-06 00:00:00+00:00,57069.93938397243
2021-11-06 04:00:00+00:00,57069.93938397243
2021-11-06 08:00:00+00:00,57069.93938397243
2021-11-06 12:00:00+00:00,57069.93938397243
2021-11-06 16:00:00+00:00,57069.93938397243
2021-11-06 20:00:00+00:00,57069.93938397243
2021-11-07 00:00:00+00:00,57069.93938397243
2021-11-07 04:00:00+00:00,57069.93938397243
2021-11-07 08:00:00+00:00,57069.93938397243
2021-11-07 12:00:00+00:00,57069.93938397243
2021-11-07 16:00:00+00:00,57069.93938397243
2021-11-07 20:00:00+00:00,57069.93938397243
2021-11-08 00:00:00+00:00,57223.82867261667
2021-11-08 04:00:00+00:00,60508.80961631085
2021-11-08 08:00:00+00:00,62090.95509209724
2021-11-08 12:00:00+00:00,62216.14757170742
2021-11-08 16:00:00+00:00,62463.75306933537
2021-11-08 20:00:00+00:00,61193.35410146315
2021-11-09 00:00:00+00:00,62018.28444904266
2021-11-09 04:00:00+00:00,64015.3514093047
2021-11-09 08:00:00+00:00,63546.07073574853
2021-11-09 12:00:00+00:00,63059.284415602204
2021-11-09 16:00:00+00:00,62495.61934729088
2021-11-09 20:00:00+00:00,62432.12366405877
2021-11-10 00:00:00+00:00,62490.84242434124
2021-11-10 04:00:00+00:00,62278.8859038193
2021-11-10 08:00:00+00:00,62246.246583819295
2021-11-10 12:00:00+00:00,62394.501039022856
2021-11-10 16:00:00+00:00,63247.14002299439
2021-11-10 20:00:00+00:00,62211.60332789467
2021-11-11 00:00:00+00:00,61609.06646170628
2021-11-11 04:00:00+00:00,61609.06646170628
2021-11-11 08:00:00+00:00,61609.06646170628
2021-11-11 12:00:00+00:00,61609.06646170628
2021-11-11 16:00:00+00:00,61609.06646170628
2021-11-11 20:00:00+00:00,61609.06646170628
2021-11-12 00:00:00+00:00,61609.06646170628
2021-11-12 04:00:00+00:00,61609.06646170628
2021-11-12 08:00:00+00:00,61609.06646170628
2021-11-12 12:00:00+00:00,61609.06646170628
2021-11-12 16:00:00+00:00,61609.06646170628
2021-11-12 20:00:00+00:00,61609.06646170628
2021-11-13 00:00:00+00:00,61609.06646170628
2021-11-13 04:00:00+00:00,61609.06646170628
2021-11-13 08:00:00+00:00,61609.06646170628
2021-11-13 12:00:00+00:00,61609.06646170628
2021-11-13 16:00:00+00:00,61609.06646170628
2021-11-13 20:00:00+00:00,61609.06646170628
2021-11-14 00:00:00+00:00,61609.06646170628
2021-11-14 04:00:00+00:00,61609.06646170628
2021-11-14 08:00:00+00:00,61600.936671553485
2021-11-14 12:00:00+00:00,61511.57757105348
2021-11-14 16:00:00+00:00,61500.32585171083
2021-11-14 20:00:00+00:00,61500.32585171083
2021-11-15 00:00:00+00:00,61500.32585171083
2021-11-15 04:00:00+00:00,61500.32585171083
2021-11-15 08:00:00+00:00,61500.32585171083
2021-11-15 12:00:00+00:00,61500.32585171083
2021-11-15 16:00:00+00:00,61500.32585171083
2021-11-15 20:00:00+00:00,61500.32585171083
2021-11-16 00:00:00+00:00,61500.32585171083
2021-11-16 04:00:00+00:00,61500.32585171083
2021-11-16 08:00:00+00:00,61500.32585171083
2021-11-16 12:00:00+00:00,61500.32585171083
2021-11-16 16:00:00+00:00,61500.32585171083
2021-11-16 20:00:00+00:00,61500.32585171083
2021-11-17 00:00:00+00:00,61500.32585171083
2021-11-17 04:00:00+00:00,61500.32585171083
2021-11-17 08:00:00+00:00,61500.32585171083
2021-11-17 12:00:00+00:00,61500.32585171083
2021-11-17 16:00:00+00:00,61500.32585171083
2021-11-17 20:00:00+00:00,61500.32585171083
2021-11-18 00:00:00+00:00,61500.32585171083
2021-11-18 04:00:00+00:00,61500.32585171083
2021-11-18 08:00:00+00:00,61500.32585171083
2021-11-18 12:00:00+00:00,61500.32585171083
2021-11-18 16:00:00+00:00,61500.32585171083
2021-11-18 20:00:00+00:00,61500.32585171083
2021-11-19 00:00:00+00:00,61500.32585171083
2021-11-19 04:00:00+00:00,61500.32585171083
2021-11-19 08:00:00+00:00,61500.32585171083
2021-11-19 12:00:00+00:00,61500.32585171083
2021-11-19 16:00:00+00:00,61500.32585171083
2021-11-19 20:00:00+00:00,61500.32585171083
2021-11-20 00:00:00+00:00,61500.32585171083
2021-11-20 04:00:00+00:00,61500.32585171083
2021-11-20 08:00:00+00:00,61500.32585171083
2021-11-20 12:00:00+00:00,61500.32585171083
2021-11-20 16:00:00+00:00,61500.32585171083
2021-11-20 20:00:00+00:00,61500.32585171083
2021-11-21 00:00:00+00:00,61500.32585171083
2021-11-21 04:00:00+00:00,61500.32585171083
2021-11-21 08:00:00+00:00,61500.32585171083
2021-11-21 12:00:00+00:00,61500.32585171083
2021-11-21 16:00:00+00:00,61500.32585171083
2021-11-21 20:00:00+00:00,61500.32585171083
2021-11-22 00:00:00+00:00,61500.32585171083
2021-11-22 04:00:00+00:00,61500.32585171083
2021-11-22 08:00:00+00:00,61500.32585171083
2021-11-22 12:00:00+00:00,61500.32585171083
2021-11-22 16:00:00+00:00,61500.32585171083
2021-11-22 20:00:00+00:00,61500.32585171083
2021-11-23 00:00:00+00:00,61500.32585171083
2021-11-23 04:00:00+00:00,61500.32585171083
2021-11-23 08:00:00+00:00,61500.32585171083
2021-11-23 12:00:00+00:00,61500.32585171083
2021-11-23 16:00:00+00:00,61500.32585171083
2021-11-23 20:00:00+00:00,61500.32585171083
2021-11-24 00:00:00+00:00,61500.32585171083
2021-11-24 04:00:00+00:00,61500.32585171083
2021-11-24 08:00:00+00:00,61500.32585171083
2021-11-24 12:00:00+00:00,61500.32585171083
2021-11-24 16:00:00+00:00,61500.32585171083
2021-11-24 20:00:00+00:00,61500.32585171083
2021-11-25 00:00:00+00:00,61500.32585171083
2021-11-25 04:00:00+00:00,61500.32585171083
2021-11-25 08:00:00+00:00,61500.32585171083
2021-11-25 12:00:00+00:00,61500.32585171083
2021-11-25 16:00:00+00:00,61500.32585171083
2021-11-25 20:00:00+00:00,61500.32585171083
2021-11-26 00:00:00+00:00,61500.32585171083
2021-11-26 04:00:00+00:00,61500.32585171083
2021-11-26 08:00:00+00:00,61500.32585171083
2021-11-26 12:00:00+00:00,61500.32585171083
2021-11-26 16:00:00+00:00,61500.32585171083
2021-11-26 20:00:00+00:00,61500.32585171083
2021-11-27 00:00:00+00:00,61500.32585171083
2021-11-27 04:00:00+00:00,61500.32585171083
2021-11-27 08:00:00+00:00,61500.32585171083
2021-11-27 12:00:00+00:00,61500.32585171083
2021-11-27 16:00:00+00:00,61500.32585171083
2021-11-27 20:00:00+00:00,61500.32585171083
2021-11-28 00:00:00+00:00,61500.32585171083
2021-11-28 04:00:00+00:00,61500.32585171083
2021-11-28 08:00:00+00:00,61500.32585171083
2021-11-28 12:00:00+00:00,61500.32585171083
2021-11-28 16:00:00+00:00,61500.32585171083
2021-11-28 20:00:00+00:00,61500.32585171083
2021-11-29 00:00:00+00:00,61500.32585171083
2021-11-29 04:00:00+00:00,61500.32585171083
2021-11-29 08:00:00+00:00,61500.32585171083
2021-11-29 12:00:00+00:00,61500.32585171083
2021-11-29 16:00:00+00:00,61500.32585171083
2021-11-29 20:00:00+00:00,61500.32585171083
2021-11-30 00:00:00+00:00,61500.32585171083
2021-11-30 04:00:00+00:00,61500.32585171083
2021-11-30 08:00:00+00:00,61500.32585171083
2021-11-30 12:00:00+00:00,61500.32585171083
2021-11-30 16:00:00+00:00,61500.32585171083
2021-11-30 20:00:00+00:00,61500.32585171083
2021-12-01 00:00:00+00:00,61500.32585171083
2021-12-01 04:00:00+00:00,61500.32585171083
2021-12-01 08:00:00+00:00,61500.32585171083
2021-12-01 12:00:00+00:00,61500.32585171083
2021-12-01 16:00:00+00:00,61500.32585171083
2021-12-01 20:00:00+00:00,61500.32585171083
2021-12-02 00:00:00+00:00,61500.32585171083
2021-12-02 04:00:00+00:00,61500.32585171083
2021-12-02 08:00:00+00:00,61500.32585171083
2021-12-02 12:00:00+00:00,61500.32585171083
2021-12-02 16:00:00+00:00,61500.32585171083
2021-12-02 20:00:00+00:00,61500.32585171083
2021-12-03 00:00:00+00:00,61500.32585171083
2021-12-03 04:00:00+00:00,61500.32585171083
2021-12-03 08:00:00+00:00,61500.32585171083
2021-12-03 12:00:00+00:00,61500.32585171083
2021-12-03 16:00:00+00:00,61500.32585171083
2021-12-03 20:00:00+00:00,61500.32585171083
2021-12-04 00:00:00+00:00,61500.32585171083
2021-12-04 04:00:00+00:00,61500.32585171083
2021-12-04 08:00:00+00:00,61500.32585171083
2021-12-04 12:00:00+00:00,61500.32585171083
2021-12-04 16:00:00+00:00,61500.32585171083
2021-12-04 20:00:00+00:00,61500.32585171083
2021-12-05 00:00:00+00:00,61500.32585171083
2021-12-05 04:00:00+00:00,61500.32585171083
2021-12-05 08:00:00+00:00,61500.32585171083
2021-12-05 12:00:00+00:00,61500.32585171083
2021-12-05 16:00:00+00:00,61500.32585171083
2021-12-05 20:00:00+00:00,61500.32585171083
2021-12-06 00:00:00+00:00,61500.32585171083
2021-12-06 04:00:00+00:00,61500.32585171083
2021-12-06 08:00:00+00:00,61500.32585171083
2021-12-06 12:00:00+00:00,61500.32585171083
2021-12-06 16:00:00+00:00,61500.32585171083
2021-12-06 20:00:00+00:00,61500.32585171083
2021-12-07 00:00:00+00:00,61500.32585171083
2021-12-07 04:00:00+00:00,61500.32585171083
2021-12-07 08:00:00+00:00,61500.32585171083
2021-12-07 12:00:00+00:00,61500.32585171083
2021-12-07 16:00:00+00:00,61500.32585171083
2021-12-07 20:00:00+00:00,61500.32585171083
2021-12-08 00:00:00+00:00,61500.32585171083
2021-12-08 04:00:00+00:00,61500.32585171083
2021-12-08 08:00:00+00:00,61500.32585171083
2021-12-08 12:00:00+00:00,61500.32585171083
2021-12-08 16:00:00+00:00,61500.32585171083
2021-12-08 20:00:00+00:00,61500.32585171083
2021-12-09 00:00:00+00:00,61500.32585171083
2021-12-09 04:00:00+00:00,61500.32585171083
2021-12-09 08:00:00+00:00,61500.32585171083
2021-12-09 12:00:00+00:00,61500.32585171083
2021-12-09 16:00:00+00:00,61500.32585171083
2021-12-09 20:00:00+00:00,61500.32585171083
2021-12-10 00:00:00+00:00,61500.32585171083
2021-12-10 04:00:00+00:00,61500.32585171083
2021-12-10 08:00:00+00:00,61500.32585171083
2021-12-10 12:00:00+00:00,61500.32585171083
2021-12-10 16:00:00+00:00,61500.32585171083
2021-12-10 20:00:00+00:00,61500.32585171083
2021-12-11 00:00:00+00:00,61500.32585171083
2021-12-11 04:00:00+00:00,61500.32585171083
2021-12-11 08:00:00+00:00,61500.32585171083
2021-12-11 12:00:00+00:00,61500.32585171083
2021-12-11 16:00:00+00:00,61500.32585171083
2021-12-11 20:00:00+00:00,61500.32585171083
2021-12-12 00:00:00+00:00,61500.32585171083
2021-12-12 04:00:00+00:00,61500.32585171083
2021-12-12 08:00:00+00:00,61500.32585171083
2021-12-12 12:00:00+00:00,61500.32585171083
2021-12-12 16:00:00+00:00,61500.32585171083
2021-12-12 20:00:00+00:00,61500.32585171083
2021-12-13 00:00:00+00:00,61500.32585171083
2021-12-13 04:00:00+00:00,61500.32585171083
2021-12-13 08:00:00+00:00,61500.32585171083
2021-12-13 12:00:00+00:00,61500.32585171083
2021-12-13 16:00:00+00:00,61500.32585171083
2021-12-13 20:00:00+00:00,61500.32585171083
2021-12-14 00:00:00+00:00,61500.32585171083
2021-12-14 04:00:00+00:00,61500.32585171083
2021-12-14 08:00:00+00:00,61500.32585171083
2021-12-14 12:00:00+00:00,61500.32585171083
2021-12-14 16:00:00+00:00,61500.32585171083
2021-12-14 20:00:00+00:00,61500.32585171083
2021-12-15 00:00:00+00:00,61500.32585171083
2021-12-15 04:00:00+00:00,61500.32585171083
2021-12-15 08:00:00+00:00,61500.32585171083
2021-12-15 12:00:00+00:00,61500.32585171083
2021-12-15 16:00:00+00:00,61500.32585171083
2021-12-15 20:00:00+00:00,61500.32585171083
2021-12-16 00:00:00+00:00,61500.32585171083
2021-12-16 04:00:00+00:00,61500.32585171083
2021-12-16 08:00:00+00:00,61500.32585171083
2021-12-16 12:00:00+00:00,61500.32585171083
2021-12-16 16:00:00+00:00,61500.32585171083
2021-12-16 20:00:00+00:00,61500.32585171083
2021-12-17 00:00:00+00:00,61500.32585171083
2021-12-17 04:00:00+00:00,61500.32585171083
2021-12-17 08:00:00+00:00,61500.32585171083
2021-12-17 12:00:00+00:00,61500.32585171083
2021-12-17 16:00:00+00:00,61500.32585171083
2021-12-17 20:00:00+00:00,61500.32585171083
2021-12-18 00:00:00+00:00,61500.32585171083
2021-12-18 04:00:00+00:00,61500.32585171083
2021-12-18 08:00:00+00:00,61500.32585171083
2021-12-18 12:00:00+00:00,61500.32585171083
2021-12-18 16:00:00+00:00,61500.32585171083
2021-12-18 20:00:00+00:00,61500.32585171083
2021-12-19 00:00:00+00:00,61500.32585171083
2021-12-19 04:00:00+00:00,61500.32585171083
2021-12-19 08:00:00+00:00,61500.32585171083
2021-12-19 12:00:00+00:00,61500.32585171083
2021-12-19 16:00:00+00:00,61500.32585171083
2021-12-19 20:00:00+00:00,61500.32585171083
2021-12-20 00:00:00+00:00,61500.32585171083
2021-12-20 04:00:00+00:00,61500.32585171083
2021-12-20 08:00:00+00:00,61500.32585171083
2021-12-20 12:00:00+00:00,61500.32585171083
2021-12-20 16:00:00+00:00,61500.32585171083
2021-12-20 20:00:00+00:00,61500.32585171083
2021-12-21 00:00:00+00:00,61500.32585171083
2021-12-21 04:00:00+00:00,61500.32585171083
2021-12-21 08:00:00+00:00,61500.32585171083
2021-12-21 12:00:00+00:00,61500.32585171083
2021-12-21 16:00:00+00:00,61500.32585171083
2021-12-21 20:00:00+00:00,61500.32585171083
2021-12-22 00:00:00+00:00,61500.32585171083
2021-12-22 04:00:00+00:00,61500.32585171083
2021-12-22 08:00:00+00:00,61500.32585171083
2021-12-22 12:00:00+00:00,61500.32585171083
2021-12-22 16:00:00+00:00,61500.32585171083
2021-12-22 20:00:00+00:00,61500.32585171083
2021-12-23 00:00:00+00:00,61500.32585171083
2021-12-23 04:00:00+00:00,61500.32585171083
2021-12-23 08:00:00+00:00,61500.32585171083
2021-12-23 12:00:00+00:00,61500.32585171083
2021-12-23 16:00:00+00:00,61500.32585171083
2021-12-23 20:00:00+00:00,61500.32585171083
2021-12-24 00:00:00+00:00,61500.32585171083
2021-12-24 04:00:00+00:00,61500.32585171083
2021-12-24 08:00:00+00:00,61500.32585171083
2021-12-24 12:00:00+00:00,61500.32585171083
2021-12-24 16:00:00+00:00,61500.32585171083
2021-12-24 20:00:00+00:00,61500.32585171083
2021-12-25 00:00:00+00:00,61500.32585171083
2021-12-25 04:00:00+00:00,61500.32585171083
2021-12-25 08:00:00+00:00,61500.32585171083
2021-12-25 12:00:00+00:00,61500.32585171083
2021-12-25 16:00:00+00:00,61500.32585171083
2021-12-25 20:00:00+00:00,61500.32585171083
2021-12-26 00:00:00+00:00,61500.32585171083
2021-12-26 04:00:00+00:00,61500.32585171083
2021-12-26 08:00:00+00:00,61500.32585171083
2021-12-26 12:00:00+00:00,61500.32585171083
2021-12-26 16:00:00+00:00,61500.32585171083
2021-12-26 20:00:00+00:00,61500.32585171083
2021-12-27 00:00:00+00:00,61500.32585171083
2021-12-27 04:00:00+00:00,61500.32585171083
2021-12-27 08:00:00+00:00,61293.80916598796
2021-12-27 12:00:00+00:00,61335.52992086456
2021-12-27 16:00:00+00:00,61786.10706664475
2021-12-27 20:00:00+00:00,61632.9026762261
2021-12-28 00:00:00+00:00,61295.00427992765
2021-12-28 04:00:00+00:00,60707.75608132418
2021-12-28 08:00:00+00:00,60694.9863470219
2021-12-28 12:00:00+00:00,60694.9863470219
2021-12-28 16:00:00+00:00,60694.9863470219
2021-12-28 20:00:00+00:00,60694.9863470219
2021-12-29 00:00:00+00:00,60694.9863470219
2021-12-29 04:00:00+00:00,60694.9863470219
2021-12-29 08:00:00+00:00,60694.9863470219
2021-12-29 12:00:00+00:00,60694.9863470219
2021-12-29 16:00:00+00:00,60694.9863470219
2021-12-29 20:00:00+00:00,60694.9863470219
2021-12-30 00:00:00+00:00,60694.9863470219
2021-12-30 04:00:00+00:00,60694.9863470219
2021-12-30 08:00:00+00:00,60694.9863470219
2021-12-30 12:00:00+00:00,60694.9863470219
2021-12-30 16:00:00+00:00,60694.9863470219
2021-12-30 20:00:00+00:00,60694.9863470219
2021-12-31 00:00:00+00:00,60694.9863470219
2021-12-31 04:00:00+00:00,60694.9863470219
2021-12-31 08:00:00+00:00,60694.9863470219
2021-12-31 12:00:00+00:00,60694.9863470219
2021-12-31 16:00:00+00:00,60694.9863470219
2021-12-31 20:00:00+00:00,60694.9863470219
2022-01-01 00:00:00+00:00,60694.9863470219
2022-01-01 04:00:00+00:00,60694.9863470219
2022-01-01 08:00:00+00:00,60694.9863470219
2022-01-01 12:00:00+00:00,60694.9863470219
2022-01-01 16:00:00+00:00,60694.9863470219
2022-01-01 20:00:00+00:00,60694.9863470219
2022-01-02 00:00:00+00:00,60694.9863470219
2022-01-02 04:00:00+00:00,60694.9863470219
2022-01-02 08:00:00+00:00,60694.9863470219
2022-01-02 12:00:00+00:00,60694.9863470219
2022-01-02 16:00:00+00:00,60694.9863470219
2022-01-02 20:00:00+00:00,60694.9863470219
2022-01-03 00:00:00+00:00,60694.9863470219
2022-01-03 04:00:00+00:00,60694.9863470219
2022-01-03 08:00:00+00:00,60694.9863470219
2022-01-03 12:00:00+00:00,60694.9863470219
2022-01-03 16:00:00+00:00,60694.9863470219
2022-01-03 20:00:00+00:00,60694.9863470219
2022-01-04 00:00:00+00:00,60694.9863470219
2022-01-04 04:00:00+00:00,60694.9863470219
2022-01-04 08:00:00+00:00,60694.9863470219
2022-01-04 12:00:00+00:00,60694.9863470219
2022-01-04 16:00:00+00:00,60694.9863470219
2022-01-04 20:00:00+00:00,60694.9863470219
2022-01-05 00:00:00+00:00,60694.9863470219
2022-01-05 04:00:00+00:00,60694.9863470219
2022-01-05 08:00:00+00:00,60694.9863470219
2022-01-05 12:00:00+00:00,60694.9863470219
2022-01-05 16:00:00+00:00,60694.9863470219
2022-01-05 20:00:00+00:00,60694.9863470219
2022-01-06 00:00:00+00:00,60694.9863470219
2022-01-06 04:00:00+00:00,60694.9863470219
2022-01-06 08:00:00+00:00,60694.9863470219
2022-01-06 12:00:00+00:00,60687.8343736891
2022-01-06 16:00:00+00:00,60687.53745962993
2022-01-06 20:00:00+00:00,60696.75215216273
2022-01-07 00:00:00+00:00,60696.4489164726
2022-01-07 04:00:00+00:00,60696.4489164726
2022-01-07 08:00:00+00:00,60696.4489164726
2022-01-07 12:00:00+00:00,60696.4489164726
2022-01-07 16:00:00+00:00,60696.4489164726
2022-01-07 20:00:00+00:00,60696.4489164726
2022-01-08 00:00:00+00:00,60696.4489164726
2022-01-08 04:00:00+00:00,60696.4489164726
2022-01-08 08:00:00+00:00,60696.4489164726
2022-01-08 12:00:00+00:00,60696.4489164726
2022-01-08 16:00:00+00:00,60696.4489164726
2022-01-08 20:00:00+00:00,60696.4489164726
2022-01-09 00:00:00+00:00,60696.4489164726
2022-01-09 04:00:00+00:00,60696.4489164726
2022-01-09 08:00:00+00:00,60696.4489164726
2022-01-09 12:00:00+00:00,60696.4489164726
2022-01-09 16:00:00+00:00,60696.4489164726
2022-01-09 20:00:00+00:00,60696.4489164726
2022-01-10 00:00:00+00:00,60696.4489164726
2022-01-10 04:00:00+00:00,60696.4489164726
2022-01-10 08:00:00+00:00,60696.4489164726
2022-01-10 12:00:00+00:00,60696.4489164726
2022-01-10 16:00:00+00:00,60696.4489164726
2022-01-10 20:00:00+00:00,60696.4489164726
2022-01-11 00:00:00+00:00,60696.4489164726
2022-01-11 04:00:00+00:00,60696.4489164726
2022-01-11 08:00:00+00:00,60696.4489164726
2022-01-11 12:00:00+00:00,60696.4489164726
2022-01-11 16:00:00+00:00,60696.4489164726
2022-01-11 20:00:00+00:00,60696.4489164726
2022-01-12 00:00:00+00:00,60696.4489164726
2022-01-12 04:00:00+00:00,60696.4489164726
2022-01-12 08:00:00+00:00,60696.4489164726
2022-01-12 12:00:00+00:00,60696.4489164726
2022-01-12 16:00:00+00:00,60696.4489164726
2022-01-12 20:00:00+00:00,60696.4489164726
2022-01-13 00:00:00+00:00,60696.4489164726
2022-01-13 04:00:00+00:00,60696.4489164726
2022-01-13 08:00:00+00:00,60696.4489164726
2022-01-13 12:00:00+00:00,60696.4489164726
2022-01-13 16:00:00+00:00,60696.4489164726
2022-01-13 20:00:00+00:00,60696.4489164726
2022-01-14 00:00:00+00:00,60696.4489164726
2022-01-14 04:00:00+00:00,60696.4489164726
2022-01-14 08:00:00+00:00,60696.4489164726
2022-01-14 12:00:00+00:00,60696.4489164726
2022-01-14 16:00:00+00:00,60696.4489164726
2022-01-14 20:00:00+00:00,60696.4489164726
2022-01-15 00:00:00+00:00,60696.4489164726
2022-01-15 04:00:00+00:00,60696.4489164726
2022-01-15 08:00:00+00:00,60696.4489164726
2022-01-15 12:00:00+00:00,60696.4489164726
2022-01-15 16:00:00+00:00,60696.4489164726
2022-01-15 20:00:00+00:00,60696.4489164726
2022-01-16 00:00:00+00:00,60696.4489164726
2022-01-16 04:00:00+00:00,60696.4489164726
2022-01-16 08:00:00+00:00,60696.4489164726
2022-01-16 12:00:00+00:00,60696.4489164726
2022-01-16 16:00:00+00:00,60696.4489164726
2022-01-16 20:00:00+00:00,60696.4489164726
2022-01-17 00:00:00+00:00,60696.4489164726
2022-01-17 04:00:00+00:00,60696.4489164726
2022-01-17 08:00:00+00:00,60696.4489164726
2022-01-17 12:00:00+00:00,60696.4489164726
2022-01-17 16:00:00+00:00,60696.4489164726
2022-01-17 20:00:00+00:00,60696.4489164726
2022-01-18 00:00:00+00:00,60696.4489164726
2022-01-18 04:00:00+00:00,60696.4489164726
2022-01-18 08:00:00+00:00,60696.4489164726
2022-01-18 12:00:00+00:00,60696.4489164726
2022-01-18 16:00:00+00:00,60696.4489164726
2022-01-18 20:00:00+00:00,60696.4489164726
2022-01-19 00:00:00+00:00,60696.4489164726
2022-01-19 04:00:00+00:00,60696.4489164726
2022-01-19 08:00:00+00:00,60696.4489164726
2022-01-19 12:00:00+00:00,60696.4489164726
2022-01-19 16:00:00+00:00,60696.4489164726
2022-01-19 20:00:00+00:00,60696.4489164726
2022-01-20 00:00:00+00:00,60696.4489164726
2022-01-20 04:00:00+00:00,60696.4489164726
2022-01-20 08:00:00+00:00,60696.4489164726
2022-01-20 12:00:00+00:00,60696.4489164726
2022-01-20 16:00:00+00:00,60696.4489164726
2022-01-20 20:00:00+00:00,60696.4489164726
2022-01-21 00:00:00+00:00,60696.4489164726
2022-01-21 04:00:00+00:00,60696.4489164726
2022-01-21 08:00:00+00:00,60696.4489164726
2022-01-21 12:00:00+00:00,60696.4489164726
2022-01-21 16:00:00+00:00,60696.4489164726
2022-01-21 20:00:00+00:00,60696.4489164726
2022-01-22 00:00:00+00:00,60696.4489164726
2022-01-22 04:00:00+00:00,60696.4489164726
2022-01-22 08:00:00+00:00,60696.4489164726
2022-01-22 12:00:00+00:00,60696.4489164726
2022-01-22 16:00:00+00:00,60696.4489164726
2022-01-22 20:00:00+00:00,60696.4489164726
2022-01-23 00:00:00+00:00,60696.4489164726
2022-01-23 04:00:00+00:00,60696.4489164726
2022-01-23 08:00:00+00:00,60696.4489164726
2022-01-23 12:00:00+00:00,60696.4489164726
2022-01-23 16:00:00+00:00,60696.4489164726
2022-01-23 20:00:00+00:00,60696.4489164726
2022-01-24 00:00:00+00:00,60696.4489164726
2022-01-24 04:00:00+00:00,60696.4489164726
2022-01-24 08:00:00+00:00,60696.4489164726
2022-01-24 12:00:00+00:00,60696.4489164726
2022-01-24 16:00:00+00:00,60696.4489164726
2022-01-24 20:00:00+00:00,60696.4489164726
2022-01-25 00:00:00+00:00,60696.4489164726
2022-01-25 04:00:00+00:00,60696.4489164726
2022-01-25 08:00:00+00:00,60696.4489164726
2022-01-25 12:00:00+00:00,60696.4489164726
2022-01-25 16:00:00+00:00,60696.4489164726
2022-01-25 20:00:00+00:00,60696.4489164726
2022-01-26 00:00:00+00:00,60696.4489164726
2022-01-26 04:00:00+00:00,60696.4489164726
2022-01-26 08:00:00+00:00,60696.4489164726
2022-01-26 12:00:00+00:00,60696.4489164726
2022-01-26 16:00:00+00:00,60696.4489164726
2022-01-26 20:00:00+00:00,60696.4489164726
2022-01-27 00:00:00+00:00,60696.4489164726
2022-01-27 04:00:00+00:00,60696.4489164726
2022-01-27 08:00:00+00:00,60696.4489164726
2022-01-27 12:00:00+00:00,60696.4489164726
2022-01-27 16:00:00+00:00,60696.4489164726
2022-01-27 20:00:00+00:00,60696.4489164726
2022-01-28 00:00:00+00:00,60696.4489164726
2022-01-28 04:00:00+00:00,60696.4489164726
2022-01-28 08:00:00+00:00,60696.4489164726
2022-01-28 12:00:00+00:00,60696.4489164726
2022-01-28 16:00:00+00:00,60696.4489164726
2022-01-28 20:00:00+00:00,60696.4489164726
2022-01-29 00:00:00+00:00,60696.4489164726
2022-01-29 04:00:00+00:00,60696.4489164726
2022-01-29 08:00:00+00:00,60696.4489164726
2022-01-29 12:00:00+00:00,60696.4489164726
2022-01-29 16:00:00+00:00,60696.4489164726
2022-01-29 20:00:00+00:00,60696.4489164726
2022-01-30 00:00:00+00:00,60696.4489164726
2022-01-30 04:00:00+00:00,60696.4489164726
2022-01-30 08:00:00+00:00,60696.4489164726
2022-01-30 12:00:00+00:00,60696.4489164726
2022-01-30 16:00:00+00:00,60696.4489164726
2022-01-30 20:00:00+00:00,60696.4489164726
2022-01-31 00:00:00+00:00,60696.4489164726
2022-01-31 04:00:00+00:00,60696.4489164726
2022-01-31 08:00:00+00:00,60696.4489164726
2022-01-31 12:00:00+00:00,60696.4489164726
2022-01-31 16:00:00+00:00,60696.4489164726
2022-01-31 20:00:00+00:00,60696.4489164726
2022-02-01 00:00:00+00:00,60696.4489164726
2022-02-01 04:00:00+00:00,60696.4489164726
2022-02-01 08:00:00+00:00,60696.4489164726
2022-02-01 12:00:00+00:00,60696.4489164726
2022-02-01 16:00:00+00:00,60696.4489164726
2022-02-01 20:00:00+00:00,60696.4489164726
2022-02-02 00:00:00+00:00,60696.4489164726
2022-02-02 04:00:00+00:00,60696.4489164726
2022-02-02 08:00:00+00:00,60696.4489164726
2022-02-02 12:00:00+00:00,60696.4489164726
2022-02-02 16:00:00+00:00,60696.4489164726
2022-02-02 20:00:00+00:00,60696.4489164726
2022-02-03 00:00:00+00:00,60696.4489164726
2022-02-03 04:00:00+00:00,60696.4489164726
2022-02-03 08:00:00+00:00,60696.4489164726
2022-02-03 12:00:00+00:00,60696.4489164726
2022-02-03 16:00:00+00:00,60696.4489164726
2022-02-03 20:00:00+00:00,60696.4489164726
2022-02-04 00:00:00+00:00,60696.4489164726
2022-02-04 04:00:00+00:00,60696.4489164726
2022-02-04 08:00:00+00:00,60696.4489164726
2022-02-04 12:00:00+00:00,60696.4489164726
2022-02-04 16:00:00+00:00,60696.4489164726
2022-02-04 20:00:00+00:00,60696.4489164726
2022-02-05 00:00:00+00:00,60696.4489164726
2022-02-05 04:00:00+00:00,60696.4489164726
2022-02-05 08:00:00+00:00,60696.4489164726
2022-02-05 12:00:00+00:00,60696.4489164726
2022-02-05 16:00:00+00:00,60696.4489164726
2022-02-05 20:00:00+00:00,60696.4489164726
2022-02-06 00:00:00+00:00,60696.4489164726
2022-02-06 04:00:00+00:00,60696.4489164726
2022-02-06 08:00:00+00:00,60840.774520386956
2022-02-06 12:00:00+00:00,60766.83556648148
2022-02-06 16:00:00+00:00,60746.52424060016
2022-02-06 20:00:00+00:00,60921.57575947617
2022-02-07 00:00:00+00:00,61508.06965910397
2022-02-07 04:00:00+00:00,61888.98719151899
2022-02-07 08:00:00+00:00,61815.58814471026
2022-02-07 12:00:00+00:00,61798.99613398558
2022-02-07 16:00:00+00:00,62765.23456862602
2022-02-07 20:00:00+00:00,63158.78214021727
2022-02-08 00:00:00+00:00,62788.75098021727
2022-02-08 04:00:00+00:00,63079.14424755715
2022-02-08 08:00:00+00:00,63678.12241795435
2022-02-08 12:00:00+00:00,62928.67695517604
2022-02-08 16:00:00+00:00,62561.12621617856
2022-02-08 20:00:00+00:00,62294.47195270527
2022-02-09 00:00:00+00:00,62934.91605248139
2022-02-09 04:00:00+00:00,62500.13304042886
2022-02-09 08:00:00+00:00,62780.05417893311
2022-02-09 12:00:00+00:00,62713.16935139907
2022-02-09 16:00:00+00:00,62807.79608285847
2022-02-09 20:00:00+00:00,63145.79417720552
2022-02-10 00:00:00+00:00,63091.316684551195
2022-02-10 04:00:00+00:00,62740.74731304087
2022-02-10 08:00:00+00:00,62919.689865632965
2022-02-10 12:00:00+00:00,63352.84196911687
2022-02-10 16:00:00+00:00,63419.912264326325
2022-02-10 20:00:00+00:00,63077.81347724314
2022-02-11 00:00:00+00:00,62576.30486046757
2022-02-11 04:00:00+00:00,62543.50841906111
2022-02-11 08:00:00+00:00,62540.95166305724
2022-02-11 12:00:00+00:00,62540.95166305724
2022-02-11 16:00:00+00:00,62540.95166305724
2022-02-11 20:00:00+00:00,62389.79048332847
2022-02-12 00:00:00+00:00,62388.29899405009
2022-02-12 04:00:00+00:00,62388.29899405009
2022-02-12 08:00:00+00:00,62388.29899405009
2022-02-12 12:00:00+00:00,62388.29899405009
2022-02-12 16:00:00+00:00,62388.29899405009
2022-02-12 20:00:00+00:00,62388.29899405009
2022-02-13 00:00:00+00:00,62388.29899405009
2022-02-13 04:00:00+00:00,62388.29899405009
2022-02-13 08:00:00+00:00,62388.29899405009
2022-02-13 12:00:00+00:00,62388.29899405009
2022-02-13 16:00:00+00:00,62388.29899405009
2022-02-13 20:00:00+00:00,62388.29899405009
2022-02-14 00:00:00+00:00,62388.29899405009
2022-02-14 04:00:00+00:00,62388.29899405009
2022-02-14 08:00:00+00:00,62388.29899405009
2022-02-14 12:00:00+00:00,62388.29899405009
2022-02-14 16:00:00+00:00,62388.29899405009
2022-02-14 20:00:00+00:00,62388.29899405009
2022-02-15 00:00:00+00:00,62388.29899405009
2022-02-15 04:00:00+00:00,62388.29899405009
2022-02-15 08:00:00+00:00,62469.94575658809
2022-02-15 12:00:00+00:00,62823.12542762129
2022-02-15 16:00:00+00:00,62801.64562572449
2022-02-15 20:00:00+00:00,62677.19385896939
2022-02-16 00:00:00+00:00,63021.36385896939
2022-02-16 04:00:00+00:00,62663.33792337169
2022-02-16 08:00:00+00:00,62789.46485962379
2022-02-16 12:00:00+00:00,62789.22687393587
2022-02-16 16:00:00+00:00,62417.62487393587
2022-02-16 20:00:00+00:00,62537.38145084842
2022-02-17 00:00:00+00:00,62299.83259838238
2022-02-17 04:00:00+00:00,62228.856523699345
2022-02-17 08:00:00+00:00,62298.323628244645
2022-02-17 12:00:00+00:00,62293.97511376741
2022-02-17 16:00:00+00:00,62293.97511376741
2022-02-17 20:00:00+00:00,62293.97511376741
2022-02-18 00:00:00+00:00,62293.97511376741
2022-02-18 04:00:00+00:00,62293.97511376741
2022-02-18 08:00:00+00:00,62293.97511376741
2022-02-18 12:00:00+00:00,62293.97511376741
2022-02-18 16:00:00+00:00,62293.97511376741
2022-02-18 20:00:00+00:00,62293.97511376741
2022-02-19 00:00:00+00:00,62293.97511376741
2022-02-19 04:00:00+00:00,62293.97511376741
2022-02-19 08:00:00+00:00,62293.97511376741
2022-02-19 12:00:00+00:00,62293.97511376741
2022-02-19 16:00:00+00:00,62293.97511376741
2022-02-19 20:00:00+00:00,62293.97511376741
2022-02-20 00:00:00+00:00,62293.97511376741
2022-02-20 04:00:00+00:00,62293.97511376741
2022-02-20 08:00:00+00:00,62293.97511376741
2022-02-20 12:00:00+00:00,62293.97511376741
2022-02-20 16:00:00+00:00,62293.97511376741
2022-02-20 20:00:00+00:00,62293.97511376741
2022-02-21 00:00:00+00:00,62293.97511376741
2022-02-21 04:00:00+00:00,62293.97511376741
2022-02-21 08:00:00+00:00,62293.97511376741
2022-02-21 12:00:00+00:00,62293.97511376741
2022-02-21 16:00:00+00:00,62293.97511376741
2022-02-21 20:00:00+00:00,62293.97511376741
2022-02-22 00:00:00+00:00,62293.97511376741
2022-02-22 04:00:00+00:00,62293.97511376741
2022-02-22 08:00:00+00:00,62293.97511376741
2022-02-22 12:00:00+00:00,62293.97511376741
2022-02-22 16:00:00+00:00,62293.97511376741
2022-02-22 20:00:00+00:00,62293.97511376741
2022-02-23 00:00:00+00:00,62293.97511376741
2022-02-23 04:00:00+00:00,62293.97511376741
2022-02-23 08:00:00+00:00,62293.97511376741
2022-02-23 12:00:00+00:00,62293.97511376741
2022-02-23 16:00:00+00:00,62293.97511376741
2022-02-23 20:00:00+00:00,62293.97511376741
2022-02-24 00:00:00+00:00,62293.97511376741
2022-02-24 04:00:00+00:00,62293.97511376741
2022-02-24 08:00:00+00:00,62293.97511376741
2022-02-24 12:00:00+00:00,62293.97511376741
2022-02-24 16:00:00+00:00,62293.97511376741
2022-02-24 20:00:00+00:00,62293.97511376741
2022-02-25 00:00:00+00:00,62293.97511376741
2022-02-25 04:00:00+00:00,62293.97511376741
2022-02-25 08:00:00+00:00,62293.97511376741
2022-02-25 12:00:00+00:00,62293.97511376741
2022-02-25 16:00:00+00:00,62293.97511376741
2022-02-25 20:00:00+00:00,62293.97511376741
2022-02-26 00:00:00+00:00,62293.97511376741
2022-02-26 04:00:00+00:00,62293.97511376741
2022-02-26 08:00:00+00:00,62293.97511376741
2022-02-26 12:00:00+00:00,62293.97511376741
2022-02-26 16:00:00+00:00,62293.97511376741
2022-02-26 20:00:00+00:00,62293.97511376741
2022-02-27 00:00:00+00:00,62293.97511376741
2022-02-27 04:00:00+00:00,62293.97511376741
2022-02-27 08:00:00+00:00,62293.97511376741
2022-02-27 12:00:00+00:00,62293.97511376741
2022-02-27 16:00:00+00:00,62293.97511376741
2022-02-27 20:00:00+00:00,62293.97511376741
2022-02-28 00:00:00+00:00,62293.97511376741
2022-02-28 04:00:00+00:00,62293.97511376741
2022-02-28 08:00:00+00:00,62293.97511376741
2022-02-28 12:00:00+00:00,62293.97511376741
2022-02-28 16:00:00+00:00,62293.97511376741
2022-02-28 20:00:00+00:00,62293.97511376741
2022-03-01 00:00:00+00:00,62293.97511376741
2022-03-01 04:00:00+00:00,62293.97511376741
2022-03-01 08:00:00+00:00,62293.97511376741
2022-03-01 12:00:00+00:00,62293.97511376741
2022-03-01 16:00:00+00:00,62293.97511376741
2022-03-01 20:00:00+00:00,62293.97511376741
2022-03-02 00:00:00+00:00,62608.997815898605
2022-03-02 04:00:00+00:00,62491.65850676267
2022-03-02 08:00:00+00:00,61951.05497527199
2022-03-02 12:00:00+00:00,62151.88222147199
2022-03-02 16:00:00+00:00,62177.544584535666
2022-03-02 20:00:00+00:00,61517.65835525199
2022-03-03 00:00:00+00:00,61822.75748349317
2022-03-03 04:00:00+00:00,60935.06837376712
2022-03-03 08:00:00+00:00,61174.325351607
2022-03-03 12:00:00+00:00,61042.9696057927
2022-03-03 16:00:00+00:00,59758.037769761075
2022-03-03 20:00:00+00:00,59259.31019602621
2022-03-04 00:00:00+00:00,59346.70563436817
2022-03-04 04:00:00+00:00,57262.989440326404
2022-03-04 08:00:00+00:00,57262.989440326404
2022-03-04 12:00:00+00:00,57262.989440326404
2022-03-04 16:00:00+00:00,57262.989440326404
2022-03-04 20:00:00+00:00,57262.989440326404
2022-03-05 00:00:00+00:00,57262.989440326404
2022-03-05 04:00:00+00:00,57262.989440326404
2022-03-05 08:00:00+00:00,57262.989440326404
2022-03-05 12:00:00+00:00,57262.989440326404
2022-03-05 16:00:00+00:00,57262.989440326404
2022-03-05 20:00:00+00:00,57262.989440326404
2022-03-06 00:00:00+00:00,57262.989440326404
2022-03-06 04:00:00+00:00,57262.989440326404
2022-03-06 08:00:00+00:00,57262.989440326404
2022-03-06 12:00:00+00:00,57262.989440326404
2022-03-06 16:00:00+00:00,57262.989440326404
2022-03-06 20:00:00+00:00,57262.989440326404
2022-03-07 00:00:00+00:00,57262.989440326404
2022-03-07 04:00:00+00:00,57262.989440326404
2022-03-07 08:00:00+00:00,57262.989440326404
2022-03-07 12:00:00+00:00,57262.989440326404
2022-03-07 16:00:00+00:00,57262.989440326404
2022-03-07 20:00:00+00:00,57262.989440326404
2022-03-08 00:00:00+00:00,57262.989440326404
2022-03-08 04:00:00+00:00,57262.989440326404
2022-03-08 08:00:00+00:00,57262.989440326404
2022-03-08 12:00:00+00:00,57262.989440326404
2022-03-08 16:00:00+00:00,57262.989440326404
2022-03-08 20:00:00+00:00,57262.989440326404
2022-03-09 00:00:00+00:00,57262.989440326404
2022-03-09 04:00:00+00:00,57262.989440326404
2022-03-09 08:00:00+00:00,57262.989440326404
2022-03-09 12:00:00+00:00,57262.989440326404
2022-03-09 16:00:00+00:00,57262.989440326404
2022-03-09 20:00:00+00:00,57262.989440326404
2022-03-10 00:00:00+00:00,57262.989440326404
2022-03-10 04:00:00+00:00,57262.989440326404
2022-03-10 08:00:00+00:00,57262.989440326404
2022-03-10 12:00:00+00:00,57262.989440326404
2022-03-10 16:00:00+00:00,57262.989440326404
2022-03-10 20:00:00+00:00,57262.989440326404
2022-03-11 00:00:00+00:00,57262.989440326404
2022-03-11 04:00:00+00:00,57262.989440326404
2022-03-11 08:00:00+00:00,57262.989440326404
2022-03-11 12:00:00+00:00,57262.989440326404
2022-03-11 16:00:00+00:00,57262.989440326404
2022-03-11 20:00:00+00:00,57262.989440326404
2022-03-12 00:00:00+00:00,57262.989440326404
2022-03-12 04:00:00+00:00,57262.989440326404
2022-03-12 08:00:00+00:00,57262.989440326404
2022-03-12 12:00:00+00:00,57262.989440326404
2022-03-12 16:00:00+00:00,57262.989440326404
2022-03-12 20:00:00+00:00,57262.989440326404
2022-03-13 00:00:00+00:00,57262.989440326404
2022-03-13 04:00:00+00:00,57262.989440326404
2022-03-13 08:00:00+00:00,57262.989440326404
2022-03-13 12:00:00+00:00,57262.989440326404
2022-03-13 16:00:00+00:00,57262.989440326404
2022-03-13 20:00:00+00:00,57262.989440326404
2022-03-14 00:00:00+00:00,57262.989440326404
2022-03-14 04:00:00+00:00,57262.989440326404
2022-03-14 08:00:00+00:00,57262.989440326404
2022-03-14 12:00:00+00:00,57262.989440326404
2022-03-14 16:00:00+00:00,57262.989440326404
2022-03-14 20:00:00+00:00,57262.989440326404
2022-03-15 00:00:00+00:00,57262.989440326404
2022-03-15 04:00:00+00:00,57262.989440326404
2022-03-15 08:00:00+00:00,57262.989440326404
2022-03-15 12:00:00+00:00,57262.989440326404
2022-03-15 16:00:00+00:00,57262.989440326404
2022-03-15 20:00:00+00:00,57262.989440326404
2022-03-16 00:00:00+00:00,57262.989440326404
2022-03-16 04:00:00+00:00,57262.989440326404
2022-03-16 08:00:00+00:00,57262.989440326404
2022-03-16 12:00:00+00:00,57262.989440326404
2022-03-16 16:00:00+00:00,57262.989440326404
2022-03-16 20:00:00+00:00,57262.989440326404
2022-03-17 00:00:00+00:00,57262.989440326404
2022-03-17 04:00:00+00:00,57262.989440326404
2022-03-17 08:00:00+00:00,57262.989440326404
2022-03-17 12:00:00+00:00,57262.989440326404
2022-03-17 16:00:00+00:00,57262.989440326404
2022-03-17 20:00:00+00:00,57262.989440326404
2022-03-18 00:00:00+00:00,57262.989440326404
2022-03-18 04:00:00+00:00,57262.989440326404
2022-03-18 08:00:00+00:00,57262.989440326404
2022-03-18 12:00:00+00:00,57262.989440326404
2022-03-18 16:00:00+00:00,57262.989440326404
2022-03-18 20:00:00+00:00,57262.989440326404
2022-03-19 00:00:00+00:00,57262.989440326404
2022-03-19 04:00:00+00:00,57262.989440326404
2022-03-19 08:00:00+00:00,57262.989440326404
2022-03-19 12:00:00+00:00,57501.5440463224
2022-03-19 16:00:00+00:00,57903.942693658
2022-03-19 20:00:00+00:00,58096.303387782405
2022-03-20 00:00:00+00:00,58465.961965978015
2022-03-20 04:00:00+00:00,57886.470316178835
2022-03-20 08:00:00+00:00,57745.30231617884
2022-03-20 12:00:00+00:00,57211.87318137883
2022-03-20 16:00:00+00:00,56705.16024194683
2022-03-20 20:00:00+00:00,56745.255829985676
2022-03-21 00:00:00+00:00,56524.52782998568
2022-03-21 04:00:00+00:00,55604.69260072052
2022-03-21 08:00:00+00:00,55572.714905848574
2022-03-21 12:00:00+00:00,55572.714905848574
2022-03-21 16:00:00+00:00,55559.67955983577
2022-03-21 20:00:00+00:00,55546.29089600965
2022-03-22 00:00:00+00:00,55546.29089600965
2022-03-22 04:00:00+00:00,56461.66593476965
2022-03-22 08:00:00+00:00,56393.83595182554
2022-03-22 12:00:00+00:00,58179.11948051247
2022-03-22 16:00:00+00:00,56984.06783803968
2022-03-22 20:00:00+00:00,56291.4005052862
2022-03-23 00:00:00+00:00,56476.092615468
2022-03-23 04:00:00+00:00,55849.58577379828
2022-03-23 08:00:00+00:00,55915.599575029904
2022-03-23 12:00:00+00:00,55752.5568922031
2022-03-23 16:00:00+00:00,56993.75012312492
2022-03-23 20:00:00+00:00,56108.244634087416
2022-03-24 00:00:00+00:00,57595.15142072323
2022-03-24 04:00:00+00:00,57213.02864546947
2022-03-24 08:00:00+00:00,58004.35214546947
2022-03-24 12:00:00+00:00,57740.91804722787
2022-03-24 16:00:00+00:00,60000.55793483428
2022-03-24 20:00:00+00:00,59743.50347268554
2022-03-25 00:00:00+00:00,59994.60662178813
2022-03-25 04:00:00+00:00,59968.915342282155
2022-03-25 08:00:00+00:00,59786.465542282145
2022-03-25 12:00:00+00:00,61774.67264244723
2022-03-25 16:00:00+00:00,61053.45609116159
2022-03-25 20:00:00+00:00,61393.75215387962
2022-03-26 00:00:00+00:00,60951.93998668421
2022-03-26 04:00:00+00:00,61200.79388554823
2022-03-26 08:00:00+00:00,61538.81179820904
2022-03-26 12:00:00+00:00,61058.87762226336
2022-03-26 16:00:00+00:00,60652.48442226335
2022-03-26 20:00:00+00:00,61045.592685980635
2022-03-27 00:00:00+00:00,61465.720002016904
2022-03-27 04:00:00+00:00,62048.64602944193
2022-03-27 08:00:00+00:00,62142.900740792145
2022-03-27 12:00:00+00:00,61513.631672112315
2022-03-27 16:00:00+00:00,62378.98008560571
2022-03-27 20:00:00+00:00,62281.550341798735
2022-03-28 00:00:00+00:00,68582.12960264318
2022-03-28 04:00:00+00:00,69425.20887294348
2022-03-28 08:00:00+00:00,69203.5020298947
2022-03-28 12:00:00+00:00,70235.84439867234
2022-03-28 16:00:00+00:00,70893.47169867235
2022-03-28 20:00:00+00:00,72970.34312574235
2022-03-29 00:00:00+00:00,69703.87766881658
2022-03-29 04:00:00+00:00,70264.49746657517
2022-03-29 08:00:00+00:00,70281.15178264251
2022-03-29 12:00:00+00:00,71792.39347642622
2022-03-29 16:00:00+00:00,69993.19022863865
2022-03-29 20:00:00+00:00,70772.44074366399
2022-03-30 00:00:00+00:00,69958.39254366401
2022-03-30 04:00:00+00:00,69917.04663956884
2022-03-30 08:00:00+00:00,69815.45867758733
2022-03-30 12:00:00+00:00,69621.70380644222
2022-03-30 16:00:00+00:00,69159.47280644222
2022-03-30 20:00:00+00:00,68844.8389771617
2022-03-31 00:00:00+00:00,68831.08416579713
2022-03-31 04:00:00+00:00,68930.18037741713
2022-03-31 08:00:00+00:00,69106.17217991222
2022-03-31 12:00:00+00:00,69087.35779290811
2022-03-31 16:00:00+00:00,67012.1977293773
2022-03-31 20:00:00+00:00,66592.9089527023
2022-04-01 00:00:00+00:00,66592.9089527023
2022-04-01 04:00:00+00:00,66592.9089527023
2022-04-01 08:00:00+00:00,66592.9089527023
2022-04-01 12:00:00+00:00,66592.9089527023
2022-04-01 16:00:00+00:00,66592.9089527023
2022-04-01 20:00:00+00:00,66156.93552405815
2022-04-02 00:00:00+00:00,65952.60401646432
2022-04-02 04:00:00+00:00,66713.86862474715
2022-04-02 08:00:00+00:00,66731.0737502051
2022-04-02 12:00:00+00:00,66605.69170177271
2022-04-02 16:00:00+00:00,65968.89857598192
2022-04-02 20:00:00+00:00,65526.62328673404
2022-04-03 00:00:00+00:00,65441.87450953889
2022-04-03 04:00:00+00:00,65441.87450953889
2022-04-03 08:00:00+00:00,65441.87450953889
2022-04-03 12:00:00+00:00,65108.08905298889
2022-04-03 16:00:00+00:00,65524.60265278141
2022-04-03 20:00:00+00:00,65501.45201658389
2022-04-04 00:00:00+00:00,65515.647104238895
2022-04-04 04:00:00+00:00,64442.968384337386
2022-04-04 08:00:00+00:00,64530.2454087765
2022-04-04 12:00:00+00:00,64522.24589839356
2022-04-04 16:00:00+00:00,64108.384270468196
2022-04-04 20:00:00+00:00,64327.47737498101
2022-04-05 00:00:00+00:00,64311.634119989925
2022-04-05 04:00:00+00:00,64311.634119989925
2022-04-05 08:00:00+00:00,64311.634119989925
2022-04-05 12:00:00+00:00,64311.634119989925
2022-04-05 16:00:00+00:00,64311.634119989925
2022-04-05 20:00:00+00:00,64311.634119989925
2022-04-06 00:00:00+00:00,64311.634119989925
2022-04-06 04:00:00+00:00,64311.634119989925
2022-04-06 08:00:00+00:00,64311.634119989925
2022-04-06 12:00:00+00:00,64311.634119989925
2022-04-06 16:00:00+00:00,64311.634119989925
2022-04-06 20:00:00+00:00,64311.634119989925
2022-04-07 00:00:00+00:00,64311.634119989925
2022-04-07 04:00:00+00:00,64423.17647166928
2022-04-07 08:00:00+00:00,64406.1507031294
2022-04-07 12:00:00+00:00,64406.1507031294
2022-04-07 16:00:00+00:00,64406.1507031294
2022-04-07 20:00:00+00:00,64406.1507031294
2022-04-08 00:00:00+00:00,64406.1507031294
2022-04-08 04:00:00+00:00,64406.1507031294
2022-04-08 08:00:00+00:00,64406.1507031294
2022-04-08 12:00:00+00:00,64406.1507031294
2022-04-08 16:00:00+00:00,64406.1507031294
2022-04-08 20:00:00+00:00,64406.1507031294
2022-04-09 00:00:00+00:00,64406.1507031294
2022-04-09 04:00:00+00:00,64406.1507031294
2022-04-09 08:00:00+00:00,64406.1507031294
2022-04-09 12:00:00+00:00,64406.1507031294
2022-04-09 16:00:00+00:00,64406.1507031294
2022-04-09 20:00:00+00:00,64406.1507031294
2022-04-10 00:00:00+00:00,64406.1507031294
2022-04-10 04:00:00+00:00,64406.1507031294
2022-04-10 08:00:00+00:00,64406.1507031294
2022-04-10 12:00:00+00:00,64406.1507031294
2022-04-10 16:00:00+00:00,64406.1507031294
2022-04-10 20:00:00+00:00,64406.1507031294
2022-04-11 00:00:00+00:00,64406.1507031294
2022-04-11 04:00:00+00:00,64406.1507031294
2022-04-11 08:00:00+00:00,64406.1507031294
2022-04-11 12:00:00+00:00,64406.1507031294
2022-04-11 16:00:00+00:00,64406.1507031294
2022-04-11 20:00:00+00:00,64406.1507031294
2022-04-12 00:00:00+00:00,64406.1507031294
2022-04-12 04:00:00+00:00,64406.1507031294
2022-04-12 08:00:00+00:00,64406.1507031294
2022-04-12 12:00:00+00:00,64406.1507031294
2022-04-12 16:00:00+00:00,64406.1507031294
2022-04-12 20:00:00+00:00,64406.1507031294
2022-04-13 00:00:00+00:00,64406.1507031294
2022-04-13 04:00:00+00:00,64406.1507031294
2022-04-13 08:00:00+00:00,64406.1507031294
2022-04-13 12:00:00+00:00,64406.1507031294
2022-04-13 16:00:00+00:00,64406.1507031294
2022-04-13 20:00:00+00:00,64406.1507031294
2022-04-14 00:00:00+00:00,64406.1507031294
2022-04-14 04:00:00+00:00,64406.1507031294
2022-04-14 08:00:00+00:00,64406.1507031294
2022-04-14 12:00:00+00:00,64406.1507031294
2022-04-14 16:00:00+00:00,64406.1507031294
2022-04-14 20:00:00+00:00,64406.1507031294
2022-04-15 00:00:00+00:00,64406.1507031294
2022-04-15 04:00:00+00:00,64406.1507031294
2022-04-15 08:00:00+00:00,64406.1507031294
2022-04-15 12:00:00+00:00,64406.1507031294
2022-04-15 16:00:00+00:00,64406.1507031294
2022-04-15 20:00:00+00:00,64406.1507031294
2022-04-16 00:00:00+00:00,64406.1507031294
2022-04-16 04:00:00+00:00,64406.1507031294
2022-04-16 08:00:00+00:00,64406.1507031294
2022-04-16 12:00:00+00:00,64406.1507031294
2022-04-16 16:00:00+00:00,64406.1507031294
2022-04-16 20:00:00+00:00,64406.1507031294
2022-04-17 00:00:00+00:00,64406.1507031294
2022-04-17 04:00:00+00:00,64406.1507031294
2022-04-17 08:00:00+00:00,64406.1507031294
2022-04-17 12:00:00+00:00,64406.1507031294
2022-04-17 16:00:00+00:00,64406.1507031294
2022-04-17 20:00:00+00:00,64406.1507031294
2022-04-18 00:00:00+00:00,64406.1507031294
2022-04-18 04:00:00+00:00,64406.1507031294
2022-04-18 08:00:00+00:00,64406.1507031294
2022-04-18 12:00:00+00:00,64406.1507031294
2022-04-18 16:00:00+00:00,64406.1507031294
2022-04-18 20:00:00+00:00,64406.1507031294
2022-04-19 00:00:00+00:00,64406.1507031294
2022-04-19 04:00:00+00:00,64406.1507031294
2022-04-19 08:00:00+00:00,64406.1507031294
2022-04-19 12:00:00+00:00,64406.1507031294
2022-04-19 16:00:00+00:00,64406.1507031294
2022-04-19 20:00:00+00:00,64406.1507031294
2022-04-20 00:00:00+00:00,64406.1507031294
2022-04-20 04:00:00+00:00,64406.1507031294
2022-04-20 08:00:00+00:00,64406.1507031294
2022-04-20 12:00:00+00:00,64406.1507031294
2022-04-20 16:00:00+00:00,64406.1507031294
2022-04-20 20:00:00+00:00,64406.1507031294
2022-04-21 00:00:00+00:00,64406.1507031294
2022-04-21 04:00:00+00:00,64406.1507031294
2022-04-21 08:00:00+00:00,64406.1507031294
2022-04-21 12:00:00+00:00,64406.1507031294
2022-04-21 16:00:00+00:00,64406.1507031294
2022-04-21 20:00:00+00:00,64406.1507031294
2022-04-22 00:00:00+00:00,64406.1507031294
2022-04-22 04:00:00+00:00,64406.1507031294
2022-04-22 08:00:00+00:00,64406.1507031294
2022-04-22 12:00:00+00:00,64406.1507031294
2022-04-22 16:00:00+00:00,64406.1507031294
2022-04-22 20:00:00+00:00,64406.1507031294
2022-04-23 00:00:00+00:00,64406.1507031294
2022-04-23 04:00:00+00:00,64406.1507031294
2022-04-23 08:00:00+00:00,64406.1507031294
2022-04-23 12:00:00+00:00,64406.1507031294
2022-04-23 16:00:00+00:00,64406.1507031294
2022-04-23 20:00:00+00:00,64406.1507031294
2022-04-24 00:00:00+00:00,64406.1507031294
2022-04-24 04:00:00+00:00,64406.1507031294
2022-04-24 08:00:00+00:00,64406.1507031294
2022-04-24 12:00:00+00:00,64406.1507031294
2022-04-24 16:00:00+00:00,64406.1507031294
2022-04-24 20:00:00+00:00,64406.1507031294
2022-04-25 00:00:00+00:00,64406.1507031294
2022-04-25 04:00:00+00:00,64406.1507031294
2022-04-25 08:00:00+00:00,64406.1507031294
2022-04-25 12:00:00+00:00,64406.1507031294
2022-04-25 16:00:00+00:00,64406.1507031294
2022-04-25 20:00:00+00:00,64406.1507031294
2022-04-26 00:00:00+00:00,64406.1507031294
2022-04-26 04:00:00+00:00,64406.1507031294
2022-04-26 08:00:00+00:00,64406.1507031294
2022-04-26 12:00:00+00:00,64406.1507031294
2022-04-26 16:00:00+00:00,64406.1507031294
2022-04-26 20:00:00+00:00,64406.1507031294
2022-04-27 00:00:00+00:00,64406.1507031294
2022-04-27 04:00:00+00:00,64406.1507031294
2022-04-27 08:00:00+00:00,64406.1507031294
2022-04-27 12:00:00+00:00,64406.1507031294
2022-04-27 16:00:00+00:00,64406.1507031294
2022-04-27 20:00:00+00:00,64406.1507031294
2022-04-28 00:00:00+00:00,64406.1507031294
2022-04-28 04:00:00+00:00,64406.1507031294
2022-04-28 08:00:00+00:00,64406.1507031294
2022-04-28 12:00:00+00:00,64406.1507031294
2022-04-28 16:00:00+00:00,64406.1507031294
2022-04-28 20:00:00+00:00,64406.1507031294
2022-04-29 00:00:00+00:00,64406.1507031294
2022-04-29 04:00:00+00:00,64406.1507031294
2022-04-29 08:00:00+00:00,64406.1507031294
2022-04-29 12:00:00+00:00,64406.1507031294
2022-04-29 16:00:00+00:00,64406.1507031294
2022-04-29 20:00:00+00:00,64406.1507031294
2022-04-30 00:00:00+00:00,64406.1507031294
2022-04-30 04:00:00+00:00,64406.1507031294
2022-04-30 08:00:00+00:00,64406.1507031294
2022-04-30 12:00:00+00:00,64406.1507031294
2022-04-30 16:00:00+00:00,64406.1507031294
2022-04-30 20:00:00+00:00,64406.1507031294
2022-05-01 00:00:00+00:00,64406.1507031294
2022-05-01 04:00:00+00:00,64406.1507031294
2022-05-01 08:00:00+00:00,64406.1507031294
2022-05-01 12:00:00+00:00,64406.1507031294
2022-05-01 16:00:00+00:00,64406.1507031294
2022-05-01 20:00:00+00:00,64406.1507031294
2022-05-02 00:00:00+00:00,64406.1507031294
2022-05-02 04:00:00+00:00,64406.1507031294
2022-05-02 08:00:00+00:00,64406.1507031294
2022-05-02 12:00:00+00:00,64406.1507031294
2022-05-02 16:00:00+00:00,64406.1507031294
2022-05-02 20:00:00+00:00,64406.1507031294
2022-05-03 00:00:00+00:00,64406.1507031294
2022-05-03 04:00:00+00:00,64406.1507031294
2022-05-03 08:00:00+00:00,64406.1507031294
2022-05-03 12:00:00+00:00,64406.1507031294
2022-05-03 16:00:00+00:00,64406.1507031294
2022-05-03 20:00:00+00:00,64406.1507031294
2022-05-04 00:00:00+00:00,64406.1507031294
2022-05-04 04:00:00+00:00,64406.1507031294
2022-05-04 08:00:00+00:00,64406.1507031294
2022-05-04 12:00:00+00:00,64406.1507031294
2022-05-04 16:00:00+00:00,64406.1507031294
2022-05-04 20:00:00+00:00,64406.1507031294
2022-05-05 00:00:00+00:00,64406.1507031294
2022-05-05 04:00:00+00:00,64406.1507031294
2022-05-05 08:00:00+00:00,64406.1507031294
2022-05-05 12:00:00+00:00,64406.1507031294
2022-05-05 16:00:00+00:00,64406.1507031294
2022-05-05 20:00:00+00:00,64406.1507031294
2022-05-06 00:00:00+00:00,64406.1507031294
2022-05-06 04:00:00+00:00,64406.1507031294
2022-05-06 08:00:00+00:00,64406.1507031294
2022-05-06 12:00:00+00:00,64406.1507031294
2022-05-06 16:00:00+00:00,64406.1507031294
2022-05-06 20:00:00+00:00,64406.1507031294
2022-05-07 00:00:00+00:00,64406.1507031294
2022-05-07 04:00:00+00:00,64406.1507031294
2022-05-07 08:00:00+00:00,64406.1507031294
2022-05-07 12:00:00+00:00,64406.1507031294
2022-05-07 16:00:00+00:00,64406.1507031294
2022-05-07 20:00:00+00:00,64406.1507031294
2022-05-08 00:00:00+00:00,64406.1507031294
2022-05-08 04:00:00+00:00,64406.1507031294
2022-05-08 08:00:00+00:00,64406.1507031294
2022-05-08 12:00:00+00:00,64406.1507031294
2022-05-08 16:00:00+00:00,64406.1507031294
2022-05-08 20:00:00+00:00,64406.1507031294
2022-05-09 00:00:00+00:00,64406.1507031294
2022-05-09 04:00:00+00:00,64406.1507031294
2022-05-09 08:00:00+00:00,64406.1507031294
2022-05-09 12:00:00+00:00,64406.1507031294
2022-05-09 16:00:00+00:00,64406.1507031294
2022-05-09 20:00:00+00:00,64406.1507031294
2022-05-10 00:00:00+00:00,64406.1507031294
2022-05-10 04:00:00+00:00,64406.1507031294
2022-05-10 08:00:00+00:00,64406.1507031294
2022-05-10 12:00:00+00:00,64406.1507031294
2022-05-10 16:00:00+00:00,64406.1507031294
2022-05-10 20:00:00+00:00,64406.1507031294
2022-05-11 00:00:00+00:00,64406.1507031294
2022-05-11 04:00:00+00:00,64406.1507031294
2022-05-11 08:00:00+00:00,64406.1507031294
2022-05-11 12:00:00+00:00,64406.1507031294
2022-05-11 16:00:00+00:00,64406.1507031294
2022-05-11 20:00:00+00:00,64406.1507031294
2022-05-12 00:00:00+00:00,64406.1507031294
2022-05-12 04:00:00+00:00,64406.1507031294
2022-05-12 08:00:00+00:00,64406.1507031294
2022-05-12 12:00:00+00:00,64406.1507031294
2022-05-12 16:00:00+00:00,64406.1507031294
2022-05-12 20:00:00+00:00,64406.1507031294
2022-05-13 00:00:00+00:00,64406.1507031294
2022-05-13 04:00:00+00:00,64406.1507031294
2022-05-13 08:00:00+00:00,64406.1507031294
2022-05-13 12:00:00+00:00,64406.1507031294
2022-05-13 16:00:00+00:00,64406.1507031294
2022-05-13 20:00:00+00:00,64406.1507031294
2022-05-14 00:00:00+00:00,64406.1507031294
2022-05-14 04:00:00+00:00,64406.1507031294
2022-05-14 08:00:00+00:00,64406.1507031294
2022-05-14 12:00:00+00:00,64406.1507031294
2022-05-14 16:00:00+00:00,64406.1507031294
2022-05-14 20:00:00+00:00,64406.1507031294
2022-05-15 00:00:00+00:00,64406.1507031294
2022-05-15 04:00:00+00:00,64406.1507031294
2022-05-15 08:00:00+00:00,64406.1507031294
2022-05-15 12:00:00+00:00,64406.1507031294
2022-05-15 16:00:00+00:00,64406.1507031294
2022-05-15 20:00:00+00:00,64406.1507031294
2022-05-16 00:00:00+00:00,64406.1507031294
2022-05-16 04:00:00+00:00,64406.1507031294
2022-05-16 08:00:00+00:00,64406.1507031294
2022-05-16 12:00:00+00:00,64406.1507031294
2022-05-16 16:00:00+00:00,64406.1507031294
2022-05-16 20:00:00+00:00,64406.1507031294
2022-05-17 00:00:00+00:00,64406.1507031294
2022-05-17 04:00:00+00:00,64406.1507031294
2022-05-17 08:00:00+00:00,64406.1507031294
2022-05-17 12:00:00+00:00,64406.1507031294
2022-05-17 16:00:00+00:00,64406.1507031294
2022-05-17 20:00:00+00:00,64406.1507031294
2022-05-18 00:00:00+00:00,64406.1507031294
2022-05-18 04:00:00+00:00,64406.1507031294
2022-05-18 08:00:00+00:00,64406.1507031294
2022-05-18 12:00:00+00:00,64406.1507031294
2022-05-18 16:00:00+00:00,64406.1507031294
2022-05-18 20:00:00+00:00,64406.1507031294
2022-05-19 00:00:00+00:00,64406.1507031294
2022-05-19 04:00:00+00:00,64406.1507031294
2022-05-19 08:00:00+00:00,64406.1507031294
2022-05-19 12:00:00+00:00,64406.1507031294
2022-05-19 16:00:00+00:00,64406.1507031294
2022-05-19 20:00:00+00:00,64406.1507031294
2022-05-20 00:00:00+00:00,64406.1507031294
2022-05-20 04:00:00+00:00,64406.1507031294
2022-05-20 08:00:00+00:00,64406.1507031294
2022-05-20 12:00:00+00:00,64406.1507031294
2022-05-20 16:00:00+00:00,64406.1507031294
2022-05-20 20:00:00+00:00,64406.1507031294
2022-05-21 00:00:00+00:00,64406.1507031294
2022-05-21 04:00:00+00:00,64406.1507031294
2022-05-21 08:00:00+00:00,64406.1507031294
2022-05-21 12:00:00+00:00,64406.1507031294
2022-05-21 16:00:00+00:00,64406.1507031294
2022-05-21 20:00:00+00:00,64406.1507031294
2022-05-22 00:00:00+00:00,64406.1507031294
2022-05-22 04:00:00+00:00,64406.1507031294
2022-05-22 08:00:00+00:00,64406.1507031294
2022-05-22 12:00:00+00:00,64406.1507031294
2022-05-22 16:00:00+00:00,64406.1507031294
2022-05-22 20:00:00+00:00,64406.1507031294
2022-05-23 00:00:00+00:00,64406.1507031294
2022-05-23 04:00:00+00:00,64406.1507031294
2022-05-23 08:00:00+00:00,64406.1507031294
2022-05-23 12:00:00+00:00,64406.1507031294
2022-05-23 16:00:00+00:00,64406.1507031294
2022-05-23 20:00:00+00:00,64406.1507031294
2022-05-24 00:00:00+00:00,64406.1507031294
2022-05-24 04:00:00+00:00,64406.1507031294
2022-05-24 08:00:00+00:00,64406.1507031294
2022-05-24 12:00:00+00:00,64406.1507031294
2022-05-24 16:00:00+00:00,64406.1507031294
2022-05-24 20:00:00+00:00,64406.1507031294
2022-05-25 00:00:00+00:00,64406.1507031294
2022-05-25 04:00:00+00:00,64406.1507031294
2022-05-25 08:00:00+00:00,64406.1507031294
2022-05-25 12:00:00+00:00,64406.1507031294
2022-05-25 16:00:00+00:00,64406.1507031294
2022-05-25 20:00:00+00:00,64406.1507031294
2022-05-26 00:00:00+00:00,64406.1507031294
2022-05-26 04:00:00+00:00,64406.1507031294
2022-05-26 08:00:00+00:00,64406.1507031294
2022-05-26 12:00:00+00:00,64406.1507031294
2022-05-26 16:00:00+00:00,64406.1507031294
2022-05-26 20:00:00+00:00,64406.1507031294
2022-05-27 00:00:00+00:00,64406.1507031294
2022-05-27 04:00:00+00:00,64406.1507031294
2022-05-27 08:00:00+00:00,64406.1507031294
2022-05-27 12:00:00+00:00,64406.1507031294
2022-05-27 16:00:00+00:00,64406.1507031294
2022-05-27 20:00:00+00:00,64406.1507031294
2022-05-28 00:00:00+00:00,64406.1507031294
2022-05-28 04:00:00+00:00,64406.1507031294
2022-05-28 08:00:00+00:00,64406.1507031294
2022-05-28 12:00:00+00:00,64406.1507031294
2022-05-28 16:00:00+00:00,64406.1507031294
2022-05-28 20:00:00+00:00,64406.1507031294
2022-05-29 00:00:00+00:00,64406.1507031294
2022-05-29 04:00:00+00:00,64406.1507031294
2022-05-29 08:00:00+00:00,64406.1507031294
2022-05-29 12:00:00+00:00,64406.1507031294
2022-05-29 16:00:00+00:00,64406.1507031294
2022-05-29 20:00:00+00:00,64406.1507031294
2022-05-30 00:00:00+00:00,64406.1507031294
2022-05-30 04:00:00+00:00,64406.1507031294
2022-05-30 08:00:00+00:00,64406.1507031294
2022-05-30 12:00:00+00:00,64406.1507031294
2022-05-30 16:00:00+00:00,64406.1507031294
2022-05-30 20:00:00+00:00,64406.1507031294
2022-05-31 00:00:00+00:00,64406.1507031294
2022-05-31 04:00:00+00:00,64406.1507031294
2022-05-31 08:00:00+00:00,64406.1507031294
2022-05-31 12:00:00+00:00,64406.1507031294
2022-05-31 16:00:00+00:00,64406.1507031294
2022-05-31 20:00:00+00:00,64406.1507031294
2022-06-01 00:00:00+00:00,64406.1507031294
2022-06-01 04:00:00+00:00,64406.1507031294
2022-06-01 08:00:00+00:00,64406.1507031294
2022-06-01 12:00:00+00:00,64406.1507031294
2022-06-01 16:00:00+00:00,64406.1507031294
2022-06-01 20:00:00+00:00,64406.1507031294
2022-06-02 00:00:00+00:00,64406.1507031294
2022-06-02 04:00:00+00:00,64406.1507031294
2022-06-02 08:00:00+00:00,64406.1507031294
2022-06-02 12:00:00+00:00,64406.1507031294
2022-06-02 16:00:00+00:00,64406.1507031294
2022-06-02 20:00:00+00:00,64406.1507031294
2022-06-03 00:00:00+00:00,64406.1507031294
2022-06-03 04:00:00+00:00,64406.1507031294
2022-06-03 08:00:00+00:00,64406.1507031294
2022-06-03 12:00:00+00:00,64406.1507031294
2022-06-03 16:00:00+00:00,64406.1507031294
2022-06-03 20:00:00+00:00,64406.1507031294
2022-06-04 00:00:00+00:00,64406.1507031294
2022-06-04 04:00:00+00:00,64406.1507031294
2022-06-04 08:00:00+00:00,64406.1507031294
2022-06-04 12:00:00+00:00,64406.1507031294
2022-06-04 16:00:00+00:00,64406.1507031294
2022-06-04 20:00:00+00:00,64406.1507031294
2022-06-05 00:00:00+00:00,64406.1507031294
2022-06-05 04:00:00+00:00,64406.1507031294
2022-06-05 08:00:00+00:00,64406.1507031294
2022-06-05 12:00:00+00:00,64406.1507031294
2022-06-05 16:00:00+00:00,64406.1507031294
2022-06-05 20:00:00+00:00,64406.1507031294
2022-06-06 00:00:00+00:00,64406.1507031294
2022-06-06 04:00:00+00:00,64406.1507031294
2022-06-06 08:00:00+00:00,64406.1507031294
2022-06-06 12:00:00+00:00,64406.1507031294
2022-06-06 16:00:00+00:00,64406.1507031294
2022-06-06 20:00:00+00:00,64406.1507031294
2022-06-07 00:00:00+00:00,64406.1507031294
2022-06-07 04:00:00+00:00,64406.1507031294
2022-06-07 08:00:00+00:00,64406.1507031294
2022-06-07 12:00:00+00:00,64406.1507031294
2022-06-07 16:00:00+00:00,64406.1507031294
2022-06-07 20:00:00+00:00,64406.1507031294
2022-06-08 00:00:00+00:00,64406.1507031294
2022-06-08 04:00:00+00:00,64406.1507031294
2022-06-08 08:00:00+00:00,64406.1507031294
2022-06-08 12:00:00+00:00,64406.1507031294
2022-06-08 16:00:00+00:00,64406.1507031294
2022-06-08 20:00:00+00:00,64406.1507031294
2022-06-09 00:00:00+00:00,64406.1507031294
2022-06-09 04:00:00+00:00,64406.1507031294
2022-06-09 08:00:00+00:00,64406.1507031294
2022-06-09 12:00:00+00:00,64406.1507031294
2022-06-09 16:00:00+00:00,64406.1507031294
2022-06-09 20:00:00+00:00,64406.1507031294
2022-06-10 00:00:00+00:00,64406.1507031294
2022-06-10 04:00:00+00:00,64406.1507031294
2022-06-10 08:00:00+00:00,64406.1507031294
2022-06-10 12:00:00+00:00,64406.1507031294
2022-06-10 16:00:00+00:00,64406.1507031294
2022-06-10 20:00:00+00:00,64406.1507031294
2022-06-11 00:00:00+00:00,64406.1507031294
2022-06-11 04:00:00+00:00,64406.1507031294
2022-06-11 08:00:00+00:00,64406.1507031294
2022-06-11 12:00:00+00:00,64406.1507031294
2022-06-11 16:00:00+00:00,64406.1507031294
2022-06-11 20:00:00+00:00,64406.1507031294
2022-06-12 00:00:00+00:00,64406.1507031294
2022-06-12 04:00:00+00:00,64406.1507031294
2022-06-12 08:00:00+00:00,64406.1507031294
2022-06-12 12:00:00+00:00,64406.1507031294
2022-06-12 16:00:00+00:00,64406.1507031294
2022-06-12 20:00:00+00:00,64406.1507031294
2022-06-13 00:00:00+00:00,64406.1507031294
2022-06-13 04:00:00+00:00,64406.1507031294
2022-06-13 08:00:00+00:00,64406.1507031294
2022-06-13 12:00:00+00:00,64406.1507031294
2022-06-13 16:00:00+00:00,64406.1507031294
2022-06-13 20:00:00+00:00,64406.1507031294
2022-06-14 00:00:00+00:00,64406.1507031294
2022-06-14 04:00:00+00:00,64406.1507031294
2022-06-14 08:00:00+00:00,64406.1507031294
2022-06-14 12:00:00+00:00,64406.1507031294
2022-06-14 16:00:00+00:00,64406.1507031294
2022-06-14 20:00:00+00:00,64406.1507031294
2022-06-15 00:00:00+00:00,64406.1507031294
2022-06-15 04:00:00+00:00,64406.1507031294
2022-06-15 08:00:00+00:00,64406.1507031294
2022-06-15 12:00:00+00:00,64406.1507031294
2022-06-15 16:00:00+00:00,64406.1507031294
2022-06-15 20:00:00+00:00,64406.1507031294
2022-06-16 00:00:00+00:00,64406.1507031294
2022-06-16 04:00:00+00:00,64406.1507031294
2022-06-16 08:00:00+00:00,64406.1507031294
2022-06-16 12:00:00+00:00,64406.1507031294
2022-06-16 16:00:00+00:00,64406.1507031294
2022-06-16 20:00:00+00:00,64406.1507031294
2022-06-17 00:00:00+00:00,64406.1507031294
2022-06-17 04:00:00+00:00,64406.1507031294
2022-06-17 08:00:00+00:00,64406.1507031294
2022-06-17 12:00:00+00:00,64406.1507031294
2022-06-17 16:00:00+00:00,64406.1507031294
2022-06-17 20:00:00+00:00,64406.1507031294
2022-06-18 00:00:00+00:00,64406.1507031294
2022-06-18 04:00:00+00:00,64406.1507031294
2022-06-18 08:00:00+00:00,64406.1507031294
2022-06-18 12:00:00+00:00,64406.1507031294
2022-06-18 16:00:00+00:00,64406.1507031294
2022-06-18 20:00:00+00:00,64406.1507031294
2022-06-19 00:00:00+00:00,64406.1507031294
2022-06-19 04:00:00+00:00,64406.1507031294
2022-06-19 08:00:00+00:00,64406.1507031294
2022-06-19 12:00:00+00:00,64406.1507031294
2022-06-19 16:00:00+00:00,64406.1507031294
2022-06-19 20:00:00+00:00,64406.1507031294
2022-06-20 00:00:00+00:00,64406.1507031294
2022-06-20 04:00:00+00:00,64406.1507031294
2022-06-20 08:00:00+00:00,64406.1507031294
2022-06-20 12:00:00+00:00,64406.1507031294
2022-06-20 16:00:00+00:00,64406.1507031294
2022-06-20 20:00:00+00:00,64406.1507031294
2022-06-21 00:00:00+00:00,64406.1507031294
2022-06-21 04:00:00+00:00,64406.1507031294
2022-06-21 08:00:00+00:00,64406.1507031294
2022-06-21 12:00:00+00:00,64406.1507031294
2022-06-21 16:00:00+00:00,64406.1507031294
2022-06-21 20:00:00+00:00,64406.1507031294
2022-06-22 00:00:00+00:00,64406.1507031294
2022-06-22 04:00:00+00:00,64406.1507031294
2022-06-22 08:00:00+00:00,64406.1507031294
2022-06-22 12:00:00+00:00,64406.1507031294
2022-06-22 16:00:00+00:00,64406.1507031294
2022-06-22 20:00:00+00:00,64406.1507031294
2022-06-23 00:00:00+00:00,64406.1507031294
2022-06-23 04:00:00+00:00,64406.1507031294
2022-06-23 08:00:00+00:00,64406.1507031294
2022-06-23 12:00:00+00:00,64406.1507031294
2022-06-23 16:00:00+00:00,64406.1507031294
2022-06-23 20:00:00+00:00,64406.1507031294
2022-06-24 00:00:00+00:00,64406.1507031294
2022-06-24 04:00:00+00:00,64406.1507031294
2022-06-24 08:00:00+00:00,64406.1507031294
2022-06-24 12:00:00+00:00,64406.1507031294
2022-06-24 16:00:00+00:00,64406.1507031294
2022-06-24 20:00:00+00:00,64406.1507031294
2022-06-25 00:00:00+00:00,64406.1507031294
2022-06-25 04:00:00+00:00,64406.1507031294
2022-06-25 08:00:00+00:00,64406.1507031294
2022-06-25 12:00:00+00:00,64406.1507031294
2022-06-25 16:00:00+00:00,64406.1507031294
2022-06-25 20:00:00+00:00,64406.1507031294
2022-06-26 00:00:00+00:00,64406.1507031294
2022-06-26 04:00:00+00:00,64406.1507031294
2022-06-26 08:00:00+00:00,64406.1507031294
2022-06-26 12:00:00+00:00,64406.1507031294
2022-06-26 16:00:00+00:00,64406.1507031294
2022-06-26 20:00:00+00:00,64406.1507031294
2022-06-27 00:00:00+00:00,64406.1507031294
2022-06-27 04:00:00+00:00,64406.1507031294
2022-06-27 08:00:00+00:00,64406.1507031294
2022-06-27 12:00:00+00:00,64406.1507031294
2022-06-27 16:00:00+00:00,64406.1507031294
2022-06-27 20:00:00+00:00,64406.1507031294
2022-06-28 00:00:00+00:00,64406.1507031294
2022-06-28 04:00:00+00:00,64406.1507031294
2022-06-28 08:00:00+00:00,64406.1507031294
2022-06-28 12:00:00+00:00,64406.1507031294
2022-06-28 16:00:00+00:00,64406.1507031294
2022-06-28 20:00:00+00:00,64406.1507031294
2022-06-29 00:00:00+00:00,64406.1507031294
2022-06-29 04:00:00+00:00,64406.1507031294
2022-06-29 08:00:00+00:00,64406.1507031294
2022-06-29 12:00:00+00:00,64406.1507031294
2022-06-29 16:00:00+00:00,64406.1507031294
2022-06-29 20:00:00+00:00,64406.1507031294
2022-06-30 00:00:00+00:00,64406.1507031294
2022-06-30 04:00:00+00:00,64406.1507031294
2022-06-30 08:00:00+00:00,64406.1507031294
2022-06-30 12:00:00+00:00,64406.1507031294
2022-06-30 16:00:00+00:00,64414.38646467817
2022-06-30 20:00:00+00:00,64375.005255366734
2022-07-01 00:00:00+00:00,64373.77893897483
2022-07-01 04:00:00+00:00,64373.77893897483
2022-07-01 08:00:00+00:00,64373.77893897483
2022-07-01 12:00:00+00:00,64373.77893897483
2022-07-01 16:00:00+00:00,64373.77893897483
2022-07-01 20:00:00+00:00,64373.77893897483
2022-07-02 00:00:00+00:00,64373.77893897483
2022-07-02 04:00:00+00:00,64373.77893897483
2022-07-02 08:00:00+00:00,64373.77893897483
2022-07-02 12:00:00+00:00,64373.77893897483
2022-07-02 16:00:00+00:00,64373.77893897483
2022-07-02 20:00:00+00:00,64373.77893897483
2022-07-03 00:00:00+00:00,64373.77893897483
2022-07-03 04:00:00+00:00,64373.77893897483
2022-07-03 08:00:00+00:00,64373.77893897483
2022-07-03 12:00:00+00:00,64373.77893897483
2022-07-03 16:00:00+00:00,64373.77893897483
2022-07-03 20:00:00+00:00,64373.77893897483
2022-07-04 00:00:00+00:00,64373.77893897483
2022-07-04 04:00:00+00:00,64373.77893897483
2022-07-04 08:00:00+00:00,64373.77893897483
2022-07-04 12:00:00+00:00,64373.77893897483
2022-07-04 16:00:00+00:00,64373.77893897483
2022-07-04 20:00:00+00:00,64373.77893897483
2022-07-05 00:00:00+00:00,64373.77893897483
2022-07-05 04:00:00+00:00,64373.77893897483
2022-07-05 08:00:00+00:00,64373.77893897483
2022-07-05 12:00:00+00:00,64373.77893897483
2022-07-05 16:00:00+00:00,64373.77893897483
2022-07-05 20:00:00+00:00,64373.77893897483
2022-07-06 00:00:00+00:00,64373.77893897483
2022-07-06 04:00:00+00:00,64373.77893897483
2022-07-06 08:00:00+00:00,64373.77893897483
2022-07-06 12:00:00+00:00,64373.77893897483
2022-07-06 16:00:00+00:00,64373.77893897483
2022-07-06 20:00:00+00:00,64373.77893897483
2022-07-07 00:00:00+00:00,64373.77893897483
2022-07-07 04:00:00+00:00,64373.77893897483
2022-07-07 08:00:00+00:00,64373.77893897483
2022-07-07 12:00:00+00:00,64373.77893897483
2022-07-07 16:00:00+00:00,64373.77893897483
2022-07-07 20:00:00+00:00,64373.77893897483
2022-07-08 00:00:00+00:00,64373.77893897483
2022-07-08 04:00:00+00:00,64373.77893897483
2022-07-08 08:00:00+00:00,64373.77893897483
2022-07-08 12:00:00+00:00,64373.77893897483
2022-07-08 16:00:00+00:00,64373.77893897483
2022-07-08 20:00:00+00:00,64373.77893897483
2022-07-09 00:00:00+00:00,64373.77893897483
2022-07-09 04:00:00+00:00,64373.77893897483
2022-07-09 08:00:00+00:00,64373.77893897483
2022-07-09 12:00:00+00:00,64373.77893897483
2022-07-09 16:00:00+00:00,64373.77893897483
2022-07-09 20:00:00+00:00,64373.77893897483
2022-07-10 00:00:00+00:00,64373.77893897483
2022-07-10 04:00:00+00:00,64373.77893897483
2022-07-10 08:00:00+00:00,64373.77893897483
2022-07-10 12:00:00+00:00,64373.77893897483
2022-07-10 16:00:00+00:00,64373.77893897483
2022-07-10 20:00:00+00:00,64373.77893897483
2022-07-11 00:00:00+00:00,64373.77893897483
2022-07-11 04:00:00+00:00,64373.77893897483
2022-07-11 08:00:00+00:00,64373.77893897483
2022-07-11 12:00:00+00:00,64373.77893897483
2022-07-11 16:00:00+00:00,64373.77893897483
2022-07-11 20:00:00+00:00,64373.77893897483
2022-07-12 00:00:00+00:00,64373.77893897483
2022-07-12 04:00:00+00:00,64373.77893897483
2022-07-12 08:00:00+00:00,64373.77893897483
2022-07-12 12:00:00+00:00,64373.77893897483
2022-07-12 16:00:00+00:00,64373.77893897483
2022-07-12 20:00:00+00:00,64373.77893897483
2022-07-13 00:00:00+00:00,64373.77893897483
2022-07-13 04:00:00+00:00,64373.77893897483
2022-07-13 08:00:00+00:00,64373.77893897483
2022-07-13 12:00:00+00:00,64373.77893897483
2022-07-13 16:00:00+00:00,64373.77893897483
2022-07-13 20:00:00+00:00,64373.77893897483
2022-07-14 00:00:00+00:00,64373.77893897483
2022-07-14 04:00:00+00:00,64373.77893897483
2022-07-14 08:00:00+00:00,64373.77893897483
2022-07-14 12:00:00+00:00,64373.77893897483
2022-07-14 16:00:00+00:00,64373.77893897483
2022-07-14 20:00:00+00:00,64373.77893897483
2022-07-15 00:00:00+00:00,64373.77893897483
2022-07-15 04:00:00+00:00,64373.77893897483
2022-07-15 08:00:00+00:00,64373.77893897483
2022-07-15 12:00:00+00:00,64373.77893897483
2022-07-15 16:00:00+00:00,64373.77893897483
2022-07-15 20:00:00+00:00,64373.77893897483
2022-07-16 00:00:00+00:00,64373.77893897483
2022-07-16 04:00:00+00:00,64373.77893897483
2022-07-16 08:00:00+00:00,64373.77893897483
2022-07-16 12:00:00+00:00,64373.77893897483
2022-07-16 16:00:00+00:00,64373.77893897483
2022-07-16 20:00:00+00:00,64373.77893897483
2022-07-17 00:00:00+00:00,64373.77893897483
2022-07-17 04:00:00+00:00,64373.77893897483
2022-07-17 08:00:00+00:00,64373.77893897483
2022-07-17 12:00:00+00:00,64373.77893897483
2022-07-17 16:00:00+00:00,64373.77893897483
2022-07-17 20:00:00+00:00,64373.77893897483
2022-07-18 00:00:00+00:00,64373.77893897483
2022-07-18 04:00:00+00:00,64373.77893897483
2022-07-18 08:00:00+00:00,64373.77893897483
2022-07-18 12:00:00+00:00,64373.77893897483
2022-07-18 16:00:00+00:00,64373.77893897483
2022-07-18 20:00:00+00:00,64373.77893897483
2022-07-19 00:00:00+00:00,64373.77893897483
2022-07-19 04:00:00+00:00,64373.77893897483
2022-07-19 08:00:00+00:00,64337.12298945483
2022-07-19 12:00:00+00:00,64392.34283359773
2022-07-19 16:00:00+00:00,64707.53017753473
2022-07-19 20:00:00+00:00,64946.50566165295
2022-07-20 00:00:00+00:00,64940.18497441915
2022-07-20 04:00:00+00:00,64981.85584482317
2022-07-20 08:00:00+00:00,64929.65329681067
2022-07-20 12:00:00+00:00,65225.36443247975
2022-07-20 16:00:00+00:00,65602.79839581095
2022-07-20 20:00:00+00:00,65154.98418278581
2022-07-21 00:00:00+00:00,64784.57707333441
2022-07-21 04:00:00+00:00,64395.62910850245
2022-07-21 08:00:00+00:00,64429.004612947814
2022-07-21 12:00:00+00:00,64348.00416533776
2022-07-21 16:00:00+00:00,64356.15327278611
2022-07-21 20:00:00+00:00,64491.838122998306
2022-07-22 00:00:00+00:00,64451.6908369743
2022-07-22 04:00:00+00:00,64244.89000250811
2022-07-22 08:00:00+00:00,64417.590420048946
2022-07-22 12:00:00+00:00,64842.090106389645
2022-07-22 16:00:00+00:00,64568.95060638965
2022-07-22 20:00:00+00:00,63971.38615766846
2022-07-23 00:00:00+00:00,63951.50224768363
2022-07-23 04:00:00+00:00,63984.50214118363
2022-07-23 08:00:00+00:00,63975.50414791228
2022-07-23 12:00:00+00:00,63832.463044887765
2022-07-23 16:00:00+00:00,63830.51040057451
2022-07-23 20:00:00+00:00,63830.51040057451
2022-07-24 00:00:00+00:00,63830.51040057451
2022-07-24 04:00:00+00:00,63830.51040057451
2022-07-24 08:00:00+00:00,63830.51040057451
2022-07-24 12:00:00+00:00,63830.51040057451
2022-07-24 16:00:00+00:00,63830.51040057451
2022-07-24 20:00:00+00:00,63830.51040057451
2022-07-25 00:00:00+00:00,63830.51040057451
2022-07-25 04:00:00+00:00,63830.51040057451
2022-07-25 08:00:00+00:00,63830.51040057451
2022-07-25 12:00:00+00:00,63830.51040057451
2022-07-25 16:00:00+00:00,63830.51040057451
2022-07-25 20:00:00+00:00,63830.51040057451
2022-07-26 00:00:00+00:00,63830.51040057451
2022-07-26 04:00:00+00:00,63830.51040057451
2022-07-26 08:00:00+00:00,63830.51040057451
2022-07-26 12:00:00+00:00,63830.51040057451
2022-07-26 16:00:00+00:00,63830.51040057451
2022-07-26 20:00:00+00:00,63830.51040057451
2022-07-27 00:00:00+00:00,63830.51040057451
2022-07-27 04:00:00+00:00,63830.51040057451
2022-07-27 08:00:00+00:00,63830.51040057451
2022-07-27 12:00:00+00:00,63830.51040057451
2022-07-27 16:00:00+00:00,63830.51040057451
2022-07-27 20:00:00+00:00,63830.51040057451
2022-07-28 00:00:00+00:00,63830.51040057451
2022-07-28 04:00:00+00:00,63880.05667162993
2022-07-28 08:00:00+00:00,63665.149795571706
2022-07-28 12:00:00+00:00,63701.700649616454
2022-07-28 16:00:00+00:00,63868.19436691761
2022-07-28 20:00:00+00:00,63919.50032128037
2022-07-29 00:00:00+00:00,63970.04590205585
2022-07-29 04:00:00+00:00,64036.88004663809
2022-07-29 08:00:00+00:00,64064.59696564003
2022-07-29 12:00:00+00:00,63833.9799184504
2022-07-29 16:00:00+00:00,64124.7948336958
2022-07-29 20:00:00+00:00,64006.27606017636
2022-07-30 00:00:00+00:00,63884.6497746958
2022-07-30 04:00:00+00:00,63910.5734887358
2022-07-30 08:00:00+00:00,63983.875235998596
2022-07-30 12:00:00+00:00,64069.09499168159
2022-07-30 16:00:00+00:00,64656.196191681585
2022-07-30 20:00:00+00:00,64030.81248140158
2022-07-31 00:00:00+00:00,63730.54448574655
2022-07-31 04:00:00+00:00,63834.839613401586
2022-07-31 08:00:00+00:00,63806.14241340159
2022-07-31 12:00:00+00:00,63893.015605254026
2022-07-31 16:00:00+00:00,63865.12138576159
2022-07-31 20:00:00+00:00,63934.64462170112
2022-08-01 00:00:00+00:00,63372.97975878223
2022-08-01 04:00:00+00:00,63388.16166665319
2022-08-01 08:00:00+00:00,63371.33946665319
2022-08-01 12:00:00+00:00,63287.07242962949
2022-08-01 16:00:00+00:00,63287.07242962949
2022-08-01 20:00:00+00:00,63287.07242962949
2022-08-02 00:00:00+00:00,63287.07242962949
2022-08-02 04:00:00+00:00,63155.90407862789
2022-08-02 08:00:00+00:00,63166.77967862789
2022-08-02 12:00:00+00:00,63163.654863495016
2022-08-02 16:00:00+00:00,63193.202345032994
2022-08-02 20:00:00+00:00,63184.17851076447
2022-08-03 00:00:00+00:00,63195.18409115612
2022-08-03 04:00:00+00:00,63156.459529919724
2022-08-03 08:00:00+00:00,63195.28732991972
2022-08-03 12:00:00+00:00,63329.30650957272
2022-08-03 16:00:00+00:00,63315.367230064505
2022-08-03 20:00:00+00:00,63345.092865959785
2022-08-04 00:00:00+00:00,63141.618309231446
2022-08-04 04:00:00+00:00,63227.06511610461
2022-08-04 08:00:00+00:00,63183.14777498757
2022-08-04 12:00:00+00:00,63164.14527739361
2022-08-04 16:00:00+00:00,63160.49584960825
2022-08-04 20:00:00+00:00,63160.49584960825
2022-08-05 00:00:00+00:00,63160.49584960825
2022-08-05 04:00:00+00:00,63160.49584960825
2022-08-05 08:00:00+00:00,63160.49584960825
2022-08-05 12:00:00+00:00,63160.49584960825
2022-08-05 16:00:00+00:00,63160.49584960825
2022-08-05 20:00:00+00:00,63160.49584960825
2022-08-06 00:00:00+00:00,63160.49584960825
2022-08-06 04:00:00+00:00,63160.49584960825
2022-08-06 08:00:00+00:00,63160.49584960825
2022-08-06 12:00:00+00:00,63160.49584960825
2022-08-06 16:00:00+00:00,63160.49584960825
2022-08-06 20:00:00+00:00,63160.49584960825
2022-08-07 00:00:00+00:00,63160.49584960825
2022-08-07 04:00:00+00:00,63160.49584960825
2022-08-07 08:00:00+00:00,63160.49584960825
2022-08-07 12:00:00+00:00,63160.49584960825
2022-08-07 16:00:00+00:00,63160.49584960825
2022-08-07 20:00:00+00:00,63160.49584960825
2022-08-08 00:00:00+00:00,63160.49584960825
2022-08-08 04:00:00+00:00,63160.49584960825
2022-08-08 08:00:00+00:00,63160.49584960825
2022-08-08 12:00:00+00:00,63160.49584960825
2022-08-08 16:00:00+00:00,63160.49584960825
2022-08-08 20:00:00+00:00,63160.49584960825
2022-08-09 00:00:00+00:00,63160.49584960825
2022-08-09 04:00:00+00:00,63160.49584960825
2022-08-09 08:00:00+00:00,63160.49584960825
2022-08-09 12:00:00+00:00,63160.49584960825
2022-08-09 16:00:00+00:00,63160.49584960825
2022-08-09 20:00:00+00:00,63160.49584960825
2022-08-10 00:00:00+00:00,63160.49584960825
2022-08-10 04:00:00+00:00,63160.49584960825
2022-08-10 08:00:00+00:00,63160.49584960825
2022-08-10 12:00:00+00:00,63160.49584960825
2022-08-10 16:00:00+00:00,63160.49584960825
2022-08-10 20:00:00+00:00,63160.49584960825
2022-08-11 00:00:00+00:00,63160.49584960825
2022-08-11 04:00:00+00:00,63160.49584960825
2022-08-11 08:00:00+00:00,63160.49584960825
2022-08-11 12:00:00+00:00,63160.49584960825
2022-08-11 16:00:00+00:00,63160.49584960825
2022-08-11 20:00:00+00:00,63160.49584960825
2022-08-12 00:00:00+00:00,63160.49584960825
2022-08-12 04:00:00+00:00,63160.49584960825
2022-08-12 08:00:00+00:00,63160.49584960825
2022-08-12 12:00:00+00:00,63160.49584960825
2022-08-12 16:00:00+00:00,63160.49584960825
2022-08-12 20:00:00+00:00,63160.49584960825
2022-08-13 00:00:00+00:00,63160.49584960825
2022-08-13 04:00:00+00:00,63160.49584960825
2022-08-13 08:00:00+00:00,63160.49584960825
2022-08-13 12:00:00+00:00,63160.49584960825
2022-08-13 16:00:00+00:00,63160.49584960825
2022-08-13 20:00:00+00:00,63160.49584960825
2022-08-14 00:00:00+00:00,63160.49584960825
2022-08-14 04:00:00+00:00,63160.49584960825
2022-08-14 08:00:00+00:00,63160.49584960825
2022-08-14 12:00:00+00:00,63160.49584960825
2022-08-14 16:00:00+00:00,63160.49584960825
2022-08-14 20:00:00+00:00,63160.49584960825
2022-08-15 00:00:00+00:00,63160.49584960825
2022-08-15 04:00:00+00:00,63160.49584960825
2022-08-15 08:00:00+00:00,63160.49584960825
2022-08-15 12:00:00+00:00,63160.49584960825
2022-08-15 16:00:00+00:00,63160.49584960825
2022-08-15 20:00:00+00:00,63160.49584960825
2022-08-16 00:00:00+00:00,63160.49584960825
2022-08-16 04:00:00+00:00,63160.49584960825
2022-08-16 08:00:00+00:00,63160.49584960825
2022-08-16 12:00:00+00:00,63160.49584960825
2022-08-16 16:00:00+00:00,63160.49584960825
2022-08-16 20:00:00+00:00,63160.49584960825
2022-08-17 00:00:00+00:00,63160.49584960825
2022-08-17 04:00:00+00:00,63160.49584960825
2022-08-17 08:00:00+00:00,63160.49584960825
2022-08-17 12:00:00+00:00,63160.49584960825
2022-08-17 16:00:00+00:00,63160.49584960825
2022-08-17 20:00:00+00:00,63160.49584960825
2022-08-18 00:00:00+00:00,63160.49584960825
2022-08-18 04:00:00+00:00,63160.49584960825
2022-08-18 08:00:00+00:00,63160.49584960825
2022-08-18 12:00:00+00:00,63160.49584960825
2022-08-18 16:00:00+00:00,63160.49584960825
2022-08-18 20:00:00+00:00,63160.49584960825
2022-08-19 00:00:00+00:00,63160.49584960825
2022-08-19 04:00:00+00:00,63160.49584960825
2022-08-19 08:00:00+00:00,63160.49584960825
2022-08-19 12:00:00+00:00,63160.49584960825
2022-08-19 16:00:00+00:00,63160.49584960825
2022-08-19 20:00:00+00:00,63141.73851582129
2022-08-20 00:00:00+00:00,63056.65487319625
2022-08-20 04:00:00+00:00,63055.534822151334
2022-08-20 08:00:00+00:00,63055.534822151334
2022-08-20 12:00:00+00:00,63055.534822151334
2022-08-20 16:00:00+00:00,63055.534822151334
2022-08-20 20:00:00+00:00,63055.534822151334
2022-08-21 00:00:00+00:00,63055.534822151334
2022-08-21 04:00:00+00:00,63055.534822151334
2022-08-21 08:00:00+00:00,63055.534822151334
2022-08-21 12:00:00+00:00,63055.534822151334
2022-08-21 16:00:00+00:00,63055.534822151334
2022-08-21 20:00:00+00:00,63055.534822151334
2022-08-22 00:00:00+00:00,63055.534822151334
2022-08-22 04:00:00+00:00,63055.534822151334
2022-08-22 08:00:00+00:00,63055.534822151334
2022-08-22 12:00:00+00:00,63055.534822151334
2022-08-22 16:00:00+00:00,63055.534822151334
2022-08-22 20:00:00+00:00,63055.534822151334
2022-08-23 00:00:00+00:00,63055.534822151334
2022-08-23 04:00:00+00:00,63055.534822151334
2022-08-23 08:00:00+00:00,63055.534822151334
2022-08-23 12:00:00+00:00,63055.534822151334
2022-08-23 16:00:00+00:00,63055.534822151334
2022-08-23 20:00:00+00:00,63055.534822151334
2022-08-24 00:00:00+00:00,63055.534822151334
2022-08-24 04:00:00+00:00,63055.534822151334
2022-08-24 08:00:00+00:00,63055.534822151334
2022-08-24 12:00:00+00:00,63055.534822151334
2022-08-24 16:00:00+00:00,63055.534822151334
2022-08-24 20:00:00+00:00,63055.534822151334
2022-08-25 00:00:00+00:00,63055.534822151334
2022-08-25 04:00:00+00:00,63055.534822151334
2022-08-25 08:00:00+00:00,63055.534822151334
2022-08-25 12:00:00+00:00,63055.534822151334
2022-08-25 16:00:00+00:00,63055.534822151334
2022-08-25 20:00:00+00:00,63055.534822151334
2022-08-26 00:00:00+00:00,63055.534822151334
2022-08-26 04:00:00+00:00,63055.534822151334
2022-08-26 08:00:00+00:00,63055.534822151334
2022-08-26 12:00:00+00:00,63055.534822151334
2022-08-26 16:00:00+00:00,63055.534822151334
2022-08-26 20:00:00+00:00,63055.534822151334
2022-08-27 00:00:00+00:00,63055.534822151334
2022-08-27 04:00:00+00:00,63055.534822151334
2022-08-27 08:00:00+00:00,63055.534822151334
2022-08-27 12:00:00+00:00,63055.534822151334
2022-08-27 16:00:00+00:00,63055.534822151334
2022-08-27 20:00:00+00:00,63055.534822151334
2022-08-28 00:00:00+00:00,63055.534822151334
2022-08-28 04:00:00+00:00,63055.534822151334
2022-08-28 08:00:00+00:00,63055.534822151334
2022-08-28 12:00:00+00:00,63055.534822151334
2022-08-28 16:00:00+00:00,63055.534822151334
2022-08-28 20:00:00+00:00,63055.534822151334
2022-08-29 00:00:00+00:00,63055.534822151334
2022-08-29 04:00:00+00:00,63055.534822151334
2022-08-29 08:00:00+00:00,63055.534822151334
2022-08-29 12:00:00+00:00,63055.534822151334
2022-08-29 16:00:00+00:00,63055.534822151334
2022-08-29 20:00:00+00:00,63055.534822151334
2022-08-30 00:00:00+00:00,63055.534822151334
2022-08-30 04:00:00+00:00,63055.534822151334
2022-08-30 08:00:00+00:00,63055.534822151334
2022-08-30 12:00:00+00:00,63055.534822151334
2022-08-30 16:00:00+00:00,63055.534822151334
2022-08-30 20:00:00+00:00,63055.534822151334
2022-08-31 00:00:00+00:00,63055.534822151334
2022-08-31 04:00:00+00:00,63055.534822151334
2022-08-31 08:00:00+00:00,63055.534822151334
2022-08-31 12:00:00+00:00,63055.534822151334
2022-08-31 16:00:00+00:00,63055.534822151334
2022-08-31 20:00:00+00:00,63055.534822151334
2022-09-01 00:00:00+00:00,63055.534822151334
2022-09-01 04:00:00+00:00,63055.534822151334
2022-09-01 08:00:00+00:00,63055.534822151334
2022-09-01 12:00:00+00:00,63055.534822151334
2022-09-01 16:00:00+00:00,63055.534822151334
2022-09-01 20:00:00+00:00,63055.534822151334
2022-09-02 00:00:00+00:00,63055.534822151334
2022-09-02 04:00:00+00:00,63055.534822151334
2022-09-02 08:00:00+00:00,63055.534822151334
2022-09-02 12:00:00+00:00,63055.534822151334
2022-09-02 16:00:00+00:00,63055.534822151334
2022-09-02 20:00:00+00:00,63055.534822151334
2022-09-03 00:00:00+00:00,63055.534822151334
2022-09-03 04:00:00+00:00,63055.534822151334
2022-09-03 08:00:00+00:00,63055.534822151334
2022-09-03 12:00:00+00:00,63055.534822151334
2022-09-03 16:00:00+00:00,63055.534822151334
2022-09-03 20:00:00+00:00,63055.534822151334
2022-09-04 00:00:00+00:00,63055.534822151334
2022-09-04 04:00:00+00:00,63055.534822151334
2022-09-04 08:00:00+00:00,63055.534822151334
2022-09-04 12:00:00+00:00,63055.534822151334
2022-09-04 16:00:00+00:00,63055.534822151334
2022-09-04 20:00:00+00:00,63055.534822151334
2022-09-05 00:00:00+00:00,63055.534822151334
2022-09-05 04:00:00+00:00,63055.534822151334
2022-09-05 08:00:00+00:00,63055.534822151334
2022-09-05 12:00:00+00:00,63055.534822151334
2022-09-05 16:00:00+00:00,63055.534822151334
2022-09-05 20:00:00+00:00,63055.534822151334
2022-09-06 00:00:00+00:00,63055.534822151334
2022-09-06 04:00:00+00:00,63055.534822151334
2022-09-06 08:00:00+00:00,63055.534822151334
2022-09-06 12:00:00+00:00,63055.534822151334
2022-09-06 16:00:00+00:00,63055.534822151334
2022-09-06 20:00:00+00:00,63055.534822151334
2022-09-07 00:00:00+00:00,63055.534822151334
2022-09-07 04:00:00+00:00,63055.534822151334
2022-09-07 08:00:00+00:00,63055.534822151334
2022-09-07 12:00:00+00:00,63051.61993668047
2022-09-07 16:00:00+00:00,63051.19422450484
2022-09-07 20:00:00+00:00,63058.819961229245
2022-09-08 00:00:00+00:00,63077.873063850035
2022-09-08 04:00:00+00:00,63072.95783034784
2022-09-08 08:00:00+00:00,63070.17953034784
2022-09-08 12:00:00+00:00,63078.859005234786
2022-09-08 16:00:00+00:00,63062.01537469019
2022-09-08 20:00:00+00:00,63088.174758442015
2022-09-09 00:00:00+00:00,63080.161558442014
2022-09-09 04:00:00+00:00,63246.571207241715
2022-09-09 08:00:00+00:00,63246.19660338961
2022-09-09 12:00:00+00:00,63246.19660338961
2022-09-09 16:00:00+00:00,63246.19660338961
2022-09-09 20:00:00+00:00,63246.19660338961
2022-09-10 00:00:00+00:00,63246.19660338961
2022-09-10 04:00:00+00:00,63246.19660338961
2022-09-10 08:00:00+00:00,63246.19660338961
2022-09-10 12:00:00+00:00,63246.19660338961
2022-09-10 16:00:00+00:00,63246.19660338961
2022-09-10 20:00:00+00:00,63246.19660338961
2022-09-11 00:00:00+00:00,63246.19660338961
2022-09-11 04:00:00+00:00,63246.19660338961
2022-09-11 08:00:00+00:00,63246.19660338961
2022-09-11 12:00:00+00:00,63246.19660338961
2022-09-11 16:00:00+00:00,63246.19660338961
2022-09-11 20:00:00+00:00,63209.60530240869
2022-09-12 00:00:00+00:00,63550.39359431373
2022-09-12 04:00:00+00:00,63266.85428353633
2022-09-12 08:00:00+00:00,64116.0362701535
2022-09-12 12:00:00+00:00,64335.50677439303
2022-09-12 16:00:00+00:00,63974.14933091991
2022-09-12 20:00:00+00:00,64379.636884956955
2022-09-13 00:00:00+00:00,64345.27068495696
2022-09-13 04:00:00+00:00,64118.07550639166
2022-09-13 08:00:00+00:00,64174.69712170929
2022-09-13 12:00:00+00:00,64525.89686082479
2022-09-13 16:00:00+00:00,62823.98608663982
2022-09-13 20:00:00+00:00,62823.98608663982
2022-09-14 00:00:00+00:00,62823.98608663982
2022-09-14 04:00:00+00:00,62823.98608663982
2022-09-14 08:00:00+00:00,62823.98608663982
2022-09-14 12:00:00+00:00,62823.98608663982
2022-09-14 16:00:00+00:00,62823.98608663982
2022-09-14 20:00:00+00:00,62823.98608663982
2022-09-15 00:00:00+00:00,62823.98608663982
2022-09-15 04:00:00+00:00,62823.98608663982
2022-09-15 08:00:00+00:00,62823.98608663982
2022-09-15 12:00:00+00:00,62823.98608663982
2022-09-15 16:00:00+00:00,62823.98608663982
2022-09-15 20:00:00+00:00,62823.98608663982
2022-09-16 00:00:00+00:00,62823.98608663982
2022-09-16 04:00:00+00:00,62823.98608663982
2022-09-16 08:00:00+00:00,62823.98608663982
2022-09-16 12:00:00+00:00,62823.98608663982
2022-09-16 16:00:00+00:00,62823.98608663982
2022-09-16 20:00:00+00:00,62823.98608663982
2022-09-17 00:00:00+00:00,62823.98608663982
2022-09-17 04:00:00+00:00,62823.98608663982
2022-09-17 08:00:00+00:00,62823.98608663982
2022-09-17 12:00:00+00:00,62823.98608663982
2022-09-17 16:00:00+00:00,62823.98608663982
2022-09-17 20:00:00+00:00,62823.98608663982
2022-09-18 00:00:00+00:00,62823.98608663982
2022-09-18 04:00:00+00:00,62823.98608663982
2022-09-18 08:00:00+00:00,62823.98608663982
2022-09-18 12:00:00+00:00,62823.98608663982
2022-09-18 16:00:00+00:00,62823.98608663982
2022-09-18 20:00:00+00:00,62823.98608663982
2022-09-19 00:00:00+00:00,62823.98608663982
2022-09-19 04:00:00+00:00,62823.98608663982
2022-09-19 08:00:00+00:00,62823.98608663982
2022-09-19 12:00:00+00:00,62823.98608663982
2022-09-19 16:00:00+00:00,62823.98608663982
2022-09-19 20:00:00+00:00,62823.98608663982
2022-09-20 00:00:00+00:00,62823.98608663982
2022-09-20 04:00:00+00:00,62823.98608663982
2022-09-20 08:00:00+00:00,62823.98608663982
2022-09-20 12:00:00+00:00,62823.98608663982
2022-09-20 16:00:00+00:00,62823.98608663982
2022-09-20 20:00:00+00:00,62823.98608663982
2022-09-21 00:00:00+00:00,62823.98608663982
2022-09-21 04:00:00+00:00,62823.98608663982
2022-09-21 08:00:00+00:00,62823.98608663982
2022-09-21 12:00:00+00:00,62823.98608663982
2022-09-21 16:00:00+00:00,62823.98608663982
2022-09-21 20:00:00+00:00,62823.98608663982
2022-09-22 00:00:00+00:00,62823.98608663982
2022-09-22 04:00:00+00:00,62823.98608663982
2022-09-22 08:00:00+00:00,62823.98608663982
2022-09-22 12:00:00+00:00,62823.98608663982
2022-09-22 16:00:00+00:00,62823.98608663982
2022-09-22 20:00:00+00:00,62823.98608663982
2022-09-23 00:00:00+00:00,62823.98608663982
2022-09-23 04:00:00+00:00,62823.98608663982
2022-09-23 08:00:00+00:00,62823.98608663982
2022-09-23 12:00:00+00:00,62823.98608663982
2022-09-23 16:00:00+00:00,62823.98608663982
2022-09-23 20:00:00+00:00,62823.98608663982
2022-09-24 00:00:00+00:00,62823.98608663982
2022-09-24 04:00:00+00:00,62823.98608663982
2022-09-24 08:00:00+00:00,62823.98608663982
2022-09-24 12:00:00+00:00,62823.98608663982
2022-09-24 16:00:00+00:00,62823.98608663982
2022-09-24 20:00:00+00:00,62823.98608663982
2022-09-25 00:00:00+00:00,62823.98608663982
2022-09-25 04:00:00+00:00,62823.98608663982
2022-09-25 08:00:00+00:00,62823.98608663982
2022-09-25 12:00:00+00:00,62823.98608663982
2022-09-25 16:00:00+00:00,62823.98608663982
2022-09-25 20:00:00+00:00,62823.98608663982
2022-09-26 00:00:00+00:00,62823.98608663982
2022-09-26 04:00:00+00:00,62823.98608663982
2022-09-26 08:00:00+00:00,62823.98608663982
2022-09-26 12:00:00+00:00,62823.98608663982
2022-09-26 16:00:00+00:00,62823.98608663982
2022-09-26 20:00:00+00:00,62823.98608663982
2022-09-27 00:00:00+00:00,62823.98608663982
2022-09-27 04:00:00+00:00,62823.98608663982
2022-09-27 08:00:00+00:00,62823.98608663982
2022-09-27 12:00:00+00:00,62823.98608663982
2022-09-27 16:00:00+00:00,62823.98608663982
2022-09-27 20:00:00+00:00,62823.98608663982
2022-09-28 00:00:00+00:00,62823.98608663982
2022-09-28 04:00:00+00:00,62823.98608663982
2022-09-28 08:00:00+00:00,62823.98608663982
2022-09-28 12:00:00+00:00,62823.98608663982
2022-09-28 16:00:00+00:00,62823.98608663982
2022-09-28 20:00:00+00:00,62823.98608663982
2022-09-29 00:00:00+00:00,62823.98608663982
2022-09-29 04:00:00+00:00,62823.98608663982
2022-09-29 08:00:00+00:00,62823.98608663982
2022-09-29 12:00:00+00:00,62823.98608663982
2022-09-29 16:00:00+00:00,62823.98608663982
2022-09-29 20:00:00+00:00,62823.98608663982
2022-09-30 00:00:00+00:00,62823.98608663982
2022-09-30 04:00:00+00:00,62823.98608663982
2022-09-30 08:00:00+00:00,62823.98608663982
2022-09-30 12:00:00+00:00,62823.98608663982
2022-09-30 16:00:00+00:00,62823.98608663982
2022-09-30 20:00:00+00:00,62823.98608663982
2022-10-01 00:00:00+00:00,62823.98608663982
2022-10-01 04:00:00+00:00,62823.98608663982
2022-10-01 08:00:00+00:00,62823.98608663982
2022-10-01 12:00:00+00:00,62823.98608663982
2022-10-01 16:00:00+00:00,62823.98608663982
2022-10-01 20:00:00+00:00,62823.98608663982
2022-10-02 00:00:00+00:00,62823.98608663982
2022-10-02 04:00:00+00:00,62823.98608663982
2022-10-02 08:00:00+00:00,62823.98608663982
2022-10-02 12:00:00+00:00,62823.98608663982
2022-10-02 16:00:00+00:00,62823.98608663982
2022-10-02 20:00:00+00:00,62823.98608663982
2022-10-03 00:00:00+00:00,62823.98608663982
2022-10-03 04:00:00+00:00,62823.98608663982
2022-10-03 08:00:00+00:00,62823.98608663982
2022-10-03 12:00:00+00:00,62823.98608663982
2022-10-03 16:00:00+00:00,62823.98608663982
2022-10-03 20:00:00+00:00,62823.98608663982
2022-10-04 00:00:00+00:00,62823.98608663982
2022-10-04 04:00:00+00:00,62823.98608663982
2022-10-04 08:00:00+00:00,62823.98608663982
2022-10-04 12:00:00+00:00,62823.98608663982
2022-10-04 16:00:00+00:00,62823.98608663982
2022-10-04 20:00:00+00:00,62823.98608663982
2022-10-05 00:00:00+00:00,62823.98608663982
2022-10-05 04:00:00+00:00,62823.98608663982
2022-10-05 08:00:00+00:00,62823.98608663982
2022-10-05 12:00:00+00:00,62823.98608663982
2022-10-05 16:00:00+00:00,62823.98608663982
2022-10-05 20:00:00+00:00,62823.98608663982
2022-10-06 00:00:00+00:00,62823.98608663982
2022-10-06 04:00:00+00:00,62823.98608663982
2022-10-06 08:00:00+00:00,62823.98608663982
2022-10-06 12:00:00+00:00,62823.98608663982
2022-10-06 16:00:00+00:00,62823.98608663982
2022-10-06 20:00:00+00:00,62823.98608663982
2022-10-07 00:00:00+00:00,62823.98608663982
2022-10-07 04:00:00+00:00,62823.98608663982
2022-10-07 08:00:00+00:00,62823.98608663982
2022-10-07 12:00:00+00:00,62823.98608663982
2022-10-07 16:00:00+00:00,62823.98608663982
2022-10-07 20:00:00+00:00,62823.98608663982
2022-10-08 00:00:00+00:00,62823.98608663982
2022-10-08 04:00:00+00:00,62823.98608663982
2022-10-08 08:00:00+00:00,62823.98608663982
2022-10-08 12:00:00+00:00,62823.98608663982
2022-10-08 16:00:00+00:00,62823.98608663982
2022-10-08 20:00:00+00:00,62823.98608663982
2022-10-09 00:00:00+00:00,62823.98608663982
2022-10-09 04:00:00+00:00,62823.98608663982
2022-10-09 08:00:00+00:00,62823.98608663982
2022-10-09 12:00:00+00:00,62823.98608663982
2022-10-09 16:00:00+00:00,62823.98608663982
2022-10-09 20:00:00+00:00,62823.98608663982
2022-10-10 00:00:00+00:00,62823.98608663982
2022-10-10 04:00:00+00:00,62823.98608663982
2022-10-10 08:00:00+00:00,62823.98608663982
2022-10-10 12:00:00+00:00,62823.98608663982
2022-10-10 16:00:00+00:00,62823.98608663982
2022-10-10 20:00:00+00:00,62823.98608663982
2022-10-11 00:00:00+00:00,62823.98608663982
2022-10-11 04:00:00+00:00,62823.98608663982
2022-10-11 08:00:00+00:00,62823.98608663982
2022-10-11 12:00:00+00:00,62823.98608663982
2022-10-11 16:00:00+00:00,62823.98608663982
2022-10-11 20:00:00+00:00,62823.98608663982
2022-10-12 00:00:00+00:00,62823.98608663982
2022-10-12 04:00:00+00:00,62823.98608663982
2022-10-12 08:00:00+00:00,62823.98608663982
2022-10-12 12:00:00+00:00,62823.98608663982
2022-10-12 16:00:00+00:00,62823.98608663982
2022-10-12 20:00:00+00:00,62823.98608663982
2022-10-13 00:00:00+00:00,62823.98608663982
2022-10-13 04:00:00+00:00,62823.98608663982
2022-10-13 08:00:00+00:00,62823.98608663982
2022-10-13 12:00:00+00:00,62823.98608663982
2022-10-13 16:00:00+00:00,62823.98608663982
2022-10-13 20:00:00+00:00,62823.98608663982
2022-10-14 00:00:00+00:00,62823.98608663982
2022-10-14 04:00:00+00:00,62823.98608663982
2022-10-14 08:00:00+00:00,62823.98608663982
2022-10-14 12:00:00+00:00,62823.98608663982
2022-10-14 16:00:00+00:00,62823.98608663982
2022-10-14 20:00:00+00:00,62823.98608663982
2022-10-15 00:00:00+00:00,62823.98608663982
2022-10-15 04:00:00+00:00,62823.98608663982
2022-10-15 08:00:00+00:00,62823.98608663982
2022-10-15 12:00:00+00:00,62823.98608663982
2022-10-15 16:00:00+00:00,62823.98608663982
2022-10-15 20:00:00+00:00,62823.98608663982
2022-10-16 00:00:00+00:00,62823.98608663982
2022-10-16 04:00:00+00:00,62823.98608663982
2022-10-16 08:00:00+00:00,62823.98608663982
2022-10-16 12:00:00+00:00,62823.98608663982
2022-10-16 16:00:00+00:00,62823.98608663982
2022-10-16 20:00:00+00:00,62823.98608663982
2022-10-17 00:00:00+00:00,62823.98608663982
2022-10-17 04:00:00+00:00,62823.98608663982
2022-10-17 08:00:00+00:00,62823.98608663982
2022-10-17 12:00:00+00:00,62823.98608663982
2022-10-17 16:00:00+00:00,62823.98608663982
2022-10-17 20:00:00+00:00,62823.98608663982
2022-10-18 00:00:00+00:00,62823.98608663982
2022-10-18 04:00:00+00:00,62823.98608663982
2022-10-18 08:00:00+00:00,62823.98608663982
2022-10-18 12:00:00+00:00,62823.98608663982
2022-10-18 16:00:00+00:00,62823.98608663982
2022-10-18 20:00:00+00:00,62823.98608663982
2022-10-19 00:00:00+00:00,62823.98608663982
2022-10-19 04:00:00+00:00,62823.98608663982
2022-10-19 08:00:00+00:00,62823.98608663982
2022-10-19 12:00:00+00:00,62823.98608663982
2022-10-19 16:00:00+00:00,62823.98608663982
2022-10-19 20:00:00+00:00,62823.98608663982
2022-10-20 00:00:00+00:00,62823.98608663982
2022-10-20 04:00:00+00:00,62823.98608663982
2022-10-20 08:00:00+00:00,62823.98608663982
2022-10-20 12:00:00+00:00,62823.98608663982
2022-10-20 16:00:00+00:00,62823.98608663982
2022-10-20 20:00:00+00:00,62823.98608663982
2022-10-21 00:00:00+00:00,62823.98608663982
2022-10-21 04:00:00+00:00,62823.98608663982
2022-10-21 08:00:00+00:00,62823.98608663982
2022-10-21 12:00:00+00:00,62823.98608663982
2022-10-21 16:00:00+00:00,62823.98608663982
2022-10-21 20:00:00+00:00,62823.98608663982
2022-10-22 00:00:00+00:00,62823.98608663982
2022-10-22 04:00:00+00:00,62823.98608663982
2022-10-22 08:00:00+00:00,62823.98608663982
2022-10-22 12:00:00+00:00,62823.98608663982
2022-10-22 16:00:00+00:00,62823.98608663982
2022-10-22 20:00:00+00:00,62823.98608663982
2022-10-23 00:00:00+00:00,62823.98608663982
2022-10-23 04:00:00+00:00,62823.98608663982
2022-10-23 08:00:00+00:00,62823.98608663982
2022-10-23 12:00:00+00:00,62823.98608663982
2022-10-23 16:00:00+00:00,62823.98608663982
2022-10-23 20:00:00+00:00,62823.98608663982
2022-10-24 00:00:00+00:00,62823.98608663982
2022-10-24 04:00:00+00:00,62823.98608663982
2022-10-24 08:00:00+00:00,62823.98608663982
2022-10-24 12:00:00+00:00,62823.98608663982
2022-10-24 16:00:00+00:00,62823.98608663982
2022-10-24 20:00:00+00:00,62823.98608663982
2022-10-25 00:00:00+00:00,62823.98608663982
2022-10-25 04:00:00+00:00,62823.98608663982
2022-10-25 08:00:00+00:00,62823.98608663982
2022-10-25 12:00:00+00:00,62823.98608663982
2022-10-25 16:00:00+00:00,62823.98608663982
2022-10-25 20:00:00+00:00,62823.98608663982
2022-10-26 00:00:00+00:00,62823.98608663982
2022-10-26 04:00:00+00:00,63385.48118650827
2022-10-26 08:00:00+00:00,63706.50295606617
2022-10-26 12:00:00+00:00,64568.05941218864
2022-10-26 16:00:00+00:00,65344.58638609892
2022-10-26 20:00:00+00:00,64481.7650920727
2022-10-27 00:00:00+00:00,64614.871492072714
2022-10-27 04:00:00+00:00,64466.43104267148
2022-10-27 08:00:00+00:00,64083.0825932682
2022-10-27 12:00:00+00:00,63257.438254225184
2022-10-27 16:00:00+00:00,62688.57931478371
2022-10-27 20:00:00+00:00,63302.16546122059
2022-10-28 00:00:00+00:00,60155.55396122059
2022-10-28 04:00:00+00:00,60148.99514201215
2022-10-28 08:00:00+00:00,58657.39357346837
2022-10-28 12:00:00+00:00,58657.39357346837
2022-10-28 16:00:00+00:00,58657.39357346837
2022-10-28 20:00:00+00:00,58657.39357346837
2022-10-29 00:00:00+00:00,58657.39357346837
2022-10-29 04:00:00+00:00,58657.39357346837
2022-10-29 08:00:00+00:00,58657.39357346837
2022-10-29 12:00:00+00:00,58657.39357346837
2022-10-29 16:00:00+00:00,58657.39357346837
2022-10-29 20:00:00+00:00,58657.39357346837
2022-10-30 00:00:00+00:00,58657.39357346837
2022-10-30 04:00:00+00:00,58657.39357346837
2022-10-30 08:00:00+00:00,58657.39357346837
2022-10-30 12:00:00+00:00,58657.39357346837
2022-10-30 16:00:00+00:00,58657.39357346837
2022-10-30 20:00:00+00:00,58657.39357346837
2022-10-31 00:00:00+00:00,58657.39357346837
2022-10-31 04:00:00+00:00,58657.39357346837
2022-10-31 08:00:00+00:00,58657.39357346837
2022-10-31 12:00:00+00:00,58657.39357346837
2022-10-31 16:00:00+00:00,58657.39357346837
2022-10-31 20:00:00+00:00,58657.39357346837
2022-11-01 00:00:00+00:00,58657.39357346837
2022-11-01 04:00:00+00:00,58657.39357346837
2022-11-01 08:00:00+00:00,58657.39357346837
2022-11-01 12:00:00+00:00,58657.39357346837
2022-11-01 16:00:00+00:00,58657.39357346837
2022-11-01 20:00:00+00:00,58657.39357346837
2022-11-02 00:00:00+00:00,58657.39357346837
2022-11-02 04:00:00+00:00,58657.39357346837
2022-11-02 08:00:00+00:00,58657.39357346837
2022-11-02 12:00:00+00:00,58657.39357346837
2022-11-02 16:00:00+00:00,58657.39357346837
2022-11-02 20:00:00+00:00,58657.39357346837
2022-11-03 00:00:00+00:00,58657.39357346837
2022-11-03 04:00:00+00:00,58964.61554487772
2022-11-03 08:00:00+00:00,58952.70504440937
2022-11-03 12:00:00+00:00,58627.84324894028
2022-11-03 16:00:00+00:00,58851.70674894028
2022-11-03 20:00:00+00:00,58871.230686509174
2022-11-04 00:00:00+00:00,58768.20368650918
2022-11-04 04:00:00+00:00,58978.69226600634
2022-11-04 08:00:00+00:00,59539.38443794315
2022-11-04 12:00:00+00:00,59128.27754822285
2022-11-04 16:00:00+00:00,61283.88554822287
2022-11-04 20:00:00+00:00,63070.122226210384
2022-11-05 00:00:00+00:00,63426.11422621039
2022-11-05 04:00:00+00:00,65593.51774511645
2022-11-05 08:00:00+00:00,65022.5781558981
2022-11-05 12:00:00+00:00,65205.071192002826
2022-11-05 16:00:00+00:00,64260.7656896621
2022-11-05 20:00:00+00:00,64435.54706595125
2022-11-06 00:00:00+00:00,64210.23707946993
2022-11-06 04:00:00+00:00,63754.47746129141
2022-11-06 08:00:00+00:00,63442.994413547
2022-11-06 12:00:00+00:00,63891.1507395702
2022-11-06 16:00:00+00:00,63794.52208267291
2022-11-06 20:00:00+00:00,63427.09262692607
2022-11-07 00:00:00+00:00,61277.019426926054
2022-11-07 04:00:00+00:00,61237.53442934139
2022-11-07 08:00:00+00:00,60910.53033568278
2022-11-07 12:00:00+00:00,60910.53033568278
2022-11-07 16:00:00+00:00,60910.53033568278
2022-11-07 20:00:00+00:00,60910.53033568278
2022-11-08 00:00:00+00:00,60910.53033568278
2022-11-08 04:00:00+00:00,60910.53033568278
2022-11-08 08:00:00+00:00,60910.53033568278
2022-11-08 12:00:00+00:00,60910.53033568278
2022-11-08 16:00:00+00:00,60910.53033568278
2022-11-08 20:00:00+00:00,60910.53033568278
2022-11-09 00:00:00+00:00,60910.53033568278
2022-11-09 04:00:00+00:00,60910.53033568278
2022-11-09 08:00:00+00:00,60910.53033568278
2022-11-09 12:00:00+00:00,60910.53033568278
2022-11-09 16:00:00+00:00,60910.53033568278
2022-11-09 20:00:00+00:00,60910.53033568278
2022-11-10 00:00:00+00:00,60910.53033568278
2022-11-10 04:00:00+00:00,60910.53033568278
2022-11-10 08:00:00+00:00,60910.53033568278
2022-11-10 12:00:00+00:00,60910.53033568278
2022-11-10 16:00:00+00:00,60910.53033568278
2022-11-10 20:00:00+00:00,60910.53033568278
2022-11-11 00:00:00+00:00,60910.53033568278
2022-11-11 04:00:00+00:00,60910.53033568278
2022-11-11 08:00:00+00:00,60910.53033568278
2022-11-11 12:00:00+00:00,60910.53033568278
2022-11-11 16:00:00+00:00,60910.53033568278
2022-11-11 20:00:00+00:00,60910.53033568278
2022-11-12 00:00:00+00:00,60910.53033568278
2022-11-12 04:00:00+00:00,60910.53033568278
2022-11-12 08:00:00+00:00,60910.53033568278
2022-11-12 12:00:00+00:00,60910.53033568278
2022-11-12 16:00:00+00:00,60910.53033568278
2022-11-12 20:00:00+00:00,60910.53033568278
2022-11-13 00:00:00+00:00,60910.53033568278
2022-11-13 04:00:00+00:00,60910.53033568278
2022-11-13 08:00:00+00:00,60910.53033568278
2022-11-13 12:00:00+00:00,60910.53033568278
2022-11-13 16:00:00+00:00,60910.53033568278
2022-11-13 20:00:00+00:00,60910.53033568278
2022-11-14 00:00:00+00:00,60910.53033568278
2022-11-14 04:00:00+00:00,60910.53033568278
2022-11-14 08:00:00+00:00,60910.53033568278
2022-11-14 12:00:00+00:00,60910.53033568278
2022-11-14 16:00:00+00:00,60910.53033568278
2022-11-14 20:00:00+00:00,60910.53033568278
2022-11-15 00:00:00+00:00,60910.53033568278
2022-11-15 04:00:00+00:00,60910.53033568278
2022-11-15 08:00:00+00:00,60910.53033568278
2022-11-15 12:00:00+00:00,60910.53033568278
2022-11-15 16:00:00+00:00,60910.53033568278
2022-11-15 20:00:00+00:00,60910.53033568278
2022-11-16 00:00:00+00:00,60910.53033568278
2022-11-16 04:00:00+00:00,60910.53033568278
2022-11-16 08:00:00+00:00,60910.53033568278
2022-11-16 12:00:00+00:00,60910.53033568278
2022-11-16 16:00:00+00:00,60910.53033568278
2022-11-16 20:00:00+00:00,60910.53033568278
2022-11-17 00:00:00+00:00,60910.53033568278
2022-11-17 04:00:00+00:00,60910.53033568278
2022-11-17 08:00:00+00:00,60910.53033568278
2022-11-17 12:00:00+00:00,60910.53033568278
2022-11-17 16:00:00+00:00,60910.53033568278
2022-11-17 20:00:00+00:00,60910.53033568278
2022-11-18 00:00:00+00:00,60910.53033568278
2022-11-18 04:00:00+00:00,60910.53033568278
2022-11-18 08:00:00+00:00,60910.53033568278
2022-11-18 12:00:00+00:00,60910.53033568278
2022-11-18 16:00:00+00:00,60910.53033568278
2022-11-18 20:00:00+00:00,60910.53033568278
2022-11-19 00:00:00+00:00,60910.53033568278
2022-11-19 04:00:00+00:00,60910.53033568278
2022-11-19 08:00:00+00:00,60910.53033568278
2022-11-19 12:00:00+00:00,60910.53033568278
2022-11-19 16:00:00+00:00,60910.53033568278
2022-11-19 20:00:00+00:00,60910.53033568278
2022-11-20 00:00:00+00:00,60910.53033568278
2022-11-20 04:00:00+00:00,60910.53033568278
2022-11-20 08:00:00+00:00,60910.53033568278
2022-11-20 12:00:00+00:00,60910.53033568278
2022-11-20 16:00:00+00:00,60910.53033568278
2022-11-20 20:00:00+00:00,60910.53033568278
2022-11-21 00:00:00+00:00,60910.53033568278
2022-11-21 04:00:00+00:00,60910.53033568278
2022-11-21 08:00:00+00:00,60910.53033568278
2022-11-21 12:00:00+00:00,60910.53033568278
2022-11-21 16:00:00+00:00,60910.53033568278
2022-11-21 20:00:00+00:00,60910.53033568278
2022-11-22 00:00:00+00:00,60928.955826834776
2022-11-22 04:00:00+00:00,60927.42907424581
2022-11-22 08:00:00+00:00,60927.42907424581
2022-11-22 12:00:00+00:00,60927.42907424581
2022-11-22 16:00:00+00:00,60927.42907424581
2022-11-22 20:00:00+00:00,60927.42907424581
2022-11-23 00:00:00+00:00,60927.42907424581
2022-11-23 04:00:00+00:00,60927.42907424581
2022-11-23 08:00:00+00:00,60927.42907424581
2022-11-23 12:00:00+00:00,60927.42907424581
2022-11-23 16:00:00+00:00,60927.42907424581
2022-11-23 20:00:00+00:00,60927.42907424581
2022-11-24 00:00:00+00:00,60927.42907424581
2022-11-24 04:00:00+00:00,60927.42907424581
2022-11-24 08:00:00+00:00,60927.42907424581
2022-11-24 12:00:00+00:00,60927.42907424581
2022-11-24 16:00:00+00:00,60927.42907424581
2022-11-24 20:00:00+00:00,60927.42907424581
2022-11-25 00:00:00+00:00,60927.42907424581
2022-11-25 04:00:00+00:00,60927.42907424581
2022-11-25 08:00:00+00:00,60927.42907424581
2022-11-25 12:00:00+00:00,60927.42907424581
2022-11-25 16:00:00+00:00,60927.42907424581
2022-11-25 20:00:00+00:00,60927.42907424581
2022-11-26 00:00:00+00:00,60927.42907424581
2022-11-26 04:00:00+00:00,60927.42907424581
2022-11-26 08:00:00+00:00,60927.42907424581
2022-11-26 12:00:00+00:00,60927.42907424581
2022-11-26 16:00:00+00:00,60927.42907424581
2022-11-26 20:00:00+00:00,60927.42907424581
2022-11-27 00:00:00+00:00,60927.42907424581
2022-11-27 04:00:00+00:00,60927.42907424581
2022-11-27 08:00:00+00:00,60927.42907424581
2022-11-27 12:00:00+00:00,60927.42907424581
2022-11-27 16:00:00+00:00,60927.42907424581
2022-11-27 20:00:00+00:00,60927.42907424581
2022-11-28 00:00:00+00:00,60927.42907424581
2022-11-28 04:00:00+00:00,60927.42907424581
2022-11-28 08:00:00+00:00,60927.42907424581
2022-11-28 12:00:00+00:00,60927.42907424581
2022-11-28 16:00:00+00:00,60927.42907424581
2022-11-28 20:00:00+00:00,60927.42907424581
2022-11-29 00:00:00+00:00,60927.42907424581
2022-11-29 04:00:00+00:00,60927.42907424581
2022-11-29 08:00:00+00:00,60927.42907424581
2022-11-29 12:00:00+00:00,60927.42907424581
2022-11-29 16:00:00+00:00,60927.42907424581
2022-11-29 20:00:00+00:00,60927.42907424581
2022-11-30 00:00:00+00:00,60927.42907424581
2022-11-30 04:00:00+00:00,60927.42907424581
2022-11-30 08:00:00+00:00,60927.42907424581
2022-11-30 12:00:00+00:00,60927.42907424581
2022-11-30 16:00:00+00:00,60927.42907424581
2022-11-30 20:00:00+00:00,60927.42907424581
2022-12-01 00:00:00+00:00,60927.42907424581
2022-12-01 04:00:00+00:00,60927.42907424581
2022-12-01 08:00:00+00:00,60927.42907424581
2022-12-01 12:00:00+00:00,60927.42907424581
2022-12-01 16:00:00+00:00,60927.42907424581
2022-12-01 20:00:00+00:00,60927.42907424581
2022-12-02 00:00:00+00:00,60927.42907424581
2022-12-02 04:00:00+00:00,60927.42907424581
2022-12-02 08:00:00+00:00,60927.42907424581
2022-12-02 12:00:00+00:00,60927.42907424581
2022-12-02 16:00:00+00:00,60927.42907424581
2022-12-02 20:00:00+00:00,60927.42907424581
2022-12-03 00:00:00+00:00,60927.42907424581
2022-12-03 04:00:00+00:00,60927.42907424581
2022-12-03 08:00:00+00:00,60927.42907424581
2022-12-03 12:00:00+00:00,60927.42907424581
2022-12-03 16:00:00+00:00,60927.42907424581
2022-12-03 20:00:00+00:00,60927.42907424581
2022-12-04 00:00:00+00:00,60927.42907424581
2022-12-04 04:00:00+00:00,60927.42907424581
2022-12-04 08:00:00+00:00,60927.42907424581
2022-12-04 12:00:00+00:00,60927.42907424581
2022-12-04 16:00:00+00:00,60927.42907424581
2022-12-04 20:00:00+00:00,60927.42907424581
2022-12-05 00:00:00+00:00,60927.42907424581
2022-12-05 04:00:00+00:00,60927.42907424581
2022-12-05 08:00:00+00:00,60927.42907424581
2022-12-05 12:00:00+00:00,60927.42907424581
2022-12-05 16:00:00+00:00,60927.42907424581
2022-12-05 20:00:00+00:00,60927.42907424581
2022-12-06 00:00:00+00:00,60927.42907424581
2022-12-06 04:00:00+00:00,60927.42907424581
2022-12-06 08:00:00+00:00,60927.42907424581
2022-12-06 12:00:00+00:00,60927.42907424581
2022-12-06 16:00:00+00:00,60927.42907424581
2022-12-06 20:00:00+00:00,60927.42907424581
2022-12-07 00:00:00+00:00,60927.42907424581
2022-12-07 04:00:00+00:00,60927.42907424581
2022-12-07 08:00:00+00:00,60927.42907424581
2022-12-07 12:00:00+00:00,60927.42907424581
2022-12-07 16:00:00+00:00,60927.42907424581
2022-12-07 20:00:00+00:00,60927.42907424581
2022-12-08 00:00:00+00:00,60927.42907424581
2022-12-08 04:00:00+00:00,60927.42907424581
2022-12-08 08:00:00+00:00,60927.42907424581
2022-12-08 12:00:00+00:00,60927.42907424581
2022-12-08 16:00:00+00:00,60927.42907424581
2022-12-08 20:00:00+00:00,60927.42907424581
2022-12-09 00:00:00+00:00,60927.42907424581
2022-12-09 04:00:00+00:00,60927.42907424581
2022-12-09 08:00:00+00:00,60927.42907424581
2022-12-09 12:00:00+00:00,60927.42907424581
2022-12-09 16:00:00+00:00,60927.42907424581
2022-12-09 20:00:00+00:00,60927.42907424581
2022-12-10 00:00:00+00:00,60927.42907424581
2022-12-10 04:00:00+00:00,60927.42907424581
2022-12-10 08:00:00+00:00,60927.42907424581
2022-12-10 12:00:00+00:00,60927.42907424581
2022-12-10 16:00:00+00:00,60927.42907424581
2022-12-10 20:00:00+00:00,60927.42907424581
2022-12-11 00:00:00+00:00,60927.42907424581
2022-12-11 04:00:00+00:00,60927.42907424581
2022-12-11 08:00:00+00:00,60927.42907424581
2022-12-11 12:00:00+00:00,60927.42907424581
2022-12-11 16:00:00+00:00,60927.42907424581
2022-12-11 20:00:00+00:00,60927.42907424581
2022-12-12 00:00:00+00:00,60927.42907424581
2022-12-12 04:00:00+00:00,60927.42907424581
2022-12-12 08:00:00+00:00,60927.42907424581
2022-12-12 12:00:00+00:00,60927.42907424581
2022-12-12 16:00:00+00:00,60927.42907424581
2022-12-12 20:00:00+00:00,60927.42907424581
2022-12-13 00:00:00+00:00,60927.42907424581
2022-12-13 04:00:00+00:00,60927.42907424581
2022-12-13 08:00:00+00:00,60927.42907424581
2022-12-13 12:00:00+00:00,60927.42907424581
2022-12-13 16:00:00+00:00,60927.42907424581
2022-12-13 20:00:00+00:00,60927.42907424581
2022-12-14 00:00:00+00:00,60927.42907424581
2022-12-14 04:00:00+00:00,60927.42907424581
2022-12-14 08:00:00+00:00,61035.5150615098
2022-12-14 12:00:00+00:00,61102.82614058981
2022-12-14 16:00:00+00:00,62122.706603368606
2022-12-14 20:00:00+00:00,60947.48317079773
2022-12-15 00:00:00+00:00,60971.55512772161
2022-12-15 04:00:00+00:00,60320.34956471225
2022-12-15 08:00:00+00:00,60320.34956471225
2022-12-15 12:00:00+00:00,60320.34956471225
2022-12-15 16:00:00+00:00,60320.34956471225
2022-12-15 20:00:00+00:00,60320.34956471225
2022-12-16 00:00:00+00:00,60252.95491495225
2022-12-16 04:00:00+00:00,60306.41200728617
2022-12-16 08:00:00+00:00,60372.681318466966
2022-12-16 12:00:00+00:00,59913.505405065785
2022-12-16 16:00:00+00:00,59913.505405065785
2022-12-16 20:00:00+00:00,59913.505405065785
2022-12-17 00:00:00+00:00,59913.505405065785
2022-12-17 04:00:00+00:00,59913.505405065785
2022-12-17 08:00:00+00:00,59913.505405065785
2022-12-17 12:00:00+00:00,59913.505405065785
2022-12-17 16:00:00+00:00,59913.505405065785
2022-12-17 20:00:00+00:00,59913.505405065785
2022-12-18 00:00:00+00:00,59913.505405065785
2022-12-18 04:00:00+00:00,59913.505405065785
2022-12-18 08:00:00+00:00,59913.505405065785
2022-12-18 12:00:00+00:00,59913.505405065785
2022-12-18 16:00:00+00:00,59913.505405065785
2022-12-18 20:00:00+00:00,59913.505405065785
2022-12-19 00:00:00+00:00,59913.505405065785
2022-12-19 04:00:00+00:00,59913.505405065785
2022-12-19 08:00:00+00:00,59913.505405065785
2022-12-19 12:00:00+00:00,59913.505405065785
2022-12-19 16:00:00+00:00,59913.505405065785
2022-12-19 20:00:00+00:00,59913.505405065785
2022-12-20 00:00:00+00:00,59913.505405065785
2022-12-20 04:00:00+00:00,59913.505405065785
2022-12-20 08:00:00+00:00,59913.505405065785
2022-12-20 12:00:00+00:00,59913.505405065785
2022-12-20 16:00:00+00:00,59913.505405065785
2022-12-20 20:00:00+00:00,59913.505405065785
2022-12-21 00:00:00+00:00,59913.505405065785
2022-12-21 04:00:00+00:00,59913.505405065785
2022-12-21 08:00:00+00:00,59913.505405065785
2022-12-21 12:00:00+00:00,59913.505405065785
2022-12-21 16:00:00+00:00,59913.505405065785
2022-12-21 20:00:00+00:00,59913.505405065785
2022-12-22 00:00:00+00:00,59913.505405065785
2022-12-22 04:00:00+00:00,59913.505405065785
2022-12-22 08:00:00+00:00,59913.505405065785
2022-12-22 12:00:00+00:00,59913.505405065785
2022-12-22 16:00:00+00:00,59913.505405065785
2022-12-22 20:00:00+00:00,59913.505405065785
2022-12-23 00:00:00+00:00,59913.505405065785
2022-12-23 04:00:00+00:00,59913.505405065785
2022-12-23 08:00:00+00:00,59913.505405065785
2022-12-23 12:00:00+00:00,59913.505405065785
2022-12-23 16:00:00+00:00,59913.505405065785
2022-12-23 20:00:00+00:00,59913.505405065785
2022-12-24 00:00:00+00:00,59913.505405065785
2022-12-24 04:00:00+00:00,59913.505405065785
2022-12-24 08:00:00+00:00,59913.505405065785
2022-12-24 12:00:00+00:00,59913.505405065785
2022-12-24 16:00:00+00:00,59913.505405065785
2022-12-24 20:00:00+00:00,59913.505405065785
2022-12-25 00:00:00+00:00,59913.505405065785
2022-12-25 04:00:00+00:00,59913.505405065785
2022-12-25 08:00:00+00:00,59913.505405065785
2022-12-25 12:00:00+00:00,59913.505405065785
2022-12-25 16:00:00+00:00,59913.505405065785
2022-12-25 20:00:00+00:00,59913.505405065785
2022-12-26 00:00:00+00:00,59913.505405065785
2022-12-26 04:00:00+00:00,59913.505405065785
2022-12-26 08:00:00+00:00,59913.505405065785
2022-12-26 12:00:00+00:00,59913.505405065785
2022-12-26 16:00:00+00:00,59913.505405065785
2022-12-26 20:00:00+00:00,59913.505405065785
2022-12-27 00:00:00+00:00,59913.505405065785
2022-12-27 04:00:00+00:00,59913.505405065785
2022-12-27 08:00:00+00:00,59913.505405065785
2022-12-27 12:00:00+00:00,59913.505405065785
2022-12-27 16:00:00+00:00,59913.505405065785
2022-12-27 20:00:00+00:00,59913.505405065785
2022-12-28 00:00:00+00:00,59913.505405065785
2022-12-28 04:00:00+00:00,59913.505405065785
2022-12-28 08:00:00+00:00,59913.505405065785
2022-12-28 12:00:00+00:00,59913.505405065785
2022-12-28 16:00:00+00:00,59913.505405065785
2022-12-28 20:00:00+00:00,59913.505405065785
2022-12-29 00:00:00+00:00,59913.505405065785
2022-12-29 04:00:00+00:00,59913.505405065785
2022-12-29 08:00:00+00:00,59913.505405065785
2022-12-29 12:00:00+00:00,59913.505405065785
2022-12-29 16:00:00+00:00,59913.505405065785
2022-12-29 20:00:00+00:00,59913.505405065785
2022-12-30 00:00:00+00:00,59913.505405065785
2022-12-30 04:00:00+00:00,59913.505405065785
2022-12-30 08:00:00+00:00,59913.505405065785
2022-12-30 12:00:00+00:00,59913.505405065785
2022-12-30 16:00:00+00:00,59913.505405065785
2022-12-30 20:00:00+00:00,59913.505405065785
2022-12-31 00:00:00+00:00,59913.505405065785
2022-12-31 04:00:00+00:00,59913.505405065785
2022-12-31 08:00:00+00:00,59913.505405065785
2022-12-31 12:00:00+00:00,59913.505405065785
2022-12-31 16:00:00+00:00,59913.505405065785
2022-12-31 20:00:00+00:00,59913.505405065785
2023-01-01 00:00:00+00:00,59913.505405065785
2023-01-01 04:00:00+00:00,59913.505405065785
2023-01-01 08:00:00+00:00,59913.505405065785
2023-01-01 12:00:00+00:00,59913.505405065785
2023-01-01 16:00:00+00:00,59913.505405065785
2023-01-01 20:00:00+00:00,59913.505405065785
2023-01-02 00:00:00+00:00,59913.505405065785
2023-01-02 04:00:00+00:00,59913.505405065785
2023-01-02 08:00:00+00:00,59913.505405065785
2023-01-02 12:00:00+00:00,59913.505405065785
2023-01-02 16:00:00+00:00,59913.505405065785
2023-01-02 20:00:00+00:00,59913.505405065785
2023-01-03 00:00:00+00:00,59913.505405065785
2023-01-03 04:00:00+00:00,59913.505405065785
2023-01-03 08:00:00+00:00,59913.505405065785
2023-01-03 12:00:00+00:00,59913.505405065785
2023-01-03 16:00:00+00:00,59913.505405065785
2023-01-03 20:00:00+00:00,59913.505405065785
2023-01-04 00:00:00+00:00,59913.505405065785
2023-01-04 04:00:00+00:00,59913.505405065785
2023-01-04 08:00:00+00:00,59913.505405065785
2023-01-04 12:00:00+00:00,59913.505405065785
2023-01-04 16:00:00+00:00,59913.505405065785
2023-01-04 20:00:00+00:00,59913.505405065785
2023-01-05 00:00:00+00:00,59913.505405065785
2023-01-05 04:00:00+00:00,59913.505405065785
2023-01-05 08:00:00+00:00,59913.505405065785
2023-01-05 12:00:00+00:00,59913.505405065785
2023-01-05 16:00:00+00:00,59913.505405065785
2023-01-05 20:00:00+00:00,59913.505405065785
2023-01-06 00:00:00+00:00,59913.505405065785
2023-01-06 04:00:00+00:00,59913.505405065785
2023-01-06 08:00:00+00:00,59913.505405065785
2023-01-06 12:00:00+00:00,59913.505405065785
2023-01-06 16:00:00+00:00,59913.505405065785
2023-01-06 20:00:00+00:00,59913.505405065785
2023-01-07 00:00:00+00:00,59913.505405065785
2023-01-07 04:00:00+00:00,59913.505405065785
2023-01-07 08:00:00+00:00,59913.505405065785
2023-01-07 12:00:00+00:00,59769.27126600249
2023-01-07 16:00:00+00:00,59883.74918308259
2023-01-07 20:00:00+00:00,59890.265202038594
2023-01-08 00:00:00+00:00,59889.96046573545
2023-01-08 04:00:00+00:00,59919.88766229333
2023-01-08 08:00:00+00:00,60044.88032821502
2023-01-08 12:00:00+00:00,59459.66426791499
2023-01-08 16:00:00+00:00,60959.94271068719
2023-01-08 20:00:00+00:00,59470.586911203834
2023-01-09 00:00:00+00:00,63629.9817560244
2023-01-09 04:00:00+00:00,65162.26200058552
2023-01-09 08:00:00+00:00,65217.36420200277
2023-01-09 12:00:00+00:00,66230.08598922727
2023-01-09 16:00:00+00:00,66962.73265972233
2023-01-09 20:00:00+00:00,67595.86931235743
2023-01-10 00:00:00+00:00,64736.91921137681
2023-01-10 04:00:00+00:00,65229.13907968443
2023-01-10 08:00:00+00:00,65140.69799036191
2023-01-10 12:00:00+00:00,66032.18027313153
2023-01-10 16:00:00+00:00,67384.99578530225
2023-01-10 20:00:00+00:00,69364.68396343011
2023-01-11 00:00:00+00:00,69456.41988866896
2023-01-11 04:00:00+00:00,69038.88139772076
2023-01-11 08:00:00+00:00,69590.02434469914
2023-01-11 12:00:00+00:00,69430.19165011836
2023-01-11 16:00:00+00:00,67505.66288512446
2023-01-11 20:00:00+00:00,71500.02254825
2023-01-12 00:00:00+00:00,78842.21485332158
2023-01-12 04:00:00+00:00,82116.57565990342
2023-01-12 08:00:00+00:00,82116.57565990342
2023-01-12 12:00:00+00:00,83982.84340274286
2023-01-12 16:00:00+00:00,81283.0297531117
2023-01-12 20:00:00+00:00,100210.80845785994
2023-01-13 00:00:00+00:00,99278.06084407747
2023-01-13 04:00:00+00:00,100033.45347737141
2023-01-13 08:00:00+00:00,98755.8057134869
2023-01-13 12:00:00+00:00,100962.71924516735
2023-01-13 16:00:00+00:00,109075.24667447124
2023-01-13 20:00:00+00:00,111411.74821424004
2023-01-14 00:00:00+00:00,124582.51035563025
2023-01-14 04:00:00+00:00,124582.51035563025
2023-01-14 08:00:00+00:00,122164.9911628728
2023-01-14 12:00:00+00:00,116232.75909761956
2023-01-14 16:00:00+00:00,118192.25909761956
2023-01-14 20:00:00+00:00,118302.6278567395
2023-01-15 00:00:00+00:00,123298.33315864821
2023-01-15 04:00:00+00:00,116140.14798893123
2023-01-15 08:00:00+00:00,116108.89204849306
2023-01-15 12:00:00+00:00,115934.93284034394
2023-01-15 16:00:00+00:00,118282.26328406479
2023-01-15 20:00:00+00:00,117601.12245286789
2023-01-16 00:00:00+00:00,117667.4398528679
2023-01-16 04:00:00+00:00,120103.72407680728
2023-01-16 08:00:00+00:00,120506.95110899789
2023-01-16 12:00:00+00:00,116867.94834939788
2023-01-16 16:00:00+00:00,119087.75328665471
2023-01-16 20:00:00+00:00,122920.0244125379
2023-01-17 00:00:00+00:00,121324.12314545587
2023-01-17 04:00:00+00:00,120588.99949467332
2023-01-17 08:00:00+00:00,120660.09180445717
2023-01-17 12:00:00+00:00,121687.74758919672
2023-01-17 16:00:00+00:00,121165.79574691718
2023-01-17 20:00:00+00:00,123095.03451052778
2023-01-18 00:00:00+00:00,120536.45141358014
2023-01-18 04:00:00+00:00,121707.24919589415
2023-01-18 08:00:00+00:00,122161.4300273164
2023-01-18 12:00:00+00:00,121170.46516650422
2023-01-18 16:00:00+00:00,119598.56524107639
2023-01-18 20:00:00+00:00,118318.299949777
2023-01-19 00:00:00+00:00,116218.01010147795
2023-01-19 04:00:00+00:00,116845.54939797078
2023-01-19 08:00:00+00:00,117497.22999730615
2023-01-19 12:00:00+00:00,116756.27696788471
2023-01-19 16:00:00+00:00,117975.77840405623
2023-01-19 20:00:00+00:00,120041.00215796714
2023-01-20 00:00:00+00:00,119837.17718636089
2023-01-20 04:00:00+00:00,119969.7366853816
2023-01-20 08:00:00+00:00,118734.32380074784
2023-01-20 12:00:00+00:00,118740.66230197718
2023-01-20 16:00:00+00:00,120463.39509824534
2023-01-20 20:00:00+00:00,123777.5762996906
2023-01-21 00:00:00+00:00,134861.03925039765
2023-01-21 04:00:00+00:00,133187.21203316055
2023-01-21 08:00:00+00:00,134415.78175105277
2023-01-21 12:00:00+00:00,138127.56978684105
2023-01-21 16:00:00+00:00,139405.7729014264
2023-01-21 20:00:00+00:00,143217.42595507676
2023-01-22 00:00:00+00:00,136382.62178868323
2023-01-22 04:00:00+00:00,136167.5217236524
2023-01-22 08:00:00+00:00,137459.6767960592
2023-01-22 12:00:00+00:00,136326.26739612667
2023-01-22 16:00:00+00:00,136427.1304254036
2023-01-22 20:00:00+00:00,135670.42390640356
2023-01-23 00:00:00+00:00,135545.58290640358
2023-01-23 04:00:00+00:00,135074.93900163507
2023-01-23 08:00:00+00:00,135395.47418630356
2023-01-23 12:00:00+00:00,137470.46320690305
2023-01-23 16:00:00+00:00,136961.98053892847
2023-01-23 20:00:00+00:00,136308.14262519559
2023-01-24 00:00:00+00:00,137518.21562519556
2023-01-24 04:00:00+00:00,139121.12935943686
2023-01-24 08:00:00+00:00,138865.01104789556
2023-01-24 12:00:00+00:00,137471.25951202124
2023-01-24 16:00:00+00:00,137567.84812691185
2023-01-24 20:00:00+00:00,138457.56543023855
2023-01-25 00:00:00+00:00,134644.03197731447
2023-01-25 04:00:00+00:00,134599.20293695809
2023-01-25 08:00:00+00:00,134568.3487044429
2023-01-25 12:00:00+00:00,134568.23695218586
2023-01-25 16:00:00+00:00,134568.21648029052
2023-01-25 20:00:00+00:00,134568.38253569967
2023-01-26 00:00:00+00:00,134568.69529457798
2023-01-26 04:00:00+00:00,135244.63600244524
2023-01-26 08:00:00+00:00,133607.24935705622
2023-01-26 12:00:00+00:00,133811.07603794782
2023-01-26 16:00:00+00:00,133446.4009583558
2023-01-26 20:00:00+00:00,134564.0879034579
2023-01-27 00:00:00+00:00,133948.0081524009
2023-01-27 04:00:00+00:00,131559.83537442444
2023-01-27 08:00:00+00:00,132438.03977059625
2023-01-27 12:00:00+00:00,131323.8008873653
2023-01-27 16:00:00+00:00,131264.89841379647
2023-01-27 20:00:00+00:00,134258.55670211263
2023-01-28 00:00:00+00:00,132405.43770211263
2023-01-28 04:00:00+00:00,132805.6101379813
2023-01-28 08:00:00+00:00,131513.54708241264
2023-01-28 12:00:00+00:00,131394.59710206682
2023-01-28 16:00:00+00:00,131707.48236331265
2023-01-28 20:00:00+00:00,131971.91212916042
2023-01-29 00:00:00+00:00,131822.8272987125
2023-01-29 04:00:00+00:00,133576.87642610204
2023-01-29 08:00:00+00:00,133681.90639789027
2023-01-29 12:00:00+00:00,136060.92929354488
2023-01-29 16:00:00+00:00,137016.61585718134
2023-01-29 20:00:00+00:00,140906.66591156012
2023-01-30 00:00:00+00:00,139237.06880759483
2023-01-30 04:00:00+00:00,138797.9806116521
2023-01-30 08:00:00+00:00,138263.0380463594
2023-01-30 12:00:00+00:00,132346.9059562931
2023-01-30 16:00:00+00:00,132570.66175312726
2023-01-30 20:00:00+00:00,131772.3439492932
2023-01-31 00:00:00+00:00,131772.3439492932
2023-01-31 04:00:00+00:00,131772.3439492932
2023-01-31 08:00:00+00:00,131772.3439492932
2023-01-31 12:00:00+00:00,131772.3439492932
2023-01-31 16:00:00+00:00,131772.3439492932
2023-01-31 20:00:00+00:00,131920.68542341993
2023-02-01 00:00:00+00:00,131800.82690093145
2023-02-01 04:00:00+00:00,131749.83629519763
2023-02-01 08:00:00+00:00,131749.83629519763
2023-02-01 12:00:00+00:00,131749.83629519763
2023-02-01 16:00:00+00:00,131749.83629519763
2023-02-01 20:00:00+00:00,131749.83629519763
2023-02-02 00:00:00+00:00,131749.83629519763
2023-02-02 04:00:00+00:00,131749.83629519763
2023-02-02 08:00:00+00:00,131749.83629519763
2023-02-02 12:00:00+00:00,131749.83629519763
2023-02-02 16:00:00+00:00,131749.83629519763
2023-02-02 20:00:00+00:00,131749.83629519763
2023-02-03 00:00:00+00:00,131749.83629519763
2023-02-03 04:00:00+00:00,131749.83629519763
2023-02-03 08:00:00+00:00,131749.83629519763
2023-02-03 12:00:00+00:00,131749.83629519763
2023-02-03 16:00:00+00:00,131749.83629519763
2023-02-03 20:00:00+00:00,131749.83629519763
2023-02-04 00:00:00+00:00,131749.83629519763
2023-02-04 04:00:00+00:00,131749.83629519763
2023-02-04 08:00:00+00:00,131749.83629519763
2023-02-04 12:00:00+00:00,131749.83629519763
2023-02-04 16:00:00+00:00,131749.83629519763
2023-02-04 20:00:00+00:00,131749.83629519763
2023-02-05 00:00:00+00:00,131749.83629519763
2023-02-05 04:00:00+00:00,131749.83629519763
2023-02-05 08:00:00+00:00,131749.83629519763
2023-02-05 12:00:00+00:00,131749.83629519763
2023-02-05 16:00:00+00:00,131749.83629519763
2023-02-05 20:00:00+00:00,131749.83629519763
2023-02-06 00:00:00+00:00,131749.83629519763
2023-02-06 04:00:00+00:00,131749.83629519763
2023-02-06 08:00:00+00:00,131749.83629519763
2023-02-06 12:00:00+00:00,131749.83629519763
2023-02-06 16:00:00+00:00,131749.83629519763
2023-02-06 20:00:00+00:00,131749.83629519763
2023-02-07 00:00:00+00:00,131749.83629519763
2023-02-07 04:00:00+00:00,131749.83629519763
2023-02-07 08:00:00+00:00,131749.83629519763
2023-02-07 12:00:00+00:00,131749.83629519763
2023-02-07 16:00:00+00:00,131749.83629519763
2023-02-07 20:00:00+00:00,131749.83629519763
2023-02-08 00:00:00+00:00,131749.83629519763
2023-02-08 04:00:00+00:00,131749.83629519763
2023-02-08 08:00:00+00:00,131749.83629519763
2023-02-08 12:00:00+00:00,131749.83629519763
2023-02-08 16:00:00+00:00,131749.83629519763
2023-02-08 20:00:00+00:00,131749.83629519763
2023-02-09 00:00:00+00:00,131749.83629519763
2023-02-09 04:00:00+00:00,131749.83629519763
2023-02-09 08:00:00+00:00,131749.83629519763
2023-02-09 12:00:00+00:00,131749.83629519763
2023-02-09 16:00:00+00:00,131749.83629519763
2023-02-09 20:00:00+00:00,131749.83629519763
2023-02-10 00:00:00+00:00,131749.83629519763
2023-02-10 04:00:00+00:00,131749.83629519763
2023-02-10 08:00:00+00:00,131749.83629519763
2023-02-10 12:00:00+00:00,131749.83629519763
2023-02-10 16:00:00+00:00,131749.83629519763
2023-02-10 20:00:00+00:00,131749.83629519763
2023-02-11 00:00:00+00:00,131749.83629519763
2023-02-11 04:00:00+00:00,131749.83629519763
2023-02-11 08:00:00+00:00,131749.83629519763
2023-02-11 12:00:00+00:00,131749.83629519763
2023-02-11 16:00:00+00:00,131749.83629519763
2023-02-11 20:00:00+00:00,131749.83629519763
2023-02-12 00:00:00+00:00,131749.83629519763
2023-02-12 04:00:00+00:00,131749.83629519763
2023-02-12 08:00:00+00:00,131749.83629519763
2023-02-12 12:00:00+00:00,131749.83629519763
2023-02-12 16:00:00+00:00,131749.83629519763
2023-02-12 20:00:00+00:00,131749.83629519763
2023-02-13 00:00:00+00:00,131749.83629519763
2023-02-13 04:00:00+00:00,131749.83629519763
2023-02-13 08:00:00+00:00,131749.83629519763
2023-02-13 12:00:00+00:00,131749.83629519763
2023-02-13 16:00:00+00:00,131749.83629519763
2023-02-13 20:00:00+00:00,131749.83629519763
2023-02-14 00:00:00+00:00,131749.83629519763
2023-02-14 04:00:00+00:00,131749.83629519763
2023-02-14 08:00:00+00:00,131749.83629519763
2023-02-14 12:00:00+00:00,131749.83629519763
2023-02-14 16:00:00+00:00,131749.83629519763
2023-02-14 20:00:00+00:00,131749.83629519763
2023-02-15 00:00:00+00:00,131749.83629519763
2023-02-15 04:00:00+00:00,131749.83629519763
2023-02-15 08:00:00+00:00,131749.83629519763
2023-02-15 12:00:00+00:00,131749.83629519763
2023-02-15 16:00:00+00:00,131749.83629519763
2023-02-15 20:00:00+00:00,131749.83629519763
2023-02-16 00:00:00+00:00,131749.83629519763
2023-02-16 04:00:00+00:00,131749.83629519763
2023-02-16 08:00:00+00:00,129960.72396916346
2023-02-16 12:00:00+00:00,129270.98890031668
2023-02-16 16:00:00+00:00,136716.05976468668
2023-02-16 20:00:00+00:00,133523.63004184669
2023-02-17 00:00:00+00:00,120836.29084026664
2023-02-17 04:00:00+00:00,120836.29084026664
2023-02-17 08:00:00+00:00,120343.68978357065
2023-02-17 12:00:00+00:00,120713.25061340927
2023-02-17 16:00:00+00:00,121544.84754564094
2023-02-17 20:00:00+00:00,122488.8579128936
2023-02-18 00:00:00+00:00,122628.83852963222
2023-02-18 04:00:00+00:00,122707.1279739987
2023-02-18 08:00:00+00:00,122473.99533281726
2023-02-18 12:00:00+00:00,122475.07971065726
2023-02-18 16:00:00+00:00,122862.95729197617
2023-02-18 20:00:00+00:00,122679.81866087725
2023-02-19 00:00:00+00:00,122738.43106087725
2023-02-19 04:00:00+00:00,122849.12437776553
2023-02-19 08:00:00+00:00,122591.1647353074
2023-02-19 12:00:00+00:00,122800.51817188783
2023-02-19 16:00:00+00:00,123434.06174710314
2023-02-19 20:00:00+00:00,122419.41868905065
2023-02-20 00:00:00+00:00,121845.88908905064
2023-02-20 04:00:00+00:00,122172.30824337351
2023-02-20 08:00:00+00:00,122384.11796230116
2023-02-20 12:00:00+00:00,123325.04274190035
2023-02-20 16:00:00+00:00,123452.47658133508
2023-02-20 20:00:00+00:00,123289.7800322095
2023-02-21 00:00:00+00:00,123218.7466240372
2023-02-21 04:00:00+00:00,123399.17154221435
2023-02-21 08:00:00+00:00,123579.70690904098
2023-02-21 12:00:00+00:00,122535.29384893339
2023-02-21 16:00:00+00:00,122494.76670070819
2023-02-21 20:00:00+00:00,122608.03894152891
2023-02-22 00:00:00+00:00,122217.39301970793
2023-02-22 04:00:00+00:00,122186.44378387883
2023-02-22 08:00:00+00:00,122186.44378387883
2023-02-22 12:00:00+00:00,122186.44378387883
2023-02-22 16:00:00+00:00,122186.44378387883
2023-02-22 20:00:00+00:00,122186.44378387883
2023-02-23 00:00:00+00:00,122186.44378387883
2023-02-23 04:00:00+00:00,122186.44378387883
2023-02-23 08:00:00+00:00,121996.02638142243
2023-02-23 12:00:00+00:00,120538.98034574259
2023-02-23 16:00:00+00:00,120517.92114998396
2023-02-23 20:00:00+00:00,120517.92114998396
2023-02-24 00:00:00+00:00,120517.92114998396
2023-02-24 04:00:00+00:00,120517.92114998396
2023-02-24 08:00:00+00:00,120517.92114998396
2023-02-24 12:00:00+00:00,120517.92114998396
2023-02-24 16:00:00+00:00,120517.92114998396
2023-02-24 20:00:00+00:00,120517.92114998396
2023-02-25 00:00:00+00:00,120517.92114998396
2023-02-25 04:00:00+00:00,120517.92114998396
2023-02-25 08:00:00+00:00,120517.92114998396
2023-02-25 12:00:00+00:00,120517.92114998396
2023-02-25 16:00:00+00:00,120517.92114998396
2023-02-25 20:00:00+00:00,120517.92114998396
2023-02-26 00:00:00+00:00,120517.92114998396
2023-02-26 04:00:00+00:00,120517.92114998396
2023-02-26 08:00:00+00:00,120517.92114998396
2023-02-26 12:00:00+00:00,120517.92114998396
2023-02-26 16:00:00+00:00,120517.92114998396
2023-02-26 20:00:00+00:00,120517.92114998396
2023-02-27 00:00:00+00:00,120517.92114998396
2023-02-27 04:00:00+00:00,120517.92114998396
2023-02-27 08:00:00+00:00,120517.92114998396
2023-02-27 12:00:00+00:00,120517.92114998396
2023-02-27 16:00:00+00:00,120517.92114998396
2023-02-27 20:00:00+00:00,119644.84324590467
2023-02-28 00:00:00+00:00,119604.21980158369
2023-02-28 04:00:00+00:00,119604.21980158369
2023-02-28 08:00:00+00:00,119604.21980158369
2023-02-28 12:00:00+00:00,119604.21980158369
2023-02-28 16:00:00+00:00,119604.21980158369
2023-02-28 20:00:00+00:00,119604.21980158369
2023-03-01 00:00:00+00:00,119604.21980158369
2023-03-01 04:00:00+00:00,119604.21980158369
2023-03-01 08:00:00+00:00,119604.21980158369
2023-03-01 12:00:00+00:00,119685.04700243809
2023-03-01 16:00:00+00:00,119585.93611097852
2023-03-01 20:00:00+00:00,118492.3446215681
2023-03-02 00:00:00+00:00,118468.98973750652
2023-03-02 04:00:00+00:00,118468.98973750652
2023-03-02 08:00:00+00:00,118468.98973750652
2023-03-02 12:00:00+00:00,118468.98973750652
2023-03-02 16:00:00+00:00,118468.98973750652
2023-03-02 20:00:00+00:00,118468.98973750652
2023-03-03 00:00:00+00:00,118468.98973750652
2023-03-03 04:00:00+00:00,118468.98973750652
2023-03-03 08:00:00+00:00,118468.98973750652
2023-03-03 12:00:00+00:00,118468.98973750652
2023-03-03 16:00:00+00:00,118468.98973750652
2023-03-03 20:00:00+00:00,118468.98973750652
2023-03-04 00:00:00+00:00,118468.98973750652
2023-03-04 04:00:00+00:00,118468.98973750652
2023-03-04 08:00:00+00:00,118468.98973750652
2023-03-04 12:00:00+00:00,118468.98973750652
2023-03-04 16:00:00+00:00,118468.98973750652
2023-03-04 20:00:00+00:00,118468.98973750652
2023-03-05 00:00:00+00:00,118468.98973750652
2023-03-05 04:00:00+00:00,118468.98973750652
2023-03-05 08:00:00+00:00,118468.98973750652
2023-03-05 12:00:00+00:00,118468.98973750652
2023-03-05 16:00:00+00:00,118468.98973750652
2023-03-05 20:00:00+00:00,118468.98973750652
2023-03-06 00:00:00+00:00,118468.98973750652
2023-03-06 04:00:00+00:00,118468.98973750652
2023-03-06 08:00:00+00:00,118468.98973750652
2023-03-06 12:00:00+00:00,118468.98973750652
2023-03-06 16:00:00+00:00,118468.98973750652
2023-03-06 20:00:00+00:00,118468.98973750652
2023-03-07 00:00:00+00:00,118468.98973750652
2023-03-07 04:00:00+00:00,118468.98973750652
2023-03-07 08:00:00+00:00,118468.98973750652
2023-03-07 12:00:00+00:00,118468.98973750652
2023-03-07 16:00:00+00:00,118468.98973750652
2023-03-07 20:00:00+00:00,118468.98973750652
2023-03-08 00:00:00+00:00,118468.98973750652
2023-03-08 04:00:00+00:00,118468.98973750652
2023-03-08 08:00:00+00:00,118468.98973750652
2023-03-08 12:00:00+00:00,118468.98973750652
2023-03-08 16:00:00+00:00,118468.98973750652
2023-03-08 20:00:00+00:00,118468.98973750652
2023-03-09 00:00:00+00:00,118468.98973750652
2023-03-09 04:00:00+00:00,118468.98973750652
2023-03-09 08:00:00+00:00,118468.98973750652
2023-03-09 12:00:00+00:00,118468.98973750652
2023-03-09 16:00:00+00:00,118468.98973750652
2023-03-09 20:00:00+00:00,118468.98973750652
2023-03-10 00:00:00+00:00,118468.98973750652
2023-03-10 04:00:00+00:00,118468.98973750652
2023-03-10 08:00:00+00:00,118468.98973750652
2023-03-10 12:00:00+00:00,118468.98973750652
2023-03-10 16:00:00+00:00,118468.98973750652
2023-03-10 20:00:00+00:00,118468.98973750652
2023-03-11 00:00:00+00:00,118468.98973750652
2023-03-11 04:00:00+00:00,118468.98973750652
2023-03-11 08:00:00+00:00,118468.98973750652
2023-03-11 12:00:00+00:00,118468.98973750652
2023-03-11 16:00:00+00:00,118468.98973750652
2023-03-11 20:00:00+00:00,118468.98973750652
2023-03-12 00:00:00+00:00,118468.98973750652
2023-03-12 04:00:00+00:00,118468.98973750652
2023-03-12 08:00:00+00:00,118468.98973750652
2023-03-12 12:00:00+00:00,118468.98973750652
2023-03-12 16:00:00+00:00,118468.98973750652
2023-03-12 20:00:00+00:00,118468.98973750652
2023-03-13 00:00:00+00:00,118468.98973750652
2023-03-13 04:00:00+00:00,118468.98973750652
2023-03-13 08:00:00+00:00,118468.98973750652
2023-03-13 12:00:00+00:00,118468.98973750652
2023-03-13 16:00:00+00:00,118468.98973750652
2023-03-13 20:00:00+00:00,118468.98973750652
2023-03-14 00:00:00+00:00,118468.98973750652
2023-03-14 04:00:00+00:00,118468.98973750652
2023-03-14 08:00:00+00:00,118468.98973750652
2023-03-14 12:00:00+00:00,118468.98973750652
2023-03-14 16:00:00+00:00,118468.98973750652
2023-03-14 20:00:00+00:00,118468.98973750652
2023-03-15 00:00:00+00:00,116614.8290618713
2023-03-15 04:00:00+00:00,116872.5292971609
2023-03-15 08:00:00+00:00,117613.07483467132
2023-03-15 12:00:00+00:00,117010.88347528265
2023-03-15 16:00:00+00:00,115549.62026196296
2023-03-15 20:00:00+00:00,115006.09851692298
2023-03-16 00:00:00+00:00,114609.31455624715
2023-03-16 04:00:00+00:00,114524.90148960853
2023-03-16 08:00:00+00:00,116194.57541824062
2023-03-16 12:00:00+00:00,117182.83370451814
2023-03-16 16:00:00+00:00,117471.28980891839
2023-03-16 20:00:00+00:00,117772.92972366193
2023-03-17 00:00:00+00:00,118010.32145413566
2023-03-17 04:00:00+00:00,121777.86126232165
2023-03-17 08:00:00+00:00,123705.24983531953
2023-03-17 12:00:00+00:00,129689.53463939075
2023-03-17 16:00:00+00:00,126222.72813939075
2023-03-17 20:00:00+00:00,128303.35719467067
2023-03-18 00:00:00+00:00,131297.21869467068
2023-03-18 04:00:00+00:00,130801.80611571064
2023-03-18 08:00:00+00:00,131114.12441647594
2023-03-18 12:00:00+00:00,131553.37111780053
2023-03-18 16:00:00+00:00,130391.04841780054
2023-03-18 20:00:00+00:00,130927.0912278537
2023-03-19 00:00:00+00:00,128723.28309779787
2023-03-19 04:00:00+00:00,130236.4639488036
2023-03-19 08:00:00+00:00,129018.90517960055
2023-03-19 12:00:00+00:00,129978.13798516506
2023-03-19 16:00:00+00:00,132080.4138709391
2023-03-19 20:00:00+00:00,135740.76204508072
2023-03-20 00:00:00+00:00,134176.80454508073
2023-03-20 04:00:00+00:00,130577.88558102072
2023-03-20 08:00:00+00:00,135292.33238477874
2023-03-20 12:00:00+00:00,135406.41519078167
2023-03-20 16:00:00+00:00,132728.74517235407
2023-03-20 20:00:00+00:00,133166.30677895562
2023-03-21 00:00:00+00:00,132866.93073106965
2023-03-21 04:00:00+00:00,133191.7968691195
2023-03-21 08:00:00+00:00,131709.8485691195
2023-03-21 12:00:00+00:00,134530.5892686871
2023-03-21 16:00:00+00:00,134529.4681925668
2023-03-21 20:00:00+00:00,134967.99744557435
2023-03-22 00:00:00+00:00,134882.3562218093
2023-03-22 04:00:00+00:00,135140.652173043
2023-03-22 08:00:00+00:00,134845.63922119714
2023-03-22 12:00:00+00:00,134979.15816158807
2023-03-22 16:00:00+00:00,137470.4504615881
2023-03-22 20:00:00+00:00,128021.64930105666
2023-03-23 00:00:00+00:00,128021.64930105666
2023-03-23 04:00:00+00:00,128021.64930105666
2023-03-23 08:00:00+00:00,128021.64930105666
2023-03-23 12:00:00+00:00,128021.64930105666
2023-03-23 16:00:00+00:00,128021.64930105666
2023-03-23 20:00:00+00:00,127692.36681109907
2023-03-24 00:00:00+00:00,127555.10051109907
2023-03-24 04:00:00+00:00,127430.36980189907
2023-03-24 08:00:00+00:00,127525.05290189908
2023-03-24 12:00:00+00:00,126400.26446702906
2023-03-24 16:00:00+00:00,126356.66725027336
2023-03-24 20:00:00+00:00,126356.66725027336
2023-03-25 00:00:00+00:00,126356.66725027336
2023-03-25 04:00:00+00:00,126356.66725027336
2023-03-25 08:00:00+00:00,126356.66725027336
2023-03-25 12:00:00+00:00,126356.66725027336
2023-03-25 16:00:00+00:00,126356.66725027336
2023-03-25 20:00:00+00:00,126356.66725027336
2023-03-26 00:00:00+00:00,126356.66725027336
2023-03-26 04:00:00+00:00,126356.66725027336
2023-03-26 08:00:00+00:00,126356.66725027336
2023-03-26 12:00:00+00:00,126356.66725027336
2023-03-26 16:00:00+00:00,126356.66725027336
2023-03-26 20:00:00+00:00,126356.66725027336
2023-03-27 00:00:00+00:00,126356.66725027336
2023-03-27 04:00:00+00:00,126356.66725027336
2023-03-27 08:00:00+00:00,126356.66725027336
2023-03-27 12:00:00+00:00,126356.66725027336
2023-03-27 16:00:00+00:00,126356.66725027336
2023-03-27 20:00:00+00:00,126356.66725027336
2023-03-28 00:00:00+00:00,126356.66725027336
2023-03-28 04:00:00+00:00,126356.66725027336
2023-03-28 08:00:00+00:00,126356.66725027336
2023-03-28 12:00:00+00:00,126356.66725027336
2023-03-28 16:00:00+00:00,126356.66725027336
2023-03-28 20:00:00+00:00,126356.66725027336
2023-03-29 00:00:00+00:00,126356.66725027336
2023-03-29 04:00:00+00:00,126356.66725027336
2023-03-29 08:00:00+00:00,126356.66725027336
2023-03-29 12:00:00+00:00,126356.66725027336
2023-03-29 16:00:00+00:00,126356.66725027336
2023-03-29 20:00:00+00:00,126356.66725027336
2023-03-30 00:00:00+00:00,126356.66725027336
2023-03-30 04:00:00+00:00,126356.66725027336
2023-03-30 08:00:00+00:00,126356.66725027336
2023-03-30 12:00:00+00:00,126356.66725027336
2023-03-30 16:00:00+00:00,126356.66725027336
2023-03-30 20:00:00+00:00,126356.66725027336
2023-03-31 00:00:00+00:00,126356.66725027336
2023-03-31 04:00:00+00:00,126356.66725027336
2023-03-31 08:00:00+00:00,126356.66725027336
2023-03-31 12:00:00+00:00,126356.66725027336
2023-03-31 16:00:00+00:00,126356.66725027336
2023-03-31 20:00:00+00:00,126356.66725027336
2023-04-01 00:00:00+00:00,126356.66725027336
2023-04-01 04:00:00+00:00,126356.66725027336
2023-04-01 08:00:00+00:00,126356.66725027336
2023-04-01 12:00:00+00:00,126356.66725027336
2023-04-01 16:00:00+00:00,126356.66725027336
2023-04-01 20:00:00+00:00,126356.66725027336
2023-04-02 00:00:00+00:00,126356.66725027336
2023-04-02 04:00:00+00:00,126356.66725027336
2023-04-02 08:00:00+00:00,126356.66725027336
2023-04-02 12:00:00+00:00,126356.66725027336
2023-04-02 16:00:00+00:00,126356.66725027336
2023-04-02 20:00:00+00:00,126356.66725027336
2023-04-03 00:00:00+00:00,126356.66725027336
2023-04-03 04:00:00+00:00,126356.66725027336
2023-04-03 08:00:00+00:00,126356.66725027336
2023-04-03 12:00:00+00:00,126356.66725027336
2023-04-03 16:00:00+00:00,126356.66725027336
2023-04-03 20:00:00+00:00,126356.66725027336
2023-04-04 00:00:00+00:00,126356.66725027336
2023-04-04 04:00:00+00:00,126356.66725027336
2023-04-04 08:00:00+00:00,126356.66725027336
2023-04-04 12:00:00+00:00,126356.66725027336
2023-04-04 16:00:00+00:00,126356.66725027336
2023-04-04 20:00:00+00:00,126356.66725027336
2023-04-05 00:00:00+00:00,126356.66725027336
2023-04-05 04:00:00+00:00,126356.66725027336
2023-04-05 08:00:00+00:00,126356.66725027336
2023-04-05 12:00:00+00:00,126356.66725027336
2023-04-05 16:00:00+00:00,126356.66725027336
2023-04-05 20:00:00+00:00,126356.66725027336
2023-04-06 00:00:00+00:00,126356.66725027336
2023-04-06 04:00:00+00:00,126356.66725027336
2023-04-06 08:00:00+00:00,126356.66725027336
2023-04-06 12:00:00+00:00,126356.66725027336
2023-04-06 16:00:00+00:00,126356.66725027336
2023-04-06 20:00:00+00:00,126356.66725027336
2023-04-07 00:00:00+00:00,126356.66725027336
2023-04-07 04:00:00+00:00,126356.66725027336
2023-04-07 08:00:00+00:00,126356.66725027336
2023-04-07 12:00:00+00:00,126356.66725027336
2023-04-07 16:00:00+00:00,126356.66725027336
2023-04-07 20:00:00+00:00,126356.66725027336
2023-04-08 00:00:00+00:00,126356.66725027336
2023-04-08 04:00:00+00:00,126356.66725027336
2023-04-08 08:00:00+00:00,126356.66725027336
2023-04-08 12:00:00+00:00,126356.66725027336
2023-04-08 16:00:00+00:00,126356.66725027336
2023-04-08 20:00:00+00:00,126356.66725027336
2023-04-09 00:00:00+00:00,126356.66725027336
2023-04-09 04:00:00+00:00,126356.66725027336
2023-04-09 08:00:00+00:00,126356.66725027336
2023-04-09 12:00:00+00:00,126356.66725027336
2023-04-09 16:00:00+00:00,126356.66725027336
2023-04-09 20:00:00+00:00,126356.66725027336
2023-04-10 00:00:00+00:00,126356.66725027336
2023-04-10 04:00:00+00:00,126356.66725027336
2023-04-10 08:00:00+00:00,126356.66725027336
2023-04-10 12:00:00+00:00,126356.66725027336
2023-04-10 16:00:00+00:00,126356.66725027336
2023-04-10 20:00:00+00:00,126356.66725027336
2023-04-11 00:00:00+00:00,126356.66725027336
2023-04-11 04:00:00+00:00,126356.66725027336
2023-04-11 08:00:00+00:00,126211.79965235415
2023-04-11 12:00:00+00:00,125502.09094121415
2023-04-11 16:00:00+00:00,127307.44497498081
2023-04-11 20:00:00+00:00,126469.59288316868
2023-04-12 00:00:00+00:00,127370.5484067402
2023-04-12 04:00:00+00:00,123687.98051381855
2023-04-12 08:00:00+00:00,124549.61531381853
2023-04-12 12:00:00+00:00,124859.84530699291
2023-04-12 16:00:00+00:00,124095.36555763001
2023-04-12 20:00:00+00:00,121931.63262860273
2023-04-13 00:00:00+00:00,122715.2808788986
2023-04-13 04:00:00+00:00,124414.46007162593
2023-04-13 08:00:00+00:00,124362.04063845026
2023-04-13 12:00:00+00:00,125220.25096055289
2023-04-13 16:00:00+00:00,127803.53522779924
2023-04-13 20:00:00+00:00,126389.43395075458
2023-04-14 00:00:00+00:00,126762.08333503811
2023-04-14 04:00:00+00:00,129957.60329461913
2023-04-14 08:00:00+00:00,130691.16592567353
2023-04-14 12:00:00+00:00,131315.6951857888
2023-04-14 16:00:00+00:00,123916.25280973496
2023-04-14 20:00:00+00:00,123917.67569766316
2023-04-15 00:00:00+00:00,124311.663237735
2023-04-15 04:00:00+00:00,124075.34863915348
2023-04-15 08:00:00+00:00,124229.51395582165
2023-04-15 12:00:00+00:00,124079.1652308042
2023-04-15 16:00:00+00:00,123933.24606455828
2023-04-15 20:00:00+00:00,123922.04385353827
2023-04-16 00:00:00+00:00,123816.2275165342
2023-04-16 04:00:00+00:00,123716.73542972401
2023-04-16 08:00:00+00:00,123949.498729724
2023-04-16 12:00:00+00:00,123625.47318480401
2023-04-16 16:00:00+00:00,123923.763484804
2023-04-16 20:00:00+00:00,123864.5149668446
2023-04-17 00:00:00+00:00,123822.2093866431
2023-04-17 04:00:00+00:00,122699.07519877203
2023-04-17 08:00:00+00:00,122699.07519877203
2023-04-17 12:00:00+00:00,122699.07519877203
2023-04-17 16:00:00+00:00,122699.07519877203
2023-04-17 20:00:00+00:00,122699.07519877203
2023-04-18 00:00:00+00:00,122699.07519877203
2023-04-18 04:00:00+00:00,122699.07519877203
2023-04-18 08:00:00+00:00,122699.07519877203
2023-04-18 12:00:00+00:00,122699.07519877203
2023-04-18 16:00:00+00:00,120621.37860565262
2023-04-18 20:00:00+00:00,121016.2337770653
2023-04-19 00:00:00+00:00,122639.94310740246
2023-04-19 04:00:00+00:00,120864.63478986704
2023-04-19 08:00:00+00:00,119445.35302546411
2023-04-19 12:00:00+00:00,113702.07273840414
2023-04-19 16:00:00+00:00,113702.07273840414
2023-04-19 20:00:00+00:00,113702.07273840414
2023-04-20 00:00:00+00:00,113702.07273840414
2023-04-20 04:00:00+00:00,113702.07273840414
2023-04-20 08:00:00+00:00,113702.07273840414
2023-04-20 12:00:00+00:00,113702.07273840414
2023-04-20 16:00:00+00:00,113702.07273840414
2023-04-20 20:00:00+00:00,113702.07273840414
2023-04-21 00:00:00+00:00,113702.07273840414
2023-04-21 04:00:00+00:00,113702.07273840414
2023-04-21 08:00:00+00:00,113702.07273840414
2023-04-21 12:00:00+00:00,113702.07273840414
2023-04-21 16:00:00+00:00,113702.07273840414
2023-04-21 20:00:00+00:00,113702.07273840414
2023-04-22 00:00:00+00:00,113702.07273840414
2023-04-22 04:00:00+00:00,113702.07273840414
2023-04-22 08:00:00+00:00,113702.07273840414
2023-04-22 12:00:00+00:00,113702.07273840414
2023-04-22 16:00:00+00:00,113702.07273840414
2023-04-22 20:00:00+00:00,113702.07273840414
2023-04-23 00:00:00+00:00,113702.07273840414
2023-04-23 04:00:00+00:00,113702.07273840414
2023-04-23 08:00:00+00:00,113702.07273840414
2023-04-23 12:00:00+00:00,113702.07273840414
2023-04-23 16:00:00+00:00,113702.07273840414
2023-04-23 20:00:00+00:00,113702.07273840414
2023-04-24 00:00:00+00:00,113702.07273840414
2023-04-24 04:00:00+00:00,113702.07273840414
2023-04-24 08:00:00+00:00,113702.07273840414
2023-04-24 12:00:00+00:00,113702.07273840414
2023-04-24 16:00:00+00:00,113702.07273840414
2023-04-24 20:00:00+00:00,113702.07273840414
2023-04-25 00:00:00+00:00,113702.07273840414
2023-04-25 04:00:00+00:00,113702.07273840414
2023-04-25 08:00:00+00:00,113702.07273840414
2023-04-25 12:00:00+00:00,113702.07273840414
2023-04-25 16:00:00+00:00,113702.07273840414
2023-04-25 20:00:00+00:00,113702.07273840414
2023-04-26 00:00:00+00:00,113702.07273840414
2023-04-26 04:00:00+00:00,113702.07273840414
2023-04-26 08:00:00+00:00,113702.07273840414
2023-04-26 12:00:00+00:00,113702.07273840414
2023-04-26 16:00:00+00:00,113702.07273840414
2023-04-26 20:00:00+00:00,113702.07273840414
2023-04-27 00:00:00+00:00,113702.07273840414
2023-04-27 04:00:00+00:00,113702.07273840414
2023-04-27 08:00:00+00:00,113702.07273840414
2023-04-27 12:00:00+00:00,113702.07273840414
2023-04-27 16:00:00+00:00,113702.07273840414
2023-04-27 20:00:00+00:00,113702.07273840414
2023-04-28 00:00:00+00:00,113702.07273840414
2023-04-28 04:00:00+00:00,113702.07273840414
2023-04-28 08:00:00+00:00,113702.07273840414
2023-04-28 12:00:00+00:00,113702.07273840414
2023-04-28 16:00:00+00:00,113702.07273840414
2023-04-28 20:00:00+00:00,113702.07273840414
2023-04-29 00:00:00+00:00,113664.09610502813
2023-04-29 04:00:00+00:00,113725.08724518963
2023-04-29 08:00:00+00:00,113729.90757090082
2023-04-29 12:00:00+00:00,113708.91835861512
2023-04-29 16:00:00+00:00,113603.31635079051
2023-04-29 20:00:00+00:00,113534.17821958881
2023-04-30 00:00:00+00:00,113517.61755861681
2023-04-30 04:00:00+00:00,113489.06021215177
2023-04-30 08:00:00+00:00,113489.06021215177
2023-04-30 12:00:00+00:00,113489.06021215177
2023-04-30 16:00:00+00:00,113489.06021215177
2023-04-30 20:00:00+00:00,113489.06021215177
2023-05-01 00:00:00+00:00,113489.06021215177
2023-05-01 04:00:00+00:00,113489.06021215177
2023-05-01 08:00:00+00:00,113489.06021215177
2023-05-01 12:00:00+00:00,113489.06021215177
2023-05-01 16:00:00+00:00,113489.06021215177
2023-05-01 20:00:00+00:00,113489.06021215177
2023-05-02 00:00:00+00:00,113489.06021215177
2023-05-02 04:00:00+00:00,113489.06021215177
2023-05-02 08:00:00+00:00,113489.06021215177
2023-05-02 12:00:00+00:00,113489.06021215177
2023-05-02 16:00:00+00:00,113489.06021215177
2023-05-02 20:00:00+00:00,113489.06021215177
2023-05-03 00:00:00+00:00,113489.06021215177
2023-05-03 04:00:00+00:00,113489.06021215177
2023-05-03 08:00:00+00:00,113489.06021215177
2023-05-03 12:00:00+00:00,113489.06021215177
2023-05-03 16:00:00+00:00,113489.06021215177
2023-05-03 20:00:00+00:00,113489.06021215177
2023-05-04 00:00:00+00:00,113489.06021215177
2023-05-04 04:00:00+00:00,113489.06021215177
2023-05-04 08:00:00+00:00,113489.06021215177
2023-05-04 12:00:00+00:00,113489.06021215177
2023-05-04 16:00:00+00:00,113489.06021215177
2023-05-04 20:00:00+00:00,113489.06021215177
2023-05-05 00:00:00+00:00,113489.06021215177
2023-05-05 04:00:00+00:00,113489.06021215177
2023-05-05 08:00:00+00:00,113489.06021215177
2023-05-05 12:00:00+00:00,113489.06021215177
2023-05-05 16:00:00+00:00,113489.06021215177
2023-05-05 20:00:00+00:00,113489.06021215177
2023-05-06 00:00:00+00:00,113489.06021215177
2023-05-06 04:00:00+00:00,113489.06021215177
2023-05-06 08:00:00+00:00,113489.06021215177
2023-05-06 12:00:00+00:00,113489.06021215177
2023-05-06 16:00:00+00:00,113489.06021215177
2023-05-06 20:00:00+00:00,113489.06021215177
2023-05-07 00:00:00+00:00,113489.06021215177
2023-05-07 04:00:00+00:00,113489.06021215177
2023-05-07 08:00:00+00:00,113489.06021215177
2023-05-07 12:00:00+00:00,113489.06021215177
2023-05-07 16:00:00+00:00,113489.06021215177
2023-05-07 20:00:00+00:00,113489.06021215177
2023-05-08 00:00:00+00:00,113489.06021215177
2023-05-08 04:00:00+00:00,113489.06021215177
2023-05-08 08:00:00+00:00,113489.06021215177
2023-05-08 12:00:00+00:00,113489.06021215177
2023-05-08 16:00:00+00:00,113489.06021215177
2023-05-08 20:00:00+00:00,113489.06021215177
2023-05-09 00:00:00+00:00,113882.20295403177
2023-05-09 04:00:00+00:00,113826.62277394067
2023-05-09 08:00:00+00:00,113877.44362742898
2023-05-09 12:00:00+00:00,113853.32855957035
2023-05-09 16:00:00+00:00,113853.32855957035
2023-05-09 20:00:00+00:00,113853.32855957035
2023-05-10 00:00:00+00:00,113853.32855957035
2023-05-10 04:00:00+00:00,113853.32855957035
2023-05-10 08:00:00+00:00,113853.32855957035
2023-05-10 12:00:00+00:00,113853.32855957035
2023-05-10 16:00:00+00:00,113853.32855957035
2023-05-10 20:00:00+00:00,113853.32855957035
2023-05-11 00:00:00+00:00,113853.32855957035
2023-05-11 04:00:00+00:00,113853.32855957035
2023-05-11 08:00:00+00:00,113853.32855957035
2023-05-11 12:00:00+00:00,113853.32855957035
2023-05-11 16:00:00+00:00,113853.32855957035
2023-05-11 20:00:00+00:00,113853.32855957035
2023-05-12 00:00:00+00:00,113853.32855957035
2023-05-12 04:00:00+00:00,113853.32855957035
2023-05-12 08:00:00+00:00,113853.32855957035
2023-05-12 12:00:00+00:00,113853.32855957035
2023-05-12 16:00:00+00:00,113853.32855957035
2023-05-12 20:00:00+00:00,113853.32855957035
2023-05-13 00:00:00+00:00,113853.32855957035
2023-05-13 04:00:00+00:00,113853.32855957035
2023-05-13 08:00:00+00:00,113853.32855957035
2023-05-13 12:00:00+00:00,113853.32855957035
2023-05-13 16:00:00+00:00,113853.32855957035
2023-05-13 20:00:00+00:00,113853.32855957035
2023-05-14 00:00:00+00:00,113853.32855957035
2023-05-14 04:00:00+00:00,113853.32855957035
2023-05-14 08:00:00+00:00,113853.32855957035
2023-05-14 12:00:00+00:00,113853.32855957035
2023-05-14 16:00:00+00:00,113853.32855957035
2023-05-14 20:00:00+00:00,113853.32855957035
2023-05-15 00:00:00+00:00,113853.32855957035
2023-05-15 04:00:00+00:00,113853.32855957035
2023-05-15 08:00:00+00:00,113853.32855957035
2023-05-15 12:00:00+00:00,113853.32855957035
2023-05-15 16:00:00+00:00,113853.32855957035
2023-05-15 20:00:00+00:00,113853.32855957035
2023-05-16 00:00:00+00:00,113853.32855957035
2023-05-16 04:00:00+00:00,113853.32855957035
2023-05-16 08:00:00+00:00,113853.32855957035
2023-05-16 12:00:00+00:00,113853.32855957035
2023-05-16 16:00:00+00:00,113853.32855957035
2023-05-16 20:00:00+00:00,113853.32855957035
2023-05-17 00:00:00+00:00,113853.32855957035
2023-05-17 04:00:00+00:00,113853.32855957035
2023-05-17 08:00:00+00:00,113853.32855957035
2023-05-17 12:00:00+00:00,113853.32855957035
2023-05-17 16:00:00+00:00,113853.32855957035
2023-05-17 20:00:00+00:00,113853.32855957035
2023-05-18 00:00:00+00:00,113853.32855957035
2023-05-18 04:00:00+00:00,113853.32855957035
2023-05-18 08:00:00+00:00,113853.32855957035
2023-05-18 12:00:00+00:00,113853.32855957035
2023-05-18 16:00:00+00:00,113853.32855957035
2023-05-18 20:00:00+00:00,113853.32855957035
2023-05-19 00:00:00+00:00,113853.32855957035
2023-05-19 04:00:00+00:00,113853.32855957035
2023-05-19 08:00:00+00:00,113853.32855957035
2023-05-19 12:00:00+00:00,113853.32855957035
2023-05-19 16:00:00+00:00,113853.32855957035
2023-05-19 20:00:00+00:00,113853.32855957035
2023-05-20 00:00:00+00:00,113853.32855957035
2023-05-20 04:00:00+00:00,113853.32855957035
2023-05-20 08:00:00+00:00,113853.32855957035
2023-05-20 12:00:00+00:00,113853.32855957035
2023-05-20 16:00:00+00:00,113853.32855957035
2023-05-20 20:00:00+00:00,113853.32855957035
2023-05-21 00:00:00+00:00,113853.32855957035
2023-05-21 04:00:00+00:00,113853.32855957035
2023-05-21 08:00:00+00:00,113853.32855957035
2023-05-21 12:00:00+00:00,113853.32855957035
2023-05-21 16:00:00+00:00,113853.32855957035
2023-05-21 20:00:00+00:00,113853.32855957035
2023-05-22 00:00:00+00:00,113853.32855957035
2023-05-22 04:00:00+00:00,113853.32855957035
2023-05-22 08:00:00+00:00,113853.32855957035
2023-05-22 12:00:00+00:00,113853.32855957035
2023-05-22 16:00:00+00:00,113853.32855957035
2023-05-22 20:00:00+00:00,113853.32855957035
2023-05-23 00:00:00+00:00,113853.32855957035
2023-05-23 04:00:00+00:00,113853.32855957035
2023-05-23 08:00:00+00:00,113853.32855957035
2023-05-23 12:00:00+00:00,113853.32855957035
2023-05-23 16:00:00+00:00,113853.32855957035
2023-05-23 20:00:00+00:00,113853.32855957035
2023-05-24 00:00:00+00:00,113853.32855957035
2023-05-24 04:00:00+00:00,113853.32855957035
2023-05-24 08:00:00+00:00,113853.32855957035
2023-05-24 12:00:00+00:00,113853.32855957035
2023-05-24 16:00:00+00:00,113853.32855957035
2023-05-24 20:00:00+00:00,113853.32855957035
2023-05-25 00:00:00+00:00,113853.32855957035
2023-05-25 04:00:00+00:00,113853.32855957035
2023-05-25 08:00:00+00:00,113853.32855957035
2023-05-25 12:00:00+00:00,113853.32855957035
2023-05-25 16:00:00+00:00,113853.32855957035
2023-05-25 20:00:00+00:00,113853.32855957035
2023-05-26 00:00:00+00:00,113853.32855957035
2023-05-26 04:00:00+00:00,113853.32855957035
2023-05-26 08:00:00+00:00,113853.32855957035
2023-05-26 12:00:00+00:00,113853.32855957035
2023-05-26 16:00:00+00:00,113853.32855957035
2023-05-26 20:00:00+00:00,113853.32855957035
2023-05-27 00:00:00+00:00,113853.32855957035
2023-05-27 04:00:00+00:00,113853.32855957035
2023-05-27 08:00:00+00:00,113853.32855957035
2023-05-27 12:00:00+00:00,113853.32855957035
2023-05-27 16:00:00+00:00,113853.32855957035
2023-05-27 20:00:00+00:00,113853.32855957035
2023-05-28 00:00:00+00:00,113853.32855957035
2023-05-28 04:00:00+00:00,113853.32855957035
2023-05-28 08:00:00+00:00,113853.32855957035
2023-05-28 12:00:00+00:00,113853.32855957035
2023-05-28 16:00:00+00:00,113853.32855957035
2023-05-28 20:00:00+00:00,113853.32855957035
2023-05-29 00:00:00+00:00,113853.32855957035
2023-05-29 04:00:00+00:00,113853.32855957035
2023-05-29 08:00:00+00:00,113853.32855957035
2023-05-29 12:00:00+00:00,113853.32855957035
2023-05-29 16:00:00+00:00,113853.32855957035
2023-05-29 20:00:00+00:00,113853.32855957035
2023-05-30 00:00:00+00:00,113853.32855957035
2023-05-30 04:00:00+00:00,113853.32855957035
2023-05-30 08:00:00+00:00,113853.32855957035
2023-05-30 12:00:00+00:00,114836.48946850604
2023-05-30 16:00:00+00:00,113660.73107291955
2023-05-30 20:00:00+00:00,113796.8191333174
2023-05-31 00:00:00+00:00,113297.45548973652
2023-05-31 04:00:00+00:00,113226.51817489497
2023-05-31 08:00:00+00:00,112698.44966748422
2023-05-31 12:00:00+00:00,112698.44966748422
2023-05-31 16:00:00+00:00,112698.44966748422
2023-05-31 20:00:00+00:00,112698.44966748422
2023-06-01 00:00:00+00:00,112698.44966748422
2023-06-01 04:00:00+00:00,112698.44966748422
2023-06-01 08:00:00+00:00,112698.44966748422
2023-06-01 12:00:00+00:00,112698.44966748422
2023-06-01 16:00:00+00:00,112698.44966748422
2023-06-01 20:00:00+00:00,112698.44966748422
2023-06-02 00:00:00+00:00,112698.44966748422
2023-06-02 04:00:00+00:00,112698.44966748422
2023-06-02 08:00:00+00:00,112698.44966748422
2023-06-02 12:00:00+00:00,112698.44966748422
2023-06-02 16:00:00+00:00,112698.44966748422
2023-06-02 20:00:00+00:00,112698.44966748422
2023-06-03 00:00:00+00:00,112698.44966748422
2023-06-03 04:00:00+00:00,112698.44966748422
2023-06-03 08:00:00+00:00,112698.44966748422
2023-06-03 12:00:00+00:00,112698.44966748422
2023-06-03 16:00:00+00:00,112698.44966748422
2023-06-03 20:00:00+00:00,112698.44966748422
2023-06-04 00:00:00+00:00,112698.44966748422
2023-06-04 04:00:00+00:00,112698.44966748422
2023-06-04 08:00:00+00:00,112698.44966748422
2023-06-04 12:00:00+00:00,112698.44966748422
2023-06-04 16:00:00+00:00,112698.44966748422
2023-06-04 20:00:00+00:00,112698.44966748422
2023-06-05 00:00:00+00:00,112698.44966748422
2023-06-05 04:00:00+00:00,112698.44966748422
2023-06-05 08:00:00+00:00,112698.44966748422
2023-06-05 12:00:00+00:00,112698.44966748422
2023-06-05 16:00:00+00:00,112698.44966748422
2023-06-05 20:00:00+00:00,112698.44966748422
2023-06-06 00:00:00+00:00,112698.44966748422
2023-06-06 04:00:00+00:00,112699.33270576021
2023-06-06 08:00:00+00:00,112697.27890125701
2023-06-06 12:00:00+00:00,112696.14222474599
2023-06-06 16:00:00+00:00,112696.14222474599
2023-06-06 20:00:00+00:00,112696.14222474599
2023-06-07 00:00:00+00:00,112696.14222474599
2023-06-07 04:00:00+00:00,112696.14222474599
2023-06-07 08:00:00+00:00,112696.14222474599
2023-06-07 12:00:00+00:00,112696.14222474599
2023-06-07 16:00:00+00:00,112696.14222474599
2023-06-07 20:00:00+00:00,112696.14222474599
2023-06-08 00:00:00+00:00,112696.14222474599
2023-06-08 04:00:00+00:00,112696.14222474599
2023-06-08 08:00:00+00:00,112696.14222474599
2023-06-08 12:00:00+00:00,112696.14222474599
2023-06-08 16:00:00+00:00,112696.14222474599
2023-06-08 20:00:00+00:00,112696.14222474599
2023-06-09 00:00:00+00:00,112696.14222474599
2023-06-09 04:00:00+00:00,112696.14222474599
2023-06-09 08:00:00+00:00,112696.14222474599
2023-06-09 12:00:00+00:00,112696.14222474599
2023-06-09 16:00:00+00:00,112696.14222474599
2023-06-09 20:00:00+00:00,112696.14222474599
2023-06-10 00:00:00+00:00,112696.14222474599
2023-06-10 04:00:00+00:00,112696.14222474599
2023-06-10 08:00:00+00:00,112696.14222474599
2023-06-10 12:00:00+00:00,112696.14222474599
2023-06-10 16:00:00+00:00,112696.14222474599
2023-06-10 20:00:00+00:00,112696.14222474599
2023-06-11 00:00:00+00:00,112696.14222474599
2023-06-11 04:00:00+00:00,112696.14222474599
2023-06-11 08:00:00+00:00,112696.14222474599
2023-06-11 12:00:00+00:00,112696.14222474599
2023-06-11 16:00:00+00:00,112696.14222474599
2023-06-11 20:00:00+00:00,112696.14222474599
2023-06-12 00:00:00+00:00,112696.14222474599
2023-06-12 04:00:00+00:00,112696.14222474599
2023-06-12 08:00:00+00:00,112696.14222474599
2023-06-12 12:00:00+00:00,112696.14222474599
2023-06-12 16:00:00+00:00,112696.14222474599
2023-06-12 20:00:00+00:00,112696.14222474599
2023-06-13 00:00:00+00:00,112696.14222474599
2023-06-13 04:00:00+00:00,112696.14222474599
2023-06-13 08:00:00+00:00,112696.14222474599
2023-06-13 12:00:00+00:00,112696.14222474599
2023-06-13 16:00:00+00:00,112696.14222474599
2023-06-13 20:00:00+00:00,112696.14222474599
2023-06-14 00:00:00+00:00,112696.14222474599
2023-06-14 04:00:00+00:00,112696.14222474599
2023-06-14 08:00:00+00:00,112696.14222474599
2023-06-14 12:00:00+00:00,112696.14222474599
2023-06-14 16:00:00+00:00,112696.14222474599
2023-06-14 20:00:00+00:00,112696.14222474599
2023-06-15 00:00:00+00:00,112696.14222474599
2023-06-15 04:00:00+00:00,112696.14222474599
2023-06-15 08:00:00+00:00,112696.14222474599
2023-06-15 12:00:00+00:00,112696.14222474599
2023-06-15 16:00:00+00:00,112696.14222474599
2023-06-15 20:00:00+00:00,112696.14222474599
2023-06-16 00:00:00+00:00,112696.14222474599
2023-06-16 04:00:00+00:00,112696.14222474599
2023-06-16 08:00:00+00:00,112696.14222474599
2023-06-16 12:00:00+00:00,112696.14222474599
2023-06-16 16:00:00+00:00,112696.14222474599
2023-06-16 20:00:00+00:00,112696.14222474599
2023-06-17 00:00:00+00:00,112696.14222474599
2023-06-17 04:00:00+00:00,112696.14222474599
2023-06-17 08:00:00+00:00,112696.14222474599
2023-06-17 12:00:00+00:00,112696.14222474599
2023-06-17 16:00:00+00:00,112696.14222474599
2023-06-17 20:00:00+00:00,112696.14222474599
2023-06-18 00:00:00+00:00,112696.14222474599
2023-06-18 04:00:00+00:00,112696.14222474599
2023-06-18 08:00:00+00:00,112696.14222474599
2023-06-18 12:00:00+00:00,112696.14222474599
2023-06-18 16:00:00+00:00,112696.14222474599
2023-06-18 20:00:00+00:00,112696.14222474599
2023-06-19 00:00:00+00:00,112696.14222474599
2023-06-19 04:00:00+00:00,112696.14222474599
2023-06-19 08:00:00+00:00,112696.14222474599
2023-06-19 12:00:00+00:00,112696.14222474599
2023-06-19 16:00:00+00:00,112696.14222474599
2023-06-19 20:00:00+00:00,112696.14222474599
2023-06-20 00:00:00+00:00,112696.14222474599
2023-06-20 04:00:00+00:00,112696.14222474599
2023-06-20 08:00:00+00:00,112696.14222474599
2023-06-20 12:00:00+00:00,112696.14222474599
2023-06-20 16:00:00+00:00,112696.14222474599
2023-06-20 20:00:00+00:00,112696.14222474599
2023-06-21 00:00:00+00:00,112696.14222474599
2023-06-21 04:00:00+00:00,117673.63186650835
2023-06-21 08:00:00+00:00,119547.54986650837
2023-06-21 12:00:00+00:00,120244.14927337236
2023-06-21 16:00:00+00:00,131275.64582750335
2023-06-21 20:00:00+00:00,134471.01387823076
2023-06-22 00:00:00+00:00,133082.70387823076
2023-06-22 04:00:00+00:00,136576.93182143077
2023-06-22 08:00:00+00:00,134301.54582143077
2023-06-22 12:00:00+00:00,132186.85573644098
2023-06-22 16:00:00+00:00,131172.6262324308
2023-06-22 20:00:00+00:00,135635.8930681798
2023-06-23 00:00:00+00:00,131673.42467092685
2023-06-23 04:00:00+00:00,133089.2881339512
2023-06-23 08:00:00+00:00,132182.9801339512
2023-06-23 12:00:00+00:00,134590.61710456302
2023-06-23 16:00:00+00:00,147860.2189066526
2023-06-23 20:00:00+00:00,143499.6084366076
2023-06-24 00:00:00+00:00,141114.84043660766
2023-06-24 04:00:00+00:00,141649.23152559283
2023-06-24 08:00:00+00:00,139901.69132268807
2023-06-24 12:00:00+00:00,141139.38401292262
2023-06-24 16:00:00+00:00,138080.6288352503
2023-06-24 20:00:00+00:00,139907.9410829899
2023-06-25 00:00:00+00:00,139086.88329677202
2023-06-25 04:00:00+00:00,140874.89711963193
2023-06-25 08:00:00+00:00,140634.47822704868
2023-06-25 12:00:00+00:00,140588.59881852765
2023-06-25 16:00:00+00:00,139464.28936400628
2023-06-25 20:00:00+00:00,138173.2404346978
2023-06-26 00:00:00+00:00,138462.5199308515
2023-06-26 04:00:00+00:00,137030.28011082232
2023-06-26 08:00:00+00:00,137919.2107946515
2023-06-26 12:00:00+00:00,137243.67462015353
2023-06-26 16:00:00+00:00,138002.86422124965
2023-06-26 20:00:00+00:00,134163.69056940178
2023-06-27 00:00:00+00:00,134163.69056940178
2023-06-27 04:00:00+00:00,134163.69056940178
2023-06-27 08:00:00+00:00,134163.69056940178
2023-06-27 12:00:00+00:00,134163.69056940178
2023-06-27 16:00:00+00:00,134163.69056940178
2023-06-27 20:00:00+00:00,134163.69056940178
2023-06-28 00:00:00+00:00,134163.69056940178
2023-06-28 04:00:00+00:00,134163.69056940178
2023-06-28 08:00:00+00:00,134163.69056940178
2023-06-28 12:00:00+00:00,134163.69056940178
2023-06-28 16:00:00+00:00,134163.69056940178
2023-06-28 20:00:00+00:00,134163.69056940178
2023-06-29 00:00:00+00:00,134163.69056940178
2023-06-29 04:00:00+00:00,134163.69056940178
2023-06-29 08:00:00+00:00,134163.69056940178
2023-06-29 12:00:00+00:00,135127.5453353047
2023-06-29 16:00:00+00:00,133221.2857218981
2023-06-29 20:00:00+00:00,133468.53560706892
2023-06-30 00:00:00+00:00,133042.1158306889
2023-06-30 04:00:00+00:00,133878.9282596889
2023-06-30 08:00:00+00:00,134130.71280888998
2023-06-30 12:00:00+00:00,135490.6829895383
2023-06-30 16:00:00+00:00,123630.14032580086
2023-06-30 20:00:00+00:00,123630.14032580086
2023-07-01 00:00:00+00:00,123630.14032580086
2023-07-01 04:00:00+00:00,123630.14032580086
2023-07-01 08:00:00+00:00,123630.14032580086
2023-07-01 12:00:00+00:00,123630.14032580086
2023-07-01 16:00:00+00:00,123630.14032580086
2023-07-01 20:00:00+00:00,123630.14032580086
2023-07-02 00:00:00+00:00,123630.14032580086
2023-07-02 04:00:00+00:00,123630.14032580086
2023-07-02 08:00:00+00:00,123630.14032580086
2023-07-02 12:00:00+00:00,123630.14032580086
2023-07-02 16:00:00+00:00,123630.14032580086
2023-07-02 20:00:00+00:00,123630.14032580086
2023-07-03 00:00:00+00:00,123630.14032580086
2023-07-03 04:00:00+00:00,123630.14032580086
2023-07-03 08:00:00+00:00,123630.14032580086
2023-07-03 12:00:00+00:00,123630.14032580086
2023-07-03 16:00:00+00:00,123630.14032580086
2023-07-03 20:00:00+00:00,123630.14032580086
2023-07-04 00:00:00+00:00,123630.14032580086
2023-07-04 04:00:00+00:00,123630.14032580086
2023-07-04 08:00:00+00:00,123630.14032580086
2023-07-04 12:00:00+00:00,123630.14032580086
2023-07-04 16:00:00+00:00,123630.14032580086
2023-07-04 20:00:00+00:00,123630.14032580086
2023-07-05 00:00:00+00:00,123630.14032580086
2023-07-05 04:00:00+00:00,123630.14032580086
2023-07-05 08:00:00+00:00,123630.14032580086
2023-07-05 12:00:00+00:00,123630.14032580086
2023-07-05 16:00:00+00:00,123630.14032580086
2023-07-05 20:00:00+00:00,123630.14032580086
2023-07-06 00:00:00+00:00,123630.14032580086
2023-07-06 04:00:00+00:00,123630.14032580086
2023-07-06 08:00:00+00:00,123630.14032580086
2023-07-06 12:00:00+00:00,123630.14032580086
2023-07-06 16:00:00+00:00,123630.14032580086
2023-07-06 20:00:00+00:00,123630.14032580086
2023-07-07 00:00:00+00:00,123630.14032580086
2023-07-07 04:00:00+00:00,123630.14032580086
2023-07-07 08:00:00+00:00,123630.14032580086
2023-07-07 12:00:00+00:00,123630.14032580086
2023-07-07 16:00:00+00:00,123630.14032580086
2023-07-07 20:00:00+00:00,123630.14032580086
2023-07-08 00:00:00+00:00,123630.14032580086
2023-07-08 04:00:00+00:00,123630.14032580086
2023-07-08 08:00:00+00:00,123630.14032580086
2023-07-08 12:00:00+00:00,123630.14032580086
2023-07-08 16:00:00+00:00,123630.14032580086
2023-07-08 20:00:00+00:00,123630.14032580086
2023-07-09 00:00:00+00:00,123630.14032580086
2023-07-09 04:00:00+00:00,123630.14032580086
2023-07-09 08:00:00+00:00,123630.14032580086
2023-07-09 12:00:00+00:00,123630.14032580086
2023-07-09 16:00:00+00:00,123630.14032580086
2023-07-09 20:00:00+00:00,123630.14032580086
2023-07-10 00:00:00+00:00,123630.14032580086
2023-07-10 04:00:00+00:00,123630.14032580086
2023-07-10 08:00:00+00:00,123630.14032580086
2023-07-10 12:00:00+00:00,123630.14032580086
2023-07-10 16:00:00+00:00,123630.14032580086
2023-07-10 20:00:00+00:00,123630.14032580086
2023-07-11 00:00:00+00:00,123630.14032580086
2023-07-11 04:00:00+00:00,123630.14032580086
2023-07-11 08:00:00+00:00,123630.14032580086
2023-07-11 12:00:00+00:00,123630.14032580086
2023-07-11 16:00:00+00:00,123630.14032580086
2023-07-11 20:00:00+00:00,123630.14032580086
2023-07-12 00:00:00+00:00,123630.14032580086
2023-07-12 04:00:00+00:00,123630.14032580086
2023-07-12 08:00:00+00:00,123630.14032580086
2023-07-12 12:00:00+00:00,123630.14032580086
2023-07-12 16:00:00+00:00,122722.6004737883
2023-07-12 20:00:00+00:00,121836.84255620532
2023-07-13 00:00:00+00:00,122193.43259794766
2023-07-13 04:00:00+00:00,121892.5259304199
2023-07-13 08:00:00+00:00,122147.45244837276
2023-07-13 12:00:00+00:00,122772.73825500863
2023-07-13 16:00:00+00:00,124141.83845500863
2023-07-13 20:00:00+00:00,131979.21364657392
2023-07-14 00:00:00+00:00,130100.38281907982
2023-07-14 04:00:00+00:00,130157.71026200993
2023-07-14 08:00:00+00:00,126593.64553450835
2023-07-14 12:00:00+00:00,127670.37381020853
2023-07-14 16:00:00+00:00,127975.94931020853
2023-07-14 20:00:00+00:00,120726.73097298156
2023-07-15 00:00:00+00:00,120726.73097298156
2023-07-15 04:00:00+00:00,120726.73097298156
2023-07-15 08:00:00+00:00,120726.73097298156
2023-07-15 12:00:00+00:00,120726.73097298156
2023-07-15 16:00:00+00:00,120726.73097298156
2023-07-15 20:00:00+00:00,120726.73097298156
2023-07-16 00:00:00+00:00,120726.73097298156
2023-07-16 04:00:00+00:00,120726.73097298156
2023-07-16 08:00:00+00:00,120726.73097298156
2023-07-16 12:00:00+00:00,120726.73097298156
2023-07-16 16:00:00+00:00,120726.73097298156
2023-07-16 20:00:00+00:00,120726.73097298156
2023-07-17 00:00:00+00:00,120726.73097298156
2023-07-17 04:00:00+00:00,120726.73097298156
2023-07-17 08:00:00+00:00,120726.73097298156
2023-07-17 12:00:00+00:00,120726.73097298156
2023-07-17 16:00:00+00:00,120726.73097298156
2023-07-17 20:00:00+00:00,120726.73097298156
2023-07-18 00:00:00+00:00,120726.73097298156
2023-07-18 04:00:00+00:00,120726.73097298156
2023-07-18 08:00:00+00:00,120726.73097298156
2023-07-18 12:00:00+00:00,120726.73097298156
2023-07-18 16:00:00+00:00,120726.73097298156
2023-07-18 20:00:00+00:00,120726.73097298156
2023-07-19 00:00:00+00:00,120726.73097298156
2023-07-19 04:00:00+00:00,120726.73097298156
2023-07-19 08:00:00+00:00,120726.73097298156
2023-07-19 12:00:00+00:00,120726.73097298156
2023-07-19 16:00:00+00:00,120726.73097298156
2023-07-19 20:00:00+00:00,120726.73097298156
2023-07-20 00:00:00+00:00,120726.73097298156
2023-07-20 04:00:00+00:00,120726.73097298156
2023-07-20 08:00:00+00:00,120726.73097298156
2023-07-20 12:00:00+00:00,120726.73097298156
2023-07-20 16:00:00+00:00,120726.73097298156
2023-07-20 20:00:00+00:00,120726.73097298156
2023-07-21 00:00:00+00:00,120726.73097298156
2023-07-21 04:00:00+00:00,120726.73097298156
2023-07-21 08:00:00+00:00,120726.73097298156
2023-07-21 12:00:00+00:00,120726.73097298156
2023-07-21 16:00:00+00:00,120726.73097298156
2023-07-21 20:00:00+00:00,120726.73097298156
2023-07-22 00:00:00+00:00,120726.73097298156
2023-07-22 04:00:00+00:00,120726.73097298156
2023-07-22 08:00:00+00:00,120726.73097298156
2023-07-22 12:00:00+00:00,120726.73097298156
2023-07-22 16:00:00+00:00,120726.73097298156
2023-07-22 20:00:00+00:00,120726.73097298156
2023-07-23 00:00:00+00:00,120726.73097298156
2023-07-23 04:00:00+00:00,120726.73097298156
2023-07-23 08:00:00+00:00,120726.73097298156
2023-07-23 12:00:00+00:00,120726.73097298156
2023-07-23 16:00:00+00:00,120726.73097298156
2023-07-23 20:00:00+00:00,120726.73097298156
2023-07-24 00:00:00+00:00,120726.73097298156
2023-07-24 04:00:00+00:00,120726.73097298156
2023-07-24 08:00:00+00:00,120726.73097298156
2023-07-24 12:00:00+00:00,120726.73097298156
2023-07-24 16:00:00+00:00,120726.73097298156
2023-07-24 20:00:00+00:00,120726.73097298156
2023-07-25 00:00:00+00:00,120726.73097298156
2023-07-25 04:00:00+00:00,120726.73097298156
2023-07-25 08:00:00+00:00,120726.73097298156
2023-07-25 12:00:00+00:00,120726.73097298156
2023-07-25 16:00:00+00:00,120726.73097298156
2023-07-25 20:00:00+00:00,120726.73097298156
2023-07-26 00:00:00+00:00,120726.73097298156
2023-07-26 04:00:00+00:00,120726.73097298156
2023-07-26 08:00:00+00:00,120726.73097298156
2023-07-26 12:00:00+00:00,120726.73097298156
2023-07-26 16:00:00+00:00,120726.73097298156
2023-07-26 20:00:00+00:00,120726.73097298156
2023-07-27 00:00:00+00:00,120726.73097298156
2023-07-27 04:00:00+00:00,120726.73097298156
2023-07-27 08:00:00+00:00,120726.73097298156
2023-07-27 12:00:00+00:00,120726.73097298156
2023-07-27 16:00:00+00:00,120726.73097298156
2023-07-27 20:00:00+00:00,120726.73097298156
2023-07-28 00:00:00+00:00,120726.73097298156
2023-07-28 04:00:00+00:00,120726.73097298156
2023-07-28 08:00:00+00:00,120726.73097298156
2023-07-28 12:00:00+00:00,120726.73097298156
2023-07-28 16:00:00+00:00,120726.73097298156
2023-07-28 20:00:00+00:00,120726.73097298156
2023-07-29 00:00:00+00:00,120726.73097298156
2023-07-29 04:00:00+00:00,120726.73097298156
2023-07-29 08:00:00+00:00,120726.73097298156
2023-07-29 12:00:00+00:00,120726.73097298156
2023-07-29 16:00:00+00:00,120726.73097298156
2023-07-29 20:00:00+00:00,120726.73097298156
2023-07-30 00:00:00+00:00,120726.73097298156
2023-07-30 04:00:00+00:00,120726.73097298156
2023-07-30 08:00:00+00:00,120726.73097298156
2023-07-30 12:00:00+00:00,120726.73097298156
2023-07-30 16:00:00+00:00,120726.73097298156
2023-07-30 20:00:00+00:00,120726.73097298156
2023-07-31 00:00:00+00:00,120726.73097298156
2023-07-31 04:00:00+00:00,120726.73097298156
2023-07-31 08:00:00+00:00,120726.73097298156
2023-07-31 12:00:00+00:00,120726.73097298156
2023-07-31 16:00:00+00:00,120726.73097298156
2023-07-31 20:00:00+00:00,120726.73097298156
2023-08-01 00:00:00+00:00,120726.73097298156
2023-08-01 04:00:00+00:00,120726.73097298156
2023-08-01 08:00:00+00:00,120726.73097298156
2023-08-01 12:00:00+00:00,120726.73097298156
2023-08-01 16:00:00+00:00,120726.73097298156
2023-08-01 20:00:00+00:00,120726.73097298156
2023-08-02 00:00:00+00:00,120726.73097298156
2023-08-02 04:00:00+00:00,120726.73097298156
2023-08-02 08:00:00+00:00,120726.73097298156
2023-08-02 12:00:00+00:00,120726.73097298156
2023-08-02 16:00:00+00:00,120726.73097298156
2023-08-02 20:00:00+00:00,120726.73097298156
2023-08-03 00:00:00+00:00,120726.73097298156
2023-08-03 04:00:00+00:00,120726.73097298156
2023-08-03 08:00:00+00:00,120726.73097298156
2023-08-03 12:00:00+00:00,120726.73097298156
2023-08-03 16:00:00+00:00,120726.73097298156
2023-08-03 20:00:00+00:00,120726.73097298156
2023-08-04 00:00:00+00:00,120726.73097298156
2023-08-04 04:00:00+00:00,120726.73097298156
2023-08-04 08:00:00+00:00,120726.73097298156
2023-08-04 12:00:00+00:00,120726.73097298156
2023-08-04 16:00:00+00:00,120726.73097298156
2023-08-04 20:00:00+00:00,120726.73097298156
2023-08-05 00:00:00+00:00,120726.73097298156
2023-08-05 04:00:00+00:00,120726.73097298156
2023-08-05 08:00:00+00:00,120726.73097298156
2023-08-05 12:00:00+00:00,120726.73097298156
2023-08-05 16:00:00+00:00,120726.73097298156
2023-08-05 20:00:00+00:00,120726.73097298156
2023-08-06 00:00:00+00:00,120726.73097298156
2023-08-06 04:00:00+00:00,120726.73097298156
2023-08-06 08:00:00+00:00,120726.73097298156
2023-08-06 12:00:00+00:00,120726.73097298156
2023-08-06 16:00:00+00:00,120726.73097298156
2023-08-06 20:00:00+00:00,120726.73097298156
2023-08-07 00:00:00+00:00,120726.73097298156
2023-08-07 04:00:00+00:00,120726.73097298156
2023-08-07 08:00:00+00:00,120726.73097298156
2023-08-07 12:00:00+00:00,120726.73097298156
2023-08-07 16:00:00+00:00,120726.73097298156
2023-08-07 20:00:00+00:00,120726.73097298156
2023-08-08 00:00:00+00:00,120726.73097298156
2023-08-08 04:00:00+00:00,120726.73097298156
2023-08-08 08:00:00+00:00,120726.73097298156
2023-08-08 12:00:00+00:00,120726.73097298156
2023-08-08 16:00:00+00:00,120726.73097298156
2023-08-08 20:00:00+00:00,120726.73097298156
2023-08-09 00:00:00+00:00,120726.73097298156
2023-08-09 04:00:00+00:00,120726.73097298156
2023-08-09 08:00:00+00:00,120726.73097298156
2023-08-09 12:00:00+00:00,120726.73097298156
2023-08-09 16:00:00+00:00,120726.73097298156
2023-08-09 20:00:00+00:00,120726.73097298156
2023-08-10 00:00:00+00:00,120726.73097298156
2023-08-10 04:00:00+00:00,120726.73097298156
2023-08-10 08:00:00+00:00,120726.73097298156
2023-08-10 12:00:00+00:00,120726.73097298156
2023-08-10 16:00:00+00:00,120726.73097298156
2023-08-10 20:00:00+00:00,120726.73097298156
2023-08-11 00:00:00+00:00,120726.73097298156
2023-08-11 04:00:00+00:00,120726.73097298156
2023-08-11 08:00:00+00:00,120726.73097298156
2023-08-11 12:00:00+00:00,120726.73097298156
2023-08-11 16:00:00+00:00,120726.73097298156
2023-08-11 20:00:00+00:00,120726.73097298156
2023-08-12 00:00:00+00:00,120726.73097298156
2023-08-12 04:00:00+00:00,120726.73097298156
2023-08-12 08:00:00+00:00,120726.73097298156
2023-08-12 12:00:00+00:00,120726.73097298156
2023-08-12 16:00:00+00:00,120726.73097298156
2023-08-12 20:00:00+00:00,120726.73097298156
2023-08-13 00:00:00+00:00,120726.73097298156
2023-08-13 04:00:00+00:00,120726.73097298156
2023-08-13 08:00:00+00:00,120726.73097298156
2023-08-13 12:00:00+00:00,120726.73097298156
2023-08-13 16:00:00+00:00,120726.73097298156
2023-08-13 20:00:00+00:00,120726.73097298156
2023-08-14 00:00:00+00:00,120726.73097298156
2023-08-14 04:00:00+00:00,120726.73097298156
2023-08-14 08:00:00+00:00,120726.73097298156
2023-08-14 12:00:00+00:00,120726.73097298156
2023-08-14 16:00:00+00:00,120726.73097298156
2023-08-14 20:00:00+00:00,120726.73097298156
2023-08-15 00:00:00+00:00,120726.73097298156
2023-08-15 04:00:00+00:00,120726.73097298156
2023-08-15 08:00:00+00:00,120726.73097298156
2023-08-15 12:00:00+00:00,120726.73097298156
2023-08-15 16:00:00+00:00,120726.73097298156
2023-08-15 20:00:00+00:00,120726.73097298156
2023-08-16 00:00:00+00:00,120726.73097298156
2023-08-16 04:00:00+00:00,120726.73097298156
2023-08-16 08:00:00+00:00,120726.73097298156
2023-08-16 12:00:00+00:00,120726.73097298156
2023-08-16 16:00:00+00:00,120726.73097298156
2023-08-16 20:00:00+00:00,120726.73097298156
2023-08-17 00:00:00+00:00,120726.73097298156
2023-08-17 04:00:00+00:00,120726.73097298156
2023-08-17 08:00:00+00:00,120726.73097298156
2023-08-17 12:00:00+00:00,120671.13435158116
2023-08-17 16:00:00+00:00,120663.07463124213
2023-08-17 20:00:00+00:00,120663.07463124213
2023-08-18 00:00:00+00:00,120663.07463124213
2023-08-18 04:00:00+00:00,120663.07463124213
2023-08-18 08:00:00+00:00,120663.07463124213
2023-08-18 12:00:00+00:00,120663.07463124213
2023-08-18 16:00:00+00:00,120663.07463124213
2023-08-18 20:00:00+00:00,120663.07463124213
2023-08-19 00:00:00+00:00,120663.07463124213
2023-08-19 04:00:00+00:00,120663.07463124213
2023-08-19 08:00:00+00:00,120663.07463124213
2023-08-19 12:00:00+00:00,120663.07463124213
2023-08-19 16:00:00+00:00,120663.07463124213
2023-08-19 20:00:00+00:00,120663.07463124213
2023-08-20 00:00:00+00:00,120663.07463124213
2023-08-20 04:00:00+00:00,120663.07463124213
2023-08-20 08:00:00+00:00,120663.07463124213
2023-08-20 12:00:00+00:00,120663.07463124213
2023-08-20 16:00:00+00:00,120663.07463124213
2023-08-20 20:00:00+00:00,120663.07463124213
2023-08-21 00:00:00+00:00,120663.07463124213
2023-08-21 04:00:00+00:00,120663.07463124213
2023-08-21 08:00:00+00:00,120663.07463124213
2023-08-21 12:00:00+00:00,120663.07463124213
2023-08-21 16:00:00+00:00,120663.07463124213
2023-08-21 20:00:00+00:00,120663.07463124213
2023-08-22 00:00:00+00:00,120663.07463124213
2023-08-22 04:00:00+00:00,120663.07463124213
2023-08-22 08:00:00+00:00,120663.07463124213
2023-08-22 12:00:00+00:00,120663.07463124213
2023-08-22 16:00:00+00:00,120663.07463124213
2023-08-22 20:00:00+00:00,120663.07463124213
2023-08-23 00:00:00+00:00,120663.07463124213
2023-08-23 04:00:00+00:00,120663.07463124213
2023-08-23 08:00:00+00:00,120663.07463124213
2023-08-23 12:00:00+00:00,120663.07463124213
2023-08-23 16:00:00+00:00,120663.07463124213
2023-08-23 20:00:00+00:00,120663.07463124213
2023-08-24 00:00:00+00:00,120663.07463124213
2023-08-24 04:00:00+00:00,120663.07463124213
2023-08-24 08:00:00+00:00,120663.07463124213
2023-08-24 12:00:00+00:00,120663.07463124213
2023-08-24 16:00:00+00:00,120663.07463124213
2023-08-24 20:00:00+00:00,120663.07463124213
2023-08-25 00:00:00+00:00,120663.07463124213
2023-08-25 04:00:00+00:00,120663.07463124213
2023-08-25 08:00:00+00:00,120663.07463124213
2023-08-25 12:00:00+00:00,120663.07463124213
2023-08-25 16:00:00+00:00,120663.07463124213
2023-08-25 20:00:00+00:00,120663.07463124213
2023-08-26 00:00:00+00:00,120663.07463124213
2023-08-26 04:00:00+00:00,120663.07463124213
2023-08-26 08:00:00+00:00,120663.07463124213
2023-08-26 12:00:00+00:00,120663.07463124213
2023-08-26 16:00:00+00:00,120663.07463124213
2023-08-26 20:00:00+00:00,120663.07463124213
2023-08-27 00:00:00+00:00,120663.07463124213
2023-08-27 04:00:00+00:00,120663.07463124213
2023-08-27 08:00:00+00:00,120663.07463124213
2023-08-27 12:00:00+00:00,120663.07463124213
2023-08-27 16:00:00+00:00,120663.07463124213
2023-08-27 20:00:00+00:00,120663.07463124213
2023-08-28 00:00:00+00:00,120663.07463124213
2023-08-28 04:00:00+00:00,120663.07463124213
2023-08-28 08:00:00+00:00,120663.07463124213
2023-08-28 12:00:00+00:00,120663.07463124213
2023-08-28 16:00:00+00:00,120663.07463124213
2023-08-28 20:00:00+00:00,120663.07463124213
2023-08-29 00:00:00+00:00,120663.07463124213
2023-08-29 04:00:00+00:00,120663.07463124213
2023-08-29 08:00:00+00:00,120663.07463124213
2023-08-29 12:00:00+00:00,120663.07463124213
2023-08-29 16:00:00+00:00,120663.07463124213
2023-08-29 20:00:00+00:00,120663.07463124213
2023-08-30 00:00:00+00:00,120663.07463124213
2023-08-30 04:00:00+00:00,120663.07463124213
2023-08-30 08:00:00+00:00,120663.07463124213
2023-08-30 12:00:00+00:00,120663.07463124213
2023-08-30 16:00:00+00:00,120663.07463124213
2023-08-30 20:00:00+00:00,120663.07463124213
2023-08-31 00:00:00+00:00,120663.07463124213
2023-08-31 04:00:00+00:00,120663.07463124213
2023-08-31 08:00:00+00:00,120663.07463124213
2023-08-31 12:00:00+00:00,120663.07463124213
2023-08-31 16:00:00+00:00,120663.07463124213
2023-08-31 20:00:00+00:00,120663.07463124213
2023-09-01 00:00:00+00:00,120663.07463124213
2023-09-01 04:00:00+00:00,120663.07463124213
2023-09-01 08:00:00+00:00,120663.07463124213
2023-09-01 12:00:00+00:00,120663.07463124213
2023-09-01 16:00:00+00:00,120663.07463124213
2023-09-01 20:00:00+00:00,120663.07463124213
2023-09-02 00:00:00+00:00,120663.07463124213
2023-09-02 04:00:00+00:00,120663.07463124213
2023-09-02 08:00:00+00:00,120663.07463124213
2023-09-02 12:00:00+00:00,120663.07463124213
2023-09-02 16:00:00+00:00,120663.07463124213
2023-09-02 20:00:00+00:00,120663.07463124213
2023-09-03 00:00:00+00:00,120663.07463124213
2023-09-03 04:00:00+00:00,120663.07463124213
2023-09-03 08:00:00+00:00,120663.07463124213
2023-09-03 12:00:00+00:00,120663.07463124213
2023-09-03 16:00:00+00:00,120663.07463124213
2023-09-03 20:00:00+00:00,120663.07463124213
2023-09-04 00:00:00+00:00,120663.07463124213
2023-09-04 04:00:00+00:00,120663.07463124213
2023-09-04 08:00:00+00:00,120663.07463124213
2023-09-04 12:00:00+00:00,120663.07463124213
2023-09-04 16:00:00+00:00,120663.07463124213
2023-09-04 20:00:00+00:00,120663.07463124213
2023-09-05 00:00:00+00:00,120663.07463124213
2023-09-05 04:00:00+00:00,120663.07463124213
2023-09-05 08:00:00+00:00,120663.07463124213
2023-09-05 12:00:00+00:00,120663.07463124213
2023-09-05 16:00:00+00:00,120663.07463124213
2023-09-05 20:00:00+00:00,120663.07463124213
2023-09-06 00:00:00+00:00,120663.07463124213
2023-09-06 04:00:00+00:00,120663.07463124213
2023-09-06 08:00:00+00:00,120663.07463124213
2023-09-06 12:00:00+00:00,120663.07463124213
2023-09-06 16:00:00+00:00,120663.07463124213
2023-09-06 20:00:00+00:00,120663.07463124213
2023-09-07 00:00:00+00:00,120663.07463124213
2023-09-07 04:00:00+00:00,120663.07463124213
2023-09-07 08:00:00+00:00,120663.07463124213
2023-09-07 12:00:00+00:00,120663.07463124213
2023-09-07 16:00:00+00:00,120663.07463124213
2023-09-07 20:00:00+00:00,120663.07463124213
2023-09-08 00:00:00+00:00,120663.07463124213
2023-09-08 04:00:00+00:00,120663.07463124213
2023-09-08 08:00:00+00:00,120663.07463124213
2023-09-08 12:00:00+00:00,120663.07463124213
2023-09-08 16:00:00+00:00,120663.07463124213
2023-09-08 20:00:00+00:00,120663.07463124213
2023-09-09 00:00:00+00:00,120663.07463124213
2023-09-09 04:00:00+00:00,120663.07463124213
2023-09-09 08:00:00+00:00,120663.07463124213
2023-09-09 12:00:00+00:00,120663.07463124213
2023-09-09 16:00:00+00:00,120663.07463124213
2023-09-09 20:00:00+00:00,120663.07463124213
2023-09-10 00:00:00+00:00,120663.07463124213
2023-09-10 04:00:00+00:00,120663.07463124213
2023-09-10 08:00:00+00:00,120663.07463124213
2023-09-10 12:00:00+00:00,120663.07463124213
2023-09-10 16:00:00+00:00,120663.07463124213
2023-09-10 20:00:00+00:00,120663.07463124213
2023-09-11 00:00:00+00:00,120663.07463124213
2023-09-11 04:00:00+00:00,120663.07463124213
2023-09-11 08:00:00+00:00,120663.07463124213
2023-09-11 12:00:00+00:00,120663.07463124213
2023-09-11 16:00:00+00:00,120663.07463124213
2023-09-11 20:00:00+00:00,120663.07463124213
2023-09-12 00:00:00+00:00,120688.67193596196
2023-09-12 04:00:00+00:00,120686.47646012768
2023-09-12 08:00:00+00:00,120686.47646012768
2023-09-12 12:00:00+00:00,120686.47646012768
2023-09-12 16:00:00+00:00,120686.47646012768
2023-09-12 20:00:00+00:00,120686.47646012768
2023-09-13 00:00:00+00:00,120686.47646012768
2023-09-13 04:00:00+00:00,120686.47646012768
2023-09-13 08:00:00+00:00,120686.47646012768
2023-09-13 12:00:00+00:00,120686.47646012768
2023-09-13 16:00:00+00:00,120686.47646012768
2023-09-13 20:00:00+00:00,120686.47646012768
2023-09-14 00:00:00+00:00,120686.47646012768
2023-09-14 04:00:00+00:00,120686.47646012768
2023-09-14 08:00:00+00:00,120686.47646012768
2023-09-14 12:00:00+00:00,120686.47646012768
2023-09-14 16:00:00+00:00,120686.47646012768
2023-09-14 20:00:00+00:00,120686.47646012768
2023-09-15 00:00:00+00:00,120686.47646012768
2023-09-15 04:00:00+00:00,120686.47646012768
2023-09-15 08:00:00+00:00,120686.47646012768
2023-09-15 12:00:00+00:00,120686.47646012768
2023-09-15 16:00:00+00:00,120686.47646012768
2023-09-15 20:00:00+00:00,120686.47646012768
2023-09-16 00:00:00+00:00,120686.47646012768
2023-09-16 04:00:00+00:00,120686.47646012768
2023-09-16 08:00:00+00:00,120686.47646012768
2023-09-16 12:00:00+00:00,120686.47646012768
2023-09-16 16:00:00+00:00,120686.47646012768
2023-09-16 20:00:00+00:00,120686.47646012768
2023-09-17 00:00:00+00:00,120781.84027659368
2023-09-17 04:00:00+00:00,120652.23412700895
2023-09-17 08:00:00+00:00,120534.57750209476
2023-09-17 12:00:00+00:00,120806.4512878034
2023-09-17 16:00:00+00:00,120741.0482878034
2023-09-17 20:00:00+00:00,120563.5227765503
2023-09-18 00:00:00+00:00,120655.92269809669
2023-09-18 04:00:00+00:00,121163.89405430337
2023-09-18 08:00:00+00:00,121378.67905430337
2023-09-18 12:00:00+00:00,123246.90374130096
2023-09-18 16:00:00+00:00,123668.85976748494
2023-09-18 20:00:00+00:00,121084.75334752355
2023-09-19 00:00:00+00:00,120971.8154978152
2023-09-19 04:00:00+00:00,121030.17558495792
2023-09-19 08:00:00+00:00,121065.92688495792
2023-09-19 12:00:00+00:00,121514.29817848897
2023-09-19 16:00:00+00:00,122240.98318162815
2023-09-19 20:00:00+00:00,121306.05551698983
2023-09-20 00:00:00+00:00,121407.36492229343
2023-09-20 04:00:00+00:00,121066.14842421336
2023-09-20 08:00:00+00:00,121014.91790321862
2023-09-20 12:00:00+00:00,121011.75352935481
2023-09-20 16:00:00+00:00,121100.30142935482
2023-09-20 20:00:00+00:00,120184.4608067804
2023-09-21 00:00:00+00:00,120354.6933389452
2023-09-21 04:00:00+00:00,120268.09503166025
2023-09-21 08:00:00+00:00,120218.19750198022
2023-09-21 12:00:00+00:00,119952.2484658994
2023-09-21 16:00:00+00:00,119941.23746556039
2023-09-21 20:00:00+00:00,119941.23746556039
2023-09-22 00:00:00+00:00,119941.23746556039
2023-09-22 04:00:00+00:00,119941.23746556039
2023-09-22 08:00:00+00:00,119941.23746556039
2023-09-22 12:00:00+00:00,119941.23746556039
2023-09-22 16:00:00+00:00,119941.23746556039
2023-09-22 20:00:00+00:00,119941.23746556039
2023-09-23 00:00:00+00:00,119941.23746556039
2023-09-23 04:00:00+00:00,119941.23746556039
2023-09-23 08:00:00+00:00,119941.23746556039
2023-09-23 12:00:00+00:00,119941.23746556039
2023-09-23 16:00:00+00:00,119941.23746556039
2023-09-23 20:00:00+00:00,119941.23746556039
2023-09-24 00:00:00+00:00,119941.23746556039
2023-09-24 04:00:00+00:00,119941.23746556039
2023-09-24 08:00:00+00:00,119941.23746556039
2023-09-24 12:00:00+00:00,119941.23746556039
2023-09-24 16:00:00+00:00,119941.23746556039
2023-09-24 20:00:00+00:00,119941.23746556039
2023-09-25 00:00:00+00:00,119941.23746556039
2023-09-25 04:00:00+00:00,119941.23746556039
2023-09-25 08:00:00+00:00,119941.23746556039
2023-09-25 12:00:00+00:00,119941.23746556039
2023-09-25 16:00:00+00:00,119941.23746556039
2023-09-25 20:00:00+00:00,119941.23746556039
2023-09-26 00:00:00+00:00,119941.23746556039
2023-09-26 04:00:00+00:00,119941.23746556039
2023-09-26 08:00:00+00:00,119941.23746556039
2023-09-26 12:00:00+00:00,119941.23746556039
2023-09-26 16:00:00+00:00,119941.23746556039
2023-09-26 20:00:00+00:00,119941.23746556039
2023-09-27 00:00:00+00:00,119941.23746556039
2023-09-27 04:00:00+00:00,119941.23746556039
2023-09-27 08:00:00+00:00,119941.23746556039
2023-09-27 12:00:00+00:00,119941.23746556039
2023-09-27 16:00:00+00:00,119941.23746556039
2023-09-27 20:00:00+00:00,119941.23746556039
2023-09-28 00:00:00+00:00,119941.23746556039
2023-09-28 04:00:00+00:00,119941.23746556039
2023-09-28 08:00:00+00:00,119941.23746556039
2023-09-28 12:00:00+00:00,119941.23746556039
2023-09-28 16:00:00+00:00,119941.23746556039
2023-09-28 20:00:00+00:00,119941.23746556039
2023-09-29 00:00:00+00:00,119941.23746556039
2023-09-29 04:00:00+00:00,119941.23746556039
2023-09-29 08:00:00+00:00,120832.03870989398
2023-09-29 12:00:00+00:00,120009.79482533174
2023-09-29 16:00:00+00:00,119686.27506148089
2023-09-29 20:00:00+00:00,119836.37711070232
2023-09-30 00:00:00+00:00,119752.75538714006
2023-09-30 04:00:00+00:00,119794.52857650981
2023-09-30 08:00:00+00:00,119846.09316291341
2023-09-30 12:00:00+00:00,119871.76546355142
2023-09-30 16:00:00+00:00,120114.47536355142
2023-09-30 20:00:00+00:00,120210.49461697586
2023-10-01 00:00:00+00:00,119974.45041697587
2023-10-01 04:00:00+00:00,120296.05277726312
2023-10-01 08:00:00+00:00,120537.99159751726
2023-10-01 12:00:00+00:00,120855.30366483396
2023-10-01 16:00:00+00:00,120708.02824055366
2023-10-01 20:00:00+00:00,120526.92849149027
2023-10-02 00:00:00+00:00,124013.48169149028
2023-10-02 04:00:00+00:00,126448.70067840558
2023-10-02 08:00:00+00:00,129692.3407436936
2023-10-02 12:00:00+00:00,127630.39523673245
2023-10-02 16:00:00+00:00,124855.38419047884
2023-10-02 20:00:00+00:00,123568.64993600678
2023-10-03 00:00:00+00:00,114313.06321497673
2023-10-03 04:00:00+00:00,114313.06321497673
2023-10-03 08:00:00+00:00,114313.06321497673
2023-10-03 12:00:00+00:00,114313.06321497673
2023-10-03 16:00:00+00:00,114313.06321497673
2023-10-03 20:00:00+00:00,114313.06321497673
2023-10-04 00:00:00+00:00,115679.95820772134
2023-10-04 04:00:00+00:00,115498.18768969645
2023-10-04 08:00:00+00:00,115498.18768969645
2023-10-04 12:00:00+00:00,115498.18768969645
2023-10-04 16:00:00+00:00,113488.45498138355
2023-10-04 20:00:00+00:00,114087.6420509179
2023-10-05 00:00:00+00:00,115810.61650212626
2023-10-05 04:00:00+00:00,114450.73253588262
2023-10-05 08:00:00+00:00,113992.6034358826
2023-10-05 12:00:00+00:00,115250.45895174824
2023-10-05 16:00:00+00:00,113415.70005956788
2023-10-05 20:00:00+00:00,113070.93135226729
2023-10-06 00:00:00+00:00,112886.8303662929
2023-10-06 04:00:00+00:00,113349.14928572153
2023-10-06 08:00:00+00:00,114297.70803289783
2023-10-06 12:00:00+00:00,115566.1594034728
2023-10-06 16:00:00+00:00,117592.05599316861
2023-10-06 20:00:00+00:00,117721.0106414558
2023-10-07 00:00:00+00:00,117495.6460091243
2023-10-07 04:00:00+00:00,117200.75902459116
2023-10-07 08:00:00+00:00,117075.34762459113
2023-10-07 12:00:00+00:00,117614.45944245736
2023-10-07 16:00:00+00:00,117585.98379718764
2023-10-07 20:00:00+00:00,116731.28029360915
2023-10-08 00:00:00+00:00,117758.77369360912
2023-10-08 04:00:00+00:00,118932.71525464815
2023-10-08 08:00:00+00:00,117207.2508571771
2023-10-08 12:00:00+00:00,116700.21037651254
2023-10-08 16:00:00+00:00,117019.83018274713
2023-10-08 20:00:00+00:00,117015.25876124745
2023-10-09 00:00:00+00:00,117096.24645565024
2023-10-09 04:00:00+00:00,117119.59733545671
2023-10-09 08:00:00+00:00,116701.94533545671
2023-10-09 12:00:00+00:00,115363.6622319875
2023-10-09 16:00:00+00:00,115312.21530098381
2023-10-09 20:00:00+00:00,115312.21530098381
2023-10-10 00:00:00+00:00,115312.21530098381
2023-10-10 04:00:00+00:00,115312.21530098381
2023-10-10 08:00:00+00:00,115312.21530098381
2023-10-10 12:00:00+00:00,115312.21530098381
2023-10-10 16:00:00+00:00,115312.21530098381
2023-10-10 20:00:00+00:00,115312.21530098381
2023-10-11 00:00:00+00:00,115312.21530098381
2023-10-11 04:00:00+00:00,115312.21530098381
2023-10-11 08:00:00+00:00,115312.21530098381
2023-10-11 12:00:00+00:00,115312.21530098381
2023-10-11 16:00:00+00:00,115312.21530098381
2023-10-11 20:00:00+00:00,115312.21530098381
2023-10-12 00:00:00+00:00,115312.21530098381
2023-10-12 04:00:00+00:00,115312.21530098381
2023-10-12 08:00:00+00:00,115312.21530098381
2023-10-12 12:00:00+00:00,115312.21530098381
2023-10-12 16:00:00+00:00,115312.21530098381
2023-10-12 20:00:00+00:00,115312.21530098381
2023-10-13 00:00:00+00:00,115312.21530098381
2023-10-13 04:00:00+00:00,115312.21530098381
2023-10-13 08:00:00+00:00,115312.21530098381
2023-10-13 12:00:00+00:00,115312.21530098381
2023-10-13 16:00:00+00:00,115312.21530098381
2023-10-13 20:00:00+00:00,115312.21530098381
2023-10-14 00:00:00+00:00,115312.21530098381
2023-10-14 04:00:00+00:00,115312.21530098381
2023-10-14 08:00:00+00:00,115312.21530098381
2023-10-14 12:00:00+00:00,115312.21530098381
2023-10-14 16:00:00+00:00,115312.21530098381
2023-10-14 20:00:00+00:00,115312.21530098381
2023-10-15 00:00:00+00:00,115312.21530098381
2023-10-15 04:00:00+00:00,115312.21530098381
2023-10-15 08:00:00+00:00,115312.21530098381
2023-10-15 12:00:00+00:00,115312.21530098381
2023-10-15 16:00:00+00:00,115312.21530098381
2023-10-15 20:00:00+00:00,115312.21530098381
2023-10-16 00:00:00+00:00,115312.21530098381
2023-10-16 04:00:00+00:00,115312.21530098381
2023-10-16 08:00:00+00:00,115312.21530098381
2023-10-16 12:00:00+00:00,115312.21530098381
2023-10-16 16:00:00+00:00,115312.21530098381
2023-10-16 20:00:00+00:00,115312.21530098381
2023-10-17 00:00:00+00:00,115614.62352274661
2023-10-17 04:00:00+00:00,113085.21794277603
2023-10-17 08:00:00+00:00,114739.87894277605
2023-10-17 12:00:00+00:00,114759.1200311872
2023-10-17 16:00:00+00:00,115195.29482643791
2023-10-17 20:00:00+00:00,115757.98904039183
2023-10-18 00:00:00+00:00,114460.72222114794
2023-10-18 04:00:00+00:00,115460.09015554009
2023-10-18 08:00:00+00:00,115341.7855048373
2023-10-18 12:00:00+00:00,113974.15995284183
2023-10-18 16:00:00+00:00,113151.83216446298
2023-10-18 20:00:00+00:00,113129.32114066367
2023-10-19 00:00:00+00:00,113778.08924066366
2023-10-19 04:00:00+00:00,113260.04921224613
2023-10-19 08:00:00+00:00,113866.67811224614
2023-10-19 12:00:00+00:00,114914.68613921234
2023-10-19 16:00:00+00:00,116892.27101464802
2023-10-19 20:00:00+00:00,117597.14885404096
2023-10-20 00:00:00+00:00,117237.69473023819
2023-10-20 04:00:00+00:00,121878.49369189618
2023-10-20 08:00:00+00:00,121941.54111094371
2023-10-20 12:00:00+00:00,129393.62437394571
2023-10-20 16:00:00+00:00,125800.8211647519
2023-10-20 20:00:00+00:00,125909.30160208418
2023-10-21 00:00:00+00:00,127263.26049619998
2023-10-21 04:00:00+00:00,126477.08544127815
2023-10-21 08:00:00+00:00,127579.93405304656
2023-10-21 12:00:00+00:00,128969.12594623736
2023-10-21 16:00:00+00:00,130597.66225467835
2023-10-21 20:00:00+00:00,133134.7164767997
2023-10-22 00:00:00+00:00,130212.86050252328
2023-10-22 04:00:00+00:00,130175.5622479549
2023-10-22 08:00:00+00:00,129203.3990477773
2023-10-22 12:00:00+00:00,130156.57402310133
2023-10-22 16:00:00+00:00,129340.1766231013
2023-10-22 20:00:00+00:00,129492.83585323583
2023-10-23 00:00:00+00:00,131014.20914884056
2023-10-23 04:00:00+00:00,138437.00911679104
2023-10-23 08:00:00+00:00,135519.7592119866
2023-10-23 12:00:00+00:00,137377.3827092383
2023-10-23 16:00:00+00:00,140422.81790923828
2023-10-23 20:00:00+00:00,146900.36654151147
2023-10-24 00:00:00+00:00,172109.69862325938
2023-10-24 04:00:00+00:00,172109.69862325938
2023-10-24 08:00:00+00:00,172109.69862325938
2023-10-24 12:00:00+00:00,180391.00528163178
2023-10-24 16:00:00+00:00,166849.55157795324
2023-10-24 20:00:00+00:00,167541.75524469794
2023-10-25 00:00:00+00:00,168264.12584433105
2023-10-25 04:00:00+00:00,168717.25942206918
2023-10-25 08:00:00+00:00,167856.0190640347
2023-10-25 12:00:00+00:00,169868.73112114397
2023-10-25 16:00:00+00:00,173710.41627641383
2023-10-25 20:00:00+00:00,172781.30581764056
2023-10-26 00:00:00+00:00,170755.0587941509
2023-10-26 04:00:00+00:00,172555.82861774045
2023-10-26 08:00:00+00:00,171746.16465903306
2023-10-26 12:00:00+00:00,168257.2019673892
2023-10-26 16:00:00+00:00,167897.1415294028
2023-10-26 20:00:00+00:00,167905.37263415442
2023-10-27 00:00:00+00:00,168545.35220331376
2023-10-27 04:00:00+00:00,168309.09466164338
2023-10-27 08:00:00+00:00,167252.37658689593
2023-10-27 12:00:00+00:00,167883.79557389155
2023-10-27 16:00:00+00:00,167580.21249959993
2023-10-27 20:00:00+00:00,165626.5212218078
2023-10-28 00:00:00+00:00,166838.2094379149
2023-10-28 04:00:00+00:00,167899.26210279288
2023-10-28 08:00:00+00:00,167815.1912054173
2023-10-28 12:00:00+00:00,168616.2351028777
2023-10-28 16:00:00+00:00,168719.95773874663
2023-10-28 20:00:00+00:00,168192.4800191275
2023-10-29 00:00:00+00:00,167991.79549132028
2023-10-29 04:00:00+00:00,167305.3945546073
2023-10-29 08:00:00+00:00,167960.85968953095
2023-10-29 12:00:00+00:00,169096.59974790455
2023-10-29 16:00:00+00:00,170294.83263385104
2023-10-29 20:00:00+00:00,170972.35187509103
2023-10-30 00:00:00+00:00,170703.03931257615
2023-10-30 04:00:00+00:00,169099.88938849102
2023-10-30 08:00:00+00:00,168602.6527822886
2023-10-30 12:00:00+00:00,171239.47282873568
2023-10-30 16:00:00+00:00,171512.8901021703
2023-10-30 20:00:00+00:00,170046.61092639292
2023-10-31 00:00:00+00:00,170354.95293288998
2023-10-31 04:00:00+00:00,168638.88857550838
2023-10-31 08:00:00+00:00,168237.1247254781
2023-10-31 12:00:00+00:00,170441.3902393136
2023-10-31 16:00:00+00:00,169082.31238164703
2023-10-31 20:00:00+00:00,170758.56585344358
2023-11-01 00:00:00+00:00,171343.69857531873
2023-11-01 04:00:00+00:00,169920.5205566787
2023-11-01 08:00:00+00:00,170319.9206246431
2023-11-01 12:00:00+00:00,169996.38294099158
2023-11-01 16:00:00+00:00,168389.7141435331
2023-11-01 20:00:00+00:00,169122.44286281575
2023-11-02 00:00:00+00:00,178800.2426842929
2023-11-02 04:00:00+00:00,180736.2771212929
2023-11-02 08:00:00+00:00,176545.54973046886
2023-11-02 12:00:00+00:00,177411.49281675887
2023-11-02 16:00:00+00:00,169801.15734753886
2023-11-02 20:00:00+00:00,170651.5028773299
2023-11-03 00:00:00+00:00,170520.5645853188
2023-11-03 04:00:00+00:00,169786.15675685983
2023-11-03 08:00:00+00:00,169157.60185053127
2023-11-03 12:00:00+00:00,168118.94583235082
2023-11-03 16:00:00+00:00,168118.94583235082
2023-11-03 20:00:00+00:00,167458.1488884588
2023-11-04 00:00:00+00:00,167957.10365898954
2023-11-04 04:00:00+00:00,167943.4916731215
2023-11-04 08:00:00+00:00,168106.9456119506
2023-11-04 12:00:00+00:00,167949.14943986057
2023-11-04 16:00:00+00:00,167958.7760287488
2023-11-04 20:00:00+00:00,167990.51139322665
2023-11-05 00:00:00+00:00,167938.60303778312
2023-11-05 04:00:00+00:00,167938.60303778312
2023-11-05 08:00:00+00:00,167938.60303778312
2023-11-05 12:00:00+00:00,167938.60303778312
2023-11-05 16:00:00+00:00,167938.60303778312
2023-11-05 20:00:00+00:00,167938.60303778312
2023-11-06 00:00:00+00:00,167938.60303778312
2023-11-06 04:00:00+00:00,167938.60303778312
2023-11-06 08:00:00+00:00,167938.60303778312
2023-11-06 12:00:00+00:00,167938.60303778312
2023-11-06 16:00:00+00:00,167938.60303778312
2023-11-06 20:00:00+00:00,167938.60303778312
2023-11-07 00:00:00+00:00,167938.60303778312
2023-11-07 04:00:00+00:00,167938.60303778312
2023-11-07 08:00:00+00:00,167938.60303778312
2023-11-07 12:00:00+00:00,167938.60303778312
2023-11-07 16:00:00+00:00,167938.60303778312
2023-11-07 20:00:00+00:00,167938.60303778312
2023-11-08 00:00:00+00:00,167938.60303778312
2023-11-08 04:00:00+00:00,167938.60303778312
2023-11-08 08:00:00+00:00,167938.60303778312
2023-11-08 12:00:00+00:00,167938.60303778312
2023-11-08 16:00:00+00:00,167938.60303778312
2023-11-08 20:00:00+00:00,167938.60303778312
2023-11-09 00:00:00+00:00,167938.60303778312
2023-11-09 04:00:00+00:00,167938.60303778312
2023-11-09 08:00:00+00:00,167938.60303778312
2023-11-09 12:00:00+00:00,167938.60303778312
2023-11-09 16:00:00+00:00,172277.69033492365
2023-11-09 20:00:00+00:00,162497.30414631648
2023-11-10 00:00:00+00:00,164726.06774353466
2023-11-10 04:00:00+00:00,164983.6818438543
2023-11-10 08:00:00+00:00,162918.38511094707
2023-11-10 12:00:00+00:00,167529.392482337
2023-11-10 16:00:00+00:00,167520.1959398624
2023-11-10 20:00:00+00:00,168631.10756686243
2023-11-11 00:00:00+00:00,169252.42556983014
2023-11-11 04:00:00+00:00,167230.6517607116
2023-11-11 08:00:00+00:00,166972.35983180796
2023-11-11 12:00:00+00:00,166787.50950816838
2023-11-11 16:00:00+00:00,167247.7901081684
2023-11-11 20:00:00+00:00,168073.43477263406
2023-11-12 00:00:00+00:00,167960.60689373946
2023-11-12 04:00:00+00:00,166696.33271339754
2023-11-12 08:00:00+00:00,167848.34374233504
2023-11-12 12:00:00+00:00,167188.61277554507
2023-11-12 16:00:00+00:00,167975.75350086778
2023-11-12 20:00:00+00:00,167527.65693328143
2023-11-13 00:00:00+00:00,167133.1446655746
2023-11-13 04:00:00+00:00,165807.98156520707
2023-11-13 08:00:00+00:00,166180.23900999117
2023-11-13 12:00:00+00:00,164945.72454591098
2023-11-13 16:00:00+00:00,165219.5677534201
2023-11-13 20:00:00+00:00,165194.88166997585
2023-11-14 00:00:00+00:00,161982.93248071757
2023-11-14 04:00:00+00:00,161812.11582365187
2023-11-14 08:00:00+00:00,161812.11582365187
2023-11-14 12:00:00+00:00,161812.11582365187
2023-11-14 16:00:00+00:00,161812.11582365187
2023-11-14 20:00:00+00:00,161812.11582365187
2023-11-15 00:00:00+00:00,161812.11582365187
2023-11-15 04:00:00+00:00,161762.5654665933
2023-11-15 08:00:00+00:00,161758.3415785656
2023-11-15 12:00:00+00:00,161758.3415785656
2023-11-15 16:00:00+00:00,161758.3415785656
2023-11-15 20:00:00+00:00,161758.3415785656
2023-11-16 00:00:00+00:00,164641.6494958366
2023-11-16 04:00:00+00:00,161339.2923434203
2023-11-16 08:00:00+00:00,161186.7868586256
2023-11-16 12:00:00+00:00,159620.45325204852
2023-11-16 16:00:00+00:00,152755.99332858776
2023-11-16 20:00:00+00:00,152622.47777940112
2023-11-17 00:00:00+00:00,152622.47777940112
2023-11-17 04:00:00+00:00,152622.47777940112
2023-11-17 08:00:00+00:00,152622.47777940112
2023-11-17 12:00:00+00:00,152622.47777940112
2023-11-17 16:00:00+00:00,152622.47777940112
2023-11-17 20:00:00+00:00,152622.47777940112
2023-11-18 00:00:00+00:00,152622.47777940112
2023-11-18 04:00:00+00:00,152622.47777940112
2023-11-18 08:00:00+00:00,152622.47777940112
2023-11-18 12:00:00+00:00,152622.47777940112
2023-11-18 16:00:00+00:00,152622.47777940112
2023-11-18 20:00:00+00:00,152622.47777940112
2023-11-19 00:00:00+00:00,152622.47777940112
2023-11-19 04:00:00+00:00,152622.47777940112
2023-11-19 08:00:00+00:00,152622.47777940112
2023-11-19 12:00:00+00:00,152622.47777940112
2023-11-19 16:00:00+00:00,152622.47777940112
2023-11-19 20:00:00+00:00,152622.47777940112
2023-11-20 00:00:00+00:00,152622.47777940112
2023-11-20 04:00:00+00:00,152622.47777940112
2023-11-20 08:00:00+00:00,152622.47777940112
2023-11-20 12:00:00+00:00,152622.47777940112
2023-11-20 16:00:00+00:00,152622.47777940112
2023-11-20 20:00:00+00:00,152622.47777940112
2023-11-21 00:00:00+00:00,152622.47777940112
2023-11-21 04:00:00+00:00,152622.47777940112
2023-11-21 08:00:00+00:00,152622.47777940112
2023-11-21 12:00:00+00:00,152622.47777940112
2023-11-21 16:00:00+00:00,152622.47777940112
2023-11-21 20:00:00+00:00,152622.47777940112
2023-11-22 00:00:00+00:00,152622.47777940112
2023-11-22 04:00:00+00:00,152622.47777940112
2023-11-22 08:00:00+00:00,152622.47777940112
2023-11-22 12:00:00+00:00,152622.47777940112
2023-11-22 16:00:00+00:00,152622.47777940112
2023-11-22 20:00:00+00:00,152622.47777940112
2023-11-23 00:00:00+00:00,152622.47777940112
2023-11-23 04:00:00+00:00,152622.47777940112
2023-11-23 08:00:00+00:00,152622.47777940112
2023-11-23 12:00:00+00:00,152622.47777940112
2023-11-23 16:00:00+00:00,152622.47777940112
2023-11-23 20:00:00+00:00,152622.47777940112
2023-11-24 00:00:00+00:00,152622.47777940112
2023-11-24 04:00:00+00:00,152622.47777940112
2023-11-24 08:00:00+00:00,152622.47777940112
2023-11-24 12:00:00+00:00,152622.47777940112
2023-11-24 16:00:00+00:00,152622.47777940112
2023-11-24 20:00:00+00:00,152622.47777940112
2023-11-25 00:00:00+00:00,152622.47777940112
2023-11-25 04:00:00+00:00,152622.47777940112
2023-11-25 08:00:00+00:00,152622.47777940112
2023-11-25 12:00:00+00:00,152622.47777940112
2023-11-25 16:00:00+00:00,152622.47777940112
2023-11-25 20:00:00+00:00,152622.47777940112
2023-11-26 00:00:00+00:00,152622.47777940112
2023-11-26 04:00:00+00:00,152622.47777940112
2023-11-26 08:00:00+00:00,152622.47777940112
2023-11-26 12:00:00+00:00,152622.47777940112
2023-11-26 16:00:00+00:00,152622.47777940112
2023-11-26 20:00:00+00:00,152622.47777940112
2023-11-27 00:00:00+00:00,152622.47777940112
2023-11-27 04:00:00+00:00,152622.47777940112
2023-11-27 08:00:00+00:00,152622.47777940112
2023-11-27 12:00:00+00:00,152622.47777940112
2023-11-27 16:00:00+00:00,152622.47777940112
2023-11-27 20:00:00+00:00,152622.47777940112
2023-11-28 00:00:00+00:00,152622.47777940112
2023-11-28 04:00:00+00:00,152622.47777940112
2023-11-28 08:00:00+00:00,152622.47777940112
2023-11-28 12:00:00+00:00,152622.47777940112
2023-11-28 16:00:00+00:00,152622.47777940112
2023-11-28 20:00:00+00:00,152622.47777940112
2023-11-29 00:00:00+00:00,152622.47777940112
2023-11-29 04:00:00+00:00,152622.47777940112
2023-11-29 08:00:00+00:00,152622.47777940112
2023-11-29 12:00:00+00:00,152622.47777940112
2023-11-29 16:00:00+00:00,152622.47777940112
2023-11-29 20:00:00+00:00,152622.47777940112
2023-11-30 00:00:00+00:00,152622.47777940112
2023-11-30 04:00:00+00:00,152622.47777940112
2023-11-30 08:00:00+00:00,152622.47777940112
2023-11-30 12:00:00+00:00,152622.47777940112
2023-11-30 16:00:00+00:00,152622.47777940112
2023-11-30 20:00:00+00:00,152622.47777940112
2023-12-01 00:00:00+00:00,152622.47777940112
2023-12-01 04:00:00+00:00,152622.47777940112
2023-12-01 08:00:00+00:00,152622.47777940112
2023-12-01 12:00:00+00:00,152622.47777940112
2023-12-01 16:00:00+00:00,152622.47777940112
2023-12-01 20:00:00+00:00,152622.47777940112
2023-12-02 00:00:00+00:00,151830.22016651466
2023-12-02 04:00:00+00:00,152870.38718924558
2023-12-02 08:00:00+00:00,152023.53018924556
2023-12-02 12:00:00+00:00,152456.2873597706
2023-12-02 16:00:00+00:00,153116.74986459644
2023-12-02 20:00:00+00:00,159390.56872241374
2023-12-03 00:00:00+00:00,159713.73577521
2023-12-03 04:00:00+00:00,158633.21685864884
2023-12-03 08:00:00+00:00,159764.06845048038
2023-12-03 12:00:00+00:00,159687.0763839871
2023-12-03 16:00:00+00:00,164028.52958398702
2023-12-03 20:00:00+00:00,160897.53001412036
2023-12-04 00:00:00+00:00,165823.92626594187
2023-12-04 04:00:00+00:00,176970.0294026904
2023-12-04 08:00:00+00:00,188325.0516616401
2023-12-04 12:00:00+00:00,190380.673974071
2023-12-04 16:00:00+00:00,185368.641474071
2023-12-04 20:00:00+00:00,196161.371071184
2023-12-05 00:00:00+00:00,196188.45117832097
2023-12-05 04:00:00+00:00,193609.25462910254
2023-12-05 08:00:00+00:00,189121.91306015674
2023-12-05 12:00:00+00:00,192087.04010358173
2023-12-05 16:00:00+00:00,200185.42336308156
2023-12-05 20:00:00+00:00,225154.25231851867
2023-12-06 00:00:00+00:00,225154.25231851867
2023-12-06 04:00:00+00:00,225154.25231851867
2023-12-06 08:00:00+00:00,223504.18782894703
2023-12-06 12:00:00+00:00,226376.59918182634
2023-12-06 16:00:00+00:00,225268.01100234708
2023-12-06 20:00:00+00:00,229113.914440213
2023-12-07 00:00:00+00:00,224752.00038800697
2023-12-07 04:00:00+00:00,227831.4609230412
2023-12-07 08:00:00+00:00,227008.24238925314
2023-12-07 12:00:00+00:00,213938.58251258562
2023-12-07 16:00:00+00:00,218384.2063256615
2023-12-07 20:00:00+00:00,214001.71599040658
2023-12-08 00:00:00+00:00,214585.4680011633
2023-12-08 04:00:00+00:00,215575.90937602852
2023-12-08 08:00:00+00:00,213449.94494196336
2023-12-08 12:00:00+00:00,218355.35683304432
2023-12-08 16:00:00+00:00,219267.53923304428
2023-12-08 20:00:00+00:00,220995.7869907797
2023-12-09 00:00:00+00:00,223490.76727005636
2023-12-09 04:00:00+00:00,222987.2353776751
2023-12-09 08:00:00+00:00,223556.92177447162
2023-12-09 12:00:00+00:00,219592.7641939501
2023-12-09 16:00:00+00:00,222061.9753914409
2023-12-09 20:00:00+00:00,220677.45997508083
2023-12-10 00:00:00+00:00,218477.75001465957
2023-12-10 04:00:00+00:00,219750.36952434684
2023-12-10 08:00:00+00:00,221001.6197243469
2023-12-10 12:00:00+00:00,218554.45354600827
2023-12-10 16:00:00+00:00,220362.0397636628
2023-12-10 20:00:00+00:00,219043.43169246998
2023-12-11 00:00:00+00:00,218949.41289247
2023-12-11 04:00:00+00:00,208453.14319051712
2023-12-11 08:00:00+00:00,208453.14319051712
2023-12-11 12:00:00+00:00,208453.14319051712
2023-12-11 16:00:00+00:00,208453.14319051712
2023-12-11 20:00:00+00:00,208453.14319051712
2023-12-12 00:00:00+00:00,208453.14319051712
2023-12-12 04:00:00+00:00,208453.14319051712
2023-12-12 08:00:00+00:00,208453.14319051712
2023-12-12 12:00:00+00:00,208453.14319051712
2023-12-12 16:00:00+00:00,208453.14319051712
2023-12-12 20:00:00+00:00,208453.14319051712
2023-12-13 00:00:00+00:00,208453.14319051712
2023-12-13 04:00:00+00:00,208453.14319051712
2023-12-13 08:00:00+00:00,208453.14319051712
2023-12-13 12:00:00+00:00,208453.14319051712
2023-12-13 16:00:00+00:00,208453.14319051712
2023-12-13 20:00:00+00:00,208453.14319051712
2023-12-14 00:00:00+00:00,208453.14319051712
2023-12-14 04:00:00+00:00,208362.2332686001
2023-12-14 08:00:00+00:00,208473.93035380455
2023-12-14 12:00:00+00:00,208690.46716242886
2023-12-14 16:00:00+00:00,206607.4729004705
2023-12-14 20:00:00+00:00,206529.25273905258
2023-12-15 00:00:00+00:00,206529.25273905258
2023-12-15 04:00:00+00:00,206529.25273905258
2023-12-15 08:00:00+00:00,206529.25273905258
2023-12-15 12:00:00+00:00,206529.25273905258
2023-12-15 16:00:00+00:00,206529.25273905258
2023-12-15 20:00:00+00:00,206529.25273905258
2023-12-16 00:00:00+00:00,206529.25273905258
2023-12-16 04:00:00+00:00,206529.25273905258
2023-12-16 08:00:00+00:00,206529.25273905258
2023-12-16 12:00:00+00:00,206529.25273905258
2023-12-16 16:00:00+00:00,206529.25273905258
2023-12-16 20:00:00+00:00,206529.25273905258
2023-12-17 00:00:00+00:00,206529.25273905258
2023-12-17 04:00:00+00:00,206529.25273905258
2023-12-17 08:00:00+00:00,206529.25273905258
2023-12-17 12:00:00+00:00,206529.25273905258
2023-12-17 16:00:00+00:00,206529.25273905258
2023-12-17 20:00:00+00:00,206529.25273905258
2023-12-18 00:00:00+00:00,206529.25273905258
2023-12-18 04:00:00+00:00,206529.25273905258
2023-12-18 08:00:00+00:00,206529.25273905258
2023-12-18 12:00:00+00:00,206529.25273905258
2023-12-18 16:00:00+00:00,206529.25273905258
2023-12-18 20:00:00+00:00,206529.25273905258
2023-12-19 00:00:00+00:00,206529.25273905258
2023-12-19 04:00:00+00:00,210423.46086643092
2023-12-19 08:00:00+00:00,210066.52090509926
2023-12-19 12:00:00+00:00,209483.27207169888
2023-12-19 16:00:00+00:00,205023.7820716989
2023-12-19 20:00:00+00:00,204503.0061791148
2023-12-20 00:00:00+00:00,204486.89364074732
2023-12-20 04:00:00+00:00,204486.89364074732
2023-12-20 08:00:00+00:00,204486.89364074732
2023-12-20 12:00:00+00:00,203680.73364090628
2023-12-20 16:00:00+00:00,214826.94573031593
2023-12-20 20:00:00+00:00,211848.17479412258
2023-12-21 00:00:00+00:00,211222.2546203808
2023-12-21 04:00:00+00:00,210929.30014501023
2023-12-21 08:00:00+00:00,212001.77199089166
2023-12-21 12:00:00+00:00,213506.38474747972
2023-12-21 16:00:00+00:00,212399.52989599935
2023-12-21 20:00:00+00:00,210135.63185413217
2023-12-22 00:00:00+00:00,212707.77719694475
2023-12-22 04:00:00+00:00,213892.08937317587
2023-12-22 08:00:00+00:00,209963.7258857496
2023-12-22 12:00:00+00:00,211391.17116939687
2023-12-22 16:00:00+00:00,210613.7905619165
2023-12-22 20:00:00+00:00,210256.064428691
2023-12-23 00:00:00+00:00,213337.27907216852
2023-12-23 04:00:00+00:00,209046.79713108396
2023-12-23 08:00:00+00:00,209383.1498138572
2023-12-23 12:00:00+00:00,209338.31211514736
2023-12-23 16:00:00+00:00,211199.2293218131
2023-12-23 20:00:00+00:00,210669.5982501585
2023-12-24 00:00:00+00:00,210634.34945015854
2023-12-24 04:00:00+00:00,211914.20783168348
2023-12-24 08:00:00+00:00,210155.1304458734
2023-12-24 12:00:00+00:00,209824.96456447532
2023-12-24 16:00:00+00:00,209978.91126412945
2023-12-24 20:00:00+00:00,209735.38287432358
2023-12-25 00:00:00+00:00,209613.71685765186
2023-12-25 04:00:00+00:00,209613.71685765186
2023-12-25 08:00:00+00:00,209613.71685765186
2023-12-25 12:00:00+00:00,209613.71685765186
2023-12-25 16:00:00+00:00,209613.71685765186
2023-12-25 20:00:00+00:00,209613.71685765186
2023-12-26 00:00:00+00:00,209613.71685765186
2023-12-26 04:00:00+00:00,209613.71685765186
2023-12-26 08:00:00+00:00,209613.71685765186
2023-12-26 12:00:00+00:00,209613.71685765186
2023-12-26 16:00:00+00:00,209613.71685765186
2023-12-26 20:00:00+00:00,209613.71685765186
2023-12-27 00:00:00+00:00,209613.71685765186
2023-12-27 04:00:00+00:00,209613.71685765186
2023-12-27 08:00:00+00:00,209613.71685765186
2023-12-27 12:00:00+00:00,209613.71685765186
2023-12-27 16:00:00+00:00,209613.71685765186
2023-12-27 20:00:00+00:00,209613.71685765186
2023-12-28 00:00:00+00:00,209613.71685765186
2023-12-28 04:00:00+00:00,209613.71685765186
2023-12-28 08:00:00+00:00,209613.71685765186
2023-12-28 12:00:00+00:00,209613.71685765186
2023-12-28 16:00:00+00:00,209613.71685765186
2023-12-28 20:00:00+00:00,209613.71685765186
2023-12-29 00:00:00+00:00,209613.71685765186
2023-12-29 04:00:00+00:00,209613.71685765186
2023-12-29 08:00:00+00:00,209613.71685765186
2023-12-29 12:00:00+00:00,209613.71685765186
2023-12-29 16:00:00+00:00,209613.71685765186
2023-12-29 20:00:00+00:00,209613.71685765186
2023-12-30 00:00:00+00:00,209613.71685765186
2023-12-30 04:00:00+00:00,209613.71685765186
2023-12-30 08:00:00+00:00,209613.71685765186
2023-12-30 12:00:00+00:00,209613.71685765186
2023-12-30 16:00:00+00:00,209613.71685765186
2023-12-30 20:00:00+00:00,209613.71685765186
2023-12-31 00:00:00+00:00,209613.71685765186
2023-12-31 04:00:00+00:00,209613.71685765186
2023-12-31 08:00:00+00:00,209613.71685765186
2023-12-31 12:00:00+00:00,209613.71685765186
2023-12-31 16:00:00+00:00,209613.71685765186
2023-12-31 20:00:00+00:00,209613.71685765186
2024-01-01 00:00:00+00:00,209613.71685765186
2024-01-01 04:00:00+00:00,209613.71685765186
2024-01-01 08:00:00+00:00,209613.71685765186
2024-01-01 12:00:00+00:00,209613.71685765186
2024-01-01 16:00:00+00:00,209613.71685765186
2024-01-01 20:00:00+00:00,209613.71685765186
2024-01-02 00:00:00+00:00,209613.71685765186
2024-01-02 04:00:00+00:00,209613.71685765186
2024-01-02 08:00:00+00:00,209613.71685765186
2024-01-02 12:00:00+00:00,209613.71685765186
2024-01-02 16:00:00+00:00,209613.71685765186
2024-01-02 20:00:00+00:00,207276.6756448486
2024-01-03 00:00:00+00:00,206601.9037028205
2024-01-03 04:00:00+00:00,210413.82995347105
2024-01-03 08:00:00+00:00,208934.70823204788
2024-01-03 12:00:00+00:00,195516.55508750264
2024-01-03 16:00:00+00:00,195516.55508750264
2024-01-03 20:00:00+00:00,195516.55508750264
2024-01-04 00:00:00+00:00,195516.55508750264
2024-01-04 04:00:00+00:00,195516.55508750264
2024-01-04 08:00:00+00:00,195516.55508750264
2024-01-04 12:00:00+00:00,195516.55508750264
2024-01-04 16:00:00+00:00,195516.55508750264
2024-01-04 20:00:00+00:00,195516.55508750264
2024-01-05 00:00:00+00:00,195516.55508750264
2024-01-05 04:00:00+00:00,195516.55508750264
2024-01-05 08:00:00+00:00,195516.55508750264
2024-01-05 12:00:00+00:00,195516.55508750264
2024-01-05 16:00:00+00:00,195516.55508750264
2024-01-05 20:00:00+00:00,195516.55508750264
2024-01-06 00:00:00+00:00,195516.55508750264
2024-01-06 04:00:00+00:00,195516.55508750264
2024-01-06 08:00:00+00:00,195516.55508750264
2024-01-06 12:00:00+00:00,195516.55508750264
2024-01-06 16:00:00+00:00,195516.55508750264
2024-01-06 20:00:00+00:00,195516.55508750264
2024-01-07 00:00:00+00:00,195516.55508750264
2024-01-07 04:00:00+00:00,195516.55508750264
2024-01-07 08:00:00+00:00,195516.55508750264
2024-01-07 12:00:00+00:00,195516.55508750264
2024-01-07 16:00:00+00:00,195516.55508750264
2024-01-07 20:00:00+00:00,195516.55508750264
2024-01-08 00:00:00+00:00,195516.55508750264
2024-01-08 04:00:00+00:00,195516.55508750264
2024-01-08 08:00:00+00:00,195516.55508750264
2024-01-08 12:00:00+00:00,195516.55508750264
2024-01-08 16:00:00+00:00,195516.55508750264
2024-01-08 20:00:00+00:00,195516.55508750264
2024-01-09 00:00:00+00:00,195516.55508750264
2024-01-09 04:00:00+00:00,195516.55508750264
2024-01-09 08:00:00+00:00,195516.55508750264
2024-01-09 12:00:00+00:00,195516.55508750264
2024-01-09 16:00:00+00:00,195516.55508750264
2024-01-09 20:00:00+00:00,195516.55508750264
2024-01-10 00:00:00+00:00,195516.55508750264
2024-01-10 04:00:00+00:00,195516.55508750264
2024-01-10 08:00:00+00:00,195516.55508750264
2024-01-10 12:00:00+00:00,195516.55508750264
2024-01-10 16:00:00+00:00,195516.55508750264
2024-01-10 20:00:00+00:00,195516.55508750264
2024-01-11 00:00:00+00:00,195516.55508750264
2024-01-11 04:00:00+00:00,195516.55508750264
2024-01-11 08:00:00+00:00,195516.55508750264
2024-01-11 12:00:00+00:00,195516.55508750264
2024-01-11 16:00:00+00:00,195516.55508750264
2024-01-11 20:00:00+00:00,195516.55508750264
2024-01-12 00:00:00+00:00,195516.55508750264
2024-01-12 04:00:00+00:00,195516.55508750264
2024-01-12 08:00:00+00:00,195516.55508750264
2024-01-12 12:00:00+00:00,195516.55508750264
2024-01-12 16:00:00+00:00,195516.55508750264
2024-01-12 20:00:00+00:00,195516.55508750264
2024-01-13 00:00:00+00:00,195516.55508750264
2024-01-13 04:00:00+00:00,195516.55508750264
2024-01-13 08:00:00+00:00,195605.5851614958
2024-01-13 12:00:00+00:00,195517.09457769486
2024-01-13 16:00:00+00:00,195616.20332638625
2024-01-13 20:00:00+00:00,195545.7948388225
2024-01-14 00:00:00+00:00,195556.2445857926
2024-01-14 04:00:00+00:00,195525.65083872064
2024-01-14 08:00:00+00:00,195806.88342326475
2024-01-14 12:00:00+00:00,195647.3705724617
2024-01-14 16:00:00+00:00,195711.08252102058
2024-01-14 20:00:00+00:00,195692.84723802598
2024-01-15 00:00:00+00:00,195692.84723802598
2024-01-15 04:00:00+00:00,195692.84723802598
2024-01-15 08:00:00+00:00,195692.84723802598
2024-01-15 12:00:00+00:00,195692.84723802598
2024-01-15 16:00:00+00:00,195692.84723802598
2024-01-15 20:00:00+00:00,195692.84723802598
2024-01-16 00:00:00+00:00,195692.84723802598
2024-01-16 04:00:00+00:00,195692.84723802598
2024-01-16 08:00:00+00:00,195692.84723802598
2024-01-16 12:00:00+00:00,195692.84723802598
2024-01-16 16:00:00+00:00,195692.84723802598
2024-01-16 20:00:00+00:00,195692.84723802598
2024-01-17 00:00:00+00:00,195692.84723802598
2024-01-17 04:00:00+00:00,195692.84723802598
2024-01-17 08:00:00+00:00,195692.84723802598
2024-01-17 12:00:00+00:00,195692.84723802598
2024-01-17 16:00:00+00:00,195692.84723802598
2024-01-17 20:00:00+00:00,195692.84723802598
2024-01-18 00:00:00+00:00,195692.84723802598
2024-01-18 04:00:00+00:00,195692.84723802598
2024-01-18 08:00:00+00:00,195692.84723802598
2024-01-18 12:00:00+00:00,195692.84723802598
2024-01-18 16:00:00+00:00,195692.84723802598
2024-01-18 20:00:00+00:00,195692.84723802598
2024-01-19 00:00:00+00:00,195692.84723802598
2024-01-19 04:00:00+00:00,195692.84723802598
2024-01-19 08:00:00+00:00,195692.84723802598
2024-01-19 12:00:00+00:00,195692.84723802598
2024-01-19 16:00:00+00:00,195692.84723802598
2024-01-19 20:00:00+00:00,195692.84723802598
2024-01-20 00:00:00+00:00,195692.84723802598
2024-01-20 04:00:00+00:00,195692.84723802598
2024-01-20 08:00:00+00:00,195692.84723802598
2024-01-20 12:00:00+00:00,195692.84723802598
2024-01-20 16:00:00+00:00,195692.84723802598
2024-01-20 20:00:00+00:00,195692.84723802598
2024-01-21 00:00:00+00:00,195692.84723802598
2024-01-21 04:00:00+00:00,195692.84723802598
2024-01-21 08:00:00+00:00,195692.84723802598
2024-01-21 12:00:00+00:00,195692.84723802598
2024-01-21 16:00:00+00:00,195692.84723802598
2024-01-21 20:00:00+00:00,195692.84723802598
2024-01-22 00:00:00+00:00,195692.84723802598
2024-01-22 04:00:00+00:00,195692.84723802598
2024-01-22 08:00:00+00:00,195692.84723802598
2024-01-22 12:00:00+00:00,195692.84723802598
2024-01-22 16:00:00+00:00,195692.84723802598
2024-01-22 20:00:00+00:00,195692.84723802598
2024-01-23 00:00:00+00:00,195692.84723802598
2024-01-23 04:00:00+00:00,195692.84723802598
2024-01-23 08:00:00+00:00,195692.84723802598
2024-01-23 12:00:00+00:00,195692.84723802598
2024-01-23 16:00:00+00:00,195692.84723802598
2024-01-23 20:00:00+00:00,195692.84723802598
2024-01-24 00:00:00+00:00,195692.84723802598
2024-01-24 04:00:00+00:00,195692.84723802598
2024-01-24 08:00:00+00:00,195692.84723802598
2024-01-24 12:00:00+00:00,195692.84723802598
2024-01-24 16:00:00+00:00,195692.84723802598
2024-01-24 20:00:00+00:00,195692.84723802598
2024-01-25 00:00:00+00:00,195692.84723802598
2024-01-25 04:00:00+00:00,195692.84723802598
2024-01-25 08:00:00+00:00,195692.84723802598
2024-01-25 12:00:00+00:00,195692.84723802598
2024-01-25 16:00:00+00:00,195692.84723802598
2024-01-25 20:00:00+00:00,195692.84723802598
2024-01-26 00:00:00+00:00,195692.84723802598
2024-01-26 04:00:00+00:00,195692.84723802598
2024-01-26 08:00:00+00:00,195692.84723802598
2024-01-26 12:00:00+00:00,195692.84723802598
2024-01-26 16:00:00+00:00,195692.84723802598
2024-01-26 20:00:00+00:00,195692.84723802598
2024-01-27 00:00:00+00:00,195692.84723802598
2024-01-27 04:00:00+00:00,195692.84723802598
2024-01-27 08:00:00+00:00,195692.84723802598
2024-01-27 12:00:00+00:00,195692.84723802598
2024-01-27 16:00:00+00:00,195692.84723802598
2024-01-27 20:00:00+00:00,195692.84723802598
2024-01-28 00:00:00+00:00,195692.84723802598
2024-01-28 04:00:00+00:00,195692.84723802598
2024-01-28 08:00:00+00:00,195692.84723802598
2024-01-28 12:00:00+00:00,195692.84723802598
2024-01-28 16:00:00+00:00,195692.84723802598
2024-01-28 20:00:00+00:00,195692.84723802598
2024-01-29 00:00:00+00:00,195692.84723802598
2024-01-29 04:00:00+00:00,195692.84723802598
2024-01-29 08:00:00+00:00,195692.84723802598
2024-01-29 12:00:00+00:00,195692.84723802598
2024-01-29 16:00:00+00:00,195692.84723802598
2024-01-29 20:00:00+00:00,195692.84723802598
2024-01-30 00:00:00+00:00,195692.84723802598
2024-01-30 04:00:00+00:00,195692.84723802598
2024-01-30 08:00:00+00:00,195692.84723802598
2024-01-30 12:00:00+00:00,195692.84723802598
2024-01-30 16:00:00+00:00,195692.84723802598
2024-01-30 20:00:00+00:00,196227.12836722037
2024-01-31 00:00:00+00:00,194341.68724374546
2024-01-31 04:00:00+00:00,194272.27735874063
2024-01-31 08:00:00+00:00,194382.70581817042
2024-01-31 12:00:00+00:00,194012.91104227447
2024-01-31 16:00:00+00:00,194657.62272784466
2024-01-31 20:00:00+00:00,194582.43076325706
2024-02-01 00:00:00+00:00,192332.28900915798
2024-02-01 04:00:00+00:00,191815.16759405212
2024-02-01 08:00:00+00:00,191815.16759405212
2024-02-01 12:00:00+00:00,191815.16759405212
2024-02-01 16:00:00+00:00,191815.16759405212
2024-02-01 20:00:00+00:00,192393.1277040521
2024-02-02 00:00:00+00:00,192281.53353583478
2024-02-02 04:00:00+00:00,192236.23355758854
2024-02-02 08:00:00+00:00,192293.37270445423
2024-02-02 12:00:00+00:00,192329.23273486417
2024-02-02 16:00:00+00:00,192401.14093486418
2024-02-02 20:00:00+00:00,192249.11618425956
2024-02-03 00:00:00+00:00,192362.79338425957
2024-02-03 04:00:00+00:00,192338.0649150159
2024-02-03 08:00:00+00:00,192241.1772150159
2024-02-03 12:00:00+00:00,192189.75105387863
2024-02-03 16:00:00+00:00,192288.67476755107
2024-02-03 20:00:00+00:00,192269.9998229446
2024-02-04 00:00:00+00:00,192269.9998229446
2024-02-04 04:00:00+00:00,192269.9998229446
2024-02-04 08:00:00+00:00,192269.9998229446
2024-02-04 12:00:00+00:00,192269.9998229446
2024-02-04 16:00:00+00:00,192269.9998229446
2024-02-04 20:00:00+00:00,192269.9998229446
2024-02-05 00:00:00+00:00,192269.9998229446
2024-02-05 04:00:00+00:00,192269.9998229446
2024-02-05 08:00:00+00:00,192269.9998229446
2024-02-05 12:00:00+00:00,192269.9998229446
2024-02-05 16:00:00+00:00,192269.9998229446
2024-02-05 20:00:00+00:00,192269.9998229446
2024-02-06 00:00:00+00:00,192269.9998229446
2024-02-06 04:00:00+00:00,192269.9998229446
2024-02-06 08:00:00+00:00,192269.9998229446
2024-02-06 12:00:00+00:00,192269.9998229446
2024-02-06 16:00:00+00:00,192269.9998229446
2024-02-06 20:00:00+00:00,192269.9998229446
2024-02-07 00:00:00+00:00,192269.9998229446
2024-02-07 04:00:00+00:00,192269.9998229446
2024-02-07 08:00:00+00:00,192269.9998229446
2024-02-07 12:00:00+00:00,192269.9998229446
2024-02-07 16:00:00+00:00,192269.9998229446
2024-02-07 20:00:00+00:00,192269.9998229446
2024-02-08 00:00:00+00:00,192269.9998229446
2024-02-08 04:00:00+00:00,192269.9998229446
2024-02-08 08:00:00+00:00,192269.9998229446
2024-02-08 12:00:00+00:00,192269.9998229446
2024-02-08 16:00:00+00:00,192269.9998229446
2024-02-08 20:00:00+00:00,192269.9998229446
2024-02-09 00:00:00+00:00,192061.11096759516
2024-02-09 04:00:00+00:00,203609.09794282695
2024-02-09 08:00:00+00:00,205780.84679780318
2024-02-09 12:00:00+00:00,220116.92876976723
2024-02-09 16:00:00+00:00,219779.60676976727
2024-02-09 20:00:00+00:00,225000.76315983708
2024-02-10 00:00:00+00:00,219474.6812404919
2024-02-10 04:00:00+00:00,223062.05390775885
2024-02-10 08:00:00+00:00,219612.3436338104
2024-02-10 12:00:00+00:00,220107.6891777499
2024-02-10 16:00:00+00:00,222538.58905710455
2024-02-10 20:00:00+00:00,225231.58205329685
2024-02-11 00:00:00+00:00,228424.86704145168
2024-02-11 04:00:00+00:00,240070.41117113866
2024-02-11 08:00:00+00:00,234798.18235034504
2024-02-11 12:00:00+00:00,238268.40292330895
2024-02-11 16:00:00+00:00,234381.1783941124
2024-02-11 20:00:00+00:00,235832.60999777028
2024-02-12 00:00:00+00:00,235994.6533449273
2024-02-12 04:00:00+00:00,234111.32372606287
2024-02-12 08:00:00+00:00,234893.5320950206
2024-02-12 12:00:00+00:00,231387.63369809146
2024-02-12 16:00:00+00:00,254491.09449809146
2024-02-12 20:00:00+00:00,249023.65224619946
2024-02-13 00:00:00+00:00,254642.9267646803
2024-02-13 04:00:00+00:00,252795.16978140705
2024-02-13 08:00:00+00:00,255737.3205905062
2024-02-13 12:00:00+00:00,255343.2121809568
2024-02-13 16:00:00+00:00,237338.8619718277
2024-02-13 20:00:00+00:00,239918.3727399787
2024-02-14 00:00:00+00:00,246175.29377426085
2024-02-14 04:00:00+00:00,244486.83764347262
2024-02-14 08:00:00+00:00,247501.6563014665
2024-02-14 12:00:00+00:00,259465.22961198573
2024-02-14 16:00:00+00:00,259465.22961198573
2024-02-14 20:00:00+00:00,260290.8911374081
2024-02-15 00:00:00+00:00,261346.88253380678
2024-02-15 04:00:00+00:00,266864.18541098526
2024-02-15 08:00:00+00:00,261230.73818480634
2024-02-15 12:00:00+00:00,266750.0208920863
2024-02-15 16:00:00+00:00,262740.48446002096
2024-02-15 20:00:00+00:00,263318.0283904659
2024-02-16 00:00:00+00:00,262085.79129046592
2024-02-16 04:00:00+00:00,266069.9618475399
2024-02-16 08:00:00+00:00,260832.06905202352
2024-02-16 12:00:00+00:00,265444.61210012384
2024-02-16 16:00:00+00:00,262075.32100012386
2024-02-16 20:00:00+00:00,260706.62171622596
2024-02-17 00:00:00+00:00,264343.6907646933
2024-02-17 04:00:00+00:00,262799.70860444446
2024-02-17 08:00:00+00:00,262214.46950444445
2024-02-17 12:00:00+00:00,260064.21344280985
2024-02-17 16:00:00+00:00,253138.9168042445
2024-02-17 20:00:00+00:00,252509.7625329579
2024-02-18 00:00:00+00:00,252509.7625329579
2024-02-18 04:00:00+00:00,250804.7480053608
2024-02-18 08:00:00+00:00,252674.30753970938
2024-02-18 12:00:00+00:00,254235.85031179243
2024-02-18 16:00:00+00:00,253712.61001179242
2024-02-18 20:00:00+00:00,253457.95218610478
2024-02-19 00:00:00+00:00,257179.4675601134
2024-02-19 04:00:00+00:00,256415.16861051158
2024-02-19 08:00:00+00:00,260032.5081653586
2024-02-19 12:00:00+00:00,259375.5270352296
2024-02-19 16:00:00+00:00,256962.38641782667
2024-02-19 20:00:00+00:00,253458.7996039198
2024-02-20 00:00:00+00:00,253293.1012053095
2024-02-20 04:00:00+00:00,252570.4784927013
2024-02-20 08:00:00+00:00,252494.72541217663
2024-02-20 12:00:00+00:00,254116.99332724384
2024-02-20 16:00:00+00:00,246671.84914021892
2024-02-20 20:00:00+00:00,247642.9519292588
2024-02-21 00:00:00+00:00,248162.82552925881
2024-02-21 04:00:00+00:00,247323.43354341912
2024-02-21 08:00:00+00:00,245950.00302788257
2024-02-21 12:00:00+00:00,244035.02268562157
2024-02-21 16:00:00+00:00,243968.40051620567
2024-02-21 20:00:00+00:00,243968.40051620567
2024-02-22 00:00:00+00:00,243968.40051620567
2024-02-22 04:00:00+00:00,243968.40051620567
2024-02-22 08:00:00+00:00,243968.40051620567
2024-02-22 12:00:00+00:00,243968.40051620567
2024-02-22 16:00:00+00:00,243968.40051620567
2024-02-22 20:00:00+00:00,243968.40051620567
2024-02-23 00:00:00+00:00,243968.40051620567
2024-02-23 04:00:00+00:00,243968.40051620567
2024-02-23 08:00:00+00:00,243968.40051620567
2024-02-23 12:00:00+00:00,243968.40051620567
2024-02-23 16:00:00+00:00,243968.40051620567
2024-02-23 20:00:00+00:00,243968.40051620567
2024-02-24 00:00:00+00:00,243968.40051620567
2024-02-24 04:00:00+00:00,243968.40051620567
2024-02-24 08:00:00+00:00,243968.40051620567
2024-02-24 12:00:00+00:00,243968.40051620567
2024-02-24 16:00:00+00:00,243968.40051620567
2024-02-24 20:00:00+00:00,243968.40051620567
2024-02-25 00:00:00+00:00,243968.40051620567
2024-02-25 04:00:00+00:00,243968.40051620567
2024-02-25 08:00:00+00:00,243968.40051620567
2024-02-25 12:00:00+00:00,243968.40051620567
2024-02-25 16:00:00+00:00,243968.40051620567
2024-02-25 20:00:00+00:00,243968.40051620567
2024-02-26 00:00:00+00:00,243968.40051620567
2024-02-26 04:00:00+00:00,243968.40051620567
2024-02-26 08:00:00+00:00,243968.40051620567
2024-02-26 12:00:00+00:00,243968.40051620567
2024-02-26 16:00:00+00:00,243968.40051620567
2024-02-26 20:00:00+00:00,243968.40051620567
2024-02-27 00:00:00+00:00,243968.40051620567
2024-02-27 04:00:00+00:00,243968.40051620567
2024-02-27 08:00:00+00:00,243968.40051620567
2024-02-27 12:00:00+00:00,249564.55232612725
2024-02-27 16:00:00+00:00,250195.4899199201
2024-02-27 20:00:00+00:00,252411.02043839754
2024-02-28 00:00:00+00:00,251255.52763839753
2024-02-28 04:00:00+00:00,249839.07091171166
2024-02-28 08:00:00+00:00,265129.1121349074
2024-02-28 12:00:00+00:00,273357.76375621976
2024-02-28 16:00:00+00:00,296646.7908085084
2024-02-28 20:00:00+00:00,296753.0651988628
2024-02-29 00:00:00+00:00,300828.82913496223
2024-02-29 04:00:00+00:00,292942.66287586093
2024-02-29 08:00:00+00:00,295689.99789105327
2024-02-29 12:00:00+00:00,296261.1221281048
2024-02-29 16:00:00+00:00,295704.80796869734
2024-02-29 20:00:00+00:00,292574.3886509831
2024-03-01 00:00:00+00:00,291721.27899503
2024-03-01 04:00:00+00:00,291635.3267798311
2024-03-01 08:00:00+00:00,292155.62510483613
2024-03-01 12:00:00+00:00,292910.3033410083
2024-03-01 16:00:00+00:00,291828.0481759434
2024-03-01 20:00:00+00:00,293459.8569680432
2024-03-02 00:00:00+00:00,293768.0349144141
2024-03-02 04:00:00+00:00,293634.2017307023
2024-03-02 08:00:00+00:00,293082.92653070233
2024-03-02 12:00:00+00:00,291818.0222350562
2024-03-02 16:00:00+00:00,291549.15341391205
2024-03-02 20:00:00+00:00,292209.67873449187
2024-03-03 00:00:00+00:00,291906.27731346554
2024-03-03 04:00:00+00:00,291752.7252677795
2024-03-03 08:00:00+00:00,291011.30214034993
2024-03-03 12:00:00+00:00,291494.968443513
2024-03-03 16:00:00+00:00,292148.22205839143
2024-03-03 20:00:00+00:00,296857.6077001315
2024-03-04 00:00:00+00:00,297599.11702370126
2024-03-04 04:00:00+00:00,300232.10320675815
2024-03-04 08:00:00+00:00,301548.28569969785
2024-03-04 12:00:00+00:00,304644.5702791168
2024-03-04 16:00:00+00:00,304644.5702791168
2024-03-04 20:00:00+00:00,304644.5702791168
2024-03-05 00:00:00+00:00,307097.6322902464
2024-03-05 04:00:00+00:00,306726.8867354921
2024-03-05 08:00:00+00:00,300734.01806661376
2024-03-05 12:00:00+00:00,300734.3343773292
2024-03-05 16:00:00+00:00,300798.5348352261
2024-03-05 20:00:00+00:00,299426.15910655056
2024-03-06 00:00:00+00:00,299426.15910655056
2024-03-06 04:00:00+00:00,299426.15910655056
2024-03-06 08:00:00+00:00,299426.15910655056
2024-03-06 12:00:00+00:00,299684.82054745976
2024-03-06 16:00:00+00:00,299326.4191474598
2024-03-06 20:00:00+00:00,299312.2416615359
2024-03-07 00:00:00+00:00,299312.2416615359
2024-03-07 04:00:00+00:00,299312.2416615359
2024-03-07 08:00:00+00:00,299312.2416615359
2024-03-07 12:00:00+00:00,299312.2416615359
2024-03-07 16:00:00+00:00,299312.2416615359
2024-03-07 20:00:00+00:00,299665.81702197436
2024-03-08 00:00:00+00:00,299330.07833248493
2024-03-08 04:00:00+00:00,299852.9070356949
2024-03-08 08:00:00+00:00,299871.1367276448
2024-03-08 12:00:00+00:00,300701.4531108588
2024-03-08 16:00:00+00:00,300610.00291288755
2024-03-08 20:00:00+00:00,302537.3831759707
2024-03-09 00:00:00+00:00,302196.56498568645
2024-03-09 04:00:00+00:00,302247.70710220566
2024-03-09 08:00:00+00:00,302270.26600220567
2024-03-09 12:00:00+00:00,302282.66954487655
2024-03-09 16:00:00+00:00,302261.3178578613
2024-03-09 20:00:00+00:00,302083.22559306683
2024-03-10 00:00:00+00:00,302264.93731015373
2024-03-10 04:00:00+00:00,303671.07247636316
2024-03-10 08:00:00+00:00,304086.31811344216
2024-03-10 12:00:00+00:00,304429.2282129647
2024-03-10 16:00:00+00:00,304148.0462741392
2024-03-10 20:00:00+00:00,304546.22831909324
2024-03-11 00:00:00+00:00,304223.0573869763
2024-03-11 04:00:00+00:00,303983.3879420086
2024-03-11 08:00:00+00:00,303967.30904760247
2024-03-11 12:00:00+00:00,306085.13949912856
2024-03-11 16:00:00+00:00,306944.410229474
2024-03-11 20:00:00+00:00,306796.3346386503
2024-03-12 00:00:00+00:00,307041.2117999923
2024-03-12 04:00:00+00:00,306041.96591586637
2024-03-12 08:00:00+00:00,307020.5588158664
2024-03-12 12:00:00+00:00,306807.1520834429
2024-03-12 16:00:00+00:00,306168.7397372926
2024-03-12 20:00:00+00:00,305364.71736423945
2024-03-13 00:00:00+00:00,305586.4863750073
2024-03-13 04:00:00+00:00,306751.5003839546
2024-03-13 08:00:00+00:00,308376.63740474096
2024-03-13 12:00:00+00:00,309446.25832584105
2024-03-13 16:00:00+00:00,308386.2674012276
2024-03-13 20:00:00+00:00,309710.9115762719
2024-03-14 00:00:00+00:00,309682.00457468396
2024-03-14 04:00:00+00:00,309682.00457468396
2024-03-14 08:00:00+00:00,309682.00457468396
2024-03-14 12:00:00+00:00,309682.00457468396
2024-03-14 16:00:00+00:00,309682.00457468396
2024-03-14 20:00:00+00:00,309682.00457468396
2024-03-15 00:00:00+00:00,309682.00457468396
2024-03-15 04:00:00+00:00,309682.00457468396
2024-03-15 08:00:00+00:00,309682.00457468396
2024-03-15 12:00:00+00:00,309682.00457468396
2024-03-15 16:00:00+00:00,309682.00457468396
2024-03-15 20:00:00+00:00,309682.00457468396
2024-03-16 00:00:00+00:00,309682.00457468396
2024-03-16 04:00:00+00:00,309682.00457468396
2024-03-16 08:00:00+00:00,309682.00457468396
2024-03-16 12:00:00+00:00,309682.00457468396
2024-03-16 16:00:00+00:00,309682.00457468396
2024-03-16 20:00:00+00:00,309682.00457468396
2024-03-17 00:00:00+00:00,309682.00457468396
2024-03-17 04:00:00+00:00,309682.00457468396
2024-03-17 08:00:00+00:00,309682.00457468396
2024-03-17 12:00:00+00:00,309682.00457468396
2024-03-17 16:00:00+00:00,309682.00457468396
2024-03-17 20:00:00+00:00,309682.00457468396
2024-03-18 00:00:00+00:00,309682.00457468396
2024-03-18 04:00:00+00:00,309682.00457468396
2024-03-18 08:00:00+00:00,309682.00457468396
2024-03-18 12:00:00+00:00,309682.00457468396
2024-03-18 16:00:00+00:00,309682.00457468396
2024-03-18 20:00:00+00:00,309682.00457468396
2024-03-19 00:00:00+00:00,309682.00457468396
2024-03-19 04:00:00+00:00,309682.00457468396
2024-03-19 08:00:00+00:00,309682.00457468396
2024-03-19 12:00:00+00:00,309682.00457468396
2024-03-19 16:00:00+00:00,309682.00457468396
2024-03-19 20:00:00+00:00,309682.00457468396
2024-03-20 00:00:00+00:00,309682.00457468396
2024-03-20 04:00:00+00:00,309682.00457468396
2024-03-20 08:00:00+00:00,309682.00457468396
2024-03-20 12:00:00+00:00,309682.00457468396
2024-03-20 16:00:00+00:00,309682.00457468396
2024-03-20 20:00:00+00:00,309682.00457468396
2024-03-21 00:00:00+00:00,309682.00457468396
2024-03-21 04:00:00+00:00,309562.0714939704
2024-03-21 08:00:00+00:00,309560.3227214779
2024-03-21 12:00:00+00:00,309560.3227214779
2024-03-21 16:00:00+00:00,309506.4635927923
2024-03-21 20:00:00+00:00,309505.39146251034
2024-03-22 00:00:00+00:00,309505.39146251034
2024-03-22 04:00:00+00:00,309505.39146251034
2024-03-22 08:00:00+00:00,309505.39146251034
2024-03-22 12:00:00+00:00,309505.39146251034
2024-03-22 16:00:00+00:00,309505.39146251034
2024-03-22 20:00:00+00:00,309505.39146251034
2024-03-23 00:00:00+00:00,309505.39146251034
2024-03-23 04:00:00+00:00,309505.39146251034
2024-03-23 08:00:00+00:00,309505.39146251034
2024-03-23 12:00:00+00:00,309505.39146251034
2024-03-23 16:00:00+00:00,309505.39146251034
2024-03-23 20:00:00+00:00,309505.39146251034
2024-03-24 00:00:00+00:00,309505.39146251034
2024-03-24 04:00:00+00:00,309505.39146251034
2024-03-24 08:00:00+00:00,309505.39146251034
2024-03-24 12:00:00+00:00,309505.39146251034
2024-03-24 16:00:00+00:00,309505.39146251034
2024-03-24 20:00:00+00:00,309505.39146251034
2024-03-25 00:00:00+00:00,309505.39146251034
2024-03-25 04:00:00+00:00,309505.39146251034
2024-03-25 08:00:00+00:00,309505.39146251034
2024-03-25 12:00:00+00:00,309505.39146251034
2024-03-25 16:00:00+00:00,309505.39146251034
2024-03-25 20:00:00+00:00,309505.39146251034
2024-03-26 00:00:00+00:00,309505.39146251034
2024-03-26 04:00:00+00:00,309505.39146251034
2024-03-26 08:00:00+00:00,309505.39146251034
2024-03-26 12:00:00+00:00,309505.39146251034
2024-03-26 16:00:00+00:00,307096.61026527936
2024-03-26 20:00:00+00:00,301996.63532422495
2024-03-27 00:00:00+00:00,305275.9512929476
2024-03-27 04:00:00+00:00,307595.19474986685
2024-03-27 08:00:00+00:00,303543.3473201976
2024-03-27 12:00:00+00:00,306493.4860713434
2024-03-27 16:00:00+00:00,298149.6419080152
2024-03-27 20:00:00+00:00,297524.52880655526
2024-03-28 00:00:00+00:00,297934.89209572546
2024-03-28 04:00:00+00:00,296939.80515055277
2024-03-28 08:00:00+00:00,298814.8690508638
2024-03-28 12:00:00+00:00,300334.0916206149
2024-03-28 16:00:00+00:00,304056.7700828862
2024-03-28 20:00:00+00:00,301050.31300035544
2024-03-29 00:00:00+00:00,300974.7857860343
2024-03-29 04:00:00+00:00,298804.9641417356
2024-03-29 08:00:00+00:00,294896.39698706643
2024-03-29 12:00:00+00:00,295354.50809726975
2024-03-29 16:00:00+00:00,288538.1123390286
2024-03-29 20:00:00+00:00,289363.5258293972
2024-03-30 00:00:00+00:00,289718.96922447433
2024-03-30 04:00:00+00:00,289556.0065362005
2024-03-30 08:00:00+00:00,289712.24813771516
2024-03-30 12:00:00+00:00,290388.9232731606
2024-03-30 16:00:00+00:00,289999.11592137156
2024-03-30 20:00:00+00:00,289712.8408490837
2024-03-31 00:00:00+00:00,289028.3835185669
2024-03-31 04:00:00+00:00,289714.0740589807
2024-03-31 08:00:00+00:00,290540.88255961216
2024-03-31 12:00:00+00:00,290670.9002605947
2024-03-31 16:00:00+00:00,290636.92766956263
2024-03-31 20:00:00+00:00,292510.398650975
2024-04-01 00:00:00+00:00,293150.44347309624
2024-04-01 04:00:00+00:00,286380.496618775
2024-04-01 08:00:00+00:00,285401.39504184516
2024-04-01 12:00:00+00:00,285360.23208232253
2024-04-01 16:00:00+00:00,285360.23208232253
2024-04-01 20:00:00+00:00,285360.23208232253
2024-04-02 00:00:00+00:00,285360.23208232253
2024-04-02 04:00:00+00:00,285360.23208232253
2024-04-02 08:00:00+00:00,285360.23208232253
2024-04-02 12:00:00+00:00,285360.23208232253
2024-04-02 16:00:00+00:00,285360.23208232253
2024-04-02 20:00:00+00:00,285360.23208232253
2024-04-03 00:00:00+00:00,285360.23208232253
2024-04-03 04:00:00+00:00,285360.23208232253
2024-04-03 08:00:00+00:00,285360.23208232253
2024-04-03 12:00:00+00:00,285360.23208232253
2024-04-03 16:00:00+00:00,285360.23208232253
2024-04-03 20:00:00+00:00,285360.23208232253
2024-04-04 00:00:00+00:00,285360.23208232253
2024-04-04 04:00:00+00:00,285360.23208232253
2024-04-04 08:00:00+00:00,285360.23208232253
2024-04-04 12:00:00+00:00,285360.23208232253
2024-04-04 16:00:00+00:00,285360.23208232253
2024-04-04 20:00:00+00:00,285360.23208232253
2024-04-05 00:00:00+00:00,285360.23208232253
2024-04-05 04:00:00+00:00,285360.23208232253
2024-04-05 08:00:00+00:00,285360.23208232253
2024-04-05 12:00:00+00:00,285360.23208232253
2024-04-05 16:00:00+00:00,285360.23208232253
2024-04-05 20:00:00+00:00,285360.23208232253
2024-04-06 00:00:00+00:00,285360.23208232253
2024-04-06 04:00:00+00:00,285360.23208232253
2024-04-06 08:00:00+00:00,285360.23208232253
2024-04-06 12:00:00+00:00,285360.23208232253
2024-04-06 16:00:00+00:00,285360.23208232253
2024-04-06 20:00:00+00:00,285360.23208232253
2024-04-07 00:00:00+00:00,285360.23208232253
2024-04-07 04:00:00+00:00,285360.23208232253
2024-04-07 08:00:00+00:00,284747.85611011914
2024-04-07 12:00:00+00:00,284688.8566083791
2024-04-07 16:00:00+00:00,286095.3892864634
2024-04-07 20:00:00+00:00,282635.69220084144
2024-04-08 00:00:00+00:00,283117.8726653865
2024-04-08 04:00:00+00:00,283354.404399325
2024-04-08 08:00:00+00:00,286210.7231350955
2024-04-08 12:00:00+00:00,299563.58854323666
2024-04-08 16:00:00+00:00,294542.62649908656
2024-04-08 20:00:00+00:00,293995.6213573735
2024-04-09 00:00:00+00:00,293240.3440258839
2024-04-09 04:00:00+00:00,290460.267343363
2024-04-09 08:00:00+00:00,283555.6237787584
2024-04-09 12:00:00+00:00,286674.6967553706
2024-04-09 16:00:00+00:00,273898.4722363627
2024-04-09 20:00:00+00:00,273898.4722363627
2024-04-10 00:00:00+00:00,273898.4722363627
2024-04-10 04:00:00+00:00,273898.4722363627
2024-04-10 08:00:00+00:00,273898.4722363627
2024-04-10 12:00:00+00:00,273898.4722363627
2024-04-10 16:00:00+00:00,273898.4722363627
2024-04-10 20:00:00+00:00,273898.4722363627
2024-04-11 00:00:00+00:00,273898.4722363627
2024-04-11 04:00:00+00:00,275567.1286552602
2024-04-11 08:00:00+00:00,274767.85473724554
2024-04-11 12:00:00+00:00,269739.2819189176
2024-04-11 16:00:00+00:00,269625.1623238899
2024-04-11 20:00:00+00:00,269541.13858113304
2024-04-12 00:00:00+00:00,269541.13858113304
2024-04-12 04:00:00+00:00,269541.13858113304
2024-04-12 08:00:00+00:00,269541.13858113304
2024-04-12 12:00:00+00:00,269541.13858113304
2024-04-12 16:00:00+00:00,269541.13858113304
2024-04-12 20:00:00+00:00,269541.13858113304
2024-04-13 00:00:00+00:00,269541.13858113304
2024-04-13 04:00:00+00:00,269541.13858113304
2024-04-13 08:00:00+00:00,269541.13858113304
2024-04-13 12:00:00+00:00,269541.13858113304
2024-04-13 16:00:00+00:00,269541.13858113304
2024-04-13 20:00:00+00:00,269541.13858113304
2024-04-14 00:00:00+00:00,269541.13858113304
2024-04-14 04:00:00+00:00,269541.13858113304
2024-04-14 08:00:00+00:00,269541.13858113304
2024-04-14 12:00:00+00:00,269541.13858113304
2024-04-14 16:00:00+00:00,269541.13858113304
2024-04-14 20:00:00+00:00,269541.13858113304
2024-04-15 00:00:00+00:00,269541.13858113304
2024-04-15 04:00:00+00:00,269541.13858113304
2024-04-15 08:00:00+00:00,269541.13858113304
2024-04-15 12:00:00+00:00,269541.13858113304
2024-04-15 16:00:00+00:00,269541.13858113304
2024-04-15 20:00:00+00:00,269541.13858113304
2024-04-16 00:00:00+00:00,269541.13858113304
2024-04-16 04:00:00+00:00,269541.13858113304
2024-04-16 08:00:00+00:00,269541.13858113304
2024-04-16 12:00:00+00:00,269541.13858113304
2024-04-16 16:00:00+00:00,269541.13858113304
2024-04-16 20:00:00+00:00,269541.13858113304
2024-04-17 00:00:00+00:00,269541.13858113304
2024-04-17 04:00:00+00:00,269541.13858113304
2024-04-17 08:00:00+00:00,269541.13858113304
2024-04-17 12:00:00+00:00,269541.13858113304
2024-04-17 16:00:00+00:00,269541.13858113304
2024-04-17 20:00:00+00:00,269541.13858113304
2024-04-18 00:00:00+00:00,269541.13858113304
2024-04-18 04:00:00+00:00,269541.13858113304
2024-04-18 08:00:00+00:00,269541.13858113304
2024-04-18 12:00:00+00:00,269541.13858113304
2024-04-18 16:00:00+00:00,269541.13858113304
2024-04-18 20:00:00+00:00,269541.13858113304
2024-04-19 00:00:00+00:00,269541.13858113304
2024-04-19 04:00:00+00:00,269541.13858113304
2024-04-19 08:00:00+00:00,269541.13858113304
2024-04-19 12:00:00+00:00,269541.13858113304
2024-04-19 16:00:00+00:00,269541.13858113304
2024-04-19 20:00:00+00:00,269541.13858113304
2024-04-20 00:00:00+00:00,269541.13858113304
2024-04-20 04:00:00+00:00,269541.13858113304
2024-04-20 08:00:00+00:00,269541.13858113304
2024-04-20 12:00:00+00:00,269541.13858113304
2024-04-20 16:00:00+00:00,269541.13858113304
2024-04-20 20:00:00+00:00,269541.13858113304
2024-04-21 00:00:00+00:00,269541.13858113304
2024-04-21 04:00:00+00:00,269541.13858113304
2024-04-21 08:00:00+00:00,269541.13858113304
2024-04-21 12:00:00+00:00,269541.13858113304
2024-04-21 16:00:00+00:00,269541.13858113304
2024-04-21 20:00:00+00:00,269541.13858113304
2024-04-22 00:00:00+00:00,269541.13858113304
2024-04-22 04:00:00+00:00,269541.13858113304
2024-04-22 08:00:00+00:00,269541.13858113304
2024-04-22 12:00:00+00:00,269541.13858113304
2024-04-22 16:00:00+00:00,269541.13858113304
2024-04-22 20:00:00+00:00,269541.13858113304
2024-04-23 00:00:00+00:00,269541.13858113304
2024-04-23 04:00:00+00:00,269541.13858113304
2024-04-23 08:00:00+00:00,269541.13858113304
2024-04-23 12:00:00+00:00,269541.13858113304
2024-04-23 16:00:00+00:00,269541.13858113304
2024-04-23 20:00:00+00:00,269541.13858113304
2024-04-24 00:00:00+00:00,269541.13858113304
2024-04-24 04:00:00+00:00,269541.13858113304
2024-04-24 08:00:00+00:00,269541.13858113304
2024-04-24 12:00:00+00:00,269541.13858113304
2024-04-24 16:00:00+00:00,269541.13858113304
2024-04-24 20:00:00+00:00,269541.13858113304
2024-04-25 00:00:00+00:00,269541.13858113304
2024-04-25 04:00:00+00:00,269541.13858113304
2024-04-25 08:00:00+00:00,269541.13858113304
2024-04-25 12:00:00+00:00,269541.13858113304
2024-04-25 16:00:00+00:00,269541.13858113304
2024-04-25 20:00:00+00:00,269541.13858113304
2024-04-26 00:00:00+00:00,269541.13858113304
2024-04-26 04:00:00+00:00,269541.13858113304
2024-04-26 08:00:00+00:00,269541.13858113304
2024-04-26 12:00:00+00:00,269541.13858113304
2024-04-26 16:00:00+00:00,269541.13858113304
2024-04-26 20:00:00+00:00,269541.13858113304
2024-04-27 00:00:00+00:00,269541.13858113304
2024-04-27 04:00:00+00:00,269541.13858113304
2024-04-27 08:00:00+00:00,269541.13858113304
2024-04-27 12:00:00+00:00,269541.13858113304
2024-04-27 16:00:00+00:00,269541.13858113304
2024-04-27 20:00:00+00:00,269541.13858113304
2024-04-28 00:00:00+00:00,269541.13858113304
2024-04-28 04:00:00+00:00,269541.13858113304
2024-04-28 08:00:00+00:00,269541.13858113304
2024-04-28 12:00:00+00:00,269541.13858113304
2024-04-28 16:00:00+00:00,269541.13858113304
2024-04-28 20:00:00+00:00,269541.13858113304
2024-04-29 00:00:00+00:00,269541.13858113304
2024-04-29 04:00:00+00:00,269541.13858113304
2024-04-29 08:00:00+00:00,269541.13858113304
2024-04-29 12:00:00+00:00,269541.13858113304
2024-04-29 16:00:00+00:00,269541.13858113304
2024-04-29 20:00:00+00:00,269541.13858113304
2024-04-30 00:00:00+00:00,269541.13858113304
2024-04-30 04:00:00+00:00,269541.13858113304
2024-04-30 08:00:00+00:00,269541.13858113304
2024-04-30 12:00:00+00:00,269541.13858113304
2024-04-30 16:00:00+00:00,269541.13858113304
2024-04-30 20:00:00+00:00,269541.13858113304
2024-05-01 00:00:00+00:00,269541.13858113304
2024-05-01 04:00:00+00:00,269541.13858113304
2024-05-01 08:00:00+00:00,269541.13858113304
2024-05-01 12:00:00+00:00,269541.13858113304
2024-05-01 16:00:00+00:00,269541.13858113304
2024-05-01 20:00:00+00:00,269541.13858113304
2024-05-02 00:00:00+00:00,269541.13858113304
2024-05-02 04:00:00+00:00,269541.13858113304
2024-05-02 08:00:00+00:00,269541.13858113304
2024-05-02 12:00:00+00:00,269541.13858113304
2024-05-02 16:00:00+00:00,269541.13858113304
2024-05-02 20:00:00+00:00,269541.13858113304
2024-05-03 00:00:00+00:00,269541.13858113304
2024-05-03 04:00:00+00:00,269541.13858113304
2024-05-03 08:00:00+00:00,269541.13858113304
2024-05-03 12:00:00+00:00,269541.13858113304
2024-05-03 16:00:00+00:00,269541.13858113304
2024-05-03 20:00:00+00:00,269541.13858113304
2024-05-04 00:00:00+00:00,269541.13858113304
2024-05-04 04:00:00+00:00,269541.13858113304
2024-05-04 08:00:00+00:00,269541.13858113304
2024-05-04 12:00:00+00:00,269541.13858113304
2024-05-04 16:00:00+00:00,269541.13858113304
2024-05-04 20:00:00+00:00,269541.13858113304
2024-05-05 00:00:00+00:00,269541.13858113304
2024-05-05 04:00:00+00:00,269541.13858113304
2024-05-05 08:00:00+00:00,269541.13858113304
2024-05-05 12:00:00+00:00,269541.13858113304
2024-05-05 16:00:00+00:00,269541.13858113304
2024-05-05 20:00:00+00:00,269541.13858113304
2024-05-06 00:00:00+00:00,269541.13858113304
2024-05-06 04:00:00+00:00,269541.13858113304
2024-05-06 08:00:00+00:00,269541.13858113304
2024-05-06 12:00:00+00:00,269541.13858113304
2024-05-06 16:00:00+00:00,269541.13858113304
2024-05-06 20:00:00+00:00,269541.13858113304
2024-05-07 00:00:00+00:00,269541.13858113304
2024-05-07 04:00:00+00:00,269541.13858113304
2024-05-07 08:00:00+00:00,269541.13858113304
2024-05-07 12:00:00+00:00,269541.13858113304
2024-05-07 16:00:00+00:00,269541.13858113304
2024-05-07 20:00:00+00:00,269541.13858113304
2024-05-08 00:00:00+00:00,269541.13858113304
2024-05-08 04:00:00+00:00,269541.13858113304
2024-05-08 08:00:00+00:00,269541.13858113304
2024-05-08 12:00:00+00:00,269541.13858113304
2024-05-08 16:00:00+00:00,269541.13858113304
2024-05-08 20:00:00+00:00,269541.13858113304
2024-05-09 00:00:00+00:00,269541.13858113304
2024-05-09 04:00:00+00:00,269541.13858113304
2024-05-09 08:00:00+00:00,269541.13858113304
2024-05-09 12:00:00+00:00,269541.13858113304
2024-05-09 16:00:00+00:00,269541.13858113304
2024-05-09 20:00:00+00:00,269541.13858113304
2024-05-10 00:00:00+00:00,269541.13858113304
2024-05-10 04:00:00+00:00,269541.13858113304
2024-05-10 08:00:00+00:00,269541.13858113304
2024-05-10 12:00:00+00:00,269541.13858113304
2024-05-10 16:00:00+00:00,269541.13858113304
2024-05-10 20:00:00+00:00,269541.13858113304
2024-05-11 00:00:00+00:00,269541.13858113304
2024-05-11 04:00:00+00:00,269541.13858113304
2024-05-11 08:00:00+00:00,269541.13858113304
2024-05-11 12:00:00+00:00,269541.13858113304
2024-05-11 16:00:00+00:00,269541.13858113304
2024-05-11 20:00:00+00:00,269541.13858113304
2024-05-12 00:00:00+00:00,269541.13858113304
2024-05-12 04:00:00+00:00,269541.13858113304
2024-05-12 08:00:00+00:00,269541.13858113304
2024-05-12 12:00:00+00:00,269541.13858113304
2024-05-12 16:00:00+00:00,269541.13858113304
2024-05-12 20:00:00+00:00,269541.13858113304
2024-05-13 00:00:00+00:00,269541.13858113304
2024-05-13 04:00:00+00:00,269541.13858113304
2024-05-13 08:00:00+00:00,269541.13858113304
2024-05-13 12:00:00+00:00,269541.13858113304
2024-05-13 16:00:00+00:00,269541.13858113304
2024-05-13 20:00:00+00:00,269541.13858113304
2024-05-14 00:00:00+00:00,269541.13858113304
2024-05-14 04:00:00+00:00,269541.13858113304
2024-05-14 08:00:00+00:00,269541.13858113304
2024-05-14 12:00:00+00:00,269541.13858113304
2024-05-14 16:00:00+00:00,269541.13858113304
2024-05-14 20:00:00+00:00,269541.13858113304
2024-05-15 00:00:00+00:00,269541.13858113304
2024-05-15 04:00:00+00:00,269541.13858113304
2024-05-15 08:00:00+00:00,269541.13858113304
2024-05-15 12:00:00+00:00,269541.13858113304
2024-05-15 16:00:00+00:00,269541.13858113304
2024-05-15 20:00:00+00:00,269541.13858113304
2024-05-16 00:00:00+00:00,269541.13858113304
2024-05-16 04:00:00+00:00,269541.13858113304
2024-05-16 08:00:00+00:00,269541.13858113304
2024-05-16 12:00:00+00:00,270863.3439913722
2024-05-16 16:00:00+00:00,268568.4288913722
2024-05-16 20:00:00+00:00,266958.0173047373
2024-05-17 00:00:00+00:00,267105.1253047373
2024-05-17 04:00:00+00:00,267916.6510821758
2024-05-17 08:00:00+00:00,269889.58332320955
2024-05-17 12:00:00+00:00,269469.9935610959
2024-05-17 16:00:00+00:00,271887.927561096
2024-05-17 20:00:00+00:00,270570.7977335076
2024-05-18 00:00:00+00:00,270349.06019191165
2024-05-18 04:00:00+00:00,269812.8894163146
2024-05-18 08:00:00+00:00,269316.08322993835
2024-05-18 12:00:00+00:00,271723.4056955235
2024-05-18 16:00:00+00:00,268664.018796833
2024-05-18 20:00:00+00:00,269483.26614731556
2024-05-19 00:00:00+00:00,269546.6760772986
2024-05-19 04:00:00+00:00,271543.1537613585
2024-05-19 08:00:00+00:00,273180.1567489371
2024-05-19 12:00:00+00:00,273188.1458231566
2024-05-19 16:00:00+00:00,268808.4817231567
2024-05-19 20:00:00+00:00,260375.68496407958
2024-05-20 00:00:00+00:00,260868.19244679072
2024-05-20 04:00:00+00:00,262012.95225527254
2024-05-20 08:00:00+00:00,262442.30261428043
2024-05-20 12:00:00+00:00,262955.24916108244
2024-05-20 16:00:00+00:00,264141.85979430267
2024-05-20 20:00:00+00:00,289708.07389365387
2024-05-21 00:00:00+00:00,308353.56002452207
2024-05-21 04:00:00+00:00,306496.00643009413
2024-05-21 08:00:00+00:00,301391.31672098173
2024-05-21 12:00:00+00:00,304389.85894652165
2024-05-21 16:00:00+00:00,287856.71227859904
2024-05-21 20:00:00+00:00,282953.65144842915
2024-05-22 00:00:00+00:00,290102.17068198713
2024-05-22 04:00:00+00:00,288700.0752298923
2024-05-22 08:00:00+00:00,286682.6839979761
2024-05-22 12:00:00+00:00,286690.47536973224
2024-05-22 16:00:00+00:00,292652.0213697322
2024-05-22 20:00:00+00:00,285505.6252379237
2024-05-23 00:00:00+00:00,282020.38704327116
2024-05-23 04:00:00+00:00,284160.6583050542
2024-05-23 08:00:00+00:00,286576.2848635383
2024-05-23 12:00:00+00:00,288698.92763307906
2024-05-23 16:00:00+00:00,276961.27505477396
2024-05-23 20:00:00+00:00,276961.27505477396
2024-05-24 00:00:00+00:00,276961.27505477396
2024-05-24 04:00:00+00:00,276961.27505477396
2024-05-24 08:00:00+00:00,276961.27505477396
2024-05-24 12:00:00+00:00,276961.27505477396
2024-05-24 16:00:00+00:00,276961.27505477396
2024-05-24 20:00:00+00:00,276961.27505477396
2024-05-25 00:00:00+00:00,276961.27505477396
2024-05-25 04:00:00+00:00,276961.27505477396
2024-05-25 08:00:00+00:00,276961.27505477396
2024-05-25 12:00:00+00:00,276961.27505477396
2024-05-25 16:00:00+00:00,276557.90500507574
2024-05-25 20:00:00+00:00,277074.29322601913
2024-05-26 00:00:00+00:00,277419.8624373835
2024-05-26 04:00:00+00:00,276876.388656586
2024-05-26 08:00:00+00:00,277520.976705398
2024-05-26 12:00:00+00:00,277420.45971561177
2024-05-26 16:00:00+00:00,277420.45971561177
2024-05-26 20:00:00+00:00,277420.45971561177
2024-05-27 00:00:00+00:00,277420.45971561177
2024-05-27 04:00:00+00:00,277420.45971561177
2024-05-27 08:00:00+00:00,277420.45971561177
2024-05-27 12:00:00+00:00,277420.45971561177
2024-05-27 16:00:00+00:00,277420.45971561177
2024-05-27 20:00:00+00:00,277420.45971561177
2024-05-28 00:00:00+00:00,277420.45971561177
2024-05-28 04:00:00+00:00,277420.45971561177
2024-05-28 08:00:00+00:00,277420.45971561177
2024-05-28 12:00:00+00:00,277420.45971561177
2024-05-28 16:00:00+00:00,277420.45971561177
2024-05-28 20:00:00+00:00,277420.45971561177
2024-05-29 00:00:00+00:00,277420.45971561177
2024-05-29 04:00:00+00:00,277420.45971561177
2024-05-29 08:00:00+00:00,277420.45971561177
2024-05-29 12:00:00+00:00,277420.45971561177
2024-05-29 16:00:00+00:00,277420.45971561177
2024-05-29 20:00:00+00:00,277420.45971561177
2024-05-30 00:00:00+00:00,277420.45971561177
2024-05-30 04:00:00+00:00,277420.45971561177
2024-05-30 08:00:00+00:00,277420.45971561177
2024-05-30 12:00:00+00:00,277420.45971561177
2024-05-30 16:00:00+00:00,277420.45971561177
2024-05-30 20:00:00+00:00,277420.45971561177
2024-05-31 00:00:00+00:00,277420.45971561177
2024-05-31 04:00:00+00:00,277420.45971561177
2024-05-31 08:00:00+00:00,277420.45971561177
2024-05-31 12:00:00+00:00,277420.45971561177
2024-05-31 16:00:00+00:00,277420.45971561177
2024-05-31 20:00:00+00:00,277420.45971561177
2024-06-01 00:00:00+00:00,277420.45971561177
2024-06-01 04:00:00+00:00,277420.45971561177
2024-06-01 08:00:00+00:00,277420.45971561177
2024-06-01 12:00:00+00:00,277420.45971561177
2024-06-01 16:00:00+00:00,277420.45971561177
2024-06-01 20:00:00+00:00,277420.45971561177
2024-06-02 00:00:00+00:00,277420.45971561177
2024-06-02 04:00:00+00:00,277420.45971561177
2024-06-02 08:00:00+00:00,277420.45971561177
2024-06-02 12:00:00+00:00,277420.45971561177
2024-06-02 16:00:00+00:00,277420.45971561177
2024-06-02 20:00:00+00:00,277420.45971561177
2024-06-03 00:00:00+00:00,277420.45971561177
2024-06-03 04:00:00+00:00,277420.45971561177
2024-06-03 08:00:00+00:00,277420.45971561177
2024-06-03 12:00:00+00:00,277420.45971561177
2024-06-03 16:00:00+00:00,277420.45971561177
2024-06-03 20:00:00+00:00,277420.45971561177
2024-06-04 00:00:00+00:00,277420.45971561177
2024-06-04 04:00:00+00:00,277420.45971561177
2024-06-04 08:00:00+00:00,277420.45971561177
2024-06-04 12:00:00+00:00,277420.45971561177
2024-06-04 16:00:00+00:00,277420.45971561177
2024-06-04 20:00:00+00:00,277420.45971561177
2024-06-05 00:00:00+00:00,277420.45971561177
2024-06-05 04:00:00+00:00,281130.21168977284
2024-06-05 08:00:00+00:00,283523.29225654533
2024-06-05 12:00:00+00:00,281156.06824348116
2024-06-05 16:00:00+00:00,287227.47974348126
2024-06-05 20:00:00+00:00,282786.88818409847
2024-06-06 00:00:00+00:00,281098.697328392
2024-06-06 04:00:00+00:00,280558.79063078697
2024-06-06 08:00:00+00:00,280420.63104895316
2024-06-06 12:00:00+00:00,281764.7399167028
2024-06-06 16:00:00+00:00,282902.1320514091
2024-06-06 20:00:00+00:00,274746.9515310572
2024-06-07 00:00:00+00:00,275613.34330434015
2024-06-07 04:00:00+00:00,276218.61452255247
2024-06-07 08:00:00+00:00,277246.17957314954
2024-06-07 12:00:00+00:00,283528.7103189216
2024-06-07 16:00:00+00:00,277192.3909356096
2024-06-07 20:00:00+00:00,271778.4181850162
2024-06-08 00:00:00+00:00,271778.4181850162
2024-06-08 04:00:00+00:00,271778.4181850162
2024-06-08 08:00:00+00:00,271778.4181850162
2024-06-08 12:00:00+00:00,271778.4181850162
2024-06-08 16:00:00+00:00,271778.4181850162
2024-06-08 20:00:00+00:00,271778.4181850162
2024-06-09 00:00:00+00:00,271778.4181850162
2024-06-09 04:00:00+00:00,271778.4181850162
2024-06-09 08:00:00+00:00,271778.4181850162
2024-06-09 12:00:00+00:00,271778.4181850162
2024-06-09 16:00:00+00:00,271778.4181850162
2024-06-09 20:00:00+00:00,271778.4181850162
2024-06-10 00:00:00+00:00,271778.4181850162
2024-06-10 04:00:00+00:00,271778.4181850162
2024-06-10 08:00:00+00:00,271778.4181850162
2024-06-10 12:00:00+00:00,271778.4181850162
2024-06-10 16:00:00+00:00,271778.4181850162
2024-06-10 20:00:00+00:00,269461.452351999
2024-06-11 00:00:00+00:00,269641.85735199903
2024-06-11 04:00:00+00:00,265791.8356894678
2024-06-11 08:00:00+00:00,265791.8356894678
2024-06-11 12:00:00+00:00,265791.8356894678
2024-06-11 16:00:00+00:00,265791.8356894678
2024-06-11 20:00:00+00:00,265791.8356894678
2024-06-12 00:00:00+00:00,265791.8356894678
2024-06-12 04:00:00+00:00,265791.8356894678
2024-06-12 08:00:00+00:00,265791.8356894678
2024-06-12 12:00:00+00:00,265791.8356894678
2024-06-12 16:00:00+00:00,265791.8356894678
2024-06-12 20:00:00+00:00,260962.036155831
2024-06-13 00:00:00+00:00,260962.036155831
2024-06-13 04:00:00+00:00,260962.036155831
2024-06-13 08:00:00+00:00,260962.036155831
2024-06-13 12:00:00+00:00,260962.036155831
2024-06-13 16:00:00+00:00,260962.036155831
2024-06-13 20:00:00+00:00,260962.036155831
2024-06-14 00:00:00+00:00,260962.036155831
2024-06-14 04:00:00+00:00,260962.036155831
2024-06-14 08:00:00+00:00,260962.036155831
2024-06-14 12:00:00+00:00,260962.036155831
2024-06-14 16:00:00+00:00,260962.036155831
2024-06-14 20:00:00+00:00,260962.036155831
2024-06-15 00:00:00+00:00,260962.036155831
2024-06-15 04:00:00+00:00,260962.036155831
2024-06-15 08:00:00+00:00,260962.036155831
2024-06-15 12:00:00+00:00,260962.036155831
2024-06-15 16:00:00+00:00,260962.036155831
2024-06-15 20:00:00+00:00,260962.036155831
2024-06-16 00:00:00+00:00,260962.036155831
2024-06-16 04:00:00+00:00,260962.036155831
2024-06-16 08:00:00+00:00,260962.036155831
2024-06-16 12:00:00+00:00,260962.036155831
2024-06-16 16:00:00+00:00,260962.036155831
2024-06-16 20:00:00+00:00,260962.036155831
2024-06-17 00:00:00+00:00,260962.036155831
2024-06-17 04:00:00+00:00,260962.036155831
2024-06-17 08:00:00+00:00,260962.036155831
2024-06-17 12:00:00+00:00,260962.036155831
2024-06-17 16:00:00+00:00,260962.036155831
2024-06-17 20:00:00+00:00,260962.036155831
2024-06-18 00:00:00+00:00,260962.036155831
2024-06-18 04:00:00+00:00,260962.036155831
2024-06-18 08:00:00+00:00,260962.036155831
2024-06-18 12:00:00+00:00,260962.036155831
2024-06-18 16:00:00+00:00,260962.036155831
2024-06-18 20:00:00+00:00,260962.036155831
2024-06-19 00:00:00+00:00,260962.036155831
2024-06-19 04:00:00+00:00,260962.036155831
2024-06-19 08:00:00+00:00,260962.036155831
2024-06-19 12:00:00+00:00,260962.036155831
2024-06-19 16:00:00+00:00,260962.036155831
2024-06-19 20:00:00+00:00,260962.036155831
2024-06-20 00:00:00+00:00,260962.036155831
2024-06-20 04:00:00+00:00,260962.036155831
2024-06-20 08:00:00+00:00,260962.036155831
2024-06-20 12:00:00+00:00,260962.036155831
2024-06-20 16:00:00+00:00,260962.036155831
2024-06-20 20:00:00+00:00,260962.036155831
2024-06-21 00:00:00+00:00,260962.036155831
2024-06-21 04:00:00+00:00,260962.036155831
2024-06-21 08:00:00+00:00,260962.036155831
2024-06-21 12:00:00+00:00,260962.036155831
2024-06-21 16:00:00+00:00,260962.036155831
2024-06-21 20:00:00+00:00,260962.036155831
2024-06-22 00:00:00+00:00,260962.036155831
2024-06-22 04:00:00+00:00,260962.036155831
2024-06-22 08:00:00+00:00,260962.036155831
2024-06-22 12:00:00+00:00,260962.036155831
2024-06-22 16:00:00+00:00,260962.036155831
2024-06-22 20:00:00+00:00,260962.036155831
2024-06-23 00:00:00+00:00,260962.036155831
2024-06-23 04:00:00+00:00,260962.036155831
2024-06-23 08:00:00+00:00,260962.036155831
2024-06-23 12:00:00+00:00,260962.036155831
2024-06-23 16:00:00+00:00,260962.036155831
2024-06-23 20:00:00+00:00,260962.036155831
2024-06-24 00:00:00+00:00,260962.036155831
2024-06-24 04:00:00+00:00,260962.036155831
2024-06-24 08:00:00+00:00,260962.036155831
2024-06-24 12:00:00+00:00,260962.036155831
2024-06-24 16:00:00+00:00,260962.036155831
2024-06-24 20:00:00+00:00,260962.036155831
2024-06-25 00:00:00+00:00,260962.036155831
2024-06-25 04:00:00+00:00,260962.036155831
2024-06-25 08:00:00+00:00,260962.036155831
2024-06-25 12:00:00+00:00,260962.036155831
2024-06-25 16:00:00+00:00,260962.036155831
2024-06-25 20:00:00+00:00,260962.036155831
2024-06-26 00:00:00+00:00,260962.036155831
2024-06-26 04:00:00+00:00,260962.036155831
2024-06-26 08:00:00+00:00,260962.036155831
2024-06-26 12:00:00+00:00,260962.036155831
2024-06-26 16:00:00+00:00,260962.036155831
2024-06-26 20:00:00+00:00,260962.036155831
2024-06-27 00:00:00+00:00,260962.036155831
2024-06-27 04:00:00+00:00,260962.036155831
2024-06-27 08:00:00+00:00,260962.036155831
2024-06-27 12:00:00+00:00,260962.036155831
2024-06-27 16:00:00+00:00,260962.036155831
2024-06-27 20:00:00+00:00,260962.036155831
2024-06-28 00:00:00+00:00,260962.036155831
2024-06-28 04:00:00+00:00,260962.036155831
2024-06-28 08:00:00+00:00,260962.036155831
2024-06-28 12:00:00+00:00,260962.036155831
2024-06-28 16:00:00+00:00,260962.036155831
2024-06-28 20:00:00+00:00,260962.036155831
2024-06-29 00:00:00+00:00,260962.036155831
2024-06-29 04:00:00+00:00,260962.036155831
2024-06-29 08:00:00+00:00,260962.036155831
2024-06-29 12:00:00+00:00,260962.036155831
2024-06-29 16:00:00+00:00,260962.036155831
2024-06-29 20:00:00+00:00,260962.036155831
2024-06-30 00:00:00+00:00,260962.036155831
2024-06-30 04:00:00+00:00,260962.036155831
2024-06-30 08:00:00+00:00,260962.036155831
2024-06-30 12:00:00+00:00,260962.036155831
2024-06-30 16:00:00+00:00,260962.036155831
2024-06-30 20:00:00+00:00,260962.036155831
2024-07-01 00:00:00+00:00,260962.036155831
2024-07-01 04:00:00+00:00,260962.036155831
2024-07-01 08:00:00+00:00,260962.036155831
2024-07-01 12:00:00+00:00,260962.036155831
2024-07-01 16:00:00+00:00,260962.036155831
2024-07-01 20:00:00+00:00,260962.036155831
2024-07-02 00:00:00+00:00,260962.036155831
2024-07-02 04:00:00+00:00,260962.036155831
2024-07-02 08:00:00+00:00,260962.036155831
2024-07-02 12:00:00+00:00,260962.036155831
2024-07-02 16:00:00+00:00,260962.036155831
2024-07-02 20:00:00+00:00,260962.036155831
2024-07-03 00:00:00+00:00,260962.036155831
2024-07-03 04:00:00+00:00,260962.036155831
2024-07-03 08:00:00+00:00,260962.036155831
2024-07-03 12:00:00+00:00,260962.036155831
2024-07-03 16:00:00+00:00,260962.036155831
2024-07-03 20:00:00+00:00,260962.036155831
2024-07-04 00:00:00+00:00,260962.036155831
2024-07-04 04:00:00+00:00,260962.036155831
2024-07-04 08:00:00+00:00,260962.036155831
2024-07-04 12:00:00+00:00,260962.036155831
2024-07-04 16:00:00+00:00,260962.036155831
2024-07-04 20:00:00+00:00,260962.036155831
2024-07-05 00:00:00+00:00,260962.036155831
2024-07-05 04:00:00+00:00,260962.036155831
2024-07-05 08:00:00+00:00,260962.036155831
2024-07-05 12:00:00+00:00,260962.036155831
2024-07-05 16:00:00+00:00,260962.036155831
2024-07-05 20:00:00+00:00,260962.036155831
2024-07-06 00:00:00+00:00,260962.036155831
2024-07-06 04:00:00+00:00,260962.036155831
2024-07-06 08:00:00+00:00,260962.036155831
2024-07-06 12:00:00+00:00,260962.036155831
2024-07-06 16:00:00+00:00,260962.036155831
2024-07-06 20:00:00+00:00,260962.036155831
2024-07-07 00:00:00+00:00,260962.036155831
2024-07-07 04:00:00+00:00,260962.036155831
2024-07-07 08:00:00+00:00,260962.036155831
2024-07-07 12:00:00+00:00,260962.036155831
2024-07-07 16:00:00+00:00,260962.036155831
2024-07-07 20:00:00+00:00,260962.036155831
2024-07-08 00:00:00+00:00,260962.036155831
2024-07-08 04:00:00+00:00,260962.036155831
2024-07-08 08:00:00+00:00,260962.036155831
2024-07-08 12:00:00+00:00,260962.036155831
2024-07-08 16:00:00+00:00,260962.036155831
2024-07-08 20:00:00+00:00,260962.036155831
2024-07-09 00:00:00+00:00,260962.036155831
2024-07-09 04:00:00+00:00,260962.036155831
2024-07-09 08:00:00+00:00,260962.036155831
2024-07-09 12:00:00+00:00,260962.036155831
2024-07-09 16:00:00+00:00,260962.036155831
2024-07-09 20:00:00+00:00,260962.036155831
2024-07-10 00:00:00+00:00,260962.036155831
2024-07-10 04:00:00+00:00,260962.036155831
2024-07-10 08:00:00+00:00,260962.036155831
2024-07-10 12:00:00+00:00,260962.036155831
2024-07-10 16:00:00+00:00,260962.036155831
2024-07-10 20:00:00+00:00,260962.036155831
2024-07-11 00:00:00+00:00,260962.036155831
2024-07-11 04:00:00+00:00,260962.036155831
2024-07-11 08:00:00+00:00,260962.036155831
2024-07-11 12:00:00+00:00,260962.036155831
2024-07-11 16:00:00+00:00,260962.036155831
2024-07-11 20:00:00+00:00,260962.036155831
2024-07-12 00:00:00+00:00,260962.036155831
2024-07-12 04:00:00+00:00,260962.036155831
2024-07-12 08:00:00+00:00,260962.036155831
2024-07-12 12:00:00+00:00,260962.036155831
2024-07-12 16:00:00+00:00,260962.036155831
2024-07-12 20:00:00+00:00,260962.036155831
2024-07-13 00:00:00+00:00,260962.036155831
2024-07-13 04:00:00+00:00,260962.036155831
2024-07-13 08:00:00+00:00,260962.036155831
2024-07-13 12:00:00+00:00,260962.036155831
2024-07-13 16:00:00+00:00,260962.036155831
2024-07-13 20:00:00+00:00,260962.036155831
2024-07-14 00:00:00+00:00,260962.036155831
2024-07-14 04:00:00+00:00,260962.036155831
2024-07-14 08:00:00+00:00,260962.036155831
2024-07-14 12:00:00+00:00,260962.036155831
2024-07-14 16:00:00+00:00,260962.036155831
2024-07-14 20:00:00+00:00,260962.036155831
2024-07-15 00:00:00+00:00,260962.036155831
2024-07-15 04:00:00+00:00,260962.036155831
2024-07-15 08:00:00+00:00,260962.036155831
2024-07-15 12:00:00+00:00,260962.036155831
2024-07-15 16:00:00+00:00,260962.036155831
2024-07-15 20:00:00+00:00,260962.036155831
2024-07-16 00:00:00+00:00,260962.036155831
2024-07-16 04:00:00+00:00,260962.036155831
2024-07-16 08:00:00+00:00,255352.221637215
2024-07-16 12:00:00+00:00,255796.62384191854
2024-07-16 16:00:00+00:00,256513.36900549516
2024-07-16 20:00:00+00:00,257108.44360074413
2024-07-17 00:00:00+00:00,256848.4485184118
2024-07-17 04:00:00+00:00,258199.33503966095
2024-07-17 08:00:00+00:00,257323.25179244045
2024-07-17 12:00:00+00:00,256223.3929563525
2024-07-17 16:00:00+00:00,256230.4279563525
2024-07-17 20:00:00+00:00,255905.03623005457
2024-07-18 00:00:00+00:00,254946.86923005458
2024-07-18 04:00:00+00:00,255392.47997715176
2024-07-18 08:00:00+00:00,255001.39895117498
2024-07-18 12:00:00+00:00,255183.12020751685
2024-07-18 16:00:00+00:00,252665.20296666314
2024-07-18 20:00:00+00:00,252616.91465321448
2024-07-19 00:00:00+00:00,252889.45265321448
2024-07-19 04:00:00+00:00,253096.7441015932
2024-07-19 08:00:00+00:00,252711.0503015932
2024-07-19 12:00:00+00:00,252968.143636265
2024-07-19 16:00:00+00:00,254023.06963626502
2024-07-19 20:00:00+00:00,256807.32666387362
2024-07-20 00:00:00+00:00,253483.19066413035
2024-07-20 04:00:00+00:00,253077.16287770928
2024-07-20 08:00:00+00:00,252784.8865433408
2024-07-20 12:00:00+00:00,252245.91332523013
2024-07-20 16:00:00+00:00,254629.63763512752
2024-07-20 20:00:00+00:00,257349.20103195927
2024-07-21 00:00:00+00:00,256682.85421352927
2024-07-21 04:00:00+00:00,257037.28546705504
2024-07-21 08:00:00+00:00,253776.68546705504
2024-07-21 12:00:00+00:00,255012.830685751
2024-07-21 16:00:00+00:00,256937.42490380545
2024-07-21 20:00:00+00:00,258729.7106645727
2024-07-22 00:00:00+00:00,263820.18002204725
2024-07-22 04:00:00+00:00,261803.67025157574
2024-07-22 08:00:00+00:00,257423.4781714392
2024-07-22 12:00:00+00:00,259276.44020636153
2024-07-22 16:00:00+00:00,256226.77608092202
2024-07-22 20:00:00+00:00,264053.8843337854
2024-07-23 00:00:00+00:00,259409.98333416096
2024-07-23 04:00:00+00:00,258916.52890523663
2024-07-23 08:00:00+00:00,252826.87890523663
2024-07-23 12:00:00+00:00,252554.80680017208
2024-07-23 16:00:00+00:00,252554.80680017208
2024-07-23 20:00:00+00:00,252554.80680017208
2024-07-24 00:00:00+00:00,252554.80680017208
2024-07-24 04:00:00+00:00,252554.80680017208
2024-07-24 08:00:00+00:00,252554.80680017208
2024-07-24 12:00:00+00:00,252554.80680017208
2024-07-24 16:00:00+00:00,252554.80680017208
2024-07-24 20:00:00+00:00,251293.99865565525
2024-07-25 00:00:00+00:00,251253.03933056456
2024-07-25 04:00:00+00:00,251253.03933056456
2024-07-25 08:00:00+00:00,251253.03933056456
2024-07-25 12:00:00+00:00,251253.03933056456
2024-07-25 16:00:00+00:00,251253.03933056456
2024-07-25 20:00:00+00:00,251253.03933056456
2024-07-26 00:00:00+00:00,251253.03933056456
2024-07-26 04:00:00+00:00,253928.74397318796
2024-07-26 08:00:00+00:00,252906.16505832708
2024-07-26 12:00:00+00:00,255768.368754657
2024-07-26 16:00:00+00:00,257412.47524594647
2024-07-26 20:00:00+00:00,260417.69530717385
2024-07-27 00:00:00+00:00,259896.16670717392
2024-07-27 04:00:00+00:00,259057.5989043719
2024-07-27 08:00:00+00:00,260812.40049306193
2024-07-27 12:00:00+00:00,261951.6131402865
2024-07-27 16:00:00+00:00,266394.29641085665
2024-07-27 20:00:00+00:00,262120.54008705466
2024-07-28 00:00:00+00:00,259649.0684296249
2024-07-28 04:00:00+00:00,259947.7319900439
2024-07-28 08:00:00+00:00,257111.43707748738
2024-07-28 12:00:00+00:00,257417.7818460153
2024-07-28 16:00:00+00:00,257033.51817880652
2024-07-28 20:00:00+00:00,258035.118418403
2024-07-29 00:00:00+00:00,258888.2437739281
2024-07-29 04:00:00+00:00,267241.953823737
2024-07-29 08:00:00+00:00,268601.0069437759
2024-07-29 12:00:00+00:00,268953.00457785855
2024-07-29 16:00:00+00:00,257691.88365569682
2024-07-29 20:00:00+00:00,254463.35004176042
2024-07-30 00:00:00+00:00,254463.35004176042
2024-07-30 04:00:00+00:00,254463.35004176042
2024-07-30 08:00:00+00:00,254463.35004176042
2024-07-30 12:00:00+00:00,254463.35004176042
2024-07-30 16:00:00+00:00,254463.35004176042
2024-07-30 20:00:00+00:00,254463.35004176042
2024-07-31 00:00:00+00:00,254463.35004176042
2024-07-31 04:00:00+00:00,254463.35004176042
2024-07-31 08:00:00+00:00,254463.35004176042
2024-07-31 12:00:00+00:00,254463.35004176042
2024-07-31 16:00:00+00:00,254463.35004176042
2024-07-31 20:00:00+00:00,254463.35004176042
2024-08-01 00:00:00+00:00,254463.35004176042
2024-08-01 04:00:00+00:00,254463.35004176042
2024-08-01 08:00:00+00:00,254463.35004176042
2024-08-01 12:00:00+00:00,254463.35004176042
2024-08-01 16:00:00+00:00,254463.35004176042
2024-08-01 20:00:00+00:00,254463.35004176042
2024-08-02 00:00:00+00:00,254463.35004176042
2024-08-02 04:00:00+00:00,254463.35004176042
2024-08-02 08:00:00+00:00,254463.35004176042
2024-08-02 12:00:00+00:00,254463.35004176042
2024-08-02 16:00:00+00:00,254463.35004176042
2024-08-02 20:00:00+00:00,254463.35004176042
2024-08-03 00:00:00+00:00,254463.35004176042
2024-08-03 04:00:00+00:00,254463.35004176042
2024-08-03 08:00:00+00:00,254463.35004176042
2024-08-03 12:00:00+00:00,254463.35004176042
2024-08-03 16:00:00+00:00,254463.35004176042
2024-08-03 20:00:00+00:00,254463.35004176042
2024-08-04 00:00:00+00:00,254463.35004176042
2024-08-04 04:00:00+00:00,254463.35004176042
2024-08-04 08:00:00+00:00,254463.35004176042
2024-08-04 12:00:00+00:00,254463.35004176042
2024-08-04 16:00:00+00:00,254463.35004176042
2024-08-04 20:00:00+00:00,254463.35004176042
2024-08-05 00:00:00+00:00,254463.35004176042
2024-08-05 04:00:00+00:00,254463.35004176042
2024-08-05 08:00:00+00:00,254463.35004176042
2024-08-05 12:00:00+00:00,254463.35004176042
2024-08-05 16:00:00+00:00,254463.35004176042
2024-08-05 20:00:00+00:00,254463.35004176042
2024-08-06 00:00:00+00:00,254463.35004176042
2024-08-06 04:00:00+00:00,254463.35004176042
2024-08-06 08:00:00+00:00,254463.35004176042
2024-08-06 12:00:00+00:00,254463.35004176042
2024-08-06 16:00:00+00:00,254463.35004176042
2024-08-06 20:00:00+00:00,254463.35004176042
2024-08-07 00:00:00+00:00,254463.35004176042
2024-08-07 04:00:00+00:00,254463.35004176042
2024-08-07 08:00:00+00:00,254463.35004176042
2024-08-07 12:00:00+00:00,254463.35004176042
2024-08-07 16:00:00+00:00,254463.35004176042
2024-08-07 20:00:00+00:00,254463.35004176042
2024-08-08 00:00:00+00:00,254463.35004176042
2024-08-08 04:00:00+00:00,254463.35004176042
2024-08-08 08:00:00+00:00,254463.35004176042
2024-08-08 12:00:00+00:00,254463.35004176042
2024-08-08 16:00:00+00:00,254463.35004176042
2024-08-08 20:00:00+00:00,254463.35004176042
2024-08-09 00:00:00+00:00,254463.35004176042
2024-08-09 04:00:00+00:00,254463.35004176042
2024-08-09 08:00:00+00:00,254463.35004176042
2024-08-09 12:00:00+00:00,254463.35004176042
2024-08-09 16:00:00+00:00,254463.35004176042
2024-08-09 20:00:00+00:00,254463.35004176042
2024-08-10 00:00:00+00:00,254463.35004176042
2024-08-10 04:00:00+00:00,254463.35004176042
2024-08-10 08:00:00+00:00,254463.35004176042
2024-08-10 12:00:00+00:00,254463.35004176042
2024-08-10 16:00:00+00:00,254463.35004176042
2024-08-10 20:00:00+00:00,254463.35004176042
2024-08-11 00:00:00+00:00,254463.35004176042
2024-08-11 04:00:00+00:00,254463.35004176042
2024-08-11 08:00:00+00:00,254463.35004176042
2024-08-11 12:00:00+00:00,254463.35004176042
2024-08-11 16:00:00+00:00,254463.35004176042
2024-08-11 20:00:00+00:00,254463.35004176042
2024-08-12 00:00:00+00:00,254463.35004176042
2024-08-12 04:00:00+00:00,254463.35004176042
2024-08-12 08:00:00+00:00,254463.35004176042
2024-08-12 12:00:00+00:00,254463.35004176042
2024-08-12 16:00:00+00:00,254463.35004176042
2024-08-12 20:00:00+00:00,254463.35004176042
2024-08-13 00:00:00+00:00,254463.35004176042
2024-08-13 04:00:00+00:00,254463.35004176042
2024-08-13 08:00:00+00:00,254463.35004176042
2024-08-13 12:00:00+00:00,254463.35004176042
2024-08-13 16:00:00+00:00,254463.35004176042
2024-08-13 20:00:00+00:00,254463.35004176042
2024-08-14 00:00:00+00:00,254463.35004176042
2024-08-14 04:00:00+00:00,254463.35004176042
2024-08-14 08:00:00+00:00,254463.35004176042
2024-08-14 12:00:00+00:00,254463.35004176042
2024-08-14 16:00:00+00:00,254463.35004176042
2024-08-14 20:00:00+00:00,254463.35004176042
2024-08-15 00:00:00+00:00,254463.35004176042
2024-08-15 04:00:00+00:00,254463.35004176042
2024-08-15 08:00:00+00:00,254463.35004176042
2024-08-15 12:00:00+00:00,254463.35004176042
2024-08-15 16:00:00+00:00,254463.35004176042
2024-08-15 20:00:00+00:00,254463.35004176042
2024-08-16 00:00:00+00:00,254463.35004176042
2024-08-16 04:00:00+00:00,254463.35004176042
2024-08-16 08:00:00+00:00,254463.35004176042
2024-08-16 12:00:00+00:00,254463.35004176042
2024-08-16 16:00:00+00:00,254463.35004176042
2024-08-16 20:00:00+00:00,254463.35004176042
2024-08-17 00:00:00+00:00,254463.35004176042
2024-08-17 04:00:00+00:00,254463.35004176042
2024-08-17 08:00:00+00:00,254463.35004176042
2024-08-17 12:00:00+00:00,254463.35004176042
2024-08-17 16:00:00+00:00,254463.35004176042
2024-08-17 20:00:00+00:00,254463.35004176042
2024-08-18 00:00:00+00:00,254463.35004176042
2024-08-18 04:00:00+00:00,254463.35004176042
2024-08-18 08:00:00+00:00,254463.35004176042
2024-08-18 12:00:00+00:00,254463.35004176042
2024-08-18 16:00:00+00:00,254463.35004176042
2024-08-18 20:00:00+00:00,254463.35004176042
2024-08-19 00:00:00+00:00,254463.35004176042
2024-08-19 04:00:00+00:00,254463.35004176042
2024-08-19 08:00:00+00:00,254463.35004176042
2024-08-19 12:00:00+00:00,254463.35004176042
2024-08-19 16:00:00+00:00,254463.35004176042
2024-08-19 20:00:00+00:00,254463.35004176042
2024-08-20 00:00:00+00:00,254463.35004176042
2024-08-20 04:00:00+00:00,254463.35004176042
2024-08-20 08:00:00+00:00,254463.35004176042
2024-08-20 12:00:00+00:00,254463.35004176042
2024-08-20 16:00:00+00:00,254463.35004176042
2024-08-20 20:00:00+00:00,254463.35004176042
2024-08-21 00:00:00+00:00,254463.35004176042
2024-08-21 04:00:00+00:00,254463.35004176042
2024-08-21 08:00:00+00:00,254463.35004176042
2024-08-21 12:00:00+00:00,254463.35004176042
2024-08-21 16:00:00+00:00,254463.35004176042
2024-08-21 20:00:00+00:00,254463.35004176042
2024-08-22 00:00:00+00:00,254463.35004176042
2024-08-22 04:00:00+00:00,254463.35004176042
2024-08-22 08:00:00+00:00,254463.35004176042
2024-08-22 12:00:00+00:00,254463.35004176042
2024-08-22 16:00:00+00:00,254463.35004176042
2024-08-22 20:00:00+00:00,254463.35004176042
2024-08-23 00:00:00+00:00,254463.35004176042
2024-08-23 04:00:00+00:00,254463.35004176042
2024-08-23 08:00:00+00:00,254463.35004176042
2024-08-23 12:00:00+00:00,254463.35004176042
2024-08-23 16:00:00+00:00,254463.35004176042
2024-08-23 20:00:00+00:00,254463.35004176042
2024-08-24 00:00:00+00:00,254463.35004176042
2024-08-24 04:00:00+00:00,254463.35004176042
2024-08-24 08:00:00+00:00,254463.35004176042
2024-08-24 12:00:00+00:00,254463.35004176042
2024-08-24 16:00:00+00:00,254463.35004176042
2024-08-24 20:00:00+00:00,254463.35004176042
2024-08-25 00:00:00+00:00,254349.54972409358
2024-08-25 04:00:00+00:00,254229.5454070154
2024-08-25 08:00:00+00:00,253704.75324943263
2024-08-25 12:00:00+00:00,253738.1809897175
2024-08-25 16:00:00+00:00,254308.54458971752
2024-08-25 20:00:00+00:00,254428.19643469562
2024-08-26 00:00:00+00:00,254533.5139702784
2024-08-26 04:00:00+00:00,254276.4689642712
2024-08-26 08:00:00+00:00,253158.95156427118
2024-08-26 12:00:00+00:00,253660.69061136545
2024-08-26 16:00:00+00:00,252912.68182363192
2024-08-26 20:00:00+00:00,252470.4731255901
2024-08-27 00:00:00+00:00,251335.61863572214
2024-08-27 04:00:00+00:00,251636.86063096015
2024-08-27 08:00:00+00:00,251455.72112437536
2024-08-27 12:00:00+00:00,250151.51512395637
2024-08-27 16:00:00+00:00,250079.9038832551
2024-08-27 20:00:00+00:00,250079.9038832551
2024-08-28 00:00:00+00:00,250079.9038832551
2024-08-28 04:00:00+00:00,250079.9038832551
2024-08-28 08:00:00+00:00,250079.9038832551
2024-08-28 12:00:00+00:00,250079.9038832551
2024-08-28 16:00:00+00:00,250079.9038832551
2024-08-28 20:00:00+00:00,250079.9038832551
2024-08-29 00:00:00+00:00,250079.9038832551
2024-08-29 04:00:00+00:00,250079.9038832551
2024-08-29 08:00:00+00:00,250079.9038832551
2024-08-29 12:00:00+00:00,250079.9038832551
2024-08-29 16:00:00+00:00,250079.9038832551
2024-08-29 20:00:00+00:00,250079.9038832551
2024-08-30 00:00:00+00:00,250079.9038832551
2024-08-30 04:00:00+00:00,250079.9038832551
2024-08-30 08:00:00+00:00,250079.9038832551
2024-08-30 12:00:00+00:00,250079.9038832551
2024-08-30 16:00:00+00:00,250079.9038832551
2024-08-30 20:00:00+00:00,250079.9038832551
2024-08-31 00:00:00+00:00,250079.9038832551
2024-08-31 04:00:00+00:00,250079.9038832551
2024-08-31 08:00:00+00:00,250079.9038832551
2024-08-31 12:00:00+00:00,250079.9038832551
2024-08-31 16:00:00+00:00,250079.9038832551
2024-08-31 20:00:00+00:00,250079.9038832551
2024-09-01 00:00:00+00:00,250079.9038832551
2024-09-01 04:00:00+00:00,250079.9038832551
2024-09-01 08:00:00+00:00,250079.9038832551
2024-09-01 12:00:00+00:00,250079.9038832551
2024-09-01 16:00:00+00:00,250079.9038832551
2024-09-01 20:00:00+00:00,250079.9038832551
2024-09-02 00:00:00+00:00,250079.9038832551
2024-09-02 04:00:00+00:00,250079.9038832551
2024-09-02 08:00:00+00:00,250079.9038832551
2024-09-02 12:00:00+00:00,250079.9038832551
2024-09-02 16:00:00+00:00,250079.9038832551
2024-09-02 20:00:00+00:00,250079.9038832551
2024-09-03 00:00:00+00:00,250079.9038832551
2024-09-03 04:00:00+00:00,250079.9038832551
2024-09-03 08:00:00+00:00,250079.9038832551
2024-09-03 12:00:00+00:00,250079.9038832551
2024-09-03 16:00:00+00:00,250079.9038832551
2024-09-03 20:00:00+00:00,250079.9038832551
2024-09-04 00:00:00+00:00,250079.9038832551
2024-09-04 04:00:00+00:00,250079.9038832551
2024-09-04 08:00:00+00:00,250079.9038832551
2024-09-04 12:00:00+00:00,250079.9038832551
2024-09-04 16:00:00+00:00,250079.9038832551
2024-09-04 20:00:00+00:00,250079.9038832551
2024-09-05 00:00:00+00:00,250079.9038832551
2024-09-05 04:00:00+00:00,250079.9038832551
2024-09-05 08:00:00+00:00,250079.9038832551
2024-09-05 12:00:00+00:00,250079.9038832551
2024-09-05 16:00:00+00:00,250079.9038832551
2024-09-05 20:00:00+00:00,250079.9038832551
2024-09-06 00:00:00+00:00,250079.9038832551
2024-09-06 04:00:00+00:00,250079.9038832551
2024-09-06 08:00:00+00:00,250079.9038832551
2024-09-06 12:00:00+00:00,250079.9038832551
2024-09-06 16:00:00+00:00,250079.9038832551
2024-09-06 20:00:00+00:00,250079.9038832551
2024-09-07 00:00:00+00:00,250079.9038832551
2024-09-07 04:00:00+00:00,250079.9038832551
2024-09-07 08:00:00+00:00,250079.9038832551
2024-09-07 12:00:00+00:00,250079.9038832551
2024-09-07 16:00:00+00:00,250079.9038832551
2024-09-07 20:00:00+00:00,250079.9038832551
2024-09-08 00:00:00+00:00,250079.9038832551
2024-09-08 04:00:00+00:00,250079.9038832551
2024-09-08 08:00:00+00:00,250079.9038832551
2024-09-08 12:00:00+00:00,250079.9038832551
2024-09-08 16:00:00+00:00,250079.9038832551
2024-09-08 20:00:00+00:00,250079.9038832551
2024-09-09 00:00:00+00:00,250079.9038832551
2024-09-09 04:00:00+00:00,250079.9038832551
2024-09-09 08:00:00+00:00,250079.9038832551
2024-09-09 12:00:00+00:00,250079.9038832551
2024-09-09 16:00:00+00:00,250079.9038832551
2024-09-09 20:00:00+00:00,250079.9038832551
2024-09-10 00:00:00+00:00,250079.9038832551
2024-09-10 04:00:00+00:00,250079.9038832551
2024-09-10 08:00:00+00:00,250079.9038832551
2024-09-10 12:00:00+00:00,250079.9038832551
2024-09-10 16:00:00+00:00,250079.9038832551
2024-09-10 20:00:00+00:00,250079.9038832551
2024-09-11 00:00:00+00:00,250079.9038832551
2024-09-11 04:00:00+00:00,250079.9038832551
2024-09-11 08:00:00+00:00,250079.9038832551
2024-09-11 12:00:00+00:00,250079.9038832551
2024-09-11 16:00:00+00:00,250079.9038832551
2024-09-11 20:00:00+00:00,250079.9038832551
2024-09-12 00:00:00+00:00,250079.9038832551
2024-09-12 04:00:00+00:00,250079.9038832551
2024-09-12 08:00:00+00:00,250079.9038832551
2024-09-12 12:00:00+00:00,250079.9038832551
2024-09-12 16:00:00+00:00,250079.9038832551
2024-09-12 20:00:00+00:00,250079.9038832551
2024-09-13 00:00:00+00:00,250079.9038832551
2024-09-13 04:00:00+00:00,250079.9038832551
2024-09-13 08:00:00+00:00,250079.9038832551
2024-09-13 12:00:00+00:00,250079.9038832551
2024-09-13 16:00:00+00:00,250079.9038832551
2024-09-13 20:00:00+00:00,250079.9038832551
2024-09-14 00:00:00+00:00,250079.9038832551
2024-09-14 04:00:00+00:00,250079.9038832551
2024-09-14 08:00:00+00:00,250079.9038832551
2024-09-14 12:00:00+00:00,250079.9038832551
2024-09-14 16:00:00+00:00,250079.9038832551
2024-09-14 20:00:00+00:00,250079.9038832551
2024-09-15 00:00:00+00:00,250079.9038832551
2024-09-15 04:00:00+00:00,250079.9038832551
2024-09-15 08:00:00+00:00,250079.9038832551
2024-09-15 12:00:00+00:00,250079.9038832551
2024-09-15 16:00:00+00:00,250079.9038832551
2024-09-15 20:00:00+00:00,250079.9038832551
2024-09-16 00:00:00+00:00,250079.9038832551
2024-09-16 04:00:00+00:00,250079.9038832551
2024-09-16 08:00:00+00:00,250079.9038832551
2024-09-16 12:00:00+00:00,250079.9038832551
2024-09-16 16:00:00+00:00,250079.9038832551
2024-09-16 20:00:00+00:00,250079.9038832551
2024-09-17 00:00:00+00:00,250079.9038832551
2024-09-17 04:00:00+00:00,250079.9038832551
2024-09-17 08:00:00+00:00,250079.9038832551
2024-09-17 12:00:00+00:00,250079.9038832551
2024-09-17 16:00:00+00:00,250079.9038832551
2024-09-17 20:00:00+00:00,250079.9038832551
2024-09-18 00:00:00+00:00,250079.9038832551
2024-09-18 04:00:00+00:00,250079.9038832551
2024-09-18 08:00:00+00:00,250079.9038832551
2024-09-18 12:00:00+00:00,250079.9038832551
2024-09-18 16:00:00+00:00,250079.9038832551
2024-09-18 20:00:00+00:00,250079.9038832551
2024-09-19 00:00:00+00:00,250079.9038832551
2024-09-19 04:00:00+00:00,250079.9038832551
2024-09-19 08:00:00+00:00,250010.1924092887
2024-09-19 12:00:00+00:00,251201.4921945523
2024-09-19 16:00:00+00:00,252309.1253317766
2024-09-19 20:00:00+00:00,252489.3417487002
2024-09-20 00:00:00+00:00,251873.7309487002
2024-09-20 04:00:00+00:00,253550.3273673878
2024-09-20 08:00:00+00:00,253073.7323673878
2024-09-20 12:00:00+00:00,252915.6795064279
2024-09-20 16:00:00+00:00,252262.81267256194
2024-09-20 20:00:00+00:00,251529.4502811577
2024-09-21 00:00:00+00:00,252395.8983352846
2024-09-21 04:00:00+00:00,251714.18469046036
2024-09-21 08:00:00+00:00,252135.58820742345
2024-09-21 12:00:00+00:00,252113.6677338359
2024-09-21 16:00:00+00:00,252302.15027417193
2024-09-21 20:00:00+00:00,252349.91796435567
2024-09-22 00:00:00+00:00,252663.72096435566
2024-09-22 04:00:00+00:00,252158.4666341144
2024-09-22 08:00:00+00:00,251773.76343411437
2024-09-22 12:00:00+00:00,251423.50010989004
2024-09-22 16:00:00+00:00,251159.56429789716
2024-09-22 20:00:00+00:00,252231.53174662963
2024-09-23 00:00:00+00:00,253132.67114662964
2024-09-23 04:00:00+00:00,254772.57363049668
2024-09-23 08:00:00+00:00,253053.0732712134
2024-09-23 12:00:00+00:00,252792.2496179175
2024-09-23 16:00:00+00:00,253200.9432179175
2024-09-23 20:00:00+00:00,252510.6102636995
2024-09-24 00:00:00+00:00,252583.4628739086
2024-09-24 04:00:00+00:00,252143.77202559516
2024-09-24 08:00:00+00:00,253066.70598696065
2024-09-24 12:00:00+00:00,252876.68034165681
2024-09-24 16:00:00+00:00,252199.16574165682
2024-09-24 20:00:00+00:00,254695.755629169
2024-09-25 00:00:00+00:00,254586.24244588573
2024-09-25 04:00:00+00:00,254975.63572848198
2024-09-25 08:00:00+00:00,249641.3080371561
2024-09-25 12:00:00+00:00,249575.24956577006
2024-09-25 16:00:00+00:00,246496.98962247994
2024-09-25 20:00:00+00:00,243581.44815087033
2024-09-26 00:00:00+00:00,243374.46334274072
2024-09-26 04:00:00+00:00,246616.22797475525
2024-09-26 08:00:00+00:00,246234.39498265868
2024-09-26 12:00:00+00:00,251217.76527677837
2024-09-26 16:00:00+00:00,258759.6213944244
2024-09-26 20:00:00+00:00,254087.45166898138
2024-09-27 00:00:00+00:00,258226.9726734591
2024-09-27 04:00:00+00:00,259941.58078036833
2024-09-27 08:00:00+00:00,260908.0320786703
2024-09-27 12:00:00+00:00,260545.49693124372
2024-09-27 16:00:00+00:00,265737.4174150655
2024-09-27 20:00:00+00:00,262482.75810311193
2024-09-28 00:00:00+00:00,263658.499303112
2024-09-28 04:00:00+00:00,266296.93732792046
2024-09-28 08:00:00+00:00,264035.9785446977
2024-09-28 12:00:00+00:00,263726.8783599895
2024-09-28 16:00:00+00:00,262162.26827944245
2024-09-28 20:00:00+00:00,263109.80404726224
2024-09-29 00:00:00+00:00,264274.09356188093
2024-09-29 04:00:00+00:00,263856.87863136246
2024-09-29 08:00:00+00:00,260770.70021837234
2024-09-29 12:00:00+00:00,262819.1363467988
2024-09-29 16:00:00+00:00,263273.6164776825
2024-09-29 20:00:00+00:00,265179.2150534941
2024-09-30 00:00:00+00:00,261870.30906506826
2024-09-30 04:00:00+00:00,256505.3953619255
2024-09-30 08:00:00+00:00,256505.3953619255
2024-09-30 12:00:00+00:00,256505.3953619255
2024-09-30 16:00:00+00:00,256505.3953619255
2024-09-30 20:00:00+00:00,256505.3953619255
2024-10-01 00:00:00+00:00,256505.3953619255
2024-10-01 04:00:00+00:00,256505.3953619255
2024-10-01 08:00:00+00:00,256505.3953619255
2024-10-01 12:00:00+00:00,256505.3953619255
2024-10-01 16:00:00+00:00,256505.3953619255
2024-10-01 20:00:00+00:00,256505.3953619255
2024-10-02 00:00:00+00:00,256505.3953619255
2024-10-02 04:00:00+00:00,256505.3953619255
2024-10-02 08:00:00+00:00,256505.3953619255
2024-10-02 12:00:00+00:00,256505.3953619255
2024-10-02 16:00:00+00:00,256505.3953619255
2024-10-02 20:00:00+00:00,256505.3953619255
2024-10-03 00:00:00+00:00,256505.3953619255
2024-10-03 04:00:00+00:00,256505.3953619255
2024-10-03 08:00:00+00:00,256505.3953619255
2024-10-03 12:00:00+00:00,256505.3953619255
2024-10-03 16:00:00+00:00,256505.3953619255
2024-10-03 20:00:00+00:00,256505.3953619255
2024-10-04 00:00:00+00:00,256505.3953619255
2024-10-04 04:00:00+00:00,256505.3953619255
2024-10-04 08:00:00+00:00,256505.3953619255
2024-10-04 12:00:00+00:00,256505.3953619255
2024-10-04 16:00:00+00:00,256505.3953619255
2024-10-04 20:00:00+00:00,256505.3953619255
2024-10-05 00:00:00+00:00,256505.3953619255
2024-10-05 04:00:00+00:00,256505.3953619255
2024-10-05 08:00:00+00:00,256505.3953619255
2024-10-05 12:00:00+00:00,256505.3953619255
2024-10-05 16:00:00+00:00,256505.3953619255
2024-10-05 20:00:00+00:00,256505.3953619255
2024-10-06 00:00:00+00:00,256505.3953619255
2024-10-06 04:00:00+00:00,256505.3953619255
2024-10-06 08:00:00+00:00,256505.3953619255
2024-10-06 12:00:00+00:00,256505.3953619255
2024-10-06 16:00:00+00:00,256505.3953619255
2024-10-06 20:00:00+00:00,256505.3953619255
2024-10-07 00:00:00+00:00,256505.3953619255
2024-10-07 04:00:00+00:00,256505.3953619255
2024-10-07 08:00:00+00:00,256505.3953619255
2024-10-07 12:00:00+00:00,256505.3953619255
2024-10-07 16:00:00+00:00,256505.3953619255
2024-10-07 20:00:00+00:00,253544.7880026678
2024-10-08 00:00:00+00:00,250104.07763288368
2024-10-08 04:00:00+00:00,251248.39458949305
2024-10-08 08:00:00+00:00,250366.68218949303
2024-10-08 12:00:00+00:00,250255.5547874697
2024-10-08 16:00:00+00:00,250255.5547874697
2024-10-08 20:00:00+00:00,250117.80369245092
2024-10-09 00:00:00+00:00,249913.39718724106
2024-10-09 04:00:00+00:00,250524.54320491603
2024-10-09 08:00:00+00:00,250197.17157489358
2024-10-09 12:00:00+00:00,250085.33568203868
2024-10-09 16:00:00+00:00,250085.33568203868
2024-10-09 20:00:00+00:00,250085.33568203868
2024-10-10 00:00:00+00:00,250085.33568203868
2024-10-10 04:00:00+00:00,250085.33568203868
2024-10-10 08:00:00+00:00,250085.33568203868
2024-10-10 12:00:00+00:00,250085.33568203868
2024-10-10 16:00:00+00:00,250085.33568203868
2024-10-10 20:00:00+00:00,250085.33568203868
2024-10-11 00:00:00+00:00,250085.33568203868
2024-10-11 04:00:00+00:00,250085.33568203868
2024-10-11 08:00:00+00:00,250085.33568203868
2024-10-11 12:00:00+00:00,250085.33568203868
2024-10-11 16:00:00+00:00,250085.33568203868
2024-10-11 20:00:00+00:00,250085.33568203868
2024-10-12 00:00:00+00:00,250085.33568203868
2024-10-12 04:00:00+00:00,250085.33568203868
2024-10-12 08:00:00+00:00,250085.33568203868
2024-10-12 12:00:00+00:00,250085.33568203868
2024-10-12 16:00:00+00:00,250085.33568203868
2024-10-12 20:00:00+00:00,250085.33568203868
2024-10-13 00:00:00+00:00,250085.33568203868
2024-10-13 04:00:00+00:00,250085.33568203868
2024-10-13 08:00:00+00:00,250085.33568203868
2024-10-13 12:00:00+00:00,250085.33568203868
2024-10-13 16:00:00+00:00,250085.33568203868
2024-10-13 20:00:00+00:00,250085.33568203868
2024-10-14 00:00:00+00:00,250085.33568203868
2024-10-14 04:00:00+00:00,250085.33568203868
2024-10-14 08:00:00+00:00,253145.64066671065
2024-10-14 12:00:00+00:00,255882.68678234317
2024-10-14 16:00:00+00:00,264843.3090581599
2024-10-14 20:00:00+00:00,265287.2810968873
2024-10-15 00:00:00+00:00,266778.16409688734
2024-10-15 04:00:00+00:00,260278.0038961873
2024-10-15 08:00:00+00:00,262694.9128961873
2024-10-15 12:00:00+00:00,260183.10197928728
2024-10-15 16:00:00+00:00,265991.98197928735
2024-10-15 20:00:00+00:00,274984.4349771873
2024-10-16 00:00:00+00:00,275873.86923321505
2024-10-16 04:00:00+00:00,276003.0466074046
2024-10-16 08:00:00+00:00,274961.26975266304
2024-10-16 12:00:00+00:00,282737.7495808232
2024-10-16 16:00:00+00:00,281458.92144362
2024-10-16 20:00:00+00:00,281239.1695664199
2024-10-17 00:00:00+00:00,280290.3270964706
2024-10-17 04:00:00+00:00,280078.32889111177
2024-10-17 08:00:00+00:00,277599.83565754583
2024-10-17 12:00:00+00:00,274055.3517530726
2024-10-17 16:00:00+00:00,279906.24040792
2024-10-17 20:00:00+00:00,273542.10405996005
2024-10-18 00:00:00+00:00,278538.7023066212
2024-10-18 04:00:00+00:00,279562.41226031823
2024-10-18 08:00:00+00:00,283114.8041571359
2024-10-18 12:00:00+00:00,280836.0931321542
2024-10-18 16:00:00+00:00,289387.5404070186
2024-10-18 20:00:00+00:00,288281.5567369676
2024-10-19 00:00:00+00:00,286735.9483701542
2024-10-19 04:00:00+00:00,286917.5200367741
2024-10-19 08:00:00+00:00,286078.6888367742
2024-10-19 12:00:00+00:00,283882.79652141413
2024-10-19 16:00:00+00:00,285021.5277266011
2024-10-19 20:00:00+00:00,284564.5973489206
2024-10-20 00:00:00+00:00,286172.5613675137
2024-10-20 04:00:00+00:00,284522.83442754153
2024-10-20 08:00:00+00:00,286087.8778085902
2024-10-20 12:00:00+00:00,286436.7733405856
2024-10-20 16:00:00+00:00,288174.717131416
2024-10-20 20:00:00+00:00,287106.5345332124
2024-10-21 00:00:00+00:00,291628.1115705883
2024-10-21 04:00:00+00:00,290862.4915574347
2024-10-21 08:00:00+00:00,287291.4571176722
2024-10-21 12:00:00+00:00,285018.0329614987
2024-10-21 16:00:00+00:00,275073.168389435
2024-10-21 20:00:00+00:00,275073.168389435
2024-10-22 00:00:00+00:00,275073.168389435
2024-10-22 04:00:00+00:00,275073.168389435
2024-10-22 08:00:00+00:00,275073.168389435
2024-10-22 12:00:00+00:00,275073.168389435
2024-10-22 16:00:00+00:00,275073.168389435
2024-10-22 20:00:00+00:00,275073.168389435
2024-10-23 00:00:00+00:00,275073.168389435
2024-10-23 04:00:00+00:00,275073.168389435
2024-10-23 08:00:00+00:00,275073.168389435
2024-10-23 12:00:00+00:00,275073.168389435
2024-10-23 16:00:00+00:00,275073.168389435
2024-10-23 20:00:00+00:00,275073.168389435
2024-10-24 00:00:00+00:00,275073.168389435
2024-10-24 04:00:00+00:00,275073.168389435
2024-10-24 08:00:00+00:00,275073.168389435
2024-10-24 12:00:00+00:00,275073.168389435
2024-10-24 16:00:00+00:00,275073.168389435
2024-10-24 20:00:00+00:00,275073.168389435
2024-10-25 00:00:00+00:00,275073.168389435
2024-10-25 04:00:00+00:00,272768.7585299157
2024-10-25 08:00:00+00:00,267692.2740349395
2024-10-25 12:00:00+00:00,267494.98118732526
2024-10-25 16:00:00+00:00,267494.98118732526
2024-10-25 20:00:00+00:00,265057.27506724605
2024-10-26 00:00:00+00:00,264984.1518962205
2024-10-26 04:00:00+00:00,264984.1518962205
2024-10-26 08:00:00+00:00,264984.1518962205
2024-10-26 12:00:00+00:00,264984.1518962205
2024-10-26 16:00:00+00:00,264984.1518962205
2024-10-26 20:00:00+00:00,264984.1518962205
2024-10-27 00:00:00+00:00,264984.1518962205
2024-10-27 04:00:00+00:00,264984.1518962205
2024-10-27 08:00:00+00:00,264984.1518962205
2024-10-27 12:00:00+00:00,264984.1518962205
2024-10-27 16:00:00+00:00,264984.1518962205
2024-10-27 20:00:00+00:00,264984.1518962205
2024-10-28 00:00:00+00:00,264984.1518962205
2024-10-28 04:00:00+00:00,264984.1518962205
2024-10-28 08:00:00+00:00,264984.1518962205
2024-10-28 12:00:00+00:00,264984.1518962205
2024-10-28 16:00:00+00:00,264984.1518962205
2024-10-28 20:00:00+00:00,264984.1518962205
2024-10-29 00:00:00+00:00,264984.1518962205
2024-10-29 04:00:00+00:00,264984.1518962205
2024-10-29 08:00:00+00:00,264984.1518962205
2024-10-29 12:00:00+00:00,270173.04772410775
2024-10-29 16:00:00+00:00,282135.5513936086
2024-10-29 20:00:00+00:00,283808.35560174077
2024-10-30 00:00:00+00:00,286560.2753237228
2024-10-30 04:00:00+00:00,280247.2745745832
2024-10-30 08:00:00+00:00,280201.4886217493
2024-10-30 12:00:00+00:00,276787.5075180484
2024-10-30 16:00:00+00:00,277475.88040127535
2024-10-30 20:00:00+00:00,275317.96888386994
2024-10-31 00:00:00+00:00,280159.1602031083
2024-10-31 04:00:00+00:00,280101.739085166
2024-10-31 08:00:00+00:00,280729.37378015957
2024-10-31 12:00:00+00:00,278729.70615366584
2024-10-31 16:00:00+00:00,263714.484620914
2024-10-31 20:00:00+00:00,262534.9476331982
2024-11-01 00:00:00+00:00,262534.9476331982
2024-11-01 04:00:00+00:00,262534.9476331982
2024-11-01 08:00:00+00:00,262534.9476331982
2024-11-01 12:00:00+00:00,262534.9476331982
2024-11-01 16:00:00+00:00,262534.9476331982
2024-11-01 20:00:00+00:00,262374.9176581218
2024-11-02 00:00:00+00:00,262799.42703746253
2024-11-02 04:00:00+00:00,263023.24286566174
2024-11-02 08:00:00+00:00,263518.66688786965
2024-11-02 12:00:00+00:00,263013.10434072255
2024-11-02 16:00:00+00:00,262537.10919022234
2024-11-02 20:00:00+00:00,262771.4633013871
2024-11-03 00:00:00+00:00,262450.9419217934
2024-11-03 04:00:00+00:00,260123.20449055338
2024-11-03 08:00:00+00:00,260056.48364924308
2024-11-03 12:00:00+00:00,260056.48364924308
2024-11-03 16:00:00+00:00,260056.48364924308
2024-11-03 20:00:00+00:00,260056.48364924308
2024-11-04 00:00:00+00:00,260056.48364924308
2024-11-04 04:00:00+00:00,260056.48364924308
2024-11-04 08:00:00+00:00,260056.48364924308
2024-11-04 12:00:00+00:00,260056.48364924308
2024-11-04 16:00:00+00:00,260056.48364924308
2024-11-04 20:00:00+00:00,260056.48364924308
2024-11-05 00:00:00+00:00,260056.48364924308
2024-11-05 04:00:00+00:00,260056.48364924308
2024-11-05 08:00:00+00:00,260056.48364924308
2024-11-05 12:00:00+00:00,260056.48364924308
2024-11-05 16:00:00+00:00,260056.48364924308
2024-11-05 20:00:00+00:00,258480.31915607187
2024-11-06 00:00:00+00:00,259428.83275607188
2024-11-06 04:00:00+00:00,271329.82403579185
2024-11-06 08:00:00+00:00,263612.50072360586
2024-11-06 12:00:00+00:00,270652.39627672394
2024-11-06 16:00:00+00:00,270782.4999546288
2024-11-06 20:00:00+00:00,283170.9659975975
2024-11-07 00:00:00+00:00,281158.2485525888
2024-11-07 04:00:00+00:00,276897.20294490294
2024-11-07 08:00:00+00:00,274744.08254490286
2024-11-07 12:00:00+00:00,274410.1133777397
2024-11-07 16:00:00+00:00,285133.82073367824
2024-11-07 20:00:00+00:00,288744.40476883575
2024-11-08 00:00:00+00:00,283260.3708363475
2024-11-08 04:00:00+00:00,283557.5186683874
2024-11-08 08:00:00+00:00,285857.23984771455
2024-11-08 12:00:00+00:00,283889.2085745756
2024-11-08 16:00:00+00:00,287790.69658056216
2024-11-08 20:00:00+00:00,291633.50585691206
2024-11-09 00:00:00+00:00,288246.3295285154
2024-11-09 04:00:00+00:00,286976.4381140222
2024-11-09 08:00:00+00:00,288504.48630430776
2024-11-09 12:00:00+00:00,288072.17830727977
2024-11-09 16:00:00+00:00,286644.13840727974
2024-11-09 20:00:00+00:00,285675.4754291998
2024-11-10 00:00:00+00:00,289616.2827194019
2024-11-10 04:00:00+00:00,293917.19147724955
2024-11-10 08:00:00+00:00,307430.6137062223
2024-11-10 12:00:00+00:00,315916.1852041197
2024-11-10 16:00:00+00:00,314449.63820411975
2024-11-10 20:00:00+00:00,323374.6247949086
2024-11-11 00:00:00+00:00,323374.6247949086
2024-11-11 04:00:00+00:00,323374.6247949086
2024-11-11 08:00:00+00:00,323374.6247949086
2024-11-11 12:00:00+00:00,332350.81810716336
2024-11-11 16:00:00+00:00,349772.2387118124
2024-11-11 20:00:00+00:00,368235.6908537864
2024-11-12 00:00:00+00:00,391034.3079785447
2024-11-12 04:00:00+00:00,385499.4605442714
2024-11-12 08:00:00+00:00,393940.4465355595
2024-11-12 12:00:00+00:00,377111.9803017648
2024-11-12 16:00:00+00:00,375466.8843679432
2024-11-12 20:00:00+00:00,387857.1700210199
2024-11-13 00:00:00+00:00,386314.3092832502
2024-11-13 04:00:00+00:00,381695.95399389643
2024-11-13 08:00:00+00:00,383087.12378166546
2024-11-13 12:00:00+00:00,384874.65450936626
2024-11-13 16:00:00+00:00,412569.5890093663
2024-11-13 20:00:00+00:00,394053.0529826961
2024-11-14 00:00:00+00:00,394990.42663388146
2024-11-14 04:00:00+00:00,392671.12035071355
2024-11-14 08:00:00+00:00,397119.93795071356
2024-11-14 12:00:00+00:00,400907.1885725435
2024-11-14 16:00:00+00:00,381992.5209718985
2024-11-14 20:00:00+00:00,384095.15774724336
2024-11-15 00:00:00+00:00,380865.1563423986
2024-11-15 04:00:00+00:00,382189.8405035377
2024-11-15 08:00:00+00:00,381335.20705406996
2024-11-15 12:00:00+00:00,384526.98606870574
2024-11-15 16:00:00+00:00,382537.9904687057
2024-11-15 20:00:00+00:00,385464.3968878133
2024-11-16 00:00:00+00:00,386489.76448781334
2024-11-16 04:00:00+00:00,386800.9022590933
2024-11-16 08:00:00+00:00,386625.14550891565
2024-11-16 12:00:00+00:00,386717.93974231463
2024-11-16 16:00:00+00:00,385700.8998970083
2024-11-16 20:00:00+00:00,386582.1054204745
2024-11-17 00:00:00+00:00,385725.7369070549
2024-11-17 04:00:00+00:00,385223.860965556
2024-11-17 08:00:00+00:00,385694.35834849166
2024-11-17 12:00:00+00:00,385898.9730642125
2024-11-17 16:00:00+00:00,385235.8920438117
2024-11-17 20:00:00+00:00,384885.2906925351
2024-11-18 00:00:00+00:00,384580.69642147084
2024-11-18 04:00:00+00:00,384512.6118564498
2024-11-18 08:00:00+00:00,384512.6118564498
2024-11-18 12:00:00+00:00,374831.7920051502
2024-11-18 16:00:00+00:00,378618.60765771696
2024-11-18 20:00:00+00:00,378539.1442661025
2024-11-19 00:00:00+00:00,378539.1442661025
2024-11-19 04:00:00+00:00,378539.1442661025
2024-11-19 08:00:00+00:00,378539.1442661025
2024-11-19 12:00:00+00:00,378539.1442661025
2024-11-19 16:00:00+00:00,378539.1442661025
2024-11-19 20:00:00+00:00,378539.1442661025
2024-11-20 00:00:00+00:00,378539.1442661025
2024-11-20 04:00:00+00:00,378539.1442661025
2024-11-20 08:00:00+00:00,378539.1442661025
2024-11-20 12:00:00+00:00,378539.1442661025
2024-11-20 16:00:00+00:00,378539.1442661025
2024-11-20 20:00:00+00:00,378539.1442661025
2024-11-21 00:00:00+00:00,378539.1442661025
2024-11-21 04:00:00+00:00,378539.1442661025
2024-11-21 08:00:00+00:00,378539.1442661025
2024-11-21 12:00:00+00:00,378539.1442661025
2024-11-21 16:00:00+00:00,369705.8070212872
2024-11-21 20:00:00+00:00,377774.6910614509
2024-11-22 00:00:00+00:00,380800.0816016962
2024-11-22 04:00:00+00:00,384187.1352917587
2024-11-22 08:00:00+00:00,386538.4509078873
2024-11-22 12:00:00+00:00,384249.2088263613
2024-11-22 16:00:00+00:00,382894.42344297096
2024-11-22 20:00:00+00:00,385469.69563562016
2024-11-23 00:00:00+00:00,384256.00831450423
2024-11-23 04:00:00+00:00,382768.90338968724
2024-11-23 08:00:00+00:00,382090.2743321616
2024-11-23 12:00:00+00:00,381172.19199797726
2024-11-23 16:00:00+00:00,380876.0639979773
2024-11-23 20:00:00+00:00,375102.60841197724
2024-11-24 00:00:00+00:00,376180.69941197726
2024-11-24 04:00:00+00:00,379654.4358564773
2024-11-24 08:00:00+00:00,381129.51103344496
2024-11-24 12:00:00+00:00,373447.6246229343
2024-11-24 16:00:00+00:00,369925.848984118
2024-11-24 20:00:00+00:00,369757.1031689158
2024-11-25 00:00:00+00:00,369757.1031689158
2024-11-25 04:00:00+00:00,369697.3945562378
2024-11-25 08:00:00+00:00,370100.6042768665
2024-11-25 12:00:00+00:00,370471.45839299186
2024-11-25 16:00:00+00:00,365158.14904514543
2024-11-25 20:00:00+00:00,365037.760892433
2024-11-26 00:00:00+00:00,365037.760892433
2024-11-26 04:00:00+00:00,365037.760892433
2024-11-26 08:00:00+00:00,365037.760892433
2024-11-26 12:00:00+00:00,365037.760892433
2024-11-26 16:00:00+00:00,365037.760892433
2024-11-26 20:00:00+00:00,365037.760892433
2024-11-27 00:00:00+00:00,365037.760892433
2024-11-27 04:00:00+00:00,365037.760892433
2024-11-27 08:00:00+00:00,365037.760892433
2024-11-27 12:00:00+00:00,365037.760892433
2024-11-27 16:00:00+00:00,365037.760892433
2024-11-27 20:00:00+00:00,367045.5114606963
2024-11-28 00:00:00+00:00,365592.18903069
2024-11-28 04:00:00+00:00,364835.27046822046
2024-11-28 08:00:00+00:00,364544.2484424785
2024-11-28 12:00:00+00:00,364801.70161930396
2024-11-28 16:00:00+00:00,363948.129162917
2024-11-28 20:00:00+00:00,364177.59140437644
2024-11-29 00:00:00+00:00,364094.88132311584
2024-11-29 04:00:00+00:00,364094.88132311584
2024-11-29 08:00:00+00:00,364094.88132311584
2024-11-29 12:00:00+00:00,364094.88132311584
2024-11-29 16:00:00+00:00,364094.88132311584
2024-11-29 20:00:00+00:00,364094.88132311584
2024-11-30 00:00:00+00:00,364094.88132311584
2024-11-30 04:00:00+00:00,364094.88132311584
2024-11-30 08:00:00+00:00,364094.88132311584
2024-11-30 12:00:00+00:00,364094.88132311584
2024-11-30 16:00:00+00:00,364094.88132311584
2024-11-30 20:00:00+00:00,364094.88132311584
2024-12-01 00:00:00+00:00,364094.88132311584
2024-12-01 04:00:00+00:00,364094.88132311584
2024-12-01 08:00:00+00:00,364094.88132311584
2024-12-01 12:00:00+00:00,364094.88132311584
2024-12-01 16:00:00+00:00,364094.88132311584
2024-12-01 20:00:00+00:00,364094.88132311584
2024-12-02 00:00:00+00:00,364094.88132311584
2024-12-02 04:00:00+00:00,364094.88132311584
2024-12-02 08:00:00+00:00,364094.88132311584
2024-12-02 12:00:00+00:00,364094.88132311584
2024-12-02 16:00:00+00:00,364094.88132311584
2024-12-02 20:00:00+00:00,364094.88132311584
2024-12-03 00:00:00+00:00,364094.88132311584
2024-12-03 04:00:00+00:00,364094.88132311584
2024-12-03 08:00:00+00:00,364094.88132311584
2024-12-03 12:00:00+00:00,364094.88132311584
2024-12-03 16:00:00+00:00,364094.88132311584
2024-12-03 20:00:00+00:00,364094.88132311584
2024-12-04 00:00:00+00:00,364094.88132311584
2024-12-04 04:00:00+00:00,364094.88132311584
2024-12-04 08:00:00+00:00,364094.88132311584
2024-12-04 12:00:00+00:00,364094.88132311584
2024-12-04 16:00:00+00:00,364094.88132311584
2024-12-04 20:00:00+00:00,364094.88132311584
2024-12-05 00:00:00+00:00,364094.88132311584
2024-12-05 04:00:00+00:00,364094.88132311584
2024-12-05 08:00:00+00:00,364094.88132311584
2024-12-05 12:00:00+00:00,364094.88132311584
2024-12-05 16:00:00+00:00,364094.88132311584
2024-12-05 20:00:00+00:00,364094.88132311584
2024-12-06 00:00:00+00:00,364094.88132311584
2024-12-06 04:00:00+00:00,364094.88132311584
2024-12-06 08:00:00+00:00,364094.88132311584
2024-12-06 12:00:00+00:00,364094.88132311584
2024-12-06 16:00:00+00:00,364094.88132311584
2024-12-06 20:00:00+00:00,364094.88132311584
2024-12-07 00:00:00+00:00,364094.88132311584
2024-12-07 04:00:00+00:00,364094.88132311584
2024-12-07 08:00:00+00:00,364094.88132311584
2024-12-07 12:00:00+00:00,364094.88132311584
2024-12-07 16:00:00+00:00,364094.88132311584
2024-12-07 20:00:00+00:00,364094.88132311584
2024-12-08 00:00:00+00:00,364094.88132311584
2024-12-08 04:00:00+00:00,364094.88132311584
2024-12-08 08:00:00+00:00,364094.88132311584
2024-12-08 12:00:00+00:00,364094.88132311584
2024-12-08 16:00:00+00:00,364094.88132311584
2024-12-08 20:00:00+00:00,364094.88132311584
2024-12-09 00:00:00+00:00,364094.88132311584
2024-12-09 04:00:00+00:00,364094.88132311584
2024-12-09 08:00:00+00:00,364094.88132311584
2024-12-09 12:00:00+00:00,364094.88132311584
2024-12-09 16:00:00+00:00,364094.88132311584
2024-12-09 20:00:00+00:00,364094.88132311584
2024-12-10 00:00:00+00:00,364094.88132311584
2024-12-10 04:00:00+00:00,364094.88132311584
2024-12-10 08:00:00+00:00,364094.88132311584
2024-12-10 12:00:00+00:00,364094.88132311584
2024-12-10 16:00:00+00:00,364094.88132311584
2024-12-10 20:00:00+00:00,364094.88132311584
2024-12-11 00:00:00+00:00,364094.88132311584
2024-12-11 04:00:00+00:00,364094.88132311584
2024-12-11 08:00:00+00:00,364094.88132311584
2024-12-11 12:00:00+00:00,364094.88132311584
2024-12-11 16:00:00+00:00,364094.88132311584
2024-12-11 20:00:00+00:00,364094.88132311584
2024-12-12 00:00:00+00:00,364094.88132311584
2024-12-12 04:00:00+00:00,364094.88132311584
2024-12-12 08:00:00+00:00,364094.88132311584
2024-12-12 12:00:00+00:00,364094.88132311584
2024-12-12 16:00:00+00:00,364094.88132311584
2024-12-12 20:00:00+00:00,364094.88132311584
2024-12-13 00:00:00+00:00,364094.88132311584
2024-12-13 04:00:00+00:00,364094.88132311584
2024-12-13 08:00:00+00:00,364094.88132311584
2024-12-13 12:00:00+00:00,364094.88132311584
2024-12-13 16:00:00+00:00,364094.88132311584
2024-12-13 20:00:00+00:00,364094.88132311584
2024-12-14 00:00:00+00:00,364094.88132311584
2024-12-14 04:00:00+00:00,364094.88132311584
2024-12-14 08:00:00+00:00,364094.88132311584
2024-12-14 12:00:00+00:00,364094.88132311584
2024-12-14 16:00:00+00:00,364094.88132311584
2024-12-14 20:00:00+00:00,364094.88132311584
2024-12-15 00:00:00+00:00,364094.88132311584
2024-12-15 04:00:00+00:00,364094.88132311584
2024-12-15 08:00:00+00:00,364094.88132311584
2024-12-15 12:00:00+00:00,364094.88132311584
2024-12-15 16:00:00+00:00,364094.88132311584
2024-12-15 20:00:00+00:00,364094.88132311584
2024-12-16 00:00:00+00:00,364094.88132311584
2024-12-16 04:00:00+00:00,364094.88132311584
2024-12-16 08:00:00+00:00,364094.88132311584
2024-12-16 12:00:00+00:00,355252.98050372873
2024-12-16 16:00:00+00:00,360497.54612933396
2024-12-16 20:00:00+00:00,362335.0643234041
2024-12-17 00:00:00+00:00,358686.813650437
2024-12-17 04:00:00+00:00,364113.3954796206
2024-12-17 08:00:00+00:00,363871.7372693773
2024-12-17 12:00:00+00:00,363717.07618752157
2024-12-17 16:00:00+00:00,361399.33942929213
2024-12-17 20:00:00+00:00,361451.0810362474
2024-12-18 00:00:00+00:00,358905.3130549635
2024-12-18 04:00:00+00:00,349484.74155153875
2024-12-18 08:00:00+00:00,348234.37140360207
2024-12-18 12:00:00+00:00,348117.8409653378
2024-12-18 16:00:00+00:00,348117.8409653378
2024-12-18 20:00:00+00:00,345044.03077192284
2024-12-19 00:00:00+00:00,344895.9175158661
2024-12-19 04:00:00+00:00,344895.9175158661
2024-12-19 08:00:00+00:00,344895.9175158661
2024-12-19 12:00:00+00:00,344895.9175158661
2024-12-19 16:00:00+00:00,344895.9175158661
2024-12-19 20:00:00+00:00,344895.9175158661
2024-12-20 00:00:00+00:00,344895.9175158661
2024-12-20 04:00:00+00:00,344895.9175158661
2024-12-20 08:00:00+00:00,344895.9175158661
2024-12-20 12:00:00+00:00,344895.9175158661
2024-12-20 16:00:00+00:00,344895.9175158661
2024-12-20 20:00:00+00:00,344895.9175158661
2024-12-21 00:00:00+00:00,344895.9175158661
2024-12-21 04:00:00+00:00,344895.9175158661
2024-12-21 08:00:00+00:00,344895.9175158661
2024-12-21 12:00:00+00:00,344895.9175158661
2024-12-21 16:00:00+00:00,344895.9175158661
2024-12-21 20:00:00+00:00,344895.9175158661
2024-12-22 00:00:00+00:00,344895.9175158661
2024-12-22 04:00:00+00:00,344895.9175158661
2024-12-22 08:00:00+00:00,344895.9175158661
2024-12-22 12:00:00+00:00,344895.9175158661
2024-12-22 16:00:00+00:00,344895.9175158661
2024-12-22 20:00:00+00:00,344895.9175158661
2024-12-23 00:00:00+00:00,344895.9175158661
2024-12-23 04:00:00+00:00,344895.9175158661
2024-12-23 08:00:00+00:00,344895.9175158661
2024-12-23 12:00:00+00:00,344895.9175158661
2024-12-23 16:00:00+00:00,344895.9175158661
2024-12-23 20:00:00+00:00,344895.9175158661
2024-12-24 00:00:00+00:00,344895.9175158661
2024-12-24 04:00:00+00:00,344895.9175158661
2024-12-24 08:00:00+00:00,344895.9175158661
2024-12-24 12:00:00+00:00,344895.9175158661
2024-12-24 16:00:00+00:00,344895.9175158661
2024-12-24 20:00:00+00:00,344895.9175158661
2024-12-25 00:00:00+00:00,344895.9175158661
2024-12-25 04:00:00+00:00,344895.9175158661
2024-12-25 08:00:00+00:00,344895.9175158661
2024-12-25 12:00:00+00:00,344895.9175158661
2024-12-25 16:00:00+00:00,344895.9175158661
2024-12-25 20:00:00+00:00,344895.9175158661
2024-12-26 00:00:00+00:00,344895.9175158661
2024-12-26 04:00:00+00:00,344895.9175158661
2024-12-26 08:00:00+00:00,344895.9175158661
2024-12-26 12:00:00+00:00,344895.9175158661
2024-12-26 16:00:00+00:00,344895.9175158661
2024-12-26 20:00:00+00:00,344895.9175158661
2024-12-27 00:00:00+00:00,344895.9175158661
2024-12-27 04:00:00+00:00,344895.9175158661
2024-12-27 08:00:00+00:00,344895.9175158661
2024-12-27 12:00:00+00:00,344895.9175158661
2024-12-27 16:00:00+00:00,344895.9175158661
2024-12-27 20:00:00+00:00,344895.9175158661
2024-12-28 00:00:00+00:00,344895.9175158661
2024-12-28 04:00:00+00:00,344895.9175158661
2024-12-28 08:00:00+00:00,344895.9175158661
2024-12-28 12:00:00+00:00,344895.9175158661
2024-12-28 16:00:00+00:00,344895.9175158661
2024-12-28 20:00:00+00:00,344895.9175158661
2024-12-29 00:00:00+00:00,344895.9175158661
2024-12-29 04:00:00+00:00,344895.9175158661
2024-12-29 08:00:00+00:00,344895.9175158661
2024-12-29 12:00:00+00:00,344895.9175158661
2024-12-29 16:00:00+00:00,344895.9175158661
2024-12-29 20:00:00+00:00,344895.9175158661
2024-12-30 00:00:00+00:00,344895.9175158661
2024-12-30 04:00:00+00:00,344895.9175158661
2024-12-30 08:00:00+00:00,344895.9175158661
2024-12-30 12:00:00+00:00,344895.9175158661
2024-12-30 16:00:00+00:00,344895.9175158661
2024-12-30 20:00:00+00:00,344895.9175158661
2024-12-31 00:00:00+00:00,344895.9175158661
2024-12-31 04:00:00+00:00,344895.9175158661
2024-12-31 08:00:00+00:00,344895.9175158661
2024-12-31 12:00:00+00:00,344895.9175158661
2024-12-31 16:00:00+00:00,344895.9175158661
2024-12-31 20:00:00+00:00,344895.9175158661
2025-01-01 00:00:00+00:00,344895.9175158661
2025-01-01 04:00:00+00:00,344895.9175158661
2025-01-01 08:00:00+00:00,344895.9175158661
2025-01-01 12:00:00+00:00,344895.9175158661
2025-01-01 16:00:00+00:00,344895.9175158661
2025-01-01 20:00:00+00:00,344895.9175158661
2025-01-02 00:00:00+00:00,344895.9175158661
2025-01-02 04:00:00+00:00,344895.9175158661
2025-01-02 08:00:00+00:00,344895.9175158661
2025-01-02 12:00:00+00:00,344895.9175158661
2025-01-02 16:00:00+00:00,344895.9175158661
2025-01-02 20:00:00+00:00,344895.9175158661
2025-01-03 00:00:00+00:00,344895.9175158661
2025-01-03 04:00:00+00:00,344895.9175158661
2025-01-03 08:00:00+00:00,344895.9175158661
2025-01-03 12:00:00+00:00,344895.9175158661
2025-01-03 16:00:00+00:00,344895.9175158661
2025-01-03 20:00:00+00:00,344895.9175158661
2025-01-04 00:00:00+00:00,344895.9175158661
2025-01-04 04:00:00+00:00,344895.9175158661
2025-01-04 08:00:00+00:00,344895.9175158661
2025-01-04 12:00:00+00:00,344895.9175158661
2025-01-04 16:00:00+00:00,344895.9175158661
2025-01-04 20:00:00+00:00,344895.9175158661
2025-01-05 00:00:00+00:00,344895.9175158661
2025-01-05 04:00:00+00:00,344895.9175158661
2025-01-05 08:00:00+00:00,344895.9175158661
2025-01-05 12:00:00+00:00,344895.9175158661
2025-01-05 16:00:00+00:00,344895.9175158661
2025-01-05 20:00:00+00:00,345022.0431615901
2025-01-06 00:00:00+00:00,347900.3661615901
2025-01-06 04:00:00+00:00,354447.25593610364
2025-01-06 08:00:00+00:00,357261.0936753002
2025-01-06 12:00:00+00:00,356551.76256330014
2025-01-06 16:00:00+00:00,385349.12086369586
2025-01-06 20:00:00+00:00,381087.3254756846
2025-01-07 00:00:00+00:00,386487.90639709384
2025-01-07 04:00:00+00:00,379577.4621242868
2025-01-07 08:00:00+00:00,379317.891975051
2025-01-07 12:00:00+00:00,368007.62970563787
2025-01-07 16:00:00+00:00,349659.19872234826
2025-01-07 20:00:00+00:00,349659.19872234826
2025-01-08 00:00:00+00:00,349659.19872234826
2025-01-08 04:00:00+00:00,349659.19872234826
2025-01-08 08:00:00+00:00,349659.19872234826
2025-01-08 12:00:00+00:00,349659.19872234826
2025-01-08 16:00:00+00:00,349659.19872234826
2025-01-08 20:00:00+00:00,349659.19872234826
2025-01-09 00:00:00+00:00,349659.19872234826
2025-01-09 04:00:00+00:00,349659.19872234826
2025-01-09 08:00:00+00:00,349659.19872234826
2025-01-09 12:00:00+00:00,349659.19872234826
2025-01-09 16:00:00+00:00,349659.19872234826
2025-01-09 20:00:00+00:00,349659.19872234826
2025-01-10 00:00:00+00:00,349659.19872234826
2025-01-10 04:00:00+00:00,349659.19872234826
2025-01-10 08:00:00+00:00,349659.19872234826
2025-01-10 12:00:00+00:00,349659.19872234826
2025-01-10 16:00:00+00:00,349659.19872234826
2025-01-10 20:00:00+00:00,349659.19872234826
2025-01-11 00:00:00+00:00,349659.19872234826
2025-01-11 04:00:00+00:00,349659.19872234826
2025-01-11 08:00:00+00:00,349659.19872234826
2025-01-11 12:00:00+00:00,349659.19872234826
2025-01-11 16:00:00+00:00,349659.19872234826
2025-01-11 20:00:00+00:00,349659.19872234826
2025-01-12 00:00:00+00:00,349659.19872234826
2025-01-12 04:00:00+00:00,349659.19872234826
2025-01-12 08:00:00+00:00,349659.19872234826
2025-01-12 12:00:00+00:00,349659.19872234826
2025-01-12 16:00:00+00:00,349659.19872234826
2025-01-12 20:00:00+00:00,349659.19872234826
2025-01-13 00:00:00+00:00,349659.19872234826
2025-01-13 04:00:00+00:00,349659.19872234826
2025-01-13 08:00:00+00:00,349659.19872234826
2025-01-13 12:00:00+00:00,349659.19872234826
2025-01-13 16:00:00+00:00,349659.19872234826
2025-01-13 20:00:00+00:00,349659.19872234826
2025-01-14 00:00:00+00:00,349659.19872234826
2025-01-14 04:00:00+00:00,349659.19872234826
2025-01-14 08:00:00+00:00,349659.19872234826
2025-01-14 12:00:00+00:00,349659.19872234826
2025-01-14 16:00:00+00:00,349659.19872234826
2025-01-14 20:00:00+00:00,349659.19872234826
2025-01-15 00:00:00+00:00,349659.19872234826
2025-01-15 04:00:00+00:00,349659.19872234826
2025-01-15 08:00:00+00:00,349659.19872234826
2025-01-15 12:00:00+00:00,349659.19872234826
2025-01-15 16:00:00+00:00,349659.19872234826
2025-01-15 20:00:00+00:00,349659.19872234826
2025-01-16 00:00:00+00:00,349659.19872234826
2025-01-16 04:00:00+00:00,349659.19872234826
2025-01-16 08:00:00+00:00,349659.19872234826
2025-01-16 12:00:00+00:00,345281.96732503106
2025-01-16 16:00:00+00:00,346309.04239756556
2025-01-16 20:00:00+00:00,353942.0511448117
2025-01-17 00:00:00+00:00,350864.89135765354
2025-01-17 04:00:00+00:00,358130.59558691503
2025-01-17 08:00:00+00:00,360872.599786915
2025-01-17 12:00:00+00:00,366159.75716425467
2025-01-17 16:00:00+00:00,378009.5509559441
2025-01-17 20:00:00+00:00,390573.30744139006
2025-01-18 00:00:00+00:00,373755.7488720861
2025-01-18 04:00:00+00:00,370009.6977150255
2025-01-18 08:00:00+00:00,364785.02235933696
2025-01-18 12:00:00+00:00,370051.69862216845
2025-01-18 16:00:00+00:00,376948.09381838155
2025-01-18 20:00:00+00:00,375566.82390294434
2025-01-19 00:00:00+00:00,376858.8612573993
2025-01-19 04:00:00+00:00,379735.1087848695
2025-01-19 08:00:00+00:00,381094.7312517916
2025-01-19 12:00:00+00:00,375447.13974986674
2025-01-19 16:00:00+00:00,379730.5841428535
2025-01-19 20:00:00+00:00,388413.3459093789
2025-01-20 00:00:00+00:00,356048.8225412465
2025-01-20 04:00:00+00:00,356048.8225412465
2025-01-20 08:00:00+00:00,356048.8225412465
2025-01-20 12:00:00+00:00,357563.3223144363
2025-01-20 16:00:00+00:00,352970.14445126086
2025-01-20 20:00:00+00:00,348315.0361206863
2025-01-21 00:00:00+00:00,348315.0361206863
2025-01-21 04:00:00+00:00,348315.0361206863
2025-01-21 08:00:00+00:00,348315.0361206863
2025-01-21 12:00:00+00:00,348315.0361206863
2025-01-21 16:00:00+00:00,348315.0361206863
2025-01-21 20:00:00+00:00,348315.0361206863
2025-01-22 00:00:00+00:00,347286.6859308539
2025-01-22 04:00:00+00:00,346656.88881173386
2025-01-22 08:00:00+00:00,346041.6503117339
2025-01-22 12:00:00+00:00,346032.3761279939
2025-01-22 16:00:00+00:00,345999.75433009176
2025-01-22 20:00:00+00:00,345999.75433009176
2025-01-23 00:00:00+00:00,345999.75433009176
2025-01-23 04:00:00+00:00,345999.75433009176
2025-01-23 08:00:00+00:00,345999.75433009176
2025-01-23 12:00:00+00:00,345999.75433009176
2025-01-23 16:00:00+00:00,345999.75433009176
2025-01-23 20:00:00+00:00,345999.75433009176
2025-01-24 00:00:00+00:00,345999.75433009176
2025-01-24 04:00:00+00:00,345999.75433009176
2025-01-24 08:00:00+00:00,345999.75433009176
2025-01-24 12:00:00+00:00,345999.75433009176
2025-01-24 16:00:00+00:00,345999.75433009176
2025-01-24 20:00:00+00:00,345999.75433009176
2025-01-25 00:00:00+00:00,345999.75433009176
2025-01-25 04:00:00+00:00,345999.75433009176
2025-01-25 08:00:00+00:00,345999.75433009176
2025-01-25 12:00:00+00:00,345999.75433009176
2025-01-25 16:00:00+00:00,345999.75433009176
2025-01-25 20:00:00+00:00,345999.75433009176
2025-01-26 00:00:00+00:00,345999.75433009176
2025-01-26 04:00:00+00:00,345999.75433009176
2025-01-26 08:00:00+00:00,345999.75433009176
2025-01-26 12:00:00+00:00,345999.75433009176
2025-01-26 16:00:00+00:00,345999.75433009176
2025-01-26 20:00:00+00:00,345999.75433009176
2025-01-27 00:00:00+00:00,345999.75433009176
2025-01-27 04:00:00+00:00,345999.75433009176
2025-01-27 08:00:00+00:00,345999.75433009176
2025-01-27 12:00:00+00:00,345999.75433009176
2025-01-27 16:00:00+00:00,348182.5920402659
2025-01-27 20:00:00+00:00,347831.55866935285
2025-01-28 00:00:00+00:00,348345.9180305905
2025-01-28 04:00:00+00:00,348462.6373254317
2025-01-28 08:00:00+00:00,348498.701588994
2025-01-28 12:00:00+00:00,348491.6136183206
2025-01-28 16:00:00+00:00,348494.04456644744
2025-01-28 20:00:00+00:00,348178.62699764164
2025-01-29 00:00:00+00:00,347228.8639807488
2025-01-29 04:00:00+00:00,347841.6010558877
2025-01-29 08:00:00+00:00,348475.5530558877
2025-01-29 12:00:00+00:00,348350.9694054877
2025-01-29 16:00:00+00:00,347778.8668757109
2025-01-29 20:00:00+00:00,349163.2602351285
2025-01-30 00:00:00+00:00,349152.3085517159
2025-01-30 04:00:00+00:00,349152.3085517159
2025-01-30 08:00:00+00:00,349152.3085517159
2025-01-30 12:00:00+00:00,349152.3085517159
2025-01-30 16:00:00+00:00,349152.3085517159
2025-01-30 20:00:00+00:00,349152.3085517159
2025-01-31 00:00:00+00:00,349152.3085517159
2025-01-31 04:00:00+00:00,349152.3085517159
2025-01-31 08:00:00+00:00,349152.3085517159
2025-01-31 12:00:00+00:00,349152.3085517159
2025-01-31 16:00:00+00:00,349152.3085517159
2025-01-31 20:00:00+00:00,349152.3085517159
2025-02-01 00:00:00+00:00,349152.3085517159
2025-02-01 04:00:00+00:00,349152.3085517159
2025-02-01 08:00:00+00:00,349152.3085517159
2025-02-01 12:00:00+00:00,349152.3085517159
2025-02-01 16:00:00+00:00,349152.3085517159
2025-02-01 20:00:00+00:00,349152.3085517159
2025-02-02 00:00:00+00:00,349152.3085517159
2025-02-02 04:00:00+00:00,349152.3085517159
2025-02-02 08:00:00+00:00,349152.3085517159
2025-02-02 12:00:00+00:00,349152.3085517159
2025-02-02 16:00:00+00:00,349152.3085517159
2025-02-02 20:00:00+00:00,349152.3085517159
2025-02-03 00:00:00+00:00,349152.3085517159
2025-02-03 04:00:00+00:00,349152.3085517159
2025-02-03 08:00:00+00:00,349152.3085517159
2025-02-03 12:00:00+00:00,349152.3085517159
2025-02-03 16:00:00+00:00,349152.3085517159
2025-02-03 20:00:00+00:00,349152.3085517159
2025-02-04 00:00:00+00:00,349152.3085517159
2025-02-04 04:00:00+00:00,349152.3085517159
2025-02-04 08:00:00+00:00,349152.3085517159
2025-02-04 12:00:00+00:00,349152.3085517159
2025-02-04 16:00:00+00:00,349152.3085517159
2025-02-04 20:00:00+00:00,349152.3085517159
2025-02-05 00:00:00+00:00,349152.3085517159
2025-02-05 04:00:00+00:00,349152.3085517159
2025-02-05 08:00:00+00:00,349152.3085517159
2025-02-05 12:00:00+00:00,349152.3085517159
2025-02-05 16:00:00+00:00,349152.3085517159
2025-02-05 20:00:00+00:00,349152.3085517159
2025-02-06 00:00:00+00:00,349152.3085517159
2025-02-06 04:00:00+00:00,349152.3085517159
2025-02-06 08:00:00+00:00,349152.3085517159
2025-02-06 12:00:00+00:00,349152.3085517159
2025-02-06 16:00:00+00:00,349152.3085517159
2025-02-06 20:00:00+00:00,349152.3085517159
2025-02-07 00:00:00+00:00,349152.3085517159
2025-02-07 04:00:00+00:00,349152.3085517159
2025-02-07 08:00:00+00:00,349152.3085517159
2025-02-07 12:00:00+00:00,349152.3085517159
2025-02-07 16:00:00+00:00,349152.3085517159
2025-02-07 20:00:00+00:00,349152.3085517159
2025-02-08 00:00:00+00:00,349152.3085517159
2025-02-08 04:00:00+00:00,349152.3085517159
2025-02-08 08:00:00+00:00,349152.3085517159
2025-02-08 12:00:00+00:00,349152.3085517159
2025-02-08 16:00:00+00:00,349152.3085517159
2025-02-08 20:00:00+00:00,349152.3085517159
2025-02-09 00:00:00+00:00,349152.3085517159
2025-02-09 04:00:00+00:00,349152.3085517159
2025-02-09 08:00:00+00:00,349152.3085517159
2025-02-09 12:00:00+00:00,349152.3085517159
2025-02-09 16:00:00+00:00,349152.3085517159
2025-02-09 20:00:00+00:00,349152.3085517159
2025-02-10 00:00:00+00:00,349152.3085517159
2025-02-10 04:00:00+00:00,349152.3085517159
2025-02-10 08:00:00+00:00,349152.3085517159
2025-02-10 12:00:00+00:00,349152.3085517159
2025-02-10 16:00:00+00:00,349152.3085517159
2025-02-10 20:00:00+00:00,349152.3085517159
2025-02-11 00:00:00+00:00,349152.3085517159
2025-02-11 04:00:00+00:00,349152.3085517159
2025-02-11 08:00:00+00:00,349152.3085517159
2025-02-11 12:00:00+00:00,349152.3085517159
2025-02-11 16:00:00+00:00,349152.3085517159
2025-02-11 20:00:00+00:00,349152.3085517159
2025-02-12 00:00:00+00:00,349152.3085517159
2025-02-12 04:00:00+00:00,349152.3085517159
2025-02-12 08:00:00+00:00,349152.3085517159
2025-02-12 12:00:00+00:00,349152.3085517159
2025-02-12 16:00:00+00:00,349152.3085517159
2025-02-12 20:00:00+00:00,349152.3085517159
2025-02-13 00:00:00+00:00,349152.3085517159
2025-02-13 04:00:00+00:00,349152.3085517159
2025-02-13 08:00:00+00:00,349152.3085517159
2025-02-13 12:00:00+00:00,349152.3085517159
2025-02-13 16:00:00+00:00,349152.3085517159
2025-02-13 20:00:00+00:00,349152.3085517159
2025-02-14 00:00:00+00:00,349152.3085517159
2025-02-14 04:00:00+00:00,349152.3085517159
2025-02-14 08:00:00+00:00,349152.3085517159
2025-02-14 12:00:00+00:00,349152.3085517159
2025-02-14 16:00:00+00:00,349152.3085517159
2025-02-14 20:00:00+00:00,349152.3085517159
2025-02-15 00:00:00+00:00,349152.3085517159
2025-02-15 04:00:00+00:00,349152.3085517159
2025-02-15 08:00:00+00:00,349152.3085517159
2025-02-15 12:00:00+00:00,349152.3085517159
2025-02-15 16:00:00+00:00,349152.3085517159
2025-02-15 20:00:00+00:00,349152.3085517159
2025-02-16 00:00:00+00:00,349152.3085517159
2025-02-16 04:00:00+00:00,349152.3085517159
2025-02-16 08:00:00+00:00,349152.3085517159
2025-02-16 12:00:00+00:00,349152.3085517159
2025-02-16 16:00:00+00:00,349152.3085517159
2025-02-16 20:00:00+00:00,349152.3085517159
2025-02-17 00:00:00+00:00,349152.3085517159
2025-02-17 04:00:00+00:00,349152.3085517159
2025-02-17 08:00:00+00:00,349152.3085517159
2025-02-17 12:00:00+00:00,349152.3085517159
2025-02-17 16:00:00+00:00,349152.3085517159
2025-02-17 20:00:00+00:00,349152.3085517159
2025-02-18 00:00:00+00:00,349152.3085517159
2025-02-18 04:00:00+00:00,349152.3085517159
2025-02-18 08:00:00+00:00,349152.3085517159
2025-02-18 12:00:00+00:00,349152.3085517159
2025-02-18 16:00:00+00:00,349152.3085517159
2025-02-18 20:00:00+00:00,349152.3085517159
2025-02-19 00:00:00+00:00,349152.3085517159
2025-02-19 04:00:00+00:00,349152.3085517159
2025-02-19 08:00:00+00:00,349152.3085517159
2025-02-19 12:00:00+00:00,349152.3085517159
2025-02-19 16:00:00+00:00,349152.3085517159
2025-02-19 20:00:00+00:00,349152.3085517159
2025-02-20 00:00:00+00:00,349152.3085517159
2025-02-20 04:00:00+00:00,349152.3085517159
2025-02-20 08:00:00+00:00,349152.3085517159
2025-02-20 12:00:00+00:00,349152.3085517159
2025-02-20 16:00:00+00:00,349152.3085517159
2025-02-20 20:00:00+00:00,349152.3085517159
2025-02-21 00:00:00+00:00,349152.3085517159
2025-02-21 04:00:00+00:00,349152.3085517159
2025-02-21 08:00:00+00:00,349152.3085517159
2025-02-21 12:00:00+00:00,349152.3085517159
2025-02-21 16:00:00+00:00,349152.3085517159
2025-02-21 20:00:00+00:00,349152.3085517159
2025-02-22 00:00:00+00:00,349152.3085517159
2025-02-22 04:00:00+00:00,349152.3085517159
2025-02-22 08:00:00+00:00,349152.3085517159
2025-02-22 12:00:00+00:00,349152.3085517159
2025-02-22 16:00:00+00:00,349152.3085517159
2025-02-22 20:00:00+00:00,349152.3085517159
2025-02-23 00:00:00+00:00,349152.3085517159
2025-02-23 04:00:00+00:00,349152.3085517159
2025-02-23 08:00:00+00:00,349152.3085517159
2025-02-23 12:00:00+00:00,349152.3085517159
2025-02-23 16:00:00+00:00,349152.3085517159
2025-02-23 20:00:00+00:00,349152.3085517159
2025-02-24 00:00:00+00:00,349152.3085517159
2025-02-24 04:00:00+00:00,349152.3085517159
2025-02-24 08:00:00+00:00,349152.3085517159
2025-02-24 12:00:00+00:00,349152.3085517159
2025-02-24 16:00:00+00:00,349152.3085517159
2025-02-24 20:00:00+00:00,349152.3085517159
2025-02-25 00:00:00+00:00,349152.3085517159
2025-02-25 04:00:00+00:00,349152.3085517159
2025-02-25 08:00:00+00:00,349152.3085517159
2025-02-25 12:00:00+00:00,349152.3085517159
2025-02-25 16:00:00+00:00,349152.3085517159
2025-02-25 20:00:00+00:00,349152.3085517159
2025-02-26 00:00:00+00:00,349152.3085517159
2025-02-26 04:00:00+00:00,349152.3085517159
2025-02-26 08:00:00+00:00,349152.3085517159
2025-02-26 12:00:00+00:00,349152.3085517159
2025-02-26 16:00:00+00:00,349152.3085517159
2025-02-26 20:00:00+00:00,349152.3085517159
2025-02-27 00:00:00+00:00,349152.3085517159
2025-02-27 04:00:00+00:00,349152.3085517159
2025-02-27 08:00:00+00:00,349152.3085517159
2025-02-27 12:00:00+00:00,349152.3085517159
2025-02-27 16:00:00+00:00,349152.3085517159
2025-02-27 20:00:00+00:00,349152.3085517159
2025-02-28 00:00:00+00:00,349152.3085517159
2025-02-28 04:00:00+00:00,349152.3085517159
2025-02-28 08:00:00+00:00,349152.3085517159
2025-02-28 12:00:00+00:00,349152.3085517159
2025-02-28 16:00:00+00:00,349152.3085517159
2025-02-28 20:00:00+00:00,349152.3085517159
2025-03-01 00:00:00+00:00,349152.3085517159
2025-03-01 04:00:00+00:00,349152.3085517159
2025-03-01 08:00:00+00:00,349152.3085517159
2025-03-01 12:00:00+00:00,349152.3085517159
2025-03-01 16:00:00+00:00,349152.3085517159
2025-03-01 20:00:00+00:00,349152.3085517159
2025-03-02 00:00:00+00:00,349152.3085517159
2025-03-02 04:00:00+00:00,349152.3085517159
2025-03-02 08:00:00+00:00,349152.3085517159
2025-03-02 12:00:00+00:00,349152.3085517159
2025-03-02 16:00:00+00:00,349152.3085517159
2025-03-02 20:00:00+00:00,349152.3085517159
2025-03-03 00:00:00+00:00,349152.3085517159
2025-03-03 04:00:00+00:00,349152.3085517159
2025-03-03 08:00:00+00:00,349152.3085517159
2025-03-03 12:00:00+00:00,349152.3085517159
2025-03-03 16:00:00+00:00,349152.3085517159
2025-03-03 20:00:00+00:00,349152.3085517159
2025-03-04 00:00:00+00:00,349152.3085517159
2025-03-04 04:00:00+00:00,349152.3085517159
2025-03-04 08:00:00+00:00,349152.3085517159
2025-03-04 12:00:00+00:00,349152.3085517159
2025-03-04 16:00:00+00:00,349152.3085517159
2025-03-04 20:00:00+00:00,349152.3085517159
2025-03-05 00:00:00+00:00,349152.3085517159
2025-03-05 04:00:00+00:00,349152.3085517159
2025-03-05 08:00:00+00:00,349152.3085517159
2025-03-05 12:00:00+00:00,349152.3085517159
2025-03-05 16:00:00+00:00,349152.3085517159
2025-03-05 20:00:00+00:00,349152.3085517159
2025-03-06 00:00:00+00:00,349152.3085517159
2025-03-06 04:00:00+00:00,349152.3085517159
2025-03-06 08:00:00+00:00,349152.3085517159
2025-03-06 12:00:00+00:00,349152.3085517159
2025-03-06 16:00:00+00:00,349152.3085517159
2025-03-06 20:00:00+00:00,349152.3085517159
2025-03-07 00:00:00+00:00,349152.3085517159
2025-03-07 04:00:00+00:00,349152.3085517159
2025-03-07 08:00:00+00:00,349152.3085517159
2025-03-07 12:00:00+00:00,349152.3085517159
2025-03-07 16:00:00+00:00,349152.3085517159
2025-03-07 20:00:00+00:00,349152.3085517159
2025-03-08 00:00:00+00:00,349152.3085517159
2025-03-08 04:00:00+00:00,349152.3085517159
2025-03-08 08:00:00+00:00,349152.3085517159
2025-03-08 12:00:00+00:00,349152.3085517159
2025-03-08 16:00:00+00:00,349152.3085517159
2025-03-08 20:00:00+00:00,349152.3085517159
2025-03-09 00:00:00+00:00,349152.3085517159
2025-03-09 04:00:00+00:00,349152.3085517159
2025-03-09 08:00:00+00:00,349152.3085517159
2025-03-09 12:00:00+00:00,349152.3085517159
2025-03-09 16:00:00+00:00,349152.3085517159
2025-03-09 20:00:00+00:00,349152.3085517159
2025-03-10 00:00:00+00:00,349152.3085517159
2025-03-10 04:00:00+00:00,349152.3085517159
2025-03-10 08:00:00+00:00,349152.3085517159
2025-03-10 12:00:00+00:00,349152.3085517159
2025-03-10 16:00:00+00:00,349152.3085517159
2025-03-10 20:00:00+00:00,349152.3085517159
2025-03-11 00:00:00+00:00,349152.3085517159
2025-03-11 04:00:00+00:00,349152.3085517159
2025-03-11 08:00:00+00:00,349152.3085517159
2025-03-11 12:00:00+00:00,349152.3085517159
2025-03-11 16:00:00+00:00,349152.3085517159
2025-03-11 20:00:00+00:00,349152.3085517159
2025-03-12 00:00:00+00:00,349152.3085517159
2025-03-12 04:00:00+00:00,349152.3085517159
2025-03-12 08:00:00+00:00,349152.3085517159
2025-03-12 12:00:00+00:00,349152.3085517159
2025-03-12 16:00:00+00:00,349152.3085517159
2025-03-12 20:00:00+00:00,349152.3085517159
2025-03-13 00:00:00+00:00,349152.3085517159
2025-03-13 04:00:00+00:00,349152.3085517159
2025-03-13 08:00:00+00:00,349152.3085517159
2025-03-13 12:00:00+00:00,349152.3085517159
2025-03-13 16:00:00+00:00,349152.3085517159
2025-03-13 20:00:00+00:00,349152.3085517159
2025-03-14 00:00:00+00:00,349152.3085517159
2025-03-14 04:00:00+00:00,349152.3085517159
2025-03-14 08:00:00+00:00,349152.3085517159
2025-03-14 12:00:00+00:00,349152.3085517159
2025-03-14 16:00:00+00:00,349152.3085517159
2025-03-14 20:00:00+00:00,349152.3085517159
2025-03-15 00:00:00+00:00,349152.3085517159
2025-03-15 04:00:00+00:00,349152.3085517159
2025-03-15 08:00:00+00:00,349152.3085517159
2025-03-15 12:00:00+00:00,349152.3085517159
2025-03-15 16:00:00+00:00,349152.3085517159
2025-03-15 20:00:00+00:00,349152.3085517159
2025-03-16 00:00:00+00:00,349152.3085517159
2025-03-16 04:00:00+00:00,349152.3085517159
2025-03-16 08:00:00+00:00,349152.3085517159
2025-03-16 12:00:00+00:00,349152.3085517159
2025-03-16 16:00:00+00:00,349152.3085517159
2025-03-16 20:00:00+00:00,349152.3085517159
2025-03-17 00:00:00+00:00,349152.3085517159
2025-03-17 04:00:00+00:00,349152.3085517159
2025-03-17 08:00:00+00:00,349152.3085517159
2025-03-17 12:00:00+00:00,349152.3085517159
2025-03-17 16:00:00+00:00,349152.3085517159
2025-03-17 20:00:00+00:00,349152.3085517159
2025-03-18 00:00:00+00:00,349152.3085517159
2025-03-18 04:00:00+00:00,349152.3085517159
2025-03-18 08:00:00+00:00,349152.3085517159
2025-03-18 12:00:00+00:00,349152.3085517159
2025-03-18 16:00:00+00:00,349152.3085517159
2025-03-18 20:00:00+00:00,349152.3085517159
2025-03-19 00:00:00+00:00,349152.3085517159
2025-03-19 04:00:00+00:00,349152.3085517159
2025-03-19 08:00:00+00:00,349152.3085517159
2025-03-19 12:00:00+00:00,349152.3085517159
2025-03-19 16:00:00+00:00,349152.3085517159
2025-03-19 20:00:00+00:00,349152.3085517159
2025-03-20 00:00:00+00:00,349152.3085517159
2025-03-20 04:00:00+00:00,349152.3085517159
2025-03-20 08:00:00+00:00,349152.3085517159
2025-03-20 12:00:00+00:00,349152.3085517159
2025-03-20 16:00:00+00:00,349152.3085517159
2025-03-20 20:00:00+00:00,349152.3085517159
2025-03-21 00:00:00+00:00,349152.3085517159
2025-03-21 04:00:00+00:00,349152.3085517159
2025-03-21 08:00:00+00:00,349152.3085517159
2025-03-21 12:00:00+00:00,349152.3085517159
2025-03-21 16:00:00+00:00,349152.3085517159
2025-03-21 20:00:00+00:00,349152.3085517159
2025-03-22 00:00:00+00:00,349152.3085517159
2025-03-22 04:00:00+00:00,349152.3085517159
2025-03-22 08:00:00+00:00,349152.3085517159
2025-03-22 12:00:00+00:00,349152.3085517159
2025-03-22 16:00:00+00:00,349152.3085517159
2025-03-22 20:00:00+00:00,349152.3085517159
2025-03-23 00:00:00+00:00,349152.3085517159
2025-03-23 04:00:00+00:00,349152.3085517159
2025-03-23 08:00:00+00:00,349152.3085517159
2025-03-23 12:00:00+00:00,349152.3085517159
2025-03-23 16:00:00+00:00,349152.3085517159
2025-03-23 20:00:00+00:00,349152.3085517159
2025-03-24 00:00:00+00:00,349152.3085517159
2025-03-24 04:00:00+00:00,349152.3085517159
2025-03-24 08:00:00+00:00,349152.3085517159
2025-03-24 12:00:00+00:00,349152.3085517159
2025-03-24 16:00:00+00:00,349152.3085517159
2025-03-24 20:00:00+00:00,349152.3085517159
2025-03-25 00:00:00+00:00,349152.3085517159
2025-03-25 04:00:00+00:00,349152.3085517159
2025-03-25 08:00:00+00:00,349152.3085517159
2025-03-25 12:00:00+00:00,349152.3085517159
2025-03-25 16:00:00+00:00,349152.3085517159
2025-03-25 20:00:00+00:00,350116.3771392535
2025-03-26 00:00:00+00:00,348067.6825392535
2025-03-26 04:00:00+00:00,347777.2353405718
2025-03-26 08:00:00+00:00,348653.6508405718
2025-03-26 12:00:00+00:00,348092.0271274134
2025-03-26 16:00:00+00:00,344529.8725314134
2025-03-26 20:00:00+00:00,344319.07764687215
2025-03-27 00:00:00+00:00,344264.88523078186
2025-03-27 04:00:00+00:00,344264.88523078186
2025-03-27 08:00:00+00:00,344031.07941262826
2025-03-27 12:00:00+00:00,343627.2466525274
2025-03-27 16:00:00+00:00,343596.838845747
2025-03-27 20:00:00+00:00,343596.838845747
2025-03-28 00:00:00+00:00,343596.838845747
2025-03-28 04:00:00+00:00,343596.838845747
2025-03-28 08:00:00+00:00,343596.838845747
2025-03-28 12:00:00+00:00,343596.838845747
2025-03-28 16:00:00+00:00,343596.838845747
2025-03-28 20:00:00+00:00,343596.838845747
2025-03-29 00:00:00+00:00,343596.838845747
2025-03-29 04:00:00+00:00,343596.838845747
2025-03-29 08:00:00+00:00,343596.838845747
2025-03-29 12:00:00+00:00,343596.838845747
2025-03-29 16:00:00+00:00,343596.838845747
2025-03-29 20:00:00+00:00,343596.838845747
2025-03-30 00:00:00+00:00,343596.838845747
2025-03-30 04:00:00+00:00,343596.838845747
2025-03-30 08:00:00+00:00,343596.838845747
2025-03-30 12:00:00+00:00,343596.838845747
2025-03-30 16:00:00+00:00,343596.838845747
2025-03-30 20:00:00+00:00,343596.838845747
2025-03-31 00:00:00+00:00,343596.838845747
2025-03-31 04:00:00+00:00,343596.838845747
2025-03-31 08:00:00+00:00,343596.838845747
2025-03-31 12:00:00+00:00,343596.838845747
2025-03-31 16:00:00+00:00,343596.838845747
2025-03-31 20:00:00+00:00,343596.838845747
2025-04-01 00:00:00+00:00,343596.838845747
2025-04-01 04:00:00+00:00,343596.838845747
2025-04-01 08:00:00+00:00,343596.838845747
2025-04-01 12:00:00+00:00,343596.838845747
2025-04-01 16:00:00+00:00,343596.838845747
2025-04-01 20:00:00+00:00,343596.838845747
2025-04-02 00:00:00+00:00,343596.838845747
2025-04-02 04:00:00+00:00,343596.838845747
2025-04-02 08:00:00+00:00,343596.838845747
2025-04-02 12:00:00+00:00,343596.838845747
2025-04-02 16:00:00+00:00,343596.838845747
2025-04-02 20:00:00+00:00,343596.838845747
2025-04-03 00:00:00+00:00,343596.838845747
2025-04-03 04:00:00+00:00,343596.838845747
2025-04-03 08:00:00+00:00,343596.838845747
2025-04-03 12:00:00+00:00,343596.838845747
2025-04-03 16:00:00+00:00,343596.838845747
2025-04-03 20:00:00+00:00,343596.838845747
2025-04-04 00:00:00+00:00,343596.838845747
2025-04-04 04:00:00+00:00,343596.838845747
2025-04-04 08:00:00+00:00,343596.838845747
2025-04-04 12:00:00+00:00,343596.838845747
2025-04-04 16:00:00+00:00,343596.838845747
2025-04-04 20:00:00+00:00,343596.838845747
2025-04-05 00:00:00+00:00,343596.838845747
2025-04-05 04:00:00+00:00,343596.838845747
2025-04-05 08:00:00+00:00,343596.838845747
2025-04-05 12:00:00+00:00,343596.838845747
2025-04-05 16:00:00+00:00,343596.838845747
2025-04-05 20:00:00+00:00,343596.838845747
2025-04-06 00:00:00+00:00,343596.838845747
2025-04-06 04:00:00+00:00,343596.838845747
2025-04-06 08:00:00+00:00,343596.838845747
2025-04-06 12:00:00+00:00,343596.838845747
2025-04-06 16:00:00+00:00,343596.838845747
2025-04-06 20:00:00+00:00,343596.838845747
2025-04-07 00:00:00+00:00,343596.838845747
2025-04-07 04:00:00+00:00,343596.838845747
2025-04-07 08:00:00+00:00,343385.491443448
2025-04-07 12:00:00+00:00,343382.1639255375
2025-04-07 16:00:00+00:00,343382.1639255375
2025-04-07 20:00:00+00:00,343382.1639255375
2025-04-08 00:00:00+00:00,343382.1639255375
2025-04-08 04:00:00+00:00,343382.1639255375
2025-04-08 08:00:00+00:00,343382.1639255375
2025-04-08 12:00:00+00:00,343382.1639255375
2025-04-08 16:00:00+00:00,343382.1639255375
2025-04-08 20:00:00+00:00,343382.1639255375
2025-04-09 00:00:00+00:00,343382.1639255375
2025-04-09 04:00:00+00:00,343382.1639255375
2025-04-09 08:00:00+00:00,343382.1639255375
2025-04-09 12:00:00+00:00,343382.1639255375
2025-04-09 16:00:00+00:00,343382.1639255375
2025-04-09 20:00:00+00:00,343382.1639255375
2025-04-10 00:00:00+00:00,343382.1639255375
2025-04-10 04:00:00+00:00,343382.1639255375
2025-04-10 08:00:00+00:00,343382.1639255375
2025-04-10 12:00:00+00:00,343382.1639255375
2025-04-10 16:00:00+00:00,343382.1639255375
2025-04-10 20:00:00+00:00,343382.1639255375
2025-04-11 00:00:00+00:00,343382.1639255375
2025-04-11 04:00:00+00:00,343382.1639255375
2025-04-11 08:00:00+00:00,343382.1639255375
2025-04-11 12:00:00+00:00,343382.1639255375
2025-04-11 16:00:00+00:00,343382.1639255375
2025-04-11 20:00:00+00:00,343382.1639255375
2025-04-12 00:00:00+00:00,343382.1639255375
2025-04-12 04:00:00+00:00,343382.1639255375
2025-04-12 08:00:00+00:00,343382.1639255375
2025-04-12 12:00:00+00:00,343382.1639255375
2025-04-12 16:00:00+00:00,343382.1639255375
2025-04-12 20:00:00+00:00,343382.1639255375
2025-04-13 00:00:00+00:00,343382.1639255375
2025-04-13 04:00:00+00:00,343382.1639255375
2025-04-13 08:00:00+00:00,343382.1639255375
2025-04-13 12:00:00+00:00,343382.1639255375
2025-04-13 16:00:00+00:00,343382.1639255375
2025-04-13 20:00:00+00:00,343382.1639255375
2025-04-14 00:00:00+00:00,343382.1639255375
2025-04-14 04:00:00+00:00,343382.1639255375
2025-04-14 08:00:00+00:00,343382.1639255375
2025-04-14 12:00:00+00:00,343382.1639255375
2025-04-14 16:00:00+00:00,343382.1639255375
2025-04-14 20:00:00+00:00,343382.1639255375
2025-04-15 00:00:00+00:00,343382.1639255375
2025-04-15 04:00:00+00:00,343382.1639255375
2025-04-15 08:00:00+00:00,344067.0364985903
2025-04-15 12:00:00+00:00,343774.4179761229
2025-04-15 16:00:00+00:00,342402.5723535619
2025-04-15 20:00:00+00:00,341784.658240671
2025-04-16 00:00:00+00:00,341555.05084067094
2025-04-16 04:00:00+00:00,341589.929640344
2025-04-16 08:00:00+00:00,341379.79687667737
2025-04-16 12:00:00+00:00,341798.39305035817
2025-04-16 16:00:00+00:00,342298.23745035817
2025-04-16 20:00:00+00:00,341985.12783458666
2025-04-17 00:00:00+00:00,341790.8729517867
2025-04-17 04:00:00+00:00,341764.5622270689
2025-04-17 08:00:00+00:00,342188.9941970654
2025-04-17 12:00:00+00:00,342124.20549256547
2025-04-17 16:00:00+00:00,342101.5080925655
2025-04-17 20:00:00+00:00,342305.826798785
2025-04-18 00:00:00+00:00,342570.3689600185
2025-04-18 04:00:00+00:00,342276.12122991466
2025-04-18 08:00:00+00:00,341868.91602903104
2025-04-18 12:00:00+00:00,341805.9478806874
2025-04-18 16:00:00+00:00,341576.354893574
2025-04-18 20:00:00+00:00,341725.04811932676
2025-04-19 00:00:00+00:00,341646.93416245404
2025-04-19 04:00:00+00:00,341971.71551979845
2025-04-19 08:00:00+00:00,342949.6978326205
2025-04-19 12:00:00+00:00,342951.6900303915
2025-04-19 16:00:00+00:00,342847.7001204746
2025-04-19 20:00:00+00:00,342571.7765445022
2025-04-20 00:00:00+00:00,342549.80934450217
2025-04-20 04:00:00+00:00,342792.2816444358
2025-04-20 08:00:00+00:00,341611.1423262124
2025-04-20 12:00:00+00:00,340799.69692322577
2025-04-20 16:00:00+00:00,340757.4634586097
2025-04-20 20:00:00+00:00,340757.4634586097
2025-04-21 00:00:00+00:00,340757.4634586097
2025-04-21 04:00:00+00:00,343051.6633317921
2025-04-21 08:00:00+00:00,344107.1972105073
2025-04-21 12:00:00+00:00,342011.72397096833
2025-04-21 16:00:00+00:00,345529.395730965
2025-04-21 20:00:00+00:00,343084.15060940443
2025-04-22 00:00:00+00:00,343066.24692516786
2025-04-22 04:00:00+00:00,345023.4416254073
2025-04-22 08:00:00+00:00,346024.01487317256
2025-04-22 12:00:00+00:00,346445.1923679671
2025-04-22 16:00:00+00:00,353539.2173679671
2025-04-22 20:00:00+00:00,360391.896747565
2025-04-23 00:00:00+00:00,386023.4357792629
2025-04-23 04:00:00+00:00,382451.8006512518
2025-04-23 08:00:00+00:00,395189.3390143508
2025-04-23 12:00:00+00:00,386283.38397721434
2025-04-23 16:00:00+00:00,399298.0425783716
2025-04-23 20:00:00+00:00,399298.0425783716
2025-04-24 00:00:00+00:00,399298.0425783716
2025-04-24 04:00:00+00:00,399298.0425783716
2025-04-24 08:00:00+00:00,399298.0425783716
2025-04-24 12:00:00+00:00,399298.0425783716
2025-04-24 16:00:00+00:00,399298.0425783716
2025-04-24 20:00:00+00:00,399298.0425783716
2025-04-25 00:00:00+00:00,399298.0425783716
2025-04-25 04:00:00+00:00,399298.0425783716
2025-04-25 08:00:00+00:00,399298.0425783716
2025-04-25 12:00:00+00:00,399298.0425783716
2025-04-25 16:00:00+00:00,399298.0425783716
2025-04-25 20:00:00+00:00,401040.3510824296
2025-04-26 00:00:00+00:00,395206.3365021795
2025-04-26 04:00:00+00:00,396217.47524658736
2025-04-26 08:00:00+00:00,394725.7795884737
2025-04-26 12:00:00+00:00,390824.1213161998
2025-04-26 16:00:00+00:00,392927.7123147271
2025-04-26 20:00:00+00:00,392303.9411832709
2025-04-27 00:00:00+00:00,395165.2281832709
2025-04-27 04:00:00+00:00,391051.7291731433
2025-04-27 08:00:00+00:00,390194.0706731434
2025-04-27 12:00:00+00:00,388938.0094072663
2025-04-27 16:00:00+00:00,388655.38387389126
2025-04-27 20:00:00+00:00,393488.42268436035
2025-04-28 00:00:00+00:00,387196.5016843603
2025-04-28 04:00:00+00:00,387222.1818227845
2025-04-28 08:00:00+00:00,396378.30266705225
2025-04-28 12:00:00+00:00,403597.40119718795
2025-04-28 16:00:00+00:00,386501.0100700882
2025-04-28 20:00:00+00:00,389230.0753677813
2025-04-29 00:00:00+00:00,389928.0473677813
2025-04-29 04:00:00+00:00,388753.2791798616
2025-04-29 08:00:00+00:00,389640.09917986154
2025-04-29 12:00:00+00:00,390309.04442878923
2025-04-29 16:00:00+00:00,389392.81614241475
2025-04-29 20:00:00+00:00,390836.2566790228
2025-04-30 00:00:00+00:00,387512.3606129949
2025-04-30 04:00:00+00:00,390000.0967081017
2025-04-30 08:00:00+00:00,388692.19670810166
2025-04-30 12:00:00+00:00,390434.35571411037
2025-04-30 16:00:00+00:00,386718.3109601064
2025-04-30 20:00:00+00:00,386477.0312051803
2025-05-01 00:00:00+00:00,386477.0573258977
2025-05-01 04:00:00+00:00,386477.6605927192
2025-05-01 08:00:00+00:00,386477.9065278569
2025-05-01 12:00:00+00:00,386479.0472264466
2025-05-01 16:00:00+00:00,388583.4477369144
2025-05-01 20:00:00+00:00,387486.6557333597
2025-05-02 00:00:00+00:00,387451.76275903714
2025-05-02 04:00:00+00:00,389479.45182113064
2025-05-02 08:00:00+00:00,381043.8606663503
2025-05-02 12:00:00+00:00,382673.1177171991
2025-05-02 16:00:00+00:00,383945.517144071
2025-05-02 20:00:00+00:00,382694.4370496159
2025-05-03 00:00:00+00:00,382553.1651130058
2025-05-03 04:00:00+00:00,380852.1783917976
2025-05-03 08:00:00+00:00,380848.67379179754
2025-05-03 12:00:00+00:00,379597.7758653997
2025-05-03 16:00:00+00:00,381059.8133176103
2025-05-03 20:00:00+00:00,380910.6403480793
2025-05-04 00:00:00+00:00,379343.13851903385
2025-05-04 04:00:00+00:00,378895.95880831714
2025-05-04 08:00:00+00:00,379488.7005804772
2025-05-04 12:00:00+00:00,379330.6109963479
2025-05-04 16:00:00+00:00,379330.6109963479
2025-05-04 20:00:00+00:00,379330.6109963479
2025-05-05 00:00:00+00:00,379330.6109963479
2025-05-05 04:00:00+00:00,379330.6109963479
2025-05-05 08:00:00+00:00,379330.6109963479
2025-05-05 12:00:00+00:00,379330.6109963479
2025-05-05 16:00:00+00:00,379330.6109963479
2025-05-05 20:00:00+00:00,379330.6109963479
2025-05-06 00:00:00+00:00,379330.6109963479
2025-05-06 04:00:00+00:00,379330.6109963479
2025-05-06 08:00:00+00:00,379330.6109963479
2025-05-06 12:00:00+00:00,379330.6109963479
2025-05-06 16:00:00+00:00,379330.6109963479
2025-05-06 20:00:00+00:00,379330.6109963479
2025-05-07 00:00:00+00:00,379330.6109963479
2025-05-07 04:00:00+00:00,375494.83084264875
2025-05-07 08:00:00+00:00,380991.8385755992
2025-05-07 12:00:00+00:00,381539.8800252612
2025-05-07 16:00:00+00:00,380310.11412526114
2025-05-07 20:00:00+00:00,371807.3713928913
2025-05-08 00:00:00+00:00,381422.3232491308
2025-05-08 04:00:00+00:00,404666.04100871185
2025-05-08 08:00:00+00:00,406021.49736890214
2025-05-08 12:00:00+00:00,407748.40115848795
2025-05-08 16:00:00+00:00,422746.4574090081
2025-05-08 20:00:00+00:00,430043.9036037832
2025-05-09 00:00:00+00:00,459711.3700001324
2025-05-09 04:00:00+00:00,447661.6360716438
2025-05-09 08:00:00+00:00,465433.1171303183
2025-05-09 12:00:00+00:00,454593.4252544864
2025-05-09 16:00:00+00:00,453658.46545448643
2025-05-09 20:00:00+00:00,457862.7514093409
2025-05-10 00:00:00+00:00,454911.91801155865
2025-05-10 04:00:00+00:00,458292.2934368945
2025-05-10 08:00:00+00:00,466266.502062844
2025-05-10 12:00:00+00:00,460996.334671854
2025-05-10 16:00:00+00:00,457740.88100810314
2025-05-10 20:00:00+00:00,458222.1112754786
2025-05-11 00:00:00+00:00,477192.18077547866
2025-05-11 04:00:00+00:00,464240.2959030106
2025-05-11 08:00:00+00:00,456704.6337481559
2025-05-11 12:00:00+00:00,471287.5433103362
2025-05-11 16:00:00+00:00,465258.69532490236
2025-05-11 20:00:00+00:00,468478.9294845971
2025-05-12 00:00:00+00:00,464952.1826263224
2025-05-12 04:00:00+00:00,464799.63895698765
2025-05-12 08:00:00+00:00,468826.16695698764
2025-05-12 12:00:00+00:00,460630.7798268076
2025-05-12 16:00:00+00:00,446787.3020268077
2025-05-12 20:00:00+00:00,442720.0527425927
2025-05-13 00:00:00+00:00,442720.0527425927
2025-05-13 04:00:00+00:00,442720.0527425927
2025-05-13 08:00:00+00:00,442720.0527425927
2025-05-13 12:00:00+00:00,442720.0527425927
2025-05-13 16:00:00+00:00,442720.0527425927
2025-05-13 20:00:00+00:00,442720.0527425927
2025-05-14 00:00:00+00:00,442720.0527425927
2025-05-14 04:00:00+00:00,442720.0527425927
2025-05-14 08:00:00+00:00,442720.0527425927
2025-05-14 12:00:00+00:00,442720.0527425927
2025-05-14 16:00:00+00:00,442720.0527425927
2025-05-14 20:00:00+00:00,442720.0527425927
2025-05-15 00:00:00+00:00,442720.0527425927
2025-05-15 04:00:00+00:00,442720.0527425927
2025-05-15 08:00:00+00:00,442720.0527425927
2025-05-15 12:00:00+00:00,442720.0527425927
2025-05-15 16:00:00+00:00,442720.0527425927
2025-05-15 20:00:00+00:00,442720.0527425927
2025-05-16 00:00:00+00:00,444525.7998756191
2025-05-16 04:00:00+00:00,445278.4184742925
2025-05-16 08:00:00+00:00,444256.52779175155
2025-05-16 12:00:00+00:00,444128.51583810477
2025-05-16 16:00:00+00:00,445762.0430618249
2025-05-16 20:00:00+00:00,445286.3363129048
2025-05-17 00:00:00+00:00,443537.280846218
2025-05-17 04:00:00+00:00,443641.9234808947
2025-05-17 08:00:00+00:00,443501.67557269597
2025-05-17 12:00:00+00:00,443501.67557269597
2025-05-17 16:00:00+00:00,443501.67557269597
2025-05-17 20:00:00+00:00,443501.67557269597
2025-05-18 00:00:00+00:00,443501.67557269597
2025-05-18 04:00:00+00:00,443501.67557269597
2025-05-18 08:00:00+00:00,443501.67557269597
2025-05-18 12:00:00+00:00,443501.67557269597
2025-05-18 16:00:00+00:00,443501.67557269597
2025-05-18 20:00:00+00:00,443501.67557269597
2025-05-19 00:00:00+00:00,443501.67557269597
2025-05-19 04:00:00+00:00,443501.67557269597
2025-05-19 08:00:00+00:00,443501.67557269597
2025-05-19 12:00:00+00:00,443501.67557269597
2025-05-19 16:00:00+00:00,443501.67557269597
2025-05-19 20:00:00+00:00,443501.67557269597
2025-05-20 00:00:00+00:00,443501.67557269597
2025-05-20 04:00:00+00:00,443501.67557269597
2025-05-20 08:00:00+00:00,443501.67557269597
2025-05-20 12:00:00+00:00,444014.67728115636
2025-05-20 16:00:00+00:00,444361.80385158776
2025-05-20 20:00:00+00:00,449285.2826603656
2025-05-21 00:00:00+00:00,447524.85860234743
2025-05-21 04:00:00+00:00,447381.8328072807
2025-05-21 08:00:00+00:00,444303.95520728076
2025-05-21 12:00:00+00:00,444447.5815348927
2025-05-21 16:00:00+00:00,468028.6259925879
2025-05-21 20:00:00+00:00,464677.09487438836
2025-05-22 00:00:00+00:00,474590.4233979349
2025-05-22 04:00:00+00:00,494929.11288353417
2025-05-22 08:00:00+00:00,487980.8792835342
2025-05-22 12:00:00+00:00,487274.6184644941
2025-05-22 16:00:00+00:00,490111.2648644942
2025-05-22 20:00:00+00:00,488594.72192356864
2025-05-23 00:00:00+00:00,494135.02510599885
2025-05-23 04:00:00+00:00,488287.060673144
2025-05-23 08:00:00+00:00,484559.7324432259
2025-05-23 12:00:00+00:00,468347.4762174459
2025-05-23 16:00:00+00:00,452139.841148998
2025-05-23 20:00:00+00:00,452139.841148998
2025-05-24 00:00:00+00:00,452139.841148998
2025-05-24 04:00:00+00:00,452139.841148998
2025-05-24 08:00:00+00:00,452139.841148998
2025-05-24 12:00:00+00:00,452139.841148998
2025-05-24 16:00:00+00:00,450077.01978400396
2025-05-24 20:00:00+00:00,450178.9775759927
2025-05-25 00:00:00+00:00,440186.86310393346
2025-05-25 04:00:00+00:00,439748.6951325729
2025-05-25 08:00:00+00:00,439748.6951325729
2025-05-25 12:00:00+00:00,439748.6951325729
2025-05-25 16:00:00+00:00,439748.6951325729
2025-05-25 20:00:00+00:00,439748.6951325729
2025-05-26 00:00:00+00:00,439748.6951325729
2025-05-26 04:00:00+00:00,445574.6258662064
2025-05-26 08:00:00+00:00,449622.1718662064
2025-05-26 12:00:00+00:00,446786.22335620644
2025-05-26 16:00:00+00:00,448650.0177562064
2025-05-26 20:00:00+00:00,441013.74854987377
2025-05-27 00:00:00+00:00,441111.85528923565
2025-05-27 04:00:00+00:00,439528.42730426963
2025-05-27 08:00:00+00:00,439376.39553845
2025-05-27 12:00:00+00:00,439376.469484229
2025-05-27 16:00:00+00:00,439377.019084229
2025-05-27 20:00:00+00:00,439376.7547583684
2025-05-28 00:00:00+00:00,439375.81425836845
2025-05-28 04:00:00+00:00,439375.7415085805
2025-05-28 08:00:00+00:00,439375.6862085805
2025-05-28 12:00:00+00:00,439375.74035490805
2025-05-28 16:00:00+00:00,439373.9867183972
2025-05-28 20:00:00+00:00,439373.83410758805
2025-05-29 00:00:00+00:00,439374.636307588
2025-05-29 04:00:00+00:00,439374.90627553005
2025-05-29 08:00:00+00:00,439374.74937553005
2025-05-29 12:00:00+00:00,439375.6468430833
2025-05-29 16:00:00+00:00,439373.87934308336
2025-05-29 20:00:00+00:00,439372.6002798492
2025-05-30 00:00:00+00:00,439372.4378798492
2025-05-30 04:00:00+00:00,439372.87381259043
2025-05-30 08:00:00+00:00,439371.8829125904
2025-05-30 12:00:00+00:00,439372.722133534
2025-05-30 16:00:00+00:00,439372.3950712405
2025-05-30 20:00:00+00:00,439371.47987239226
2025-05-31 00:00:00+00:00,439370.8331723922
2025-05-31 04:00:00+00:00,439370.52383151394
2025-05-31 08:00:00+00:00,439370.57570191246
2025-05-31 12:00:00+00:00,439370.3312505702
2025-05-31 16:00:00+00:00,439371.36627326295
2025-05-31 20:00:00+00:00,439371.51570098643
2025-06-01 00:00:00+00:00,439371.4064009864
2025-06-01 04:00:00+00:00,439371.1988094366
2025-06-01 08:00:00+00:00,439371.0933094366
2025-06-01 12:00:00+00:00,439370.8977756427
2025-06-01 16:00:00+00:00,439371.52387564274
2025-06-01 20:00:00+00:00,439371.93178267655
2025-06-02 00:00:00+00:00,439372.4451796005
2025-06-02 04:00:00+00:00,439371.63794451114
2025-06-02 08:00:00+00:00,439372.2027445112
2025-06-02 12:00:00+00:00,439370.85585248703
2025-06-02 16:00:00+00:00,439371.24715248705
2025-06-02 20:00:00+00:00,439371.21213329484
2025-06-03 00:00:00+00:00,439372.65358907747
2025-06-03 04:00:00+00:00,439372.2892930668
2025-06-03 08:00:00+00:00,438331.1503878643
2025-06-03 12:00:00+00:00,438169.5685017576
2025-06-03 16:00:00+00:00,438170.8780384156
2025-06-03 20:00:00+00:00,434299.967932355
2025-06-04 00:00:00+00:00,424661.08135639277
2025-06-04 04:00:00+00:00,424590.80351761193
2025-06-04 08:00:00+00:00,423882.8737275135
2025-06-04 12:00:00+00:00,423169.32740018144
2025-06-04 16:00:00+00:00,423857.13014563016
2025-06-04 20:00:00+00:00,422614.1945603679
2025-06-05 00:00:00+00:00,422454.19461555674
2025-06-05 04:00:00+00:00,422454.5431110317
2025-06-05 08:00:00+00:00,422454.0218722165
2025-06-05 12:00:00+00:00,422454.3226134778
2025-06-05 16:00:00+00:00,422454.0312727967
2025-06-05 20:00:00+00:00,422451.4170855295
2025-06-06 00:00:00+00:00,422450.9991855295
2025-06-06 04:00:00+00:00,422451.9889274527
2025-06-06 08:00:00+00:00,422452.6408274527
2025-06-06 12:00:00+00:00,422453.4135609923
2025-06-06 16:00:00+00:00,422454.58470005385
2025-06-06 20:00:00+00:00,422453.71459716035
2025-06-07 00:00:00+00:00,422453.79039716034
2025-06-07 04:00:00+00:00,422454.3670096992
2025-06-07 08:00:00+00:00,422454.3670552789
2025-06-07 12:00:00+00:00,422454.66228115873
2025-06-07 16:00:00+00:00,422455.06593715725
2025-06-07 20:00:00+00:00,422455.25050952064
2025-06-08 00:00:00+00:00,422455.06627340836
2025-06-08 04:00:00+00:00,422454.9879622592
2025-06-08 08:00:00+00:00,422454.9316366176
2025-06-08 12:00:00+00:00,422455.17057300376
2025-06-08 16:00:00+00:00,422455.4685690976
2025-06-08 20:00:00+00:00,422455.79410699225
2025-06-09 00:00:00+00:00,422455.22841746005
2025-06-09 04:00:00+00:00,422455.1683238664
2025-06-09 08:00:00+00:00,422455.06933227216
2025-06-09 12:00:00+00:00,422457.2315778257
2025-06-09 16:00:00+00:00,422457.1174318438
2025-06-09 20:00:00+00:00,422458.0556294158
2025-06-10 00:00:00+00:00,422459.7717894629
2025-06-10 04:00:00+00:00,422459.0627635365
2025-06-10 08:00:00+00:00,422458.71486353653
2025-06-10 12:00:00+00:00,422459.02220212866
2025-06-10 16:00:00+00:00,415921.2576567282
2025-06-10 20:00:00+00:00,422039.44817972725
2025-06-11 00:00:00+00:00,431082.11764016264
2025-06-11 04:00:00+00:00,424100.5387066146
2025-06-11 08:00:00+00:00,420849.7035926715
2025-06-11 12:00:00+00:00,418405.0435001331
2025-06-11 16:00:00+00:00,424334.04727494036
2025-06-11 20:00:00+00:00,412098.40640114364
2025-06-12 00:00:00+00:00,411198.65714542306
2025-06-12 04:00:00+00:00,401897.7702975673
2025-06-12 08:00:00+00:00,400440.40797143726
2025-06-12 12:00:00+00:00,399129.6323688361
2025-06-12 16:00:00+00:00,399129.6323688361
2025-06-12 20:00:00+00:00,399129.6323688361
2025-06-13 00:00:00+00:00,395519.76895853196
2025-06-13 04:00:00+00:00,395361.1888607821
2025-06-13 08:00:00+00:00,395361.1888607821
2025-06-13 12:00:00+00:00,395361.1888607821
2025-06-13 16:00:00+00:00,395361.1888607821
2025-06-13 20:00:00+00:00,395361.1888607821
2025-06-14 00:00:00+00:00,395361.1888607821
2025-06-14 04:00:00+00:00,395361.1888607821
2025-06-14 08:00:00+00:00,395361.1888607821
2025-06-14 12:00:00+00:00,395361.1888607821
2025-06-14 16:00:00+00:00,395361.1888607821
2025-06-14 20:00:00+00:00,395361.1888607821
2025-06-15 00:00:00+00:00,395361.1888607821
2025-06-15 04:00:00+00:00,395361.1888607821
2025-06-15 08:00:00+00:00,395361.1888607821
2025-06-15 12:00:00+00:00,395361.1888607821
2025-06-15 16:00:00+00:00,395361.1888607821
2025-06-15 20:00:00+00:00,395361.1888607821
2025-06-16 00:00:00+00:00,395361.1888607821
2025-06-16 04:00:00+00:00,395361.1888607821
2025-06-16 08:00:00+00:00,395361.1888607821
2025-06-16 12:00:00+00:00,395361.1888607821
2025-06-16 16:00:00+00:00,395361.1888607821
2025-06-16 20:00:00+00:00,409080.3090892501
2025-06-17 00:00:00+00:00,388698.3810871796
2025-06-17 04:00:00+00:00,388000.43286474526
2025-06-17 08:00:00+00:00,387377.0932820809
2025-06-17 12:00:00+00:00,387342.1466300426
2025-06-17 16:00:00+00:00,387342.1466300426
2025-06-17 20:00:00+00:00,387342.1466300426
2025-06-18 00:00:00+00:00,387342.1466300426
2025-06-18 04:00:00+00:00,387342.1466300426
2025-06-18 08:00:00+00:00,387342.1466300426
2025-06-18 12:00:00+00:00,387342.1466300426
2025-06-18 16:00:00+00:00,387342.1466300426
2025-06-18 20:00:00+00:00,387342.1466300426
2025-06-19 00:00:00+00:00,387342.1466300426
2025-06-19 04:00:00+00:00,387342.1466300426
2025-06-19 08:00:00+00:00,387342.1466300426
2025-06-19 12:00:00+00:00,387342.1466300426
2025-06-19 16:00:00+00:00,387342.1466300426
2025-06-19 20:00:00+00:00,387342.1466300426
2025-06-20 00:00:00+00:00,387342.1466300426
2025-06-20 04:00:00+00:00,387342.1466300426
2025-06-20 08:00:00+00:00,387342.1466300426
2025-06-20 12:00:00+00:00,387342.1466300426
2025-06-20 16:00:00+00:00,387342.1466300426
2025-06-20 20:00:00+00:00,387342.1466300426
2025-06-21 00:00:00+00:00,387342.1466300426
2025-06-21 04:00:00+00:00,387342.1466300426
2025-06-21 08:00:00+00:00,387342.1466300426
2025-06-21 12:00:00+00:00,387342.1466300426
2025-06-21 16:00:00+00:00,387342.1466300426
2025-06-21 20:00:00+00:00,387342.1466300426
2025-06-22 00:00:00+00:00,387342.1466300426
2025-06-22 04:00:00+00:00,387342.1466300426
2025-06-22 08:00:00+00:00,387342.1466300426
2025-06-22 12:00:00+00:00,387342.1466300426
2025-06-22 16:00:00+00:00,387342.1466300426
2025-06-22 20:00:00+00:00,387342.1466300426
2025-06-23 00:00:00+00:00,387342.1466300426
2025-06-23 04:00:00+00:00,387342.1466300426
2025-06-23 08:00:00+00:00,387342.1466300426
2025-06-23 12:00:00+00:00,387342.1466300426
2025-06-23 16:00:00+00:00,387342.1466300426
2025-06-23 20:00:00+00:00,387342.1466300426
2025-06-24 00:00:00+00:00,387342.1466300426
2025-06-24 04:00:00+00:00,387342.1466300426
2025-06-24 08:00:00+00:00,387342.1466300426
2025-06-24 12:00:00+00:00,387342.1466300426
2025-06-24 16:00:00+00:00,387342.1466300426
2025-06-24 20:00:00+00:00,387342.1466300426
2025-06-25 00:00:00+00:00,387342.1466300426
2025-06-25 04:00:00+00:00,387342.1466300426
2025-06-25 08:00:00+00:00,387342.1466300426
2025-06-25 12:00:00+00:00,387342.1466300426
2025-06-25 16:00:00+00:00,387342.1466300426
2025-06-25 20:00:00+00:00,387342.1466300426
2025-06-26 00:00:00+00:00,387342.1466300426
2025-06-26 04:00:00+00:00,387342.1466300426
2025-06-26 08:00:00+00:00,387342.1466300426
2025-06-26 12:00:00+00:00,387342.1466300426
2025-06-26 16:00:00+00:00,387335.7377869761
2025-06-26 20:00:00+00:00,387914.47697166493
2025-06-27 00:00:00+00:00,386372.0467105222
2025-06-27 04:00:00+00:00,387784.5860151106
2025-06-27 08:00:00+00:00,386150.52867406653
2025-06-27 12:00:00+00:00,386468.5380904827
2025-06-27 16:00:00+00:00,387326.3756904827
2025-06-27 20:00:00+00:00,385922.28064182703
2025-06-28 00:00:00+00:00,386605.093441827
2025-06-28 04:00:00+00:00,387293.01265443204
2025-06-28 08:00:00+00:00,387786.4823206958
2025-06-28 12:00:00+00:00,387464.3877215267
2025-06-28 16:00:00+00:00,387700.1850215267
2025-06-28 20:00:00+00:00,387562.9462217424
2025-06-29 00:00:00+00:00,387562.9462217424
2025-06-29 04:00:00+00:00,387562.9462217424
2025-06-29 08:00:00+00:00,387562.9462217424
2025-06-29 12:00:00+00:00,387562.9462217424
2025-06-29 16:00:00+00:00,387562.9462217424
2025-06-29 20:00:00+00:00,387562.9462217424
2025-06-30 00:00:00+00:00,387562.9462217424
2025-06-30 04:00:00+00:00,387562.9462217424
2025-06-30 08:00:00+00:00,387562.9462217424
2025-06-30 12:00:00+00:00,387562.9462217424
2025-06-30 16:00:00+00:00,387562.9462217424
2025-06-30 20:00:00+00:00,387562.9462217424
2025-07-01 00:00:00+00:00,387562.9462217424
2025-07-01 04:00:00+00:00,387562.9462217424
2025-07-01 08:00:00+00:00,387562.9462217424
2025-07-01 12:00:00+00:00,387562.9462217424
2025-07-01 16:00:00+00:00,387562.9462217424
2025-07-01 20:00:00+00:00,387562.9462217424
2025-07-02 00:00:00+00:00,387562.9462217424
2025-07-02 04:00:00+00:00,387562.9462217424
2025-07-02 08:00:00+00:00,387562.9462217424
2025-07-02 12:00:00+00:00,387562.9462217424
2025-07-02 16:00:00+00:00,387562.9462217424
2025-07-02 20:00:00+00:00,387562.9462217424
2025-07-03 00:00:00+00:00,387562.9462217424
2025-07-03 04:00:00+00:00,387562.9462217424
2025-07-03 08:00:00+00:00,387562.9462217424
2025-07-03 12:00:00+00:00,387562.9462217424
2025-07-03 16:00:00+00:00,387562.9462217424
2025-07-03 20:00:00+00:00,387562.9462217424
2025-07-04 00:00:00+00:00,387562.9462217424
2025-07-04 04:00:00+00:00,387562.9462217424
2025-07-04 08:00:00+00:00,387562.9462217424
2025-07-04 12:00:00+00:00,387562.9462217424
2025-07-04 16:00:00+00:00,387562.9462217424
2025-07-04 20:00:00+00:00,387562.9462217424
2025-07-05 00:00:00+00:00,387562.9462217424
2025-07-05 04:00:00+00:00,387562.9462217424
2025-07-05 08:00:00+00:00,387562.9462217424
2025-07-05 12:00:00+00:00,387562.9462217424
2025-07-05 16:00:00+00:00,387562.9462217424
2025-07-05 20:00:00+00:00,387562.9462217424
2025-07-06 00:00:00+00:00,387562.9462217424
2025-07-06 04:00:00+00:00,387562.9462217424
2025-07-06 08:00:00+00:00,387562.9462217424
2025-07-06 12:00:00+00:00,387562.9462217424
2025-07-06 16:00:00+00:00,387562.9462217424
2025-07-06 20:00:00+00:00,387562.9462217424
2025-07-07 00:00:00+00:00,387562.9462217424
2025-07-07 04:00:00+00:00,387562.9462217424
2025-07-07 08:00:00+00:00,387562.9462217424
2025-07-07 12:00:00+00:00,387562.9462217424
2025-07-07 16:00:00+00:00,387562.9462217424
2025-07-07 20:00:00+00:00,387562.9462217424
2025-07-08 00:00:00+00:00,387562.9462217424
2025-07-08 04:00:00+00:00,387562.9462217424
2025-07-08 08:00:00+00:00,387562.9462217424
2025-07-08 12:00:00+00:00,387562.9462217424
2025-07-08 16:00:00+00:00,387562.9462217424
2025-07-08 20:00:00+00:00,387562.9462217424
2025-07-09 00:00:00+00:00,387562.9462217424
2025-07-09 04:00:00+00:00,387562.9462217424
2025-07-09 08:00:00+00:00,387562.9462217424
2025-07-09 12:00:00+00:00,387562.9462217424
2025-07-09 16:00:00+00:00,387562.9462217424
2025-07-09 20:00:00+00:00,387562.9462217424
2025-07-10 00:00:00+00:00,387562.9462217424
2025-07-10 04:00:00+00:00,387562.9462217424
2025-07-10 08:00:00+00:00,387562.9462217424
2025-07-10 12:00:00+00:00,387562.9462217424
2025-07-10 16:00:00+00:00,387562.9462217424
2025-07-10 20:00:00+00:00,387562.9462217424
2025-07-11 00:00:00+00:00,428813.8053771147
2025-07-11 04:00:00+00:00,442003.229636438
2025-07-11 08:00:00+00:00,452451.07626735466
2025-07-11 12:00:00+00:00,456262.52849151473
2025-07-11 16:00:00+00:00,442621.42583709734
2025-07-11 20:00:00+00:00,460744.6062188863
2025-07-12 00:00:00+00:00,451757.1998372039
2025-07-12 04:00:00+00:00,454979.8465953774
2025-07-12 08:00:00+00:00,454483.0649953775
2025-07-12 12:00:00+00:00,455594.3597262176
2025-07-12 16:00:00+00:00,444825.61572621757
2025-07-12 20:00:00+00:00,451589.8819761588
2025-07-13 00:00:00+00:00,449487.84084481746
2025-07-13 04:00:00+00:00,454276.09127849754
2025-07-13 08:00:00+00:00,458308.88608405396
2025-07-13 12:00:00+00:00,459707.0686664137
2025-07-13 16:00:00+00:00,468838.19256632676
2025-07-13 20:00:00+00:00,473747.886291816
2025-07-14 00:00:00+00:00,475684.6467428036
2025-07-14 04:00:00+00:00,503290.5924126238
2025-07-14 08:00:00+00:00,535847.7821233865
2025-07-14 12:00:00+00:00,515256.3212804999
2025-07-14 16:00:00+00:00,495568.96458273573
2025-07-14 20:00:00+00:00,496040.6386696247
2025-07-15 00:00:00+00:00,494831.76788487245
2025-07-15 04:00:00+00:00,485090.3660429527
2025-07-15 08:00:00+00:00,485090.3660429527
2025-07-15 12:00:00+00:00,485090.3660429527
2025-07-15 16:00:00+00:00,485090.3660429527
2025-07-15 20:00:00+00:00,485091.8351134315
2025-07-16 00:00:00+00:00,489015.4322172819
2025-07-16 04:00:00+00:00,488227.29276215483
2025-07-16 08:00:00+00:00,490287.3340200592
2025-07-16 12:00:00+00:00,491907.884550443
2025-07-16 16:00:00+00:00,492810.64635138586
2025-07-16 20:00:00+00:00,493164.2452034759
2025-07-17 00:00:00+00:00,491435.7778509424
2025-07-17 04:00:00+00:00,489948.8878980563
2025-07-17 08:00:00+00:00,490481.96186037565
2025-07-17 12:00:00+00:00,489522.5726946954
2025-07-17 16:00:00+00:00,492159.1774936943
2025-07-17 20:00:00+00:00,492263.2429700295
2025-07-18 00:00:00+00:00,493030.09426148253
2025-07-18 04:00:00+00:00,496001.11159406253
2025-07-18 08:00:00+00:00,493524.04579406255
2025-07-18 12:00:00+00:00,492961.1896177723
2025-07-18 16:00:00+00:00,489069.45272811287
2025-07-18 20:00:00+00:00,487604.7548103987
2025-07-19 00:00:00+00:00,489169.5351400325
2025-07-19 04:00:00+00:00,488974.26362521824
2025-07-19 08:00:00+00:00,488600.1477935818
2025-07-19 12:00:00+00:00,489045.78259508184
2025-07-19 16:00:00+00:00,488282.2169568109
2025-07-19 20:00:00+00:00,488045.0901957437
2025-07-20 00:00:00+00:00,488045.0901957437
2025-07-20 04:00:00+00:00,488045.0901957437
2025-07-20 08:00:00+00:00,488045.0901957437
2025-07-20 12:00:00+00:00,488045.0901957437
2025-07-20 16:00:00+00:00,488045.0901957437
2025-07-20 20:00:00+00:00,488045.0901957437
2025-07-21 00:00:00+00:00,488045.0901957437
2025-07-21 04:00:00+00:00,488045.0901957437
2025-07-21 08:00:00+00:00,488045.0901957437
2025-07-21 12:00:00+00:00,488045.0901957437
2025-07-21 16:00:00+00:00,488045.0901957437
2025-07-21 20:00:00+00:00,488045.0901957437
2025-07-22 00:00:00+00:00,488045.0901957437
2025-07-22 04:00:00+00:00,488045.0901957437
2025-07-22 08:00:00+00:00,488045.0901957437
2025-07-22 12:00:00+00:00,488045.0901957437
2025-07-22 16:00:00+00:00,488045.0901957437
2025-07-22 20:00:00+00:00,488045.0901957437
2025-07-23 00:00:00+00:00,488045.0901957437
2025-07-23 04:00:00+00:00,488045.0901957437
2025-07-23 08:00:00+00:00,488045.0901957437
2025-07-23 12:00:00+00:00,488045.0901957437
2025-07-23 16:00:00+00:00,488045.0901957437
2025-07-23 20:00:00+00:00,488045.0901957437
2025-07-24 00:00:00+00:00,488045.0901957437
2025-07-24 04:00:00+00:00,488045.0901957437
2025-07-24 08:00:00+00:00,488045.0901957437
2025-07-24 12:00:00+00:00,488045.0901957437
2025-07-24 16:00:00+00:00,488045.0901957437
2025-07-24 20:00:00+00:00,488045.0901957437
2025-07-25 00:00:00+00:00,488045.0901957437
2025-07-25 04:00:00+00:00,488045.0901957437
2025-07-25 08:00:00+00:00,488045.0901957437
2025-07-25 12:00:00+00:00,488045.0901957437
2025-07-25 16:00:00+00:00,488045.0901957437
2025-07-25 20:00:00+00:00,488045.0901957437
2025-07-26 00:00:00+00:00,488045.0901957437
2025-07-26 04:00:00+00:00,488045.0901957437
2025-07-26 08:00:00+00:00,488045.0901957437
2025-07-26 12:00:00+00:00,488045.0901957437
2025-07-26 16:00:00+00:00,488045.0901957437
2025-07-26 20:00:00+00:00,488045.0901957437
2025-07-27 00:00:00+00:00,488045.0901957437
2025-07-27 04:00:00+00:00,488045.0901957437
2025-07-27 08:00:00+00:00,488045.0901957437
2025-07-27 12:00:00+00:00,488045.0901957437
2025-07-27 16:00:00+00:00,488045.0901957437
2025-07-27 20:00:00+00:00,488045.0901957437
2025-07-28 00:00:00+00:00,488045.0901957437
2025-07-28 04:00:00+00:00,488045.0901957437
2025-07-28 08:00:00+00:00,488045.0901957437
2025-07-28 12:00:00+00:00,488045.0901957437
2025-07-28 16:00:00+00:00,488045.0901957437
2025-07-28 20:00:00+00:00,488045.0901957437
2025-07-29 00:00:00+00:00,488045.0901957437
2025-07-29 04:00:00+00:00,488045.0901957437
2025-07-29 08:00:00+00:00,488045.0901957437
2025-07-29 12:00:00+00:00,488045.0901957437
2025-07-29 16:00:00+00:00,488045.0901957437
2025-07-29 20:00:00+00:00,488045.0901957437
2025-07-30 00:00:00+00:00,488045.0901957437
2025-07-30 04:00:00+00:00,488045.0901957437
2025-07-30 08:00:00+00:00,488045.0901957437
2025-07-30 12:00:00+00:00,488045.0901957437
2025-07-30 16:00:00+00:00,488045.0901957437
2025-07-30 20:00:00+00:00,488045.0901957437
2025-07-31 00:00:00+00:00,488045.0901957437
2025-07-31 04:00:00+00:00,488045.0901957437
2025-07-31 08:00:00+00:00,488045.0901957437
2025-07-31 12:00:00+00:00,488045.0901957437
2025-07-31 16:00:00+00:00,488045.0901957437
2025-07-31 20:00:00+00:00,488045.0901957437
2025-08-01 00:00:00+00:00,488045.0901957437
2025-08-01 04:00:00+00:00,488045.0901957437
2025-08-01 08:00:00+00:00,488045.0901957437
2025-08-01 12:00:00+00:00,488045.0901957437
2025-08-01 16:00:00+00:00,488045.0901957437
2025-08-01 20:00:00+00:00,488045.0901957437
2025-08-02 00:00:00+00:00,488045.0901957437
2025-08-02 04:00:00+00:00,488045.0901957437
2025-08-02 08:00:00+00:00,488045.0901957437
2025-08-02 12:00:00+00:00,488045.0901957437
2025-08-02 16:00:00+00:00,488045.0901957437
2025-08-02 20:00:00+00:00,488045.0901957437
2025-08-03 00:00:00+00:00,488045.0901957437
2025-08-03 04:00:00+00:00,488045.0901957437
2025-08-03 08:00:00+00:00,488045.0901957437
2025-08-03 12:00:00+00:00,488045.0901957437
2025-08-03 16:00:00+00:00,488045.0901957437
2025-08-03 20:00:00+00:00,488045.0901957437
2025-08-04 00:00:00+00:00,488045.0901957437
2025-08-04 04:00:00+00:00,488045.0901957437
2025-08-04 08:00:00+00:00,488045.0901957437
2025-08-04 12:00:00+00:00,488045.0901957437
2025-08-04 16:00:00+00:00,488045.0901957437
2025-08-04 20:00:00+00:00,488045.0901957437
2025-08-05 00:00:00+00:00,488045.0901957437
2025-08-05 04:00:00+00:00,488045.0901957437
2025-08-05 08:00:00+00:00,488045.0901957437
2025-08-05 12:00:00+00:00,488045.0901957437
2025-08-05 16:00:00+00:00,488045.0901957437
2025-08-05 20:00:00+00:00,488045.0901957437
2025-08-06 00:00:00+00:00,488045.0901957437
2025-08-06 04:00:00+00:00,488045.0901957437
2025-08-06 08:00:00+00:00,488045.0901957437
2025-08-06 12:00:00+00:00,488045.0901957437
2025-08-06 16:00:00+00:00,488045.0901957437
2025-08-06 20:00:00+00:00,488045.0901957437
2025-08-07 00:00:00+00:00,488045.0901957437
2025-08-07 04:00:00+00:00,488045.0901957437
2025-08-07 08:00:00+00:00,488045.0901957437
2025-08-07 12:00:00+00:00,488045.0901957437
2025-08-07 16:00:00+00:00,488045.0901957437
2025-08-07 20:00:00+00:00,488045.0901957437
2025-08-08 00:00:00+00:00,488045.0901957437
2025-08-08 04:00:00+00:00,488045.0901957437
2025-08-08 08:00:00+00:00,488045.0901957437
2025-08-08 12:00:00+00:00,488045.0901957437
2025-08-08 16:00:00+00:00,488045.0901957437
2025-08-08 20:00:00+00:00,488045.0901957437
2025-08-09 00:00:00+00:00,488045.0901957437
2025-08-09 04:00:00+00:00,488045.0901957437
2025-08-09 08:00:00+00:00,488045.0901957437
2025-08-09 12:00:00+00:00,488045.0901957437
2025-08-09 16:00:00+00:00,488045.0901957437
2025-08-09 20:00:00+00:00,488045.0901957437
2025-08-10 00:00:00+00:00,488045.0901957437
2025-08-10 04:00:00+00:00,488045.0901957437
2025-08-10 08:00:00+00:00,488045.0901957437
2025-08-10 12:00:00+00:00,496197.24046899134
2025-08-10 16:00:00+00:00,502897.1398261914
2025-08-10 20:00:00+00:00,500645.8389551649
2025-08-11 00:00:00+00:00,509499.51137484494
2025-08-11 04:00:00+00:00,543713.2053989342
2025-08-11 08:00:00+00:00,540415.4507002546
2025-08-11 12:00:00+00:00,521641.66994266293
2025-08-11 16:00:00+00:00,517538.6846778161
2025-08-11 20:00:00+00:00,500811.60202650377
2025-08-12 00:00:00+00:00,491852.78844005946
2025-08-12 04:00:00+00:00,491852.78844005946
2025-08-12 08:00:00+00:00,491852.78844005946
2025-08-12 12:00:00+00:00,491852.78844005946
2025-08-12 16:00:00+00:00,491852.78844005946
2025-08-12 20:00:00+00:00,491852.78844005946
2025-08-13 00:00:00+00:00,491852.78844005946
2025-08-13 04:00:00+00:00,491852.78844005946
2025-08-13 08:00:00+00:00,491852.78844005946
2025-08-13 12:00:00+00:00,491852.78844005946
2025-08-13 16:00:00+00:00,491852.78844005946
2025-08-13 20:00:00+00:00,491852.78844005946
2025-08-14 00:00:00+00:00,491852.78844005946
2025-08-14 04:00:00+00:00,491852.78844005946
2025-08-14 08:00:00+00:00,491852.78844005946
2025-08-14 12:00:00+00:00,491852.78844005946
2025-08-14 16:00:00+00:00,491852.78844005946
2025-08-14 20:00:00+00:00,491852.78844005946
2025-08-15 00:00:00+00:00,491852.78844005946
2025-08-15 04:00:00+00:00,491852.78844005946
2025-08-15 08:00:00+00:00,491852.78844005946
2025-08-15 12:00:00+00:00,491852.78844005946
2025-08-15 16:00:00+00:00,491852.78844005946
2025-08-15 20:00:00+00:00,491852.78844005946
2025-08-16 00:00:00+00:00,491852.78844005946
2025-08-16 04:00:00+00:00,491852.78844005946
2025-08-16 08:00:00+00:00,491852.78844005946
2025-08-16 12:00:00+00:00,491852.78844005946
2025-08-16 16:00:00+00:00,491852.78844005946
2025-08-16 20:00:00+00:00,491852.78844005946
2025-08-17 00:00:00+00:00,491852.78844005946
2025-08-17 04:00:00+00:00,491852.78844005946
2025-08-17 08:00:00+00:00,491852.78844005946
2025-08-17 12:00:00+00:00,491852.78844005946
2025-08-17 16:00:00+00:00,491852.78844005946
2025-08-17 20:00:00+00:00,491852.78844005946
2025-08-18 00:00:00+00:00,491852.78844005946
2025-08-18 04:00:00+00:00,491852.78844005946
2025-08-18 08:00:00+00:00,491852.78844005946
2025-08-18 12:00:00+00:00,491852.78844005946
2025-08-18 16:00:00+00:00,491852.78844005946
2025-08-18 20:00:00+00:00,491852.78844005946
2025-08-19 00:00:00+00:00,491852.78844005946
2025-08-19 04:00:00+00:00,491852.78844005946
2025-08-19 08:00:00+00:00,491852.78844005946
2025-08-19 12:00:00+00:00,491852.78844005946
2025-08-19 16:00:00+00:00,491852.78844005946
2025-08-19 20:00:00+00:00,491852.78844005946
2025-08-20 00:00:00+00:00,491852.78844005946
2025-08-20 04:00:00+00:00,491852.78844005946
2025-08-20 08:00:00+00:00,491852.78844005946
2025-08-20 12:00:00+00:00,491852.78844005946
2025-08-20 16:00:00+00:00,491852.78844005946
2025-08-20 20:00:00+00:00,491852.78844005946
2025-08-21 00:00:00+00:00,491852.78844005946
2025-08-21 04:00:00+00:00,491852.78844005946
2025-08-21 08:00:00+00:00,491852.78844005946
2025-08-21 12:00:00+00:00,491852.78844005946
2025-08-21 16:00:00+00:00,491852.78844005946
2025-08-21 20:00:00+00:00,491852.78844005946
2025-08-22 00:00:00+00:00,491852.78844005946
2025-08-22 04:00:00+00:00,491852.78844005946
2025-08-22 08:00:00+00:00,491852.78844005946
2025-08-22 12:00:00+00:00,491852.78844005946
2025-08-22 16:00:00+00:00,491852.78844005946
2025-08-22 20:00:00+00:00,491852.78844005946
2025-08-23 00:00:00+00:00,491852.78844005946
2025-08-23 04:00:00+00:00,491852.78844005946
2025-08-23 08:00:00+00:00,491852.78844005946
2025-08-23 12:00:00+00:00,491852.78844005946
2025-08-23 16:00:00+00:00,491852.78844005946
2025-08-23 20:00:00+00:00,491852.78844005946
2025-08-24 00:00:00+00:00,491852.78844005946
2025-08-24 04:00:00+00:00,491852.78844005946
2025-08-24 08:00:00+00:00,491852.78844005946
2025-08-24 12:00:00+00:00,491852.78844005946
2025-08-24 16:00:00+00:00,491852.78844005946
2025-08-24 20:00:00+00:00,491852.78844005946
2025-08-25 00:00:00+00:00,491852.78844005946
2025-08-25 04:00:00+00:00,491852.78844005946
2025-08-25 08:00:00+00:00,491852.78844005946
2025-08-25 12:00:00+00:00,491852.78844005946
2025-08-25 16:00:00+00:00,491852.78844005946
2025-08-25 20:00:00+00:00,491852.78844005946
2025-08-26 00:00:00+00:00,491852.78844005946
2025-08-26 04:00:00+00:00,491852.78844005946
2025-08-26 08:00:00+00:00,491852.78844005946
2025-08-26 12:00:00+00:00,491852.78844005946
2025-08-26 16:00:00+00:00,491852.78844005946
2025-08-26 20:00:00+00:00,491852.78844005946
2025-08-27 00:00:00+00:00,491852.78844005946
2025-08-27 04:00:00+00:00,491852.78844005946
2025-08-27 08:00:00+00:00,491852.78844005946
2025-08-27 12:00:00+00:00,491852.78844005946
2025-08-27 16:00:00+00:00,491852.78844005946
2025-08-27 20:00:00+00:00,491852.78844005946
2025-08-28 00:00:00+00:00,491852.78844005946
2025-08-28 04:00:00+00:00,491852.78844005946
2025-08-28 08:00:00+00:00,491852.78844005946
2025-08-28 12:00:00+00:00,491852.78844005946
2025-08-28 16:00:00+00:00,491852.78844005946
2025-08-28 20:00:00+00:00,491852.78844005946
2025-08-29 00:00:00+00:00,491852.78844005946
2025-08-29 04:00:00+00:00,491852.78844005946
2025-08-29 08:00:00+00:00,491852.78844005946
2025-08-29 12:00:00+00:00,491852.78844005946
2025-08-29 16:00:00+00:00,491852.78844005946
2025-08-29 20:00:00+00:00,491852.78844005946
2025-08-30 00:00:00+00:00,491852.78844005946
2025-08-30 04:00:00+00:00,491852.78844005946
2025-08-30 08:00:00+00:00,491852.78844005946
2025-08-30 12:00:00+00:00,491852.78844005946
2025-08-30 16:00:00+00:00,491852.78844005946
2025-08-30 20:00:00+00:00,491852.78844005946
2025-08-31 00:00:00+00:00,491852.78844005946
2025-08-31 04:00:00+00:00,491852.78844005946
2025-08-31 08:00:00+00:00,491852.78844005946
2025-08-31 12:00:00+00:00,491852.78844005946
2025-08-31 16:00:00+00:00,491852.78844005946
2025-08-31 20:00:00+00:00,491852.78844005946
2025-09-01 00:00:00+00:00,491852.78844005946
2025-09-01 04:00:00+00:00,491852.78844005946
2025-09-01 08:00:00+00:00,491852.78844005946
2025-09-01 12:00:00+00:00,491852.78844005946
2025-09-01 16:00:00+00:00,491852.78844005946
2025-09-01 20:00:00+00:00,491852.78844005946
2025-09-02 00:00:00+00:00,491852.78844005946
2025-09-02 04:00:00+00:00,491852.78844005946
2025-09-02 08:00:00+00:00,491852.78844005946
2025-09-02 12:00:00+00:00,491852.78844005946
2025-09-02 16:00:00+00:00,491852.78844005946
2025-09-02 20:00:00+00:00,491852.78844005946
2025-09-03 00:00:00+00:00,491852.78844005946
2025-09-03 04:00:00+00:00,491852.78844005946
2025-09-03 08:00:00+00:00,491852.78844005946
2025-09-03 12:00:00+00:00,491852.78844005946
2025-09-03 16:00:00+00:00,491852.78844005946
2025-09-03 20:00:00+00:00,491852.78844005946
2025-09-04 00:00:00+00:00,491852.78844005946
2025-09-04 04:00:00+00:00,491852.78844005946
2025-09-04 08:00:00+00:00,491852.78844005946
2025-09-04 12:00:00+00:00,491852.78844005946
2025-09-04 16:00:00+00:00,491852.78844005946
2025-09-04 20:00:00+00:00,491852.78844005946
2025-09-05 00:00:00+00:00,491852.78844005946
2025-09-05 04:00:00+00:00,491852.78844005946
2025-09-05 08:00:00+00:00,491852.78844005946
2025-09-05 12:00:00+00:00,491852.78844005946
2025-09-05 16:00:00+00:00,491852.78844005946
2025-09-05 20:00:00+00:00,491852.78844005946
2025-09-06 00:00:00+00:00,491852.78844005946
2025-09-06 04:00:00+00:00,491852.78844005946
2025-09-06 08:00:00+00:00,491852.78844005946
2025-09-06 12:00:00+00:00,491852.78844005946
2025-09-06 16:00:00+00:00,491852.78844005946
2025-09-06 20:00:00+00:00,491852.78844005946
2025-09-07 00:00:00+00:00,491852.78844005946
2025-09-07 04:00:00+00:00,491852.78844005946
2025-09-07 08:00:00+00:00,491852.78844005946
2025-09-07 12:00:00+00:00,491852.78844005946
2025-09-07 16:00:00+00:00,491852.78844005946
2025-09-07 20:00:00+00:00,491852.78844005946
2025-09-08 00:00:00+00:00,491852.78844005946
2025-09-08 04:00:00+00:00,491852.78844005946
2025-09-08 08:00:00+00:00,491852.78844005946
2025-09-08 12:00:00+00:00,491852.78844005946
2025-09-08 16:00:00+00:00,491852.78844005946
2025-09-08 20:00:00+00:00,491852.78844005946
2025-09-09 00:00:00+00:00,491852.78844005946
2025-09-09 04:00:00+00:00,491852.78844005946
2025-09-09 08:00:00+00:00,491852.78844005946
2025-09-09 12:00:00+00:00,491852.78844005946
2025-09-09 16:00:00+00:00,491852.78844005946
2025-09-09 20:00:00+00:00,491852.78844005946
2025-09-10 00:00:00+00:00,491852.78844005946
2025-09-10 04:00:00+00:00,491852.78844005946
2025-09-10 08:00:00+00:00,491852.78844005946
2025-09-10 12:00:00+00:00,491852.78844005946
2025-09-10 16:00:00+00:00,491852.78844005946
2025-09-10 20:00:00+00:00,491852.78844005946
2025-09-11 00:00:00+00:00,491852.78844005946
2025-09-11 04:00:00+00:00,491852.78844005946
2025-09-11 08:00:00+00:00,491852.78844005946
2025-09-11 12:00:00+00:00,491852.78844005946
2025-09-11 16:00:00+00:00,491852.78844005946
2025-09-11 20:00:00+00:00,491852.78844005946
2025-09-12 00:00:00+00:00,491852.78844005946
2025-09-12 04:00:00+00:00,491852.78844005946
2025-09-12 08:00:00+00:00,491385.9225197534
2025-09-12 12:00:00+00:00,488690.6100257921
2025-09-12 16:00:00+00:00,491673.3420257921
2025-09-12 20:00:00+00:00,513830.7717082682
2025-09-13 00:00:00+00:00,505045.0017082682
2025-09-13 04:00:00+00:00,504205.62838460866
2025-09-13 08:00:00+00:00,501246.1272787971
2025-09-13 12:00:00+00:00,504066.7513492959
2025-09-13 16:00:00+00:00,501238.2894348385
2025-09-13 20:00:00+00:00,501627.66623858386
2025-09-14 00:00:00+00:00,503314.0633321545
2025-09-14 04:00:00+00:00,499667.0063525536
2025-09-14 08:00:00+00:00,501436.9854260857
2025-09-14 12:00:00+00:00,501430.51898455404
2025-09-14 16:00:00+00:00,493134.9097440893
2025-09-14 20:00:00+00:00,499079.0386128894
2025-09-15 00:00:00+00:00,493622.06611192576
2025-09-15 04:00:00+00:00,495876.99914846715
2025-09-15 08:00:00+00:00,501514.6579484672
2025-09-15 12:00:00+00:00,490311.5941041916
2025-09-15 16:00:00+00:00,487957.63632277795
2025-09-15 20:00:00+00:00,490147.93561549776
2025-09-16 00:00:00+00:00,490422.8334828138
2025-09-16 04:00:00+00:00,490159.48367899406
2025-09-16 08:00:00+00:00,492917.29995928775
2025-09-16 12:00:00+00:00,482411.61536717403
2025-09-16 16:00:00+00:00,486044.35656223405
2025-09-16 20:00:00+00:00,500182.62708706904
2025-09-17 00:00:00+00:00,500682.89668706915
2025-09-17 04:00:00+00:00,493437.862679521
2025-09-17 08:00:00+00:00,506852.7821397709
2025-09-17 12:00:00+00:00,491132.78078574536
2025-09-17 16:00:00+00:00,488549.7118737769
2025-09-17 20:00:00+00:00,487924.17406559613
2025-09-18 00:00:00+00:00,487924.9860655961
2025-09-18 04:00:00+00:00,487926.1017141486
2025-09-18 08:00:00+00:00,480074.74874942686
2025-09-18 12:00:00+00:00,479530.0454808388
2025-09-18 16:00:00+00:00,486867.91748083883
2025-09-18 20:00:00+00:00,485073.05013940466
2025-09-19 00:00:00+00:00,479496.8898519407
2025-09-19 04:00:00+00:00,479155.08695900254
2025-09-19 08:00:00+00:00,479155.0136046619
2025-09-19 12:00:00+00:00,479154.50920238753
2025-09-19 16:00:00+00:00,479153.9881012716
2025-09-19 20:00:00+00:00,479153.2374041384
2025-09-20 00:00:00+00:00,479153.72476746445
2025-09-20 04:00:00+00:00,479153.54524000845
2025-09-20 08:00:00+00:00,479154.06046218233
2025-09-20 12:00:00+00:00,479153.985493478
2025-09-20 16:00:00+00:00,479154.07919347804
2025-09-20 20:00:00+00:00,479153.79078110185
2025-09-21 00:00:00+00:00,479153.7768597178
2025-09-21 04:00:00+00:00,479153.7743628962
2025-09-21 08:00:00+00:00,479153.9313393745
2025-09-21 12:00:00+00:00,479153.71434601006
2025-09-21 16:00:00+00:00,479153.62858079997
2025-09-21 20:00:00+00:00,479153.59172499087
2025-09-22 00:00:00+00:00,479153.34972499084
2025-09-22 04:00:00+00:00,479152.7478922303
2025-09-22 08:00:00+00:00,479150.60264798393
2025-09-22 12:00:00+00:00,479150.9558098578
2025-09-22 16:00:00+00:00,479150.909787952
2025-09-22 20:00:00+00:00,479150.21093220235
2025-09-23 00:00:00+00:00,479150.74033220235
2025-09-23 04:00:00+00:00,479150.4235021599
2025-09-23 08:00:00+00:00,479151.17588005844
2025-09-23 12:00:00+00:00,479151.05933093396
2025-09-23 16:00:00+00:00,479150.94881590497
2025-09-23 20:00:00+00:00,479149.7230354985
2025-09-24 00:00:00+00:00,479150.0583354985
2025-09-24 04:00:00+00:00,479149.7445492835
2025-09-24 08:00:00+00:00,479150.64431439945
2025-09-24 12:00:00+00:00,479151.08054196223
2025-09-24 16:00:00+00:00,479151.3946961072
2025-09-24 20:00:00+00:00,479151.45566026913
2025-09-25 00:00:00+00:00,479151.34689074743
2025-09-25 04:00:00+00:00,479150.6264384513
2025-09-25 08:00:00+00:00,479149.80461638607
2025-09-25 12:00:00+00:00,479149.40657680813
2025-09-25 16:00:00+00:00,479149.63649447483
2025-09-25 20:00:00+00:00,479147.3724130099
2025-09-26 00:00:00+00:00,479147.0274452925
2025-09-26 04:00:00+00:00,479147.6138888768
2025-09-26 08:00:00+00:00,479147.33368887677
2025-09-26 12:00:00+00:00,479147.1595252585
2025-09-26 16:00:00+00:00,479147.05479283823
2025-09-26 20:00:00+00:00,479147.19533079816
2025-09-27 00:00:00+00:00,479147.65196097206
2025-09-27 04:00:00+00:00,479147.5909270759
2025-09-27 08:00:00+00:00,479147.41808524256
2025-09-27 12:00:00+00:00,479147.3255253212
2025-09-27 16:00:00+00:00,479147.41008970677
2025-09-27 20:00:00+00:00,479147.42052036023
2025-09-28 00:00:00+00:00,479147.6282611139
2025-09-28 04:00:00+00:00,479147.44459814136
2025-09-28 08:00:00+00:00,479147.51569814136
2025-09-28 12:00:00+00:00,479147.3617509888
2025-09-28 16:00:00+00:00,479148.02795098885
2025-09-28 20:00:00+00:00,479148.3177644202
2025-09-29 00:00:00+00:00,479150.15576442017
2025-09-29 04:00:00+00:00,479149.8512722151
2025-09-29 08:00:00+00:00,479149.84827221505
2025-09-29 12:00:00+00:00,479150.08407321526
2025-09-29 16:00:00+00:00,479151.7853846428
2025-09-29 20:00:00+00:00,479152.23677774897
2025-09-30 00:00:00+00:00,479152.29355524894
2025-09-30 04:00:00+00:00,479152.3520158407
2025-09-30 08:00:00+00:00,479151.69158917404
2025-09-30 12:00:00+00:00,479151.03123260546
2025-09-30 16:00:00+00:00,479151.07809105475
2025-09-30 20:00:00+00:00,479152.3286697006
2025-10-01 00:00:00+00:00,479152.0083697006
2025-10-01 04:00:00+00:00,479152.15174537967
2025-10-01 08:00:00+00:00,479152.50469012477
2025-10-01 12:00:00+00:00,479154.75759726117
2025-10-01 16:00:00+00:00,479155.37925478286
2025-10-01 20:00:00+00:00,479155.37686981127
2025-10-02 00:00:00+00:00,501487.8393078836
2025-10-02 04:00:00+00:00,503940.0970730654
2025-10-02 08:00:00+00:00,499317.8437730655
2025-10-02 12:00:00+00:00,504132.7842050673
2025-10-02 16:00:00+00:00,525275.8061376723
2025-10-02 20:00:00+00:00,542122.4662929417
2025-10-03 00:00:00+00:00,536124.3551327401
2025-10-03 04:00:00+00:00,530499.4443679029
2025-10-03 08:00:00+00:00,520165.628567903
2025-10-03 12:00:00+00:00,532506.9534939029
2025-10-03 16:00:00+00:00,567849.6159989395
2025-10-03 20:00:00+00:00,574578.3387748117
2025-10-04 00:00:00+00:00,566499.9047748117
2025-10-04 04:00:00+00:00,566625.4102368575
2025-10-04 08:00:00+00:00,568014.1824646043
2025-10-04 12:00:00+00:00,561397.9588710989
2025-10-04 16:00:00+00:00,558025.480076468
2025-10-04 20:00:00+00:00,561133.5751939674
2025-10-05 00:00:00+00:00,568863.765460748
2025-10-05 04:00:00+00:00,594353.8147524282
2025-10-05 08:00:00+00:00,611606.7188154375
2025-10-05 12:00:00+00:00,588027.6971995827
2025-10-05 16:00:00+00:00,578436.7524413447
2025-10-05 20:00:00+00:00,575511.7657836316
2025-10-06 00:00:00+00:00,587797.4927137955
2025-10-06 04:00:00+00:00,592891.5150930636
2025-10-06 08:00:00+00:00,586479.1303674668
2025-10-06 12:00:00+00:00,597948.0378871039
2025-10-06 16:00:00+00:00,608982.9249166262
2025-10-06 20:00:00+00:00,614867.9094081618
2025-10-07 00:00:00+00:00,604233.7338463259
2025-10-07 04:00:00+00:00,599256.0719635319
2025-10-07 08:00:00+00:00,590077.6781263751
2025-10-07 12:00:00+00:00,600788.362495978
2025-10-07 16:00:00+00:00,564301.3229170876
2025-10-07 20:00:00+00:00,564301.3229170876
2025-10-08 00:00:00+00:00,564301.3229170876
2025-10-08 04:00:00+00:00,564301.3229170876
2025-10-08 08:00:00+00:00,564301.3229170876
2025-10-08 12:00:00+00:00,564301.3229170876
2025-10-08 16:00:00+00:00,561566.4918332166
2025-10-08 20:00:00+00:00,566280.8766283691
2025-10-09 00:00:00+00:00,565667.8369918539
2025-10-09 04:00:00+00:00,560963.144937054
2025-10-09 08:00:00+00:00,560434.6168728964
2025-10-09 12:00:00+00:00,563512.8579694484
2025-10-09 16:00:00+00:00,563421.3564049266
2025-10-09 20:00:00+00:00,563421.3564049266
2025-10-10 00:00:00+00:00,563421.3564049266
2025-10-10 04:00:00+00:00,563421.3564049266
2025-10-10 08:00:00+00:00,563421.3564049266
2025-10-10 12:00:00+00:00,563421.3564049266
2025-10-10 16:00:00+00:00,563421.3564049266
2025-10-10 20:00:00+00:00,563421.3564049266
2025-10-11 00:00:00+00:00,563421.3564049266
2025-10-11 04:00:00+00:00,563421.3564049266
2025-10-11 08:00:00+00:00,563421.3564049266
2025-10-11 12:00:00+00:00,563421.3564049266
2025-10-11 16:00:00+00:00,563421.3564049266
2025-10-11 20:00:00+00:00,563421.3564049266
2025-10-12 00:00:00+00:00,563421.3564049266
2025-10-12 04:00:00+00:00,563421.3564049266
2025-10-12 08:00:00+00:00,563421.3564049266
2025-10-12 12:00:00+00:00,563421.3564049266
2025-10-12 16:00:00+00:00,563421.3564049266
2025-10-12 20:00:00+00:00,563421.3564049266
2025-10-13 00:00:00+00:00,563421.3564049266
2025-10-13 04:00:00+00:00,563421.3564049266
2025-10-13 08:00:00+00:00,563421.3564049266
2025-10-13 12:00:00+00:00,563421.3564049266
2025-10-13 16:00:00+00:00,563421.3564049266
2025-10-13 20:00:00+00:00,563421.3564049266
2025-10-14 00:00:00+00:00,563421.3564049266
2025-10-14 04:00:00+00:00,563421.3564049266
2025-10-14 08:00:00+00:00,563421.3564049266
2025-10-14 12:00:00+00:00,563421.3564049266
2025-10-14 16:00:00+00:00,563421.3564049266
2025-10-14 20:00:00+00:00,563421.3564049266
2025-10-15 00:00:00+00:00,563421.3564049266
2025-10-15 04:00:00+00:00,563421.3564049266
2025-10-15 08:00:00+00:00,563421.3564049266
2025-10-15 12:00:00+00:00,563421.3564049266
2025-10-15 16:00:00+00:00,563421.3564049266
2025-10-15 20:00:00+00:00,563421.3564049266
2025-10-16 00:00:00+00:00,563421.3564049266
2025-10-16 04:00:00+00:00,563421.3564049266
2025-10-16 08:00:00+00:00,563421.3564049266
2025-10-16 12:00:00+00:00,563421.3564049266
2025-10-16 16:00:00+00:00,563421.3564049266
2025-10-16 20:00:00+00:00,563421.3564049266
2025-10-17 00:00:00+00:00,563421.3564049266
2025-10-17 04:00:00+00:00,563421.3564049266
2025-10-17 08:00:00+00:00,563421.3564049266
2025-10-17 12:00:00+00:00,563421.3564049266
2025-10-17 16:00:00+00:00,563421.3564049266
2025-10-17 20:00:00+00:00,563421.3564049266
2025-10-18 00:00:00+00:00,563421.3564049266
2025-10-18 04:00:00+00:00,563421.3564049266
2025-10-18 08:00:00+00:00,563421.3564049266
2025-10-18 12:00:00+00:00,563421.3564049266
2025-10-18 16:00:00+00:00,563421.3564049266
2025-10-18 20:00:00+00:00,563421.3564049266
2025-10-19 00:00:00+00:00,563421.3564049266
2025-10-19 04:00:00+00:00,563421.3564049266
2025-10-19 08:00:00+00:00,563421.3564049266
2025-10-19 12:00:00+00:00,563421.3564049266
2025-10-19 16:00:00+00:00,563421.3564049266
2025-10-19 20:00:00+00:00,563421.3564049266
2025-10-20 00:00:00+00:00,563421.3564049266
2025-10-20 04:00:00+00:00,563421.3564049266
2025-10-20 08:00:00+00:00,563421.3564049266
2025-10-20 12:00:00+00:00,563421.3564049266
2025-10-20 16:00:00+00:00,563421.3564049266
2025-10-20 20:00:00+00:00,563421.3564049266
2025-10-21 00:00:00+00:00,563421.3564049266
2025-10-21 04:00:00+00:00,563421.3564049266
2025-10-21 08:00:00+00:00,563421.3564049266
2025-10-21 12:00:00+00:00,563421.3564049266
2025-10-21 16:00:00+00:00,563421.3564049266
2025-10-21 20:00:00+00:00,563421.3564049266
2025-10-22 00:00:00+00:00,563421.3564049266
2025-10-22 04:00:00+00:00,563421.3564049266
2025-10-22 08:00:00+00:00,563421.3564049266
2025-10-22 12:00:00+00:00,563421.3564049266
2025-10-22 16:00:00+00:00,563421.3564049266
2025-10-22 20:00:00+00:00,563421.3564049266
2025-10-23 00:00:00+00:00,563421.3564049266
2025-10-23 04:00:00+00:00,563421.3564049266
2025-10-23 08:00:00+00:00,563421.3564049266
2025-10-23 12:00:00+00:00,563421.3564049266
2025-10-23 16:00:00+00:00,563421.3564049266
2025-10-23 20:00:00+00:00,563421.3564049266
2025-10-24 00:00:00+00:00,563421.3564049266
2025-10-24 04:00:00+00:00,563421.3564049266
2025-10-24 08:00:00+00:00,563421.3564049266
2025-10-24 12:00:00+00:00,563421.3564049266
2025-10-24 16:00:00+00:00,563421.3564049266
2025-10-24 20:00:00+00:00,563421.3564049266
2025-10-25 00:00:00+00:00,563421.3564049266
2025-10-25 04:00:00+00:00,563421.3564049266
2025-10-25 08:00:00+00:00,563421.3564049266
2025-10-25 12:00:00+00:00,563421.3564049266
2025-10-25 16:00:00+00:00,563421.3564049266
2025-10-25 20:00:00+00:00,563421.3564049266
2025-10-26 00:00:00+00:00,563421.3564049266
2025-10-26 04:00:00+00:00,563421.3564049266
2025-10-26 08:00:00+00:00,563421.3564049266
2025-10-26 12:00:00+00:00,563421.3564049266
2025-10-26 16:00:00+00:00,563421.3564049266
2025-10-26 20:00:00+00:00,563421.3564049266
2025-10-27 00:00:00+00:00,563421.3564049266
2025-10-27 04:00:00+00:00,563421.3564049266
2025-10-27 08:00:00+00:00,563421.3564049266
2025-10-27 12:00:00+00:00,563421.3564049266
2025-10-27 16:00:00+00:00,563421.3564049266
2025-10-27 20:00:00+00:00,563421.3564049266
2025-10-28 00:00:00+00:00,563421.3564049266
2025-10-28 04:00:00+00:00,562607.824585133
2025-10-28 08:00:00+00:00,563693.594071984
2025-10-28 12:00:00+00:00,564295.4599937166
2025-10-28 16:00:00+00:00,565465.4901232695
2025-10-28 20:00:00+00:00,561730.3330921526
2025-10-29 00:00:00+00:00,560537.6894043462
2025-10-29 04:00:00+00:00,560100.2941600941
2025-10-29 08:00:00+00:00,561326.6982273993
2025-10-29 12:00:00+00:00,560819.1686021807
2025-10-29 16:00:00+00:00,558909.5798021806
2025-10-29 20:00:00+00:00,558850.5299163135
2025-10-30 00:00:00+00:00,558850.5299163135
2025-10-30 04:00:00+00:00,558850.5299163135
2025-10-30 08:00:00+00:00,558850.5299163135
2025-10-30 12:00:00+00:00,558850.5299163135
2025-10-30 16:00:00+00:00,558850.5299163135
2025-10-30 20:00:00+00:00,558850.5299163135
2025-10-31 00:00:00+00:00,558850.5299163135
2025-10-31 04:00:00+00:00,558850.5299163135
2025-10-31 08:00:00+00:00,558850.5299163135
2025-10-31 12:00:00+00:00,558850.5299163135
2025-10-31 16:00:00+00:00,558850.5299163135
2025-10-31 20:00:00+00:00,558850.5299163135
2025-11-01 00:00:00+00:00,558850.5299163135
2025-11-01 04:00:00+00:00,558850.5299163135
2025-11-01 08:00:00+00:00,558850.5299163135
2025-11-01 12:00:00+00:00,558850.5299163135
2025-11-01 16:00:00+00:00,558850.5299163135
2025-11-01 20:00:00+00:00,558850.5299163135
2025-11-02 00:00:00+00:00,558850.5299163135
2025-11-02 04:00:00+00:00,558850.5299163135
2025-11-02 08:00:00+00:00,558850.5299163135
2025-11-02 12:00:00+00:00,558850.5299163135
2025-11-02 16:00:00+00:00,558850.5299163135
2025-11-02 20:00:00+00:00,558850.5299163135
2025-11-03 00:00:00+00:00,558850.5299163135
2025-11-03 04:00:00+00:00,558850.5299163135
2025-11-03 08:00:00+00:00,558850.5299163135
2025-11-03 12:00:00+00:00,558850.5299163135
2025-11-03 16:00:00+00:00,558850.5299163135
2025-11-03 20:00:00+00:00,558850.5299163135
2025-11-04 00:00:00+00:00,558850.5299163135
2025-11-04 04:00:00+00:00,558850.5299163135
2025-11-04 08:00:00+00:00,558850.5299163135
2025-11-04 12:00:00+00:00,558850.5299163135
2025-11-04 16:00:00+00:00,558850.5299163135
2025-11-04 20:00:00+00:00,558850.5299163135
2025-11-05 00:00:00+00:00,558850.5299163135
2025-11-05 04:00:00+00:00,558850.5299163135
2025-11-05 08:00:00+00:00,558850.5299163135
2025-11-05 12:00:00+00:00,558850.5299163135
2025-11-05 16:00:00+00:00,558850.5299163135
2025-11-05 20:00:00+00:00,558850.5299163135
2025-11-06 00:00:00+00:00,558850.5299163135
2025-11-06 04:00:00+00:00,558850.5299163135
2025-11-06 08:00:00+00:00,558850.5299163135
2025-11-06 12:00:00+00:00,558850.5299163135
2025-11-06 16:00:00+00:00,558850.5299163135
2025-11-06 20:00:00+00:00,558850.5299163135
2025-11-07 00:00:00+00:00,558850.5299163135
2025-11-07 04:00:00+00:00,558850.5299163135
2025-11-07 08:00:00+00:00,558850.5299163135
2025-11-07 12:00:00+00:00,558850.5299163135
2025-11-07 16:00:00+00:00,558850.5299163135
2025-11-07 20:00:00+00:00,558850.5299163135
2025-11-08 00:00:00+00:00,558850.5299163135
2025-11-08 04:00:00+00:00,558850.5299163135
2025-11-08 08:00:00+00:00,558850.5299163135
2025-11-08 12:00:00+00:00,558850.5299163135
2025-11-08 16:00:00+00:00,558850.5299163135
2025-11-08 20:00:00+00:00,558850.5299163135
2025-11-09 00:00:00+00:00,558850.5299163135
2025-11-09 04:00:00+00:00,558850.5299163135
2025-11-09 08:00:00+00:00,558850.5299163135
2025-11-09 12:00:00+00:00,558850.5299163135
2025-11-09 16:00:00+00:00,558850.5299163135
2025-11-09 20:00:00+00:00,558850.5299163135
2025-11-10 00:00:00+00:00,558850.5299163135
2025-11-10 04:00:00+00:00,558850.5299163135
2025-11-10 08:00:00+00:00,558850.5299163135
2025-11-10 12:00:00+00:00,558850.5299163135
2025-11-10 16:00:00+00:00,558850.5299163135
2025-11-10 20:00:00+00:00,558850.5299163135
2025-11-11 00:00:00+00:00,558850.5299163135
2025-11-11 04:00:00+00:00,558850.5299163135
2025-11-11 08:00:00+00:00,558850.5299163135
2025-11-11 12:00:00+00:00,558850.5299163135
2025-11-11 16:00:00+00:00,558850.5299163135
2025-11-11 20:00:00+00:00,558850.5299163135
2025-11-12 00:00:00+00:00,558850.5299163135
2025-11-12 04:00:00+00:00,558850.5299163135
2025-11-12 08:00:00+00:00,558850.5299163135
2025-11-12 12:00:00+00:00,558850.5299163135
2025-11-12 16:00:00+00:00,558850.5299163135
2025-11-12 20:00:00+00:00,558850.5299163135
2025-11-13 00:00:00+00:00,558850.5299163135
2025-11-13 04:00:00+00:00,558850.5299163135
2025-11-13 08:00:00+00:00,558850.5299163135
2025-11-13 12:00:00+00:00,558850.5299163135
2025-11-13 16:00:00+00:00,558850.5299163135
2025-11-13 20:00:00+00:00,558850.5299163135
2025-11-14 00:00:00+00:00,558850.5299163135
2025-11-14 04:00:00+00:00,558850.5299163135
2025-11-14 08:00:00+00:00,558850.5299163135
2025-11-14 12:00:00+00:00,558850.5299163135
2025-11-14 16:00:00+00:00,558850.5299163135
2025-11-14 20:00:00+00:00,558850.5299163135
2025-11-15 00:00:00+00:00,558850.5299163135
2025-11-15 04:00:00+00:00,558850.5299163135
2025-11-15 08:00:00+00:00,558850.5299163135
2025-11-15 12:00:00+00:00,558850.5299163135
2025-11-15 16:00:00+00:00,558850.5299163135
2025-11-15 20:00:00+00:00,558850.5299163135
2025-11-16 00:00:00+00:00,558850.5299163135
2025-11-16 04:00:00+00:00,558850.5299163135
2025-11-16 08:00:00+00:00,558850.5299163135
2025-11-16 12:00:00+00:00,558850.5299163135
2025-11-16 16:00:00+00:00,558850.5299163135
2025-11-16 20:00:00+00:00,558850.5299163135
2025-11-17 00:00:00+00:00,558850.5299163135
2025-11-17 04:00:00+00:00,558850.5299163135
2025-11-17 08:00:00+00:00,558850.5299163135
2025-11-17 12:00:00+00:00,558850.5299163135
2025-11-17 16:00:00+00:00,558850.5299163135
2025-11-17 20:00:00+00:00,558850.5299163135
2025-11-18 00:00:00+00:00,558850.5299163135
2025-11-18 04:00:00+00:00,558850.5299163135
2025-11-18 08:00:00+00:00,558850.5299163135
2025-11-18 12:00:00+00:00,558850.5299163135
2025-11-18 16:00:00+00:00,558850.5299163135
2025-11-18 20:00:00+00:00,558850.5299163135
2025-11-19 00:00:00+00:00,558850.5299163135
2025-11-19 04:00:00+00:00,558850.5299163135
2025-11-19 08:00:00+00:00,558850.5299163135
2025-11-19 12:00:00+00:00,558850.5299163135
2025-11-19 16:00:00+00:00,558850.5299163135
2025-11-19 20:00:00+00:00,558850.5299163135
2025-11-20 00:00:00+00:00,558850.5299163135
2025-11-20 04:00:00+00:00,558850.5299163135
2025-11-20 08:00:00+00:00,558850.5299163135
2025-11-20 12:00:00+00:00,558850.5299163135
2025-11-20 16:00:00+00:00,558850.5299163135
2025-11-20 20:00:00+00:00,558850.5299163135
2025-11-21 00:00:00+00:00,558850.5299163135
2025-11-21 04:00:00+00:00,558850.5299163135
2025-11-21 08:00:00+00:00,558850.5299163135
2025-11-21 12:00:00+00:00,558850.5299163135
2025-11-21 16:00:00+00:00,558850.5299163135
2025-11-21 20:00:00+00:00,558850.5299163135
2025-11-22 00:00:00+00:00,558850.5299163135
2025-11-22 04:00:00+00:00,558850.5299163135
2025-11-22 08:00:00+00:00,558850.5299163135
2025-11-22 12:00:00+00:00,558850.5299163135
2025-11-22 16:00:00+00:00,558850.5299163135
2025-11-22 20:00:00+00:00,558850.5299163135
2025-11-23 00:00:00+00:00,558850.5299163135
2025-11-23 04:00:00+00:00,558850.5299163135
2025-11-23 08:00:00+00:00,558850.5299163135
2025-11-23 12:00:00+00:00,558850.5299163135
2025-11-23 16:00:00+00:00,558850.5299163135
2025-11-23 20:00:00+00:00,558850.5299163135
2025-11-24 00:00:00+00:00,558850.5299163135
2025-11-24 04:00:00+00:00,558850.5299163135
2025-11-24 08:00:00+00:00,558850.5299163135
2025-11-24 12:00:00+00:00,558850.5299163135
2025-11-24 16:00:00+00:00,558850.5299163135
2025-11-24 20:00:00+00:00,558850.5299163135
2025-11-25 00:00:00+00:00,558850.5299163135
2025-11-25 04:00:00+00:00,558850.5299163135
2025-11-25 08:00:00+00:00,558850.5299163135
2025-11-25 12:00:00+00:00,558850.5299163135
2025-11-25 16:00:00+00:00,558850.5299163135
2025-11-25 20:00:00+00:00,558850.5299163135
2025-11-26 00:00:00+00:00,558850.5299163135
2025-11-26 04:00:00+00:00,558850.5299163135
2025-11-26 08:00:00+00:00,558850.5299163135
2025-11-26 12:00:00+00:00,558850.5299163135
2025-11-26 16:00:00+00:00,558850.5299163135
2025-11-26 20:00:00+00:00,558850.5299163135
2025-11-27 00:00:00+00:00,558850.5299163135
2025-11-27 04:00:00+00:00,558850.5299163135
2025-11-27 08:00:00+00:00,558850.5299163135
2025-11-27 12:00:00+00:00,558850.5299163135
2025-11-27 16:00:00+00:00,558850.5299163135
2025-11-27 20:00:00+00:00,558850.5299163135
2025-11-28 00:00:00+00:00,558850.5299163135
2025-11-28 04:00:00+00:00,558850.5299163135
2025-11-28 08:00:00+00:00,558850.5299163135
2025-11-28 12:00:00+00:00,558850.5299163135
2025-11-28 16:00:00+00:00,558850.5299163135
2025-11-28 20:00:00+00:00,558850.5299163135
2025-11-29 00:00:00+00:00,558850.5299163135
2025-11-29 04:00:00+00:00,558850.5299163135
2025-11-29 08:00:00+00:00,558850.5299163135
2025-11-29 12:00:00+00:00,558850.5299163135
2025-11-29 16:00:00+00:00,558850.5299163135
2025-11-29 20:00:00+00:00,558850.5299163135
2025-11-30 00:00:00+00:00,558850.5299163135
2025-11-30 04:00:00+00:00,558850.5299163135
2025-11-30 08:00:00+00:00,558850.5299163135
2025-11-30 12:00:00+00:00,558850.5299163135
2025-11-30 16:00:00+00:00,558850.5299163135
2025-11-30 20:00:00+00:00,558850.5299163135
2025-12-01 00:00:00+00:00,558850.5299163135
2025-12-01 04:00:00+00:00,558850.5299163135
2025-12-01 08:00:00+00:00,558850.5299163135
2025-12-01 12:00:00+00:00,558850.5299163135
2025-12-01 16:00:00+00:00,558850.5299163135
2025-12-01 20:00:00+00:00,558850.5299163135
2025-12-02 00:00:00+00:00,558850.5299163135
2025-12-02 04:00:00+00:00,558850.5299163135
2025-12-02 08:00:00+00:00,558850.5299163135
2025-12-02 12:00:00+00:00,558850.5299163135
2025-12-02 16:00:00+00:00,558850.5299163135
2025-12-02 20:00:00+00:00,558850.5299163135
2025-12-03 00:00:00+00:00,558850.5299163135
2025-12-03 04:00:00+00:00,558850.5299163135
2025-12-03 08:00:00+00:00,558850.5299163135
2025-12-03 12:00:00+00:00,558850.5299163135
2025-12-03 16:00:00+00:00,558850.5299163135
2025-12-03 20:00:00+00:00,558850.5299163135
2025-12-04 00:00:00+00:00,558850.5299163135
2025-12-04 04:00:00+00:00,558850.5299163135
2025-12-04 08:00:00+00:00,558850.5299163135
2025-12-04 12:00:00+00:00,558850.5299163135
2025-12-04 16:00:00+00:00,558850.5299163135
2025-12-04 20:00:00+00:00,558850.5299163135
2025-12-05 00:00:00+00:00,558850.5299163135
2025-12-05 04:00:00+00:00,558850.5299163135
2025-12-05 08:00:00+00:00,558850.5299163135
2025-12-05 12:00:00+00:00,558850.5299163135
2025-12-05 16:00:00+00:00,558850.5299163135
2025-12-05 20:00:00+00:00,558850.5299163135
2025-12-06 00:00:00+00:00,558850.5299163135
2025-12-06 04:00:00+00:00,558850.5299163135
2025-12-06 08:00:00+00:00,558850.5299163135
2025-12-06 12:00:00+00:00,558850.5299163135
2025-12-06 16:00:00+00:00,558850.5299163135
2025-12-06 20:00:00+00:00,558850.5299163135
2025-12-07 00:00:00+00:00,558850.5299163135
2025-12-07 04:00:00+00:00,558850.5299163135
2025-12-07 08:00:00+00:00,558850.5299163135
2025-12-07 12:00:00+00:00,558850.5299163135
2025-12-07 16:00:00+00:00,558850.5299163135
2025-12-07 20:00:00+00:00,558850.5299163135
2025-12-08 00:00:00+00:00,558850.5299163135
2025-12-08 04:00:00+00:00,558850.5299163135
2025-12-08 08:00:00+00:00,558850.5299163135
2025-12-08 12:00:00+00:00,558850.5299163135
2025-12-08 16:00:00+00:00,558850.5299163135
2025-12-08 20:00:00+00:00,558850.5299163135
2025-12-09 00:00:00+00:00,558850.5299163135
2025-12-09 04:00:00+00:00,558850.5299163135
2025-12-09 08:00:00+00:00,558850.5299163135
2025-12-09 12:00:00+00:00,558850.5299163135
2025-12-09 16:00:00+00:00,558850.5299163135
2025-12-09 20:00:00+00:00,558850.5299163135
2025-12-10 00:00:00+00:00,558850.5299163135
2025-12-10 04:00:00+00:00,558850.5299163135
2025-12-10 08:00:00+00:00,558850.5299163135
2025-12-10 12:00:00+00:00,558850.5299163135
2025-12-10 16:00:00+00:00,558850.5299163135
2025-12-10 20:00:00+00:00,558850.5299163135
2025-12-11 00:00:00+00:00,558850.5299163135
2025-12-11 04:00:00+00:00,558850.5299163135
2025-12-11 08:00:00+00:00,558850.5299163135
2025-12-11 12:00:00+00:00,558850.5299163135
2025-12-11 16:00:00+00:00,558850.5299163135
2025-12-11 20:00:00+00:00,558850.5299163135
2025-12-12 00:00:00+00:00,558850.5299163135
2025-12-12 04:00:00+00:00,558850.5299163135
2025-12-12 08:00:00+00:00,558850.5299163135
2025-12-12 12:00:00+00:00,558850.5299163135
2025-12-12 16:00:00+00:00,558850.5299163135
2025-12-12 20:00:00+00:00,558850.5299163135
2025-12-13 00:00:00+00:00,558850.5299163135
2025-12-13 04:00:00+00:00,558850.5299163135
2025-12-13 08:00:00+00:00,558850.5299163135
2025-12-13 12:00:00+00:00,558850.5299163135
2025-12-13 16:00:00+00:00,558850.5299163135
2025-12-13 20:00:00+00:00,558850.5299163135
2025-12-14 00:00:00+00:00,558850.5299163135
2025-12-14 04:00:00+00:00,558850.5299163135
2025-12-14 08:00:00+00:00,558850.5299163135
2025-12-14 12:00:00+00:00,558850.5299163135
2025-12-14 16:00:00+00:00,558850.5299163135
2025-12-14 20:00:00+00:00,558850.5299163135
2025-12-15 00:00:00+00:00,558850.5299163135
2025-12-15 04:00:00+00:00,558850.5299163135
2025-12-15 08:00:00+00:00,558850.5299163135
2025-12-15 12:00:00+00:00,558850.5299163135
2025-12-15 16:00:00+00:00,558850.5299163135
2025-12-15 20:00:00+00:00,558850.5299163135
2025-12-16 00:00:00+00:00,558850.5299163135
2025-12-16 04:00:00+00:00,558850.5299163135
2025-12-16 08:00:00+00:00,558850.5299163135
2025-12-16 12:00:00+00:00,558850.5299163135
2025-12-16 16:00:00+00:00,558850.5299163135
2025-12-16 20:00:00+00:00,558850.5299163135
2025-12-17 00:00:00+00:00,558850.5299163135
2025-12-17 04:00:00+00:00,558850.5299163135
2025-12-17 08:00:00+00:00,558850.5299163135
2025-12-17 12:00:00+00:00,558850.5299163135
2025-12-17 16:00:00+00:00,558850.5299163135
2025-12-17 20:00:00+00:00,558850.5299163135
2025-12-18 00:00:00+00:00,558850.5299163135
2025-12-18 04:00:00+00:00,558850.5299163135
2025-12-18 08:00:00+00:00,558850.5299163135
2025-12-18 12:00:00+00:00,558850.5299163135
2025-12-18 16:00:00+00:00,558850.5299163135
2025-12-18 20:00:00+00:00,558850.5299163135
2025-12-19 00:00:00+00:00,558850.5299163135
2025-12-19 04:00:00+00:00,558850.5299163135
2025-12-19 08:00:00+00:00,558850.5299163135
2025-12-19 12:00:00+00:00,558850.5299163135
2025-12-19 16:00:00+00:00,558850.5299163135
2025-12-19 20:00:00+00:00,558850.5299163135
2025-12-20 00:00:00+00:00,558850.5299163135
2025-12-20 04:00:00+00:00,558850.5299163135
2025-12-20 08:00:00+00:00,558850.5299163135
2025-12-20 12:00:00+00:00,558850.5299163135
2025-12-20 16:00:00+00:00,558850.5299163135
2025-12-20 20:00:00+00:00,558850.5299163135
2025-12-21 00:00:00+00:00,558850.5299163135
2025-12-21 04:00:00+00:00,558850.5299163135
2025-12-21 08:00:00+00:00,558850.5299163135
2025-12-21 12:00:00+00:00,558850.5299163135
2025-12-21 16:00:00+00:00,558850.5299163135
2025-12-21 20:00:00+00:00,558850.5299163135
2025-12-22 00:00:00+00:00,558850.5299163135
2025-12-22 04:00:00+00:00,558850.5299163135
2025-12-22 08:00:00+00:00,558850.5299163135
2025-12-22 12:00:00+00:00,558850.5299163135
2025-12-22 16:00:00+00:00,558850.5299163135
2025-12-22 20:00:00+00:00,558850.5299163135
2025-12-23 00:00:00+00:00,558850.5299163135
2025-12-23 04:00:00+00:00,558850.5299163135
2025-12-23 08:00:00+00:00,558850.5299163135
2025-12-23 12:00:00+00:00,558850.5299163135
2025-12-23 16:00:00+00:00,558850.5299163135
2025-12-23 20:00:00+00:00,558850.5299163135
2025-12-24 00:00:00+00:00,558850.5299163135
2025-12-24 04:00:00+00:00,558850.5299163135
2025-12-24 08:00:00+00:00,558850.5299163135
2025-12-24 12:00:00+00:00,558850.5299163135
2025-12-24 16:00:00+00:00,558850.5299163135
2025-12-24 20:00:00+00:00,558850.5299163135
2025-12-25 00:00:00+00:00,558850.5299163135
2025-12-25 04:00:00+00:00,558850.5299163135
2025-12-25 08:00:00+00:00,558850.5299163135
2025-12-25 12:00:00+00:00,558850.5299163135
2025-12-25 16:00:00+00:00,558850.5299163135
2025-12-25 20:00:00+00:00,558850.5299163135
2025-12-26 00:00:00+00:00,558850.5299163135
2025-12-26 04:00:00+00:00,558850.5299163135
2025-12-26 08:00:00+00:00,558850.5299163135
2025-12-26 12:00:00+00:00,558850.5299163135
2025-12-26 16:00:00+00:00,558850.5299163135
2025-12-26 20:00:00+00:00,558850.5299163135
2025-12-27 00:00:00+00:00,558850.5299163135
2025-12-27 04:00:00+00:00,558850.5299163135
2025-12-27 08:00:00+00:00,558850.5299163135
2025-12-27 12:00:00+00:00,558850.5299163135
2025-12-27 16:00:00+00:00,558850.5299163135
2025-12-27 20:00:00+00:00,558850.5299163135
2025-12-28 00:00:00+00:00,558850.5299163135
2025-12-28 04:00:00+00:00,558850.5299163135
2025-12-28 08:00:00+00:00,558850.5299163135
2025-12-28 12:00:00+00:00,558850.5299163135
2025-12-28 16:00:00+00:00,558850.5299163135
2025-12-28 20:00:00+00:00,558850.5299163135
2025-12-29 00:00:00+00:00,558850.5299163135
2025-12-29 04:00:00+00:00,558850.5299163135
2025-12-29 08:00:00+00:00,558850.5299163135
2025-12-29 12:00:00+00:00,558850.5299163135
2025-12-29 16:00:00+00:00,558850.5299163135
2025-12-29 20:00:00+00:00,558850.5299163135
2025-12-30 00:00:00+00:00,558850.5299163135
2025-12-30 04:00:00+00:00,558850.5299163135
2025-12-30 08:00:00+00:00,558850.5299163135
2025-12-30 12:00:00+00:00,558850.5299163135
2025-12-30 16:00:00+00:00,558850.5299163135
2025-12-30 20:00:00+00:00,558850.5299163135
2025-12-31 00:00:00+00:00,558850.5299163135
2025-12-31 04:00:00+00:00,558850.5299163135
2025-12-31 08:00:00+00:00,558850.5299163135
2025-12-31 12:00:00+00:00,558850.5299163135
2025-12-31 16:00:00+00:00,558850.5299163135
2025-12-31 20:00:00+00:00,558850.5299163135
2026-01-01 00:00:00+00:00,558850.5299163135
2026-01-01 04:00:00+00:00,558850.5299163135
2026-01-01 08:00:00+00:00,558850.5299163135
2026-01-01 12:00:00+00:00,558850.5299163135
2026-01-01 16:00:00+00:00,558850.5299163135
2026-01-01 20:00:00+00:00,558850.5299163135
2026-01-02 00:00:00+00:00,558850.5299163135
2026-01-02 04:00:00+00:00,558850.5299163135
2026-01-02 08:00:00+00:00,558850.5299163135
2026-01-02 12:00:00+00:00,558850.5299163135
2026-01-02 16:00:00+00:00,558850.5299163135
2026-01-02 20:00:00+00:00,558850.5299163135
2026-01-03 00:00:00+00:00,558850.5299163135
2026-01-03 04:00:00+00:00,558850.5299163135
2026-01-03 08:00:00+00:00,558850.5299163135
2026-01-03 12:00:00+00:00,558850.5299163135
2026-01-03 16:00:00+00:00,558850.5299163135
2026-01-03 20:00:00+00:00,558850.5299163135
2026-01-04 00:00:00+00:00,558850.5299163135
2026-01-04 04:00:00+00:00,558850.5299163135
2026-01-04 08:00:00+00:00,558850.5299163135
2026-01-04 12:00:00+00:00,558850.5299163135
2026-01-04 16:00:00+00:00,559071.4058569716
2026-01-04 20:00:00+00:00,557861.6322546677
2026-01-05 00:00:00+00:00,560394.2189666162
2026-01-05 04:00:00+00:00,568465.8423192954
2026-01-05 08:00:00+00:00,566356.2906184059
2026-01-05 12:00:00+00:00,570076.5610206329
2026-01-05 16:00:00+00:00,575077.8344692679
2026-01-05 20:00:00+00:00,577083.2813521669
2026-01-06 00:00:00+00:00,573844.3260124262
2026-01-06 04:00:00+00:00,573227.0651665217
2026-01-06 08:00:00+00:00,570302.949563284
2026-01-06 12:00:00+00:00,573651.4716445603
2026-01-06 16:00:00+00:00,572527.5254030059
2026-01-06 20:00:00+00:00,561407.1008233114
2026-01-07 00:00:00+00:00,561407.1008233114
2026-01-07 04:00:00+00:00,561407.1008233114
2026-01-07 08:00:00+00:00,561407.1008233114
2026-01-07 12:00:00+00:00,561407.1008233114
2026-01-07 16:00:00+00:00,561407.1008233114
2026-01-07 20:00:00+00:00,561407.1008233114
2026-01-08 00:00:00+00:00,561407.1008233114
2026-01-08 04:00:00+00:00,561407.1008233114
2026-01-08 08:00:00+00:00,561407.1008233114
2026-01-08 12:00:00+00:00,561407.1008233114
2026-01-08 16:00:00+00:00,561407.1008233114
2026-01-08 20:00:00+00:00,561407.1008233114
2026-01-09 00:00:00+00:00,561407.1008233114
2026-01-09 04:00:00+00:00,561407.1008233114
2026-01-09 08:00:00+00:00,561407.1008233114
2026-01-09 12:00:00+00:00,561407.1008233114
2026-01-09 16:00:00+00:00,561407.1008233114
2026-01-09 20:00:00+00:00,561407.1008233114
2026-01-10 00:00:00+00:00,561407.1008233114
2026-01-10 04:00:00+00:00,561407.1008233114
2026-01-10 08:00:00+00:00,561407.1008233114
2026-01-10 12:00:00+00:00,561407.1008233114
2026-01-10 16:00:00+00:00,561407.1008233114
2026-01-10 20:00:00+00:00,561407.1008233114
2026-01-11 00:00:00+00:00,561407.1008233114
2026-01-11 04:00:00+00:00,561407.1008233114
2026-01-11 08:00:00+00:00,561407.1008233114
2026-01-11 12:00:00+00:00,561407.1008233114
2026-01-11 16:00:00+00:00,561407.1008233114
2026-01-11 20:00:00+00:00,561407.1008233114
2026-01-12 00:00:00+00:00,561407.1008233114
2026-01-12 04:00:00+00:00,561407.1008233114
2026-01-12 08:00:00+00:00,561407.1008233114
2026-01-12 12:00:00+00:00,561407.1008233114
2026-01-12 16:00:00+00:00,561407.1008233114
2026-01-12 20:00:00+00:00,561407.1008233114
2026-01-13 00:00:00+00:00,561407.1008233114
2026-01-13 04:00:00+00:00,561407.1008233114
2026-01-13 08:00:00+00:00,561407.1008233114
2026-01-13 12:00:00+00:00,561407.1008233114
2026-01-13 16:00:00+00:00,561407.1008233114
2026-01-13 20:00:00+00:00,561407.1008233114
2026-01-14 00:00:00+00:00,561407.1008233114
2026-01-14 04:00:00+00:00,561407.1008233114
2026-01-14 08:00:00+00:00,561407.1008233114
2026-01-14 12:00:00+00:00,554639.9608346269
2026-01-14 16:00:00+00:00,584578.7466346268
2026-01-14 20:00:00+00:00,595212.526267368
2026-01-15 00:00:00+00:00,588881.8928673678
2026-01-15 04:00:00+00:00,569279.8479518903
2026-01-15 08:00:00+00:00,578759.6133931784
2026-01-15 12:00:00+00:00,577894.6365015662
2026-01-15 16:00:00+00:00,580659.8342702592
2026-01-15 20:00:00+00:00,562234.6902512889
2026-01-16 00:00:00+00:00,563577.5832512889
2026-01-16 04:00:00+00:00,559866.2079154036
2026-01-16 08:00:00+00:00,564069.6669154036
2026-01-16 12:00:00+00:00,560694.7554335366
2026-01-16 16:00:00+00:00,548407.3749852033
2026-01-16 20:00:00+00:00,549902.9636981405
2026-01-17 00:00:00+00:00,552226.1534839931
2026-01-17 04:00:00+00:00,551487.0083311811
2026-01-17 08:00:00+00:00,550320.9304620293
2026-01-17 12:00:00+00:00,551271.1070270939
2026-01-17 16:00:00+00:00,552322.7470270939
2026-01-17 20:00:00+00:00,551143.7966967438
2026-01-18 00:00:00+00:00,550499.0865319938
2026-01-18 04:00:00+00:00,550684.6255089864
2026-01-18 08:00:00+00:00,549973.0445089864
2026-01-18 12:00:00+00:00,550556.2555906774
2026-01-18 16:00:00+00:00,550291.742234775
2026-01-18 20:00:00+00:00,550059.9277881135
2026-01-19 00:00:00+00:00,550058.2041959878
2026-01-19 04:00:00+00:00,550057.2439447736
2026-01-19 08:00:00+00:00,550057.3759748171
2026-01-19 12:00:00+00:00,550057.7222418886
2026-01-19 16:00:00+00:00,550057.6022654973
2026-01-19 20:00:00+00:00,550057.6493220417
2026-01-20 00:00:00+00:00,550057.1737164402
2026-01-20 04:00:00+00:00,550056.9710305711
2026-01-20 08:00:00+00:00,550055.7102305711
2026-01-20 12:00:00+00:00,550055.7512918932
2026-01-20 16:00:00+00:00,550055.220783596
2026-01-20 20:00:00+00:00,550054.2569681971
2026-01-21 00:00:00+00:00,550052.9535681971
2026-01-21 04:00:00+00:00,550053.9512305288
2026-01-21 08:00:00+00:00,550053.7378544342
2026-01-21 12:00:00+00:00,550053.3128989724
2026-01-21 16:00:00+00:00,550054.7857292696
2026-01-21 20:00:00+00:00,550054.871854553
2026-01-22 00:00:00+00:00,550053.9683457921
2026-01-22 04:00:00+00:00,550054.4018719445
2026-01-22 08:00:00+00:00,550054.3132719445
2026-01-22 12:00:00+00:00,550054.4457845698
2026-01-22 16:00:00+00:00,550053.5263963814
2026-01-22 20:00:00+00:00,550054.2656036697
2026-01-23 00:00:00+00:00,550054.0475036696
2026-01-23 04:00:00+00:00,550054.4093471781
2026-01-23 08:00:00+00:00,550054.0343504172
2026-01-23 12:00:00+00:00,550053.6914128185
2026-01-23 16:00:00+00:00,550054.2333128185
2026-01-23 20:00:00+00:00,550054.4521616166
2026-01-24 00:00:00+00:00,550054.0727616167
2026-01-24 04:00:00+00:00,550054.2510904729
2026-01-24 08:00:00+00:00,550054.0956266251
2026-01-24 12:00:00+00:00,550054.0667661317
2026-01-24 16:00:00+00:00,550053.7419384815
2026-01-24 20:00:00+00:00,550053.7873477588
2026-01-25 00:00:00+00:00,550053.6822189328
2026-01-25 04:00:00+00:00,550053.4289950675
2026-01-25 08:00:00+00:00,550053.1308409442
2026-01-25 12:00:00+00:00,550053.0240223716
2026-01-25 16:00:00+00:00,550052.8988012266
2026-01-25 20:00:00+00:00,550050.9478543036
2026-01-26 00:00:00+00:00,550051.1219543037
2026-01-26 04:00:00+00:00,550051.7180311022
2026-01-26 08:00:00+00:00,550052.4538311022
2026-01-26 12:00:00+00:00,550052.2936029915
2026-01-26 16:00:00+00:00,550052.0919266249
2026-01-26 20:00:00+00:00,550052.4457359681
2026-01-27 00:00:00+00:00,550052.7788865985
2026-01-27 04:00:00+00:00,550053.2184474169
2026-01-27 08:00:00+00:00,550052.7668474169
2026-01-27 12:00:00+00:00,550052.4273252661
2026-01-27 16:00:00+00:00,550052.4775829947
2026-01-27 20:00:00+00:00,550052.8399219384
2026-01-28 00:00:00+00:00,550053.6657201558
2026-01-28 04:00:00+00:00,550053.5360582912
2026-01-28 08:00:00+00:00,550053.5631582913
2026-01-28 12:00:00+00:00,550054.4901568374
2026-01-28 16:00:00+00:00,550053.8974853231
2026-01-28 20:00:00+00:00,550053.8257417596
2026-01-29 00:00:00+00:00,550053.7131310276
2026-01-29 04:00:00+00:00,550052.449706185
2026-01-29 08:00:00+00:00,550052.7517951706
2026-01-29 12:00:00+00:00,550052.2329745466
2026-01-29 16:00:00+00:00,550049.3370236843
2026-01-29 20:00:00+00:00,550048.4116082265
2026-01-30 00:00:00+00:00,550049.0532308279
2026-01-30 04:00:00+00:00,550047.0694190722
2026-01-30 08:00:00+00:00,550047.2158880287
2026-01-30 12:00:00+00:00,550047.5319002431
2026-01-30 16:00:00+00:00,550047.2828002431
2026-01-30 20:00:00+00:00,550048.6119058537
2026-01-31 00:00:00+00:00,550048.6408086509
2026-01-31 04:00:00+00:00,550048.4061805377
2026-01-31 08:00:00+00:00,550047.9329805376
2026-01-31 12:00:00+00:00,550047.3996729105
2026-01-31 16:00:00+00:00,550045.6910871133
2026-01-31 20:00:00+00:00,550042.1182654431
2026-02-01 00:00:00+00:00,550043.1119614141
2026-02-01 04:00:00+00:00,550043.244901107
2026-02-01 08:00:00+00:00,550042.7338366243
2026-02-01 12:00:00+00:00,550043.1224572662
2026-02-01 16:00:00+00:00,550041.9651572662
2026-02-01 20:00:00+00:00,550041.5555957264
2026-02-02 00:00:00+00:00,550041.3405216177
2026-02-02 04:00:00+00:00,550040.6643280941
2026-02-02 08:00:00+00:00,550041.0173231738
2026-02-02 12:00:00+00:00,550042.1273005435
2026-02-02 16:00:00+00:00,550043.2027005436
2026-02-02 20:00:00+00:00,550042.7084024218
2026-02-03 00:00:00+00:00,550043.1143304353
2026-02-03 04:00:00+00:00,550043.1291161525
2026-02-03 08:00:00+00:00,550043.1594361525
2026-02-03 12:00:00+00:00,550042.4556683139
2026-02-03 16:00:00+00:00,550042.5151900747
2026-02-03 20:00:00+00:00,550039.3264793534
2026-02-04 00:00:00+00:00,550040.1484314766
2026-02-04 04:00:00+00:00,550041.0765413551
2026-02-04 08:00:00+00:00,550040.894841355
2026-02-04 12:00:00+00:00,550040.4043214445
2026-02-04 16:00:00+00:00,550038.505818228
2026-02-04 20:00:00+00:00,550038.2995035637
2026-02-05 00:00:00+00:00,550037.5587035636
2026-02-05 04:00:00+00:00,550035.6174738086
2026-02-05 08:00:00+00:00,550035.1127480664
2026-02-05 12:00:00+00:00,550034.6925926708
2026-02-05 16:00:00+00:00,550031.8625856123
2026-02-05 20:00:00+00:00,550029.6378595624
2026-02-06 00:00:00+00:00,550027.2971262073
2026-02-06 04:00:00+00:00,550028.5547152301
2026-02-06 08:00:00+00:00,550029.1986305149
2026-02-06 12:00:00+00:00,550031.0159991618
2026-02-06 16:00:00+00:00,550032.9852991618
2026-02-06 20:00:00+00:00,550035.1044415655
2026-02-07 00:00:00+00:00,550034.9678415654
2026-02-07 04:00:00+00:00,550035.3279278306
2026-02-07 08:00:00+00:00,550032.5030487945
2026-02-07 12:00:00+00:00,550032.3786156116
2026-02-07 16:00:00+00:00,550033.5638156116
2026-02-07 20:00:00+00:00,550033.7539272688
2026-02-08 00:00:00+00:00,550033.7183796313
2026-02-08 04:00:00+00:00,550033.5140823274
2026-02-08 08:00:00+00:00,550034.1136817115
2026-02-08 12:00:00+00:00,550035.402552121
2026-02-08 16:00:00+00:00,550035.599352121
2026-02-08 20:00:00+00:00,550035.8301459689
2026-02-09 00:00:00+00:00,550034.7756224544
2026-02-09 04:00:00+00:00,550035.75649597
2026-02-09 08:00:00+00:00,550034.847574854
2026-02-09 12:00:00+00:00,550033.3372753918
2026-02-09 16:00:00+00:00,550033.9945208712
2026-02-09 20:00:00+00:00,550035.3726544211
2026-02-10 00:00:00+00:00,550034.5663544212
2026-02-10 04:00:00+00:00,550033.9363311101
2026-02-10 08:00:00+00:00,550033.3442227517
2026-02-10 12:00:00+00:00,550032.9658496552
2026-02-10 16:00:00+00:00,550033.7168490683
2026-02-10 20:00:00+00:00,550033.5029966431
2026-02-11 00:00:00+00:00,550033.276654404
2026-02-11 04:00:00+00:00,550032.6166911299
2026-02-11 08:00:00+00:00,550031.4703911298
2026-02-11 12:00:00+00:00,550031.5039305198
2026-02-11 16:00:00+00:00,550030.964317998
2026-02-11 20:00:00+00:00,550032.030864549
2026-02-12 00:00:00+00:00,550031.5491077809
2026-02-12 04:00:00+00:00,550032.0369044321
2026-02-12 08:00:00+00:00,550031.685838161
2026-02-12 12:00:00+00:00,550032.595446387
2026-02-12 16:00:00+00:00,550031.5791827131
2026-02-12 20:00:00+00:00,550030.2274164027
2026-02-13 00:00:00+00:00,550030.719842265
2026-02-13 04:00:00+00:00,550030.9922776368
2026-02-13 08:00:00+00:00,550030.6573464338
2026-02-13 12:00:00+00:00,550031.6101037519
2026-02-13 16:00:00+00:00,550033.1250037518
2026-02-13 20:00:00+00:00,550033.4016783835
2026-02-14 00:00:00+00:00,550033.3265624486
2026-02-14 04:00:00+00:00,550033.4200428703
2026-02-14 08:00:00+00:00,550033.6547240007
2026-02-14 12:00:00+00:00,550034.9356936329
2026-02-14 16:00:00+00:00,550034.224193633
2026-02-14 20:00:00+00:00,550034.3159518248
2026-02-15 00:00:00+00:00,550034.2674518249
2026-02-15 04:00:00+00:00,550034.3952755223
2026-02-15 08:00:00+00:00,550035.2569972397
2026-02-15 12:00:00+00:00,550034.7383958739
2026-02-15 16:00:00+00:00,550033.5377958739
2026-02-15 20:00:00+00:00,550032.7417402394
2026-02-16 00:00:00+00:00,550033.2566600003
2026-02-16 04:00:00+00:00,550032.8639374869
2026-02-16 08:00:00+00:00,550033.0238772115
2026-02-16 12:00:00+00:00,550033.2829069631
2026-02-16 16:00:00+00:00,550031.9736256154
2026-02-16 20:00:00+00:00,550032.3614458981
2026-02-17 00:00:00+00:00,550033.3370858328
2026-02-17 04:00:00+00:00,550032.914075301
2026-02-17 08:00:00+00:00,550032.823875301
2026-02-17 12:00:00+00:00,550032.2944339432
2026-02-17 16:00:00+00:00,550031.8270488982
2026-02-17 20:00:00+00:00,550032.2251288533
2026-02-18 00:00:00+00:00,550031.9411288532
2026-02-18 04:00:00+00:00,550032.0627096698
2026-02-18 08:00:00+00:00,550032.5414595031
2026-02-18 12:00:00+00:00,550031.8084554937
2026-02-18 16:00:00+00:00,550032.1356904284
2026-02-18 20:00:00+00:00,550030.6028790167
2026-02-19 00:00:00+00:00,550030.9037131616
2026-02-19 04:00:00+00:00,550031.4146963593
2026-02-19 08:00:00+00:00,550031.6467905622
2026-02-19 12:00:00+00:00,550030.9304785326
2026-02-19 16:00:00+00:00,550030.8356785326
2026-02-19 20:00:00+00:00,550031.4899040755
2026-02-20 00:00:00+00:00,550031.4376040755
2026-02-20 04:00:00+00:00,550031.7949755621
2026-02-20 08:00:00+00:00,550032.2548109205
2026-02-20 12:00:00+00:00,550031.7281282333
2026-02-20 16:00:00+00:00,550032.0047282334
2026-02-20 20:00:00+00:00,550032.0761815071
2026-02-21 00:00:00+00:00,550032.4484102752
2026-02-21 04:00:00+00:00,550032.0934519215
2026-02-21 08:00:00+00:00,550032.2775519214
2026-02-21 12:00:00+00:00,550032.5159368697
2026-02-21 16:00:00+00:00,550033.0447838595
2026-02-21 20:00:00+00:00,550032.9655480403
2026-02-22 00:00:00+00:00,550032.4188305476
2026-02-22 04:00:00+00:00,550032.4610052132
2026-02-22 08:00:00+00:00,550032.4266337422
2026-02-22 12:00:00+00:00,550032.635769461
2026-02-22 16:00:00+00:00,550032.1120234828
2026-02-22 20:00:00+00:00,550031.8509594277
2026-02-23 00:00:00+00:00,550032.0622594276
2026-02-23 04:00:00+00:00,550029.3382387841
2026-02-23 08:00:00+00:00,550030.3598629871
2026-02-23 12:00:00+00:00,550030.6238947462
2026-02-23 16:00:00+00:00,550030.0940945867
2026-02-23 20:00:00+00:00,550028.7209267347
2026-02-24 00:00:00+00:00,550029.0792341986
2026-02-24 04:00:00+00:00,550028.0155389383
2026-02-24 08:00:00+00:00,550027.6129389383
2026-02-24 12:00:00+00:00,550027.6456924943
2026-02-24 16:00:00+00:00,550028.3826270378
2026-02-24 20:00:00+00:00,550028.8513088594
2026-02-25 00:00:00+00:00,550028.4731088594
2026-02-25 04:00:00+00:00,550029.8059881161
2026-02-25 08:00:00+00:00,550029.4480351451
2026-02-25 12:00:00+00:00,550029.8382166434
2026-02-25 16:00:00+00:00,550031.8189559694
2026-02-25 20:00:00+00:00,550033.4445430199
2026-02-26 00:00:00+00:00,550032.3989862374
2026-02-26 04:00:00+00:00,550032.633876588
2026-02-26 08:00:00+00:00,550032.246376588
2026-02-26 12:00:00+00:00,550032.4641413708
2026-02-26 16:00:00+00:00,550031.7853413709
2026-02-26 20:00:00+00:00,550032.0145637231
2026-02-27 00:00:00+00:00,550031.8926425201
2026-02-27 04:00:00+00:00,550032.0049882609
2026-02-27 08:00:00+00:00,550032.0954523841
2026-02-27 12:00:00+00:00,550030.5454061656
2026-02-27 16:00:00+00:00,550030.527861488
2026-02-27 20:00:00+00:00,550029.8144110781
2026-02-28 00:00:00+00:00,550030.292676871
2026-02-28 04:00:00+00:00,550030.2121354709
2026-02-28 08:00:00+00:00,550028.2392790362
2026-02-28 12:00:00+00:00,550028.2562565192
2026-02-28 16:00:00+00:00,550029.2520631352
2026-02-28 20:00:00+00:00,550030.7921796227
2026-03-01 00:00:00+00:00,550031.4107071734
2026-03-01 04:00:00+00:00,550031.9288068458
2026-03-01 08:00:00+00:00,550031.5679068458
2026-03-01 12:00:00+00:00,550030.8907834715
2026-03-01 16:00:00+00:00,550031.2475665472
2026-03-01 20:00:00+00:00,550030.3799771125
2026-03-02 00:00:00+00:00,550030.189875098
2026-03-02 04:00:00+00:00,550031.2334844638
2026-03-02 08:00:00+00:00,550030.4172716902
2026-03-02 12:00:00+00:00,550030.7777622844
2026-03-02 16:00:00+00:00,550033.5394813424
2026-03-02 20:00:00+00:00,550033.3796105193
2026-03-03 00:00:00+00:00,550033.2530105193
2026-03-03 04:00:00+00:00,550032.7917600342
2026-03-03 08:00:00+00:00,550032.5932384908
2026-03-03 12:00:00+00:00,550031.4658804013
2026-03-03 16:00:00+00:00,550032.1788324618
2026-03-03 20:00:00+00:00,550032.8452563515
2026-03-04 00:00:00+00:00,550032.7492811487
2026-03-04 04:00:00+00:00,550032.1656557344
2026-03-04 08:00:00+00:00,550033.9280248575
2026-03-04 12:00:00+00:00,550035.5352268477
2026-03-04 16:00:00+00:00,550037.7957871086
2026-03-04 20:00:00+00:00,550038.0268523623
2026-03-05 00:00:00+00:00,550037.1108893695
2026-03-05 04:00:00+00:00,550036.9147612471
2026-03-05 08:00:00+00:00,550036.4643495604
2026-03-05 12:00:00+00:00,550037.3277063924
2026-03-05 16:00:00+00:00,550036.0487555792
2026-03-05 20:00:00+00:00,550035.3645966991
2026-03-06 00:00:00+00:00,550035.3026678361
2026-03-06 04:00:00+00:00,550035.4884639813
2026-03-06 08:00:00+00:00,550035.4580639813
2026-03-06 12:00:00+00:00,550034.6426032057
2026-03-06 16:00:00+00:00,550032.9139267638
2026-03-06 20:00:00+00:00,550032.5459280009
2026-03-07 00:00:00+00:00,550032.5418200516
2026-03-07 04:00:00+00:00,550032.5370977353
2026-03-07 08:00:00+00:00,550032.2530064962
2026-03-07 12:00:00+00:00,550032.4172162149
2026-03-07 16:00:00+00:00,550032.2861162149
2026-03-07 20:00:00+00:00,550031.4920772344
2026-03-08 00:00:00+00:00,550031.6761772344
2026-03-08 04:00:00+00:00,550031.429699994
2026-03-08 08:00:00+00:00,550031.7348423708
2026-03-08 12:00:00+00:00,550031.9379502524
2026-03-08 16:00:00+00:00,550031.6235957016
2026-03-08 20:00:00+00:00,550031.7487768749
2026-03-09 00:00:00+00:00,550030.3851185915
2026-03-09 04:00:00+00:00,550031.6224152282
2026-03-09 08:00:00+00:00,550031.9583813441
2026-03-09 12:00:00+00:00,550032.1801514311
2026-03-09 16:00:00+00:00,550033.3065724021
2026-03-09 20:00:00+00:00,550033.4266343924
2026-03-10 00:00:00+00:00,550032.8581091532
2026-03-10 04:00:00+00:00,550033.8516718632
2026-03-10 08:00:00+00:00,550034.8307718632
2026-03-10 12:00:00+00:00,550035.0342062557
2026-03-10 16:00:00+00:00,550035.7633636253
2026-03-10 20:00:00+00:00,550034.4606669998
2026-03-11 00:00:00+00:00,550034.3649634345
2026-03-11 04:00:00+00:00,550033.983648587
2026-03-11 08:00:00+00:00,550034.0797055258
2026-03-11 12:00:00+00:00,550033.6146496128
2026-03-11 16:00:00+00:00,550034.6476883157
2026-03-11 20:00:00+00:00,550035.0797385514
2026-03-12 00:00:00+00:00,550034.6239372977
2026-03-12 04:00:00+00:00,550033.8795546181
2026-03-12 08:00:00+00:00,550034.2724271835
2026-03-12 12:00:00+00:00,550034.8798736295
2026-03-12 16:00:00+00:00,550034.771996231
2026-03-12 20:00:00+00:00,550034.8923992432
2026-03-13 00:00:00+00:00,550034.9757428592
2026-03-13 04:00:00+00:00,550035.8622352574
2026-03-13 08:00:00+00:00,550036.0757273082
2026-03-13 12:00:00+00:00,550036.6805756311
2026-03-13 16:00:00+00:00,550036.2889908123
2026-03-13 20:00:00+00:00,550035.6273337249
2026-03-14 00:00:00+00:00,550035.3834337249
2026-03-14 04:00:00+00:00,550035.5253473178
2026-03-14 08:00:00+00:00,550035.0538024192
2026-03-14 12:00:00+00:00,550035.1973275213
2026-03-14 16:00:00+00:00,550035.0551764177
2026-03-14 20:00:00+00:00,550035.1584392724
2026-03-15 00:00:00+00:00,550035.6687392724
2026-03-15 04:00:00+00:00,550035.8173757761
2026-03-15 08:00:00+00:00,550035.917350176
2026-03-15 12:00:00+00:00,550568.0683874026
2026-03-15 16:00:00+00:00,548916.1009571714
2026-03-15 20:00:00+00:00,548919.072748201
2026-03-16 00:00:00+00:00,550791.727948201
2026-03-16 04:00:00+00:00,554442.0386675987
2026-03-16 08:00:00+00:00,553867.2410675987
2026-03-16 12:00:00+00:00,554300.5403644533
2026-03-16 16:00:00+00:00,552998.4210081594
2026-03-16 20:00:00+00:00,556317.7348209283
2026-03-17 00:00:00+00:00,560709.5174521679
2026-03-17 04:00:00+00:00,558185.7922078065
2026-03-17 08:00:00+00:00,557222.1066194974
2026-03-17 12:00:00+00:00,556304.6752060439
2026-03-17 16:00:00+00:00,555803.0512332161
2026-03-17 20:00:00+00:00,558371.7151795273
2026-03-18 00:00:00+00:00,555762.9559795272
2026-03-18 04:00:00+00:00,558127.3176536531
2026-03-18 08:00:00+00:00,555644.6834021597
2026-03-18 12:00:00+00:00,551664.4405861252
2026-03-18 16:00:00+00:00,549838.4970588202
2026-03-18 20:00:00+00:00,549838.4970588202
2026-03-19 00:00:00+00:00,549838.4970588202
2026-03-19 04:00:00+00:00,549838.4970588202
2026-03-19 08:00:00+00:00,549838.4970588202
2026-03-19 12:00:00+00:00,549838.4970588202
2026-03-19 16:00:00+00:00,549838.4970588202
2026-03-19 20:00:00+00:00,549838.4970588202
2026-03-20 00:00:00+00:00,549838.4970588202
2026-03-20 04:00:00+00:00,549838.4970588202
2026-03-20 08:00:00+00:00,549838.4970588202
2026-03-20 12:00:00+00:00,549838.4970588202
2026-03-20 16:00:00+00:00,549838.4970588202
2026-03-20 20:00:00+00:00,549838.4970588202
2026-03-21 00:00:00+00:00,549838.4970588202
2026-03-21 04:00:00+00:00,549838.4970588202
2026-03-21 08:00:00+00:00,549838.4970588202
2026-03-21 12:00:00+00:00,549838.4970588202
2026-03-21 16:00:00+00:00,549838.4970588202
2026-03-21 20:00:00+00:00,549838.4970588202
2026-03-22 00:00:00+00:00,549838.4970588202
2026-03-22 04:00:00+00:00,549838.4970588202
2026-03-22 08:00:00+00:00,549838.4970588202
2026-03-22 12:00:00+00:00,549838.4970588202
2026-03-22 16:00:00+00:00,549838.4970588202
2026-03-22 20:00:00+00:00,549838.4970588202
2026-03-23 00:00:00+00:00,549838.4970588202
2026-03-23 04:00:00+00:00,549838.4970588202
2026-03-23 08:00:00+00:00,549838.4970588202
2026-03-23 12:00:00+00:00,549838.4970588202
2026-03-23 16:00:00+00:00,549838.4970588202
2026-03-23 20:00:00+00:00,549838.4970588202
2026-03-24 00:00:00+00:00,549838.4970588202
2026-03-24 04:00:00+00:00,549838.4970588202
2026-03-24 08:00:00+00:00,549838.4970588202
2026-03-24 12:00:00+00:00,549838.4970588202
2026-03-24 16:00:00+00:00,549838.4970588202
2026-03-24 20:00:00+00:00,549838.4970588202
2026-03-25 00:00:00+00:00,549838.4970588202
2026-03-25 04:00:00+00:00,549838.4970588202
2026-03-25 08:00:00+00:00,549838.4970588202
2026-03-25 12:00:00+00:00,549838.4970588202
2026-03-25 16:00:00+00:00,549838.4970588202
2026-03-25 20:00:00+00:00,549838.4970588202
2026-03-26 00:00:00+00:00,549838.4970588202
2026-03-26 04:00:00+00:00,549838.4970588202
2026-03-26 08:00:00+00:00,549838.4970588202
2026-03-26 12:00:00+00:00,549838.4970588202
2026-03-26 16:00:00+00:00,549838.4970588202
2026-03-26 20:00:00+00:00,549838.4970588202
2026-03-27 00:00:00+00:00,549838.4970588202
2026-03-27 04:00:00+00:00,549838.4970588202
2026-03-27 08:00:00+00:00,549838.4970588202
2026-03-27 12:00:00+00:00,549838.4970588202
2026-03-27 16:00:00+00:00,549838.4970588202
2026-03-27 20:00:00+00:00,549838.4970588202
2026-03-28 00:00:00+00:00,549838.4970588202
2026-03-28 04:00:00+00:00,549838.4970588202
2026-03-28 08:00:00+00:00,549838.4970588202
2026-03-28 12:00:00+00:00,549838.4970588202
2026-03-28 16:00:00+00:00,549838.4970588202
2026-03-28 20:00:00+00:00,549838.4970588202
2026-03-29 00:00:00+00:00,549838.4970588202
2026-03-29 04:00:00+00:00,549838.4970588202
2026-03-29 08:00:00+00:00,549838.4970588202
2026-03-29 12:00:00+00:00,549838.4970588202
2026-03-29 16:00:00+00:00,549838.4970588202
2026-03-29 20:00:00+00:00,549838.4970588202
2026-03-30 00:00:00+00:00,549838.4970588202
2026-03-30 04:00:00+00:00,549838.4970588202
2026-03-30 08:00:00+00:00,549838.4970588202
2026-03-30 12:00:00+00:00,549838.4970588202
2026-03-30 16:00:00+00:00,549838.4970588202
2026-03-30 20:00:00+00:00,549838.4970588202
2026-03-31 00:00:00+00:00,549838.4970588202
2026-03-31 04:00:00+00:00,549838.4970588202
2026-03-31 08:00:00+00:00,549838.4970588202
2026-03-31 12:00:00+00:00,549838.4970588202
2026-03-31 16:00:00+00:00,549838.4970588202
2026-03-31 20:00:00+00:00,549838.4970588202
2026-04-01 00:00:00+00:00,549838.4970588202
2026-04-01 04:00:00+00:00,549838.4970588202
2026-04-01 08:00:00+00:00,549838.4970588202
2026-04-01 12:00:00+00:00,549838.4970588202
2026-04-01 16:00:00+00:00,549838.4970588202
2026-04-01 20:00:00+00:00,549838.4970588202
2026-04-02 00:00:00+00:00,549838.4970588202
2026-04-02 04:00:00+00:00,549838.4970588202
2026-04-02 08:00:00+00:00,549838.4970588202
2026-04-02 12:00:00+00:00,549838.4970588202
2026-04-02 16:00:00+00:00,549838.4970588202
2026-04-02 20:00:00+00:00,549838.4970588202
2026-04-03 00:00:00+00:00,549838.4970588202
2026-04-03 04:00:00+00:00,549838.4970588202
2026-04-03 08:00:00+00:00,549838.4970588202
2026-04-03 12:00:00+00:00,549838.4970588202
2026-04-03 16:00:00+00:00,549838.4970588202
2026-04-03 20:00:00+00:00,549838.4970588202
2026-04-04 00:00:00+00:00,549838.4970588202
2026-04-04 04:00:00+00:00,549838.4970588202
2026-04-04 08:00:00+00:00,549838.4970588202
2026-04-04 12:00:00+00:00,549838.4970588202
2026-04-04 16:00:00+00:00,549838.4970588202
2026-04-04 20:00:00+00:00,549838.4970588202
2026-04-05 00:00:00+00:00,549838.4970588202
2026-04-05 04:00:00+00:00,549838.4970588202
2026-04-05 08:00:00+00:00,549838.4970588202
2026-04-05 12:00:00+00:00,549838.4970588202
2026-04-05 16:00:00+00:00,549838.4970588202
2026-04-05 20:00:00+00:00,549838.4970588202
2026-04-06 00:00:00+00:00,549838.4970588202
2026-04-06 04:00:00+00:00,549838.4970588202
2026-04-06 08:00:00+00:00,549838.4970588202
2026-04-06 12:00:00+00:00,549838.4970588202
2026-04-06 16:00:00+00:00,549838.4970588202
2026-04-06 20:00:00+00:00,549838.4970588202
2026-04-07 00:00:00+00:00,549838.4970588202
2026-04-07 04:00:00+00:00,549838.4970588202
2026-04-07 08:00:00+00:00,549838.4970588202
2026-04-07 12:00:00+00:00,549838.4970588202
2026-04-07 16:00:00+00:00,549838.4970588202
2026-04-07 20:00:00+00:00,549838.4970588202
2026-04-08 00:00:00+00:00,549838.4970588202
2026-04-08 04:00:00+00:00,549838.4970588202
2026-04-08 08:00:00+00:00,549838.4970588202
2026-04-08 12:00:00+00:00,548694.965207794
2026-04-08 16:00:00+00:00,540850.6957077942
2026-04-08 20:00:00+00:00,540960.6666370749
2026-04-09 00:00:00+00:00,535900.046900732
2026-04-09 04:00:00+00:00,534243.84070934
2026-04-09 08:00:00+00:00,533788.2320400722
2026-04-09 12:00:00+00:00,537063.4949900568
2026-04-09 16:00:00+00:00,557283.6980769329
2026-04-09 20:00:00+00:00,556616.5775978023
2026-04-10 00:00:00+00:00,550193.5887120545
2026-04-10 04:00:00+00:00,551867.0839640958
2026-04-10 08:00:00+00:00,544211.1544017585
2026-04-10 12:00:00+00:00,556934.1965904983
2026-04-10 16:00:00+00:00,563467.8008904984
2026-04-10 20:00:00+00:00,579456.5715732477
2026-04-11 00:00:00+00:00,573766.1684858918
2026-04-11 04:00:00+00:00,572202.6557086906
2026-04-11 08:00:00+00:00,569616.8179086904
2026-04-11 12:00:00+00:00,572964.2561708996
2026-04-11 16:00:00+00:00,572055.0850017872
2026-04-11 20:00:00+00:00,588781.6115477617
2026-04-12 00:00:00+00:00,575884.286481889
2026-04-12 04:00:00+00:00,549069.1442570225
2026-04-12 08:00:00+00:00,549235.1648235141
2026-04-12 12:00:00+00:00,548274.1480041533
2026-04-12 16:00:00+00:00,545829.0194897373
2026-04-12 20:00:00+00:00,545829.0194897373
2026-04-13 00:00:00+00:00,545829.0194897373
2026-04-13 04:00:00+00:00,545829.0194897373
2026-04-13 08:00:00+00:00,545829.0194897373
2026-04-13 12:00:00+00:00,545829.0194897373
2026-04-13 16:00:00+00:00,545829.0194897373
2026-04-13 20:00:00+00:00,553736.1125528362
2026-04-14 00:00:00+00:00,572930.6500608135
2026-04-14 04:00:00+00:00,573455.3743906801
2026-04-14 08:00:00+00:00,575342.3904569541
2026-04-14 12:00:00+00:00,572324.6623857183
2026-04-14 16:00:00+00:00,588595.0423857184
2026-04-14 20:00:00+00:00,569329.1934359602
2026-04-15 00:00:00+00:00,568283.9384359601
2026-04-15 04:00:00+00:00,571741.4665695548
2026-04-15 08:00:00+00:00,561392.960930128
2026-04-15 12:00:00+00:00,569387.5072810513
2026-04-15 16:00:00+00:00,563308.377566959
2026-04-15 20:00:00+00:00,583583.2551350094
2026-04-16 00:00:00+00:00,580241.1636110127
2026-04-16 04:00:00+00:00,581641.4409312109
2026-04-16 08:00:00+00:00,578392.4382025169
2026-04-16 12:00:00+00:00,576002.3650251277
2026-04-16 16:00:00+00:00,578284.6200507965
2026-04-16 20:00:00+00:00,589664.5442613264
2026-04-17 00:00:00+00:00,586264.8539544474
2026-04-17 04:00:00+00:00,576935.466945588
2026-04-17 08:00:00+00:00,584887.7938252586
2026-04-17 12:00:00+00:00,593637.0876056028
2026-04-17 16:00:00+00:00,631969.5026056028
2026-04-17 20:00:00+00:00,624973.9994178921
2026-04-18 00:00:00+00:00,616314.3783670729
2026-04-18 04:00:00+00:00,614496.4092326073
2026-04-18 08:00:00+00:00,614322.3003216886
2026-04-18 12:00:00+00:00,592610.7372568256
2026-04-18 16:00:00+00:00,594775.6233824634
2026-04-18 20:00:00+00:00,586118.7092623783
2026-04-19 00:00:00+00:00,586848.0746824563
2026-04-19 04:00:00+00:00,583959.6034907319
2026-04-19 08:00:00+00:00,574252.8147940359
2026-04-19 12:00:00+00:00,574252.8147940359
2026-04-19 16:00:00+00:00,574252.8147940359
2026-04-19 20:00:00+00:00,559864.6226174608
2026-04-20 00:00:00+00:00,556056.3367583168
2026-04-20 04:00:00+00:00,556056.3367583168
2026-04-20 08:00:00+00:00,556056.3367583168
2026-04-20 12:00:00+00:00,556056.3367583168
2026-04-20 16:00:00+00:00,556056.3367583168
2026-04-20 20:00:00+00:00,558959.9352613661
2026-04-21 00:00:00+00:00,556671.6965613661
2026-04-21 04:00:00+00:00,556103.6168113261
2026-04-21 08:00:00+00:00,557967.7673708593
2026-04-21 12:00:00+00:00,559756.3343046074
2026-04-21 16:00:00+00:00,556754.399081352
2026-04-21 20:00:00+00:00,552782.8616602373
2026-04-22 00:00:00+00:00,552597.2586579764
2026-04-22 04:00:00+00:00,552597.2586579764
2026-04-22 08:00:00+00:00,552597.2586579764
2026-04-22 12:00:00+00:00,552597.2586579764
2026-04-22 16:00:00+00:00,552597.2586579764
2026-04-22 20:00:00+00:00,552597.2586579764
2026-04-23 00:00:00+00:00,552597.2586579764
2026-04-23 04:00:00+00:00,552597.2586579764
2026-04-23 08:00:00+00:00,552597.2586579764
2026-04-23 12:00:00+00:00,552597.2586579764
2026-04-23 16:00:00+00:00,552597.2586579764
2026-04-23 20:00:00+00:00,552597.2586579764
2026-04-24 00:00:00+00:00,552597.2586579764
2026-04-24 04:00:00+00:00,552597.2586579764
2026-04-24 08:00:00+00:00,552597.2586579764
2026-04-24 12:00:00+00:00,552597.2586579764
2026-04-24 16:00:00+00:00,552597.2586579764
2026-04-24 20:00:00+00:00,552597.2586579764
2026-04-25 00:00:00+00:00,552597.2586579764
2026-04-25 04:00:00+00:00,552597.2586579764
2026-04-25 08:00:00+00:00,552597.2586579764
2026-04-25 12:00:00+00:00,552597.2586579764
2026-04-25 16:00:00+00:00,552597.2586579764
2026-04-25 20:00:00+00:00,552597.2586579764
2026-04-26 00:00:00+00:00,552597.2586579764
2026-04-26 04:00:00+00:00,552597.2586579764
2026-04-26 08:00:00+00:00,552597.2586579764
2026-04-26 12:00:00+00:00,552597.2586579764
2026-04-26 16:00:00+00:00,552597.2586579764
2026-04-26 20:00:00+00:00,552597.2586579764
2026-04-27 00:00:00+00:00,552597.2586579764
2026-04-27 04:00:00+00:00,552597.2586579764
2026-04-27 08:00:00+00:00,552597.2586579764
2026-04-27 12:00:00+00:00,552597.2586579764
2026-04-27 16:00:00+00:00,552597.2586579764
2026-04-27 20:00:00+00:00,552597.2586579764
2026-04-28 00:00:00+00:00,552597.2586579764
2026-04-28 04:00:00+00:00,552597.2586579764
2026-04-28 08:00:00+00:00,552597.2586579764
2026-04-28 12:00:00+00:00,552597.2586579764
2026-04-28 16:00:00+00:00,552597.2586579764
2026-04-28 20:00:00+00:00,552597.2586579764
2026-04-29 00:00:00+00:00,552597.2586579764
2026-04-29 04:00:00+00:00,552597.2586579764
2026-04-29 08:00:00+00:00,552597.2586579764
2026-04-29 12:00:00+00:00,552597.2586579764
2026-04-29 16:00:00+00:00,552597.2586579764
2026-04-29 20:00:00+00:00,552597.2586579764
2026-04-30 00:00:00+00:00,552597.2586579764
2026-04-30 04:00:00+00:00,552597.2586579764
2026-04-30 08:00:00+00:00,552597.2586579764
2026-04-30 12:00:00+00:00,552597.2586579764
2026-04-30 16:00:00+00:00,552597.2586579764
2026-04-30 20:00:00+00:00,552597.2586579764
2026-05-01 00:00:00+00:00,552597.2586579764
2026-05-01 04:00:00+00:00,552597.2586579764
2026-05-01 08:00:00+00:00,552597.2586579764
2026-05-01 12:00:00+00:00,552597.2586579764
2026-05-01 16:00:00+00:00,552597.2586579764
2026-05-01 20:00:00+00:00,552597.2586579764
2026-05-02 00:00:00+00:00,552597.2586579764
2026-05-02 04:00:00+00:00,552597.2586579764
2026-05-02 08:00:00+00:00,552597.2586579764
2026-05-02 12:00:00+00:00,552597.2586579764
2026-05-02 16:00:00+00:00,552597.2586579764
2026-05-02 20:00:00+00:00,552597.2586579764
2026-05-03 00:00:00+00:00,552597.2586579764
2026-05-03 04:00:00+00:00,552597.2586579764
2026-05-03 08:00:00+00:00,552597.2586579764
2026-05-03 12:00:00+00:00,552597.2586579764
2026-05-03 16:00:00+00:00,552597.2586579764
2026-05-03 20:00:00+00:00,552597.2586579764
2026-05-04 00:00:00+00:00,552597.2586579764
2026-05-04 04:00:00+00:00,565236.6578857093
2026-05-04 08:00:00+00:00,546153.4336295078
2026-05-04 12:00:00+00:00,527086.5214499796
2026-05-04 16:00:00+00:00,552510.9607499796
2026-05-04 20:00:00+00:00,553286.044899177
2026-05-05 00:00:00+00:00,549351.3348991771
2026-05-05 04:00:00+00:00,570437.3574438167
2026-05-05 08:00:00+00:00,570190.1953786765
2026-05-05 12:00:00+00:00,573047.4990945917
2026-05-05 16:00:00+00:00,583773.382145237
2026-05-05 20:00:00+00:00,585452.4938724276
2026-05-06 00:00:00+00:00,571024.5335724273
2026-05-06 04:00:00+00:00,585137.7437809696
2026-05-06 08:00:00+00:00,580942.1003809696
2026-05-06 12:00:00+00:00,604900.3838565162
2026-05-06 16:00:00+00:00,587746.0560945851
2026-05-06 20:00:00+00:00,582840.0674957931
2026-05-07 00:00:00+00:00,582418.5517129675
2026-05-07 04:00:00+00:00,570091.3220351681
2026-05-07 08:00:00+00:00,584362.3834478831
2026-05-07 12:00:00+00:00,570818.6674849709
2026-05-07 16:00:00+00:00,549140.620986236
2026-05-07 20:00:00+00:00,549140.620986236
2026-05-08 00:00:00+00:00,549140.620986236
2026-05-08 04:00:00+00:00,549140.620986236
2026-05-08 08:00:00+00:00,549140.620986236
2026-05-08 12:00:00+00:00,549140.620986236
2026-05-08 16:00:00+00:00,548749.7558875777
2026-05-08 20:00:00+00:00,548893.3026079409
2026-05-09 00:00:00+00:00,548970.1425619439
2026-05-09 04:00:00+00:00,549947.1063246707
2026-05-09 08:00:00+00:00,549046.1248829515
2026-05-09 12:00:00+00:00,549837.480119455
2026-05-09 16:00:00+00:00,550804.5994383845
2026-05-09 20:00:00+00:00,553107.5547701783
2026-05-10 00:00:00+00:00,551619.9581345861
2026-05-10 04:00:00+00:00,552281.3280685316
2026-05-10 08:00:00+00:00,551976.3110795693
2026-05-10 12:00:00+00:00,552497.1473456182
2026-05-10 16:00:00+00:00,555858.421779684
2026-05-10 20:00:00+00:00,556007.2547783686
2026-05-11 00:00:00+00:00,574457.2958783685
2026-05-11 04:00:00+00:00,539343.340386211
2026-05-11 08:00:00+00:00,537575.6985528367
2026-05-11 12:00:00+00:00,538236.8315622447
2026-05-11 16:00:00+00:00,539672.4668425638
2026-05-11 20:00:00+00:00,542714.0692031913
2026-05-12 00:00:00+00:00,541404.2640621576
2026-05-12 04:00:00+00:00,537377.7651582779
2026-05-12 08:00:00+00:00,536086.8756901866
2026-05-12 12:00:00+00:00,535677.4497160647
2026-05-12 16:00:00+00:00,535445.3603517831
2026-05-12 20:00:00+00:00,535445.3603517831
2026-05-13 00:00:00+00:00,535445.3603517831
2026-05-13 04:00:00+00:00,535445.3603517831
2026-05-13 08:00:00+00:00,535445.3603517831
2026-05-13 12:00:00+00:00,535445.3603517831
2026-05-13 16:00:00+00:00,535445.3603517831
2026-05-13 20:00:00+00:00,535445.3603517831
2026-05-14 00:00:00+00:00,535445.3603517831
2026-05-14 04:00:00+00:00,535445.3603517831
2026-05-14 08:00:00+00:00,535445.3603517831
2026-05-14 12:00:00+00:00,535445.3603517831
2026-05-14 16:00:00+00:00,535445.3603517831
2026-05-14 20:00:00+00:00,535445.3603517831
2026-05-15 00:00:00+00:00,528376.1873677546
2026-05-15 04:00:00+00:00,527976.8433975062
2026-05-15 08:00:00+00:00,523802.3008630359
2026-05-15 12:00:00+00:00,521892.18983440136
2026-05-15 16:00:00+00:00,521892.18983440136
2026-05-15 20:00:00+00:00,521892.18983440136
2026-05-16 00:00:00+00:00,521892.18983440136
2026-05-16 04:00:00+00:00,521892.18983440136
2026-05-16 08:00:00+00:00,521892.18983440136
2026-05-16 12:00:00+00:00,521892.18983440136
2026-05-16 16:00:00+00:00,521892.18983440136
2026-05-16 20:00:00+00:00,521892.18983440136
2026-05-17 00:00:00+00:00,521892.18983440136
2026-05-17 04:00:00+00:00,521892.18983440136
2026-05-17 08:00:00+00:00,521892.18983440136
2026-05-17 12:00:00+00:00,521892.18983440136
2026-05-17 16:00:00+00:00,521892.18983440136
2026-05-17 20:00:00+00:00,521892.18983440136
2026-05-18 00:00:00+00:00,521892.18983440136
2026-05-18 04:00:00+00:00,521892.18983440136
2026-05-18 08:00:00+00:00,521892.18983440136
2026-05-18 12:00:00+00:00,521892.18983440136
2026-05-18 16:00:00+00:00,521892.18983440136
2026-05-18 20:00:00+00:00,521892.18983440136
2026-05-19 00:00:00+00:00,521892.18983440136
2026-05-19 04:00:00+00:00,521892.18983440136
2026-05-19 08:00:00+00:00,521892.18983440136
2026-05-19 12:00:00+00:00,521892.18983440136
2026-05-19 16:00:00+00:00,521892.18983440136
2026-05-19 20:00:00+00:00,521892.18983440136
2026-05-20 00:00:00+00:00,521892.18983440136
2026-05-20 04:00:00+00:00,521892.18983440136
2026-05-20 08:00:00+00:00,521892.18983440136
2026-05-20 12:00:00+00:00,521892.18983440136
2026-05-20 16:00:00+00:00,521892.18983440136
2026-05-20 20:00:00+00:00,521892.18983440136
2026-05-21 00:00:00+00:00,521892.18983440136
2026-05-21 04:00:00+00:00,521892.18983440136
2026-05-21 08:00:00+00:00,521892.18983440136
2026-05-21 12:00:00+00:00,521892.18983440136
2026-05-21 16:00:00+00:00,521892.18983440136
2026-05-21 20:00:00+00:00,521892.18983440136
2026-05-22 00:00:00+00:00,521892.18983440136
2026-05-22 04:00:00+00:00,521892.18983440136
2026-05-22 08:00:00+00:00,521892.18983440136
2026-05-22 12:00:00+00:00,521892.18983440136
2026-05-22 16:00:00+00:00,521892.18983440136
2026-05-22 20:00:00+00:00,521892.18983440136
2026-05-23 00:00:00+00:00,521892.18983440136
2026-05-23 04:00:00+00:00,521892.18983440136
2026-05-23 08:00:00+00:00,521892.18983440136
2026-05-23 12:00:00+00:00,521892.18983440136
2026-05-23 16:00:00+00:00,521892.18983440136
2026-05-23 20:00:00+00:00,521892.18983440136
2026-05-24 00:00:00+00:00,521892.18983440136
2026-05-24 04:00:00+00:00,521892.18983440136
2026-05-24 08:00:00+00:00,521892.18983440136
2026-05-24 12:00:00+00:00,521892.18983440136
2026-05-24 16:00:00+00:00,521892.18983440136
2026-05-24 20:00:00+00:00,521892.18983440136
2026-05-25 00:00:00+00:00,521892.18983440136
2026-05-25 04:00:00+00:00,521892.18983440136
2026-05-25 08:00:00+00:00,521892.18983440136
2026-05-25 12:00:00+00:00,521892.18983440136
2026-05-25 16:00:00+00:00,521892.18983440136
2026-05-25 20:00:00+00:00,521892.18983440136
2026-05-26 00:00:00+00:00,521892.18983440136
2026-05-26 04:00:00+00:00,521892.18983440136
2026-05-26 08:00:00+00:00,521892.18983440136
2026-05-26 12:00:00+00:00,521892.18983440136
2026-05-26 16:00:00+00:00,521892.18983440136
2026-05-26 20:00:00+00:00,521892.18983440136
2026-05-27 00:00:00+00:00,521892.18983440136
2026-05-27 04:00:00+00:00,521892.18983440136
2026-05-27 08:00:00+00:00,521892.18983440136
2026-05-27 12:00:00+00:00,521892.18983440136
2026-05-27 16:00:00+00:00,521892.18983440136
2026-05-27 20:00:00+00:00,521892.18983440136
2026-05-28 00:00:00+00:00,521892.18983440136
2026-05-28 04:00:00+00:00,521892.18983440136
2026-05-28 08:00:00+00:00,522567.08363225765
2026-05-28 12:00:00+00:00,522588.30075141456
2026-05-28 16:00:00+00:00,521008.89803072496
2026-05-28 20:00:00+00:00,522329.69309256313
2026-05-29 00:00:00+00:00,522881.98777359293
2026-05-29 04:00:00+00:00,522806.51837515546
2026-05-29 08:00:00+00:00,522806.51837515546
2026-05-29 12:00:00+00:00,522806.51837515546
2026-05-29 16:00:00+00:00,522806.51837515546
2026-05-29 20:00:00+00:00,522806.51837515546
2026-05-30 00:00:00+00:00,522806.51837515546
2026-05-30 04:00:00+00:00,522806.51837515546
2026-05-30 08:00:00+00:00,522806.51837515546
2026-05-30 12:00:00+00:00,522806.51837515546
2026-05-30 16:00:00+00:00,522806.51837515546
2026-05-30 20:00:00+00:00,522806.51837515546
2026-05-31 00:00:00+00:00,522806.51837515546
2026-05-31 04:00:00+00:00,522806.51837515546
2026-05-31 08:00:00+00:00,522806.51837515546
2026-05-31 12:00:00+00:00,522806.51837515546
2026-05-31 16:00:00+00:00,522806.51837515546
2026-05-31 20:00:00+00:00,522806.51837515546
2026-06-01 00:00:00+00:00,522806.51837515546
2026-06-01 04:00:00+00:00,522806.51837515546
2026-06-01 08:00:00+00:00,522806.51837515546
2026-06-01 12:00:00+00:00,522806.51837515546
2026-06-01 16:00:00+00:00,522806.51837515546
2026-06-01 20:00:00+00:00,522806.51837515546
2026-06-02 00:00:00+00:00,522806.51837515546
2026-06-02 04:00:00+00:00,522806.51837515546
2026-06-02 08:00:00+00:00,522806.51837515546
2026-06-02 12:00:00+00:00,522806.51837515546
2026-06-02 16:00:00+00:00,522806.51837515546
2026-06-02 20:00:00+00:00,522806.51837515546
2026-06-03 00:00:00+00:00,522806.51837515546
2026-06-03 04:00:00+00:00,522806.51837515546
2026-06-03 08:00:00+00:00,522806.51837515546
2026-06-03 12:00:00+00:00,522806.51837515546
2026-06-03 16:00:00+00:00,522806.51837515546
2026-06-03 20:00:00+00:00,522806.51837515546
2026-06-04 00:00:00+00:00,522806.51837515546
2026-06-04 04:00:00+00:00,522806.51837515546
2026-06-04 08:00:00+00:00,522806.51837515546
2026-06-04 12:00:00+00:00,522806.51837515546
2026-06-04 16:00:00+00:00,522806.51837515546
2026-06-04 20:00:00+00:00,522806.51837515546
2026-06-05 00:00:00+00:00,522806.51837515546
2026-06-05 04:00:00+00:00,522806.51837515546
2026-06-05 08:00:00+00:00,522806.51837515546
2026-06-05 12:00:00+00:00,522806.51837515546
2026-06-05 16:00:00+00:00,522806.51837515546
2026-06-05 20:00:00+00:00,522806.51837515546
2026-06-06 00:00:00+00:00,522806.51837515546
2026-06-06 04:00:00+00:00,522806.51837515546
2026-06-06 08:00:00+00:00,522806.51837515546
2026-06-06 12:00:00+00:00,522806.51837515546
2026-06-06 16:00:00+00:00,522806.51837515546
2026-06-06 20:00:00+00:00,522806.51837515546
2026-06-07 00:00:00+00:00,522806.51837515546
2026-06-07 04:00:00+00:00,522806.51837515546
2026-06-07 08:00:00+00:00,522806.51837515546
2026-06-07 12:00:00+00:00,522806.51837515546
2026-06-07 16:00:00+00:00,522806.51837515546
2026-06-07 20:00:00+00:00,522806.51837515546
2026-06-08 00:00:00+00:00,522806.51837515546
2026-06-08 04:00:00+00:00,522806.51837515546
2026-06-08 08:00:00+00:00,522806.51837515546
2026-06-08 12:00:00+00:00,522806.51837515546
2026-06-08 16:00:00+00:00,522806.51837515546
2026-06-08 20:00:00+00:00,522806.51837515546
2026-06-09 00:00:00+00:00,522806.51837515546
2026-06-09 04:00:00+00:00,522806.51837515546
2026-06-09 08:00:00+00:00,522806.51837515546
2026-06-09 12:00:00+00:00,522806.51837515546
2026-06-09 16:00:00+00:00,522806.51837515546
2026-06-09 20:00:00+00:00,522806.51837515546
2026-06-10 00:00:00+00:00,522806.51837515546
2026-06-10 04:00:00+00:00,522806.51837515546
2026-06-10 08:00:00+00:00,522806.51837515546
2026-06-10 12:00:00+00:00,522806.51837515546
2026-06-10 16:00:00+00:00,522806.51837515546
2026-06-10 20:00:00+00:00,522806.51837515546
2026-06-11 00:00:00+00:00,522806.51837515546
2026-06-11 04:00:00+00:00,522806.51837515546
2026-06-11 08:00:00+00:00,522806.51837515546
2026-06-11 12:00:00+00:00,522806.51837515546
2026-06-11 16:00:00+00:00,522806.51837515546
2026-06-11 20:00:00+00:00,522806.51837515546
2026-06-12 00:00:00+00:00,522806.51837515546
2026-06-12 04:00:00+00:00,522806.51837515546
2026-06-12 08:00:00+00:00,522806.51837515546
2026-06-12 12:00:00+00:00,522806.51837515546
2026-06-12 16:00:00+00:00,522806.51837515546
2026-06-12 20:00:00+00:00,522806.51837515546
2026-06-13 00:00:00+00:00,522806.51837515546
2026-06-13 04:00:00+00:00,522806.51837515546
2026-06-13 08:00:00+00:00,522806.51837515546
2026-06-13 12:00:00+00:00,522806.51837515546
2026-06-13 16:00:00+00:00,522806.51837515546
2026-06-13 20:00:00+00:00,522806.51837515546
2026-06-14 00:00:00+00:00,522806.51837515546
2026-06-14 04:00:00+00:00,522806.51837515546
2026-06-14 08:00:00+00:00,522806.51837515546
2026-06-14 12:00:00+00:00,522806.51837515546
2026-06-14 16:00:00+00:00,522806.51837515546
2026-06-14 20:00:00+00:00,522806.51837515546
2026-06-15 00:00:00+00:00,522806.51837515546
2026-06-15 04:00:00+00:00,522806.51837515546
2026-06-15 08:00:00+00:00,522806.51837515546
2026-06-15 12:00:00+00:00,522806.51837515546
2026-06-15 16:00:00+00:00,522806.51837515546
2026-06-15 20:00:00+00:00,522806.51837515546
2026-06-16 00:00:00+00:00,522806.51837515546
2026-06-16 04:00:00+00:00,522806.51837515546
2026-06-16 08:00:00+00:00,522806.51837515546
2026-06-16 12:00:00+00:00,522806.51837515546
2026-06-16 16:00:00+00:00,522806.51837515546
2026-06-16 20:00:00+00:00,522806.51837515546
2026-06-17 00:00:00+00:00,522806.51837515546
2026-06-17 04:00:00+00:00,522806.51837515546
2026-06-17 08:00:00+00:00,522806.51837515546
2026-06-17 12:00:00+00:00,522806.51837515546
2026-06-17 16:00:00+00:00,522806.51837515546
2026-06-17 20:00:00+00:00,522806.51837515546
2026-06-18 00:00:00+00:00,522806.51837515546
2026-06-18 04:00:00+00:00,522806.51837515546
2026-06-18 08:00:00+00:00,522806.51837515546
2026-06-18 12:00:00+00:00,522806.51837515546
2026-06-18 16:00:00+00:00,522806.51837515546
2026-06-18 20:00:00+00:00,522806.51837515546
2026-06-19 00:00:00+00:00,522806.51837515546
2026-06-19 04:00:00+00:00,522806.51837515546
2026-06-19 08:00:00+00:00,522806.51837515546
2026-06-19 12:00:00+00:00,522806.51837515546
2026-06-19 16:00:00+00:00,522806.51837515546
2026-06-19 20:00:00+00:00,522806.51837515546
2026-06-20 00:00:00+00:00,522806.51837515546
2026-06-20 04:00:00+00:00,522806.51837515546
2026-06-20 08:00:00+00:00,522806.51837515546
2026-06-20 12:00:00+00:00,522806.51837515546
2026-06-20 16:00:00+00:00,522806.51837515546
2026-06-20 20:00:00+00:00,522806.51837515546
2026-06-21 00:00:00+00:00,522806.51837515546
2026-06-21 04:00:00+00:00,522806.51837515546
2026-06-21 08:00:00+00:00,522806.51837515546
2026-06-21 12:00:00+00:00,522806.51837515546
2026-06-21 16:00:00+00:00,522806.51837515546
2026-06-21 20:00:00+00:00,522806.51837515546
2026-06-22 00:00:00+00:00,522806.51837515546
2026-06-22 04:00:00+00:00,522806.51837515546
2026-06-22 08:00:00+00:00,522806.51837515546
2026-06-22 12:00:00+00:00,522806.51837515546
2026-06-22 16:00:00+00:00,522806.51837515546
2026-06-22 20:00:00+00:00,522806.51837515546
2026-06-23 00:00:00+00:00,522806.51837515546
2026-06-23 04:00:00+00:00,522806.51837515546
2026-06-23 08:00:00+00:00,522806.51837515546
2026-06-23 12:00:00+00:00,522806.51837515546
2026-06-23 16:00:00+00:00,522806.51837515546
2026-06-23 20:00:00+00:00,522806.51837515546
2026-06-24 00:00:00+00:00,522806.51837515546
2026-06-24 04:00:00+00:00,522806.51837515546
2026-06-24 08:00:00+00:00,522806.51837515546
2026-06-24 12:00:00+00:00,522806.51837515546
2026-06-24 16:00:00+00:00,522806.51837515546
2026-06-24 20:00:00+00:00,522806.51837515546
2026-06-25 00:00:00+00:00,522806.51837515546
2026-06-25 04:00:00+00:00,522767.32771750423
2026-06-25 08:00:00+00:00,522762.8170614151
2026-06-25 12:00:00+00:00,522762.8170614151
2026-06-25 16:00:00+00:00,522762.8170614151
2026-06-25 20:00:00+00:00,522762.8170614151
2026-06-26 00:00:00+00:00,522762.8170614151
2026-06-26 04:00:00+00:00,522762.8170614151
2026-06-26 08:00:00+00:00,522762.8170614151
2026-06-26 12:00:00+00:00,522762.8170614151
2026-06-26 16:00:00+00:00,522762.8170614151
2026-06-26 20:00:00+00:00,522762.8170614151
2026-06-27 00:00:00+00:00,522762.8170614151
2026-06-27 04:00:00+00:00,522762.8170614151
2026-06-27 08:00:00+00:00,522762.8170614151
2026-06-27 12:00:00+00:00,522762.8170614151
2026-06-27 16:00:00+00:00,522762.8170614151
2026-06-27 20:00:00+00:00,522762.8170614151
2026-06-28 00:00:00+00:00,522762.8170614151
2026-06-28 04:00:00+00:00,522762.8170614151
2026-06-28 08:00:00+00:00,522762.8170614151
2026-06-28 12:00:00+00:00,522762.8170614151
2026-06-28 16:00:00+00:00,522762.8170614151
2026-06-28 20:00:00+00:00,522762.8170614151
2026-06-29 00:00:00+00:00,522762.8170614151
2026-06-29 04:00:00+00:00,522762.8170614151
2026-06-29 08:00:00+00:00,522762.8170614151
2026-06-29 12:00:00+00:00,522762.8170614151
2026-06-29 16:00:00+00:00,522762.8170614151
2026-06-29 20:00:00+00:00,522762.8170614151
2026-06-30 00:00:00+00:00,522762.8170614151
2026-06-30 04:00:00+00:00,522762.8170614151
2026-06-30 08:00:00+00:00,522762.8170614151
2026-06-30 12:00:00+00:00,522762.8170614151
2026-06-30 16:00:00+00:00,522762.8170614151
2026-06-30 20:00:00+00:00,522762.8170614151
2026-07-01 00:00:00+00:00,522762.8170614151
2026-07-01 04:00:00+00:00,522762.8170614151
2026-07-01 08:00:00+00:00,522762.8170614151
2026-07-01 12:00:00+00:00,522762.8170614151
2026-07-01 16:00:00+00:00,522762.8170614151
2026-07-01 20:00:00+00:00,522762.8170614151
2026-07-02 00:00:00+00:00,522762.8170614151
2026-07-02 04:00:00+00:00,522762.8170614151
2026-07-02 08:00:00+00:00,522762.8170614151
2026-07-02 12:00:00+00:00,522762.8170614151
2026-07-02 16:00:00+00:00,522762.8170614151
2026-07-02 20:00:00+00:00,522762.8170614151
2026-07-03 00:00:00+00:00,522762.8170614151
2026-07-03 04:00:00+00:00,522762.8170614151
2026-07-03 08:00:00+00:00,522762.8170614151
2026-07-03 12:00:00+00:00,522762.8170614151
2026-07-03 16:00:00+00:00,522762.8170614151
2026-07-03 20:00:00+00:00,522762.8170614151
2026-07-04 00:00:00+00:00,522762.8170614151
2026-07-04 04:00:00+00:00,522762.8170614151
2026-07-04 08:00:00+00:00,522762.8170614151
2026-07-04 12:00:00+00:00,522762.8170614151
2026-07-04 16:00:00+00:00,522762.8170614151
2026-07-04 20:00:00+00:00,522762.8170614151
2026-07-05 00:00:00+00:00,522762.8170614151
2026-07-05 04:00:00+00:00,522762.8170614151
2026-07-05 08:00:00+00:00,522762.8170614151
2026-07-05 12:00:00+00:00,522762.8170614151
2026-07-05 16:00:00+00:00,522762.8170614151
2026-07-05 20:00:00+00:00,522762.8170614151
2026-07-06 00:00:00+00:00,522762.8170614151
2026-07-06 04:00:00+00:00,522762.8170614151
2026-07-06 08:00:00+00:00,522762.8170614151
2026-07-06 12:00:00+00:00,522762.8170614151
2026-07-06 16:00:00+00:00,522762.8170614151
2026-07-06 20:00:00+00:00,522762.8170614151
2026-07-07 00:00:00+00:00,522762.8170614151
2026-07-07 04:00:00+00:00,522762.8170614151
2026-07-07 08:00:00+00:00,522762.8170614151
2026-07-07 12:00:00+00:00,522762.8170614151
2026-07-07 16:00:00+00:00,522762.8170614151
2026-07-07 20:00:00+00:00,522080.48051261186
2026-07-08 00:00:00+00:00,519646.48301261186
2026-07-08 04:00:00+00:00,518490.5733919162
2026-07-08 08:00:00+00:00,518447.3373278262
2026-07-08 12:00:00+00:00,518447.3373278262
2026-07-08 16:00:00+00:00,518447.3373278262
2026-07-08 20:00:00+00:00,518447.3373278262
2026-07-09 00:00:00+00:00,518447.3373278262
2026-07-09 04:00:00+00:00,518447.3373278262
2026-07-09 08:00:00+00:00,518447.3373278262
2026-07-09 12:00:00+00:00,518447.3373278262
2026-07-09 16:00:00+00:00,518447.3373278262
2026-07-09 20:00:00+00:00,518447.3373278262
2026-07-10 00:00:00+00:00,518447.3373278262
2026-07-10 04:00:00+00:00,518447.3373278262
2026-07-10 08:00:00+00:00,518447.3373278262
2026-07-10 12:00:00+00:00,518447.3373278262
2026-07-10 16:00:00+00:00,518447.3373278262
2026-07-10 20:00:00+00:00,518447.3373278262
2026-07-11 00:00:00+00:00,518447.3373278262
2026-07-11 04:00:00+00:00,518447.3373278262
2026-07-11 08:00:00+00:00,518447.3373278262
2026-07-11 12:00:00+00:00,518447.3373278262
2026-07-11 16:00:00+00:00,518447.3373278262
2026-07-11 20:00:00+00:00,518447.3373278262
2026-07-12 00:00:00+00:00,518447.3373278262
2026-07-12 04:00:00+00:00,518447.3373278262
2026-07-12 08:00:00+00:00,518447.3373278262
2026-07-12 12:00:00+00:00,518447.3373278262
2026-07-12 16:00:00+00:00,518447.3373278262
2026-07-12 20:00:00+00:00,518447.3373278262
2026-07-13 00:00:00+00:00,518447.3373278262
2026-07-13 04:00:00+00:00,518447.3373278262
2026-07-13 08:00:00+00:00,518447.3373278262
2026-07-13 12:00:00+00:00,518447.3373278262
2026-07-13 16:00:00+00:00,518447.3373278262
2026-07-13 20:00:00+00:00,518447.3373278262
2026-07-14 00:00:00+00:00,518447.3373278262
2026-07-14 04:00:00+00:00,518447.3373278262
2026-07-14 08:00:00+00:00,518447.3373278262
2026-07-14 12:00:00+00:00,518447.3373278262
2026-07-14 16:00:00+00:00,518447.3373278262
2026-07-14 20:00:00+00:00,518447.3373278262
2026-07-15 00:00:00+00:00,518447.3373278262
2026-07-15 04:00:00+00:00,518447.3373278262
2026-07-15 08:00:00+00:00,518447.3373278262
2026-07-15 12:00:00+00:00,518447.3373278262
2026-07-15 16:00:00+00:00,523004.6048208096
2026-07-15 20:00:00+00:00,520027.80374706956
2026-07-16 00:00:00+00:00,518659.87449896306
2026-07-16 04:00:00+00:00,517816.2912092523
2026-07-16 08:00:00+00:00,515308.42847661924
2026-07-16 12:00:00+00:00,515421.60462904494
2026-07-16 16:00:00+00:00,518331.1996290449
2026-07-16 20:00:00+00:00,515525.1434695781
2026-07-17 00:00:00+00:00,512681.90307826165
2026-07-17 04:00:00+00:00,510923.24145088036
2026-07-17 08:00:00+00:00,509533.72976794676
2026-07-17 12:00:00+00:00,509533.72976794676
2026-07-17 16:00:00+00:00,509533.72976794676
2026-07-17 20:00:00+00:00,509533.72976794676
2026-07-18 00:00:00+00:00,508504.4922522268
2026-07-18 04:00:00+00:00,509007.3298287472
2026-07-18 08:00:00+00:00,509004.17768464785
2026-07-18 12:00:00+00:00,509249.6798053926
2026-07-18 16:00:00+00:00,509597.4908061025
2026-07-18 20:00:00+00:00,512371.5637289127
2026-07-19 00:00:00+00:00,514133.49092891265
2026-07-19 04:00:00+00:00,513363.83393672557
2026-07-19 08:00:00+00:00,513401.90219674
2026-07-19 12:00:00+00:00,511811.5672105113
2026-07-19 16:00:00+00:00,512485.5730316888
2026-07-19 20:00:00+00:00,511754.7051706597
2026-07-20 00:00:00+00:00,513371.7911630791
2026-07-20 04:00:00+00:00,514268.8534479842
2026-07-20 08:00:00+00:00,510527.9316479842
2026-07-20 12:00:00+00:00,512022.3370083209
2026-07-20 16:00:00+00:00,516331.33183257654
2026-07-20 20:00:00+00:00,513025.3091485651
2026-07-21 00:00:00+00:00,513818.73537358904
2026-07-21 04:00:00+00:00,516105.1550534045
2026-07-21 08:00:00+00:00,520555.80047992524
2026-07-21 12:00:00+00:00,521566.7258450328
2026-07-21 16:00:00+00:00,523937.12784503284
2026-07-21 20:00:00+00:00,522261.95691876643
2026-07-22 00:00:00+00:00,523023.22299206257
2026-07-22 04:00:00+00:00,520569.0123696841
2026-07-22 08:00:00+00:00,517921.8501362288
2026-07-22 12:00:00+00:00,519100.40340647113
2026-07-22 16:00:00+00:00,519349.79304827057
2026-07-22 20:00:00+00:00,518460.2594183954
2026-07-23 00:00:00+00:00,519831.36371076794
2026-07-23 04:00:00+00:00,516555.9414202163
2026-07-23 08:00:00+00:00,515829.1290468294
2026-07-23 12:00:00+00:00,516086.09932669677
2026-07-23 16:00:00+00:00,514558.07867547544
2026-07-23 20:00:00+00:00,514558.07867547544
2026-07-24 00:00:00+00:00,514558.07867547544
2026-07-24 04:00:00+00:00,514558.07867547544
2026-07-24 08:00:00+00:00,514558.07867547544
2026-07-24 12:00:00+00:00,513620.3255135704
2026-07-24 16:00:00+00:00,513534.12775636575
2026-07-24 20:00:00+00:00,513534.12775636575
2026-07-25 00:00:00+00:00,513534.12775636575
2026-07-25 04:00:00+00:00,513534.12775636575
2026-07-25 08:00:00+00:00,513534.12775636575
2026-07-25 12:00:00+00:00,513534.12775636575
2026-07-25 16:00:00+00:00,513534.12775636575
2026-07-25 20:00:00+00:00,513534.12775636575
2026-07-26 00:00:00+00:00,513534.12775636575
2026-07-26 04:00:00+00:00,513534.12775636575
2026-07-26 08:00:00+00:00,513534.12775636575
2026-07-26 12:00:00+00:00,513534.12775636575
2026-07-26 16:00:00+00:00,513534.12775636575
2026-07-26 20:00:00+00:00,513534.12775636575
2026-07-27 00:00:00+00:00,513534.12775636575
2026-07-27 04:00:00+00:00,513223.0403810489
2026-07-27 08:00:00+00:00,513046.4010021699
2026-07-27 12:00:00+00:00,512698.3804007631
2026-07-27 16:00:00+00:00,511189.706186503
2026-07-27 20:00:00+00:00,511096.4266584372
2026-07-28 00:00:00+00:00,511096.4266584372
2026-07-28 04:00:00+00:00,511096.4266584372
2026-07-28 08:00:00+00:00,511096.4266584372
2026-07-28 12:00:00+00:00,511096.4266584372
2026-07-28 16:00:00+00:00,511096.4266584372
2026-07-28 20:00:00+00:00,511096.4266584372
2026-07-29 00:00:00+00:00,511096.4266584372
2026-07-29 04:00:00+00:00,511096.4266584372
2026-07-29 08:00:00+00:00,511096.4266584372
2026-07-29 12:00:00+00:00,511096.4266584372
2026-07-29 16:00:00+00:00,511096.4266584372
2026-07-29 20:00:00+00:00,511096.4266584372
2026-07-30 00:00:00+00:00,511096.4266584372
2026-07-30 04:00:00+00:00,511096.4266584372
2026-07-30 08:00:00+00:00,511096.4266584372
2026-07-30 12:00:00+00:00,511096.4266584372
2026-07-30 16:00:00+00:00,511096.4266584372
2026-07-30 20:00:00+00:00,511096.4266584372
2026-07-31 00:00:00+00:00,511096.4266584372
2026-07-31 04:00:00+00:00,510210.20558674634
2026-07-31 08:00:00+00:00,510154.28281035967
2026-07-31 12:00:00+00:00,510154.28281035967
2026-07-31 16:00:00+00:00,510154.28281035967
2026-07-31 20:00:00+00:00,510154.28281035967
2026-08-01 00:00:00+00:00,510154.28281035967
