timestamp,rate,mark_price,position,notional,payment,wallet_after
2020-01-27 00:00:00+00:00,0.0001,8613.25680382,0.7690000000000001,6623.5944821375815,0.6623594482137581,9996.702582091588
2020-01-27 08:00:00+00:00,0.0001,8658.76171041,0.7690000000000001,6658.5877553052915,0.6658587755305292,9996.036723316058
2020-01-27 16:00:00+00:00,0.0001,8779.01052632,2.628,23071.239663168963,2.3071239663168965,9987.231577398477
2020-01-28 00:00:00+00:00,0.0001,8908.26208317,2.628,23410.912754570763,2.3410912754570763,9984.89048612302
2020-01-28 08:00:00+00:00,0.00068689,9040.35257863,3.42,30918.005818914597,21.237269016954247,9960.762035650556
2020-01-28 16:00:00+00:00,0.00054394,9026.86871117,0.7339999999999998,6625.721633998778,3.6039950255972957,10708.454871018243
2020-01-29 00:00:00+00:00,0.00062324,9374.42021047,0.6949999999999996,6515.222046276646,4.060546988121457,10793.702365151936
2020-01-29 08:00:00+00:00,0.00108193,9366.08,0.8380000000000001,7848.77504,8.4918251790272,10901.57264548186
2020-01-29 16:00:00+00:00,0.00053694,9285.33052632,0.8380000000000001,7781.10698105616,4.177987582408295,10897.394657899451
2020-01-30 00:00:00+00:00,0.000236,9302.83560068,0.8380000000000001,7795.776233369841,1.8398031910752823,10895.554854708376
2020-01-30 08:00:00+00:00,0.00024877,9390.32032632,0.8380000000000001,7869.088433456161,1.957593129590889,10893.597261578785
2020-01-30 16:00:00+00:00,0.00034852,9386.44227338,0.8610000000000002,8081.726797380182,2.816643423422941,10836.197303702878
2020-01-31 00:00:00+00:00,0.00053551,9514.58913734,0.843,8020.79864277762,4.295217881193843,11077.013702242393
2020-01-31 08:00:00+00:00,0.00077154,9374.1894313,0.633,5933.8619100129,4.578211818051353,10984.38228883864
2020-01-31 16:00:00+00:00,0.00039858,9336.67163684,0.6299999999999999,5882.103131209198,2.3444886660373623,10856.615468378632
2020-02-01 00:00:00+00:00,0.00074991,9351.01878302,0.6299999999999999,5891.141833302599,4.417826172211952,10852.19764220642
2020-02-01 08:00:00+00:00,0.00065667,9421.60526316,0.6299999999999999,5935.6113157907985,3.8977378827403437,10848.29990432368
2020-02-01 16:00:00+00:00,0.00049052,9336.64903752,0.6299999999999999,5882.088893637599,2.885282244107115,10845.414622079572
2020-02-02 00:00:00+00:00,0.00028263,9385.97762632,0.6299999999999999,5913.1659045815995,1.6712380796118975,10843.74338399996
2020-02-02 08:00:00+00:00,0.00034916,9371.59614305,0.2129999999999999,1996.149978469649,0.6969757264824626,10782.667444899247
2020-02-03 00:00:00+00:00,0.00060677,9332.21105263,0.7149999999999999,6672.5309026304485,4.048691575789077,10737.324127216363
2020-02-03 08:00:00+00:00,0.00035862,9370.35789474,0.195,1827.2197894743001,0.6552775609012734,10647.11369088383
2020-02-03 16:00:00+00:00,0.0001,9269.63231751,0.195,1807.57830191445,0.180757830191445,10646.932933053638
2020-02-07 00:00:00+00:00,0.00035618,9772.66892698,0.65,6352.234802537001,2.262538991967629,10646.745057670067
2020-02-07 08:00:00+00:00,0.00019726,9801.41232224,0.65,6370.918009456,1.2567272865452905,10645.488330383521
2020-02-07 16:00:00+00:00,0.00034616,9803.45583446,0.65,6372.246292399,2.2058167765768375,10643.282513606944
2020-02-08 00:00:00+00:00,0.00039915,9815.81628582,0.7240000000000002,7106.650990933682,2.8366197430311795,10603.639252552051
2020-02-08 08:00:00+00:00,0.00062858,9769.16634725,0.7050000000000003,6887.2622748112535,4.329195320700857,10429.413428258824
2020-02-08 16:00:00+00:00,0.00099315,9832.45081011,0.7310000000000003,7187.521542190413,7.138287019626408,10462.895060359127
2020-02-09 00:00:00+00:00,0.00042798,9893.414,0.7310000000000003,7232.085634000004,3.0951880096393216,10459.799872349487
2020-02-09 08:00:00+00:00,0.00081519,10125.94737564,0.7310000000000003,7402.067531592844,6.034091431079171,10453.765780918407
2020-02-09 16:00:00+00:00,0.00113954,10099.07136263,0.7310000000000003,7382.421166082533,8.41256421559769,10445.35321670281
2020-02-10 00:00:00+00:00,0.00106733,10153.97649601,0.7310000000000003,7422.5568185833135,7.922317569178528,10437.430899133631
2020-02-10 08:00:00+00:00,0.00125022,9967.93190975,0.7620000000000002,7595.564115229502,9.496126168142228,10479.359532549506
2020-02-12 00:00:00+00:00,0.003,10221.95266696,0.632,6460.27408551872,19.38082225655616,10519.52418880037
2020-02-12 08:00:00+00:00,0.00108055,10368.75848252,0.632,6553.05536095264,7.080903970277375,10512.443284830091
2020-02-12 16:00:00+00:00,0.00103884,10316.1539433,0.632,6519.8092921656,6.773038685073312,10505.670246145019
2020-02-13 00:00:00+00:00,0.00093553,10328.2399977,0.632,6527.4476785464,6.106623126710514,10499.563623018308
2020-02-13 08:00:00+00:00,0.00084403,10339.29772727,0.632,6534.43616363464,5.5152601551925455,10494.048362863115
2020-02-13 16:00:00+00:00,0.00070414,10255.81107051,0.632,6481.672596562321,4.564004942143392,10489.484357920972
2020-02-14 00:00:00+00:00,0.0006332,10229.25181818,0.632,6464.88714908976,4.093566542803636,10485.390791378168
2020-02-14 08:00:00+00:00,0.00074453,10124.69695555,0.632,6398.8084759076,4.764104874567486,10480.6266865036
2020-02-14 16:00:00+00:00,0.00055952,10252.89164433,0.5680000000000001,5823.642453979441,3.2584444258505765,10440.84861451579
2020-02-15 00:00:00+00:00,0.00059113,10343.0973149,0.5680000000000001,5874.8792748632,3.472817385749884,10437.37579713004
2020-02-15 08:00:00+00:00,0.0009686,10224.25056783,0.5680000000000001,5807.374322527441,5.625022768800079,10431.75077436124
2020-02-15 16:00:00+00:00,0.00087369,9981.67251272,0.17800000000000005,1776.7377072641607,1.5523179674596246,10419.212059035852
2020-02-19 08:00:00+00:00,0.00038487,10057.61795274,0.127,1277.31747999798,0.49160117852682256,10360.683003606424
2020-02-19 16:00:00+00:00,0.00040757,10121.85452904,0.515,5212.7550824556,2.124562588956429,10356.990728283454
2020-02-20 00:00:00+00:00,0.0001,9599.84660078,0.5070000000000001,4867.122226595461,0.4867122226595461,10375.967875424643
2020-02-23 16:00:00+00:00,0.00065308,9862.19818182,0.58,5720.0749454556,3.7356665453781432,10098.113747103194
2020-02-24 00:00:00+00:00,0.00048774,9941.03136364,0.18299999999999994,1819.2087395461194,0.8873008706262243,10110.3022073877
2020-04-04 16:00:00+00:00,-7.77e-05,6730.21188364,0.449,3021.8651357543604,-0.2347989210481138,10008.759164275622
2020-04-05 00:00:00+00:00,-4.495e-05,6855.97720203,0.449,3078.33376371147,-0.13837110267883057,10008.8975353783
2020-04-05 08:00:00+00:00,4.198e-05,6773.39899153,0.45799999999999996,3102.2167381207396,0.13023105866630866,9978.331391362653
2020-04-05 16:00:00+00:00,3.859e-05,6784.7413979,0.45799999999999996,3107.4115602382,0.11991501210959214,9978.211476350543
2020-04-06 00:00:00+00:00,2.364e-05,6771.74509392,0.45799999999999996,3101.4592530153595,0.0733184967412831,9978.138157853802
2020-04-06 08:00:00+00:00,6.54e-06,7030.94960224,1.711,12029.954769432641,0.07867590419208947,9974.63039991635
2020-04-06 16:00:00+00:00,-8.471e-05,7143.00731675,1.711,12221.685518959252,-1.0352989803110382,9975.66569889666
2020-04-07 00:00:00+00:00,-0.00012883,7329.83274051,1.711,12541.34381901261,-1.6157013242033946,9977.281400220863
2020-04-07 08:00:00+00:00,-2.915e-05,7376.75166987,1.711,12621.62210714757,-0.3679202844233517,9977.649320505287
2020-04-07 16:00:00+00:00,1.131e-05,7319.28490001,1.711,12523.29646391711,0.14163848300690252,9977.50768202228
2020-04-08 00:00:00+00:00,-2.763e-05,7198.39136749,1.711,12316.447629775392,-0.34030344801069407,9977.847985470291
2020-04-08 08:00:00+00:00,0.0001,7322.43249186,1.711,12528.68199357246,1.2528681993572461,9976.595117270934
2020-04-08 16:00:00+00:00,6.677e-05,7277.35682407,1.711,12451.55752598377,0.8313904960099363,9975.763726774923
2020-04-09 00:00:00+00:00,0.0001,7360.19454545,1.711,12593.29286726495,1.2593292867264951,9974.504397488197
2020-04-09 08:00:00+00:00,-0.00010005,7329.61169744,1.711,12540.96561431984,-1.2547236097127001,9975.75912109791
2020-04-09 16:00:00+00:00,-8.854e-05,7282.08517032,0.569,4143.506461912079,-0.3668660621376955,10366.37526057191
2020-04-10 00:00:00+00:00,-5.003e-05,7286.50598602,0.569,4146.021906045379,-0.20742547595945032,10366.582686047868
2020-04-13 00:00:00+00:00,7.954e-05,6903.02976597,0.668,4611.22388366796,0.3667767477069495,10554.650252458567
2020-04-23 00:00:00+00:00,-0.0002234,7125.50173974,0.708,5044.85523173592,-1.1270206587698046,10321.587001057564
2020-04-23 08:00:00+00:00,-0.00015491,7060.99676135,0.708,4999.1857070358,-0.7744238578769157,10322.36142491544
2020-04-23 16:00:00+00:00,0.0001,7528.60164663,0.708,5330.24996581404,0.533024996581404,10321.828399918859
2020-04-24 00:00:00+00:00,0.0001,7483.46402477,2.084,15595.53902762068,1.559553902762068,10316.12487502535
2020-04-24 08:00:00+00:00,0.0001,7568.12619492,2.084,15771.97499021328,1.5771974990213282,10314.547677526329
2020-04-24 16:00:00+00:00,0.0001,7502.87856194,2.084,15635.99892308296,1.563599892308296,10312.98407763402
2020-04-25 00:00:00+00:00,0.0001,7502.83807218,2.084,15635.914542423121,1.5635914542423122,10311.420486179779
2020-04-25 08:00:00+00:00,0.0001,7559.81292002,2.084,15754.650125321681,1.575465012532168,10309.845021167246
2020-04-25 16:00:00+00:00,0.0001,7526.44498292,2.084,15685.11134440528,1.5685111344405283,10308.276510032805
2020-04-26 00:00:00+00:00,0.0001,7539.97352516,2.084,15713.30482643344,1.571330482643344,10306.705179550161
2020-04-26 08:00:00+00:00,7.493e-05,7546.63954545,2.084,15727.1968127178,1.1784388571769449,10305.526740692983
2020-04-26 16:00:00+00:00,0.0001,7546.42810799,2.084,15726.75617705116,1.572675617705116,10303.954065075279
2020-04-27 00:00:00+00:00,0.0001,7693.76431818,2.084,16033.80483908712,1.6033804839087122,10302.35068459137
2020-04-27 08:00:00+00:00,0.0001,7696.71345455,2.084,16039.9508392822,1.6039950839282202,10300.746689507443
2020-04-27 16:00:00+00:00,0.0001,7677.15314093,2.084,15999.187145698119,1.599918714569812,10299.146770792873
2020-04-28 00:00:00+00:00,0.0001,7773.56483616,2.084,16200.10911855744,1.6200109118557442,10297.526759881017
2020-04-28 08:00:00+00:00,0.0001,7704.64836364,2.084,16056.48718982576,1.605648718982576,10295.921111162035
2020-04-28 16:00:00+00:00,0.0001,7716.73504566,2.084,16081.67583515544,1.608167583515544,10294.31294357852
2020-04-29 00:00:00+00:00,0.0001,7741.82040908,2.084,16133.953732522721,1.6133953732522721,10292.699548205268
2020-04-29 08:00:00+00:00,0.0001,7944.29436364,2.084,16555.90945382576,1.6555909453825761,10291.043957259886
2020-04-29 16:00:00+00:00,0.0001,8356.44500001,3.712,31019.123840037122,3.1019123840037124,10282.65039473912
2020-04-30 00:00:00+00:00,0.00013208,8778.53486364,3.712,32585.92141383168,4.303948500338888,10278.34644623878
2020-04-30 08:00:00+00:00,0.00097517,9177.35902664,3.365,30881.813124643602,30.115017704758703,10800.334577806538
2020-04-30 16:00:00+00:00,0.0001,8779.11238412,0.5700000000000003,5004.094058948403,0.5004094058948403,13958.94117873327
2020-05-01 00:00:00+00:00,0.00021072,8627.02071476,1.7950000000000004,15485.502182994202,3.263105020000538,13951.34401835463
2020-05-01 08:00:00+00:00,0.00017885,8765.45459091,1.7950000000000004,15733.990990683453,2.814024288683736,13948.529994065946
2020-05-01 16:00:00+00:00,0.00013528,8728.30601803,1.7950000000000004,15667.309302363854,2.119473602423782,13946.410520463522
2020-05-02 00:00:00+00:00,0.0001,8824.06649433,1.7950000000000004,15839.199357322354,1.5839199357322353,13944.82660052779
2020-05-02 08:00:00+00:00,0.0001,8799.56214651,1.7950000000000004,15795.214052985451,1.5795214052985451,13943.247079122491
2020-05-02 16:00:00+00:00,0.00010144,8937.13231133,1.7950000000000004,16042.152498837355,1.6273159494820613,13941.61976317301
2020-05-03 00:00:00+00:00,0.0001,8971.70159091,1.7950000000000004,16104.204355683452,1.6104204355683454,13940.009342737441
2020-05-03 08:00:00+00:00,0.0001981,8990.39503152,1.7950000000000004,16137.759081578402,3.1968900740606814,13936.81245266338
2020-05-03 16:00:00+00:00,0.00015162,8815.32809926,1.7950000000000004,15823.513938171702,2.3991611833055932,13934.413291480074
2020-05-04 00:00:00+00:00,0.00011925,8893.14796276,0.5800000000000003,5158.025818400803,0.6150945788442957,14332.760139427774
2020-05-04 08:00:00+00:00,0.0001,8648.73772754,0.5800000000000003,5016.267881973202,0.5016267881973202,14332.258512639577
2020-05-05 00:00:00+00:00,0.0001,8871.02169072,0.592,5251.64484090624,0.525164484090624,14424.648099672151
2020-05-05 08:00:00+00:00,0.0001,9011.71348982,0.592,5334.93438597344,0.533493438597344,14424.114606233554
2020-05-05 16:00:00+00:00,0.0001,8842.60727273,0.592,5234.823505456159,0.523482350545616,14423.591123883009
2020-05-06 00:00:00+00:00,0.0001,9021.23154545,0.592,5340.5690749064,0.5340569074906399,14423.057066975518
2020-05-06 08:00:00+00:00,0.0001,9019.42249467,0.592,5339.498116844639,0.533949811684464,14422.523117163833
2020-05-06 16:00:00+00:00,0.00035981,9273.23948069,2.129,19742.72685438901,7.103630549477709,14409.687718350084
2020-05-07 00:00:00+00:00,0.0001,9145.25586428,2.129,19470.24973505212,1.947024973505212,14407.740693376578
2020-05-07 08:00:00+00:00,0.0001,9307.73863636,2.129,19816.175556810438,1.9816175556810438,14405.759075820897
2020-05-07 16:00:00+00:00,0.0001,9514.02327273,2.129,20255.35554764217,2.0255355547642173,14403.733540266134
2020-05-08 00:00:00+00:00,0.00016094,9983.60543248,2.715,27105.4887491832,4.3623573592935445,14397.056991590309
2020-05-08 08:00:00+00:00,0.00034016,9810.48667675,2.715,26635.47132737625,9.060321926720306,14387.99666966359
2020-05-08 16:00:00+00:00,0.0005319,9938.67687595,1.984,19718.334921884798,10.488182344950523,14724.856298959985
2020-05-09 00:00:00+00:00,0.00042037,9802.42854594,0.627,6146.12269830438,2.583645598686212,15550.004227187268
2020-05-09 08:00:00+00:00,0.00075816,9596.59234826,0.627,6017.063402359019,4.561896789132514,15829.917081781357
2020-05-09 16:00:00+00:00,0.00058018,9687.90182039,0.183,1772.88603313137,1.0285930187021581,15819.67635193264
2020-05-10 00:00:00+00:00,0.00042326,9539.49777026,0.183,1745.72809195758,0.7388968722019653,15818.937455060437
2020-05-14 08:00:00+00:00,0.0001,9508.93936364,0.514,4887.594832910961,0.4887594832910961,15624.252727218747
2020-05-14 16:00:00+00:00,0.0001,9749.67481586,0.514,5011.3328553520405,0.5011332855352041,15623.751593933212
2020-05-15 00:00:00+00:00,0.0001,9791.48940928,0.514,5032.82555636992,0.5032825556369921,15623.248311377574
2020-05-15 08:00:00+00:00,4.4e-05,9674.2266909,0.514,4972.552519122601,0.21879231084139442,15623.029519066733
2020-05-15 16:00:00+00:00,0.0001,9476.88261364,0.514,4871.117663410961,0.4871117663410961,15622.542407300392
2020-05-16 00:00:00+00:00,0.0001,9316.11350909,0.514,4788.482343672261,0.4788482343672261,15622.063559066026
2020-05-29 08:00:00+00:00,1.877e-05,9521.29965,2.716,25859.849849400005,0.48538938167323814,15617.688597391687
2020-05-29 16:00:00+00:00,-6.04e-06,9411.00092645,2.716,25560.278516238202,-0.15438408223807873,15617.842981473925
2020-05-30 00:00:00+00:00,0.0001,9426.30958536,2.716,25601.856833837763,2.5601856833837764,15615.282795790541
2020-05-30 08:00:00+00:00,0.0001,9528.66840909,2.853,27185.29097113377,2.718529097113377,15612.049475113918
2020-05-30 16:00:00+00:00,0.0001,9540.09166364,2.853,27217.88151636492,2.721788151636492,15609.32768696228
2020-05-31 00:00:00+00:00,0.0001,9696.04648659,2.853,27662.82062624127,2.766282062624127,15606.561404899656
2020-05-31 08:00:00+00:00,0.0001,9563.78946898,2.853,27285.49135499994,2.728549135499994,15603.832855764156
2020-05-31 16:00:00+00:00,0.0001,9479.92545455,2.853,27046.227321831153,2.7046227321831156,15601.128233031974
2020-06-01 00:00:00+00:00,0.0001,9452.14965361,2.853,26966.982961749334,2.6966982961749335,15598.431534735799
2020-06-01 08:00:00+00:00,-2.911e-05,9570.23003517,2.955,28280.02975392735,-0.8232316661368252,15352.190759665875
2020-06-01 16:00:00+00:00,9.38e-06,9545.64845627,2.955,28207.391188277852,0.2645853293460462,15351.92617433653
2020-06-02 00:00:00+00:00,0.0003448,10198.21963637,2.955,30135.73902547335,10.39080281598321,15341.535371520546
2020-06-02 08:00:00+00:00,0.0007831,10120.20849815,3.697,37414.41081766055,29.29922511130998,15309.198796896546
2020-06-02 16:00:00+00:00,0.0001,9469.76187633,1.15,10890.226157779498,1.08902261577795,16389.056883743116
2020-06-04 08:00:00+00:00,0.0001,9648.79309049,0.766,7390.97550731534,0.739097550731534,16121.257215160438
2020-06-12 00:00:00+00:00,0.0001,9277.93907116,0.115,1066.9629931834002,0.10669629931834002,16101.216040273508
2020-06-12 08:00:00+00:00,-3.816e-05,9437.99245455,0.115,1085.36913227325,-0.04141768608754722,16101.257457959595
2020-06-12 16:00:00+00:00,9.714e-05,9417.47524433,0.115,1083.0096530979501,0.10520355770193487,16101.152254401894
2020-06-13 00:00:00+00:00,-1.942e-05,9467.25760909,0.474,4487.48010670866,-0.08714686367228218,16099.887197722825
2020-06-13 08:00:00+00:00,7.217e-05,9437.0723091,0.474,4473.1722745134,0.32282884305163206,16099.564368879774
2020-06-24 00:00:00+00:00,0.00011286,9623.52198637,4.468,42997.89623510116,4.852742569093516,16097.683727779791
2020-06-24 08:00:00+00:00,0.0001,9511.44940909,4.468,42497.155959814125,4.249715595981413,16093.43401218381
2020-07-22 16:00:00+00:00,0.0001,9337.2199214,7.133,66602.3896993462,6.66023896993462,15004.28069732322
2020-07-23 00:00:00+00:00,0.0001,9518.05136364,7.133,67892.26037684412,6.789226037684412,14997.491471285535
2020-07-23 08:00:00+00:00,0.0001,9490.78811364,9.546,90599.06333280743,9.059906333280743,14979.243124517581
2020-07-23 16:00:00+00:00,0.0001,9525.45186364,9.546,90929.96349030745,9.092996349030745,14970.15012816855
2020-07-24 00:00:00+00:00,0.0001,9606.32645971,9.546,91701.99238439166,9.170199238439167,14960.979928930112
2020-07-24 08:00:00+00:00,0.0001,9507.42063637,9.546,90757.837394788,9.075783739478801,14951.904145190632
2020-07-24 16:00:00+00:00,0.0001,9550.41945455,6.357,60712.016472574345,6.071201647257435,15426.62136216575
2020-07-25 00:00:00+00:00,0.0001,9538.99104545,6.357,60639.36607592565,6.063936607592566,15420.557425558158
2020-07-25 08:00:00+00:00,0.0001,9568.98028691,6.357,60830.00768388688,6.083000768388688,15414.474424789769
2020-07-25 16:00:00+00:00,0.0001,9593.9792318,6.357,60988.9259765526,6.098892597655261,15408.375532192114
2020-07-26 00:00:00+00:00,0.0001,9700.76959091,6.357,61667.79228941487,6.166779228941487,15402.208752963174
2020-07-26 08:00:00+00:00,0.0001,9715.37659091,6.357,61760.648988414876,6.176064898841488,15396.032688064332
2020-07-26 16:00:00+00:00,0.00065437,9962.1063182,7.235,72075.839212177,47.164266905272264,15345.363156191832
2020-07-27 00:00:00+00:00,0.00047138,9929.84881819,1.9640000000000004,19502.223078925163,9.192957914943742,17640.94331563386
2020-07-27 08:00:00+00:00,0.00086993,10150.85636364,1.9170000000000007,19459.191649097887,16.928134591299724,19862.829080602838
2020-07-27 16:00:00+00:00,0.00051888,10308.35534076,1.8430000000000009,18998.29889302069,9.857837329610575,20753.488122223203
2020-07-28 00:00:00+00:00,0.00139484,11046.94931891,1.8430000000000009,20359.52759475114,28.39828347026268,20725.08983875294
2020-07-28 08:00:00+00:00,0.00122052,10895.81930216,1.8430000000000009,20080.99497388089,24.5092559855211,20700.58058276742
2020-07-28 16:00:00+00:00,0.00097576,11164.35466394,1.8430000000000009,20575.90564564143,20.07714569279108,20680.50343707463
2020-07-29 00:00:00+00:00,0.00083621,10919.94,1.8430000000000009,20125.44942000001,16.829102059498208,20663.67433501513
2020-07-29 08:00:00+00:00,0.00068208,11027.65,1.137000000000001,12538.43805000001,8.552217825144005,21312.908589692524
2020-07-29 16:00:00+00:00,0.00061856,11173.32,1.137000000000001,12704.06484000001,7.858226347430406,21305.050363345094
2020-07-30 00:00:00+00:00,0.00061759,11112.68,1.137000000000001,12635.11716000001,7.8033220068444065,21297.24704133825
2020-07-30 08:00:00+00:00,0.00072329,10949.99,0.8390000000000009,9187.04161000001,6.644895326096907,21605.01329648632
2020-07-30 16:00:00+00:00,0.00069174,11021.24,0.8390000000000009,9246.820360000009,6.3963955158264065,21598.616900970494
2020-07-31 00:00:00+00:00,0.00082654,11111.93454575,0.8390000000000009,9322.91308388426,7.7057605803536955,21590.91114039014
2020-07-31 08:00:00+00:00,0.00039348,11140.01248395,0.8390000000000009,9346.47047403406,3.6776492021229217,21587.233491188017
2020-07-31 16:00:00+00:00,0.00037716,11355.35,0.8390000000000009,9527.13865000001,3.5932556132340037,21583.64023557478
2020-08-01 00:00:00+00:00,0.0002791,11343.16118071,0.8390000000000009,9516.912230615699,2.656170203564842,21580.984065371216
2020-08-01 08:00:00+00:00,0.00030785,11667.53,0.8390000000000009,9789.057670000011,3.0135614037095033,21577.970503967506
2020-08-01 16:00:00+00:00,0.00048996,11642.13,1.2100000000000013,14086.977300000015,6.902055397908008,22484.44349719329
2020-08-02 00:00:00+00:00,0.00095567,11809.78284069,1.2150000000000012,14348.886151438364,13.712800028345102,23117.38844875695
2020-08-02 08:00:00+00:00,0.0004243,11335.10613182,1.2420000000000009,14078.201815720451,5.973381030410188,23902.14126214711
2020-08-06 00:00:00+00:00,0.00038867,11752.5,0.867,10189.4175,3.9603208997249997,23381.212380582747
2020-08-06 08:00:00+00:00,0.00038696,11639.09540197,0.867,10091.09571350799,3.9048503972990516,23377.307530185448
2020-08-06 16:00:00+00:00,0.00036099,11846.55480716,0.867,10270.96301780772,3.707714939798409,23373.59981524565
2020-08-07 00:00:00+00:00,0.00031707,11770.14159087,0.28700000000000003,3378.0306365796905,1.0710721739403226,23486.12527846699
2020-08-15 08:00:00+00:00,0.0003665,11900.55324103,3.5770000000000004,42568.27894316432,15.601274232669724,23479.306279723827
2020-08-15 16:00:00+00:00,0.00021904,11860.96349974,3.5770000000000004,42426.666438569984,9.29313701670437,23470.01314270712
2020-08-24 16:00:00+00:00,0.0001,11766.26541651,1.553,18273.01019184003,1.827301019184003,23539.709385743517
2020-10-10 08:00:00+00:00,0.0001,11381.38,7.488,85223.77344,8.522377344,23434.19517693393
2020-10-10 16:00:00+00:00,0.0001,11349.59802447,7.488,84985.79000723136,8.498579000723137,23425.696597933205
2020-10-11 00:00:00+00:00,0.0001,11294.49113152,7.488,84573.14959282176,8.457314959282177,23417.239282973922
2020-10-11 08:00:00+00:00,0.0001,11353.96,7.488,85018.45247999999,8.501845248,23408.737437725922
2020-10-11 16:00:00+00:00,0.0001,11404.49,7.488,85396.82112000001,8.539682112000001,23400.19775561392
2020-10-12 00:00:00+00:00,0.0001,11369.59,7.488,85135.48992,8.513548992,23391.68420662192
2020-10-12 08:00:00+00:00,0.0001,11377.78,7.488,85196.81664,8.519681664,23383.164524957923
2020-10-12 16:00:00+00:00,0.0001,11548.70058451,5.415000000000001,62536.21366512166,6.253621366512166,23006.023434145955
2020-10-13 00:00:00+00:00,0.0001,11530.36,6.976000000000001,80435.79136000002,8.043579136000002,22990.765975244456
2020-10-13 08:00:00+00:00,0.0001,11453.39771538,4.939000000000001,56568.331316261836,5.6568331316261835,22992.824201670297
2020-10-13 16:00:00+00:00,0.0001,11384.29495387,4.939000000000001,56227.032777163935,5.622703277716393,22987.20149839258
2020-10-14 00:00:00+00:00,0.0001,11419.36,4.939000000000001,56400.21904000001,5.640021904000001,22981.56147648858
2020-10-14 08:00:00+00:00,0.0001,11412.24519723,4.939000000000001,56365.079029118984,5.636507902911899,22975.924968585667
2020-10-14 16:00:00+00:00,0.0001,11317.53,4.939000000000001,55897.280670000015,5.589728067000002,22970.335240518667
2020-10-15 00:00:00+00:00,0.0001,11417.13,4.939000000000001,56389.20507,5.638920507000001,22964.696320011666
2020-10-15 08:00:00+00:00,0.0001,11396.1699714,4.939000000000001,56285.68348874462,5.628568348874462,22959.06775166279
2020-10-15 16:00:00+00:00,0.0001,11397.23486272,4.939000000000001,56290.94298697409,5.629094298697409,22953.438657364095
2020-10-16 00:00:00+00:00,0.0001,11502.01,4.939000000000001,56808.42739000001,5.680842739000002,22947.757814625096
2020-10-16 08:00:00+00:00,0.0001,11309.01,4.939000000000001,55855.20039000001,5.585520039000001,22942.172294586097
2020-10-20 00:00:00+00:00,0.0001,11746.02137609,5.216,61267.24749768544,6.126724749768544,22187.133280341517
2020-10-20 08:00:00+00:00,0.0001,11729.98,5.216,61183.57568,6.118357568,22181.014922773516
2020-10-20 16:00:00+00:00,3.742e-05,11923.58,5.216,62193.393280000004,2.3272767765376,22178.68764599698
2020-10-21 00:00:00+00:00,2.291e-05,11902.37967911,5.216,62082.81240623776,1.422317232226907,22177.26532876475
2020-10-21 08:00:00+00:00,7.487e-05,12193.32,6.553,79902.82596,5.9823245796252005,22164.772069889732
2020-10-21 16:00:00+00:00,0.0001,12729.32956227,6.553,83415.29662155532,8.341529662155532,22156.430540227575
2020-10-22 00:00:00+00:00,0.0001,12796.34242885,6.553,83854.43193625404,8.385443193625404,22148.045097033948
2020-10-22 08:00:00+00:00,0.0001,12753.86,6.553,83576.04458,8.357604458,22139.687492575948
2020-10-22 16:00:00+00:00,0.0001,12931.3640057,6.553,84739.22832935209,8.473922832935209,22131.213569743013
2020-10-23 00:00:00+00:00,0.0001,12970.24404224,6.553,84994.00920879871,8.499400920879872,22122.714168822135
2020-10-23 08:00:00+00:00,0.0001,12882.16004734,6.553,84416.79479021902,8.441679479021902,22114.27248934311
2020-10-23 16:00:00+00:00,0.0001,12925.26,6.553,84699.22878,8.469922878,22105.80256646511
2020-10-24 00:00:00+00:00,0.0001,12925.82,6.553,84702.89846,8.470289846,22097.332276619112
2020-10-24 08:00:00+00:00,0.0001,12925.48,6.553,84700.67044,8.470067044,22088.862209575113
2020-10-24 16:00:00+00:00,0.0001,13101.95890589,6.553,85857.13671029717,8.585713671029717,22080.276495904083
2020-10-25 00:00:00+00:00,0.0001,13111.86929238,6.553,85922.07947296614,8.592207947296615,22071.68428795679
2020-10-25 08:00:00+00:00,0.0001,13019.26,6.553,85315.21078,8.531521077999999,22063.15276687879
2020-10-25 16:00:00+00:00,0.0001,12941.19,1.2429999999999999,16085.899169999999,1.608589917,28535.39399800329
2020-10-26 00:00:00+00:00,0.0001,13024.93,1.2429999999999999,16189.98799,1.618998799,28533.774999204288
2020-10-26 08:00:00+00:00,0.0001,13032.33,1.2429999999999999,16199.186189999999,1.619918619,28532.15508058529
2020-10-26 16:00:00+00:00,0.0001,12975.13837339,4.4879999999999995,58232.421019774316,5.823242101977432,28509.27302297043
2020-10-27 08:00:00+00:00,6.127e-05,13138.47,1.3050000000000002,17145.70335,1.0505172442545,29427.055561300345
2020-10-27 16:00:00+00:00,0.0001,13606.22186194,4.258,57935.292688140515,5.793529268814051,29405.373928029792
2020-10-28 00:00:00+00:00,3.725e-05,13631.91245076,4.258,58044.68321533608,2.162164449771269,29403.21176358002
2020-10-28 08:00:00+00:00,0.0001,13658.62193735,4.258,58158.4122092363,5.81584122092363,29397.395922359097
2020-10-28 16:00:00+00:00,0.0001,13214.52920137,1.1109999999999998,14681.341942722067,1.4681341942722068,29332.45444736636
2020-10-30 00:00:00+00:00,-0.00015268,13447.0,3.4050000000000002,45787.035,-6.990764503800001,29180.727565860627
2020-10-30 08:00:00+00:00,-9.68e-06,13211.87,3.4050000000000002,44986.41735,-0.43546851994800007,29181.163034380574
2020-10-30 16:00:00+00:00,-0.00013414,13543.22,0.9630000000000001,13042.12086,-1.7494700921604003,28636.850634867547
2020-10-31 00:00:00+00:00,-0.00024694,13547.19,3.214,43540.66866,-10.751932718900402,28635.409362426504
2020-10-31 08:00:00+00:00,-0.00016865,13569.17413826,3.214,43611.325680367634,-7.355050075994002,28642.7644125025
2020-10-31 16:00:00+00:00,9.204e-05,13845.86469659,3.214,44500.60913484026,4.095836064770698,28638.66857643773
2020-11-01 00:00:00+00:00,-6.386e-05,13786.06152067,3.214,44308.40172743338,-2.829534534313896,28641.498110972043
2020-11-01 08:00:00+00:00,-4.096e-05,13786.79457036,3.214,44310.75774913704,-1.8149686374046532,28643.31307960945
2020-11-01 16:00:00+00:00,-5.043e-05,13791.98786387,3.214,44327.448994478174,-2.2354332527915344,28645.54851286224
2020-11-02 00:00:00+00:00,7.881e-05,13752.86,3.214,44201.69204,3.4835353496724,28642.064977512568
2020-11-02 08:00:00+00:00,-3.275e-05,13732.13,3.214,44135.065819999996,-1.445423405605,28643.510400918174
2020-11-04 00:00:00+00:00,-7.816e-05,14015.15868139,1.033,14477.658917875868,-1.1315738210211779,28285.047252478904
2020-11-04 08:00:00+00:00,-2.648e-05,13591.39,3.432,46645.65048,-1.2351768247104,28272.8302833691
2020-11-04 16:00:00+00:00,-0.00023791,13899.08255873,0.923,12828.85320170779,-3.0521124652183005,27427.41018283924
2020-11-05 00:00:00+00:00,0.0001,14134.3,0.923,13045.9589,1.30459589,27426.10558694924
2020-11-05 08:00:00+00:00,0.0001,14472.17526459,3.053,44183.55108279327,4.418355108279327,27409.501536907646
2020-11-05 16:00:00+00:00,0.0001,15079.5956841,3.053,46038.0056235573,4.6038005623557305,27404.89773634529
2020-11-06 00:00:00+00:00,0.0001,15596.02426908,3.053,47614.66209350124,4.761466209350124,27400.13627013594
2020-11-06 08:00:00+00:00,0.00023315,15735.92166856,2.651,41715.928343352556,9.726068693252648,28456.236314146678
2020-11-06 16:00:00+00:00,0.0003429,15417.45811068,2.6189999999999998,40378.322791870916,13.845726885332537,29208.176377489293
2020-11-07 00:00:00+00:00,0.00024948,15588.94622356,2.6189999999999998,40827.450159503634,10.185632265792966,29197.990745223502
2020-11-07 08:00:00+00:00,0.00037914,15456.32224638,2.6189999999999998,40480.10796326921,15.347628133193888,29182.64311709031
2020-11-07 16:00:00+00:00,0.0003589,15348.20586801,2.6189999999999998,40196.951168318185,14.426685774309396,29168.216431316
2020-11-09 00:00:00+00:00,0.0001,15474.62630778,0.6960000000000001,10770.339910214881,1.0770339910214881,28818.03830033909
2020-11-09 08:00:00+00:00,0.0001,15302.12721716,0.6960000000000001,10650.28054314336,1.0650280543143362,28816.973272284773
2020-11-09 16:00:00+00:00,0.0001,15008.68531255,2.31,34670.0630719905,3.4670063071990502,28803.29941974291
2020-11-10 00:00:00+00:00,0.0001,15323.48756701,0.6060000000000001,9286.033465608061,0.9286033465608061,27655.62787133775
2020-11-10 08:00:00+00:00,0.0001,15276.6,0.6060000000000001,9257.619600000002,0.9257619600000002,27654.70210937775
2020-11-10 16:00:00+00:00,0.0001,15169.94021277,0.6060000000000001,9192.98376893862,0.9192983768938621,27653.782811000856
2020-11-11 00:00:00+00:00,0.0001,15297.45248511,0.6060000000000001,9270.25620597666,0.9270256205976661,27652.85578538026
2020-11-13 08:00:00+00:00,0.0001,16259.74733759,2.307,37511.23710782013,3.7511237107820135,27400.411395285308
2020-11-13 16:00:00+00:00,0.0001,16101.81,0.708,11400.081479999999,1.140008148,27321.685899922195
2020-11-14 00:00:00+00:00,0.0001,16320.65728352,2.404,39234.86010958208,3.923486010958208,27306.7145710205
2020-11-14 08:00:00+00:00,0.0001,16085.39,0.7459999999999998,11999.700939999995,1.1999700939999995,27106.94899561441
2020-11-15 16:00:00+00:00,0.0001,16022.0,0.785,12577.27,1.257727,26817.768879615844
2020-11-18 00:00:00+00:00,0.00021138,17670.01,3.406,60184.054059999995,12.721705347202798,26829.149596755928
2020-11-18 08:00:00+00:00,0.00057572,18077.38,3.406,61571.556280000004,35.447976381521606,26793.701620374406
2020-11-18 16:00:00+00:00,0.00021486,17878.69,0.9130000000000003,16323.243970000003,3.5072121993942007,28885.217116542444
2020-11-19 00:00:00+00:00,0.0001,17787.3575638,2.0940000000000003,37246.72673859721,3.724672673859721,28873.04447076347
2020-11-19 08:00:00+00:00,0.00025015,17661.44528945,2.0940000000000003,36983.0664361083,9.25131406899249,28863.79315669448
2020-11-19 16:00:00+00:00,0.00052207,18065.3,2.0940000000000003,37828.73820000001,19.749249352074006,28844.043907342406
2020-11-20 00:00:00+00:00,0.0003665,17811.68,0.6260000000000003,11150.111680000005,4.086515930720002,29262.326101553066
2020-11-20 08:00:00+00:00,0.00039647,18216.86542322,0.6380000000000003,11622.360140014365,4.607917124711496,29514.072659121663
2020-11-20 16:00:00+00:00,0.00038617,18676.88,0.6470000000000005,12083.94136000001,4.6664556349912045,29771.20594757808
2020-11-21 00:00:00+00:00,0.0001,18663.85,0.6330000000000007,11814.217050000012,1.1814217050000013,29950.7355663369
2020-11-21 08:00:00+00:00,0.0001,18681.03383953,2.157000000000001,40294.98999186623,4.029498999186623,29935.327467465628
2020-11-21 16:00:00+00:00,0.00059438,18812.73,2.157000000000001,40579.058610000015,24.11938085661181,29911.208086609015
2020-11-22 00:00:00+00:00,0.00080363,18722.01,0.6550000000000009,12262.916550000016,9.854847627076513,30024.053326052348
2020-11-22 08:00:00+00:00,0.00086985,18523.81465911,0.660000000000001,12225.71767501262,10.634540519609727,29817.267003928948
2020-11-23 00:00:00+00:00,0.00101151,18442.32,0.183,3374.94456,3.4137901718855996,29299.34132613664
2020-11-24 16:00:00+00:00,0.00081176,19369.96,0.603,11680.085879999999,9.481426513948799,29243.56203064055
2020-11-25 00:00:00+00:00,0.00084235,19177.32,0.603,11563.92396,9.740871347706,29233.821159292846
2020-11-25 08:00:00+00:00,0.00038079,18988.4352867,0.603,11450.026477880101,4.360055582511964,29229.461103710335
2020-11-29 16:00:00+00:00,0.0001,18114.62459556,0.54,9781.8972816024,0.97818972816024,29157.934471265427
2020-11-30 00:00:00+00:00,0.0001,18181.09,0.54,9817.7886,0.98177886,29156.952692405426
2020-11-30 08:00:00+00:00,0.0001,18617.58,1.9380000000000002,36080.87004000001,3.608087004000001,29142.95598983916
2020-11-30 16:00:00+00:00,0.00029481,19343.4,1.9380000000000002,37487.50920000001,11.051692587252003,29131.90429725191
2020-12-01 00:00:00+00:00,0.00045929,19717.71186598,1.9380000000000002,38212.92559626924,17.5508145971105,29114.3534826548
2020-12-01 08:00:00+00:00,0.00043287,19536.71,1.9380000000000002,37862.14398,16.3893862646226,29097.964096390177
2020-12-01 16:00:00+00:00,0.00011546,19276.01,0.538,10370.49338,1.1973771656548,30480.406309295246
2020-12-02 16:00:00+00:00,0.0001,18893.22838642,1.604,30304.73833181768,3.030473833181768,30908.566290565777
2020-12-13 00:00:00+00:00,0.0001,18799.99,2.5500000000000003,47939.97450000001,4.793997450000002,30493.213182544394
2020-12-13 08:00:00+00:00,0.0001,19242.28552528,2.5500000000000003,49067.828089464005,4.9067828089464,30488.306399735447
2020-12-13 16:00:00+00:00,0.0001,19221.34638906,2.5500000000000003,49014.43329210301,4.901443329210301,30483.404956406237
2020-12-14 00:00:00+00:00,0.0001,19175.18702755,2.5500000000000003,48896.726920252506,4.8896726920252505,30478.515283714212
2020-12-14 08:00:00+00:00,0.0001,19155.23228796,2.5500000000000003,48845.842334298,4.8845842334298,30473.630699480782
2020-12-14 16:00:00+00:00,0.0001,19199.61842145,2.5500000000000003,48959.0269746975,4.895902697469751,30468.734796783312
2020-12-15 00:00:00+00:00,0.0001,19270.38512222,2.5500000000000003,49139.482061661,4.913948206166101,30463.820848577147
2020-12-15 08:00:00+00:00,0.0001,19197.15,2.5500000000000003,48952.732500000006,4.895273250000001,30458.925575327146
2020-12-15 16:00:00+00:00,0.0001,19409.30532075,2.5500000000000003,49493.72856791251,4.949372856791252,30453.976202470356
2020-12-16 00:00:00+00:00,0.0001,19426.07626836,2.5500000000000003,49536.494484318006,4.9536494484318006,30449.022553021925
2020-12-16 08:00:00+00:00,0.0001,19419.51,3.1370000000000005,60919.002870000004,6.0919002870000005,30438.388084434424
2020-12-16 16:00:00+00:00,0.00046054,20666.40380629,3.1370000000000005,64830.50874033174,29.857042495272378,30408.53104193915
2020-12-17 00:00:00+00:00,0.0001,21346.81,4.0040000000000004,85472.62724000002,8.547262724000001,30392.815775059305
2020-12-17 08:00:00+00:00,0.00021355,22487.79,4.0040000000000004,90041.11116000001,19.228279288218,30373.587495771088
2020-12-17 16:00:00+00:00,0.00054618,23333.0,4.0040000000000004,93425.33200000001,51.02704783176,30322.560447939326
2020-12-18 00:00:00+00:00,0.00028532,22818.31451954,0.9630000000000005,21974.036882317032,6.269632203262695,41306.36619496714
2020-12-18 08:00:00+00:00,0.00053548,23069.5677469,3.1250000000000004,72092.39920906251,38.60403792846879,41248.02626474046
2020-12-18 16:00:00+00:00,0.00045032,22565.01,0.9290000000000003,20962.894290000004,9.440010556672801,43797.60736550724
2020-12-19 00:00:00+00:00,0.0001,23123.41937774,0.7040000000000002,16278.887241928964,1.6278887241928965,44624.363952885564
2020-12-19 08:00:00+00:00,0.00038032,22874.72,2.369,54190.21168000001,20.609621306137605,44588.35122709695
2020-12-19 16:00:00+00:00,0.00070544,23578.83,2.369,55858.24827000001,39.40464265958881,44548.94658443736
2020-12-20 00:00:00+00:00,0.00078228,23847.3,0.9810000000000003,23394.201300000008,18.300815792964006,46260.41767148295
2020-12-20 08:00:00+00:00,0.00037486,23644.76379576,0.7370000000000003,17426.190917475127,6.532381927324726,46326.192854345216
2020-12-20 16:00:00+00:00,0.00038896,23899.58661223,0.7370000000000003,17613.995333213516,6.851139624806729,46319.34171472041
2020-12-21 00:00:00+00:00,0.00041795,23477.53,0.7370000000000003,17302.939610000005,7.2317636099995015,46312.10995111041
2020-12-21 08:00:00+00:00,0.00030249,23997.77,0.7030000000000005,16870.43231000001,5.103137069451903,47272.53411104566
2020-12-23 08:00:00+00:00,0.0001,23577.01,0.606,14287.668059999998,1.4287668059999998,44502.74098518477
2020-12-24 00:00:00+00:00,0.0001,23239.6,0.5700000000000001,13246.572,1.3246572,44034.2576195447
2020-12-27 00:00:00+00:00,0.0001994,26498.25342617,2.069,54824.886338745724,10.932082335945896,43690.00490848384
2020-12-27 08:00:00+00:00,0.00025468,27655.4,2.069,57219.022600000004,14.572540675768002,43675.43236780807
2020-12-27 16:00:00+00:00,0.00071164,27396.40603929,2.733,74874.37770537956,53.283602150256314,43614.802525572915
2020-12-28 00:00:00+00:00,0.00043463,26296.5942877,0.5390000000000001,14173.864321070305,6.160386649866786,45475.512632361526
2020-12-28 08:00:00+00:00,0.00036133,27028.2083055,0.5160000000000002,13946.555485638006,5.039308893625581,46595.7139148025
2020-12-28 16:00:00+00:00,0.00071278,26940.41,0.5290000000000001,14251.476890000004,10.158167697654202,46639.46510417123
2020-12-29 00:00:00+00:00,0.00037693,27100.2342861,0.5370000000000001,14552.825811635703,5.485396633179845,46745.950234868695
2020-12-29 08:00:00+00:00,0.0004893,26455.10582631,0.5370000000000001,14206.391828728472,6.951187521796842,46738.9990473469
2020-12-29 16:00:00+00:00,0.00039914,26636.84,0.5550000000000002,14783.446200000004,5.900664716268001,47082.897020080185
2020-12-30 00:00:00+00:00,0.00048979,27402.83,0.5630000000000002,15427.793290000005,7.556378875509103,47468.06264574286
2020-12-30 08:00:00+00:00,0.00076836,28426.40867849,0.5760000000000001,16373.61139881024,12.580828054389837,48659.12016309523
2020-12-30 16:00:00+00:00,0.0006288,28182.26,0.5409999999999999,15246.602659999997,9.587063752607998,48357.23567874593
2020-12-31 00:00:00+00:00,0.00053292,28906.04769979,0.5409999999999999,15638.171805586388,8.333894518633098,48348.901784227295
2020-12-31 08:00:00+00:00,0.00060345,29190.0,0.5409999999999999,15791.789999999997,9.529555675499997,48339.372228551794
2020-12-31 16:00:00+00:00,0.00036744,28792.58,0.5409999999999999,15576.785779999998,5.7235341670032,48333.64869438479
2021-01-01 00:00:00+00:00,0.00022753,28948.25346318,0.5409999999999999,15661.005123580378,3.5633484957682438,48330.08534588903
2021-01-01 08:00:00+00:00,0.00026336,29105.38675505,0.5409999999999999,15746.014234482047,4.146870308793193,48325.93847558023
2021-01-01 16:00:00+00:00,0.00034457,29210.84,1.8299999999999998,53455.837199999994,18.419277824004,48292.50905673947
2021-01-02 00:00:00+00:00,0.0001,29337.16,1.8299999999999998,53687.002799999995,5.36870028,48287.14035645947
2021-01-02 08:00:00+00:00,0.00020151,29777.0,1.8299999999999998,54491.909999999996,10.980664784099998,48276.15969167537
2021-01-02 16:00:00+00:00,0.00115471,31723.32,1.8299999999999998,58053.675599999995,67.035159752076,48209.12453192329
2021-01-03 00:00:00+00:00,0.00124058,32199.91,0.7869999999999999,25341.329169999997,31.437946141718598,54413.498279783584
2021-01-03 08:00:00+00:00,0.00114744,34474.82,0.7869999999999999,27131.683339999996,31.131978731649596,54382.36630105194
2021-01-03 16:00:00+00:00,0.00155006,33537.66,0.7869999999999999,26394.13842,40.9124981993052,54341.45380285263
2021-01-04 00:00:00+00:00,0.00164126,33054.6,0.4719999999999999,15601.771199999997,25.606562999711997,55526.92728098742
2021-01-04 08:00:00+00:00,0.00236482,32162.59741107,0.4719999999999999,15180.745978025037,35.89973170375317,55491.027549283666
2021-01-06 00:00:00+00:00,0.00127193,33992.67473496,0.34400000000000003,11693.48010882624,14.873288154819358,55973.87438717245
2021-01-06 08:00:00+00:00,0.00210008,34741.35,0.34400000000000003,11951.0244,25.098107321952,55948.7762798505
2021-01-06 16:00:00+00:00,0.00149253,34611.47,0.34400000000000003,11906.345680000002,17.770578117770402,55931.00570173273
2021-01-07 00:00:00+00:00,0.00100316,36809.17142924,0.34400000000000003,12662.35497165856,12.702368013369,55918.303333719356
2021-01-07 08:00:00+00:00,0.00142744,36900.99806902,0.34400000000000003,12693.943335742882,18.11984247517282,55900.183491244185
2021-01-07 16:00:00+00:00,0.00099841,39020.74260707,0.34400000000000003,13423.135456832082,13.401792671455718,55886.781698572726
2021-01-08 00:00:00+00:00,0.00213517,39498.92,0.34400000000000003,13587.628480000001,29.011896701641604,55857.76980187109
2021-01-08 08:00:00+00:00,0.00092044,38962.47,0.34400000000000003,13403.089680000001,12.3367398650592,55845.43306200603
2021-01-08 16:00:00+00:00,0.00131892,40854.45197628,0.34400000000000003,14053.931479840321,18.536011307390996,55826.89705069864
2021-01-09 00:00:00+00:00,0.00062954,40621.87,0.34400000000000003,13973.923280000003,8.797143661691202,55818.09990703694
2021-01-09 08:00:00+00:00,0.00066918,39674.6849918,0.34400000000000003,13648.091637179201,9.133029961767578,55808.966877075174
2021-01-09 16:00:00+00:00,0.00146942,40597.43714891,0.34400000000000003,13965.518379225041,20.52121201680086,55788.445665058374
2021-01-10 00:00:00+00:00,0.00145604,40136.05,0.34400000000000003,13806.801200000002,20.103254819248004,55768.34241023913
2021-01-10 08:00:00+00:00,0.00120632,41040.12672174,0.34400000000000003,14117.803592278562,17.030588829437477,55751.31182140969
2021-01-10 16:00:00+00:00,0.00052988,39720.01569627,0.08700000000000002,3455.641365575491,1.8310752467911413,57153.425357336935
2021-01-14 08:00:00+00:00,0.00072627,38258.18907673,0.017,650.3892143044101,0.4723581746728639,57480.087915357726
2021-01-14 16:00:00+00:00,0.00068503,39560.35019205,0.07200000000000001,2848.3452138276,1.951201921828321,57477.2954344605
2021-01-15 00:00:00+00:00,0.00055628,39173.11,0.24400000000000002,9558.238840000002,5.317057101915202,57469.25490279695
2021-01-15 08:00:00+00:00,0.00064483,38482.67499391,0.07700000000000001,2963.1659745310703,1.91073831535687,57472.937858844714
2021-02-04 16:00:00+00:00,0.00061936,36605.82,0.427,15630.68514,9.6810211483104,57409.56262710013
2021-02-05 00:00:00+00:00,0.00056635,36982.6,0.427,15791.570199999998,8.943555782769998,57400.619071317364
2021-02-05 08:00:00+00:00,0.00074838,37701.0718172,0.427,16098.357665944399,12.047688910039469,57388.571382407325
2021-02-05 16:00:00+00:00,0.00099154,38005.09,0.427,16228.173429999999,16.0908830827822,57372.48049932454
2021-02-06 00:00:00+00:00,0.00034782,38341.18068773,0.427,16371.684153660708,5.694399182326268,57366.78610014221
2021-02-06 08:00:00+00:00,0.00069827,39398.38668326,0.427,16823.11111375202,11.747073797399622,57355.03902634481
2021-02-06 16:00:00+00:00,0.00102371,40886.91,0.427,17458.710570000003,17.872656597614704,57337.166369747196
2021-02-07 00:00:00+00:00,0.00155546,39249.54,0.427,16759.55358,26.068815211546802,57311.09755453565
2021-02-07 08:00:00+00:00,0.00065121,39056.89,0.427,16677.29203,10.860419342856302,57300.237135192794
2021-02-07 16:00:00+00:00,0.00106206,37965.8,0.427,16211.3966,17.217475872996,57283.0196593198
2021-02-08 00:00:00+00:00,0.00059267,38843.08825807,0.131,5088.4445618071695,3.0157684384462553,57453.3449281299
2021-02-08 08:00:00+00:00,0.00057887,39307.82,0.131,5149.32442,2.9807894270054,57450.3641387029
2021-02-08 16:00:00+00:00,0.00248993,43783.47206671,0.131,5735.63484073901,14.281329259001282,57436.0828094439
2021-02-09 00:00:00+00:00,0.00131125,46435.25412417,0.486,22567.533504346622,29.591678307574508,57400.27286818574
2021-02-09 08:00:00+00:00,0.00186573,47610.96,0.486,23138.92656,43.170989450788795,57357.10187873495
2021-02-09 16:00:00+00:00,0.00161159,46840.33,0.486,22764.40038,36.686880008404195,57320.41499872655
2021-02-10 00:00:00+00:00,0.00124313,46489.83,0.486,22594.057380000002,28.087350550799403,57292.32764817575
2021-02-10 08:00:00+00:00,0.0017535,46676.08363906,0.486,22684.57664858316,39.77740515329057,57252.55024302246
2021-02-10 16:00:00+00:00,0.00112397,44380.16,0.486,21568.75776,24.2426366595072,57228.30760636295
2021-02-11 00:00:00+00:00,0.00076742,44850.0,0.31099999999999994,13948.349999999997,10.704242756999998,57623.108728392996
2021-02-11 08:00:00+00:00,0.0008307,44760.17011534,0.31099999999999994,13920.412905870737,11.563687000906821,57611.54504139209
2021-02-11 16:00:00+00:00,0.0017411,48058.27,0.31099999999999994,14946.121969999997,26.022692961966992,57585.522348430124
2021-02-12 00:00:00+00:00,0.00128772,48063.43,0.31099999999999994,14947.726729999997,19.248486664755596,57566.27386176537
2021-02-12 08:00:00+00:00,0.0012563,47392.25,0.31099999999999994,14738.989749999997,18.516592822924995,57547.75726894244
2021-02-12 16:00:00+00:00,0.00105533,47064.08878355,0.31099999999999994,14636.93161168405,15.446793037758527,57532.310475904684
2021-02-13 00:00:00+00:00,0.00139999,47380.5,0.31099999999999994,14735.335499999997,20.629322346644997,57511.68115355804
2021-02-13 08:00:00+00:00,0.00141609,47043.93,0.31099999999999994,14630.662229999998,20.7183344772807,57490.96281908076
2021-02-13 16:00:00+00:00,0.00075946,47136.27,0.31099999999999994,14659.379969999996,11.133212712016197,57479.829606368745
2021-02-14 00:00:00+00:00,0.00085048,47221.62,0.31099999999999994,14685.923819999998,12.490084490433599,57467.33952187831
2021-02-14 08:00:00+00:00,0.00146185,48825.85343755,0.36799999999999994,17967.914065018398,26.266395175947146,57439.992998886155
2021-02-14 16:00:00+00:00,0.00149489,48641.57286557,0.36799999999999994,17900.098814529756,26.758678716852387,57413.2343201693
2021-02-15 00:00:00+00:00,0.0011786,48652.01,0.36799999999999994,17903.93968,21.101583306848,57392.132736862455
2021-02-16 00:00:00+00:00,0.000996,47980.42,0.11,5277.8462,5.2567348152,58952.79744283948
2021-02-18 00:00:00+00:00,0.00132249,52194.61,0.34500000000000003,18007.140450000003,23.8142631737205,58836.85292143985
2021-02-18 08:00:00+00:00,0.00154303,51997.54,0.34500000000000003,17939.1513,27.680648630439002,58809.17227280941
2021-02-18 16:00:00+00:00,0.00125842,51663.64,0.34500000000000003,17823.9558,22.430022457836,58786.74225035158
2021-02-19 00:00:00+00:00,0.00091255,51619.7,0.34500000000000003,17808.7965,16.251417246075,58770.490833105505
2021-02-19 08:00:00+00:00,0.00084526,51812.0,0.34500000000000003,17875.140000000003,15.109140836400003,58755.381692269104
2021-02-19 16:00:00+00:00,0.00128791,53939.7,0.34500000000000003,18609.196500000002,23.966970264315,58731.41472200479
2021-02-20 00:00:00+00:00,0.00156318,55988.90797073,0.504,28218.40961724792,44.1104535454896,58683.79695033771
2021-02-20 08:00:00+00:00,0.00116465,55300.0,0.504,27871.2,32.460193079999996,58651.33675725771
2021-02-20 16:00:00+00:00,0.00122535,56203.88713237,0.504,28326.75911471448,34.710194281215394,58616.6265629765
2021-02-21 00:00:00+00:00,0.00100357,55918.36,0.504,28182.85344,28.2834662267808,58588.34309674972
2021-02-21 08:00:00+00:00,0.00099022,56145.22054675,0.353,19819.26285300275,19.625430462300383,58978.09577260607
2021-02-21 16:00:00+00:00,0.0012582,57394.45837539,0.353,20260.24380651267,25.49143875735424,58952.60433384872
2021-02-22 00:00:00+00:00,0.00117049,57470.7,0.353,20287.157099999997,23.745914513978995,58928.85841933474
2021-02-22 08:00:00+00:00,0.00091782,56501.0,0.10599999999999998,5989.105999999999,5.496921268919999,59603.32079253983
2021-03-03 16:00:00+00:00,0.00045078,50774.5767827,1.002,50876.1259362654,22.93394004954972,59709.07862663973
2021-03-04 00:00:00+00:00,0.0001,50348.53,1.002,50449.22706,5.044922706,59704.03370393373
2021-03-04 08:00:00+00:00,0.0001,49714.16464515,0.29800000000000004,14814.821064254702,1.4814821064254702,58730.392277252475
2021-03-04 16:00:00+00:00,0.0001,49434.86349362,0.29800000000000004,14731.589321098763,1.4731589321098764,58728.919118320366
2021-03-05 00:00:00+00:00,0.0001,48377.65598309,0.29800000000000004,14416.541482960822,1.4416541482960823,58727.47746417207
2021-03-10 00:00:00+00:00,0.00024344,54925.01882859,0.362,19882.85681594958,4.840282663274766,57387.56822057013
2021-03-10 08:00:00+00:00,0.00048586,54196.11139209,0.10399999999999998,5636.3955847773595,2.738499158819928,57224.41282286135
2021-03-10 16:00:00+00:00,0.00056915,56376.23,0.354,19957.18542,11.358632081793,57752.55057041524
2021-03-11 00:00:00+00:00,0.00095931,55956.41594658,0.3569999999999999,19976.44049292905,19.163599129271766,58590.44328981515
2021-03-11 08:00:00+00:00,0.00099305,55080.92,0.3569999999999999,19663.88843999999,19.527224415341994,58570.91606539981
2021-03-11 16:00:00+00:00,0.00085439,56415.23765561,0.34699999999999986,19576.08746649666,16.72561337050008,58385.5465080575
2021-03-12 00:00:00+00:00,0.00102002,57860.0,0.34699999999999986,20077.41999999999,20.47936994839999,58365.0671381091
2021-03-12 08:00:00+00:00,0.00067147,56740.41518494,0.34699999999999986,19688.924069174172,13.220521844728381,58351.846616264374
2021-03-12 16:00:00+00:00,0.00051199,57011.21073842,0.34699999999999986,19782.89012623173,10.128641915729384,58341.71797434865
2021-03-13 00:00:00+00:00,0.00047834,57305.36675083,0.34699999999999986,19884.962262538003,9.511772848662428,58332.20620149998
2021-03-13 08:00:00+00:00,0.00060567,57377.26,0.34699999999999986,19909.909219999994,12.058834717277396,58320.14736678271
2021-03-13 16:00:00+00:00,0.00057114,59734.70729864,0.34699999999999986,20727.94343262807,11.838557612111197,58308.308809170594
2021-03-14 00:00:00+00:00,0.00081828,61247.19,0.45699999999999985,27989.965829999994,22.903629239372396,58282.72942777851
2021-03-14 08:00:00+00:00,0.00084593,60594.25914236,0.45699999999999985,27691.576428058514,23.425135247787537,58259.30429253072
2021-03-14 16:00:00+00:00,0.00115069,59750.76,0.3569999999999999,21331.021319999993,24.545392922710793,58567.31404835353
2021-03-15 00:00:00+00:00,0.0008201,59047.95,0.3569999999999999,21080.11814999999,17.287804894814993,58550.02624345872
2021-03-15 08:00:00+00:00,0.0010521,57826.33,0.3569999999999999,20643.999809999994,21.719552200100996,58528.30669125862
2021-03-18 00:00:00+00:00,0.00030265,58952.90600908,0.985,58068.6124189438,17.57446554859334,58525.857728483745
2021-03-18 08:00:00+00:00,0.00029259,58400.0,0.985,57524.0,16.83094716,58509.026781323744
2021-03-18 16:00:00+00:00,0.00032547,59567.49518188,0.985,58673.982754151795,19.096621166993785,58489.93016015675
2021-03-19 00:00:00+00:00,0.00032006,57702.23008275,0.29399999999999993,16964.455644328496,5.4296436735237785,58087.463303809614
2021-03-19 08:00:00+00:00,0.00012887,57868.74101985,0.29399999999999993,17013.409859835894,2.192518128637052,58085.27078568098
2021-03-19 16:00:00+00:00,0.0003326,59022.29,0.29399999999999993,17352.553259999997,5.771459214275999,58079.49932646671
2021-03-20 00:00:00+00:00,0.0004928,58100.0,0.29399999999999993,17081.399999999994,8.417713919999999,58071.08161254671
2021-03-20 08:00:00+00:00,0.00044452,58471.06813743,0.09699999999999992,5671.693609330705,2.521181243219685,58167.29102914843
2021-03-20 16:00:00+00:00,0.00048936,59283.9466429,0.10299999999999995,6106.246504218698,2.9881527893044617,58389.77940429848
2021-03-21 00:00:00+00:00,0.00031366,58156.27824689,0.10599999999999996,6164.565494170337,1.933577612901468,58454.36586955275
2021-03-21 08:00:00+00:00,0.00042375,57012.41,0.10699999999999998,6100.327869999999,2.5850139349124994,58291.548294792025
2021-03-31 08:00:00+00:00,0.00070889,58191.89724906,0.419,24382.40494735614,17.284443043131294,58112.17823218525
2021-03-31 16:00:00+00:00,0.00058414,59342.05935684,0.419,24864.32287051596,14.524245561583193,58097.65398662367
2021-04-01 00:00:00+00:00,0.00109277,58809.13,0.419,24641.025469999997,26.9269734028519,58070.72701322082
2021-04-01 08:00:00+00:00,0.00095247,58877.31304719,0.419,24669.594166772607,23.497048356025903,58047.2299648648
2021-04-01 16:00:00+00:00,0.00051932,59038.55924648,0.419,24737.156324275118,12.846500022322553,58034.383464842474
2021-04-02 00:00:00+00:00,0.00071058,58794.01,0.419,24634.69019,17.504918155210202,58016.878546687265
2021-04-02 08:00:00+00:00,0.00106221,59517.0,0.419,24937.623,26.48899252683,57990.389554160436
2021-04-02 16:00:00+00:00,0.0010197,59545.06723004,0.419,24949.383169386758,25.440886017823676,57964.94866814261
2021-04-14 00:00:00+00:00,0.00090508,63649.42931172,0.615,39144.3990267078,35.42881267109269,57959.534766276105
2021-04-14 08:00:00+00:00,0.00108567,64370.13056778,0.615,39587.6302991847,42.97910258691585,57916.55566368919
2021-04-14 16:00:00+00:00,0.00104786,63145.24720452,0.615,38834.3270307798,40.69293792247292,57875.86272576672
2021-04-15 00:00:00+00:00,0.00076335,63019.1,0.127,8003.4257,6.109415008095,57708.62849760508
2021-04-15 08:00:00+00:00,0.00082082,62923.38399874,0.121,7613.72946384754,6.2495014185153375,57700.448873128786
2021-04-15 16:00:00+00:00,0.00110324,62786.7,0.121,7597.190699999999,8.381524667867998,57692.067348460914
2021-04-16 00:00:00+00:00,0.00109647,63228.92,0.121,7650.69932,8.3887622834004,57683.67858617751
2021-04-16 08:00:00+00:00,0.00120022,61469.5,0.121,7437.809499999999,8.92700771809,57674.75157845942
2021-05-03 00:00:00+00:00,0.00040313,56628.8962647,0.41800000000000004,23670.8786386446,9.542441305596798,57596.434460793535
2021-05-03 08:00:00+00:00,0.00036188,58839.37,0.42400000000000015,24947.89288000001,9.028143475414405,58866.3973644718
2021-05-03 16:00:00+00:00,0.00067307,57665.81068377,0.43400000000000005,25026.961836756185,16.844897203465486,59317.296672177836
2021-05-04 00:00:00+00:00,0.00050959,57199.06854598,0.42700000000000016,24424.00226913347,12.446227316327725,59056.72520185972
2021-05-06 00:00:00+00:00,0.00076121,57492.18942541,0.34800000000000003,20007.281920042682,15.22974307035569,58027.56228704319
2021-05-06 16:00:00+00:00,0.0009352,57172.91485734,0.356,20353.55768921304,19.034647150952036,57856.670319422905
2021-06-16 00:00:00+00:00,0.0001,40136.37,1.454,58358.28198,5.835828198000001,57521.862869935736
2021-06-16 08:00:00+00:00,0.0001,40126.47441233,1.454,58343.893795527816,5.834389379552782,57516.02848055618
2021-06-16 16:00:00+00:00,0.0001,38778.67091585,0.44399999999999995,17217.7298866374,1.72177298866374,56609.07046100432
2021-06-17 00:00:00+00:00,0.0001,38345.98703557,0.44399999999999995,17025.618243793077,1.7025618243793077,56607.36789917994
2021-06-17 08:00:00+00:00,0.0001,39203.49051326,0.44399999999999995,17406.34978788744,1.740634978788744,56605.62726420115
2021-06-17 16:00:00+00:00,0.0001,39003.48,0.44399999999999995,17317.54512,1.731754512,56603.89550968915
2021-07-30 16:00:00+00:00,-2.377e-05,39053.25101028,0.41300000000000003,16128.992667245642,-0.38338615570042894,55579.975534891935
2021-07-31 00:00:00+00:00,0.0001,42204.0495488,0.41300000000000003,17430.2724636544,1.7430272463654402,55578.23250764557
2021-07-31 08:00:00+00:00,0.0001,41539.059268,1.367,56783.894019356,5.6783894019356,55556.44779036805
2021-07-31 16:00:00+00:00,0.0001,41530.99495662,1.367,56772.87010569954,5.677287010569954,55550.77050335748
2021-08-01 00:00:00+00:00,0.0001,41445.63,1.367,56656.17621,5.665617621,55545.10488573648
2021-08-01 08:00:00+00:00,0.0001,41704.99,1.367,57010.72133,5.701072133,55539.40381360348
2021-08-01 16:00:00+00:00,0.0001,41304.38,1.367,56463.087459999995,5.646308746,55533.75750485748
2021-08-02 00:00:00+00:00,0.0001,39849.56736035,1.367,54474.358581598455,5.447435858159846,55528.31006899932
2021-08-02 08:00:00+00:00,0.0001,40104.40054239,0.42499999999999993,17044.37023051575,1.704437023051575,54298.121861679596
2021-08-02 16:00:00+00:00,0.0001,39678.01,0.42499999999999993,16863.15425,1.686315425,54296.435546254594
2021-08-05 00:00:00+00:00,0.0001,39737.69533645,1.589,63143.19788961905,6.314319788961905,53639.105762446925
2021-08-05 08:00:00+00:00,0.0001,38887.51,1.589,61792.253390000005,6.179225339000001,53632.926537107924
2021-08-06 00:00:00+00:00,0.0001,40878.95200275,1.431,58497.78031593525,5.849778031593525,52924.03693729631
2021-08-08 16:00:00+00:00,0.0001,43980.6305848,1.315,57834.529219011994,5.783452921901199,53124.98052274928
2021-08-09 00:00:00+00:00,0.0001,43798.78566959,1.315,57595.403155510845,5.759540315551085,53119.22098243373
2021-08-09 08:00:00+00:00,0.0001,43794.6040371,1.315,57589.90430878649,5.758990430878649,53113.461992002856
2021-08-09 16:00:00+00:00,0.0001,45874.21964179,1.783,81793.73362131156,8.179373362131157,53096.68339959005
2021-08-10 00:00:00+00:00,0.0001,46268.12372627,1.783,82496.0646039394,8.249606460393942,53088.43379312966
2021-08-10 08:00:00+00:00,0.0001,45972.44,1.783,81968.86052,8.196886052,53080.23690707766
2021-08-10 16:00:00+00:00,0.0001,45179.49171455,1.353,61127.85228978615,6.112785228978615,53283.038828142584
2021-08-11 00:00:00+00:00,0.0001,45584.62700823,1.353,61676.000342135194,6.167600034213519,53276.87122810837
2021-08-11 08:00:00+00:00,0.0001,46353.81,1.353,62716.70492999999,6.271670492999999,53270.59955761537
2021-08-11 16:00:00+00:00,0.0001,46444.26,1.353,62839.08378,6.2839083780000005,53264.315649237375
2021-08-12 00:00:00+00:00,0.0001,45538.62775782,1.353,61613.76335633046,6.161376335633046,53258.15427290174
2021-08-12 08:00:00+00:00,0.0001,45239.30797126,1.353,61208.78368511478,6.1208783685114785,53252.033394533224
2021-08-13 16:00:00+00:00,0.0001,46372.627056,1.485,68863.35117816,6.8863351178159995,53697.30575077853
2021-08-14 00:00:00+00:00,0.0001,47792.52,1.485,70971.8922,7.097189220000001,53690.208561558524
2021-08-14 08:00:00+00:00,0.0001,47638.19,1.485,70742.71215,7.074271215000001,53683.13429034352
2021-08-14 16:00:00+00:00,0.0001,46941.03939074,1.485,69707.44349524891,6.9707443495248915,53676.16354599399
2021-08-15 00:00:00+00:00,0.0001,47081.2862547,1.485,69915.7100882295,6.991571008822951,53669.17197498517
2021-08-15 08:00:00+00:00,0.0001,45788.24,1.485,67995.5364,6.79955364,53662.37242134517
2021-08-21 08:00:00+00:00,0.00020013,48981.55680873,1.385,67839.45618009105,13.57671036532162,53099.36230513549
2021-08-21 16:00:00+00:00,0.00016694,49201.9,1.385,68144.6315,11.376064782610001,53087.986240352875
2021-08-22 00:00:00+00:00,0.0001,48848.29,1.385,67654.88165,6.765488165,53081.22075218787
2021-08-22 08:00:00+00:00,0.0001,49212.06674295,1.385,68158.71243898575,6.815871243898576,53074.40488094398
2021-08-22 16:00:00+00:00,0.00014813,48536.71454355,1.385,67223.34964281674,9.957794782590444,53064.44708616139
2021-08-23 00:00:00+00:00,0.0001,49273.27,1.385,68243.47894999999,6.824347894999999,53057.622738266386
2021-08-23 08:00:00+00:00,0.0003918,50179.62166381,1.679,84251.58477353699,33.00977091427179,53018.69614758558
2021-08-23 16:00:00+00:00,0.00023983,49564.33751064,1.679,83218.52268036456,19.958298294431835,52998.737849291145
2021-08-24 00:00:00+00:00,0.000293,49523.91,1.679,83150.64489000001,24.363138952770004,52974.37471033837
2021-08-24 08:00:00+00:00,0.0001,49800.0,1.679,83614.2,8.36142,52966.01329033837
2021-08-24 16:00:00+00:00,0.00041348,48365.50220303,1.679,81205.67819888737,33.57692382167595,52932.4363665167
2021-08-28 08:00:00+00:00,0.0003224,48976.80534661,0.47000000000000003,23019.0985129067,7.42135736056112,51039.74135505149
2021-08-28 16:00:00+00:00,0.00023137,48839.99,0.47000000000000003,22954.7953,5.311050988561,51034.43030406293
2021-09-19 00:00:00+00:00,0.0001,48292.74929605,1.795,86685.48498640975,8.668548498640975,50861.936371398166
2021-09-19 08:00:00+00:00,0.0001,48156.9422011,0.5469999999999999,26341.847384001696,2.6341847384001698,50101.48916055161
2021-10-03 00:00:00+00:00,0.0001,47622.69042163,1.855,88340.09073212366,8.834009073212366,49450.606493042695
2021-10-03 08:00:00+00:00,0.0001,47879.40300897,1.436,68754.82272088093,6.875482272088093,49351.40948250985
2021-10-03 16:00:00+00:00,0.0001,47867.79878314,1.436,68738.15905258904,6.873815905258904,49344.53566660459
2021-10-04 00:00:00+00:00,0.0001,48190.02,2.097,101054.47193999999,10.105447194,49321.532115121845
2021-10-04 08:00:00+00:00,0.0001,47840.21878665,1.518,72621.45211813471,7.262145211813471,49335.57503896351
2021-10-04 16:00:00+00:00,0.0001,47761.16479075,1.518,72501.4481523585,7.25014481523585,49328.324894148274
2021-10-05 00:00:00+00:00,0.0001,49204.03522977,1.518,74691.72547879086,7.4691725478790865,49320.8557216004
2021-10-05 08:00:00+00:00,-2.427e-05,49448.57488354,1.518,75062.93667321373,-1.8217774730588971,49322.677499073456
2021-10-05 16:00:00+00:00,1.61e-06,49771.48547807,1.518,75553.11495571026,0.12164051507869353,49322.55585855838
2021-10-06 00:00:00+00:00,0.0001,51455.11,2.057,105843.16127,10.584316127000001,49300.938999645856
2021-10-06 08:00:00+00:00,0.0001,51433.52123875,2.057,105798.75318810875,10.579875318810876,49290.35912432704
2021-10-06 16:00:00+00:00,0.0001,55014.04,2.057,113163.88028,11.316388028,49279.042736299045
2021-10-07 00:00:00+00:00,0.0001,55320.82,2.057,113794.92674,11.379492674,49267.663243625044
2021-10-07 08:00:00+00:00,0.0002918,54813.69800989,2.057,112751.77680634373,32.9009684720911,49234.762275152956
2021-10-07 16:00:00+00:00,0.00032669,53941.89152318,2.057,110958.47086318125,36.24902284629268,49198.513252306664
2021-10-08 00:00:00+00:00,0.00033379,53811.4040589,2.057,110690.0581491573,36.94723450960721,49161.56601779706
2021-10-08 08:00:00+00:00,0.00023355,54849.99,2.057,112826.42942999999,26.3506125933765,49135.21540520368
2021-10-08 16:00:00+00:00,0.00013417,54343.31709745,2.057,111784.20326945465,14.99808655266273,49120.21731865102
2021-10-09 00:00:00+00:00,0.0001,53975.0,2.057,111026.575,11.1026575,49109.11466115102
2021-10-09 08:00:00+00:00,0.0001,54933.32959396,1.535,84322.6609267286,8.43226609267286,51722.45416370059
2021-10-09 16:00:00+00:00,0.00015717,55015.74,1.535,84449.16089999999,13.272874618652997,51709.181289081935
2021-10-10 00:00:00+00:00,0.0001,54959.59281317,1.535,84362.97496821595,8.436297496821595,51700.74499158511
2021-10-10 08:00:00+00:00,0.00020906,55699.0,1.535,85497.965,17.8742045629,51682.87078702221
2021-10-10 16:00:00+00:00,0.0001,55383.24,1.535,85013.27339999999,8.50132734,51674.36945968221
2021-10-11 00:00:00+00:00,0.0001,54701.15,1.535,83966.26525,8.396626525,51665.97283315721
2021-10-11 08:00:00+00:00,0.0001,56819.02473507,1.535,87217.20296833245,8.721720296833245,51657.25111286038
2021-10-11 16:00:00+00:00,0.0001,57495.36209074,1.535,88255.3808092859,8.82553808092859,51648.42557477945
2021-10-12 00:00:00+00:00,0.0001,57500.01,1.535,88262.51535,8.826251535,51639.59932324445
2021-10-12 08:00:00+00:00,0.0001,57346.09374149,1.6239999999999999,93130.05623617976,9.313005623617977,51628.2660110366
2021-10-12 16:00:00+00:00,0.0001,56351.48075302,1.6239999999999999,91514.80474290447,9.151480474290446,51619.11453056231
2021-10-14 08:00:00+00:00,0.00022797,57404.79350287,0.421,24167.41806470827,5.509446296211544,61326.83686661605
2021-10-14 16:00:00+00:00,0.00017282,57372.34,0.421,24153.755139999997,4.174251963294799,61322.662614652756
2021-10-15 00:00:00+00:00,0.0001,57374.62937742,0.421,24154.71896789382,2.415471896789382,61320.247142755965
2021-10-15 08:00:00+00:00,0.00036685,59285.79,1.413,83770.82127,30.7313257828995,61265.924883925094
2021-10-15 16:00:00+00:00,0.0001,60086.61870994,1.413,84902.39223714522,8.490239223714523,61257.43464470138
2021-10-16 00:00:00+00:00,0.00048084,61700.81865041,1.413,87183.25675302933,41.92119717712662,61215.51344752425
2021-10-16 08:00:00+00:00,0.00027876,61782.65,1.413,87298.88445,24.335437029282,61191.17801049497
2021-10-16 16:00:00+00:00,0.00043303,60983.81193217,1.413,86170.1262601562,37.31424977443544,61153.86376072054
2021-10-17 00:00:00+00:00,0.00031281,60923.23078437,0.43900000000000006,26745.298314338434,8.366196765708205,63100.394241978516
2021-10-17 08:00:00+00:00,0.00040131,60389.27103032,1.486,89738.45675105552,36.01294007876609,63038.86073236962
2021-10-17 16:00:00+00:00,0.0004425,60803.62116254,0.45599999999999996,27726.45125011824,12.268954678177321,63715.39377763838
2021-10-18 00:00:00+00:00,0.00038415,61569.1332362,0.46899999999999986,28875.923487777793,11.092686007829839,63514.96576862221
2021-10-18 08:00:00+00:00,0.00022227,61934.07847275,0.44599999999999995,27622.598998846497,6.139675079473611,64347.96713575128
2021-10-18 16:00:00+00:00,0.0001,62014.39,1.4989999999999999,92959.57061,9.295957061,64312.582798186835
2021-10-19 08:00:00+00:00,0.00014974,62320.32,1.412,87996.29183999999,13.1765647401216,64623.213238186334
2021-10-19 16:00:00+00:00,0.0001,62425.07,1.412,88144.19884,8.814419884,64614.39881830233
2021-10-20 00:00:00+00:00,0.0001,64300.62020761,1.412,90792.47573314531,9.079247573314532,64605.319570729014
2021-10-20 08:00:00+00:00,0.0001,64033.57,1.412,90415.40083999999,9.041540084,64596.278030645015
2021-10-20 16:00:00+00:00,0.00063237,66913.84336165,1.412,94482.3468266498,59.74780166276854,64536.53022898224
2021-10-21 00:00:00+00:00,0.00068927,66064.25,0.6119999999999999,40431.32099999999,27.868096625669992,67987.99188121654
2021-10-21 08:00:00+00:00,0.00057124,65129.56,0.4419999999999995,28787.265519999968,16.444437555644782,67357.91419405221
2021-10-21 16:00:00+00:00,0.00062183,63047.86,0.4419999999999995,27867.15411999997,17.32863244643958,67340.58556160577
2021-10-22 00:00:00+00:00,0.00033487,62260.33,0.4419999999999995,27519.06585999997,9.21530958453819,67331.37025202122
2021-10-22 08:00:00+00:00,0.00024509,63404.8584912,0.393,24918.1093870416,6.107179429670026,65893.64841623175
2021-10-25 16:00:00+00:00,0.00017861,63650.06410408,0.457,29088.07929556456,5.195421842980786,65842.31101854064
2021-10-26 00:00:00+00:00,0.00040992,63126.34,0.457,28848.73738,11.825674426809599,65830.48534411383
2021-10-26 08:00:00+00:00,0.00060638,62492.73668303,0.457,28559.18066414471,17.31771597112407,65813.1676281427
2021-11-08 00:00:00+00:00,0.00025861,63312.92,0.176,11143.073919999999,2.8817103464511997,65646.11930773326
2021-11-08 08:00:00+00:00,0.00049328,65984.58,2.528,166809.01824,82.28355251742721,65503.80198508082
2021-11-08 16:00:00+00:00,0.0004876,66438.68,0.7749999999999999,51489.97699999999,25.106512785199996,69604.01852934883
2021-11-09 00:00:00+00:00,0.00038683,67606.95,0.5719999999999996,38671.17539999997,14.959170779981989,70000.60319433385
2021-11-09 08:00:00+00:00,0.00039251,67895.48,0.7349999999999997,49903.177799999976,19.58749631827799,72256.4408996791
2021-11-09 16:00:00+00:00,0.00067839,66860.50237258,0.7379999999999995,49343.05075096401,33.473832198946475,72105.19283630885
2021-11-10 00:00:00+00:00,0.00037679,66998.50741577,0.5439999999999994,36447.188034178835,13.732935979398244,71573.74302446128
2021-11-10 08:00:00+00:00,0.00068212,66504.39,0.5439999999999994,36178.38815999996,24.678002131699174,71549.06502232958
2021-11-10 16:00:00+00:00,0.00057535,68393.1610168,0.5689999999999995,38915.70861855917,22.390152953688016,71301.55688683705
2021-11-11 00:00:00+00:00,0.00023211,64920.13,0.4919999999999995,31940.703959999966,7.413756796155592,71229.0281348032
2021-11-14 08:00:00+00:00,0.0001,64671.25,0.515,33305.69375,3.330569375,70163.81963913531
2021-12-04 08:00:00+00:00,6.285e-05,47235.68241202,0.056,2645.19821507312,0.16625070781734558,70031.76730720476
2021-12-27 08:00:00+00:00,0.0001,50696.09438595,2.508,127145.80471996259,12.714580471996259,69698.94630050764
2021-12-27 16:00:00+00:00,0.0001,51447.98243668,2.508,129031.53995119345,12.903153995119347,69686.04314651251
2021-12-28 00:00:00+00:00,0.0001,50708.16086329,2.508,127176.06744513132,12.717606744513134,69673.325539768
2022-01-06 08:00:00+00:00,0.0001,43228.79302153,0.076,3285.38826963628,0.328538826963628,66617.8763213489
2022-01-06 16:00:00+00:00,0.0001,42944.86,0.076,3263.8093599999997,0.326380936,66617.5499404129
2022-02-06 08:00:00+00:00,0.0001,41592.39262227,3.207,133386.8031396199,13.33868031396199,66593.66387512881
2022-02-06 16:00:00+00:00,0.0001,41494.99,3.207,133074.43292999998,13.307443292999999,66580.35643183581
2022-02-07 00:00:00+00:00,1.477e-05,42363.72372578,3.207,135860.46198857646,2.0066590235712742,66578.34977281225
2022-02-07 08:00:00+00:00,5.264e-05,42716.51789889,3.207,136991.87290174022,7.211252189547605,66571.1385206227
2022-02-07 16:00:00+00:00,-9.617e-05,43806.5112974,3.207,140487.4817307618,-13.51068111804736,66584.64920174074
2022-02-08 00:00:00+00:00,0.0001,43830.0,3.207,140562.81,14.056281,66570.59292074075
2022-02-08 08:00:00+00:00,0.0001,44844.81653557,3.207,143817.32662957298,14.3817326629573,66556.2111880778
2022-02-08 16:00:00+00:00,0.0001,43415.09572352,2.461,106844.5505755827,10.68445505755827,68420.10687055276
2022-02-09 00:00:00+00:00,8.216e-05,44024.94477584,2.461,108345.38909334222,8.901657167908997,68411.20521338485
2022-02-09 08:00:00+00:00,5.826e-05,43809.55017835,2.235,97914.34464861224,5.70448971922815,68824.91240527974
2022-02-09 16:00:00+00:00,5.12e-05,43857.22257262,2.235,98020.89244980569,5.018669693430051,68819.89373558632
2022-02-10 00:00:00+00:00,0.0001,44361.8640539,2.235,99148.76616046649,9.91487661604665,68809.97885897027
2022-02-10 08:00:00+00:00,-1.799e-05,44068.51667822,2.235,98493.1347758217,-1.7718914946170323,68811.75075046488
2022-02-10 16:00:00+00:00,0.0001,44937.04,2.235,100434.28439999999,10.04342844,68801.70732202489
2022-02-11 00:00:00+00:00,3.895e-05,43475.93777999,2.235,97168.72093827765,3.784721680545914,68797.92260034433
2022-02-15 08:00:00+00:00,-7.76e-05,43665.7,2.461,107461.28769999999,-8.338995925519999,72528.73370674148
2022-02-15 16:00:00+00:00,5.462e-05,44187.0,2.461,108744.207,5.93960858634,72522.79409815514
2022-02-16 00:00:00+00:00,0.0001,44529.7,2.461,109587.59169999999,10.958759169999999,72511.83533898514
2022-02-16 08:00:00+00:00,0.0001,44170.85170894,2.461,108704.46605570133,10.870446605570134,72500.96489237958
2022-02-16 16:00:00+00:00,0.0001,43588.5,2.461,107271.29849999999,10.727129849999999,72490.23776252958
2022-02-17 00:00:00+00:00,0.0001,43859.89126817,2.7039999999999997,118597.14598913168,11.859714598913168,72477.6841723664
2022-02-17 08:00:00+00:00,0.0001,43903.5,0.8109999999999997,35605.738499999985,3.5605738499999986,72146.27758259335
2022-03-02 00:00:00+00:00,-5.07e-06,44394.1,1.729,76757.3989,-0.38916001242299997,72010.70911480024
2022-03-02 08:00:00+00:00,0.0001,43963.0,1.729,76012.027,7.601202700000001,72003.10791210024
2022-03-02 16:00:00+00:00,0.0001,44119.7,1.729,76282.9613,7.62829613,71995.47961597024
2022-03-03 00:00:00+00:00,0.0001,43888.6215268,1.729,75883.4266198372,7.588342661983721,71987.89127330825
2022-03-03 08:00:00+00:00,0.0001,43469.17639451,1.729,75158.2059861078,7.51582059861078,71980.37545270965
2022-03-03 16:00:00+00:00,0.0001,42545.87904493,1.729,73561.82486868398,7.3561824868683985,71973.01927022278
2022-03-04 00:00:00+00:00,0.0001,42451.26329619,0.544,23093.487233127362,2.3093487233127363,70188.2784901998
2022-03-04 08:00:00+00:00,0.0001,41427.48855607,0.526,21790.85898049282,2.179085898049282,68317.90725402303
2022-03-04 16:00:00+00:00,0.0001,40694.94012227,0.526,21405.538504314023,2.1405538504314023,68315.7667001726
2022-03-19 16:00:00+00:00,0.0001,41913.92315877,2.375,99545.56750207875,9.954556750207875,66656.01920272215
2022-03-20 00:00:00+00:00,0.0001,42192.59715285,2.375,100207.41823801876,10.020741823801876,66645.99846089835
2022-03-20 08:00:00+00:00,0.0001,41848.7,2.375,99390.66249999999,9.93906625,66636.05939464836
2022-03-20 16:00:00+00:00,0.0001,41339.95780961,2.375,98182.39979782375,9.818239979782375,66626.24115466858
2022-03-21 00:00:00+00:00,0.0001,41251.43428803,2.375,97972.15643407125,9.797215643407126,66616.44393902516
2022-03-21 16:00:00+00:00,-9.3e-07,41200.0,0.837,34484.4,-0.032070492,64652.92457766498
2022-03-22 08:00:00+00:00,0.0001,42200.43309061,2.691,113561.3654468315,11.356136544683151,64555.984486503956
2022-03-22 16:00:00+00:00,0.0001,42567.01039039,3.417,145451.4745039626,14.545147450396263,64528.957319668094
2022-03-23 00:00:00+00:00,0.0001,42349.8,2.5439999999999996,107737.89119999998,10.773789119999998,64920.7863571226
2022-03-23 08:00:00+00:00,0.0001,42098.28485794,2.5439999999999996,107098.03667859935,10.709803667859935,64910.07655345474
2022-03-23 16:00:00+00:00,7.014e-05,42595.02195826,2.5439999999999996,108361.73586181342,7.600492153347593,64902.47606130139
2022-03-24 00:00:00+00:00,1.664e-05,42871.57317497,2.5439999999999996,109065.28215712366,1.8148462950945377,64900.6612150063
2022-03-24 08:00:00+00:00,8e-06,43061.8,2.5439999999999996,109549.21919999999,0.8763937535999999,64899.7848212527
2022-03-24 16:00:00+00:00,-9.07e-06,43973.0,2.5439999999999996,111867.31199999998,-1.0146365198399998,64900.79945777254
2022-03-25 00:00:00+00:00,6.7e-06,43970.0260103,3.5439999999999996,155829.77218050318,1.0440594736093713,64882.16494527188
2022-03-25 08:00:00+00:00,9.286e-05,43902.2,3.5439999999999996,155589.39679999996,14.448031386847996,64867.71691388503
2022-03-25 16:00:00+00:00,5.473e-05,44321.54469727,3.5439999999999996,157075.55440712487,8.596745092701944,64859.120168792324
2022-03-26 00:00:00+00:00,9.739e-05,44290.6,3.5439999999999996,156965.8864,15.286907676496,64843.833261115826
2022-03-26 08:00:00+00:00,-7.111e-05,44487.26738206,3.5439999999999996,157662.87560202062,-11.211407084059687,64855.04466819989
2022-03-26 16:00:00+00:00,0.0001,44193.5,3.5439999999999996,156621.764,15.6621764,64839.382491799886
2022-03-27 00:00:00+00:00,-8.253e-05,44489.74809124,3.2619999999999996,145125.55827362486,-11.97721232432226,65289.402687469315
2022-03-27 08:00:00+00:00,1.306e-05,44719.9,4.569,204325.2231,2.668487413686,65266.21636281864
2022-03-27 16:00:00+00:00,0.0001,44838.49387598,3.627,162629.21728817944,16.262921728817943,66489.44623919766
2022-03-28 00:00:00+00:00,0.0001,46829.70254436,3.627,169851.3311283937,16.98513311283937,66472.46110608481
2022-03-28 08:00:00+00:00,0.0001,46985.32145438,4.686,220173.21633522466,22.017321633522467,66430.6077924181
2022-03-28 16:00:00+00:00,0.0001,47408.9,4.686,222158.1054,22.21581054,66408.3919818781
2022-03-29 00:00:00+00:00,0.0001,47119.29103522,4.686,220800.99779104092,22.080099779104092,66386.31188209899
2022-03-29 08:00:00+00:00,0.0001,47332.63252185,3.266,154588.3778163621,15.45883778163621,70723.70771616699
2022-03-29 16:00:00+00:00,9.594e-05,47429.4,4.603,218317.5282,20.945383655508003,70677.15616688819
2022-03-30 00:00:00+00:00,0.0001,47418.8860188,3.3609999999999998,159374.8759091868,15.937487590918682,73455.72198245769
2022-03-30 08:00:00+00:00,0.0001,47377.99880444,3.3609999999999998,159237.45398172282,15.923745398172283,73439.79823705951
2022-03-30 16:00:00+00:00,0.0001,47156.10988645,3.3609999999999998,158491.68532835844,15.849168532835844,73423.94906852668
2022-03-31 00:00:00+00:00,0.0001,47053.1,3.3609999999999998,158145.4691,15.814546909999999,73408.13452161668
2022-03-31 08:00:00+00:00,0.0001,47147.94784185,3.4469999999999996,162518.97621085693,16.251897621085693,73390.26257698545
2022-03-31 16:00:00+00:00,0.0001,46448.26293982,3.4469999999999996,160107.1623535595,16.010716235355954,73374.2518607501
2022-04-02 00:00:00+00:00,0.0001,46269.24121852,2.89,133718.1071215228,13.37181071215228,76667.16154167414
2022-04-02 08:00:00+00:00,0.0001,46583.81187666,2.89,134627.2163235474,13.462721632354743,76653.69882004178
2022-04-02 16:00:00+00:00,0.0001,46282.8,2.89,133757.29200000002,13.375729200000002,76640.32309084179
2022-04-03 16:00:00+00:00,0.0001,46397.9,3.021,140168.0559,14.01680559,75245.68995317112
2022-04-04 00:00:00+00:00,0.0001,46395.12343432,3.021,140159.6678950807,14.01596678950807,75231.67398638162
2022-04-04 08:00:00+00:00,0.0001,46159.4831,0.895,41312.7373745,4.13127373745,74353.84559495779
2022-04-04 16:00:00+00:00,0.0001,45622.7,0.895,40832.3165,4.08323165,74349.76236330779
2022-06-30 16:00:00+00:00,-0.00015879,19134.3,0.725,13872.367499999998,-2.2027932353249997,73986.02685517352
2022-07-19 08:00:00+00:00,0.0001,21762.4,1.033,22480.5592,2.24805592,73844.45741532114
2022-07-19 16:00:00+00:00,0.0001,23136.55471437,1.033,23900.061019944205,2.3900061019944205,73842.06740921915
2022-07-20 00:00:00+00:00,0.0001,23390.54881475,3.367,78755.97785926325,7.875597785926326,73812.60711520586
2022-07-20 08:00:00+00:00,0.0001,23378.74129098,3.367,78716.22192672966,7.871622192672967,73804.73549301318
2022-07-20 16:00:00+00:00,8.118e-05,24157.52043192,3.367,81338.37129427464,6.6030489816692155,73798.13244403152
2022-07-21 00:00:00+00:00,0.0001,23219.24463633,3.367,78179.19669052311,7.817919669052311,73790.31452436247
2022-07-21 08:00:00+00:00,0.0001,22929.0,0.9529999999999998,21851.336999999996,2.1851336999999997,73828.0106596169
2022-07-21 16:00:00+00:00,0.0001,22636.86142581,0.9529999999999998,21572.928938796926,2.1572928938796925,73825.85336672302
2022-07-22 00:00:00+00:00,0.0001,23144.6,3.312,76654.91519999999,7.665491519999999,73796.29974365218
2022-07-22 08:00:00+00:00,0.0001,23109.52033201,3.312,76538.73133961712,7.653873133961713,73788.64587051822
2022-07-22 16:00:00+00:00,5.172e-05,23286.6,3.312,77125.21919999999,3.9889163370239995,73784.65695418119
2022-07-23 00:00:00+00:00,9.043e-05,22675.1,1.0019999999999998,22720.450199999992,2.0546103115859995,72627.94484509675
2022-07-23 08:00:00+00:00,1.021e-05,22765.80335927,1.0019999999999998,22811.334965988535,0.23290373000274295,72627.71194136674
2022-07-28 08:00:00+00:00,0.0001,22919.61944217,3.9090000000000003,89592.79239944254,8.959279239944253,71729.27032145316
2022-07-28 16:00:00+00:00,0.0001,23739.49363648,0.9790000000000001,23240.964270113924,2.3240964270113924,71199.47055660865
2022-07-29 00:00:00+00:00,0.0001,23843.5127915,3.701,88244.8408413415,8.82448408413415,71164.79523802001
2022-07-29 08:00:00+00:00,0.0001,23939.49753116,3.907,93531.61685424212,9.353161685424213,71153.4720040362
2022-07-29 16:00:00+00:00,0.0001,24002.5,3.907,93777.7675,9.37777675,71144.0942272862
2022-07-30 00:00:00+00:00,0.0001,23771.1,3.907,92873.6877,9.28736877,71134.8068585162
2022-07-30 08:00:00+00:00,0.0001,23869.66268544,3.907,93258.77211201408,9.325877211201409,71125.480981305
2022-07-30 16:00:00+00:00,0.0001,24522.3,3.907,95808.6261,9.58086261,71115.90011869499
2022-08-01 00:00:00+00:00,0.0001,23290.65244892,3.907,90996.57911793044,9.099657911793043,71106.8004607832
2022-08-01 08:00:00+00:00,0.0001,23313.3,1.1720000000000002,27323.1876,2.73231876,70259.88290763008
2022-08-01 16:00:00+00:00,6.449e-05,23321.47338284,1.1720000000000002,27332.766804688483,1.7626901312343604,70258.12021749884
2022-08-02 00:00:00+00:00,0.0001,23258.65662061,1.1720000000000002,27259.14555935492,2.7259145559354923,70255.3943029429
2022-08-02 08:00:00+00:00,9.733e-05,22875.4,1.1720000000000002,26809.968800000006,2.6094142633040005,70252.7848886796
2022-08-02 16:00:00+00:00,5.885e-05,22964.91660861,1.1720000000000002,26914.882265290926,1.583940821312371,70251.20094785829
2022-08-03 00:00:00+00:00,3.28e-06,22972.5,1.1720000000000002,26923.770000000004,0.08830996560000001,70251.11263789269
2022-08-03 08:00:00+00:00,-3.96e-05,22973.45664014,1.1720000000000002,26924.891182244086,-1.066225690816866,70252.1788635835
2022-08-03 16:00:00+00:00,4.382e-05,23349.1,1.1720000000000002,27365.145200000003,1.199140662664,70250.97972292083
2022-08-04 00:00:00+00:00,-1.91e-06,22803.09661798,1.1720000000000002,26725.229236272564,-0.05104518784128059,70251.03076810867
2022-08-04 08:00:00+00:00,1.778e-05,22934.9,1.1720000000000002,26879.702800000006,0.4779211157840001,70250.55284699288
2022-08-19 16:00:00+00:00,-6.746e-05,21433.63051679,0.184,3943.7880150893598,-0.2660479394979282,69398.00393517116
2022-08-20 00:00:00+00:00,1.07e-05,20824.9,0.184,3831.7816000000003,0.04100006312,69397.96293510804
2022-09-07 08:00:00+00:00,2.729e-05,18791.5,0.234,4397.211,0.11999988819000001,69197.16598852989
2022-09-07 16:00:00+00:00,-3.48e-05,18863.3,0.234,4414.0122,-0.15360762456,69197.31959615444
2022-09-08 00:00:00+00:00,6.2e-06,19287.0,0.234,4513.158,0.0279815796,69197.29161457485
2022-09-08 08:00:00+00:00,3.327e-05,19165.0,0.234,4484.610000000001,0.14920297470000002,69197.14241160014
2022-09-08 16:00:00+00:00,5.667e-05,19240.5,0.982,18894.171,1.0707326705699998,69190.29544722872
2022-09-09 00:00:00+00:00,1.312e-05,19309.4,0.982,18961.8308,0.24877922009599998,69190.04666800862
2022-09-12 00:00:00+00:00,0.0001,21824.39947711,5.831,127258.07335102842,12.725807335102843,69868.56523218147
2022-09-12 08:00:00+00:00,8.246e-05,22186.27748838,5.831,129368.1840347438,10.667700455504974,69857.89753172596
2022-09-12 16:00:00+00:00,0.0001,22110.37526564,7.216,159548.46791685824,15.954846791685824,69829.65289058164
2022-09-13 00:00:00+00:00,9.965e-05,22386.0,5.28,118198.08,11.778438672,70497.701522094
2022-09-13 08:00:00+00:00,0.0001,22267.8,5.28,117573.984,11.7573984,70485.94412369399
2022-09-13 16:00:00+00:00,0.0001,20823.3,5.28,109947.024,10.994702400000001,70474.94942129399
2022-10-26 08:00:00+00:00,5.665e-05,20336.63307219,11.47,233261.18133801932,13.214245922798796,65459.48532494928
2022-10-26 16:00:00+00:00,6.122e-05,20835.7,11.47,238985.47900000002,14.63069102438,65444.8546339249
2022-10-27 00:00:00+00:00,1.3e-07,20760.48296394,11.47,238122.73959639182,0.03095595614753094,65444.82367796875
2022-10-27 08:00:00+00:00,-2.276e-05,20703.6,10.609,219644.4924,-4.999108647023999,66016.88006537087
2022-10-27 16:00:00+00:00,1.376e-05,20554.58534419,10.609,218063.5959165117,3.000555079811201,66013.87951029107
2022-10-28 00:00:00+00:00,-1.228e-05,20285.6,10.609,215209.93039999998,-2.6427779453119995,66016.52228823637
2022-10-28 08:00:00+00:00,3.541e-05,20069.8,7.24,145305.352,5.145262514320001,66685.99188018532
2022-10-28 16:00:00+00:00,-2.629e-05,20473.1,2.165,44324.2615,-1.165284834835,66611.99426506532
2022-10-29 00:00:00+00:00,2.484e-05,20584.00258243,6.873,141473.8497490414,3.5142104277661885,66569.91776429623
2022-10-29 08:00:00+00:00,4.755e-05,20763.9,6.873,142710.28470000002,6.785874037485001,66563.13189025875
2022-10-29 16:00:00+00:00,4.205e-05,20915.08702659,6.873,143749.3931337531,6.044661981274317,66557.08722827748
2022-10-30 00:00:00+00:00,-2.515e-05,20797.6524454,6.873,142942.2652572342,-3.59499797121944,66560.6822262487
2022-10-30 08:00:00+00:00,3.212e-05,20841.8,6.873,143245.6914,4.601051607768,66556.08117464093
2022-10-30 16:00:00+00:00,5.135e-05,20669.18800884,6.873,142059.3291847573,7.294746553637288,66548.78642808729
2022-10-31 00:00:00+00:00,1.504e-05,20615.6,6.873,141691.0188,2.131032922752,66546.65539516453
2022-10-31 08:00:00+00:00,3.842e-05,20537.62681464,6.873,141155.10909702073,5.4231792915075365,66541.23221587302
2022-10-31 16:00:00+00:00,-4.34e-06,20386.9,6.873,140119.1637,-0.6081171704580001,66541.84033304348
2022-11-01 00:00:00+00:00,7.22e-06,20482.57146585,2.154,44119.4589374409,0.3185424935283233,66677.12043704359
2022-11-01 08:00:00+00:00,-1.088e-05,20590.2,2.154,44351.2908,-0.482542043904,66677.60297908749
2022-11-01 16:00:00+00:00,1.302e-05,20436.56204584,2.154,44020.35464673936,0.5731450175005465,66677.02983407
2022-11-02 00:00:00+00:00,4.787e-05,20472.31091378,2.154,44097.357708282114,2.1109405134954646,66674.9188935565
2022-11-02 08:00:00+00:00,1.203e-05,20415.25562866,2.154,43974.460624133644,0.5290127613083278,66674.38988079519
2022-11-02 16:00:00+00:00,6.046e-05,20400.70545943,2.154,43943.11955961221,2.6568010085741545,66671.73307978662
2022-11-03 00:00:00+00:00,2.68e-05,20140.15228959,2.154,43381.88803177686,1.16263459925162,66670.57044518736
2022-11-03 08:00:00+00:00,4.4e-06,20294.6513278,2.154,43714.6789600812,0.19234458742435728,66670.37810059993
2022-11-03 16:00:00+00:00,6.94e-05,20241.1,2.154,43599.329399999995,3.02579346036,66667.35230713958
2022-11-04 00:00:00+00:00,4.429e-05,20199.74646138,2.154,43510.253877812516,1.9270691442483163,66665.42523799533
2022-11-04 08:00:00+00:00,1.148e-05,20603.4,2.154,44379.723600000005,0.5094792269280001,66664.9157587684
2022-11-04 16:00:00+00:00,6.899e-05,20840.9763409,8.218,171271.1435695162,11.815996194860922,66603.11586381022
2022-11-05 00:00:00+00:00,4.409e-05,21137.6,8.218,173708.79679999998,7.658820850911999,66595.45704295932
2022-11-05 08:00:00+00:00,4.541e-05,21374.4,10.225,218553.24000000002,9.9245026284,66568.32042321675
2022-11-05 16:00:00+00:00,0.0001,21291.34099908,10.225,217703.96171559297,21.770396171559298,66546.55002704519
2022-11-06 00:00:00+00:00,6.491e-05,21289.8,7.981,169913.8938,11.029110846558,67795.19816552827
2022-11-06 08:00:00+00:00,9.732e-05,21185.3,8.457,179164.0821,17.436248469972,67773.7194647686
2022-11-06 16:00:00+00:00,6.866e-05,21233.9,8.457,179575.09230000002,12.329625837318,67761.38983893128
2022-11-07 00:00:00+00:00,7.813e-05,20900.0,8.457,176751.30000000002,13.809579069000002,67747.58025986228
2022-11-07 08:00:00+00:00,0.0001,20628.0,2.6260000000000003,54169.128000000004,5.4169128,68574.88873891774
2022-11-22 00:00:00+00:00,-7.485e-05,15772.15331119,1.141,17996.02692806779,-1.347002615565874,68233.14827704123
2022-12-14 08:00:00+00:00,0.0001,17807.1,16.577,295188.2967,29.518829670000002,68142.23336096814
2022-12-14 16:00:00+00:00,0.0001,18054.66087608,16.577,299292.11334277823,29.929211334277824,68112.30414963386
2022-12-15 00:00:00+00:00,0.0001,17803.73150971,10.632000000000001,189289.27341123673,18.928927341123675,68038.76559377987
2022-12-15 08:00:00+00:00,0.0001,17685.98530937,10.632000000000001,188037.39580922187,18.803739580922187,68019.96185419895
2022-12-15 16:00:00+00:00,5.18e-05,17424.0,10.632000000000001,185251.96800000002,9.5960519424,68010.36580225655
2022-12-16 00:00:00+00:00,4.842e-05,17353.0,2.868000000000001,49768.404000000024,2.409786121680001,65096.682216164336
2022-12-16 08:00:00+00:00,5.706e-05,17496.5,2.974000000000001,52034.59100000002,2.9690937624600013,65092.974470664514
2023-01-07 16:00:00+00:00,0.0001,16934.5,18.857999999999997,319350.801,31.9350801,62653.21402685144
2023-01-08 00:00:00+00:00,5.657e-05,16936.75204741,18.857999999999997,319393.2701100577,18.068077290125967,62635.145949561316
2023-01-08 08:00:00+00:00,0.0001,16945.5,18.857999999999997,319558.23899999994,31.955823899999995,62603.19012566131
2023-01-08 16:00:00+00:00,7.452e-05,16992.79356166,18.857999999999997,320450.10098578426,23.87994152546064,62579.31018413585
2023-01-09 00:00:00+00:00,5.796e-05,17124.6,18.857999999999997,322935.7067999999,18.717353566127997,62560.59283056972
2023-01-09 08:00:00+00:00,-6.66e-06,17189.7,25.031999999999996,430292.57039999997,-2.8657485188639997,62521.1616918662
2023-01-09 16:00:00+00:00,9.05e-06,17262.2,25.031999999999996,432107.3904,3.91057188312,62517.25111998308
2023-01-10 00:00:00+00:00,2.417e-05,17170.33250235,25.031999999999996,429807.7631988251,10.388453636515603,62506.86266634656
2023-01-10 08:00:00+00:00,9.685e-05,17194.7,19.229999999999993,330654.0809999999,32.02384774484999,63464.4896253129
2023-01-10 16:00:00+00:00,3.129e-05,17317.73586078,19.229999999999993,333020.0606027993,10.42019769626159,63454.06942761663
2023-01-11 00:00:00+00:00,2.761e-05,17430.29490737,19.229999999999993,335184.57106872497,9.254446007207497,63444.81498160942
2023-01-11 08:00:00+00:00,2.477e-05,17437.16047543,19.229999999999993,335316.59594251873,8.305792081496188,63436.509189527926
2023-01-11 16:00:00+00:00,-2.11e-06,17325.44900903,19.229999999999993,333168.38444364676,-0.7029852911760948,63437.2121748191
2023-01-12 00:00:00+00:00,7.549e-05,17937.16376269,19.229999999999993,344931.6591565286,26.038890949726344,63411.17328386937
2023-01-12 08:00:00+00:00,0.0001,18131.9904794,24.005999999999993,435276.56344847626,43.52765634484763,63333.3762052583
2023-01-12 16:00:00+00:00,0.0001,18082.07360224,24.005999999999993,434078.2588953734,43.40782588953734,63289.96837936876
2023-01-13 00:00:00+00:00,0.0001,18838.73295556,24.005999999999993,452242.62333117326,45.22426233311733,63244.74411703564
2023-01-13 08:00:00+00:00,0.0001,18817.7,24.005999999999993,451737.7061999999,45.17377061999999,63199.57034641564
2023-01-13 16:00:00+00:00,7.16e-05,19252.6,24.005999999999993,462177.91559999983,33.09193875695999,63166.47840765868
2023-01-14 00:00:00+00:00,8.746e-05,19924.2,24.005999999999993,478300.34519999987,41.83214819119199,63124.64625946749
2023-01-14 08:00:00+00:00,0.00045847,20913.0,24.005999999999993,502037.4779999998,230.1691225386599,62894.47713692883
2023-01-14 16:00:00+00:00,0.0001,20796.9,24.005999999999993,499250.3813999999,49.92503813999999,62844.55209878883
2023-01-15 00:00:00+00:00,0.00013712,20961.37618908,24.005999999999993,503198.7967950544,68.99861901653786,62775.553479772294
2023-01-15 08:00:00+00:00,0.00012434,20749.11928239,15.675999999999995,325263.1938707455,40.443225525888494,92254.35861809934
2023-01-15 16:00:00+00:00,0.00019892,20927.9,15.675999999999995,328065.7603999999,65.25884105876798,92189.09977704058
2023-01-16 00:00:00+00:00,0.0001,20882.7,15.675999999999995,327357.2051999999,32.735720519999994,92156.36405652059
2023-01-16 08:00:00+00:00,0.0001,21116.0,15.675999999999995,331014.4159999999,33.101441599999994,92123.26261492059
2023-01-16 16:00:00+00:00,0.0001,21000.6,15.675999999999995,329205.4055999999,32.92054055999999,92090.3420743606
2023-01-17 00:00:00+00:00,0.0001,21186.14777356,15.675999999999995,332114.0524983264,33.211405249832644,92057.13066911076
2023-01-17 08:00:00+00:00,0.0001,21133.49040745,15.675999999999995,331288.5956271861,33.12885956271862,92024.00180954805
2023-01-17 16:00:00+00:00,0.0001,21175.6,15.675999999999995,331948.70559999987,33.19487055999999,91990.80693898805
2023-01-18 00:00:00+00:00,0.0001,21130.9,15.675999999999995,331247.9883999999,33.12479883999999,91957.68214014806
2023-01-18 08:00:00+00:00,0.0001,21305.4,12.073999999999996,257241.39959999995,25.724139959999995,106132.2467748347
2023-01-18 16:00:00+00:00,0.0001,21037.16116584,12.073999999999996,254002.68391635208,25.40026839163521,106106.84650644306
2023-01-19 00:00:00+00:00,0.0001,20680.0,12.073999999999996,249690.31999999992,24.96903199999999,106081.87747444307
2023-01-19 08:00:00+00:00,0.0001,20818.04924667,12.073999999999996,251357.12660429353,25.135712660429355,106056.74176178264
2023-01-19 16:00:00+00:00,0.0001,20870.99885157,12.073999999999996,251996.4401338561,25.19964401338561,106031.54211776926
2023-01-20 00:00:00+00:00,0.0001,21068.99768895,12.073999999999996,254387.0780963822,25.43870780963822,106006.10340995963
2023-01-20 08:00:00+00:00,0.0001,20955.81696168,12.073999999999996,253020.53399532425,25.302053399532426,105980.8013565601
2023-01-20 16:00:00+00:00,0.0001,21141.03761845,12.073999999999996,255256.8882051652,25.52568882051652,105955.27566773958
2023-01-21 00:00:00+00:00,0.0001,22665.20902609,12.073999999999996,273659.73378101055,27.365973378101057,105927.90969436149
2023-01-21 08:00:00+00:00,0.0001,22632.90644621,17.692999999999998,400444.0137527935,40.04440137527935,105836.92405776419
2023-01-21 16:00:00+00:00,0.0001,22994.45041085,17.692999999999998,406840.811119169,40.6840811119169,105796.23997665227
2023-01-22 00:00:00+00:00,0.0001,22779.15773006,17.692999999999998,403031.63771795155,40.303163771795155,105755.93681288048
2023-01-22 08:00:00+00:00,0.0001,22895.39138893,12.548999999999998,287314.2665396825,28.731426653968253,125516.61459269574
2023-01-22 16:00:00+00:00,0.0001,22793.0,12.548999999999998,286029.35699999996,28.602935699999996,125488.01165699575
2023-01-23 00:00:00+00:00,0.0001,22704.7,12.548999999999998,284921.2803,28.49212803,125459.51952896574
2023-01-23 08:00:00+00:00,0.0001,22692.4,12.548999999999998,284766.9276,28.476692760000002,125431.04283620574
2023-01-23 16:00:00+00:00,0.0001,22855.47498271,12.548999999999998,286813.35555802775,28.681335555802775,125402.36150064995
2023-01-24 00:00:00+00:00,0.0001,22913.1,12.548999999999998,287536.4918999999,28.753649189999994,125373.60785145995
2023-01-24 08:00:00+00:00,0.0001,23052.3,12.548999999999998,289283.31269999995,28.928331269999997,125344.67952018995
2023-01-24 16:00:00+00:00,0.0001,22924.37403977,12.548999999999998,287677.96982507367,28.767796982507367,125315.91172320745
2023-01-25 00:00:00+00:00,0.0001,22627.4,12.548999999999998,283951.24259999994,28.395124259999996,125287.51659894745
2023-01-25 08:00:00+00:00,0.0001,22705.98165887,0.0009999999999981135,22.705981658827167,0.002270598165882717,171670.3945552282
2023-01-25 16:00:00+00:00,0.0001,22576.07873117,0.0009999999999981135,22.57607873112741,0.002257607873112741,171670.39229762033
2023-01-26 00:00:00+00:00,0.0001,23059.4,0.0009999999999981135,23.0593999999565,0.00230593999999565,171670.38999168033
2023-01-26 08:00:00+00:00,0.0001,22962.54130092,12.566999999999998,288570.2565286616,28.85702565286616,171525.5972508167
2023-01-26 16:00:00+00:00,0.0001,22949.23432072,12.566999999999998,288403.02770848817,28.84030277084882,171496.75694804586
2023-01-27 00:00:00+00:00,0.0001,23002.56754666,12.566999999999998,289073.2663588762,28.90732663588762,171467.84962141
2023-01-27 08:00:00+00:00,9.541e-05,23068.2,3.924999999999998,90542.68499999995,8.638677575849995,168739.20920304535
2023-01-27 16:00:00+00:00,0.0001,22955.81991576,13.215,303361.1601867684,30.33611601867684,168623.13471370886
2023-01-28 00:00:00+00:00,0.0001,23068.1,13.215,304844.94149999996,30.484494149999996,168592.65021955885
2023-01-28 08:00:00+00:00,0.0001,22984.3,13.215,303737.5245,30.37375245,168562.27646710887
2023-01-28 16:00:00+00:00,0.0001,23005.04739847,13.215,304011.70137078105,30.401170137078108,168531.8752969718
2023-01-29 00:00:00+00:00,0.0001,23018.06294133,13.215,304183.70176967594,30.418370176967596,168501.4569267948
2023-01-29 08:00:00+00:00,0.0001,23200.4,13.215,306593.286,30.659328600000002,168470.7975981948
2023-01-29 16:00:00+00:00,0.0001,23523.87456089,13.215,310868.00232216134,31.086800232216135,168439.7107979626
2023-01-30 00:00:00+00:00,0.0001,23742.25025891,13.215,313753.83717149566,31.375383717149568,168408.33541424543
2023-01-30 08:00:00+00:00,0.0001,23648.0,13.215,312508.32,31.250832000000003,168377.08458224544
2023-01-30 16:00:00+00:00,0.0001,23176.67492435,4.369,101258.89274448516,10.125889274448516,168292.8398298477
2023-02-01 00:00:00+00:00,0.0001,23122.85687441,4.346,100491.93597618587,10.049193597618586,166933.01340840943
2023-02-16 08:00:00+00:00,0.0001,24625.59232537,18.330999999999996,451411.73291635734,45.14117329163574,166653.2895405732
2023-02-16 16:00:00+00:00,0.00023171,25093.45316306,18.330999999999996,459988.08993205277,106.58384031815594,166546.70570025503
2023-02-17 00:00:00+00:00,0.0001,23523.2,18.330999999999996,431203.77919999993,43.120377919999996,166503.58532233504
2023-02-17 08:00:00+00:00,0.0001,23636.82051905,2.926999999999995,69184.97365925924,6.918497365925925,147378.75106573495
2023-02-17 16:00:00+00:00,0.0001,24133.3,2.926999999999995,70638.16909999988,7.063816909999988,147371.68724882495
2023-02-18 00:00:00+00:00,0.0001,24583.51595238,2.926999999999995,71955.95119261614,7.195595119261614,147364.49165370569
2023-02-18 08:00:00+00:00,0.0001,24522.8,2.926999999999995,71778.23559999988,7.177823559999989,147357.3138301457
2023-02-18 16:00:00+00:00,0.0001,24669.9,2.926999999999995,72208.79729999989,7.220879729999989,147350.09295041568
2023-02-19 00:00:00+00:00,0.0001,24636.8,2.926999999999995,72111.91359999988,7.211191359999988,147342.8817590557
2023-02-19 08:00:00+00:00,0.0001,24578.204212,2.926999999999995,71940.40372852389,7.194040372852389,147335.68771868284
2023-02-19 16:00:00+00:00,0.0001,24929.38813567,2.926999999999995,72968.31907310597,7.296831907310597,147328.39088677554
2023-02-20 00:00:00+00:00,0.0001,24274.34218474,2.926999999999995,71050.99957473385,7.105099957473386,147321.28578681807
2023-02-20 08:00:00+00:00,0.0001,24500.7460165,2.926999999999995,71713.68359029539,7.17136835902954,147314.11441845904
2023-02-20 16:00:00+00:00,0.0001,24944.42052475,2.926999999999995,73012.31887594312,7.301231887594312,147306.81318657144
2023-02-21 00:00:00+00:00,0.0001,24849.9,2.926999999999995,72735.65729999989,7.273565729999989,147299.53962084145
2023-02-21 08:00:00+00:00,0.0001,25003.0112461,2.926999999999995,73183.81391733457,7.318381391733458,147292.22123944972
2023-02-21 16:00:00+00:00,0.0001,24555.03396147,2.926999999999995,71872.58440522257,7.187258440522258,147285.03398100918
2023-02-22 00:00:00+00:00,0.0001,24443.4,2.926999999999995,71545.83179999988,7.154583179999989,147277.87939782918
2023-02-22 08:00:00+00:00,0.0001,24059.6,0.0009999999999950049,24.05959999987982,0.002405959999987982,146328.87966866276
2023-02-22 16:00:00+00:00,0.0001,23707.8,0.0009999999999950049,23.707799999881576,0.0023707799999881578,146328.87729788275
2023-02-23 00:00:00+00:00,0.0001,24173.60945048,0.0009999999999950049,24.173609450359248,0.002417360945035925,146328.8748805218
2023-02-23 08:00:00+00:00,3.506e-05,24366.10672753,2.908999999999995,70881.00447038465,2.485088016731686,146297.9517245193
2023-02-23 16:00:00+00:00,3.631e-05,23940.1,0.0009999999999950049,23.940099999880417,0.000869265030995658,144280.9528643616
2023-02-25 00:00:00+00:00,1.183e-05,23176.47373005,0.0009999999999950049,23.17647372993423,0.00027417768422512194,144280.95259018394
2023-02-25 08:00:00+00:00,6.1e-06,23108.7,0.0009999999999950049,23.10869999988457,0.00014096306999929588,144280.95244922087
2023-02-25 16:00:00+00:00,-4.8e-07,22996.4,0.0009999999999950049,22.99639999988513,-1.1038271999944862e-05,144280.95246025914
2023-02-26 00:00:00+00:00,7.372e-05,23148.56609278,0.0009999999999950049,23.14856609266437,0.0017065122923512175,144280.95075374685
2023-02-26 08:00:00+00:00,2.76e-05,23142.7,0.0009999999999950049,23.1426999998844,0.0006387385199968094,144280.95011500834
2023-02-26 16:00:00+00:00,6.581e-05,23239.8,0.0009999999999950049,23.239799999883914,0.0015294112379923602,144280.9485855971
2023-02-27 00:00:00+00:00,8.144e-05,23548.18255191,0.0009999999999950049,23.548182551792372,0.0019177639870179709,144280.9466678331
2023-02-27 08:00:00+00:00,1.196e-05,23411.49135449,0.0009999999999950049,23.41149135437306,0.0002800014365983018,144280.94638783167
2023-02-27 16:00:00+00:00,6.826e-05,23546.5,0.0009999999999950049,23.546499999882382,0.0016072840899919714,144280.94478054758
2023-02-28 00:00:00+00:00,3.414e-05,23480.72918653,0.0009999999999950049,23.48072918641271,0.0008016320944241299,143125.2585038334
2023-02-28 08:00:00+00:00,1.985e-05,23224.883477,0.0009999999999950049,23.22488347688399,0.0004610139370161472,143125.25804281948
2023-02-28 16:00:00+00:00,5.95e-05,23511.1,0.0009999999999950049,23.511099999882557,0.0013989104499930122,143125.25664390903
2023-03-01 00:00:00+00:00,1.85e-06,23129.7,0.0009999999999950049,23.129699999884465,4.278994499978626e-05,143125.2566011191
2023-03-01 08:00:00+00:00,0.0001,23709.6,0.0009999999999950049,23.709599999881565,0.0023709599999881567,143125.2542301591
2023-03-01 16:00:00+00:00,0.0001,23702.9,3.592999999999995,85164.51969999989,8.51645196999999,143082.66522579745
2023-03-02 00:00:00+00:00,8.612e-05,23621.67477751,0.0009999999999950049,23.62167477739201,0.0020342986318289996,141704.34490612333
2023-03-02 08:00:00+00:00,8.703e-05,23381.8,0.0009999999999950049,23.381799999883203,0.0020349180539898353,141704.34287120527
2023-03-02 16:00:00+00:00,8.395e-05,23354.4565427,0.0009999999999950049,23.354456542583343,0.0019606066267498713,141704.34091059864
2023-03-03 00:00:00+00:00,0.0001,23457.1,0.0009999999999950049,23.45709999988283,0.002345709999988283,141704.33856488863
2023-03-03 08:00:00+00:00,-4.203e-05,22348.97690635,0.0009999999999950049,22.348976906238363,-0.0009393274993691984,141704.33950421613
2023-03-03 16:00:00+00:00,-2.26e-06,22324.45607438,0.0009999999999950049,22.324456074268486,-5.045327072784678e-05,141704.3395546694
2023-03-04 00:00:00+00:00,5.3e-06,22342.9,0.0009999999999950049,22.342899999888395,0.0001184173699994085,141704.33943625202
2023-03-04 08:00:00+00:00,3.812e-05,22347.04989863,0.0009999999999950049,22.347049898518375,0.0008518695421315204,141704.33858438247
2023-03-04 16:00:00+00:00,2.104e-05,22306.3,0.0009999999999950049,22.306299999888576,0.0004693245519976556,141704.3381150579
2023-03-05 00:00:00+00:00,1.874e-05,22335.73863392,0.0009999999999950049,22.33573863380843,0.00041857174199756995,141704.33769648615
2023-03-05 08:00:00+00:00,5.44e-06,22366.12041779,0.0009999999999950049,22.366120417678278,0.00012167169507216982,141704.33757481445
2023-03-05 16:00:00+00:00,3.706e-05,22425.59532156,0.0009999999999950049,22.42559532144798,0.0008310925626128621,141704.33674372188
2023-03-06 00:00:00+00:00,4.054e-05,22421.22407188,0.0009999999999950049,22.421224071768002,0.0009089564238694748,141704.33583476546
2023-03-06 08:00:00+00:00,5.46e-05,22382.48961013,0.0009999999999950049,22.382489610018197,0.0012220839327069936,141704.33461268153
2023-03-06 16:00:00+00:00,5.414e-05,22543.67617305,0.0009999999999950049,22.543676172937392,0.0012205146280028303,141704.3333921669
2023-03-07 00:00:00+00:00,1.173e-05,22397.15167442,0.0009999999999950049,22.397151674308127,0.0002627185891396343,141704.33312944832
2023-03-07 08:00:00+00:00,4.375e-05,22408.5,0.0009999999999950049,22.40849999988807,0.000980371874995103,141704.33214907645
2023-03-07 16:00:00+00:00,2.631e-05,22309.40884922,0.0009999999999950049,22.30940884910856,0.0005869605468200463,141704.3315621159
2023-03-08 00:00:00+00:00,2.917e-05,22187.22204807,0.0009999999999950049,22.187222047959175,0.0006472012671389692,141704.33091491464
2023-03-08 08:00:00+00:00,3.816e-05,21962.3,0.0009999999999950049,21.962299999890295,0.0008380813679958137,141704.33007683326
2023-03-08 16:00:00+00:00,0.0001,22130.45075445,0.0009999999999950049,22.130450754339456,0.002213045075433946,141704.32786378817
2023-03-09 00:00:00+00:00,0.0001,21695.3,0.0009999999999950049,21.695299999891628,0.002169529999989163,141704.32569425818
2023-03-09 08:00:00+00:00,0.0001,21681.0,0.0009999999999950049,21.6809999998917,0.00216809999998917,141704.32352615817
2023-03-09 16:00:00+00:00,0.0001,21640.2,0.0009999999999950049,21.640199999891905,0.0021640199999891905,141704.32136213817
2023-03-10 00:00:00+00:00,-8.895e-05,20349.96103741,0.0009999999999950049,20.34996103730835,-0.0018101290342685777,141704.3231722672
2023-03-10 08:00:00+00:00,5.26e-06,19943.10950374,0.0009999999999950049,19.943109503640382,0.0001049007559891484,141704.32306736644
2023-03-10 16:00:00+00:00,-1.647e-05,19996.13704731,0.0009999999999950049,19.996137047210116,-0.0003293363771675506,141704.32339670282
2023-03-11 00:00:00+00:00,2.364e-05,20140.4,0.0009999999999950049,20.140399999899397,0.0004761190559976218,141704.32292058377
2023-03-11 08:00:00+00:00,-2.296e-05,19849.41792072,0.0009999999999950049,19.849417920620848,-0.0004557426354574547,141704.3233763264
2023-03-11 16:00:00+00:00,-2.341e-05,20055.24618388,0.0009999999999950049,20.055246183779822,-0.0004694933131622857,141704.32384581972
2023-03-12 00:00:00+00:00,3.76e-06,20448.3,0.0009999999999950049,20.44829999989786,7.688560799961595e-05,141704.32376893412
2023-03-12 08:00:00+00:00,9.088e-05,20337.9881019,0.0009999999999950049,20.33798810179841,0.0018483163586914394,141704.32192061775
2023-03-12 16:00:00+00:00,-4.068e-05,20348.21953831,0.0009999999999950049,20.348219538208358,-0.0008277655708143159,141704.3227483833
2023-03-13 00:00:00+00:00,0.0001,21984.57113697,0.0009999999999950049,21.984571136860186,0.0021984571136860185,141704.3205499262
2023-03-13 08:00:00+00:00,6.011e-05,22454.43153865,0.0009999999999950049,22.454431538537836,0.0013497358797815093,141704.3192001903
2023-03-13 16:00:00+00:00,0.0001,24004.34404081,0.0009999999999950049,24.004344040690096,0.00240043440406901,141704.3167997559
2023-03-14 00:00:00+00:00,0.00015042,24117.9,0.0009999999999950049,24.11789999987953,0.003627814517981879,141704.31317194138
2023-03-14 08:00:00+00:00,0.0001,24251.24846876,0.0009999999999950049,24.251248468638863,0.0024251248468638866,141704.31074681654
2023-03-14 16:00:00+00:00,0.00029811,25912.6,0.0009999999999950049,25.91259999987056,0.0077248051859614125,141704.30302201136
2023-03-15 00:00:00+00:00,0.0001,24685.5,5.817999999999995,143620.23899999988,14.36202389999999,141631.6090196046
2023-03-15 08:00:00+00:00,0.00024127,24892.4,5.817999999999995,144823.9831999999,34.941682426663974,141596.66733717793
2023-03-15 16:00:00+00:00,0.00022126,24475.78359882,5.817999999999995,142400.10897793464,31.50744811245782,141565.1598890655
2023-03-16 00:00:00+00:00,0.0001,24287.12231953,5.817999999999995,141302.47765502543,14.130247765502544,141551.02964129997
2023-03-16 08:00:00+00:00,0.0001,24616.26140178,5.810999999999995,143045.09500574344,14.304509500574344,141531.06269478594
2023-03-16 16:00:00+00:00,0.0001,24880.7,5.810999999999995,144581.74769999986,14.458174769999987,141516.60452001594
2023-03-17 00:00:00+00:00,3.311e-05,24992.8,5.810999999999995,145233.16079999987,4.808669954087995,141511.79585006184
2023-03-17 08:00:00+00:00,0.0001,26049.25978323,8.290999999999995,215974.4128627598,21.59744128627598,141464.63069459895
2023-03-17 16:00:00+00:00,0.0001,26413.19875147,8.290999999999995,218991.83084843765,21.899183084843767,141442.7315115141
2023-03-18 00:00:00+00:00,0.0001,27386.49221996,6.282999999999995,172069.33061800853,17.206933061800854,143670.61348949582
2023-03-18 08:00:00+00:00,0.0001,27353.80998683,6.282999999999995,171863.98814725276,17.186398814725276,143653.4270906811
2023-03-18 16:00:00+00:00,0.0001,27219.0,6.282999999999995,171016.97699999987,17.10169769999999,143636.3253929811
2023-03-19 00:00:00+00:00,0.0001,26907.0,6.282999999999995,169056.68099999987,16.90566809999999,143619.4197248811
2023-03-19 08:00:00+00:00,0.0001,26963.3,6.282999999999995,169410.41389999987,16.941041389999988,143602.4786834911
2023-03-19 16:00:00+00:00,0.0001,27548.46435194,6.282999999999995,173087.0015232389,17.30870015232389,143585.16998333877
2023-03-20 00:00:00+00:00,0.0001,27955.8,6.282999999999995,175646.29139999987,17.564629139999987,143567.60535419878
2023-03-20 08:00:00+00:00,9.081e-05,28168.5,6.282999999999995,176982.68549999985,16.071797670254988,143551.53355652853
2023-03-20 16:00:00+00:00,0.0001,27678.58321417,6.282999999999995,173904.53833463,17.390453833463,143534.14310269506
2023-03-21 00:00:00+00:00,8.118e-05,27707.09933861,6.282999999999995,174083.7051444865,14.132115183629416,143520.01098751143
2023-03-21 08:00:00+00:00,1.254e-05,27490.9,6.282999999999995,172725.32469999988,2.1659755717379987,143517.8450119397
2023-03-21 16:00:00+00:00,2.92e-06,28028.31661111,6.282999999999995,176101.913267604,0.5142175867414036,143517.33079435295
2023-03-22 00:00:00+00:00,2.68e-06,28095.04720238,6.282999999999995,176521.1815725534,0.47307676661444314,143516.85771758633
2023-03-22 08:00:00+00:00,6e-08,28088.29196032,6.282999999999995,176478.7383866904,0.010588724303201423,143516.84712886202
2023-03-22 16:00:00+00:00,5.334e-05,28586.1,6.282999999999995,179606.46629999985,9.580208912441993,143507.2669199496
2023-03-23 00:00:00+00:00,2.48e-06,27236.41044444,0.0009999999999950049,27.23641044430395,6.754629790187379e-05,152045.55667034604
2023-03-23 08:00:00+00:00,-1.09e-05,27618.24882937,0.0009999999999950049,27.618248829232044,-0.0003010389122386293,152045.55697138494
2023-03-23 16:00:00+00:00,0.0001,28574.5,0.0009999999999950049,28.574499999857267,0.002857449999985727,152045.55411393495
2023-03-24 00:00:00+00:00,0.0001,28284.0,1.915999999999995,54192.14399999986,5.419214399999986,152018.24394192445
2023-03-24 08:00:00+00:00,0.0001,28269.9,1.915999999999995,54165.12839999986,5.416512839999987,152012.82742908446
2023-03-24 16:00:00+00:00,0.0001,28001.5926746,0.0009999999999950049,28.00159267446013,0.0028001592674460132,150035.30218486517
2023-03-25 00:00:00+00:00,-3.1e-06,27440.1021453,0.0009999999999950049,27.440102145162932,-8.506431665000508e-05,150035.3022699295
2023-03-25 08:00:00+00:00,4.25e-06,27473.5,0.0009999999999950049,27.473499999862767,0.00011676237499941676,150035.3021531671
2023-03-25 16:00:00+00:00,2.92e-06,27631.44576496,0.0009999999999950049,27.63144576482198,8.068382163328018e-05,150035.3020724833
2023-03-26 00:00:00+00:00,6.1e-07,27447.37409829,0.0009999999999950049,27.4473740981529,1.6742898199873267e-05,150035.30205574038
2023-03-26 08:00:00+00:00,-3.326e-05,27492.4,0.0009999999999950049,27.492399999862673,-0.0009143972239954324,150035.3029701376
2023-03-26 16:00:00+00:00,3.634e-05,27796.94059259,0.0009999999999950049,27.79694059245115,0.0010101408211296748,150035.30195999678
2023-03-27 00:00:00+00:00,2.905e-05,27957.66637302,0.0009999999999950049,27.95766637288035,0.0008121702081321742,150035.30114782657
2023-03-27 08:00:00+00:00,2.409e-05,27794.6,0.0009999999999950049,27.794599999861163,0.0006695719139966555,150035.30047825465
2023-03-27 16:00:00+00:00,-3.96e-06,26887.3,0.0009999999999950049,26.887299999865693,-0.00010647370799946814,150035.30058472836
2023-03-28 00:00:00+00:00,-1.428e-05,27112.0,0.0009999999999950049,27.111999999864572,-0.0003871593599980661,150035.30097188771
2023-03-28 08:00:00+00:00,1.123e-05,26948.04394444,0.0009999999999950049,26.94804394430539,0.0003026265334945495,150035.30066926117
2023-03-28 16:00:00+00:00,7.531e-05,26989.3,0.0009999999999950049,26.989299999865185,0.002032564182989847,150035.29863669697
2023-03-29 00:00:00+00:00,6.075e-05,27249.7,0.0009999999999950049,27.249699999863886,0.001655419274991731,150035.2969812777
2023-03-29 08:00:00+00:00,7.098e-05,28077.8,0.0009999999999950049,28.077799999859746,0.0019929622439900448,150035.29498831547
2023-03-29 16:00:00+00:00,0.0001,28431.80102778,0.0009999999999950049,28.431801027637977,0.0028431801027637977,150035.29214513538
2023-03-30 00:00:00+00:00,6.987e-05,28338.5,0.0009999999999950049,28.338499999858445,0.0019800109949901093,150035.29016512437
2023-03-30 08:00:00+00:00,5.638e-05,28708.34927381,0.0009999999999950049,28.7083492736666,0.001618576732049323,150035.28854654764
2023-03-30 16:00:00+00:00,1.123e-05,28287.33245238,0.0009999999999950049,28.2873324522387,0.0003176667434386406,150035.2882288809
2023-03-31 00:00:00+00:00,-2.712e-05,28015.0,0.0009999999999950049,28.014999999860063,-0.000759766799996205,150035.2889886477
2023-03-31 08:00:00+00:00,6.358e-05,27733.3,0.0009999999999950049,27.73329999986147,0.0017632832139911922,150035.28722536447
2023-03-31 16:00:00+00:00,0.0001,28488.6,0.0009999999999950049,28.488599999857694,0.0028488599999857696,150035.28437650448
2023-04-01 00:00:00+00:00,0.0001,28458.4820119,0.0009999999999950049,28.458482011757845,0.0028458482011757846,150035.28153065627
2023-04-01 08:00:00+00:00,0.0001,28416.1,0.0009999999999950049,28.41609999985806,0.002841609999985806,150035.27868904627
2023-04-01 16:00:00+00:00,8.84e-05,28390.1,0.0009999999999950049,28.390099999858187,0.0025096848399874636,150035.27617936145
2023-04-02 00:00:00+00:00,4.527e-05,28443.8,0.0009999999999950049,28.44379999985792,0.001287650825993568,150035.27489171064
2023-04-02 08:00:00+00:00,6.893e-05,28401.3,0.0009999999999950049,28.401299999858132,0.001957701608990221,150035.27293400903
2023-04-02 16:00:00+00:00,4.514e-05,28115.09065476,0.0009999999999950049,28.11509065461956,0.0012691151921495269,150035.27166489384
2023-04-03 00:00:00+00:00,1.759e-05,28161.2,0.0009999999999950049,28.16119999985933,0.0004953555079975256,150035.27116953832
2023-04-03 08:00:00+00:00,-1.24e-05,27946.5,0.0009999999999950049,27.946499999860404,-0.000346536599998269,150035.27151607492
2023-04-03 16:00:00+00:00,5.688e-05,28038.74323413,0.0009999999999950049,28.038743233989944,0.001594843715149348,150035.2699212312
2023-04-04 00:00:00+00:00,-6.009e-05,27792.54403968,0.0009999999999950049,27.792544039541173,-0.001670053971336029,150035.27159128519
2023-04-04 08:00:00+00:00,-1.357e-05,28013.2,0.0009999999999950049,28.01319999986007,-0.00038013912399810116,150035.2719714243
2023-04-04 16:00:00+00:00,-1.276e-05,28015.03877381,0.0009999999999950049,28.01503877367006,-0.00035747189475202995,150035.27232889622
2023-04-05 00:00:00+00:00,2.76e-05,28155.1,0.0009999999999950049,28.15509999985936,0.0007770807599961183,150035.27155181544
2023-04-05 08:00:00+00:00,8.517e-05,28515.8,0.0009999999999950049,28.51579999985756,0.0024286906859878683,150035.26912312474
2023-04-05 16:00:00+00:00,5.265e-05,28015.50522222,0.0009999999999950049,28.01550522208006,0.001475016349942515,150035.2676481084
2023-04-06 00:00:00+00:00,1.442e-05,28157.21749603,0.0009999999999950049,28.157217495889352,0.00040602707629072444,150035.26724208132
2023-04-06 08:00:00+00:00,3.598e-05,27897.86947863,0.0009999999999950049,27.897869478490648,0.0010037653438360935,150035.26623831596
2023-04-06 16:00:00+00:00,-2.975e-05,28079.3,0.0009999999999950049,28.07929999985974,-0.0008353591749958272,150035.26707367515
2023-04-07 00:00:00+00:00,1.004e-05,28022.8,0.0009999999999950049,28.022799999860023,0.00028134891199859465,150035.26679232623
2023-04-07 08:00:00+00:00,-1.473e-05,27822.0,0.0009999999999950049,27.821999999861028,-0.00040981805999795295,150035.26720214428
2023-04-07 16:00:00+00:00,1.055e-05,27932.89582051,0.0009999999999950049,27.932895820370472,0.0002946920509049085,150035.26690745223
2023-04-08 00:00:00+00:00,2.68e-06,27890.7,0.0009999999999950049,27.890699999860683,7.474707599962663e-05,150035.26683270515
2023-04-08 08:00:00+00:00,4.66e-06,28077.45197436,0.0009999999999950049,28.07745197421975,0.00013084092619986402,150035.26670186422
2023-04-08 16:00:00+00:00,3.192e-05,28004.4,0.0009999999999950049,28.004399999860116,0.0008939004479955349,150035.26580796376
2023-04-09 00:00:00+00:00,9.5e-06,27925.30671368,0.0009999999999950049,27.925306713540508,0.00026529041377863484,150035.26554267335
2023-04-09 08:00:00+00:00,-9.04e-06,27888.2,0.0009999999999950049,27.888199999860696,-0.00025210932799874067,150035.2657947827
2023-04-09 16:00:00+00:00,-8.53e-06,27876.6567906,0.0009999999999950049,27.87665679046075,-0.00023778788242263018,150035.26603257057
2023-04-10 00:00:00+00:00,0.0001,28309.4,0.0009999999999950049,28.30939999985859,0.002830939999985859,150035.26320163056
2023-04-10 08:00:00+00:00,0.0001,28278.3,0.0009999999999950049,28.278299999858746,0.0028278299999858745,150035.26037380056
2023-04-10 16:00:00+00:00,6.167e-05,28427.7,0.0009999999999950049,28.427699999858,0.0017531362589912427,150035.2586206643
2023-04-11 00:00:00+00:00,0.0001,29627.41856746,0.0009999999999950049,29.62741856731201,0.0029627418567312012,150035.25565792245
2023-04-11 08:00:00+00:00,0.0001,30095.3,15.801999999999994,475565.9305999998,47.55659305999998,149797.37917853933
2023-04-11 16:00:00+00:00,0.0001,30180.61203571,15.801999999999994,476914.03138828924,47.691403138828925,149749.6877754005
2023-04-12 00:00:00+00:00,9.582e-05,30188.0308254,15.801999999999994,477031.26310297067,45.70913563052665,149703.97863976998
2023-04-12 08:00:00+00:00,8.195e-05,29979.4,15.801999999999994,473734.47879999987,38.82254053765999,149665.15609923232
2023-04-12 16:00:00+00:00,1.747e-05,29948.0,15.801999999999994,473238.29599999986,8.267473031119998,149656.8886262012
2023-04-13 00:00:00+00:00,6.665e-05,29874.9,10.969999999999994,327727.6529999998,21.843048072449985,147985.56445804422
2023-04-13 08:00:00+00:00,4.427e-05,30055.0,10.969999999999994,329703.3499999998,14.595967304499991,147970.9684907397
2023-04-13 16:00:00+00:00,0.0001,30428.34378632,10.969999999999994,333798.93133593025,33.37989313359303,147937.5885976061
2023-04-14 00:00:00+00:00,-1.13e-06,30362.7,11.743999999999994,356579.5487999998,-0.4029348901439998,148266.8529178548
2023-04-14 08:00:00+00:00,0.0001,30739.89222222,15.724999999999994,483384.80519440933,48.338480519440935,148169.6416265734
2023-04-14 16:00:00+00:00,3.42e-05,30232.85026587,15.724999999999994,475411.5704308056,16.25907570873355,148153.38255086466
2023-04-15 00:00:00+00:00,-4.975e-05,30453.46293651,3.2899999999999947,100191.89306111773,-4.984546679790608,146662.8573484956
2023-04-15 08:00:00+00:00,8.455e-05,30421.21801984,3.3699999999999948,102519.50472686063,8.668024124656066,146653.21747258605
2023-04-15 16:00:00+00:00,0.0001,30319.8,3.3699999999999948,102177.72599999984,10.217772599999984,146642.99969998605
2023-04-16 00:00:00+00:00,7.144e-05,30281.75842857,3.3699999999999948,102049.52590428074,7.290418130601815,146635.70928185544
2023-04-16 08:00:00+00:00,0.0001,30330.8,3.3699999999999948,102214.79599999984,10.221479599999984,146625.48780225543
2023-04-16 16:00:00+00:00,0.0001,30324.6,3.3699999999999948,102193.90199999984,10.219390199999985,146615.26841205542
2023-04-17 00:00:00+00:00,0.0001,30290.67155128,3.3699999999999948,102079.56312781344,10.207956312781345,146605.06045574264
2023-04-17 08:00:00+00:00,7.376e-05,29831.1,0.0009999999999945608,29.83109999983774,0.0022003419359880316,145320.5236446548
2023-04-17 16:00:00+00:00,0.0001,29350.14161538,0.0009999999999945608,29.350141615220355,0.002935014161522036,145320.52070964064
2023-04-18 00:00:00+00:00,4.683e-05,29420.0,0.0009999999999945608,29.41999999983998,0.0013777385999925063,145320.51933190203
2023-04-18 08:00:00+00:00,-5.1e-06,29757.51476923,0.0009999999999945608,29.757514769068145,-0.00015176332532224754,145320.51948366535
2023-04-18 16:00:00+00:00,6.772e-05,30172.48963675,12.454999999999995,375798.3584257211,25.449064832589833,145143.759063562
2023-04-19 00:00:00+00:00,0.0001,30366.52304701,12.454999999999995,378215.04455050937,37.82150445505094,145105.93755910694
2023-04-19 08:00:00+00:00,6.231e-05,30065.73498044,12.454999999999995,374468.72918138007,23.333146515291794,145082.60441259164
2023-04-19 16:00:00+00:00,-8.1e-07,29246.0342381,0.0009999999999948939,29.246034237950667,-2.368928773274004e-05,131382.1624374633
2023-04-20 00:00:00+00:00,8.579e-05,28795.66017063,0.0009999999999948939,28.795660170482964,0.0024703796860257336,131382.1599670836
2023-04-20 08:00:00+00:00,3.668e-05,28857.7,0.0009999999999948939,28.85769999985265,0.0010585004359945952,131382.15890858317
2023-04-20 16:00:00+00:00,5.898e-05,28492.4,0.0009999999999948939,28.492399999854516,0.0016804817519914194,131382.15722810142
2023-04-21 00:00:00+00:00,6.297e-05,28230.0,0.0009999999999948939,28.229999999855853,0.001777643099990923,131382.15545045832
2023-04-21 08:00:00+00:00,0.0001,28141.9,0.0009999999999948939,28.141899999856307,0.0028141899999856307,131382.15263626832
2023-04-21 16:00:00+00:00,0.0001,28032.9,0.0009999999999948939,28.032899999856863,0.0028032899999856863,131382.14983297832
2023-04-22 00:00:00+00:00,0.0001,27252.86702778,0.0009999999999948939,27.252867027640843,0.0027252867027640843,131382.14710769162
2023-04-22 08:00:00+00:00,6.858e-05,27268.4,0.0009999999999948939,27.268399999860765,0.0018700668719904513,131382.14523762476
2023-04-22 16:00:00+00:00,2.09e-05,27477.1,0.0009999999999948939,27.477099999859696,0.0005742713899970676,131382.14466335336
2023-04-23 00:00:00+00:00,3.768e-05,27807.2,0.0009999999999948939,27.807199999858014,0.00104777529599465,131382.14361557807
2023-04-23 08:00:00+00:00,1.376e-05,27704.6,0.0009999999999948939,27.704599999858534,0.00038121529599805345,131382.14323436277
2023-04-23 16:00:00+00:00,2.369e-05,27460.2,0.0009999999999948939,27.460199999859785,0.0006505321379966783,131382.14258383063
2023-04-24 00:00:00+00:00,4.679e-05,27576.68956746,0.0009999999999948939,27.57668956731919,0.0012903133048548648,131382.1412935173
2023-04-24 08:00:00+00:00,3.694e-05,27440.8,0.0009999999999948939,27.440799999859884,0.0010136631519948242,131382.14027985415
2023-04-24 16:00:00+00:00,2.63e-05,27256.0,0.0009999999999948939,27.255999999860826,0.0007168327999963397,131382.13956302137
2023-04-25 00:00:00+00:00,5.066e-05,27497.72006746,0.0009999999999948939,27.49772006731959,0.0013930344986104104,131382.13816998687
2023-04-25 08:00:00+00:00,6.606e-05,27253.4134881,0.0009999999999948939,27.253413487960838,0.001800360495014693,131382.13636962636
2023-04-25 16:00:00+00:00,8.541e-05,27333.25776984,0.0009999999999948939,27.33325776970043,0.002334533546110114,131382.1340350928
2023-04-26 00:00:00+00:00,4.346e-05,28286.8,0.0009999999999948939,28.286799999855564,0.0012293443279937227,131382.1328057485
2023-04-26 08:00:00+00:00,1.686e-05,28369.54559921,0.0009999999999948939,28.36954559906514,0.00047831053880023833,131382.13232743795
2023-04-26 16:00:00+00:00,0.0001,29809.2,0.0009999999999948939,29.80919999984779,0.0029809199999847793,131382.12934651796
2023-04-27 00:00:00+00:00,2.518e-05,28398.6305,0.0009999999999948939,28.398630499854992,0.0007150775159863486,131382.12863144046
2023-04-27 08:00:00+00:00,5.769e-05,28880.59020238,0.0009999999999948939,28.880590202232533,0.0016661212487667947,131382.1269653192
2023-04-27 16:00:00+00:00,3.265e-05,29136.5,0.0009999999999948939,29.136499999851225,0.0009513067249951425,131382.1260140125
2023-04-28 00:00:00+00:00,0.0001,29461.07780952,0.0009999999999948939,29.461077809369566,0.002946107780936957,131382.1230679047
2023-04-28 08:00:00+00:00,0.0001,29473.9,0.0009999999999948939,29.473899999849504,0.0029473899999849507,131382.1201205147
2023-04-28 16:00:00+00:00,4.476e-05,29134.0,0.0009999999999948939,29.133999999851238,0.0013040378399933412,131382.11881647687
2023-04-29 00:00:00+00:00,3.7e-07,29300.1,1.9989999999999948,58570.899899999844,0.021671232962999942,131358.66234553017
2023-04-29 08:00:00+00:00,6.751e-05,29334.05215079,1.9989999999999948,58638.77024942906,3.9587033795389552,131354.70364215065
2023-04-29 16:00:00+00:00,7.826e-05,29262.39456746,1.9989999999999948,58495.52674035239,4.577859922699978,131350.12578222796
2023-04-30 00:00:00+00:00,3.132e-05,29215.37657789,1.9989999999999948,58401.53777920196,1.8291361632446053,131348.2966460647
2023-04-30 08:00:00+00:00,3.501e-05,29252.0,0.0009999999999947828,29.25199999984739,0.0010241125199946571,131092.1375925052
2023-04-30 16:00:00+00:00,6.078e-05,29643.2,0.0009999999999947828,29.643199999845347,0.0018017136959906001,131092.1357907915
2023-05-01 00:00:00+00:00,2.435e-05,29216.0,0.0009999999999947828,29.215999999847575,0.0007114095999962884,131092.1350793819
2023-05-01 08:00:00+00:00,-6.37e-05,28612.79353571,0.0009999999999947828,28.612793535560723,-0.0018226349482152182,131092.13690201685
2023-05-01 16:00:00+00:00,5.66e-06,28157.4,0.0009999999999947828,28.1573999998531,0.00015937088399916856,131092.13674264596
2023-05-02 00:00:00+00:00,9.68e-06,28054.5,0.0009999999999947828,28.054499999853636,0.0002715675599985832,131092.1364710784
2023-05-02 08:00:00+00:00,6.135e-05,28045.0,0.0009999999999947828,28.044999999853683,0.0017205607499910234,131092.13475051767
2023-05-02 16:00:00+00:00,1.204e-05,28525.1232381,0.0009999999999947828,28.52512323795118,0.0003434424837849322,131092.13440707518
2023-05-03 00:00:00+00:00,8.568e-05,28659.25653571,0.0009999999999947828,28.65925653556048,0.002455525099966822,131092.13195155008
2023-05-03 08:00:00+00:00,5.435e-05,28638.3,0.0009999999999947828,28.638299999850588,0.0015564916049918794,131092.13039505848
2023-05-03 16:00:00+00:00,5.701e-05,28295.07261111,0.0009999999999947828,28.295072610962382,0.0016131020895509653,131092.1287819564
2023-05-04 00:00:00+00:00,0.0001,29017.6,0.0009999999999947828,29.01759999984861,0.0029017599999848613,131092.1258801964
2023-05-04 08:00:00+00:00,9.992e-05,29049.25367063,0.0009999999999947828,29.049253670478446,0.0029026014267542065,131092.12297759496
2023-05-04 16:00:00+00:00,4.314e-05,28852.68034524,0.0009999999999947828,28.85268034508947,0.0012447046300871597,131092.12173289034
2023-05-05 00:00:00+00:00,3.731e-05,28826.0,0.0009999999999947828,28.82599999984961,0.001075498059994389,131092.12065739228
2023-05-05 08:00:00+00:00,9.909e-05,29058.9,0.0009999999999947828,29.058899999848396,0.0028794464009849778,131092.11777794588
2023-05-05 16:00:00+00:00,8.548e-05,29347.4,0.0009999999999947828,29.347399999846893,0.0025086157519869125,131092.11526933013
2023-05-06 00:00:00+00:00,0.0001,29495.11225,0.0009999999999947828,29.495112249846116,0.002949511224984612,131092.1123198189
2023-05-06 08:00:00+00:00,0.0001,29350.41971875,0.0009999999999947828,29.350419718596875,0.0029350419718596876,131092.10938477694
2023-05-06 16:00:00+00:00,0.0001,28560.9416746,0.0009999999999947828,28.56094167445099,0.002856094167445099,131092.10652868278
2023-05-07 00:00:00+00:00,4.321e-05,28837.9,0.0009999999999947828,28.83789999984955,0.0012460856589934992,131092.10528259713
2023-05-07 08:00:00+00:00,4.047e-05,28895.27636804,0.0009999999999947828,28.89527636788925,0.001169391834608478,131092.1041132053
2023-05-07 16:00:00+00:00,6.046e-05,28933.1,0.0009999999999947828,28.93309999984905,0.0017492952259908735,131092.1023639101
2023-05-08 00:00:00+00:00,7.2e-06,28417.1,0.0009999999999947828,28.417099999851743,0.00020460311999893254,131092.10215930696
2023-05-08 08:00:00+00:00,4.07e-06,27961.82428968,0.0009999999999947828,27.961824289534118,0.00011380462485840385,131092.10204550234
2023-05-08 16:00:00+00:00,3.902e-05,27874.65211111,0.0009999999999947828,27.874652110964576,0.0010876689253698378,131092.1009578334
2023-05-09 00:00:00+00:00,5.11e-05,27659.7,1.374999999999995,38032.08749999986,1.943439671249993,131075.13559897296
2023-05-09 08:00:00+00:00,6.841e-05,27655.6294311,1.374999999999995,38026.490467762356,2.601392212899623,131072.53420676006
2023-05-09 16:00:00+00:00,3.78e-06,27386.47102381,0.0009999999999947828,27.386471023667124,0.00010352086046946173,131485.18079987887
2023-05-10 00:00:00+00:00,3.752e-05,27613.73805495,0.0009999999999947828,27.613738054805935,0.0010360674518163186,131485.1797638114
2023-05-10 08:00:00+00:00,4.785e-05,27532.4,0.0009999999999947828,27.53239999985636,0.0013174253399931266,131485.17844638607
2023-05-10 16:00:00+00:00,3.792e-05,28141.1,0.0009999999999947828,28.141099999853182,0.0010671105119944328,131485.17737927556
2023-05-11 00:00:00+00:00,1.596e-05,27584.54563736,0.0009999999999947828,27.584545637216085,0.0004402493483699687,131485.17693902622
2023-05-11 08:00:00+00:00,6.926e-05,27438.55824542,0.0009999999999947828,27.438558245276848,0.0019003945440678744,131485.17503863169
2023-05-11 16:00:00+00:00,5.207e-05,27170.30795788,0.0009999999999947828,27.170307957738245,0.0014147579353594305,131485.17362387374
2023-05-12 00:00:00+00:00,3.633e-05,26956.06957143,0.0009999999999947828,26.95606957128937,0.0009793140075249427,131485.17264455973
2023-05-12 08:00:00+00:00,3.964e-05,26294.1,0.0009999999999947828,26.29409999986282,0.0010422981239945621,131485.1716022616
2023-05-12 16:00:00+00:00,2.762e-05,26309.80713919,0.0009999999999947828,26.30980713905274,0.0007266768731806367,131485.17087558474
2023-05-13 00:00:00+00:00,-1e-07,26785.1,0.0009999999999947828,26.785099999860257,-2.6785099999860258e-06,131485.17087826325
2023-05-13 08:00:00+00:00,5.385e-05,26759.3,0.0009999999999947828,26.759299999860392,0.001440988304992482,131485.16943727495
2023-05-13 16:00:00+00:00,4.494e-05,26804.99419048,0.0009999999999947828,26.804994190340153,0.0012046164389138865,131485.1682326585
2023-05-14 00:00:00+00:00,1.715e-05,26762.7,0.0009999999999947828,26.762699999860377,0.00045898030499760546,131485.1677736782
2023-05-14 08:00:00+00:00,3.039e-05,26840.0,0.0009999999999947828,26.83999999985997,0.0008156675999957444,131485.1669580106
2023-05-14 16:00:00+00:00,3.537e-05,27071.4,0.0009999999999947828,27.071399999858766,0.0009575154179950046,131485.1660004952
2023-05-15 00:00:00+00:00,4.407e-05,26904.50884414,0.0009999999999947828,26.904508843999636,0.001185681704755064,131485.1648148135
2023-05-15 08:00:00+00:00,-1.576e-05,27398.7,0.0009999999999947828,27.398699999857058,-0.0004318035119977473,131485.16524661702
2023-05-15 16:00:00+00:00,-1.9e-06,27383.0,0.0009999999999947828,27.382999999857137,-5.202769999972856e-05,131485.16529864472
2023-05-16 00:00:00+00:00,8.66e-05,27152.5,0.0009999999999947828,27.152499999858343,0.0023514064999877325,131485.16294723822
2023-05-16 08:00:00+00:00,3.165e-05,27240.5,0.0009999999999947828,27.24049999985788,0.0008621618249955019,131485.1620850764
2023-05-16 16:00:00+00:00,5.8e-05,27027.8,0.0009999999999947828,27.027799999858992,0.0015676123999918215,131485.16051746398
2023-05-17 00:00:00+00:00,8.392e-05,27024.8,0.0009999999999947828,27.024799999859006,0.002267921215988168,131485.15824954276
2023-05-17 08:00:00+00:00,7.029e-05,26834.95374051,0.0009999999999947828,26.83495374037,0.0018862288984106074,131485.15636331387
2023-05-17 16:00:00+00:00,4.461e-05,26788.1,0.0009999999999947828,26.78809999986024,0.0011950171409937653,131485.15516829674
2023-05-18 00:00:00+00:00,0.0001,27395.7,0.0009999999999947828,27.395699999857072,0.0027395699999857074,131485.15242872675
2023-05-18 08:00:00+00:00,0.0001,27378.01501583,0.0009999999999947828,27.37801501568716,0.0027378015015687165,131485.14969092526
2023-05-18 16:00:00+00:00,8.342e-05,27077.3,0.0009999999999947828,27.07729999985873,0.0022587883659882153,131485.1474321369
2023-05-19 00:00:00+00:00,2.716e-05,26810.38775092,0.0009999999999947828,26.810387750780126,0.0007281701313111883,131485.14670396678
2023-05-19 08:00:00+00:00,4.474e-05,26842.29409341,0.0009999999999947828,26.84229409326996,0.001200924237732898,131485.14550304253
2023-05-19 16:00:00+00:00,3.815e-05,26872.71800794,0.0009999999999947828,26.8727180077998,0.0010251941919975623,131485.14447784834
2023-05-20 00:00:00+00:00,5.313e-05,26870.1,0.0009999999999947828,26.870099999859814,0.001427608412992552,131485.14305023992
2023-05-20 08:00:00+00:00,2.455e-05,26841.8,0.0009999999999947828,26.841799999859962,0.0006589661899965621,131485.14239127372
2023-05-20 16:00:00+00:00,-8.49e-06,26936.0,0.0009999999999947828,26.93599999985947,-0.00022868663999880688,131485.14261996036
2023-05-21 00:00:00+00:00,4.776e-05,27093.25617433,0.0009999999999947828,27.09325617418865,0.0012939739148792497,131485.14132598645
2023-05-21 08:00:00+00:00,7.262e-05,27044.79412566,0.0009999999999947828,27.0447941255189,0.0019639929493951826,131485.1393619935
2023-05-21 16:00:00+00:00,5.071e-05,26888.28630952,0.0009999999999947828,26.88828630937972,0.0013635049987486456,131485.1379984885
2023-05-22 00:00:00+00:00,3.019e-05,26734.27380952,0.0009999999999947828,26.73427380938052,0.000807107726305198,131485.13719138078
2023-05-22 08:00:00+00:00,2.1e-06,26830.7,0.0009999999999947828,26.83069999986002,5.634446999970604e-05,131485.13713503632
2023-05-22 16:00:00+00:00,4.77e-05,26866.95101984,0.0009999999999947828,26.86695101969983,0.001281553563639682,131485.13585348276
2023-05-23 00:00:00+00:00,0.0001,26840.3,0.0009999999999947828,26.84029999985997,0.002684029999985997,131485.13316945275
2023-05-23 08:00:00+00:00,0.0001,27295.7,0.0009999999999947828,27.295699999857593,0.0027295699999857594,131485.13043988275
2023-05-23 16:00:00+00:00,0.0001,27310.7,0.0009999999999947828,27.310699999857516,0.002731069999985752,131485.12770881274
2023-05-24 00:00:00+00:00,0.0001,27209.9,0.0009999999999947828,27.20989999985804,0.0027209899999858043,131485.12498782272
2023-05-24 08:00:00+00:00,2.067e-05,26665.56009921,0.0009999999999947828,26.66556009907088,0.0005511771272477951,131485.1244366456
2023-05-24 16:00:00+00:00,4.362e-05,26306.9,0.0009999999999947828,26.306899999862754,0.0011475069779940132,131485.1232891386
2023-05-25 00:00:00+00:00,5.82e-05,26316.48296098,0.0009999999999947828,26.316482960842702,0.0015316193083210452,131485.1217575193
2023-05-25 08:00:00+00:00,0.0001,26119.2,0.0009999999999947828,26.11919999986373,0.002611919999986373,131485.11914559928
2023-05-25 16:00:00+00:00,0.0001,26215.04963704,0.0009999999999947828,26.21504963690323,0.002621504963690323,131485.1165240943
2023-05-26 00:00:00+00:00,0.0001,26463.36075556,0.0009999999999947828,26.463360755421935,0.0026463360755421936,131485.11387775824
2023-05-26 08:00:00+00:00,9.583e-05,26491.3,0.0009999999999947828,26.49129999986179,0.0025386612789867554,131485.11133909697
2023-05-26 16:00:00+00:00,4.953e-05,26737.4,0.0009999999999947828,26.737399999860507,0.001324303421993091,131485.11001479355
2023-05-27 00:00:00+00:00,7.146e-05,26695.17098214,0.0009999999999947828,26.695170982000725,0.0019076369183737717,131485.10810715664
2023-05-27 08:00:00+00:00,8.564e-05,26715.3,0.0009999999999947828,26.715299999860623,0.0022878982919880635,131485.10581925834
2023-05-27 16:00:00+00:00,7.362e-05,26682.2,0.0009999999999947828,26.682199999860796,0.001964343563989752,131485.10385491478
2023-05-28 00:00:00+00:00,9.88e-05,26843.57879365,0.0009999999999947828,26.843578793509952,0.0026521455847987835,131485.1012027692
2023-05-28 08:00:00+00:00,0.0001,27219.0,0.0009999999999947828,27.218999999857996,0.0027218999999857997,131485.0984808692
2023-05-28 16:00:00+00:00,0.0001,27264.1,0.0009999999999947828,27.26409999985776,0.002726409999985776,131485.0957544592
2023-05-29 00:00:00+00:00,0.0001,28055.7,0.0009999999999947828,28.05569999985363,0.002805569999985363,131485.0929488892
2023-05-29 08:00:00+00:00,0.0001,27896.89911852,0.0009999999999947828,27.896899118374456,0.002789689911837446,131485.09015919932
2023-05-29 16:00:00+00:00,0.0001,27622.0,0.0009999999999947828,27.62199999985589,0.0027621999999855895,131485.08739699933
2023-05-30 00:00:00+00:00,6.187e-05,27722.90035926,0.0009999999999947828,27.722900359115364,0.0017152158452184677,131485.08568178347
2023-05-30 08:00:00+00:00,9.036e-05,27724.8539963,0.0009999999999947828,27.724853996155357,0.0025052178070925977,131485.08317656568
2023-05-30 16:00:00+00:00,3.861e-05,27664.9,12.901999999999994,356932.53979999985,13.781165361677994,131328.1842026982
2023-05-31 00:00:00+00:00,2.344e-05,27682.61552166,12.449999999999992,344648.5632446668,8.078562322454989,130408.10697957447
2023-05-31 08:00:00+00:00,2.864e-05,27152.84455185,3.7319999999999935,101334.41586750402,2.902217670445315,129139.39078709483
2023-05-31 16:00:00+00:00,9.865e-05,26900.69378531,0.0009999999999936726,26.900693785139786,0.00265375344190404,126628.43003408686
2023-06-01 00:00:00+00:00,2.096e-05,27201.1,0.0009999999999936726,27.201099999827886,0.0005701350559963925,126628.4294639518
2023-06-01 08:00:00+00:00,9.641e-05,26795.02356746,0.0009999999999936726,26.795023567290457,0.0025833082221224726,126628.42688064359
2023-06-01 16:00:00+00:00,0.0001,26884.2,0.0009999999999936726,26.884199999829892,0.0026884199999829893,126628.42419222358
2023-06-02 00:00:00+00:00,4.77e-05,26805.2,0.0009999999999936726,26.805199999830393,0.0012786080399919098,126628.42291361555
2023-06-02 08:00:00+00:00,9.266e-05,27040.43002222,0.0009999999999936726,27.040430022048906,0.0025055662458430515,126628.42040804931
2023-06-02 16:00:00+00:00,9.946e-05,27084.62206667,0.0009999999999936726,27.084622066498625,0.002693836510733953,126628.4177142128
2023-06-03 00:00:00+00:00,7.42e-05,27232.44177037,0.0009999999999936726,27.23244177019769,0.0020206471793486687,126628.41569356562
2023-06-03 08:00:00+00:00,0.0001,27162.15821111,0.0009999999999936726,27.162158210938134,0.0027162158210938137,126628.4129773498
2023-06-03 16:00:00+00:00,5.566e-05,27299.56498889,0.0009999999999936726,27.299564988717265,0.001519493787272003,126628.41145785601
2023-06-04 00:00:00+00:00,4.85e-05,27056.69430741,0.0009999999999936726,27.056694307238804,0.001312249673901082,126628.41014560634
2023-06-04 08:00:00+00:00,0.0001,27142.16426296,0.0009999999999936726,27.14216426278826,0.0027142164262788262,126628.4074313899
2023-06-04 16:00:00+00:00,0.0001,27171.1176963,0.0009999999999936726,27.17111769612808,0.002717111769612808,126628.40471427813
2023-06-05 00:00:00+00:00,0.0001,27107.41435926,0.0009999999999936726,27.107414359088484,0.0027107414359088485,126628.4020035367
2023-06-05 08:00:00+00:00,9.538e-05,26819.2,0.0009999999999936726,26.819199999830307,0.0025580152959838146,126628.3994455214
2023-06-05 16:00:00+00:00,7.856e-05,26031.8,0.0009999999999936726,26.031799999835286,0.00204505820798706,126628.39740046319
2023-06-06 00:00:00+00:00,-7.157e-05,25717.20222222,0.5049999999999937,12987.187122220937,-0.9294929823373524,126624.08637060816
2023-06-06 08:00:00+00:00,-3.047e-05,25706.4,0.5049999999999937,12981.731999999838,-0.3955533740399951,126624.4819239822
2023-06-06 16:00:00+00:00,4.288e-05,26052.89612593,0.0009999999999936726,26.052896125765155,0.0011171481858728099,126455.22707936857
2023-06-07 00:00:00+00:00,0.0001,27220.0,0.0009999999999936726,27.21999999982777,0.0027219999999827773,126455.22435736857
2023-06-07 08:00:00+00:00,0.0001,26788.09652593,0.0009999999999936726,26.7880965257605,0.0026788096525760504,126455.22167855891
2023-06-07 16:00:00+00:00,4.005e-05,26333.9,0.0009999999999936726,26.333899999833378,0.0010546726949933268,126455.22062388621
2023-06-08 00:00:00+00:00,5.504e-05,26327.53465873,0.0009999999999936726,26.327534658563415,0.0014490675076073304,126455.2191748187
2023-06-08 08:00:00+00:00,3.09e-05,26432.29439171,0.0009999999999936726,26.43229439154275,0.0008167578966986709,126455.21835806081
2023-06-08 16:00:00+00:00,4.011e-05,26707.69583333,0.0009999999999936726,26.707695833161008,0.001071245679868088,126455.21728681512
2023-06-09 00:00:00+00:00,6.588e-05,26487.27519231,0.0009999999999936726,26.487275192142405,0.0017449816896583416,126455.21554183343
2023-06-09 08:00:00+00:00,7.916e-05,26482.6,0.0009999999999936726,26.482599999832434,0.002096362615986735,126455.21344547081
2023-06-09 16:00:00+00:00,4.404e-05,26466.50910073,0.0009999999999936726,26.466509100562536,0.001165585060788774,126455.21227988576
2023-06-10 00:00:00+00:00,8.702e-05,26468.1,0.0009999999999936726,26.468099999832525,0.0023032540619854266,126455.2099766317
2023-06-10 08:00:00+00:00,2.417e-05,25638.91482157,0.0009999999999936726,25.638914821407774,0.0006196925712334259,126455.20935693913
2023-06-10 16:00:00+00:00,3.854e-05,25620.0,0.0009999999999936726,25.619999999837894,0.0009873947999937524,126455.20836954433
2023-06-11 00:00:00+00:00,4.45e-05,25827.8114902,0.0009999999999936726,25.82781149003658,0.0011493376113066278,126455.20722020672
2023-06-11 08:00:00+00:00,3.197e-05,25729.16368235,0.0009999999999936726,25.729163682187203,0.0008225613629195249,126455.20639764536
2023-06-11 16:00:00+00:00,5.925e-05,25741.1,0.0009999999999936726,25.741099999837125,0.0015251601749903497,126455.20487248519
2023-06-12 00:00:00+00:00,8.66e-05,25911.94827255,0.0009999999999936726,25.911948272386045,0.0022439747203886317,126455.20262851047
2023-06-12 08:00:00+00:00,3.065e-05,25793.3,0.0009999999999936726,25.793299999836794,0.0007905646449949977,126455.20183794582
2023-06-12 16:00:00+00:00,3.624e-05,25812.54495421,0.0009999999999936726,25.812544954046675,0.0009354466291346514,126455.20090249919
2023-06-13 00:00:00+00:00,0.0001,25896.54304579,0.0009999999999936726,25.896543045626142,0.0025896543045626145,126455.19831284488
2023-06-13 08:00:00+00:00,6.18e-05,26062.88104259,0.0009999999999936726,26.06288104242509,0.0016106860484218705,126455.19670215884
2023-06-13 16:00:00+00:00,6.503e-05,25751.0,0.0009999999999936726,25.750999999837063,0.0016745875299894043,126455.1950275713
2023-06-14 00:00:00+00:00,2.438e-05,25920.22234432,0.0009999999999936726,25.92022234415599,0.0006319350207505231,126455.19439563628
2023-06-14 08:00:00+00:00,2.716e-05,25886.21012454,0.0009999999999936726,25.88621012437621,0.0007030694669780579,126455.19369256681
2023-06-14 16:00:00+00:00,3.661e-05,25976.47768498,0.0009999999999936726,25.976477684815638,0.0009509988480411004,126455.19274156797
2023-06-15 00:00:00+00:00,-3.265e-05,25117.05196703,0.0009999999999936726,25.117051966871074,-0.0008200717467183406,126455.19356163971
2023-06-15 08:00:00+00:00,6.193e-05,24974.6,0.0009999999999936726,24.974599999841974,0.0015466769779902134,126455.19201496273
2023-06-15 16:00:00+00:00,6.687e-05,24948.4,0.0009999999999936726,24.94839999984214,0.0016682995079894442,126455.19034666322
2023-06-16 00:00:00+00:00,3.971e-05,25588.4875348,0.0009999999999936726,25.58848753463809,0.0010161188400004786,126455.18933054438
2023-06-16 08:00:00+00:00,7.81e-06,25526.0,0.0009999999999936726,25.525999999838486,0.00019935805999873857,126455.18913118631
2023-06-16 16:00:00+00:00,2.36e-06,25832.5,0.0009999999999936726,25.832499999836546,6.0964699999614244e-05,126455.18907022162
2023-06-17 00:00:00+00:00,9.868e-05,26336.0,0.0009999999999936726,26.335999999833362,0.002598836479983556,126455.18647138514
2023-06-17 08:00:00+00:00,0.0001,26587.7,0.0009999999999936726,26.58769999983177,0.002658769999983177,126455.18381261514
2023-06-17 16:00:00+00:00,7.543e-05,26399.9,0.0009999999999936726,26.39989999983296,0.0019913444569874,126455.18182127069
2023-06-18 00:00:00+00:00,3.706e-05,26508.8,0.0009999999999936726,26.508799999832267,0.0009824161279937838,126455.18083885456
2023-06-18 08:00:00+00:00,8.233e-05,26572.34247436,0.0009999999999936726,26.572342474191867,0.0021877009559002165,126455.1786511536
2023-06-18 16:00:00+00:00,6.705e-05,26548.81767766,0.0009999999999936726,26.548817677492018,0.0017800982252758398,126455.17687105537
2023-06-19 00:00:00+00:00,7.04e-05,26329.87789346,0.0009999999999936726,26.329877893293403,0.0018536234036878557,126455.17501743197
2023-06-19 08:00:00+00:00,6.397e-05,26415.2,0.0009999999999936726,26.41519999983286,0.001689780343989308,126455.17332765163
2023-06-19 16:00:00+00:00,3.69e-05,26431.2,0.0009999999999936726,26.43119999983276,0.0009753112799938289,126455.17235234035
2023-06-20 00:00:00+00:00,4.35e-05,26829.67792125,0.0009999999999936726,26.82967792108024,0.0011670909895669904,126455.17118524936
2023-06-20 08:00:00+00:00,-4.48e-06,26820.4,0.0009999999999936726,26.820399999830297,-0.00012015539199923974,126455.17130540476
2023-06-20 16:00:00+00:00,-2.597e-05,27057.23991575,0.0009999999999936726,27.057239915578798,-0.0007026765206075814,126455.17200808128
2023-06-21 00:00:00+00:00,6.295e-05,28290.6,0.0009999999999936726,28.290599999820994,0.0017808932699887316,126455.170227188
2023-06-21 08:00:00+00:00,0.0001,28860.3580406,13.470999999999993,388777.8831649224,38.87778831649224,126263.83706716579
2023-06-21 16:00:00+00:00,2.551e-05,29839.97633883,13.470999999999993,401974.32126037875,10.254364935352262,126253.58270223044
2023-06-22 00:00:00+00:00,0.0001,29988.4,13.470999999999993,403973.7363999998,40.397373639999984,126213.18532859045
2023-06-22 08:00:00+00:00,0.0001,30094.5,13.470999999999993,405403.0094999998,40.54030094999998,126172.64502764045
2023-06-22 16:00:00+00:00,9.236e-05,29837.3,13.470999999999993,401938.26829999976,37.12301846018798,126135.52200918026
2023-06-23 00:00:00+00:00,0.0001,29881.61953663,13.470999999999993,402535.29677794257,40.25352967779426,126095.26847950247
2023-06-23 08:00:00+00:00,0.0001,29927.0,13.470999999999993,403146.6169999998,40.31466169999998,126054.95381780247
2023-06-23 16:00:00+00:00,0.0001,31240.80145055,13.470999999999993,420844.83634035883,42.084483634035884,126012.86933416843
2023-06-24 00:00:00+00:00,0.0001,30680.8,13.470999999999993,413301.0567999998,41.33010567999998,125971.53922848843
2023-06-24 08:00:00+00:00,0.0001,30563.3,11.922999999999995,364406.22589999984,36.44062258999999,129662.78483722301
2023-06-24 16:00:00+00:00,0.0001,30394.48137729,11.922999999999995,362393.40146142856,36.23934014614286,129626.54549707686
2023-06-25 00:00:00+00:00,0.0001,30524.12833333,9.258999999999995,282622.9042383023,28.262290423830233,135144.3441932724
2023-06-25 08:00:00+00:00,0.0001,30714.0,9.258999999999995,284380.92599999986,28.438092599999987,135115.9061006724
2023-06-25 16:00:00+00:00,0.0001,30575.89769231,9.258999999999995,283102.23673309817,28.310223673309817,135087.5958769991
2023-06-26 00:00:00+00:00,0.0001,30458.0,9.258999999999995,282010.62199999986,28.20106219999999,135059.3948147991
2023-06-26 08:00:00+00:00,0.0001,30395.6,9.258999999999995,281432.86039999983,28.143286039999985,135031.2515287591
2023-06-26 16:00:00+00:00,0.0001,30408.74403663,9.258999999999995,281554.561035157,28.155456103515704,135003.09607265558
2023-06-27 00:00:00+00:00,0.0001,30260.2,9.258999999999995,280179.19179999985,28.017919179999986,134975.07815347557
2023-06-27 08:00:00+00:00,0.0001,30404.5,9.258999999999995,281515.26549999986,28.15152654999999,134946.92662692556
2023-06-27 16:00:00+00:00,0.0001,30487.4,9.258999999999995,282282.83659999986,28.22828365999999,134918.69834326557
2023-06-28 00:00:00+00:00,0.0001,30683.2,9.258999999999995,284095.7487999998,28.409574879999983,134890.28876838557
2023-06-28 08:00:00+00:00,9.302e-05,30176.0,9.258999999999995,279399.58399999986,25.989749303679986,134864.2990190819
2023-06-28 16:00:00+00:00,4.598e-05,30399.8,3.2569999999999952,99012.14859999985,4.552578592627993,146041.24087879123
2023-06-29 00:00:00+00:00,6.574e-05,30066.4,0.0009999999999950049,30.066399999849818,0.001976565135990127,151792.48105341828
2023-06-29 08:00:00+00:00,9.3e-05,30334.0,0.0009999999999950049,30.33399999984848,0.0028210619999859085,151792.47823235628
2023-06-29 16:00:00+00:00,0.0001,30468.0,11.190999999999995,340967.38799999986,34.09673879999999,151621.55394287562
2023-06-30 00:00:00+00:00,0.0001,30439.9,3.273999999999995,99660.23259999986,9.966023259999986,150711.77139248626
2023-06-30 08:00:00+00:00,0.0001,30759.81035897,10.941999999999995,336573.8449478496,33.65738449478496,150583.828383669
2023-06-30 16:00:00+00:00,0.0001,30052.0,10.941999999999995,328828.9839999998,32.88289839999998,150550.94548526898
2023-07-01 00:00:00+00:00,0.0001,30461.93874706,0.0009999999999941167,30.461938746880787,0.003046193874688079,143388.29559743826
2023-07-01 08:00:00+00:00,0.0001,30450.4,0.0009999999999941167,30.450399999820853,0.0030450399999820852,143388.29255239826
2023-07-01 16:00:00+00:00,0.0001,30566.31893725,0.0009999999999941167,30.566318937070168,0.003056631893707017,143388.28949576637
2023-07-02 00:00:00+00:00,0.0001,30574.73363771,0.0009999999999941167,30.57473363753012,0.0030574733637530123,143388.286438293
2023-07-02 08:00:00+00:00,0.0001,30504.7,0.0009999999999941167,30.504699999820534,0.0030504699999820534,143388.283387823
2023-07-02 16:00:00+00:00,0.0001,30493.18428039,0.0009999999999941167,30.4931842802106,0.00304931842802106,143388.28033850458
2023-07-03 00:00:00+00:00,0.0001,30612.7,0.0009999999999941167,30.6126999998199,0.00306126999998199,143388.2772772346
2023-07-03 08:00:00+00:00,0.0001,30662.9,0.0009999999999941167,30.662899999819604,0.0030662899999819608,143388.2742109446
2023-07-03 16:00:00+00:00,0.0001,31059.51435294,0.0009999999999941167,31.05951435275727,0.003105951435275727,143388.27110499315
2023-07-04 00:00:00+00:00,0.0001,31148.9,0.0009999999999941167,31.148899999816745,0.0031148899999816747,143388.26799010317
2023-07-04 08:00:00+00:00,0.0001,30904.45656078,0.0009999999999941167,30.90445656059818,0.0030904456560598183,143388.26489965752
2023-07-04 16:00:00+00:00,0.0001,30959.4,0.0009999999999941167,30.959399999817858,0.003095939999981786,143388.26180371753
2023-07-05 00:00:00+00:00,0.0001,30756.3505,0.0009999999999941167,30.756350499819053,0.0030756350499819055,143388.25872808247
2023-07-05 08:00:00+00:00,0.0001,30765.9,0.0009999999999941167,30.765899999819,0.0030765899999819,143388.25565149248
2023-07-05 16:00:00+00:00,0.0001,30345.0,0.0009999999999941167,30.34499999982147,0.0030344999999821474,143388.25261699248
2023-07-06 00:00:00+00:00,0.0001,30492.32194689,0.0009999999999941167,30.492321946710604,0.0030492321946710603,143388.2495677603
2023-07-06 08:00:00+00:00,7.72e-05,30794.50837179,0.0009999999999941167,30.794508371608828,0.002377336046288202,143388.24719042424
2023-07-06 16:00:00+00:00,1.492e-05,30391.5495348,0.0009999999999941167,30.3915495346212,0.00045344191905654827,143388.2467369823
2023-07-07 00:00:00+00:00,6.98e-06,29876.64603114,0.0009999999999941167,29.876646030964228,0.00020853898929613031,143388.24652844333
2023-07-07 08:00:00+00:00,4.221e-05,29995.06967451,0.0009999999999941167,29.99506967433353,0.0012660918909536182,143388.24526235144
2023-07-07 16:00:00+00:00,-6.58e-06,30376.29668864,0.0009999999999941167,30.376296688461288,-0.00019987603221007527,143388.24546222747
2023-07-08 00:00:00+00:00,3.757e-05,30330.92258608,0.0009999999999941167,30.330922585901554,0.0011395327615523214,143388.2443226947
2023-07-08 08:00:00+00:00,2.631e-05,30177.22046703,0.0009999999999941167,30.17722046685246,0.0007939626704828882,143388.243528732
2023-07-08 16:00:00+00:00,1.686e-05,30196.7,0.0009999999999941167,30.196699999822346,0.0005091163619970049,143388.24301961565
2023-07-09 00:00:00+00:00,5.707e-05,30271.46816484,0.0009999999999941167,30.271468164661904,0.001727592688157255,143388.24129202295
2023-07-09 08:00:00+00:00,6.821e-05,30251.09062487,0.0009999999999941167,30.251090624692026,0.002063426891510243,143388.23922859607
2023-07-09 16:00:00+00:00,6.153e-05,30336.8,0.0009999999999941167,30.33679999982152,0.0018666233039890182,143388.23736197277
2023-07-10 00:00:00+00:00,-2.182e-05,30147.8,0.0009999999999941167,30.14779999982263,-0.0006578249959961299,143388.23801979778
2023-07-10 08:00:00+00:00,4.85e-05,30100.0,0.0009999999999941167,30.099999999822913,0.0014598499999914113,143388.23655994778
2023-07-10 16:00:00+00:00,2.995e-05,30302.59372894,0.0009999999999941167,30.30259372876172,0.0009075626821764136,143388.2356523851
2023-07-11 00:00:00+00:00,8.01e-05,30396.9,0.0009999999999941167,30.39689999982117,0.0024347916899856753,143388.23321759343
2023-07-11 08:00:00+00:00,8.265e-05,30528.5,0.0009999999999941167,30.52849999982039,0.0025231805249851555,143388.2306944129
2023-07-11 16:00:00+00:00,3.954e-05,30585.5,0.0009999999999941167,30.58549999982006,0.001209350669992885,143388.2294850622
2023-07-12 00:00:00+00:00,7.041e-05,30608.4,0.0009999999999941167,30.608399999819923,0.0021551374439873205,143388.22732992476
2023-07-12 08:00:00+00:00,6.479e-05,30730.0,0.0009999999999941167,30.729999999819206,0.001990996699988286,143388.22533892805
2023-07-12 16:00:00+00:00,4.65e-05,30513.39325882,4.175999999999994,127423.93024883214,5.925212756570694,143330.91203479972
2023-07-13 00:00:00+00:00,-1.135e-05,30368.9,4.175999999999994,126820.52639999983,-1.439412974639998,143332.35144777436
2023-07-13 08:00:00+00:00,6.12e-05,30355.1,4.175999999999994,126762.89759999981,7.757889333119988,143324.59355844124
2023-07-13 16:00:00+00:00,5.29e-06,30910.27364706,4.175999999999994,129081.30275012237,0.6828400915481474,143323.91071834968
2023-07-14 00:00:00+00:00,0.0001,31441.6,13.144999999999992,413299.83199999976,41.32998319999998,143171.65086848376
2023-07-14 08:00:00+00:00,0.0001,31096.41349786,11.670999999999992,362926.24193352385,36.29262419335239,143953.66227609938
2023-07-14 16:00:00+00:00,0.0001,31236.5,11.670999999999992,364561.1914999998,36.45611914999998,143917.20615694937
2023-07-15 00:00:00+00:00,-7.313e-05,30294.38959158,0.0009999999999923403,30.294389591347954,-0.0022154287108152758,134686.7940620884
2023-07-15 08:00:00+00:00,3.007e-05,30319.07603663,0.0009999999999923403,30.319076036397764,0.0009116946164144807,134686.7931503938
2023-07-15 16:00:00+00:00,2.984e-05,30290.5,0.0009999999999923403,30.290499999767984,0.0009038685199930766,134686.79224652526
2023-07-16 00:00:00+00:00,1.993e-05,30276.5,0.0009999999999923403,30.27649999976809,0.000603410644995378,134686.79164311461
2023-07-16 08:00:00+00:00,7.772e-05,30252.9,0.0009999999999923403,30.252899999768275,0.0023512553879819903,134686.78929185923
2023-07-16 16:00:00+00:00,4.583e-05,30367.35185714,0.0009999999999923403,30.367351856907398,0.001391735735602066,134686.78790012348
2023-07-17 00:00:00+00:00,2.785e-05,30216.9,0.0009999999999923403,30.21689999976855,0.0008415406649935541,134686.78705858282
2023-07-17 08:00:00+00:00,6.278e-05,30265.2,0.0009999999999923403,30.26519999976818,0.0019000492559854464,134686.78515853357
2023-07-17 16:00:00+00:00,6.261e-05,30163.4,0.0009999999999923403,30.16339999976896,0.0018885304739855344,134686.7832700031
2023-07-18 00:00:00+00:00,3.983e-05,30126.1,0.0009999999999923403,30.12609999976924,0.0011999225629908089,134686.78207008055
2023-07-18 08:00:00+00:00,6.798e-05,29952.61718498,0.0009999999999923403,29.952617184750576,0.002036178916219344,134686.78003390162
2023-07-18 16:00:00+00:00,7.477e-05,29901.23603846,0.0009999999999923403,29.901236038230966,0.0022357154185785296,134686.7777981862
2023-07-19 00:00:00+00:00,0.0001,29848.6702033,0.0009999999999923403,29.848670203071368,0.002984867020307137,134686.77481331918
2023-07-19 08:00:00+00:00,5.224e-05,29988.98772161,0.0009999999999923403,29.988987721380294,0.0015666247185649065,134686.77324669447
2023-07-19 16:00:00+00:00,7.69e-05,29940.84508242,0.0009999999999923403,29.940845082190663,0.002302450986820462,134686.77094424347
2023-07-20 00:00:00+00:00,2.652e-05,29895.5,0.0009999999999923403,29.895499999771012,0.0007928286599939272,134686.77015141482
2023-07-20 08:00:00+00:00,9.641e-05,30195.6,0.0009999999999923403,30.19559999976871,0.002911157795977701,134686.76724025703
2023-07-20 16:00:00+00:00,5.563e-05,29794.44192491,0.0009999999999923403,29.794441924681784,0.0016574648042700477,134686.76558279223
2023-07-21 00:00:00+00:00,2.877e-05,29791.0,0.0009999999999923403,29.790999999771813,0.0008570870699934351,134686.76472570517
2023-07-21 08:00:00+00:00,7.77e-06,29757.8,0.0009999999999923403,29.757799999772065,0.00023121810599822893,134686.76449448706
2023-07-21 16:00:00+00:00,3.717e-05,29852.49687912,0.0009999999999923403,29.85249687889134,0.001109617308988391,134686.76338486976
2023-07-22 00:00:00+00:00,2.195e-05,29891.5,0.0009999999999923403,29.891499999771042,0.0006561184249949745,134686.76272875135
2023-07-22 08:00:00+00:00,9.44e-06,29934.82910623,0.0009999999999923403,29.934829106000713,0.0002825847867606467,134686.76244616657
2023-07-22 16:00:00+00:00,1.77e-06,29884.10033516,0.0009999999999923403,29.884100334931098,5.289485759282804e-05,134686.76239327173
2023-07-23 00:00:00+00:00,2.908e-05,29785.6,0.0009999999999923403,29.78559999977185,0.0008661652479933654,134686.7615271065
2023-07-23 08:00:00+00:00,0.0001,29902.78705495,0.0009999999999923403,29.902787054720957,0.002990278705472096,134686.75853682778
2023-07-23 16:00:00+00:00,9.372e-05,29886.0,0.0009999999999923403,29.885999999771084,0.002800915919978546,134686.75573591187
2023-07-24 00:00:00+00:00,0.0001,30072.77710256,0.0009999999999923403,30.072777102329656,0.003007277710232966,134686.75272863416
2023-07-24 08:00:00+00:00,4.338e-05,29816.3,0.0009999999999923403,29.816299999771616,0.0012934310939900927,134686.75143520307
2023-07-24 16:00:00+00:00,0.0001,29085.72214286,0.0009999999999923403,29.085722142637213,0.0029085722142637212,134686.74852663086
2023-07-25 00:00:00+00:00,7.702e-05,29163.8,0.0009999999999923403,29.163799999776614,0.002246195875982795,134686.74628043498
2023-07-25 08:00:00+00:00,6.913e-05,29132.2,0.0009999999999923403,29.13219999977686,0.002013908985984574,134686.744266526
2023-07-25 16:00:00+00:00,9.465e-05,29167.1,0.0009999999999923403,29.16709999977659,0.0027606660149788543,134686.74150585997
2023-07-26 00:00:00+00:00,9.451e-05,29216.2,0.0009999999999923403,29.216199999776215,0.00276122306197885,134686.7387446369
2023-07-26 08:00:00+00:00,0.0001,29205.4,0.0009999999999923403,29.205399999776297,0.00292053999997763,134686.73582409692
2023-07-26 16:00:00+00:00,5.768e-05,29308.64173077,0.0009999999999923403,29.308641730545506,0.0016905224550178646,134686.73413357447
2023-07-27 00:00:00+00:00,3.136e-05,29336.81704212,0.0009999999999923403,29.33681704189529,0.0009200025824338362,134686.7332135719
2023-07-27 08:00:00+00:00,3.83e-05,29397.39967059,0.0009999999999923403,29.397399670364827,0.001125920407374973,134686.73208765147
2023-07-27 16:00:00+00:00,2.876e-05,29278.17302291,0.0009999999999923403,29.27817302268574,0.0008420402561324418,134686.7312456112
2023-07-28 00:00:00+00:00,4.373e-05,29212.11250916,0.0009999999999923403,29.212112508936247,0.0012774456800157823,134686.72996816554
2023-07-28 08:00:00+00:00,6.675e-05,29130.27908039,0.0009999999999923403,29.130279080166872,0.0019444461286011387,134686.72802371942
2023-07-28 16:00:00+00:00,0.0001,29379.0,0.0009999999999923403,29.37899999977497,0.002937899999977497,134686.72508581943
2023-07-29 00:00:00+00:00,0.0001,29300.0,0.0009999999999923403,29.299999999775572,0.0029299999999775573,134686.72215581944
2023-07-29 08:00:00+00:00,4.567e-05,29283.0,0.0009999999999923403,29.282999999775704,0.0013373546099897564,134686.72081846482
2023-07-29 16:00:00+00:00,7.53e-05,29284.8,0.0009999999999923403,29.28479999977569,0.0022051454399831093,134686.7186133194
2023-07-30 00:00:00+00:00,8.151e-05,29340.39098901,0.0009999999999923403,29.340390988785263,0.0023915352694958867,134686.71622178413
2023-07-30 08:00:00+00:00,5.56e-05,29283.0227674,0.0009999999999923403,29.283022767175705,0.0016281360658549693,134686.71459364807
2023-07-30 16:00:00+00:00,4.357e-05,29337.71094872,0.0009999999999923403,29.337710948495282,0.0012782440660259393,134686.713315404
2023-07-31 00:00:00+00:00,2.369e-05,29271.2,0.0009999999999923403,29.271199999775792,0.0006934347279946884,134686.71262196926
2023-07-31 08:00:00+00:00,7.362e-05,29363.8,0.0009999999999923403,29.363799999775082,0.0021617629559834415,134686.7104602063
2023-07-31 16:00:00+00:00,8.239e-05,29236.38184066,0.0009999999999923403,29.23638184043606,0.002408785499833527,134686.70805142078
2023-08-01 00:00:00+00:00,6.3e-05,29220.8,0.0009999999999923403,29.22079999977618,0.0018409103999858993,134686.70621051037
2023-08-01 08:00:00+00:00,6.768e-05,28924.01868877,0.0009999999999923403,28.924018688548454,0.0019575775848409594,134686.70425293277
2023-08-01 16:00:00+00:00,0.0001,28943.4,0.0009999999999923403,28.943399999778304,0.0028943399999778307,134686.70135859278
2023-08-02 00:00:00+00:00,0.0001,29703.02089011,0.0009999999999923403,29.703020889882488,0.002970302088988249,134686.69838829068
2023-08-02 08:00:00+00:00,0.0001,29570.1,0.0009999999999923403,29.5700999997735,0.00295700999997735,134686.69543128068
2023-08-02 16:00:00+00:00,0.0001,29312.6,0.0009999999999923403,29.312599999775475,0.0029312599999775477,134686.69250002067
2023-08-03 00:00:00+00:00,0.0001,29173.64597802,0.0009999999999923403,29.17364597779654,0.002917364597779654,134686.68958265608
2023-08-03 08:00:00+00:00,0.0001,29035.71583883,0.0009999999999923403,29.035715838607597,0.00290357158386076,134686.6866790845
2023-08-03 16:00:00+00:00,0.0001,29245.55298193,0.0009999999999923403,29.245552981705988,0.002924555298170599,134686.6837545292
2023-08-04 00:00:00+00:00,8.116e-05,29180.1,0.0009999999999923403,29.180099999776488,0.00236825691598186,134686.68138627228
2023-08-04 08:00:00+00:00,0.0001,29203.56127957,0.0009999999999923403,29.20356127934631,0.002920356127934631,134686.67846591616
2023-08-04 16:00:00+00:00,0.0001,29258.8,0.0009999999999923403,29.25879999977589,0.002925879999977589,134686.67554003617
2023-08-05 00:00:00+00:00,4.181e-05,29101.50232573,0.0009999999999923403,29.101502325507095,0.0012167338122294517,134686.67432330237
2023-08-05 08:00:00+00:00,0.0001,29040.32831129,0.0009999999999923403,29.04032831106756,0.0029040328311067563,134686.67141926955
2023-08-05 16:00:00+00:00,0.0001,29032.5,0.0009999999999923403,29.03249999977762,0.002903249999977762,134686.66851601956
2023-08-06 00:00:00+00:00,0.0001,29059.07982647,0.0009999999999923403,29.059079826247416,0.0029059079826247417,134686.66561011158
2023-08-06 08:00:00+00:00,0.0001,29081.3,0.0009999999999923403,29.081299999777247,0.002908129999977725,134686.66270198158
2023-08-06 16:00:00+00:00,0.0001,29004.86484066,0.0009999999999923403,29.004864840437833,0.0029004864840437832,134686.6598014951
2023-08-07 00:00:00+00:00,0.0001,29077.20389486,0.0009999999999923403,29.07720389463728,0.002907720389463728,134686.6568937747
2023-08-07 08:00:00+00:00,7.669e-05,29084.71007692,0.0009999999999923403,29.08471007669722,0.00223050641578191,134686.65466326827
2023-08-07 16:00:00+00:00,0.0001,28853.9,0.0009999999999923403,28.853899999778992,0.0028853899999778995,134686.6517778783
2023-08-08 00:00:00+00:00,0.0001,29203.33348718,0.0009999999999923403,29.203333486956314,0.0029203333486956316,134686.64885754493
2023-08-08 08:00:00+00:00,9.136e-05,29177.2379304,0.0009999999999923403,29.17723793017651,0.002665632457300926,134686.64619191247
2023-08-08 16:00:00+00:00,5.944e-05,29520.137663,0.0009999999999923403,29.520137662773887,0.0017546769826752798,134686.6444372355
2023-08-09 00:00:00+00:00,8.11e-05,29760.75252015,0.0009999999999923403,29.760752519922043,0.002413597029365678,134686.64202363847
2023-08-09 08:00:00+00:00,9.527e-05,29808.0,0.0009999999999923403,29.80799999977168,0.002839808159978248,134686.63918383032
2023-08-09 16:00:00+00:00,8.877e-05,29749.93107875,0.0009999999999923403,29.749931078522124,0.0026409013818404093,134686.63654292893
2023-08-10 00:00:00+00:00,0.0001,29572.9,0.0009999999999923403,29.572899999773483,0.0029572899999773484,134686.63358563892
2023-08-10 08:00:00+00:00,0.0001,29504.0,0.0009999999999923403,29.50399999977401,0.002950399999977401,134686.63063523892
2023-08-10 16:00:00+00:00,8.277e-05,29452.8,0.0009999999999923403,29.452799999774403,0.0024378082559813274,134686.62819743066
2023-08-11 00:00:00+00:00,0.0001,29443.7,0.0009999999999923403,29.443699999774473,0.0029443699999774477,134686.62525306066
2023-08-11 08:00:00+00:00,0.0001,29407.12406777,0.0009999999999923403,29.407124067544753,0.0029407124067544754,134686.62231234825
2023-08-11 16:00:00+00:00,7.123e-05,29385.86290842,0.0009999999999923403,29.385862908194916,0.0020931550149507236,134686.62021919322
2023-08-12 00:00:00+00:00,0.0001,29415.68952954,0.0009999999999923403,29.415689529314687,0.002941568952931469,134686.61727762426
2023-08-12 08:00:00+00:00,0.0001,29410.2,0.0009999999999923403,29.41019999977473,0.0029410199999774732,134686.61433660425
2023-08-12 16:00:00+00:00,9.305e-05,29426.08241717,0.0009999999999923403,29.426082416944606,0.0027380969688966957,134686.6115985073
2023-08-13 00:00:00+00:00,0.0001,29420.8,0.0009999999999923403,29.420799999774648,0.0029420799999774648,134686.6086564273
2023-08-13 08:00:00+00:00,4.637e-05,29385.5,0.0009999999999923403,29.385499999774918,0.001362605634989563,134686.60729382167
2023-08-13 16:00:00+00:00,0.0001,29363.60228767,0.0009999999999923403,29.363602287445087,0.002936360228744509,134686.60435746145
2023-08-14 00:00:00+00:00,0.0001,29293.60451013,0.0009999999999923403,29.29360450990562,0.002929360450990562,134686.60142810098
2023-08-14 08:00:00+00:00,0.0001,29410.5,0.0009999999999923403,29.410499999774725,0.0029410499999774726,134686.59848705097
2023-08-14 16:00:00+00:00,0.0001,29592.9,0.0009999999999923403,29.59289999977333,0.002959289999977333,134686.59552776098
2023-08-15 00:00:00+00:00,0.0001,29419.5,0.0009999999999923403,29.419499999774658,0.002941949999977466,134686.59258581098
2023-08-15 08:00:00+00:00,0.0001,29396.8,0.0009999999999923403,29.39679999977483,0.0029396799999774834,134686.58964613097
2023-08-15 16:00:00+00:00,0.0001,29316.00693956,0.0009999999999923403,29.31600693933545,0.002931600693933545,134686.58671453028
2023-08-16 00:00:00+00:00,0.0001,29188.8,0.0009999999999923403,29.188799999776425,0.0029188799999776424,134686.58379565028
2023-08-16 08:00:00+00:00,0.0001,29187.95872161,0.0009999999999923403,29.18795872138643,0.002918795872138643,134686.5808768544
2023-08-16 16:00:00+00:00,0.0001,29098.85854396,0.0009999999999923403,29.098858543737112,0.002909885854373711,134686.57796696853
2023-08-17 00:00:00+00:00,0.0001,28716.37077839,0.0009999999999923403,28.71637077817004,0.0028716370778170044,134686.57509533144
2023-08-17 08:00:00+00:00,0.0001,28614.52511355,0.8419999999999923,24093.43014560888,2.4093430145608883,134674.50506580158
2023-08-17 16:00:00+00:00,0.0001,27920.8,0.0009999999999923403,27.920799999786137,0.0027920799999786136,134509.93662473548
2023-08-18 00:00:00+00:00,0.0001,26610.08380037,0.0009999999999923403,26.610083800166176,0.002661008380016618,134509.9339637271
2023-08-18 08:00:00+00:00,-4.6e-07,26414.91099634,0.0009999999999923403,26.41491099613767,-1.2150859058223329e-05,134509.93397587794
2023-08-18 16:00:00+00:00,5.166e-05,25993.1,0.0009999999999923403,25.9930999998009,0.0013428035459897144,134509.93263307438
2023-08-19 00:00:00+00:00,-2.74e-06,26042.0,0.0009999999999923403,26.041999999800527,-7.135507999945344e-05,134509.93270442946
2023-08-19 08:00:00+00:00,-3.22e-06,25906.8,0.0009999999999923403,25.906799999801564,-8.341989599936103e-05,134509.93278784936
2023-08-19 16:00:00+00:00,-5.286e-05,26201.35374359,0.0009999999999923403,26.201353743389305,-0.0013850035588755586,134509.93417285293
2023-08-20 00:00:00+00:00,-3.069e-05,26088.4,0.0009999999999923403,26.088399999800174,-0.0008006529959938674,134509.9349735059
2023-08-20 08:00:00+00:00,-4.364e-05,26074.1904652,0.0009999999999923403,26.07419046500028,-0.0011378776718926123,134509.93611138358
2023-08-20 16:00:00+00:00,-1.93e-06,26095.0,0.0009999999999923403,26.094999999800123,-5.0363349999614244e-05,134509.93616174694
2023-08-21 00:00:00+00:00,-2.797e-05,26177.8102381,0.0009999999999923403,26.177810237899486,-0.0007321933523540486,134509.9368939403
2023-08-21 08:00:00+00:00,8.16e-06,26012.0,0.0009999999999923403,26.011999999800757,0.00021225791999837418,134509.93668168236
2023-08-21 16:00:00+00:00,-1.619e-05,25926.31254396,0.0009999999999923403,25.926312543761416,-0.0004197470000834973,134509.93710142936
2023-08-22 00:00:00+00:00,-3.08e-06,26115.4,0.0009999999999923403,26.115399999799966,-8.04354319993839e-05,134509.93718186478
2023-08-22 08:00:00+00:00,-1.928e-05,26094.02626629,0.0009999999999923403,26.09402626609013,-0.0005030928264102176,134509.9376849576
2023-08-22 16:00:00+00:00,3.048e-05,25928.94016484,0.0009999999999923403,25.928940164641396,0.0007903140962182698,134509.9368946435
2023-08-23 00:00:00+00:00,7.39e-06,26044.5,0.0009999999999923403,26.044499999800507,0.00019246885499852576,134509.93670217463
2023-08-23 08:00:00+00:00,-1.02e-05,26045.3,0.0009999999999923403,26.045299999800502,-0.00026566205999796515,134509.9369678367
2023-08-23 16:00:00+00:00,3.247e-05,26134.3,0.0009999999999923403,26.13429999979982,0.0008485807209935001,134509.93611925596
2023-08-24 00:00:00+00:00,-2.822e-05,26422.2424549,0.0009999999999923403,26.422242454697614,-0.0007456356820715667,134509.93686489164
2023-08-24 08:00:00+00:00,2.506e-05,26464.59056723,0.0009999999999923403,26.46459056702729,0.000663202639609704,134509.936201689
2023-08-24 16:00:00+00:00,4.9e-05,25986.0,0.0009999999999923403,25.985999999800956,0.0012733139999902467,134509.934928375
2023-08-25 00:00:00+00:00,-6.59e-06,26164.90932784,0.0009999999999923403,26.164909327639585,-0.00017242675246914485,134509.93510080175
2023-08-25 08:00:00+00:00,2.802e-05,25969.4,0.0009999999999923403,25.969399999801084,0.0007276625879944264,134509.93437313917
2023-08-25 16:00:00+00:00,5.218e-05,25919.73688645,0.0009999999999923403,25.919736886251464,0.0013524918707246013,134509.9330206473
2023-08-26 00:00:00+00:00,3.82e-05,26051.8,0.0009999999999923403,26.05179999980045,0.0009951787599923772,134509.93202546853
2023-08-26 08:00:00+00:00,5.334e-05,26039.7,0.0009999999999923403,26.039699999800547,0.0013889575979893613,134509.93063651092
2023-08-26 16:00:00+00:00,2.096e-05,26040.2,0.0009999999999923403,26.040199999800542,0.0005458025919958193,134509.93009070834
2023-08-27 00:00:00+00:00,9.9e-07,26004.3,0.0009999999999923403,26.004299999800814,2.5744256999802807e-05,134509.93006496408
2023-08-27 08:00:00+00:00,3.976e-05,26028.60305782,0.0009999999999923403,26.028603057620632,0.0010348972575709963,134509.92903006682
2023-08-27 16:00:00+00:00,1.232e-05,26110.8,0.0009999999999923403,26.1107999998,0.00032168505599753603,134509.92870838178
2023-08-28 00:00:00+00:00,-3.95e-06,26087.7,0.0009999999999923403,26.08769999980018,-0.00010304641499921071,134509.9288114282
2023-08-28 08:00:00+00:00,4.424e-05,25923.0,0.0009999999999923403,25.92299999980144,0.0011468335199912158,134509.92766459467
2023-08-28 16:00:00+00:00,4.524e-05,26091.3,0.0009999999999923403,26.09129999980015,0.0011803704119909587,134509.92648422424
2023-08-29 00:00:00+00:00,8.24e-06,26109.5626212,0.0009999999999923403,26.10956262100001,0.0002151427959970401,134509.92626908145
2023-08-29 08:00:00+00:00,3.769e-05,25992.94626374,0.0009999999999923403,25.9929462635409,0.0009796741446728566,134509.9252894073
2023-08-29 16:00:00+00:00,-0.00010934,27414.06266667,0.0009999999999923403,27.41406266646002,-0.002997453611950738,134509.92828686093
2023-08-30 00:00:00+00:00,4.868e-05,27701.79442353,0.0009999999999923403,27.70179442331781,0.0013485233525271111,134509.92693833756
2023-08-30 08:00:00+00:00,5.731e-05,27427.1,0.0009999999999923403,27.427099999789917,0.00157184710098796,134509.92536649047
2023-08-30 16:00:00+00:00,3.944e-05,27192.0,0.0009999999999923403,27.19199999979172,0.0010724524799917855,134509.92429403798
2023-08-31 00:00:00+00:00,2.909e-05,27290.5,0.0009999999999923403,27.290499999790963,0.0007938806449939191,134509.92350015734
2023-08-31 08:00:00+00:00,6.859e-05,27249.70684982,0.0009999999999923403,27.249706849611275,0.0018690573928148374,134509.92163109995
2023-08-31 16:00:00+00:00,8.105e-05,26912.6,0.0009999999999923403,26.91259999979386,0.0021812662299832922,134509.91944983372
2023-09-01 00:00:00+00:00,2.583e-05,25928.1,0.0009999999999923403,25.928099999801397,0.00066972282299487,134509.9187801109
2023-09-01 08:00:00+00:00,5.968e-05,25975.68258627,0.0009999999999923403,25.975682586071034,0.0015502287367367192,134509.91722988215
2023-09-01 16:00:00+00:00,6.254e-05,25802.02096471,0.0009999999999923403,25.802020964512362,0.001613658391120603,134509.91561622376
2023-09-02 00:00:00+00:00,4.998e-05,25795.6,0.0009999999999923403,25.795599999802413,0.0012892640879901246,134509.91432695967
2023-09-02 08:00:00+00:00,1.937e-05,25783.9,0.0009999999999923403,25.783899999802507,0.0004994341429961746,134509.91382752554
2023-09-02 16:00:00+00:00,-2.018e-05,25883.41475882,0.0009999999999923403,25.88341475862174,-0.0005223273098289867,134509.91434985286
2023-09-03 00:00:00+00:00,4.839e-05,25858.1647451,0.0009999999999923403,25.858164744901934,0.0012512765920058046,134509.91309857627
2023-09-03 08:00:00+00:00,2.35e-06,25941.4,0.0009999999999923403,25.9413999998013,6.096228999953305e-05,134509.913037614
2023-09-03 16:00:00+00:00,2.89e-05,25859.78109671,0.0009999999999923403,25.859781096511924,0.0007473476736891946,134509.9122902663
2023-09-04 00:00:00+00:00,2.69e-05,25962.1,0.0009999999999923403,25.962099999801136,0.0006983804899946506,134509.91159188582
2023-09-04 08:00:00+00:00,1.469e-05,25953.8,0.0009999999999923403,25.953799999801202,0.00038126132199707964,134509.9112106245
2023-09-04 16:00:00+00:00,-1.059e-05,25803.9,0.0009999999999923403,25.803899999802354,-0.0002732633009979069,134509.91148388782
2023-09-05 00:00:00+00:00,5.3e-07,25814.1,0.0009999999999923403,25.81409999980227,1.3681472999895204e-05,134509.91147020634
2023-09-05 08:00:00+00:00,1.975e-05,25724.74581373,0.0009999999999923403,25.724745813532955,0.0005080637298172758,134509.9109621426
2023-09-05 16:00:00+00:00,3.366e-05,25747.8,0.0009999999999923403,25.74779999980278,0.0008666709479933616,134509.91009547166
2023-09-06 00:00:00+00:00,1.737e-05,25779.7,0.0009999999999923403,25.77969999980254,0.00044779338899657013,134509.90964767826
2023-09-06 08:00:00+00:00,-2.763e-05,25715.0,0.0009999999999923403,25.714999999803034,-0.0007105054499945578,134509.9103581837
2023-09-06 16:00:00+00:00,2.135e-05,25576.3,0.0009999999999923403,25.576299999804093,0.0005460540049958174,134509.90981212968
2023-09-07 00:00:00+00:00,3.83e-05,25746.40366344,0.0009999999999923403,25.74640366324279,0.000986087260302199,134509.90882604243
2023-09-07 08:00:00+00:00,3.883e-05,25752.14359707,0.0009999999999923403,25.75214359687275,0.000999955735866569,134509.9078260867
2023-09-07 16:00:00+00:00,6.924e-05,25767.94131502,0.0009999999999923403,25.76794131482263,0.0017841722566383188,134509.90604191445
2023-09-08 00:00:00+00:00,-1.525e-05,26240.18847985,0.0009999999999923403,26.24018847964901,-0.0004001628743146474,134509.90644207734
2023-09-08 08:00:00+00:00,5.12e-06,26246.39955495,0.0009999999999923403,26.24639955474896,0.00013438156572031468,134509.90630769578
2023-09-08 16:00:00+00:00,-1.691e-05,25830.78610989,0.0009999999999923403,25.830786109692145,-0.00043679859311489413,134509.90674449436
2023-09-09 00:00:00+00:00,-5.057e-05,25899.96359705,0.0009999999999923403,25.899963596851613,-0.001309761159092786,134509.90805425553
2023-09-09 08:00:00+00:00,-3.77e-06,25873.97313553,0.0009999999999923403,25.873973135331813,-9.754487872020093e-05,134509.90815180042
2023-09-09 16:00:00+00:00,1.423e-05,25882.04935714,0.0009999999999923403,25.882049356941753,0.00036830156234928115,134509.90778349887
2023-09-10 00:00:00+00:00,-7.3e-07,25892.6,0.0009999999999923403,25.89259999980167,-1.890159799985522e-05,134509.90780240047
2023-09-10 08:00:00+00:00,3.294e-05,25843.0,0.0009999999999923403,25.842999999802053,0.0008512684199934796,134509.90695113206
2023-09-10 16:00:00+00:00,2.609e-05,25764.1,0.0009999999999923403,25.764099999802653,0.0006721853689948512,134509.9062789467
2023-09-11 00:00:00+00:00,-3e-06,25829.01832418,0.0009999999999923403,25.829018323982158,-7.748705497194648e-05,134509.90635643376
2023-09-11 08:00:00+00:00,1.823e-05,25801.99914695,0.0009999999999923403,25.801999146752365,0.00047037044444529563,134509.90588606332
2023-09-11 16:00:00+00:00,1.838e-05,25105.17999084,0.0009999999999923403,25.105179990647702,0.00046143320822810476,134509.90542463012
2023-09-12 00:00:00+00:00,2.73e-05,25153.11763919,0.6579999999999924,16550.751406586827,0.45183551339982037,134502.85583864627
2023-09-12 08:00:00+00:00,5.425e-05,25811.43293956,0.0009999999999923403,25.811432939362295,0.0014002702369604043,134519.8522848684
2023-09-12 16:00:00+00:00,-3.502e-05,26192.4,0.0009999999999923403,26.192399999799377,-0.0009172578479929742,134519.85320212625
2023-09-13 00:00:00+00:00,2.342e-05,25827.41124542,0.0009999999999923403,25.827411245222173,0.0006048779713631033,134519.85259724827
2023-09-13 08:00:00+00:00,1.26e-05,25865.8,0.0009999999999923403,25.865799999801876,0.0003259090799975036,134519.8522713392
2023-09-13 16:00:00+00:00,3.099e-05,26229.51078938,0.0009999999999923403,26.22951078917909,0.00081285253935666,134519.85145848664
2023-09-14 00:00:00+00:00,4.61e-06,26210.13048078,0.0009999999999923403,26.21013048057924,0.0001208287015154703,134519.85133765792
2023-09-14 08:00:00+00:00,3.428e-05,26333.3,0.0009999999999923403,26.333299999798296,0.0009027055239930855,134519.8504349524
2023-09-14 16:00:00+00:00,-4.748e-05,26680.0,0.0009999999999923403,26.67999999979564,-0.001266766399990297,134519.85170171878
2023-09-15 00:00:00+00:00,-2.641e-05,26510.3,0.0009999999999923403,26.51029999979694,-0.0007001370229946371,134519.8524018558
2023-09-15 08:00:00+00:00,-7.61e-06,26554.4,0.0009999999999923403,26.554399999796605,-0.00020207898399845215,134519.8526039348
2023-09-15 16:00:00+00:00,7.561e-05,26311.0,0.0009999999999923403,26.31099999979847,0.0019893747099847623,134519.85061456007
2023-09-16 00:00:00+00:00,-1.381e-05,26591.71941575,0.0009999999999923403,26.59171941554632,-0.00036723164512869464,134519.8509817917
2023-09-16 08:00:00+00:00,-4.32e-05,26486.0,0.0009999999999923403,26.485999999797126,-0.0011441951999912358,134519.85212598692
2023-09-16 16:00:00+00:00,-3.161e-05,26493.7,0.0009999999999923403,26.49369999979707,-0.0008374658569935853,134519.85296345278
2023-09-17 00:00:00+00:00,8.97e-06,26546.9,14.349999999999994,380948.0149999999,3.4171036945499993,134364.14473956183
2023-09-17 08:00:00+00:00,1.142e-05,26483.3525293,14.349999999999994,380036.10879545484,4.340012362444095,134359.8047271994
2023-09-17 16:00:00+00:00,6.49e-06,26537.0,14.349999999999994,380805.94999999984,2.4714306154999988,134357.3332965839
2023-09-18 00:00:00+00:00,-5.08e-06,26515.17594872,14.349999999999994,380492.7748641318,-1.9329032963097894,134359.26619988022
2023-09-18 08:00:00+00:00,5.79e-06,26701.7,14.349999999999994,383169.39499999984,2.218550797049999,134357.04764908316
2023-09-18 16:00:00+00:00,-6.774e-05,27258.7,22.153999999999996,603889.2397999999,-40.90745710405199,134313.08116927758
2023-09-19 00:00:00+00:00,2.468e-05,26752.1577098,4.303999999999995,115141.28678297908,2.841686957803924,134908.83712491026
2023-09-19 08:00:00+00:00,-1.972e-05,26836.1,4.303999999999995,115502.57439999985,-2.277710767167997,134911.11483567744
2023-09-19 16:00:00+00:00,-1.756e-05,27413.4,14.432999999999995,395657.60219999985,-6.947747494631998,134807.73851201037
2023-09-20 00:00:00+00:00,-2.614e-05,27196.0,14.432999999999995,392519.86799999984,-10.260469349519996,134817.99898135988
2023-09-20 08:00:00+00:00,-3.777e-05,27089.4,3.9459999999999953,106894.77239999989,-4.037415553547995,134672.6422676023
2023-09-20 16:00:00+00:00,-9.91e-06,27168.7,3.9459999999999953,107207.69019999988,-1.0624282098819988,134673.70469581216
2023-09-21 00:00:00+00:00,-2.9e-07,27110.7593022,3.762999999999995,102017.78725417846,-0.02958515830371175,132102.72810988192
2023-09-21 08:00:00+00:00,4.303e-05,26978.74320147,3.762999999999995,101521.01066713147,4.368449089006667,132098.35966079292
2023-09-21 16:00:00+00:00,7.429e-05,26568.6973663,0.0009999999999950604,26.56869736616876,0.001973788527332677,130429.65283640941
2023-09-22 00:00:00+00:00,-6.2e-07,26555.16476007,0.0009999999999950604,26.55516475993883,-1.6464202151162075e-05,130429.65285287361
2023-09-22 08:00:00+00:00,1.034e-05,26660.8,0.0009999999999950604,26.660799999868306,0.0002756726719986383,130429.65257720093
2023-09-22 16:00:00+00:00,2.136e-05,26620.0,0.0009999999999950604,26.619999999868508,0.0005686031999971913,130429.65200859774
2023-09-23 00:00:00+00:00,6.676e-05,26567.91292609,0.0009999999999950604,26.567912925958765,0.0017736738669370073,130429.65023492387
2023-09-23 08:00:00+00:00,1.556e-05,26572.12209158,0.0009999999999950604,26.572122091448744,0.00041346221974294245,130429.64982146166
2023-09-23 16:00:00+00:00,2.09e-06,26568.24006044,0.0009999999999950604,26.568240060308764,5.552762172604531e-05,130429.64976593404
2023-09-24 00:00:00+00:00,-1.392e-05,26563.48468674,0.0009999999999950604,26.56348468660879,-0.00036976370683759437,130429.65013569774
2023-09-24 08:00:00+00:00,4.721e-05,26552.76378256,0.0009999999999950604,26.55276378242884,0.0012535559781684654,130429.64888214176
2023-09-24 16:00:00+00:00,2.887e-05,26566.0,0.0009999999999950604,26.565999999868776,0.0007669604199962115,130429.64811518134
2023-09-25 00:00:00+00:00,-1.26e-05,26235.95855128,0.0009999999999950604,26.235958551150404,-0.00033057307774449505,130429.64844575441
2023-09-25 08:00:00+00:00,8.565e-05,26176.8,0.0009999999999950604,26.176799999870696,0.002242042919988925,130429.6462037115
2023-09-25 16:00:00+00:00,4.792e-05,26229.9,0.0009999999999950604,26.229899999870437,0.0012569368079937914,130429.64494677469
2023-09-26 00:00:00+00:00,-3.91e-05,26290.5,0.0009999999999950604,26.290499999870136,-0.0010279585499949223,130429.64597473324
2023-09-26 08:00:00+00:00,-1.215e-05,26258.02346154,0.0009999999999950604,26.258023461410296,-0.0003190349850561351,130429.64629376822
2023-09-26 16:00:00+00:00,5.626e-05,26116.47429304,0.0009999999999950604,26.116474292910993,0.0014693128437191724,130429.64482445538
2023-09-27 00:00:00+00:00,9.944e-05,26210.29943223,0.0009999999999950604,26.21029943210053,0.0026063521755280766,130429.6422181032
2023-09-27 08:00:00+00:00,3.378e-05,26236.04526972,0.0009999999999950604,26.236045269590406,0.0008862536092067639,130429.64133184959
2023-09-27 16:00:00+00:00,2.074e-05,26293.56958059,0.0009999999999950604,26.29356958046012,0.0005453286330987429,130429.64078652096
2023-09-28 00:00:00+00:00,6.74e-06,26359.7,0.0009999999999950604,26.359699999869793,0.0001776643779991224,130429.64060885659
2023-09-28 08:00:00+00:00,-1.581e-05,26445.6,0.0009999999999950604,26.44559999986937,-0.0004181049359979347,130429.64102696152
2023-09-28 16:00:00+00:00,-4.732e-05,27007.2,0.0009999999999950604,27.007199999866597,-0.0012779807039936873,130429.64230494222
2023-09-29 00:00:00+00:00,-3.894e-05,27011.7,0.0009999999999950604,27.011699999866572,-0.0010518355979948044,130429.64335677781
2023-09-29 08:00:00+00:00,-2.567e-05,27168.0,14.193999999999994,385622.59199999983,-9.898931936639995,130286.59538138486
2023-09-29 16:00:00+00:00,4.76e-06,26876.10932601,14.193999999999994,381479.49577338574,1.8158423998813162,130284.77953898498
2023-09-30 00:00:00+00:00,6.43e-06,26893.28041026,14.193999999999994,381723.22214323026,2.4544803183809707,130282.3250586666
2023-09-30 08:00:00+00:00,1.864e-05,26917.25087641,14.193999999999994,382063.45893976337,7.12166287463719,130275.20339579196
2023-09-30 16:00:00+00:00,1.525e-05,26986.2,14.193999999999994,383042.12279999984,5.841392372699997,130269.36200341926
2023-10-01 00:00:00+00:00,2.95e-06,26950.9,14.193999999999994,382541.0745999999,1.1284961700699996,130268.23350724918
2023-10-01 08:00:00+00:00,-6.19e-06,27094.70774176,14.193999999999994,384582.2816865413,-2.3805643236396903,130270.61407157283
2023-10-01 16:00:00+00:00,-2.263e-05,27137.81504762,14.193999999999994,385194.1467859181,-8.716943541765326,130279.33101511459
2023-10-02 00:00:00+00:00,5.831e-05,27981.4,14.193999999999994,397167.99159999983,23.15886559019599,130256.17214952438
2023-10-02 08:00:00+00:00,7.28e-06,28299.0,20.80499999999999,588760.6949999997,4.286177859599998,130370.50128183812
2023-10-02 16:00:00+00:00,-1.477e-05,28027.05361569,20.80499999999999,583102.8504744301,-8.612429101507333,130379.11371093962
2023-10-03 00:00:00+00:00,4.172e-05,27478.28842745,20.80499999999999,571685.7907330969,23.850731189384803,130355.26297975023
2023-10-03 08:00:00+00:00,1.667e-05,27528.0,11.618999999999991,319847.83199999976,5.331863359439996,132005.07413870769
2023-10-03 16:00:00+00:00,2.5e-05,27334.74590842,11.618999999999991,317602.4127099317,7.940060317748293,131997.13407838994
2023-10-04 00:00:00+00:00,6.031e-05,27414.5329707,11.618999999999991,318529.458586563,19.210511647355613,131977.92356674257
2023-10-04 08:00:00+00:00,6.2e-05,27441.9,0.00099999999999012,27.44189999972887,0.00170139779998319,133293.16163526772
2023-10-04 16:00:00+00:00,-2.857e-05,27390.15863004,12.77299999999999,349854.49618150067,-9.995342955905473,133162.27964743835
2023-10-05 00:00:00+00:00,-3.807e-05,27764.37527255,12.30399999999999,341612.8733534549,-13.00520208856603,131254.20197617757
2023-10-05 08:00:00+00:00,-4.268e-05,27595.4,12.30399999999999,339533.8015999997,-14.491302652287986,131268.69327882986
2023-10-05 16:00:00+00:00,-2.302e-05,27540.0,12.30399999999999,338852.15999999974,-7.800376723199994,131276.49365555306
2023-10-06 00:00:00+00:00,-1.106e-05,27398.3,3.603999999999989,98743.4731999997,-1.0921028135919968,130625.20282995576
2023-10-06 08:00:00+00:00,1.436e-05,27626.82137179,12.64599999999999,349368.78306765604,5.016935724851541,130520.56572833782
2023-10-06 16:00:00+00:00,-3.149e-05,27926.88251099,12.64599999999999,353163.3562339792,-11.121114087808005,130531.68684242564
2023-10-07 00:00:00+00:00,2.124e-05,27917.12965385,12.64599999999999,353040.02160258684,7.498570058838944,130524.1882723668
2023-10-07 08:00:00+00:00,2.849e-05,27879.6,12.64599999999999,352565.4215999997,10.04458886138399,130514.1436835054
2023-10-07 16:00:00+00:00,2.083e-05,27926.79759524,12.64599999999999,353162.2823894048,7.356370342171301,130506.78731316324
2023-10-08 00:00:00+00:00,3.14e-06,27943.0,12.64599999999999,353367.1779999997,1.109572938919999,130505.67774022432
2023-10-08 08:00:00+00:00,9.74e-06,27893.05385897,12.64599999999999,352735.55910053436,3.4356443456392047,130502.24209587868
2023-10-08 16:00:00+00:00,5.163e-05,27883.6,4.43499999999999,123663.76599999971,6.384760238579985,133025.03360604012
2023-10-09 00:00:00+00:00,3.992e-05,27904.73729804,4.43499999999999,123757.50991680712,4.94039979587894,133020.09320624423
2023-10-09 08:00:00+00:00,3.515e-05,27804.6,4.43499999999999,123313.4009999997,4.3344660451499895,133015.7587401991
2023-10-09 16:00:00+00:00,7.838e-05,27433.1,0.0009999999999896758,27.433099999716774,0.002150206377977801,132487.2159103691
2023-10-10 00:00:00+00:00,6.349e-05,27578.3,0.0009999999999896758,27.578299999715277,0.001750946266981923,132487.21415942282
2023-10-10 08:00:00+00:00,1.894e-05,27637.17494505,0.0009999999999896758,27.637174944764666,0.0005234480934538428,132487.2136359747
2023-10-10 16:00:00+00:00,4.548e-05,27395.6,0.0009999999999896758,27.39559999971716,0.0012459518879871364,132487.21239002282
2023-10-11 00:00:00+00:00,5.918e-05,27381.3,0.0009999999999896758,27.38129999971731,0.0016204253339832703,132487.21076959747
2023-10-11 08:00:00+00:00,8.33e-05,27012.8,0.0009999999999896758,27.012799999721114,0.002250166239976769,132487.20851943124
2023-10-11 16:00:00+00:00,6.319e-05,26769.76855495,0.0009999999999896758,26.76976855467362,0.001691581674969826,132487.20682784956
2023-10-12 00:00:00+00:00,0.0001,26870.70684902,0.0009999999999896758,26.870706848742582,0.002687070684874258,132487.20414077886
2023-10-12 08:00:00+00:00,2.661e-05,26799.3,0.0009999999999896758,26.799299999723317,0.0007131293729926375,132487.20342764948
2023-10-12 16:00:00+00:00,7.304e-05,26665.3,0.0009999999999896758,26.665299999724702,0.0019476335119798923,132487.20148001597
2023-10-13 00:00:00+00:00,2.294e-05,26748.7075696,0.0009999999999896758,26.74870756932384,0.0006136153516402889,132487.2008664006
2023-10-13 08:00:00+00:00,2.039e-05,26860.63060806,0.0009999999999896758,26.860630607782685,0.000547688258092689,132487.20031871236
2023-10-13 16:00:00+00:00,2.326e-05,26698.27319597,0.0009999999999896758,26.698273195694362,0.0006210018345318509,132487.19969771052
2023-10-14 00:00:00+00:00,1.05e-06,26849.7,0.0009999999999896758,26.849699999722798,2.8192184999708936e-05,132487.19966951833
2023-10-14 08:00:00+00:00,2.211e-05,26860.5,0.0009999999999896758,26.860499999722688,0.0005938856549938687,132487.19907563267
2023-10-14 16:00:00+00:00,2.456e-05,26928.5911902,0.0009999999999896758,26.928591189921985,0.0006613661996244839,132487.19841426646
2023-10-15 00:00:00+00:00,-1.509e-05,26838.83772157,0.0009999999999896758,26.838837721292908,-0.00040499806121431,132487.1988192645
2023-10-15 08:00:00+00:00,4.292e-05,26872.7,0.0009999999999896758,26.872699999722563,0.0011533762839880924,132487.19766588823
2023-10-15 16:00:00+00:00,2.224e-05,26885.69215018,0.0009999999999896758,26.885692149902425,0.00059793779341383,132487.19706795044
2023-10-16 00:00:00+00:00,5.11e-06,27140.0059024,0.0009999999999896758,27.140005902119803,0.0001386854301598322,132487.19692926502
2023-10-16 08:00:00+00:00,2.8e-07,27837.2,0.0009999999999896758,27.837199999712606,7.79441599991953e-06,132487.1969214706
2023-10-16 16:00:00+00:00,9.644e-05,28054.0,0.0009999999999896758,28.053999999710364,0.0027055277599720676,132487.19421594284
2023-10-17 00:00:00+00:00,2.04e-06,28486.4,12.77399999999999,363885.2735999997,0.7423259581439994,132341.0106594674
2023-10-17 08:00:00+00:00,1.493e-05,28408.2,12.77399999999999,362886.3467999997,5.417893157723995,132335.59276630968
2023-10-17 16:00:00+00:00,-2.311e-05,28449.22363004,12.77399999999999,363410.38265013066,-8.39841394304452,132343.99118025272
2023-10-18 00:00:00+00:00,-3.343e-05,28382.58328205,12.77399999999999,362559.11884490645,-12.120351342985222,132356.1115315957
2023-10-18 08:00:00+00:00,-1.216e-05,28485.1,10.066999999999991,286759.50169999973,-3.486995540671997,132085.75066226197
2023-10-18 16:00:00+00:00,1.644e-05,28235.4,10.066999999999991,284245.77179999975,4.673000488391995,132081.07766177357
2023-10-19 00:00:00+00:00,-1.028e-05,28307.2,10.066999999999991,284968.5823999998,-2.929477027071998,132084.00713880063
2023-10-19 08:00:00+00:00,-6.24e-06,28316.9,10.066999999999991,285066.23229999974,-1.7788132895519986,132085.7859520902
2023-10-19 16:00:00+00:00,-0.00011006,28661.39001961,10.066999999999991,288534.2133274136,-31.75607551881514,132117.54202760902
2023-10-20 00:00:00+00:00,-9.272e-05,28697.55523137,10.066999999999991,288898.28851420153,-26.78664931103677,132144.32867692006
2023-10-20 08:00:00+00:00,1.938e-05,29228.5,14.28899999999999,417646.03649999975,8.093980187369995,132086.87395001124
2023-10-20 16:00:00+00:00,2.687e-05,29538.7,14.28899999999999,422078.4842999997,11.341248873140993,132075.53270113812
2023-10-21 00:00:00+00:00,-1.585e-05,29656.9747674,14.28899999999999,423768.51245137834,-6.716730922354346,132082.24943206046
2023-10-21 08:00:00+00:00,4.374e-05,29681.8891337,14.28899999999999,424124.513831439,18.55120623498714,132063.69822582547
2023-10-21 16:00:00+00:00,5.827e-05,29923.54818132,14.28899999999999,427577.57996288117,24.91494558443709,132038.78328024104
2023-10-22 00:00:00+00:00,2.567e-05,29896.26248718,14.28899999999999,427187.69467931474,10.965908122418009,132027.81737211862
2023-10-22 08:00:00+00:00,2.579e-05,29801.02567216,11.608999999999991,345960.1070281052,8.922311160254832,135456.02528926698
2023-10-22 16:00:00+00:00,3.115e-05,29815.3,11.608999999999991,346125.8176999997,10.78181922135499,135445.24347004562
2023-10-23 00:00:00+00:00,8.25e-05,29981.4,11.608999999999991,348054.0725999997,28.714460989499976,135416.52900905613
2023-10-23 08:00:00+00:00,9.59e-05,30507.9,15.714999999999991,479431.6484999997,45.977495091149976,135320.08416605362
2023-10-23 16:00:00+00:00,6.48e-06,30866.0852033,15.714999999999991,485060.52896985924,3.143192227724688,135316.9409738259
2023-10-24 00:00:00+00:00,0.0001,33074.56494505,15.714999999999991,519766.78811146045,51.97667881114605,135264.96429501474
2023-10-24 08:00:00+00:00,0.0001,34024.31124902,15.714999999999991,534692.051278349,53.469205127834904,135211.4950898869
2023-10-24 16:00:00+00:00,0.0001,33664.6106337,15.714999999999991,529039.3561085953,52.90393561085953,135158.59115427604
2023-10-25 00:00:00+00:00,0.0001,33921.2,7.3439999999999905,249117.29279999965,24.911729279999967,172079.80484995613
2023-10-25 08:00:00+00:00,0.0001,33856.30075641,7.3439999999999905,248640.6727550747,24.86406727550747,172054.9407826806
2023-10-25 16:00:00+00:00,0.0001,34838.27186813,7.3439999999999905,255852.2685995464,25.58522685995464,172029.35555582066
2023-10-26 00:00:00+00:00,0.0001,34489.27810989,10.28699999999999,354791.2039164381,35.47912039164381,171952.8548435505
2023-10-26 08:00:00+00:00,0.0001,34649.01208791,7.69599999999999,266658.797028555,26.665879702855502,181312.58231927583
2023-10-26 16:00:00+00:00,0.0001,34048.7505641,7.69599999999999,262039.1843413133,26.20391843413133,181286.3784008417
2023-10-27 00:00:00+00:00,0.0001,34154.0,7.69599999999999,262849.18399999966,26.284918399999967,181260.0934824417
2023-10-27 08:00:00+00:00,0.0001,33951.52807875,7.69599999999999,261290.96009405967,26.12909600940597,181233.9643864323
2023-10-27 16:00:00+00:00,0.0001,34007.22749634,7.69599999999999,261719.6228118323,26.17196228118323,181207.7924241511
2023-10-28 00:00:00+00:00,0.0001,33893.1,7.69599999999999,260841.29759999964,26.084129759999964,181181.70829439108
2023-10-28 08:00:00+00:00,0.0001,34051.34715934,7.69599999999999,262059.16773828032,26.205916773828033,181155.50237761726
2023-10-28 16:00:00+00:00,0.0001,34199.30489194,7.69599999999999,263197.8504483699,26.319785044836994,181129.1825925724
2023-10-29 00:00:00+00:00,0.0001,34086.3234978,7.69599999999999,262328.34563906846,26.23283456390685,181102.9497580085
2023-10-29 08:00:00+00:00,0.0001,34084.78114919,7.69599999999999,262316.4757241659,26.23164757241659,181076.71811043608
2023-10-29 16:00:00+00:00,0.0001,34460.1,7.69599999999999,265204.9295999996,26.520492959999963,181050.19761747608
2023-10-30 00:00:00+00:00,0.0001,34528.5,7.69599999999999,265731.33599999966,26.573133599999966,181023.62448387608
2023-10-30 08:00:00+00:00,0.0001,34193.25417582,7.69599999999999,263151.2841371104,26.31512841371104,180997.30935546238
2023-10-30 16:00:00+00:00,0.0001,34664.5,7.69599999999999,266777.9919999997,26.67779919999997,180970.63155626238
2023-10-31 00:00:00+00:00,0.0001,34483.45963736,7.69599999999999,265384.7053691222,26.53847053691222,180944.09308572547
2023-10-31 08:00:00+00:00,0.0001,34149.46365245,7.69599999999999,262814.2722692549,26.28142722692549,180917.81165849854
2023-10-31 16:00:00+00:00,0.0001,34287.54619963,7.69599999999999,263876.9555523521,26.387695555235215,180891.4239629433
2023-11-01 00:00:00+00:00,0.0001,34651.4,7.69599999999999,266677.17439999967,26.66771743999997,180864.75624550332
2023-11-01 08:00:00+00:00,0.0001,34462.7,14.092999999999991,485682.83109999966,48.56828310999997,180728.0882988723
2023-11-01 16:00:00+00:00,0.0001,34297.0,14.092999999999991,483347.6209999997,48.33476209999997,180679.75353677227
2023-11-02 00:00:00+00:00,0.0001,35437.5,13.524999999999991,479292.1874999997,47.929218749999976,198661.98153428934
2023-11-02 08:00:00+00:00,0.0001,35280.7,17.440999999999992,615330.6886999997,61.53306886999997,198544.92874104128
2023-11-02 16:00:00+00:00,0.0001,34642.29050183,12.653999999999993,438363.5440101566,43.83635440101566,203207.40361763528
2023-11-03 00:00:00+00:00,0.0001,34938.71032967,3.533999999999992,123473.4023050535,12.34734023050535,206371.05636058355
2023-11-03 08:00:00+00:00,0.0001,34469.04963736,3.533999999999992,121813.62141842998,12.181362141842998,206358.8749984417
2023-11-03 16:00:00+00:00,0.0001,34760.894,0.0009999999999917852,34.76089399971445,0.0034760893999714448,206234.62220498655
2023-11-04 00:00:00+00:00,0.0001,34702.10187285,3.432999999999992,119132.31572949376,11.913231572949377,206174.98099805388
2023-11-04 08:00:00+00:00,0.0001,34759.1,3.432999999999992,119327.99029999971,11.932799029999972,206163.04819902388
2023-11-04 16:00:00+00:00,0.0001,34709.62453608,3.432999999999992,119158.14103236236,11.915814103236237,206151.13238492064
2023-11-05 00:00:00+00:00,0.0001,35070.25307143,0.0009999999999918963,35.0702530711458,0.0035070253071145803,205922.02805636945
2023-11-05 08:00:00+00:00,0.0001,35175.4,0.0009999999999918963,35.17539999971495,0.003517539999971495,205922.02453882946
2023-11-05 16:00:00+00:00,0.0001,34893.9,0.0009999999999918963,34.89389999971723,0.003489389999971723,205922.02104943947
2023-11-06 00:00:00+00:00,0.0001,35025.5,0.0009999999999918963,35.02549999971616,0.003502549999971616,205922.01754688946
2023-11-06 08:00:00+00:00,0.0001,34918.5,0.0009999999999918963,34.91849999971703,0.003491849999971703,205922.01405503947
2023-11-06 16:00:00+00:00,0.0001,35085.27989377,0.0009999999999918963,35.085279893485676,0.003508527989348568,205922.01054651148
2023-11-07 00:00:00+00:00,0.0001,35056.66628082,0.0009999999999918963,35.05666628053591,0.003505666628053591,205922.00704084485
2023-11-07 08:00:00+00:00,0.0001,34947.3,0.0009999999999918963,34.9472999997168,0.00349472999997168,205922.00354611487
2023-11-07 16:00:00+00:00,0.0001,34726.94457255,0.0009999999999918963,34.72694457226858,0.003472694457226858,205922.0000734204
2023-11-08 00:00:00+00:00,0.0001,35407.4,0.0009999999999918963,35.40739999971307,0.0035407399999713074,205921.9965326804
2023-11-08 08:00:00+00:00,0.0001,35239.5,0.0009999999999918963,35.239499999714425,0.0035239499999714426,205921.9930087304
2023-11-08 16:00:00+00:00,0.0001,35231.3,0.0009999999999918963,35.231299999714494,0.0035231299999714497,205921.9894856004
2023-11-09 00:00:00+00:00,0.0001,35630.54451373,0.0009999999999918963,35.63054451344126,0.003563054451344126,205921.98592254595
2023-11-09 08:00:00+00:00,0.0001,36550.6,0.0009999999999918963,36.5505999997038,0.00365505999997038,205921.98226748596
2023-11-09 16:00:00+00:00,0.00020027,37132.32566863,16.12099999999999,598610.222103984,119.88366918076487,205564.74370172946
2023-11-10 00:00:00+00:00,0.0001,36716.02090392,9.210999999999991,338191.26854600676,33.819126854600675,202453.76905090688
2023-11-10 08:00:00+00:00,0.00011682,36477.27099789,9.210999999999991,335992.1431615645,39.25060216413396,202414.51844874275
2023-11-10 16:00:00+00:00,0.0001,37092.5,9.210999999999991,341659.01749999967,34.16590174999997,202380.35254699274
2023-11-11 00:00:00+00:00,0.0001,37326.219,9.210999999999991,343811.8032089996,34.381180320899965,202345.97136667185
2023-11-11 08:00:00+00:00,0.00016607,37030.4,10.076999999999991,373155.34079999966,61.96990744665594,202271.16013029616
2023-11-11 16:00:00+00:00,0.00014648,37070.4,10.076999999999991,373558.4207999997,54.718837478783946,202216.44129281738
2023-11-12 00:00:00+00:00,0.0001543,37162.0,10.076999999999991,374481.4739999997,57.782491438199955,202158.65880137918
2023-11-12 08:00:00+00:00,0.00023487,37154.1,10.076999999999991,374401.8656999997,87.93576619695892,202070.72303518222
2023-11-12 16:00:00+00:00,0.00027221,37178.2,10.076999999999991,374644.72139999963,101.9820396122939,201968.74099556994
2023-11-13 00:00:00+00:00,0.00032467,37086.1136451,10.076999999999991,373716.76720167237,121.33462280736697,201847.40637276258
2023-11-13 08:00:00+00:00,0.00010893,36982.5,10.076999999999991,372672.6524999997,40.59523203682497,201806.81114072574
2023-11-13 16:00:00+00:00,0.00020492,36869.38523137,10.076999999999991,371532.7949765151,76.13450034658749,201730.67664037916
2023-11-14 00:00:00+00:00,0.00017382,36484.2307384,10.076999999999991,367651.5931508565,63.90519992148188,201666.77144045767
2023-11-14 08:00:00+00:00,0.00016369,36705.5,0.0009999999999912301,36.705499999678096,0.006008323294947307,197936.64850808214
2023-11-14 16:00:00+00:00,0.00014477,36164.43041373,0.0009999999999912301,36.164430413412845,0.005235524590949778,197936.64327255756
2023-11-15 00:00:00+00:00,0.0001,35560.6,0.40299999999999125,14330.921799999689,1.433092179999969,197929.53228409684
2023-11-15 08:00:00+00:00,0.0001,35596.7,0.40299999999999125,14345.470099999688,1.4345470099999689,197928.09773708685
2023-11-15 16:00:00+00:00,0.0001,36415.39262887,0.0009999999999912301,36.41539262855064,0.003641539262855064,198034.5928139923
2023-11-16 00:00:00+00:00,0.0001,37885.71527663,9.86399999999999,373704.69548867794,37.370469548867796,197849.1409138245
2023-11-16 08:00:00+00:00,0.00015199,37460.6,9.86399999999999,369511.3583999996,56.162031363215945,197792.97888246126
2023-11-16 16:00:00+00:00,0.00012014,36420.0,9.86399999999999,359246.87999999966,43.159920163199956,197749.81896229807
2023-11-17 00:00:00+00:00,0.0001,36172.50061684,0.000999999999990564,36.172500616498674,0.0036172500616498677,186577.89636035956
2023-11-17 08:00:00+00:00,0.0001,36249.70373368,0.000999999999990564,36.249703733337945,0.003624970373333795,186577.89273538918
2023-11-17 16:00:00+00:00,0.0001,36059.0,0.000999999999990564,36.05899999965975,0.0036058999999659747,186577.88912948917
2023-11-18 00:00:00+00:00,0.0001,36622.0,0.000999999999990564,36.621999999654435,0.0036621999999654434,186577.88546728916
2023-11-18 08:00:00+00:00,0.0001,36424.88688316,0.000999999999990564,36.424886882816295,0.0036424886882816298,186577.88182480048
2023-11-18 16:00:00+00:00,0.0001,36671.96767869,0.000999999999990564,36.67196767834397,0.003667196767834397,186577.87815760373
2023-11-19 00:00:00+00:00,0.0001,36575.50541573,0.000999999999990564,36.57550541538487,0.003657550541538487,186577.87450005318
2023-11-19 08:00:00+00:00,0.0001,36618.92686254,0.000999999999990564,36.61892686219446,0.0036618926862194466,186577.87083816048
2023-11-19 16:00:00+00:00,0.0001,36575.1,0.000999999999990564,36.575099999654874,0.0036575099999654878,186577.86718065047
2023-11-20 00:00:00+00:00,0.0001,37375.8,0.000999999999990564,37.37579999964733,0.003737579999964733,186577.86344307047
2023-11-20 08:00:00+00:00,0.0001,37259.9,0.000999999999990564,37.25989999964842,0.003725989999964842,186577.85971708046
2023-11-20 16:00:00+00:00,0.0001,37476.6,0.000999999999990564,37.47659999964637,0.003747659999964637,186577.85596942046
2023-11-21 00:00:00+00:00,0.0001,37465.47965292,0.000999999999990564,37.46547965256648,0.0037465479652566483,186577.8522228725
2023-11-21 08:00:00+00:00,0.0001,37290.96343471,0.000999999999990564,37.29096343435812,0.0037290963434358122,186577.84849377614
2023-11-21 16:00:00+00:00,0.0001,36978.4557732,0.000999999999990564,36.97845577285107,0.0036978455772851073,186577.84479593055
2023-11-22 00:00:00+00:00,0.0001,35745.39198625,0.000999999999990564,35.745391985912704,0.0035745391985912704,186577.84122139134
2023-11-22 08:00:00+00:00,0.0001,36435.97590206,0.000999999999990564,36.43597590171619,0.003643597590171619,186577.83757779375
2023-11-22 16:00:00+00:00,0.0001,36480.73824742,0.000999999999990564,36.48073824707576,0.0036480738247075765,186577.83392971993
2023-11-23 00:00:00+00:00,0.0001,37412.2,0.000999999999990564,37.41219999964697,0.0037412199999646975,186577.83018849994
2023-11-23 08:00:00+00:00,0.0001,37378.5,0.000999999999990564,37.378499999647296,0.0037378499999647296,186577.82645064994
2023-11-23 16:00:00+00:00,0.0001,36954.0,0.000999999999990564,36.9539999996513,0.0036953999999651305,186577.82275524994
2023-11-24 00:00:00+00:00,0.0001,37294.4,0.000999999999990564,37.29439999964809,0.0037294399999648095,186577.81902580993
2023-11-24 08:00:00+00:00,0.0001,37530.0,0.000999999999990564,37.52999999964587,0.0037529999999645867,186577.81527280994
2023-11-24 16:00:00+00:00,0.0001,38221.9,0.000999999999990564,38.22189999963934,0.0038221899999639343,186577.81145061995
2023-11-25 00:00:00+00:00,0.0001,37706.33040034,0.000999999999990564,37.7063303999842,0.0037706330399984206,186577.8076799869
2023-11-25 08:00:00+00:00,0.0001,37795.14484536,0.000999999999990564,37.795144845003364,0.0037795144845003364,186577.8039004724
2023-11-25 16:00:00+00:00,0.0001,37696.48055326,0.000999999999990564,37.6964805529043,0.00376964805529043,186577.80013082435
2023-11-26 00:00:00+00:00,0.0001,37766.63934748,0.000999999999990564,37.76663934712363,0.003776663934712363,186577.7963541604
2023-11-26 08:00:00+00:00,0.0001,37774.46133566,0.000999999999990564,37.77446133530356,0.0037774461335303563,186577.79257671427
2023-11-26 16:00:00+00:00,0.0001,37422.79351203,0.000999999999990564,37.42279351167688,0.003742279351167688,186577.78883443493
2023-11-27 00:00:00+00:00,0.0001,37438.0,0.000999999999990564,37.437999999646735,0.0037437999999646735,186577.78509063492
2023-11-27 08:00:00+00:00,0.0001,37276.8655756,0.000999999999990564,37.27686557524826,0.0037276865575248262,186577.78136294836
2023-11-27 16:00:00+00:00,0.0001,36744.68396735,0.000999999999990564,36.744683967003276,0.0036744683967003277,186577.77768847995
2023-11-28 00:00:00+00:00,0.0001,37234.3,0.000999999999990564,37.23429999964866,0.0037234299999648664,186577.77396504994
2023-11-28 08:00:00+00:00,0.0001,37088.6,0.000999999999990564,37.08859999965003,0.0037088599999650033,186577.77025618995
2023-11-28 16:00:00+00:00,0.0001,37502.2,0.000999999999990564,37.50219999964612,0.0037502199999646124,186577.76650596995
2023-11-29 00:00:00+00:00,0.0001,37812.0,0.000999999999990564,37.811999999643206,0.003781199999964321,186577.76272476994
2023-11-29 08:00:00+00:00,0.0001,38095.42608247,0.000999999999990564,38.095426082110535,0.0038095426082110535,186577.75891522734
2023-11-29 16:00:00+00:00,0.0001,37817.5,0.000999999999990564,37.817499999643154,0.0037817499999643154,186577.75513347733
2023-11-30 00:00:00+00:00,0.0001,37841.92721631,0.000999999999990564,37.84192721595293,0.003784192721595293,186577.7513492846
2023-11-30 08:00:00+00:00,0.0001,37782.30000355,0.000999999999990564,37.782300003193484,0.0037782300003193488,186577.7475710546
2023-11-30 16:00:00+00:00,0.0001,37609.2,0.000999999999990564,37.609199999645114,0.0037609199999645115,186577.74381013462
2023-12-01 00:00:00+00:00,0.0001,37716.8,0.000999999999990564,37.71679999964411,0.003771679999964411,186577.74003845462
2023-12-01 08:00:00+00:00,0.0001,38241.69935461,0.000999999999990564,38.24169935424915,0.003824169935424915,186577.7362142847
2023-12-01 16:00:00+00:00,0.0001,38401.4,0.000999999999990564,38.40139999963765,0.003840139999963765,186577.7323741447
2023-12-02 00:00:00+00:00,9.95e-05,38661.09287589,12.38699999999999,478894.957453649,47.65004826663808,186338.1346215648
2023-12-02 08:00:00+00:00,6.973e-05,38684.0,12.38699999999999,479178.7079999996,33.41313130883997,186304.72149025596
2023-12-02 16:00:00+00:00,8.541e-05,38794.48514894,12.38699999999999,480547.28753991943,41.043543828784514,186263.67794642717
2023-12-03 00:00:00+00:00,0.0001,39438.73455824,17.78099999999999,701260.1391800651,70.12601391800652,186108.49196251456
2023-12-03 08:00:00+00:00,0.0001,39474.0,13.49799999999999,532820.0519999997,53.28200519999997,187781.71248990804
2023-12-03 16:00:00+00:00,0.0001,39758.35522727,18.490999999999985,735171.7465074491,73.5171746507449,187629.34842286867
2023-12-04 00:00:00+00:00,0.0001,39978.96550379,14.362999999999985,574217.8815309352,57.42178815309352,189412.05011863774
2023-12-04 08:00:00+00:00,0.0001,41466.20294697,18.447999999999986,764968.5119657019,76.49685119657019,189270.21375883804
2023-12-04 16:00:00+00:00,0.0001,41275.5,18.447999999999986,761450.4239999994,76.14504239999995,189194.06871643805
2023-12-05 00:00:00+00:00,0.0001,41993.0,18.447999999999986,774686.8639999995,77.46868639999995,189116.60003003804
2023-12-05 08:00:00+00:00,0.0001,41531.28271631,18.447999999999986,766169.1035504863,76.61691035504863,189039.983119683
2023-12-05 16:00:00+00:00,0.0001,42265.96340426,18.447999999999986,779722.4928817879,77.9722492881788,188962.01087039482
2023-12-06 00:00:00+00:00,0.0001,44078.62530142,18.447999999999986,813162.4795605955,81.31624795605956,188880.69462243875
2023-12-06 08:00:00+00:00,0.0001,43697.0,18.447999999999986,806122.2559999994,80.61222559999995,188800.08239683876
2023-12-06 16:00:00+00:00,0.0001,43795.3,18.447999999999986,807935.6943999995,80.79356943999996,188719.28882739876
2023-12-07 00:00:00+00:00,0.0001,43772.2,18.447999999999986,807509.5455999994,80.75095455999994,188638.53787283876
2023-12-07 08:00:00+00:00,0.0001,43896.71856988,18.447999999999986,809806.6641771457,80.98066641771457,188557.55720642104
2023-12-07 16:00:00+00:00,0.0001,43673.33865248,12.195999999999986,532640.0382056455,53.264003820564554,212835.8729542969
2023-12-08 00:00:00+00:00,0.0001,43296.0,12.195999999999986,528038.0159999994,52.803801599999936,212783.0691526969
2023-12-08 08:00:00+00:00,0.00023288,43184.9,12.195999999999986,526683.0403999994,122.65394644835186,212660.41520624855
2023-12-08 16:00:00+00:00,0.00020242,43778.5,12.195999999999986,533922.5859999993,108.07660985811987,212552.33859639044
2023-12-09 00:00:00+00:00,0.00011504,44209.6,12.195999999999986,539180.2815999993,62.02729959526392,212490.31129679517
2023-12-09 08:00:00+00:00,0.00030159,44220.6,12.195999999999986,539314.4375999994,162.65184123578382,212327.6594555594
2023-12-09 16:00:00+00:00,0.00017192,44085.16812838,12.195999999999986,537662.7104937219,92.43497318808066,212235.2244823713
2023-12-10 00:00:00+00:00,0.00020724,43734.3,12.195999999999986,533383.5227999995,110.53840126507188,212124.68608110622
2023-12-10 08:00:00+00:00,0.00020383,43995.9,12.195999999999986,536573.9963999994,109.36987768621188,212015.31620342002
2023-12-10 16:00:00+00:00,0.00023923,43940.82247727,12.195999999999986,535902.2709327843,128.20390027525,211887.11230314476
2023-12-11 00:00:00+00:00,0.0001473,43810.0,12.195999999999986,534306.7599999993,78.7033857479999,211808.40891739677
2023-12-11 08:00:00+00:00,0.0001,42134.14321631,0.000999999999985235,42.13414321568789,0.004213414321568789,248309.08176144058
2023-12-11 16:00:00+00:00,0.0001,41824.6,0.000999999999985235,41.82459999938246,0.004182459999938246,248309.0775789806
2023-12-12 00:00:00+00:00,0.0001,41271.0,0.000999999999985235,41.27099999939063,0.004127099999939063,248309.0734518806
2023-12-12 08:00:00+00:00,0.0001,41930.0,0.000999999999985235,41.9299999993809,0.00419299999993809,248309.0692588806
2023-12-12 16:00:00+00:00,0.0001,41374.00626894,0.000999999999985235,41.37400626832911,0.004137400626832911,248309.06512147997
2023-12-13 00:00:00+00:00,0.00011909,41505.95139716,0.000999999999985235,41.50595139654716,0.004942943751814801,248309.06017853622
2023-12-13 08:00:00+00:00,0.00010162,41141.22272695,0.000999999999985235,41.14122272634255,0.00418077105345093,248309.05599776516
2023-12-13 16:00:00+00:00,0.00012601,41953.70580496,0.000999999999985235,41.95370580434055,0.005286586468404952,248309.0507111787
2023-12-14 00:00:00+00:00,0.0001,42874.9,0.000999999999985235,42.87489999936695,0.004287489999936695,248309.04642368868
2023-12-14 08:00:00+00:00,0.0001,42909.64841135,0.7259999999999852,31152.404746639462,3.1152404746639464,248293.49563964177
2023-12-14 16:00:00+00:00,0.0001,42458.23380496,3.0689999999999853,130304.31954742162,13.030431954742163,248239.90702282175
2023-12-15 00:00:00+00:00,0.0001,43030.02054255,0.000999999999985235,43.03002054191466,0.004303002054191466,245930.56208977054
2023-12-15 08:00:00+00:00,0.0001,42721.73764894,0.000999999999985235,42.72173764830921,0.0042721737648309215,245930.55781759677
2023-12-15 16:00:00+00:00,0.0001,41930.4,0.000999999999985235,41.930399999380896,0.00419303999993809,245930.55362455678
2023-12-16 00:00:00+00:00,0.0001,41963.01760993,0.000999999999985235,41.96301760931041,0.004196301760931042,245930.549428255
2023-12-16 08:00:00+00:00,0.0001,42242.61728092,0.000999999999985235,42.24261728029629,0.004224261728029629,245930.54520399327
2023-12-16 16:00:00+00:00,0.0001,42614.2,0.000999999999985235,42.6141999993708,0.00426141999993708,245930.54094257328
2023-12-17 00:00:00+00:00,0.0001,42287.4,0.000999999999985235,42.28739999937562,0.004228739999937563,245930.53671383328
2023-12-17 08:00:00+00:00,0.0001,41894.5,0.000999999999985235,41.89449999938142,0.004189449999938142,245930.53252438328
2023-12-17 16:00:00+00:00,0.0001,41828.4,0.000999999999985235,41.828399999382405,0.0041828399999382405,245930.52834154328
2023-12-18 00:00:00+00:00,0.00013355,41390.59169858,0.000999999999985235,41.390591697968866,0.0055277135212637414,245930.52281382977
2023-12-18 08:00:00+00:00,0.0001,41153.28794086,0.000999999999985235,41.15328794025237,0.004115328794025237,245930.51869850096
2023-12-18 16:00:00+00:00,0.00015611,41284.67062411,0.000999999999985235,41.284670623500425,0.0064449499310346514,245930.51225355105
2023-12-19 00:00:00+00:00,0.0001,42672.42150355,0.000999999999985235,42.67242150291994,0.004267242150291994,245930.5079863089
2023-12-19 08:00:00+00:00,0.0001,43060.97652128,10.836999999999986,466651.8025611107,46.66518025611107,245698.84887956778
2023-12-19 16:00:00+00:00,0.0001,42512.9,10.836999999999986,460712.2972999994,46.07122972999994,245652.77764983778
2023-12-20 00:00:00+00:00,0.00010506,42296.25497656,0.000999999999985679,42.29625497595428,0.004443644547773756,243154.74189977007
2023-12-20 08:00:00+00:00,0.0001,42950.0,0.000999999999985679,42.949999999384914,0.004294999999938491,243154.73760477008
2023-12-20 16:00:00+00:00,0.00023637,44072.24884043,11.146999999999986,491273.3578242726,116.12228358892331,242846.9814301095
2023-12-21 00:00:00+00:00,0.00027143,43698.37531584,11.146999999999986,487105.7896456679,132.21512448352365,242714.766305626
2023-12-21 08:00:00+00:00,0.00029216,43794.8,11.016999999999987,482487.3115999995,140.96349295705585,242662.61161076513
2023-12-21 16:00:00+00:00,0.00028948,43850.89671986,11.016999999999987,483105.3291626971,139.84933068601754,242522.76228007913
2023-12-22 00:00:00+00:00,0.00030806,43896.3,11.016999999999987,483605.53709999943,148.9795217590258,242373.7827583201
2023-12-22 08:00:00+00:00,0.0002961,43614.1,11.016999999999987,480496.53969999944,142.27502540516983,242231.50773291494
2023-12-22 16:00:00+00:00,0.00018011,43697.08803191,11.016999999999987,481410.81884755194,86.70690258263258,242144.8008303323
2023-12-23 00:00:00+00:00,0.00016285,43998.57487234,11.016999999999987,484732.2993685692,78.9386549521715,242065.86217538014
2023-12-23 08:00:00+00:00,0.0001,43579.4605307,11.016999999999987,480114.91666672134,48.011491666672136,242017.85068371348
2023-12-23 16:00:00+00:00,0.00015066,43779.60871631,11.016999999999987,482319.94922758674,72.66632355062822,241945.18436016285
2023-12-24 00:00:00+00:00,0.0001,43725.2,11.016999999999987,481720.5283999994,48.17205283999994,241897.01230732285
2023-12-24 08:00:00+00:00,0.0002079,43678.0138899,11.016999999999987,481200.6790250277,100.04162116930327,241796.97068615354
2023-12-24 16:00:00+00:00,0.00019729,43707.0,4.112999999999987,179766.89099999945,35.46620992538989,246281.1987608902
2023-12-25 00:00:00+00:00,0.0001,43008.3,0.0009999999999870113,43.00829999944138,0.004300829999944138,248817.5521543942
2023-12-25 08:00:00+00:00,0.0001,43232.18695035,0.0009999999999870113,43.23218694978847,0.004323218694978847,248817.5478311755
2023-12-25 16:00:00+00:00,0.00037908,43658.66589362,0.0009999999999870113,43.65866589305293,0.016550127066738505,248817.53128104843
2023-12-26 00:00:00+00:00,0.00043391,43607.90541195,0.0009999999999870113,43.60790541138359,0.018921906237053455,248817.5123591422
2023-12-26 08:00:00+00:00,0.00023757,42798.6347803,0.0009999999999870113,42.798634779744106,0.010167671664623807,248817.50219147053
2023-12-26 16:00:00+00:00,0.00029559,42420.52598582,0.0009999999999870113,42.42052598526901,0.012539083275985666,248817.48965238724
2023-12-27 00:00:00+00:00,0.00027621,42538.5,0.0009999999999870113,42.53849999944748,0.011749559084847387,248817.47790282816
2023-12-27 08:00:00+00:00,0.00037942,42495.9,0.0009999999999870113,42.495899999448035,0.016123794377790573,248817.4617790338
2023-12-27 16:00:00+00:00,0.00032304,43007.9,0.0009999999999870113,43.007899999441385,0.013893272015819545,248817.44788576177
2023-12-28 00:00:00+00:00,0.00013021,43453.337,0.0009999999999870113,43.4533369994356,0.005658059010696509,248817.44222770276
2023-12-28 08:00:00+00:00,0.00037879,43085.57530142,0.0009999999999870113,43.08557530086038,0.0163203850682129,248817.4259073177
2023-12-28 16:00:00+00:00,0.00050152,42485.19706383,0.0009999999999870113,42.48519706327817,0.021307176031175268,248817.40460014166
2023-12-29 00:00:00+00:00,0.0005517,42600.0,0.0009999999999870113,42.59999999944668,0.023502419999694733,248817.38109772166
2023-12-29 08:00:00+00:00,0.00049912,42309.51908156,0.0009999999999870113,42.30951908101046,0.021117527163713942,248817.3599801945
2023-12-29 16:00:00+00:00,0.00047082,42300.15579787,0.0009999999999870113,42.30015579732058,0.019915759352494473,248817.34006443515
2023-12-30 00:00:00+00:00,0.00033033,42095.1,0.0009999999999870113,42.09509999945324,0.013905274382819388,248817.32615916076
2023-12-30 08:00:00+00:00,0.0004358,41979.90052482,0.0009999999999870113,41.97990052427473,0.01829484064847893,248817.30786432012
2023-12-30 16:00:00+00:00,0.00037842,42410.4,0.0009999999999870113,42.41039999944915,0.016048943567791546,248817.29181537655
2023-12-31 00:00:00+00:00,0.00027855,42173.50049291,0.0009999999999870113,42.17350049236222,0.011747428562147498,248817.28006794798
2023-12-31 08:00:00+00:00,0.00034573,42564.0,0.0009999999999870113,42.56399999944715,0.014715651719808862,248817.26535229626
2023-12-31 16:00:00+00:00,0.00033597,42489.7,0.0009999999999870113,42.48969999944811,0.014275264508814582,248817.25107703175
2024-01-01 00:00:00+00:00,0.00037409,42313.9,0.0009999999999870113,42.3138999994504,0.0158292068507944,248817.2352478249
2024-01-01 08:00:00+00:00,0.00027213,42525.11019858,0.0009999999999870113,42.525110198027654,0.011572358238189265,248817.22367546667
2024-01-01 16:00:00+00:00,0.00033601,42811.29637234,0.0009999999999870113,42.81129637178394,0.01438502369388312,248817.20929044296
2024-01-02 00:00:00+00:00,0.00065846,44230.2,0.0009999999999870113,44.2301999994255,0.02912381749162172,248817.18016662548
2024-01-02 08:00:00+00:00,0.00035179,45494.64708156,0.0009999999999870113,45.49464708096908,0.016004561896614113,248817.1641620636
2024-01-02 16:00:00+00:00,0.0005373,45212.27632624,0.0009999999999870113,45.212276325652745,0.02429255606977322,248817.13986950752
2024-01-03 00:00:00+00:00,0.00021159,44975.18398936,4.598999999999985,206840.87116706595,43.76545993023949,245887.85189175798
2024-01-03 08:00:00+00:00,0.00017123,45030.4,4.625999999999989,208310.6303999995,35.66902924339191,247149.7466688743
2024-01-03 16:00:00+00:00,0.0001,42995.8,0.0009999999999887876,42.99579999951792,0.004299579999951792,231050.29832624298
2024-01-04 00:00:00+00:00,0.0001,42849.5,0.0009999999999887876,42.84949999951956,0.004284949999951956,231050.29404129297
2024-01-04 08:00:00+00:00,0.0001,42772.61299645,0.0009999999999887876,42.77261299597042,0.004277261299597043,231050.28976403168
2024-01-04 16:00:00+00:00,0.0001,44048.47574468,0.0009999999999887876,44.04847574418611,0.0044048475744186116,231050.2853591841
2024-01-05 00:00:00+00:00,0.0001,44147.0,0.0009999999999887876,44.146999999505006,0.004414699999950501,231050.2809444841
2024-01-05 08:00:00+00:00,0.0001,43772.86349645,0.0009999999999887876,43.77286349595921,0.004377286349595921,231050.27656719775
2024-01-05 16:00:00+00:00,0.0001,43495.1,0.0009999999999887876,43.49509999951231,0.004349509999951232,231050.27221768774
2024-01-06 00:00:00+00:00,0.0001,44143.29,0.0009999999999887876,44.14328999950505,0.0044143289999505056,231050.26780335873
2024-01-06 08:00:00+00:00,0.0001,43651.6537695,0.0009999999999887876,43.651653769010565,0.004365165376901057,231050.26343819336
2024-01-06 16:00:00+00:00,0.0001,43863.6,0.0009999999999887876,43.86359999950818,0.004386359999950819,231050.25905183336
2024-01-07 00:00:00+00:00,0.0001,43960.4300922,0.0009999999999887876,43.960430091707096,0.00439604300917071,231050.25465579034
2024-01-07 08:00:00+00:00,0.0001,44071.99074823,0.0009999999999887876,44.071990747735846,0.0044071990747735846,231050.25024859127
2024-01-07 16:00:00+00:00,0.0001,44037.12014539,0.0009999999999887876,44.03712014489624,0.0044037120144896245,231050.24584487925
2024-01-08 00:00:00+00:00,0.0001,43916.9,0.0009999999999887876,43.91689999950759,0.004391689999950759,231050.24145318926
2024-01-08 08:00:00+00:00,0.0001,43970.0,0.0009999999999887876,43.969999999506996,0.0043969999999507,231050.23705618925
2024-01-08 16:00:00+00:00,0.0001,44964.26529433,0.0009999999999887876,44.96426529382584,0.004496426529382584,231050.23255976272
2024-01-09 00:00:00+00:00,0.0001,46972.6,0.0009999999999887876,46.972599999473324,0.004697259999947333,231050.2278625027
2024-01-09 08:00:00+00:00,0.0001,46838.74650709,0.0009999999999887876,46.838746506564824,0.004683874650656483,231050.22317862805
2024-01-09 16:00:00+00:00,0.0001,46872.4,0.0009999999999887876,46.87239999947445,0.004687239999947445,231050.21849138805
2024-01-10 00:00:00+00:00,0.0001,46114.0,0.0009999999999887876,46.11399999948296,0.004611399999948296,231050.21387998803
2024-01-10 08:00:00+00:00,0.0001,45766.4,0.0009999999999887876,45.76639999948685,0.004576639999948685,231050.20930334803
2024-01-10 16:00:00+00:00,0.0001,45570.70327083,0.0009999999999887876,45.57070327031905,0.004557070327031905,231050.2047462777
2024-01-11 00:00:00+00:00,0.0001,46657.58933688,0.0009999999999887876,46.657589336356864,0.004665758933635687,231050.20008051879
2024-01-11 08:00:00+00:00,0.0001,46096.00527305,0.0009999999999887876,46.096005272533155,0.004609600527253316,231050.19547091826
2024-01-11 16:00:00+00:00,0.0001,46789.70540426,0.0009999999999887876,46.789705403735375,0.004678970540373538,231050.1907919477
2024-01-12 00:00:00+00:00,0.0001,46341.69723404,0.0009999999999887876,46.3416972335204,0.00463416972335204,231050.186157778
2024-01-12 08:00:00+00:00,0.0001,46008.31871986,0.0009999999999887876,46.00831871934414,0.004600831871934414,231050.18155694613
2024-01-12 16:00:00+00:00,0.0001,44492.64061702,0.0009999999999887876,44.49264061652113,0.004449264061652113,231050.17710768207
2024-01-13 00:00:00+00:00,0.0001,42789.0,0.0009999999999887876,42.788999999520236,0.004278899999952024,231050.17282878206
2024-01-13 08:00:00+00:00,0.0001,43102.1,0.2219999999999888,9568.666199999516,0.9568666199999516,231045.44735141803
2024-01-13 16:00:00+00:00,0.0001,43159.76276596,0.2219999999999888,9581.467334042636,0.9581467334042637,231044.48920468462
2024-01-14 00:00:00+00:00,0.0001,42847.30638298,0.2219999999999888,9512.10201702108,0.951210201702108,231043.53799448293
2024-01-14 08:00:00+00:00,0.0001,43011.45861702,1.0369999999999888,44602.88258584926,4.460288258584926,231025.15772015785
2024-01-14 16:00:00+00:00,0.0001,42908.4,1.0369999999999888,44496.01079999952,4.449601079999953,231020.70811907784
2024-01-15 00:00:00+00:00,0.0001,41739.6,0.0009999999999887876,41.739599999532,0.0041739599999532,231223.42583179285
2024-01-15 08:00:00+00:00,0.0001,42716.86510638,0.0009999999999887876,42.71686510590104,0.004271686510590104,231223.42156010633
2024-01-15 16:00:00+00:00,0.0001,42278.82404255,0.0009999999999887876,42.278824042075954,0.004227882404207596,231223.41733222394
2024-01-16 00:00:00+00:00,0.0001,42513.87702482,0.0009999999999887876,42.51387702434332,0.004251387702434333,231223.41308083624
2024-01-16 08:00:00+00:00,0.0001,42785.27425532,0.0009999999999887876,42.785274254840274,0.004278527425484028,231223.4088023088
2024-01-16 16:00:00+00:00,0.0001,43252.8,0.0009999999999887876,43.252799999515034,0.004325279999951504,231223.40447702882
2024-01-17 00:00:00+00:00,0.0001,43140.2157695,0.0009999999999887876,43.140215769016294,0.004314021576901629,231223.40016300723
2024-01-17 08:00:00+00:00,0.0001,42656.31850355,0.0009999999999887876,42.656318503071724,0.0042656318503071725,231223.3958973754
2024-01-17 16:00:00+00:00,0.0001,42480.1466859,0.0009999999999887876,42.4801466854237,0.00424801466854237,231223.3916493607
2024-01-18 00:00:00+00:00,0.0001,42781.95729433,0.0009999999999887876,42.78195729385031,0.004278195729385031,231223.38737116498
2024-01-18 08:00:00+00:00,0.0001,42915.94085106,0.0009999999999887876,42.91594085057881,0.004291594085057881,231223.3830795709
2024-01-18 16:00:00+00:00,0.0001,42618.3,0.0009999999999887876,42.61829999952215,0.004261829999952216,231223.3788177409
2024-01-19 00:00:00+00:00,0.0001,41319.17595745,0.0009999999999887876,41.31917595698672,0.004131917595698672,231223.37468582328
2024-01-19 08:00:00+00:00,0.0001,41282.0,0.0009999999999887876,41.281999999537135,0.0041281999999537135,231223.37055762328
2024-01-19 16:00:00+00:00,0.0001,40897.1,0.0009999999999887876,40.897099999541446,0.004089709999954145,231223.36646791326
2024-01-20 00:00:00+00:00,0.0001,41662.1,0.0009999999999887876,41.66209999953287,0.004166209999953287,231223.36230170325
2024-01-20 08:00:00+00:00,0.0001,41650.68431818,0.0009999999999887876,41.650684317712994,0.004165068431771299,231223.3581366348
2024-01-20 16:00:00+00:00,0.0001,41568.26617021,0.0009999999999887876,41.56826616974392,0.004156826616974392,231223.3539798082
2024-01-21 00:00:00+00:00,0.0001,41693.91453546,0.0009999999999887876,41.69391453499251,0.004169391453499251,231223.34981041675
2024-01-21 08:00:00+00:00,0.0001,41648.18463415,0.0009999999999887876,41.64818463368302,0.004164818463368303,231223.34564559828
2024-01-21 16:00:00+00:00,0.0001,41652.7,0.0009999999999887876,41.65269999953297,0.004165269999953297,231223.3414803283
2024-01-22 00:00:00+00:00,0.0001,41578.57680851,0.0009999999999887876,41.578576808043806,0.004157857680804381,231223.33732247062
2024-01-22 08:00:00+00:00,0.0001,41041.20808511,0.0009999999999887876,41.04120808464983,0.0041041208084649835,231223.3332183498
2024-01-22 16:00:00+00:00,0.0001,40767.10361702,0.0009999999999887876,40.767103616562906,0.004076710361656291,231223.32914163946
2024-01-23 00:00:00+00:00,0.0001,39566.15381552,0.0009999999999887876,39.566153815076376,0.003956615381507638,231223.3251850241
2024-01-23 08:00:00+00:00,0.0001,39776.93668085,0.0009999999999887876,39.776936680404006,0.003977693668040401,231223.32120733042
2024-01-23 16:00:00+00:00,0.0001,39204.77723404,0.0009999999999887876,39.20477723360042,0.003920477723360042,231223.3172868527
2024-01-24 00:00:00+00:00,0.0001,39891.9286553,0.0009999999999887876,39.89192865485271,0.003989192865485271,231223.31329765983
2024-01-24 08:00:00+00:00,0.0001,39974.2,0.0009999999999887876,39.97419999955179,0.00399741999995518,231223.30930023984
2024-01-24 16:00:00+00:00,0.0001,40048.43942661,0.0009999999999887876,40.04843942616096,0.004004843942616096,231223.3052953959
2024-01-25 00:00:00+00:00,0.0001,40078.8,0.0009999999999887876,40.078799999550625,0.004007879999955063,231223.3012875159
2024-01-25 08:00:00+00:00,0.0001,40122.98766288,0.0009999999999887876,40.12298766243013,0.004012298766243013,231223.29727521713
2024-01-25 16:00:00+00:00,0.0001,39799.29385816,0.0009999999999887876,39.79929385771376,0.003979929385771376,231223.29329528776
2024-01-26 00:00:00+00:00,0.0001,39953.3,0.0009999999999887876,39.95329999955203,0.003995329999955203,231223.28929995777
2024-01-26 08:00:00+00:00,0.0001,39958.29798106,0.0009999999999887876,39.958297980611974,0.003995829798061197,231223.285304128
2024-01-26 16:00:00+00:00,0.0001,41408.20364394,0.0009999999999887876,41.40820364347572,0.004140820364347573,231223.28116330763
2024-01-27 00:00:00+00:00,8.966e-05,41806.4,0.0009999999999887876,41.80639999953125,0.003748361823957972,231223.2774149458
2024-01-27 08:00:00+00:00,0.0001,41699.0,0.0009999999999887876,41.698999999532454,0.0041698999999532456,231223.2732450458
2024-01-27 16:00:00+00:00,8.3e-05,41797.4,0.0009999999999887876,41.79739999953135,0.003469184199961102,231223.2697758616
2024-01-28 00:00:00+00:00,0.0001,42102.2,0.0009999999999887876,42.10219999952793,0.004210219999952794,231223.2655656416
2024-01-28 08:00:00+00:00,4.725e-05,42370.0,0.0009999999999887876,42.369999999524936,0.0020019824999775535,231223.2635636591
2024-01-28 16:00:00+00:00,0.0001,42244.5,0.0009999999999887876,42.24449999952634,0.0042244499999526345,231223.2593392091
2024-01-29 00:00:00+00:00,0.0001,42021.3,0.0009999999999887876,42.02129999952884,0.004202129999952884,231223.2551370791
2024-01-29 08:00:00+00:00,9.142e-05,42040.0,0.0009999999999887876,42.03999999952863,0.0038432967999569075,231223.2512937823
2024-01-29 16:00:00+00:00,0.0001,42626.51582979,0.0009999999999887876,42.626515829312055,0.004262651582931206,231223.2470311307
2024-01-30 00:00:00+00:00,0.0001,43287.7,0.0009999999999887876,43.287699999514636,0.004328769999951464,231223.2427023607
2024-01-30 08:00:00+00:00,9.492e-05,43346.6,0.0009999999999887876,43.346599999513984,0.004114459271953867,231223.23858790143
2024-01-30 16:00:00+00:00,5.149e-05,43355.4,0.0009999999999887876,43.355399999513885,0.00223236954597497,231223.23635553187
2024-01-31 00:00:00+00:00,2.154e-05,42925.49865957,12.41899999999999,533091.7678531994,11.482796679557914,230996.33187279582
2024-01-31 08:00:00+00:00,0.0001,43040.12039716,3.4949999999999903,150425.22078807378,15.042522078807378,226738.64721000686
2024-01-31 16:00:00+00:00,0.0001,43348.2,3.4949999999999903,151501.95899999957,15.150195899999957,226723.49701410686
2024-02-01 00:00:00+00:00,0.0001,42563.08635461,11.53699999999999,491050.32727313513,49.105032727313514,226534.9429540577
2024-02-01 08:00:00+00:00,0.0001,42182.2,0.0009999999999896758,42.1821999995645,0.004218219999956451,215311.49051203066
2024-02-01 16:00:00+00:00,0.0001,42500.13148936,0.0009999999999896758,42.50013148892122,0.004250013148892122,215311.4862620175
2024-02-02 00:00:00+00:00,0.0001,43072.6,3.0649999999999897,132017.51899999956,13.201751899999957,215246.1888645132
2024-02-02 08:00:00+00:00,0.0001,43085.75394326,3.0649999999999897,132057.83583609146,13.205783583609147,215232.9830809296
2024-02-02 16:00:00+00:00,0.0001,43224.06110638,3.0649999999999897,132481.74729105426,13.248174729105425,215219.7349062005
2024-02-03 00:00:00+00:00,7.627e-05,43182.0,3.0649999999999897,132352.82999999955,10.094550344099966,215209.6403558564
2024-02-03 08:00:00+00:00,9.042e-05,43037.0,3.0649999999999897,131908.40499999956,11.927157980099961,215197.7131978763
2024-02-03 16:00:00+00:00,8.028e-05,43098.7902305,3.0649999999999897,132097.79205648205,10.604810746294378,215187.10838713
2024-02-04 00:00:00+00:00,8.307e-05,42993.33852128,0.0009999999999895648,42.99333852083135,0.0035714566309254605,216945.78063255022
2024-02-04 08:00:00+00:00,8.846e-05,42824.48293972,0.0009999999999895648,42.82448293927312,0.0037882537608081002,216945.77684429646
2024-02-04 16:00:00+00:00,0.0001,42926.7,0.0009999999999895648,42.92669999955205,0.004292669999955205,216945.77255162646
2024-02-05 00:00:00+00:00,0.0001,42570.4,0.0009999999999895648,42.57039999955577,0.004257039999955577,216945.76829458645
2024-02-05 08:00:00+00:00,0.0001,43059.0,0.0009999999999895648,43.05899999955067,0.004305899999955068,216945.76398868646
2024-02-05 16:00:00+00:00,0.0001,42629.6,0.0009999999999895648,42.62959999955515,0.004262959999955515,216945.75972572647
2024-02-06 00:00:00+00:00,0.0001,42693.5927695,0.0009999999999895648,42.69359276905448,0.004269359276905449,216945.7554563672
2024-02-06 08:00:00+00:00,6.723e-05,42875.22371986,0.0009999999999895648,42.87522371941259,0.0028825012906561085,216945.7525738659
2024-02-06 16:00:00+00:00,0.0001,43232.25541135,0.0009999999999895648,43.232255410898865,0.004323225541089886,216945.74825064038
2024-02-07 00:00:00+00:00,7.527e-05,43079.1,0.0009999999999895648,43.07909999955046,0.003242563856966163,216945.7450080765
2024-02-07 08:00:00+00:00,5.373e-05,42904.8,0.0009999999999895648,42.90479999955228,0.0023052749039759444,216945.7427028016
2024-02-07 16:00:00+00:00,8.306e-05,43052.5,0.0009999999999895648,43.05249999955074,0.003575940649962684,216945.73912686095
2024-02-08 00:00:00+00:00,0.0001,44326.22497872,0.0009999999999895648,44.32622497825744,0.004432622497825745,216945.73469423846
2024-02-08 08:00:00+00:00,6.535e-05,44499.75039716,0.0009999999999895648,44.49975039669564,0.00290805868842406,216945.73178617976
2024-02-08 16:00:00+00:00,2.59e-05,45409.54719858,0.0009999999999895648,45.40954719810615,0.0011761072724309491,216945.7306100725
2024-02-09 00:00:00+00:00,3.16e-05,45269.1,16.86399999999999,763418.1023999995,24.124012035839986,216616.0939941149
2024-02-09 08:00:00+00:00,0.0001,46188.30406028,16.751999999999992,773746.4696178102,77.37464696178102,216633.17503564077
2024-02-09 16:00:00+00:00,9.801e-05,47136.9,16.751999999999992,789637.3487999997,77.39235655588797,216555.7826790849
2024-02-10 00:00:00+00:00,8.041e-05,47116.64691288,16.751999999999992,789298.0690845654,63.4674577350899,216492.3152213498
2024-02-10 08:00:00+00:00,0.0001,47132.3889697,16.751999999999992,789561.7800204139,78.9561780020414,216413.35904334777
2024-02-10 16:00:00+00:00,0.0001,47334.5777112,16.751999999999992,792948.845818022,79.29488458180221,216334.06415876598
2024-02-11 00:00:00+00:00,0.0001,47734.61973485,16.751999999999992,799650.3497982068,79.96503497982069,216254.09912378615
2024-02-11 08:00:00+00:00,0.0001,48169.53924621,16.751999999999992,806936.1214525095,80.69361214525095,216173.40551164089
2024-02-11 16:00:00+00:00,0.0001,48145.50295833,16.751999999999992,806533.4655579437,80.65334655579437,216092.75216508508
2024-02-12 00:00:00+00:00,0.0001,48298.57401136,12.91899999999999,623969.2776527593,62.39692776527594,226877.63844265963
2024-02-12 08:00:00+00:00,0.0001,48206.78867803,12.91899999999999,622783.5029314691,62.278350293146914,226815.3600923665
2024-02-12 16:00:00+00:00,0.0001,49919.4,12.91899999999999,644908.7285999996,64.49087285999995,226750.86921950648
2024-02-13 00:00:00+00:00,0.0001,49935.64595076,16.29799999999999,813851.157705486,81.38511577054861,226601.99588068965
2024-02-13 08:00:00+00:00,0.0001,50016.04285106,16.29799999999999,815161.4663865755,81.51614663865755,226520.47973405098
2024-02-13 16:00:00+00:00,0.0001,48753.2,16.29799999999999,794579.6535999995,79.45796535999996,226441.021768691
2024-02-14 00:00:00+00:00,0.0001,49697.29248227,10.69099999999999,531313.7539279481,53.13137539279481,240249.38364584948
2024-02-14 08:00:00+00:00,0.0001,49841.90018794,10.69099999999999,532859.754909266,53.2859754909266,240196.09767035855
2024-02-14 16:00:00+00:00,0.00012283,51610.33415603,10.69099999999999,551766.0824621163,67.77342790882173,240128.32424244971
2024-02-15 00:00:00+00:00,0.0001,51817.98284752,10.69099999999999,553986.0546228358,55.398605462283584,240072.92563698743
2024-02-15 08:00:00+00:00,0.0001,51802.4,10.69099999999999,553819.4583999995,55.38194583999996,240017.54369114744
2024-02-15 16:00:00+00:00,0.0001,51961.44202837,10.69099999999999,555519.7767253031,55.55197767253032,239961.9917134749
2024-02-16 00:00:00+00:00,0.0001,51899.1,10.69099999999999,554853.2780999994,55.485327809999944,239906.50638566492
2024-02-16 08:00:00+00:00,0.0001,51781.60013475,10.69099999999999,553597.0870406118,55.35970870406118,239851.14667696087
2024-02-16 16:00:00+00:00,0.0001,51909.3,10.69099999999999,554962.3262999995,55.49623262999995,239795.65044433088
2024-02-17 00:00:00+00:00,0.0001,52145.88278014,10.69099999999999,557491.6328024762,55.74916328024762,239739.90128105064
2024-02-17 08:00:00+00:00,0.0001,51934.0,10.69099999999999,555226.3939999995,55.52263939999995,239684.37864165063
2024-02-17 16:00:00+00:00,0.00016041,51013.4,10.69099999999999,545384.2593999995,87.48508905035392,239596.8935526003
2024-02-18 00:00:00+00:00,0.0001724,51675.01974242,0.0009999999999898979,51.67501974189797,0.00890877340350321,289723.82495409204
2024-02-18 08:00:00+00:00,0.00015305,51697.70652273,11.51199999999999,595143.9974896671,91.08678881579357,289394.7413854368
2024-02-18 16:00:00+00:00,0.00017095,51809.0,11.51199999999999,596425.2079999995,101.95888930759992,289292.78249612916
2024-02-19 00:00:00+00:00,0.00023064,52163.39962677,11.51199999999999,600505.0565033756,138.50048623193857,289154.28200989723
2024-02-19 08:00:00+00:00,0.00019594,52423.9,12.77799999999999,669872.5941999995,131.2548361075479,288996.63660654955
2024-02-19 16:00:00+00:00,0.00013327,52158.9,12.77799999999999,666486.4241999995,88.82264575313394,288907.8139607964
2024-02-20 00:00:00+00:00,0.00010461,51813.08142803,3.9779999999999895,206112.4379207028,21.56142213088472,289883.09393334365
2024-02-20 08:00:00+00:00,0.00010912,51868.89496454,0.0009999999999892317,51.86889496398146,0.005659933818469657,289273.4094373438
2024-02-20 16:00:00+00:00,0.00020259,51707.50049291,13.38899999999999,692311.7240995716,140.2554321853322,288853.5358844167
2024-02-21 00:00:00+00:00,0.0001,52297.4,3.5749999999999904,186963.2049999995,18.69632049999995,283424.6674587971
2024-02-21 08:00:00+00:00,0.00011242,51595.13521986,3.5749999999999904,184452.608410999,20.736162237564507,283403.9312965595
2024-02-21 16:00:00+00:00,0.0001,51183.7,0.00099999999999012,51.183699999494294,0.00511836999994943,278918.48004622967
2024-02-22 00:00:00+00:00,0.0001,51877.9,0.00099999999999012,51.87789999948744,0.005187789999948744,278918.47485843964
2024-02-22 08:00:00+00:00,0.0001348,51856.75509429,0.00099999999999012,51.85675509377765,0.0069902905866412275,278918.46786814905
2024-02-22 16:00:00+00:00,0.00012557,51630.0,0.00099999999999012,51.62999999948989,0.006483179099935945,278918.46138496994
2024-02-23 00:00:00+00:00,0.0001,51315.77902837,0.00099999999999012,51.315779027862995,0.0051315779027863,278918.45625339204
2024-02-23 08:00:00+00:00,0.0001,50948.20213487,0.00099999999999012,50.948202134366625,0.005094820213436662,278918.4511585718
2024-02-23 16:00:00+00:00,0.00012991,50934.46808833,0.00099999999999012,50.934468087826765,0.006616896749289575,278918.44454167504
2024-02-24 00:00:00+00:00,0.0001,50759.00207801,0.00099999999999012,50.7590020775085,0.00507590020775085,278918.4394657748
2024-02-24 08:00:00+00:00,0.0001,51094.97830142,0.00099999999999012,51.09497830091518,0.005109497830091518,278918.434356277
2024-02-24 16:00:00+00:00,0.0001,51124.6,0.00099999999999012,51.12459999949488,0.005112459999949488,278918.429243817
2024-02-25 00:00:00+00:00,0.00011438,51601.57573485,0.00099999999999012,51.601575734340166,0.005902188232493828,278918.42334162875
2024-02-25 08:00:00+00:00,0.00015012,51747.27246212,0.00099999999999012,51.74727246160874,0.007768300541936704,278918.4155733282
2024-02-25 16:00:00+00:00,0.00015062,51547.9,0.00099999999999012,51.5478999994907,0.007764144697923289,278918.4078091835
2024-02-26 00:00:00+00:00,0.00026761,51758.94718182,0.00099999999999012,51.75894718130862,0.013851211855189999,278918.39395797165
2024-02-26 08:00:00+00:00,0.00021567,51326.60957197,0.00099999999999012,51.32660957146289,0.011069609886277402,278918.38288836175
2024-02-26 16:00:00+00:00,0.00027227,52868.43844318,0.00099999999999012,52.868438442657656,0.014394489734782401,278918.368493872
2024-02-27 00:00:00+00:00,0.00032262,54511.6,0.00099999999999012,54.51159999946142,0.017586532391826244,278918.3509073396
2024-02-27 08:00:00+00:00,0.00073521,56100.1,0.00099999999999012,56.100099999445725,0.04124535452059249,278918.3096619851
2024-02-27 16:00:00+00:00,0.00022965,56772.2842234,4.16599999999999,236513.33607468382,54.315287629551136,282693.6813504087
2024-02-28 00:00:00+00:00,0.00026729,57074.34581915,4.16599999999999,237771.72468257832,63.55400429040636,282630.1273461183
2024-02-28 08:00:00+00:00,0.00023682,58299.9,13.26099999999999,773114.9738999994,183.08908811899786,282239.32526075304
2024-02-28 16:00:00+00:00,0.00053538,60999.3082305,13.26099999999999,808911.8264446598,433.075213641942,281806.2500471111
2024-02-29 00:00:00+00:00,0.00069091,62477.49954094,3.3129999999999904,206987.9559791336,143.0100486655432,323897.0558352726
2024-02-29 08:00:00+00:00,0.00076337,62758.0596412,3.0279999999999903,190031.404593553,145.06427332458054,330284.3027581466
2024-02-29 16:00:00+00:00,0.00057031,62809.1,3.0279999999999903,190185.9547999994,108.46495188198764,330175.83780626464
2024-03-01 00:00:00+00:00,0.00053322,61203.4,2.0759999999999903,127058.25839999941,67.7500045440477,331023.9607830153
2024-03-01 08:00:00+00:00,0.00064824,61475.96607447,2.0759999999999903,127624.10557059913,82.73105019508519,330941.2297328202
2024-03-01 16:00:00+00:00,0.0004601,61335.4,2.0759999999999903,127332.2903999994,58.585586813039725,330882.64414600714
2024-03-02 00:00:00+00:00,0.00033426,62426.6637766,2.0759999999999903,129597.75400022099,43.31934525211387,330839.324800755
2024-03-02 08:00:00+00:00,0.00057174,62071.9,2.0759999999999903,128861.2643999994,73.67513930805566,330765.649661447
2024-03-02 16:00:00+00:00,0.00056396,61834.6,2.378999999999991,147104.51339999944,82.96106137706369,331338.9088801755
2024-03-03 00:00:00+00:00,0.00046267,62039.9,2.378999999999991,147592.92209999944,68.28681726800674,331270.6220629075
2024-03-03 08:00:00+00:00,0.00042989,61641.1,2.378999999999991,146644.17689999944,63.040865207540755,331207.58119769994
2024-03-03 16:00:00+00:00,0.00044598,62210.7,2.378999999999991,147999.25529999944,66.00470787869375,331141.57648982125
2024-03-04 00:00:00+00:00,0.00055071,63178.6,2.8519999999999928,180185.36719999954,99.22988357071175,335069.1355955033
2024-03-04 08:00:00+00:00,0.00046833,64120.5,2.770999999999993,177677.90549999953,83.21189348281477,338850.3851300355
2024-03-04 16:00:00+00:00,0.0006362,66504.19310494,3.6099999999999928,240080.13710883292,152.73898322863948,338675.7239620466
2024-03-05 00:00:00+00:00,0.0004896,68296.4,3.6099999999999928,246550.0039999995,120.71088195839974,338555.0130800882
2024-03-05 08:00:00+00:00,0.00082969,66223.7,3.6099999999999928,239067.5569999995,198.35196136732958,338356.66111872083
2024-03-05 16:00:00+00:00,0.00088148,66840.7,0.6859999999999925,45852.720199999494,40.418255801895555,346321.5427242049
2024-03-06 00:00:00+00:00,0.0003628,63737.46570213,0.0009999999999924514,63.73746570164887,0.02312395255655821,344962.3061799787
2024-03-06 08:00:00+00:00,0.00033876,66733.45835461,0.0009999999999924514,66.73345835410626,0.02260662635203704,344962.2835733524
2024-03-06 16:00:00+00:00,0.00049354,66534.41841489,0.4759999999999925,31670.38316548714,15.630600907494523,344933.9671982527
2024-03-07 00:00:00+00:00,0.00030311,66118.62122727,0.0009999999999924514,66.1186212267709,0.020041215280046525,344813.33814875776
2024-03-07 08:00:00+00:00,0.00040984,66447.8,0.0009999999999924514,66.44779999949841,0.02723296635179443,344813.31091579143
2024-03-07 16:00:00+00:00,0.00054217,67317.1,0.0009999999999924514,67.31709999949186,0.0364973121067245,344813.2744184793
2024-03-08 00:00:00+00:00,0.00034819,66869.9,0.5279999999999926,35307.3071999995,12.293651293967827,344989.1398098727
2024-03-08 08:00:00+00:00,0.00043497,67302.03980303,0.5569999999999924,37487.2361702872,16.305823116989824,345147.5026383767
2024-03-08 16:00:00+00:00,0.00062913,67699.7,0.5869999999999924,39739.72389999949,25.001452497206678,345814.36294498586
2024-03-09 00:00:00+00:00,0.00019134,68174.9926773,0.5379999999999926,36678.1460603869,7.017996467194429,347537.37269108987
2024-03-09 08:00:00+00:00,0.00031281,68336.4,0.5379999999999926,36764.98319999949,11.500454394791841,347525.8722366951
2024-03-09 16:00:00+00:00,0.00026407,68340.10517376,1.9409999999999927,132648.14414226767,35.028395423648625,347452.4872392917
2024-03-10 00:00:00+00:00,0.0003101,68360.1,1.9409999999999927,132686.9540999995,41.14622446640985,347411.34101482533
2024-03-10 08:00:00+00:00,0.00063451,69424.70837234,2.285999999999993,158704.88333916874,100.69983552753595,347301.0891228215
2024-03-10 16:00:00+00:00,0.00054479,69254.7,0.717999999999993,49724.87459999951,27.08961443333373,349325.74427021097
2024-03-11 00:00:00+00:00,0.00035489,69000.0,0.735999999999993,50783.99999999952,18.02273375999983,350002.280249011
2024-03-11 08:00:00+00:00,0.00078428,71203.54634442,0.0009999999999930065,71.20354634392204,0.055843517326611185,349742.636502897
2024-03-11 16:00:00+00:00,0.00066396,72056.4,2.2359999999999935,161118.1103999995,106.97598058118368,350880.70412761444
2024-03-12 00:00:00+00:00,0.0004447,72153.9,2.2359999999999935,161336.12039999952,71.74617274187979,350808.9579548726
2024-03-12 08:00:00+00:00,0.000453,72175.5,2.2359999999999935,161384.41799999954,73.1071413539998,350735.85081351857
2024-03-12 16:00:00+00:00,0.00047935,71771.34852113,2.2359999999999935,160480.73529324622,76.92644046281758,350658.92437305575
2024-03-13 00:00:00+00:00,0.00033224,71506.8,2.2359999999999935,159889.20479999954,53.121589402751844,350605.802783653
2024-03-13 08:00:00+00:00,0.0006442,72962.13824516,2.2359999999999935,163143.34111617727,105.0969403470414,350500.705843306
2024-03-13 16:00:00+00:00,0.00045402,72670.2,2.2269999999999937,161836.53539999953,73.47702380230778,353620.7074816717
2024-03-14 00:00:00+00:00,0.00024393,73120.70119365,0.0009999999999936726,73.12070119318734,0.017836332642054187,355664.0750983728
2024-03-14 08:00:00+00:00,0.00038753,73280.7,0.0009999999999936726,73.28069999953632,0.028398469670820315,355664.04669990315
2024-03-14 16:00:00+00:00,0.00038258,70904.4,0.0009999999999936726,70.90439999955136,0.027126605351828356,355664.0195732978
2024-03-15 00:00:00+00:00,0.00038515,71453.22446454,0.0009999999999936726,71.4532244640879,0.027520209402343454,355663.99205308844
2024-03-15 08:00:00+00:00,0.00014328,68487.15745833,0.0009999999999936726,68.48715745789666,0.009812839920567433,355663.98224024853
2024-03-15 16:00:00+00:00,0.00015306,68191.10550016,0.0009999999999936726,68.19110549972854,0.01043733060778845,355663.97180291795
2024-03-16 00:00:00+00:00,0.0001,69517.88923404,0.0009999999999936726,69.51788923360014,0.006951788923360015,355663.96485112904
2024-03-16 08:00:00+00:00,0.00023202,69477.38707245,0.0009999999999936726,69.47738707201039,0.01612014334844785,355663.9487309857
2024-03-16 16:00:00+00:00,0.00020813,68423.45584929,0.0009999999999936726,68.42345584885706,0.01424097386582262,355663.93449001183
2024-03-17 00:00:00+00:00,0.00013089,65350.9,0.0009999999999936726,65.3508999995865,0.008553779300945877,355663.92593623255
2024-03-17 08:00:00+00:00,0.00017773,65688.6,0.0009999999999936726,65.68859999958437,0.01167483487792613,355663.9142613977
2024-03-17 16:00:00+00:00,0.00024827,68006.97658156,0.0009999999999936726,68.00697658112969,0.016884092075797066,355663.8973773056
2024-03-18 00:00:00+00:00,0.00020181,68448.0,0.0009999999999936726,68.4479999995669,0.013813490879912597,355663.88356381474
2024-03-18 08:00:00+00:00,0.00030597,68259.58774823,0.0009999999999936726,68.2595877477981,0.020885386063193786,355663.8626784287
2024-03-18 16:00:00+00:00,0.00027195,67509.1,0.0009999999999936726,67.50909999957285,0.01835909974488384,355663.84431932896
2024-03-19 00:00:00+00:00,0.00026923,67648.11833623,0.0009999999999936726,67.64811833580197,0.018212902899547967,355663.8261064261
2024-03-19 08:00:00+00:00,0.00029065,64738.78331206,0.0009999999999936726,64.73878331165037,0.018816327369531177,355663.8072900987
2024-03-19 16:00:00+00:00,0.00024018,64080.74999621,0.0009999999999936726,64.08074999580454,0.015390914533992333,355663.7918991842
2024-03-20 00:00:00+00:00,0.00015847,61974.0,0.0009999999999936726,61.97399999960787,0.00982101977993786,355663.7820781644
2024-03-20 08:00:00+00:00,0.00018388,62996.5,0.0009999999999936726,62.9964999996014,0.011583796419926705,355663.770494368
2024-03-20 16:00:00+00:00,0.0001,63641.22954562,0.0009999999999936726,63.64122954521732,0.006364122954521732,355663.764130245
2024-03-21 00:00:00+00:00,0.00010403,67863.7,0.0009999999999936726,67.8636999995706,0.00705986071095533,355663.75707038434
2024-03-21 08:00:00+00:00,0.00019304,67030.14523864,0.3899999999999937,26141.75664306918,5.046404702378075,355648.1477119465
2024-03-21 16:00:00+00:00,0.0001951,66594.12715909,0.4069999999999937,27103.80975374921,5.287953282956471,355280.92960766464
2024-03-22 00:00:00+00:00,0.00016271,65538.7,0.0009999999999936726,65.5386999995853,0.010663801876932524,355066.55469223304
2024-03-22 08:00:00+00:00,0.0001,66217.1362234,0.0009999999999936726,66.21713622298101,0.0066217136222981015,355066.5480705194
2024-03-22 16:00:00+00:00,0.00011993,63904.4291844,0.0009999999999936726,63.90442918399565,0.007664058192036599,355066.5404064612
2024-03-23 00:00:00+00:00,0.0001,63814.29855319,0.0009999999999936726,63.81429855278622,0.006381429855278622,355066.5340250314
2024-03-23 08:00:00+00:00,0.0001,64606.5,0.0009999999999936726,64.60649999959121,0.006460649999959121,355066.52756438137
2024-03-23 16:00:00+00:00,0.00010806,65141.7150922,0.0009999999999936726,65.14171509178783,0.007039213732818593,355066.52052516764
2024-03-24 00:00:00+00:00,0.00010351,64020.3,0.0009999999999936726,64.02029999959493,0.006626741252958071,355066.5138984264
2024-03-24 08:00:00+00:00,0.00014616,64621.98069504,0.0009999999999936726,64.62198069463112,0.009445148698327284,355066.5044532777
2024-03-24 16:00:00+00:00,0.00015884,65710.35364563,0.0009999999999936726,65.71035364521423,0.010437432573005827,355066.4940158451
2024-03-25 00:00:00+00:00,0.00025549,67258.38762057,0.0009999999999936726,67.25838762014443,0.0171838454530707,355066.47683199967
2024-03-25 08:00:00+00:00,0.00016324,66866.6,0.0009999999999936726,66.86659999957692,0.010915303783930935,355066.4659166959
2024-03-25 16:00:00+00:00,0.00028815,69837.28693262,0.0009999999999936726,69.83728693217812,0.020123614229507123,355066.44579308166
2024-03-26 00:00:00+00:00,0.00021963,69920.5,0.0009999999999936726,69.92049999955759,0.015356639414902834,355066.43043644226
2024-03-26 08:00:00+00:00,0.00018348,70516.8,0.0009999999999936726,70.51679999955381,0.012938422463918133,355066.4174980198
2024-03-26 16:00:00+00:00,0.00026764,70307.1,6.999999999999993,492149.69999999955,131.71894570799986,354736.704923722
2024-03-27 00:00:00+00:00,0.00028757,70039.82099291,6.999999999999993,490278.7469503695,140.98945926051778,354595.7154644615
2024-03-27 08:00:00+00:00,0.00029551,69776.09567376,6.999999999999993,488432.66971631953,144.3367382278696,354451.3787262336
2024-03-27 16:00:00+00:00,0.00043631,68921.6919539,6.999999999999993,482451.84367729945,210.49856391484252,354240.88016231876
2024-03-28 00:00:00+00:00,0.00024195,69532.6,0.6069999999999923,42206.28819999947,10.211811429989872,342188.2915088096
2024-03-28 08:00:00+00:00,0.00029899,70449.15108511,2.0729999999999924,146041.0901994325,43.664825558728324,340471.473185983
2024-03-28 16:00:00+00:00,0.0002943,71320.0209078,7.004999999999993,499596.7464591385,147.03132248292445,340185.42439844273
2024-03-29 00:00:00+00:00,0.0001825,70833.5853617,7.004999999999993,496189.26545870793,90.55454094621419,340094.8698574965
2024-03-29 08:00:00+00:00,0.00025456,69853.35957447,7.004999999999993,489322.7838191618,124.56200784900582,339970.30784964754
2024-03-29 16:00:00+00:00,0.0003017,69219.28912057,7.961999999999993,551123.9799779778,166.2741047593559,337761.326431164
2024-03-30 00:00:00+00:00,0.00019624,69898.66336879,2.281999999999993,159508.74980757828,31.301997062239163,331923.15810777596
2024-03-30 08:00:00+00:00,0.00032267,69902.0,2.482999999999993,173566.6659999995,56.00475611821984,331861.53765203286
2024-03-30 16:00:00+00:00,0.0003436,70057.7249405,2.482999999999993,173953.331027261,59.77036454096688,331801.7672874919
2024-03-31 00:00:00+00:00,0.00032351,69636.36575177,2.482999999999993,172907.09616164444,55.937174679253594,331745.83011281263
2024-03-31 08:00:00+00:00,0.00039889,70353.82911702,2.482999999999993,174688.55769756014,69.68151877997977,331676.1485940327
2024-03-31 16:00:00+00:00,0.00040301,70446.1,0.9239999999999929,65092.196399999506,26.2328060711638,331976.46453384776
2024-04-01 00:00:00+00:00,0.00070161,71363.0,3.1549999999999927,225150.2649999995,157.96767742664963,331755.61802522646
2024-04-01 08:00:00+00:00,0.00033491,69635.75684043,0.9379999999999931,65318.33991632285,21.875765221375687,327108.09582322085
2024-04-01 16:00:00+00:00,0.00027469,68284.83075177,0.0009999999999930065,68.28483075129245,0.018757160159072524,325718.3023715812
2024-04-02 00:00:00+00:00,0.00010926,69700.0,0.0009999999999930065,69.69999999951256,0.0076154219999467416,325718.2947561592
2024-04-02 08:00:00+00:00,0.0001,66501.27906028,0.0009999999999930065,66.50127905981492,0.0066501279059814926,325718.2881060313
2024-04-02 16:00:00+00:00,0.00016456,64922.16037589,0.0009999999999930065,64.92216037543596,0.010683590711381743,325718.2774224406
2024-04-03 00:00:00+00:00,0.0001,65488.95697163,0.0009999999999930065,65.488956971172,0.006548895697117201,325718.2708735449
2024-04-03 08:00:00+00:00,0.0001,66172.55866471,0.0009999999999930065,66.17255866424722,0.006617255866424723,325718.26425628905
2024-04-03 16:00:00+00:00,0.0001,65867.4,0.0009999999999930065,65.86739999953934,0.006586739999953935,325718.257669549
2024-04-04 00:00:00+00:00,0.0001,65971.50290071,0.0009999999999930065,65.97150290024862,0.006597150290024863,325718.25107239874
2024-04-04 08:00:00+00:00,0.0001,66097.48730496,0.0009999999999930065,66.09748730449775,0.006609748730449775,325718.24446265
2024-04-04 16:00:00+00:00,0.0001,67631.7,0.0009999999999930065,67.63169999952702,0.006763169999952702,325718.23769947997
2024-04-05 00:00:00+00:00,0.0001,68489.8,0.0009999999999930065,68.48979999952101,0.006848979999952102,325718.2308505
2024-04-05 08:00:00+00:00,0.0001,66931.37729274,0.0009999999999930065,66.93137729227192,0.0066931377292271926,325718.22415736225
2024-04-05 16:00:00+00:00,0.0001,68207.38882979,0.0009999999999930065,68.20738882931299,0.006820738882931299,325718.21733662335
2024-04-06 00:00:00+00:00,0.0001,67822.92808511,0.0009999999999930065,67.82292808463568,0.006782292808463568,325718.21055433055
2024-04-06 08:00:00+00:00,0.0001,67985.2,0.0009999999999930065,67.98519999952454,0.0067985199999524544,325718.20375581057
2024-04-06 16:00:00+00:00,0.0001,68094.0,0.0009999999999930065,68.09399999952379,0.006809399999952379,325718.1969464106
2024-04-07 00:00:00+00:00,0.0001,68897.24894326,0.0009999999999930065,68.89724894277816,0.006889724894277817,325718.1900566857
2024-04-07 08:00:00+00:00,0.0001,69367.4,8.268999999999995,573599.0305999996,57.359903059999965,325431.095641902
2024-04-07 16:00:00+00:00,0.0001,69560.34690071,8.268999999999995,575194.5085219707,57.519450852197075,325373.5761910498
2024-04-08 00:00:00+00:00,0.0001,69362.7,2.601999999999995,180481.74539999964,18.048174539999966,322995.26035696466
2024-04-08 08:00:00+00:00,0.0001,70726.91580142,2.601999999999995,184031.43491529446,18.40314349152945,322976.8572134731
2024-04-08 16:00:00+00:00,0.00035189,71815.7,8.821999999999996,633558.1053999997,222.94276170920588,322577.8675915474
2024-04-09 00:00:00+00:00,0.00020915,71675.62338298,8.821999999999996,632322.3494846493,132.25021939471438,322445.6173721527
2024-04-09 08:00:00+00:00,0.00020603,70434.57300709,8.762999999999995,617218.1632611293,127.16545817669046,322372.93791614595
2024-04-09 16:00:00+00:00,0.00019061,69302.80935461,8.762999999999995,607300.518374447,115.75755180735334,322257.1803643386
2024-04-10 00:00:00+00:00,0.00011929,69189.2,0.0009999999999945608,69.18919999962367,0.008253579667955108,312039.55194416986
2024-04-10 08:00:00+00:00,0.00012457,69374.97185816,0.0009999999999945608,69.37497185778265,0.008642040244323987,312039.5433021296
2024-04-10 16:00:00+00:00,0.0001,68687.9,0.0009999999999945608,68.68789999962638,0.006868789999962639,312039.5364333396
2024-04-11 00:00:00+00:00,0.00013979,70674.32305943,0.0009999999999945608,70.67432305904559,0.009879563620423982,312039.52655377594
2024-04-11 08:00:00+00:00,0.00020153,70780.71202837,7.590999999999995,537296.3850073564,108.28134047053254,311716.72750215203
2024-04-11 16:00:00+00:00,0.00019763,70045.9,2.268999999999995,158934.14709999962,31.410155491372922,308195.45612714323
2024-04-12 00:00:00+00:00,0.00011258,70048.05615603,0.0009999999999945608,70.048056155649,0.007886010162002964,306717.1164940383
2024-04-12 08:00:00+00:00,0.0002563,70825.9,0.0009999999999945608,70.82589999961476,0.01815267816990126,306717.09834136016
2024-04-12 16:00:00+00:00,0.00012214,69375.1,0.0009999999999945608,69.37509999962266,0.008473474713953912,306717.08986788546
2024-04-13 00:00:00+00:00,0.0001,67148.9,0.0009999999999945608,67.14889999963476,0.0067148899999634765,306717.08315299544
2024-04-13 08:00:00+00:00,0.0001,67466.1,0.0009999999999945608,67.46609999963304,0.006746609999963305,306717.07640638546
2024-04-13 16:00:00+00:00,0.0001,67683.1,0.0009999999999945608,67.68309999963186,0.006768309999963187,306717.0696380755
2024-04-14 00:00:00+00:00,0.0001,63925.03126241,0.0009999999999945608,63.9250312620623,0.00639250312620623,306717.0632455724
2024-04-14 08:00:00+00:00,0.0001,64455.64639007,0.0009999999999945608,64.4556463897194,0.0064455646389719404,306717.05680000776
2024-04-14 16:00:00+00:00,0.0001,64164.20358156,0.0009999999999945608,64.164203581211,0.0064164203581211,306717.0503835874
2024-04-15 00:00:00+00:00,0.0001,65624.38156028,0.0009999999999945608,65.62438155992305,0.006562438155992305,306717.0438211493
2024-04-15 08:00:00+00:00,1.759e-05,66235.58104965,0.0009999999999945608,66.23558104928973,0.0011650838706570065,306717.04265606543
2024-04-15 16:00:00+00:00,0.0001,64545.8,0.0009999999999945608,64.54579999964892,0.006454579999964892,306717.03620148543
2024-04-16 00:00:00+00:00,5.953e-05,63392.8,0.0009999999999945608,63.392799999655196,0.003773773383979474,306717.03242771205
2024-04-16 08:00:00+00:00,9.525e-05,63487.9,0.0009999999999945608,63.48789999965468,0.006047222474967108,306717.0263804896
2024-04-16 16:00:00+00:00,3.513e-05,61753.05706383,0.0009999999999945608,61.75305706349411,0.002169384894640548,306717.02421110467
2024-04-17 00:00:00+00:00,6.375e-05,63775.61112766,0.0009999999999945608,63.77561112731311,0.004065695209366211,306717.02014540945
2024-04-17 08:00:00+00:00,3.574e-05,63257.26621277,0.0009999999999945608,63.25726621242593,0.002260814694432103,306717.01788459474
2024-04-17 16:00:00+00:00,6.534e-05,60288.66684397,0.0009999999999945608,60.288666843642076,0.003939261491563573,306717.01394533325
2024-04-18 00:00:00+00:00,6.937e-05,61254.5,0.0009999999999945608,61.25449999966683,0.004249224664976887,306717.0096961086
2024-04-18 08:00:00+00:00,5.982e-05,61155.24931915,0.0009999999999945608,61.15524931881737,0.003658307014251655,306717.00603780156
2024-04-18 16:00:00+00:00,-3.334e-05,63474.0,0.0009999999999945608,63.47399999965475,-0.0021162231599884894,306717.0081540247
2024-04-19 00:00:00+00:00,-3.12e-05,63445.0,0.0009999999999945608,63.44499999965491,-0.001979483999989233,306717.0101335087
2024-04-19 08:00:00+00:00,6.641e-05,64517.9,0.0009999999999945608,64.51789999964907,0.0042846337389766944,306717.005848875
2024-04-19 16:00:00+00:00,5.88e-05,64425.67251773,0.0009999999999945608,64.42567251737958,0.0037882295440219193,306717.00206064543
2024-04-20 00:00:00+00:00,0.0001,63787.4,0.0009999999999945608,63.78739999965305,0.006378739999965305,306716.9956819054
2024-04-20 08:00:00+00:00,-7.66e-06,63937.9,0.0009999999999945608,63.93789999965223,-0.000489764313997336,306716.99617166974
2024-04-20 16:00:00+00:00,4.204e-05,64779.48886525,0.0009999999999945608,64.77948886489766,0.0027233297118802974,306716.99344834004
2024-04-21 00:00:00+00:00,3.186e-05,64905.14994326,0.0009999999999945608,64.90514994290697,0.0020678780771810163,306716.99138046196
2024-04-21 08:00:00+00:00,-2.093e-05,65110.09575935,0.0009999999999945608,65.11009575899585,-0.0013627543042357834,306716.9927432163
2024-04-21 16:00:00+00:00,8.271e-05,65016.22880142,0.0009999999999945608,65.01622880106636,0.005377492284136198,306716.987365724
2024-04-22 00:00:00+00:00,4.409e-05,64912.6,0.0009999999999945608,64.91259999964693,0.002861996533984433,306716.98450372746
2024-04-22 08:00:00+00:00,2.497e-05,65943.8,0.0009999999999945608,65.94379999964131,0.0016466166859910435,306716.9828571108
2024-04-22 16:00:00+00:00,8.98e-06,65964.3,0.0009999999999945608,65.96429999964121,0.0005923594139967781,306716.9822647514
2024-04-23 00:00:00+00:00,-1.236e-05,66788.36807801,0.0009999999999945608,66.78836807764672,-0.0008255042294397136,306716.98309025564
2024-04-23 08:00:00+00:00,5.24e-05,66080.0,0.0009999999999945608,66.07999999964058,0.003462591999981166,306716.9796276636
2024-04-23 16:00:00+00:00,-1.083e-05,66380.6,0.0009999999999945608,66.38059999963895,-0.0007189018979960898,306716.98034656554
2024-04-24 00:00:00+00:00,1.413e-05,66386.3,0.0009999999999945608,66.38629999963891,0.0009380384189948978,306716.97940852714
2024-04-24 08:00:00+00:00,5.302e-05,66593.05630496,0.0009999999999945608,66.5930563045978,0.003530763845269775,306716.9758777633
2024-04-24 16:00:00+00:00,7.047e-05,64598.8,0.0009999999999945608,64.59879999964863,0.004552277435975239,306716.97132548585
2024-04-25 00:00:00+00:00,7.02e-05,64255.45886525,0.0009999999999945608,64.2554588649005,0.004510733212316015,306716.9668147526
2024-04-25 08:00:00+00:00,4.069e-05,63991.2496383,0.0009999999999945608,63.991249637951945,0.0026038039477682645,306716.9642109487
2024-04-25 16:00:00+00:00,1.14e-05,64103.02705674,0.0009999999999945608,64.10302705639133,0.0007307745084428611,306716.9634801742
2024-04-26 00:00:00+00:00,1.709e-05,64478.7,0.0009999999999945608,64.47869999964928,0.0011019409829940063,306716.9623782332
2024-04-26 08:00:00+00:00,6.85e-06,64238.35636879,0.0009999999999945608,64.23835636844059,0.00044003274112381805,306716.96193820046
2024-04-26 16:00:00+00:00,5.562e-05,63481.3,0.0009999999999945608,63.481299999654716,0.0035308299059807952,306716.95840737055
2024-04-27 00:00:00+00:00,0.0001,63748.8,0.0009999999999945608,63.74879999965326,0.006374879999965326,306716.9520324906
2024-04-27 08:00:00+00:00,7.47e-05,62944.2,0.0009999999999945608,62.944199999657634,0.004701931739974425,306716.94733055885
2024-04-27 16:00:00+00:00,2.834e-05,62930.16156738,0.0009999999999945608,62.93016156703771,0.0017834407788098487,306716.9455471181
2024-04-28 00:00:00+00:00,1.006e-05,63426.63009929,0.0009999999999945608,63.42663009894501,0.0006380718987953868,306716.9449090462
2024-04-28 08:00:00+00:00,-2.081e-05,63883.1,0.0009999999999945608,63.88309999965252,-0.001329407310992769,306716.9462384535
2024-04-28 16:00:00+00:00,2.782e-05,63508.6,0.0009999999999945608,63.508599999654564,0.00176680925199039,306716.94447164424
2024-04-29 00:00:00+00:00,2.472e-05,63088.4,0.0009999999999945608,63.08839999965685,0.0015595452479915174,306716.942912099
2024-04-29 08:00:00+00:00,5.544e-05,62367.36565957,0.0009999999999945608,62.36736565923077,0.003457646752147754,306716.93945445225
2024-04-29 16:00:00+00:00,6.828e-05,63012.0,0.0009999999999945608,63.01199999965726,0.004302459359976598,306716.9351519929
2024-04-30 00:00:00+00:00,9.74e-05,63832.2,0.0009999999999945608,63.8321999996528,0.006217256279966182,306716.9289347366
2024-04-30 08:00:00+00:00,9.154e-05,63123.7,0.0009999999999945608,63.12369999965665,0.005778343497968569,306716.9231563931
2024-04-30 16:00:00+00:00,0.0001,60771.32493617,0.0009999999999945608,60.77132493583945,0.006077132493583945,306716.91707926063
2024-05-01 00:00:00+00:00,0.0001,60651.1,0.0009999999999945608,60.6510999996701,0.00606510999996701,306716.91101415065
2024-05-01 08:00:00+00:00,8.946e-05,57476.7,0.0009999999999945608,57.47669999968737,0.005141865581972032,306716.9058722851
2024-05-01 16:00:00+00:00,9.902e-05,56865.26551064,0.0009999999999945608,56.865265510330694,0.005630798590832945,306716.9002414865
2024-05-02 00:00:00+00:00,6.634e-05,58312.12589362,0.0009999999999945608,58.312125893302834,0.0038684264317617105,306716.89637306007
2024-05-02 08:00:00+00:00,6.169e-05,57646.04275887,0.0009999999999945608,57.64604275855645,0.0035561843777753475,306716.8928168757
2024-05-02 16:00:00+00:00,-1.23e-06,59228.11483688,0.0009999999999945608,59.22811483655784,-7.285058124896615e-05,306716.89288972627
2024-05-03 00:00:00+00:00,-1.549e-05,59037.02063121,0.0009999999999945608,59.03702063088888,-0.0009144834495724688,306716.8938042097
2024-05-03 08:00:00+00:00,-3.764e-05,59158.1,0.0009999999999945608,59.15809999967823,-0.0022267108839878883,306716.8960309206
2024-05-03 16:00:00+00:00,8.091e-05,61662.1,0.0009999999999945608,61.662099999664605,0.004989080510972863,306716.8910418401
2024-05-04 00:00:00+00:00,2.703e-05,62853.7,0.0009999999999945608,62.853699999658126,0.0016989355109907592,306716.88934290456
2024-05-04 08:00:00+00:00,7.455e-05,62933.77334752,0.0009999999999945608,62.93377334717769,0.004691712803032096,306716.88465119177
2024-05-04 16:00:00+00:00,6.265e-05,63590.0,0.0009999999999945608,63.58999999965412,0.003983913499978331,306716.88066727825
2024-05-05 00:00:00+00:00,6.906e-05,63864.2,0.0009999999999945608,63.86419999965263,0.004410461651976011,306716.8762568166
2024-05-05 08:00:00+00:00,6.47e-06,63702.66485816,0.0009999999999945608,63.70266485781351,0.0004121562416300534,306716.8758446604
2024-05-05 16:00:00+00:00,3.893e-05,64398.1,0.0009999999999945608,64.39809999964973,0.0025070180329863643,306716.87333764235
2024-05-06 00:00:00+00:00,6.02e-06,63988.0,0.0009999999999945608,63.987999999651954,0.00038520775999790476,306716.8729524346
2024-05-06 08:00:00+00:00,-1.031e-05,64510.29360284,0.0009999999999945608,64.51029360248911,-0.0006651011270416628,306716.8736175357
2024-05-06 16:00:00+00:00,7.746e-05,63607.48150355,0.0009999999999945608,63.60748150320403,0.0049270355172381835,306716.86869050015
2024-05-07 00:00:00+00:00,6.064e-05,63142.8,0.0009999999999945608,63.14279999965655,0.0038289793919791737,306716.86486152076
2024-05-07 08:00:00+00:00,1.581e-05,63649.0,0.0009999999999945608,63.6489999996538,0.0010062906899945265,306716.8638552301
2024-05-07 16:00:00+00:00,9.028e-05,63715.90033333,0.0009999999999945608,63.71590033298344,0.0057522714820617445,306716.8581029586
2024-05-08 00:00:00+00:00,4.891e-05,62295.9,0.0009999999999945608,62.29589999966116,0.003046892468983427,306716.8550560661
2024-05-08 08:00:00+00:00,5.553e-05,62186.7,0.0009999999999945608,62.18669999966175,0.003453227450981217,306716.85160283867
2024-05-08 16:00:00+00:00,9.292e-05,62251.9,0.0009999999999945608,62.2518999996614,0.005784446547968537,306716.8458183921
2024-05-09 00:00:00+00:00,5.648e-05,61159.60613475,0.0009999999999945608,61.15960613441734,0.0034542945544718913,306716.84236409754
2024-05-09 08:00:00+00:00,3.315e-05,61227.44769504,0.0009999999999945608,61.22744769470697,0.002029689891079536,306716.84033440764
2024-05-09 16:00:00+00:00,7.253e-05,62124.75106383,0.0009999999999945608,62.12475106349209,0.004505908194635081,306716.83582849946
2024-05-10 00:00:00+00:00,1.026e-05,63050.1,0.0009999999999945608,63.05009999965706,0.0006468940259964814,306716.8351816054
2024-05-10 08:00:00+00:00,5.934e-05,63053.8,0.0009999999999945608,63.05379999965704,0.0037416124919796485,306716.83143999294
2024-05-10 16:00:00+00:00,7.653e-05,60896.1,0.0009999999999945608,60.89609999966877,0.004660378532974651,306716.8267796144
2024-05-11 00:00:00+00:00,8.881e-05,60778.1,0.0009999999999945608,60.778099999669415,0.00539770306097064,306716.82138191134
2024-05-11 08:00:00+00:00,3.771e-05,60989.66753191,0.0009999999999945608,60.98966753157827,0.0022999203626158167,306716.819081991
2024-05-11 16:00:00+00:00,5.067e-05,61148.13121277,0.0009999999999945608,61.148131212437406,0.0030983758085342036,306716.8159836152
2024-05-12 00:00:00+00:00,2.604e-05,60809.2,0.0009999999999945608,60.80919999966925,0.0015834715679913874,306716.81440014363
2024-05-12 08:00:00+00:00,2.83e-05,60804.4,0.0009999999999945608,60.80439999966927,0.0017207645199906405,306716.81267937913
2024-05-12 16:00:00+00:00,0.0001,61395.9,0.0009999999999945608,61.39589999966606,0.006139589999966606,306716.80653978913
2024-05-13 00:00:00+00:00,0.0001,61455.7,0.0009999999999945608,61.455699999665725,0.006145569999966573,306716.8003942191
2024-05-13 08:00:00+00:00,8.469e-05,62306.21421986,0.0009999999999945608,62.3062142195211,0.005276713282251242,306716.7951175058
2024-05-13 16:00:00+00:00,9.151e-05,62977.1,0.0009999999999945608,62.977099999657455,0.005763034420968653,306716.78935447143
2024-05-14 00:00:00+00:00,9.866e-05,62917.6,0.0009999999999945608,62.917599999657774,0.006207450415966236,306716.783147021
2024-05-14 08:00:00+00:00,0.0001,62003.15186525,0.0009999999999945608,62.00315186491275,0.006200315186491275,306716.7769467058
2024-05-14 16:00:00+00:00,4.392e-05,61749.9,0.0009999999999945608,61.74989999966413,0.0027120556079852486,306716.7742346502
2024-05-15 00:00:00+00:00,0.0001,61551.95992663,0.0009999999999945608,61.551959926295204,0.006155195992629521,306716.7680794542
2024-05-15 08:00:00+00:00,-3.85e-06,62161.80943262,0.0009999999999945608,62.16180943228189,-0.0002393229663142853,306716.76831877715
2024-05-15 16:00:00+00:00,2.373e-05,64699.9,0.0009999999999945608,64.69989999964808,0.001535328626991649,306716.7667834485
2024-05-16 00:00:00+00:00,2.103e-05,66176.31760993,0.0009999999999945608,66.17631760957006,0.0013916879593292584,306716.76539176056
2024-05-16 08:00:00+00:00,5.148e-05,66106.70102128,0.0009999999999945608,66.10670102092043,0.0034031729685569836,306716.7619885876
2024-05-16 16:00:00+00:00,3.543e-05,65800.0,12.570999999999994,827171.7999999996,29.306696873999982,306354.9822945714
2024-05-17 00:00:00+00:00,4.647e-05,65217.8,9.224999999999994,601634.2049999996,27.957941506349982,305096.9311150116
2024-05-17 08:00:00+00:00,8.15e-06,66352.06608951,9.224999999999994,612097.8096757294,4.9885971488571945,305091.9425178628
2024-05-17 16:00:00+00:00,-2.98e-06,67165.6,9.224999999999994,619602.6599999997,-1.8464159267999989,305093.7889337896
2024-05-18 00:00:00+00:00,6.28e-06,66981.43681585,9.224999999999994,617903.7546262159,3.880435579052636,305089.90849821054
2024-05-18 08:00:00+00:00,8.012e-05,66856.72598582,9.224999999999994,616753.2972191891,49.414274173201434,305040.49422403733
2024-05-18 16:00:00+00:00,-7.92e-06,66782.79441844,9.224999999999994,616071.2785101086,-4.879284525800061,305045.37350856315
2024-05-19 00:00:00+00:00,3.339e-05,66889.61222695,9.224999999999994,617056.6727936134,20.60352230457875,305024.7699862586
2024-05-19 08:00:00+00:00,5.21e-05,67299.09055319,11.512999999999995,774814.4295388762,40.36783177897545,304922.9502103799
2024-05-19 16:00:00+00:00,4.779e-05,66863.0,11.512999999999995,769793.7189999997,36.78844183100998,304886.1617685489
2024-05-20 00:00:00+00:00,5.607e-05,66239.4,3.3109999999999946,219318.65339999963,12.29719689613798,302148.1316456845
2024-05-20 08:00:00+00:00,2.479e-05,66792.98546809,3.3109999999999946,221151.57488484564,5.482347541395324,302142.6492981431
2024-05-20 16:00:00+00:00,2.552e-05,67388.60888652,3.3109999999999946,223123.68402326736,5.694116416273783,302136.95518172684
2024-05-21 00:00:00+00:00,0.0001,71464.47075887,14.602999999999994,1043595.6664917782,104.35956664917782,301724.70123570756
2024-05-21 08:00:00+00:00,0.00010517,70922.67915603,14.602999999999994,1035683.8837155057,108.92287405035974,301615.7783616572
2024-05-21 16:00:00+00:00,0.0001,69865.29020567,14.602999999999994,1020242.8328733986,102.02428328733986,301513.7540783699
2024-05-22 00:00:00+00:00,0.0001,70161.66021986,9.613999999999995,674534.2013537338,67.45342013537338,311856.7300723253
2024-05-22 08:00:00+00:00,0.00015759,69758.26461702,9.613999999999995,670655.95602803,105.68867211045725,311751.0414002149
2024-05-22 16:00:00+00:00,0.0001,70485.7,9.613999999999995,677649.5197999997,67.76495197999996,311683.2764482349
2024-05-23 00:00:00+00:00,0.0001,69216.75041844,9.613999999999995,665449.8385228819,66.54498385228818,311616.7314643826
2024-05-23 08:00:00+00:00,0.0001,69769.14902128,9.613999999999995,670760.5986905856,67.07605986905857,311549.6554045135
2024-05-23 16:00:00+00:00,0.0001,68101.47424823,9.613999999999995,654727.5734224829,65.4727573422483,311484.18264717126
2024-05-24 00:00:00+00:00,0.0001,67999.9,0.000999999999995227,67.99989999967542,0.006799989999967542,314629.8254729984
2024-05-24 08:00:00+00:00,0.0001,67186.09227439,0.000999999999995227,67.18609227406932,0.006718609227406933,314629.8187543891
2024-05-24 16:00:00+00:00,0.0001,68340.2,0.000999999999995227,68.3401999996738,0.00683401999996738,314629.8119203691
2024-05-25 00:00:00+00:00,0.0001,68575.85285816,0.000999999999995227,68.57585285783269,0.006857585285783269,314629.8050627838
2024-05-25 08:00:00+00:00,0.0001,68775.0,0.000999999999995227,68.77499999967173,0.006877499999967174,314629.79818528384
2024-05-25 16:00:00+00:00,0.0001,68945.95104965,2.7389999999999954,188842.95992499104,18.884295992499105,314535.20858016517
2024-05-26 00:00:00+00:00,0.0001,69310.33024113,2.7389999999999954,189840.99453045474,18.984099453045474,314516.22448071215
2024-05-26 08:00:00+00:00,0.0001,69359.2,2.7389999999999954,189974.8487999997,18.99748487999997,314497.22699583217
2024-05-26 16:00:00+00:00,0.0001,68863.88640426,0.000999999999995227,68.86388640393132,0.006886388640393132,315012.8010156963
2024-05-27 00:00:00+00:00,0.0001,68524.3,0.000999999999995227,68.52429999967293,0.006852429999967294,315012.7941632663
2024-05-27 08:00:00+00:00,0.0001,68661.1,0.000999999999995227,68.66109999967229,0.006866109999967229,315012.7872971563
2024-05-27 16:00:00+00:00,0.0001,70420.53890071,0.000999999999995227,70.42053890037388,0.007042053890037389,315012.7802551024
2024-05-28 00:00:00+00:00,0.0001,69461.6,0.000999999999995227,69.46159999966846,0.006946159999966847,315012.7733089424
2024-05-28 08:00:00+00:00,0.0001,67712.0,0.000999999999995227,67.7119999996768,0.006771199999967681,315012.7665377424
2024-05-28 16:00:00+00:00,0.0001,68397.0,0.000999999999995227,68.39699999967354,0.006839699999967354,315012.7596980424
2024-05-29 00:00:00+00:00,0.0001,68437.92765248,0.000999999999995227,68.43792765215333,0.006843792765215333,315012.7528542497
2024-05-29 08:00:00+00:00,0.0001,67984.3,0.000999999999995227,67.98429999967551,0.006798429999967551,315012.7460558197
2024-05-29 16:00:00+00:00,0.00012558,67420.5,0.000999999999995227,67.4204999996782,0.008466666389959588,315012.7375891533
2024-05-30 00:00:00+00:00,0.0001,67686.7,0.000999999999995227,67.68669999967692,0.006768669999967692,315012.7308204833
2024-05-30 08:00:00+00:00,0.0001,67624.168,0.000999999999995227,67.62416799967723,0.0067624167999677225,315012.7240580665
2024-05-30 16:00:00+00:00,0.0001,68560.89908511,0.000999999999995227,68.56089908478275,0.006856089908478275,315012.7172019766
2024-05-31 00:00:00+00:00,0.00014599,68397.3161844,0.000999999999995227,68.39731618407353,0.009985324189712895,315012.7072166524
2024-05-31 08:00:00+00:00,0.00012268,68223.75825532,0.000999999999995227,68.22375825499437,0.008369690662722709,315012.6988469617
2024-05-31 16:00:00+00:00,0.0001,67252.7,0.000999999999995227,67.252699999679,0.0067252699999679,315012.6921216917
2024-06-01 00:00:00+00:00,0.0001,67570.9311773,0.000999999999995227,67.57093117697747,0.006757093117697747,315012.6853645986
2024-06-01 08:00:00+00:00,0.0001,67672.36980851,0.000999999999995227,67.672369808187,0.0067672369808187,315012.6785973616
2024-06-01 16:00:00+00:00,0.0001025,67722.94709929,0.000999999999995227,67.72294709896676,0.006941602077644092,315012.6716557595
2024-06-02 00:00:00+00:00,0.0001,67799.2,0.000999999999995227,67.79919999967639,0.00677991999996764,315012.6648758395
2024-06-02 08:00:00+00:00,0.0001,67743.0,0.000999999999995227,67.74299999967666,0.006774299999967666,315012.6581015395
2024-06-02 16:00:00+00:00,0.0001,68189.9,0.000999999999995227,68.18989999967452,0.006818989999967453,315012.6512825495
2024-06-03 00:00:00+00:00,0.0001,67806.0,0.000999999999995227,67.80599999967636,0.0067805999999676365,315012.6445019495
2024-06-03 08:00:00+00:00,0.00014135,68949.97496454,0.000999999999995227,68.9499749642109,0.00974607896119121,315012.6347558705
2024-06-03 16:00:00+00:00,0.0001,69637.74636879,0.000999999999995227,69.63774636845761,0.006963774636845762,315012.6277920959
2024-06-04 00:00:00+00:00,0.00012008,68851.3,0.000999999999995227,68.85129999967137,0.008267664103960537,315012.61952443176
2024-06-04 08:00:00+00:00,0.0001,69048.97910492,0.000999999999995227,69.04897910459043,0.006904897910459043,315012.61261953384
2024-06-04 16:00:00+00:00,0.0001,70485.89790071,0.000999999999995227,70.48589790037356,0.007048589790037356,315012.605570944
2024-06-05 00:00:00+00:00,0.0001,70580.1,0.000999999999995227,70.58009999966312,0.0070580099999663125,315012.59851293406
2024-06-05 08:00:00+00:00,0.00016387,71237.1757305,11.161999999999995,795149.3555038407,130.30112488641436,314566.9901484245
2024-06-05 16:00:00+00:00,0.00013226,71625.2,11.161999999999995,799480.4823999996,105.73928860222397,314461.2508598223
2024-06-06 00:00:00+00:00,0.0001,71133.3,11.170999999999994,794630.0942999996,79.46300942999997,315778.9959014884
2024-06-06 08:00:00+00:00,0.00010438,71073.71043287,11.170999999999994,793964.4192455902,82.87400608085471,315696.12189540756
2024-06-06 16:00:00+00:00,0.0001177,71332.40630496,11.170999999999994,796854.3108327077,93.78975238500969,315602.33214302256
2024-06-07 00:00:00+00:00,0.0001,70830.0,3.562999999999994,252367.28999999957,25.236728999999958,312464.0100722165
2024-06-07 08:00:00+00:00,0.0001,71147.9,12.142999999999994,863948.9496999994,86.39489496999994,312133.675153527
2024-06-07 16:00:00+00:00,0.00010166,71150.0,12.142999999999994,863974.4499999995,87.83164258699995,312045.84351094
2024-06-08 00:00:00+00:00,0.0001,69377.0,0.0009999999999932285,69.37699999953021,0.006937699999953022,306311.84739527624
2024-06-08 08:00:00+00:00,0.0001,69612.10561702,0.0009999999999932285,69.61210561654863,0.006961210561654864,306311.84043406567
2024-06-08 16:00:00+00:00,0.0001,69462.1,0.0009999999999932285,69.46209999952964,0.006946209999952964,306311.8334878557
2024-06-09 00:00:00+00:00,0.0001,69346.5,0.0009999999999932285,69.34649999953042,0.0069346499999530424,306311.82655320567
2024-06-09 08:00:00+00:00,0.0001,69331.9,0.0009999999999932285,69.33189999953052,0.006933189999953052,306311.8196200157
2024-06-09 16:00:00+00:00,0.0001,69530.2,0.0009999999999932285,69.53019999952917,0.006953019999952918,306311.8126669957
2024-06-10 00:00:00+00:00,0.0001,69667.1,0.0009999999999932285,69.66709999952826,0.006966709999952827,306311.8057002857
2024-06-10 08:00:00+00:00,0.0001,69325.2,0.0009999999999932285,69.32519999953057,0.006932519999953057,306311.7987677657
2024-06-10 16:00:00+00:00,0.0001,70077.2856383,0.0009999999999932285,70.07728563782548,0.007007728563782549,306311.79176003713
2024-06-11 00:00:00+00:00,0.0001,69558.7,4.518999999999993,314335.7652999995,31.433576529999954,306153.6661711281
2024-06-11 08:00:00+00:00,0.0001,67582.1,0.0009999999999932285,67.58209999954238,0.006758209999954239,298595.70279368485
2024-06-11 16:00:00+00:00,0.0001,66259.90092908,0.0009999999999932285,66.25990092863132,0.006625990092863133,298595.69616769475
2024-06-12 00:00:00+00:00,0.0001,67316.36897872,0.0009999999999932285,67.31636897826417,0.0067316368978264166,298595.6894360579
2024-06-12 08:00:00+00:00,0.0001,67453.49152482,0.0009999999999932285,67.45349152436324,0.006745349152436325,298595.6826907087
2024-06-12 16:00:00+00:00,0.0001,69735.43802128,0.0009999999999932285,69.73543802080779,0.00697354380208078,298595.67571716494
2024-06-13 00:00:00+00:00,0.0001,68269.15138298,0.0009999999999932285,68.2691513825177,0.0068269151382517705,292399.1899490556
2024-06-13 08:00:00+00:00,0.0001,67724.69510638,0.0009999999999932285,67.7246951059214,0.00677246951059214,292399.1831765861
2024-06-13 16:00:00+00:00,0.0001,66469.11765957,0.0009999999999932285,66.4691176591199,0.00664691176591199,292399.1765296743
2024-06-14 00:00:00+00:00,0.0001,66782.54541135,0.0009999999999932285,66.78254541089778,0.006678254541089779,292399.1698514198
2024-06-14 08:00:00+00:00,0.0001,66907.91765957,0.0009999999999932285,66.90791765911693,0.006690791765911693,292399.16316062806
2024-06-14 16:00:00+00:00,0.0001,66387.61166667,0.0009999999999932285,66.38761166622045,0.006638761166622045,292399.1565218669
2024-06-15 00:00:00+00:00,0.0001,66039.7,0.0009999999999932285,66.03969999955281,0.006603969999955281,292399.1499178969
2024-06-15 08:00:00+00:00,0.0001,66076.87574468,0.0009999999999932285,66.07687574423257,0.006607687574423257,292399.1433102093
2024-06-15 16:00:00+00:00,0.0001,66311.9,0.0009999999999932285,66.31189999955096,0.006631189999955096,292399.1366790193
2024-06-16 00:00:00+00:00,0.0001,66213.73051773,0.0009999999999932285,66.21373051728163,0.006621373051728163,292399.13005764625
2024-06-16 08:00:00+00:00,0.0001,66249.4,0.0009999999999932285,66.24939999955139,0.006624939999955139,292399.1234327062
2024-06-16 16:00:00+00:00,0.0001,66693.21286525,0.0009999999999932285,66.69321286479838,0.006669321286479839,292399.11676338495
2024-06-17 00:00:00+00:00,0.0001,66658.01889362,0.0009999999999932285,66.65801889316863,0.006665801889316863,292399.1100975831
2024-06-17 08:00:00+00:00,0.0001,66147.3,0.0009999999999932285,66.14729999955209,0.0066147299999552095,292399.1034828531
2024-06-17 16:00:00+00:00,0.0001,65341.9,0.0009999999999932285,65.34189999955754,0.006534189999955755,292399.0969486631
2024-06-18 00:00:00+00:00,0.0001,66472.0,0.0009999999999932285,66.4719999995499,0.00664719999995499,292399.09030146315
2024-06-18 08:00:00+00:00,8.236e-05,65646.3,0.0009999999999932285,65.64629999955548,0.00540662926796339,292399.08489483385
2024-06-18 16:00:00+00:00,0.0001,64674.76685106,0.0009999999999932285,64.67476685062205,0.0064674766850622055,292399.0784273572
2024-06-19 00:00:00+00:00,0.0001,65150.0,0.0009999999999932285,65.14999999955884,0.006514999999955885,292399.0719123572
2024-06-19 08:00:00+00:00,4.127e-05,65295.0,0.0009999999999932285,65.29499999955786,0.0026947246499817532,292399.0692176325
2024-06-19 16:00:00+00:00,2.967e-05,64895.35796038,0.0009999999999932285,64.89535795994057,0.0019254452706714367,292399.06729218725
2024-06-20 00:00:00+00:00,3.934e-05,64946.30757887,0.0009999999999932285,64.94630757843022,0.002554987740135445,292399.0647371995
2024-06-20 08:00:00+00:00,5.953e-05,65831.3,0.0009999999999932285,65.83129999955423,0.003918937288973463,292399.0608182622
2024-06-20 16:00:00+00:00,6.879e-05,64801.04885816,0.0009999999999932285,64.8010488577212,0.004457664150922641,292399.0563605981
2024-06-21 00:00:00+00:00,3.344e-05,64853.9,0.0009999999999932285,64.85389999956085,0.0021687144159853147,292399.05419188365
2024-06-21 08:00:00+00:00,7.328e-05,64180.8,0.0009999999999932285,64.18079999956541,0.004703169023968153,292399.0494887146
2024-06-21 16:00:00+00:00,0.0001,63712.0,0.0009999999999932285,63.711999999568576,0.006371199999956858,292399.0431175146
2024-06-22 00:00:00+00:00,0.0001,64124.0,0.0009999999999932285,64.12399999956578,0.0064123999999565785,292399.0367051146
2024-06-22 08:00:00+00:00,4.146e-05,64490.1,0.0009999999999932285,64.4900999995633,0.002673759545981894,292399.03403135506
2024-06-22 16:00:00+00:00,0.0001,64283.46988652,0.0009999999999932285,64.2834698860847,0.006428346988608471,292399.0276030081
2024-06-23 00:00:00+00:00,0.0001,64242.52147518,0.0009999999999932285,64.24252147474499,0.0064242521474745,292399.02117875597
2024-06-23 08:00:00+00:00,2.307e-05,64390.0,0.0009999999999932285,64.38999999956398,0.0014854772999899411,292399.01969327865
2024-06-23 16:00:00+00:00,4.676e-05,64071.8,0.0009999999999932285,64.07179999956614,0.0029959973679797125,292399.0166972813
2024-06-24 00:00:00+00:00,9.534e-05,63195.0,0.0009999999999932285,63.194999999572076,0.006025011299959202,292399.01067227
2024-06-24 08:00:00+00:00,0.0001,62433.7,0.0009999999999932285,62.43369999957723,0.006243369999957723,292399.00442889996
2024-06-24 16:00:00+00:00,7.488e-05,60823.2,0.0009999999999932285,60.823199999588134,0.0045544412159691594,292398.99987445876
2024-06-25 00:00:00+00:00,7.447e-05,60273.5,0.0009999999999932285,60.27349999959186,0.004488567544969606,292398.99538589123
2024-06-25 08:00:00+00:00,5.949e-05,60660.0,0.0009999999999932285,60.659999999589246,0.003608663399975564,292398.99177722784
2024-06-25 16:00:00+00:00,7.752e-05,61776.0,0.0009999999999932285,61.775999999581686,0.004788875519967572,292398.9869883523
2024-06-26 00:00:00+00:00,0.0001,61780.09841844,0.0009999999999932285,61.78009841802166,0.006178009841802166,292398.9808103425
2024-06-26 08:00:00+00:00,0.0001,61705.3,0.0009999999999932285,61.70529999958217,0.006170529999958217,292398.9746398125
2024-06-26 16:00:00+00:00,0.0001,61444.55675887,0.0009999999999932285,61.44455675845393,0.006144455675845393,292398.9684953568
2024-06-27 00:00:00+00:00,0.0001,60860.46280851,0.0009999999999932285,60.860462808097886,0.006086046280809789,292398.9624093105
2024-06-27 08:00:00+00:00,0.0001,60787.3987234,0.0009999999999932285,60.78739872298838,0.006078739872298838,292398.9563305706
2024-06-27 16:00:00+00:00,0.0001,61570.5,0.0009999999999932285,61.57049999958308,0.006157049999958308,292398.9501735206
2024-06-28 00:00:00+00:00,0.0001,61682.0,0.0009999999999932285,61.681999999582324,0.006168199999958233,292398.9440053206
2024-06-28 08:00:00+00:00,0.0001,61326.93314184,0.0009999999999932285,61.32693314142473,0.006132693314142473,292398.9378726273
2024-06-28 16:00:00+00:00,0.0001,61048.94459574,0.0009999999999932285,61.04894459532661,0.0061048944595326615,292398.93176773284
2024-06-29 00:00:00+00:00,0.0001,60430.20117388,0.0009999999999932285,60.4302011734708,0.0060430201173470805,292398.9257247127
2024-06-29 08:00:00+00:00,0.0001,61049.8,0.0009999999999932285,61.049799999586604,0.006104979999958661,292398.9196197327
2024-06-29 16:00:00+00:00,0.0001,61108.14415603,0.0009999999999932285,61.10814415561621,0.006110814415561622,292398.9135089183
2024-06-30 00:00:00+00:00,0.0001,60982.4,0.0009999999999932285,60.98239999958706,0.006098239999958706,292398.90741067834
2024-06-30 08:00:00+00:00,0.0001,61529.93914894,0.0009999999999932285,61.529939148523354,0.006152993914852336,292398.9012576844
2024-06-30 16:00:00+00:00,0.0001,61716.86914894,0.0009999999999932285,61.716869148522086,0.006171686914852209,292398.8950859975
2024-07-01 00:00:00+00:00,0.0001,62766.0,0.0009999999999932285,62.76599999957498,0.006276599999957499,292398.88880939747
2024-07-01 08:00:00+00:00,0.0001,63263.85829787,0.0009999999999932285,63.26385829744161,0.006326385829744161,292398.88248301164
2024-07-01 16:00:00+00:00,0.0001,63120.0,0.0009999999999932285,63.119999999572585,0.006311999999957259,292398.87617101165
2024-07-02 00:00:00+00:00,0.0001,62892.46180142,0.0009999999999932285,62.89246180099413,0.006289246180099413,292398.86988176545
2024-07-02 08:00:00+00:00,0.0001,62620.53560528,0.0009999999999932285,62.62053560485597,0.006262053560485597,292398.8636197119
2024-07-02 16:00:00+00:00,0.0001,61944.44702128,0.0009999999999932285,61.944447020860544,0.0061944447020860546,292398.85742526717
2024-07-03 00:00:00+00:00,0.0001,62123.6,0.0009999999999932285,62.12359999957933,0.006212359999957934,292398.8512129072
2024-07-03 08:00:00+00:00,0.0001,60874.01737589,0.0009999999999932285,60.87401737547779,0.006087401737547779,292398.8451255054
2024-07-03 16:00:00+00:00,0.0001,60178.96865957,0.0009999999999932285,60.1789686591625,0.00601789686591625,292398.83910760854
2024-07-04 00:00:00+00:00,0.0001,60207.9,0.0009999999999932285,60.20789999959231,0.006020789999959231,292398.8330868185
2024-07-04 08:00:00+00:00,0.0001,58214.0,0.0009999999999932285,58.213999999605804,0.005821399999960581,292398.82726541854
2024-07-04 16:00:00+00:00,0.0001,58124.9,0.0009999999999932285,58.12489999960641,0.005812489999960642,292398.82145292853
2024-07-05 00:00:00+00:00,0.0001,57045.15234043,0.0009999999999932285,57.04515234004372,0.005704515234004373,292398.8157484133
2024-07-05 08:00:00+00:00,0.0001,54397.5,0.0009999999999932285,54.39749999963165,0.005439749999963165,292398.81030866335
2024-07-05 16:00:00+00:00,1.762e-05,56623.9,0.0009999999999932285,56.623899999616576,0.0009977131179932442,292398.8093109502
2024-07-06 00:00:00+00:00,5.729e-05,56609.0,0.0009999999999932285,56.60899999961667,0.0032431296099780394,292398.80606782064
2024-07-06 08:00:00+00:00,7.512e-05,56580.08132624,0.0009999999999932285,56.58008132585687,0.004250295709198368,292398.80181752495
2024-07-06 16:00:00+00:00,3.25e-05,57289.27111519,0.0009999999999932285,57.28927111480207,0.0018619013112310672,292398.79995562363
2024-07-07 00:00:00+00:00,8.164e-05,58216.1,0.0009999999999932285,58.21609999960579,0.0047527624039678164,292398.79520286125
2024-07-07 08:00:00+00:00,0.0001,57346.25256738,0.0009999999999932285,57.34625256699168,0.005734625256699168,292398.789468236
2024-07-07 16:00:00+00:00,0.0001,56806.2,0.0009999999999932285,56.80619999961534,0.005680619999961534,292398.783787616
2024-07-08 00:00:00+00:00,7.905e-05,55831.0,0.0009999999999932285,55.830999999621945,0.004413440549970115,292398.7793741755
2024-07-08 08:00:00+00:00,8.222e-05,55825.67702837,0.0009999999999932285,55.82567702799198,0.0045899871652415,292398.7747841883
2024-07-08 16:00:00+00:00,0.0001,55738.49497163,0.0009999999999932285,55.73849497125257,0.005573849497125257,292398.7692103388
2024-07-09 00:00:00+00:00,0.0001,56698.83177305,0.0009999999999932285,56.69883177266606,0.0056698831772666065,292398.76354045566
2024-07-09 08:00:00+00:00,8.61e-06,57102.6,0.0009999999999932285,57.10259999961333,0.0004916533859966708,292398.76304880227
2024-07-09 16:00:00+00:00,0.0001,57453.43046809,0.0009999999999932285,57.453430467700954,0.005745343046770096,292398.7573034592
2024-07-10 00:00:00+00:00,0.0001,58026.17540426,0.0009999999999932285,58.02617540386708,0.005802617540386708,292398.7515008417
2024-07-10 08:00:00+00:00,9.225e-05,58951.04627293,0.0009999999999932285,58.95104627253081,0.005438234018640967,292398.7460626077
2024-07-10 16:00:00+00:00,5.485e-05,57662.32426241,0.0009999999999932285,57.662324262019546,0.003162778485771772,292398.7428998292
2024-07-11 00:00:00+00:00,0.0001,57707.0,0.0009999999999932285,57.70699999960924,0.005770699999960924,292398.7371291292
2024-07-11 08:00:00+00:00,0.0001,58164.76708511,0.0009999999999932285,58.16476708471614,0.005816476708471614,292398.73131265247
2024-07-11 16:00:00+00:00,0.0001,57382.8,0.0009999999999932285,57.382799999611436,0.005738279999961144,292398.72557437245
2024-07-12 00:00:00+00:00,6.378e-05,57315.5,0.0009999999999932285,57.31549999961189,0.0036555825899752463,292398.72191878984
2024-07-12 08:00:00+00:00,3.026e-05,57077.77289362,0.0009999999999932285,57.0777728932335,0.0017271734077492459,292398.72019161645
2024-07-12 16:00:00+00:00,4.037e-05,58188.9,0.0009999999999932285,58.18889999960598,0.0023490858929840937,292398.7178425306
2024-07-13 00:00:00+00:00,8.319e-05,57870.0,0.0009999999999932285,57.86999999960813,0.0048142052999674,292398.7130283253
2024-07-13 08:00:00+00:00,6.865e-05,58141.96114894,0.0009999999999932285,58.141961148546294,0.003991445632847703,292398.70903687965
2024-07-13 16:00:00+00:00,0.0001,58808.5,0.0009999999999932285,58.80849999960178,0.0058808499999601785,292398.70315602963
2024-07-14 00:00:00+00:00,8.737e-05,59174.73812179,0.0009999999999932285,59.1747381213893,0.005170096869665783,292398.69798593275
2024-07-14 08:00:00+00:00,3.71e-05,60031.33100709,0.0009999999999932285,60.031331006683494,0.0022271623803479575,292398.6957587704
2024-07-14 16:00:00+00:00,8.342e-05,60057.37801174,0.0009999999999932285,60.05737801133333,0.005009986473705426,292398.69074878393
2024-07-15 00:00:00+00:00,4.59e-05,60766.1,0.0009999999999932285,60.76609999958852,0.002789163989981113,292398.68795962
2024-07-15 08:00:00+00:00,3.202e-05,62821.11483688,0.0009999999999932285,62.821114836454605,0.0020115320970632766,292398.6859480879
2024-07-15 16:00:00+00:00,-5.14e-06,62992.92755319,0.0009999999999932285,62.99292755276344,-0.0003237836476212041,292398.68627187156
2024-07-16 00:00:00+00:00,-5.062e-05,64694.98063121,0.0009999999999932285,64.69498063077192,-0.003274859919529675,292398.6895467315
2024-07-16 08:00:00+00:00,8.814e-05,62881.8,11.511999999999993,723895.2815999996,63.804130120223974,292036.8029171114
2024-07-16 16:00:00+00:00,2.717e-05,64842.43587234,2.2529999999999926,146090.00802038153,3.969265517913766,274539.09791780484
2024-07-17 00:00:00+00:00,-3.419e-05,65007.25863121,7.177999999999992,466622.1024548249,-15.953809682930464,274427.30666817655
2024-07-17 08:00:00+00:00,1.775e-05,65236.46422695,7.177999999999992,468267.3402210465,8.311745288923577,274418.99492288765
2024-07-17 16:00:00+00:00,2.143e-05,64695.8,7.177999999999992,464386.4523999995,9.951801674931989,274409.04312121274
2024-07-18 00:00:00+00:00,6.89e-06,64057.3,7.177999999999992,459803.2993999995,3.1680447328659964,274405.87507647986
2024-07-18 08:00:00+00:00,1.546e-05,64643.7,7.289999999999992,471252.57299999945,7.285564778579992,270312.90737244324
2024-07-18 16:00:00+00:00,3.127e-05,63507.16174468,7.289999999999992,462967.2091187167,14.47698462914227,270298.4303878141
2024-07-19 00:00:00+00:00,4.029e-05,63959.9,2.124999999999992,135914.78749999948,5.4760067883749795,263215.84119765257
2024-07-19 08:00:00+00:00,4.855e-05,63673.9,2.124999999999992,135307.03749999948,6.569156670624975,263209.2720409819
2024-07-19 16:00:00+00:00,4.606e-05,65799.9,2.124999999999992,139824.78749999945,6.440329712249976,263202.8317112697
2024-07-20 00:00:00+00:00,-3.077e-05,66631.11457447,7.2539999999999925,483342.10512320494,-14.872436574641014,263082.7050054073
2024-07-20 08:00:00+00:00,1.944e-05,66526.3,7.2539999999999925,482581.7801999995,9.381389807087992,263073.3236156002
2024-07-20 16:00:00+00:00,1.622e-05,66796.9,7.2539999999999925,484544.71259999945,7.859315238371991,263065.4643003618
2024-07-21 00:00:00+00:00,-5.313e-05,67097.32798582,7.2539999999999925,486724.01720913773,-25.859647034321487,263091.32394739613
2024-07-21 08:00:00+00:00,2.194e-05,66669.9,7.2539999999999925,483623.4545999995,10.610698593923988,263080.71324880223
2024-07-21 16:00:00+00:00,6.46e-06,67132.77455319,7.2539999999999925,486981.14660883974,3.1458982070931047,263077.56735059514
2024-07-22 00:00:00+00:00,9.136e-05,68138.0,7.2539999999999925,494273.0519999995,45.15678603071996,263032.4105645644
2024-07-22 08:00:00+00:00,5.953e-05,67210.4,7.2539999999999925,487544.2415999994,29.023508702447966,263003.38705586194
2024-07-22 16:00:00+00:00,2.769e-05,67044.4,7.2539999999999925,486340.07759999944,13.466756748743984,262989.9202991132
2024-07-23 00:00:00+00:00,4.709e-05,67506.78867376,7.2539999999999925,489694.24503945454,23.059701998907915,262966.8605971143
2024-07-23 08:00:00+00:00,4.31e-05,66548.5,7.2539999999999925,482742.8189999995,20.806215498899977,262946.0543816154
2024-07-23 16:00:00+00:00,4.642e-05,66569.9552695,0.0009999999999923403,66.5699552689901,0.0030901773235865204,270072.9679679958
2024-07-24 00:00:00+00:00,0.0001,65916.87183688,0.0009999999999923403,65.91687183637511,0.006591687183637511,270072.9613763086
2024-07-24 08:00:00+00:00,0.0001,66049.92706383,0.0009999999999923403,66.04992706332408,0.006604992706332408,270072.95477131585
2024-07-24 16:00:00+00:00,0.0001,66151.32321986,0.0009999999999923403,66.1513232193533,0.00661513232193533,270072.9481561835
2024-07-25 00:00:00+00:00,0.0001,65361.80198582,0.0009999999999923403,65.36180198531935,0.006536180198531935,268563.47570579837
2024-07-25 08:00:00+00:00,0.0001,64115.1,0.0009999999999923403,64.1150999995089,0.0064115099999508905,268563.46929428837
2024-07-25 16:00:00+00:00,0.0001,64773.3,0.0009999999999923403,64.77329999950386,0.006477329999950387,268563.4628169584
2024-07-26 00:00:00+00:00,0.0001,65773.93836879,0.0009999999999923403,65.7739383682862,0.00657739383682862,268563.4562395645
2024-07-26 08:00:00+00:00,0.0001,66873.7,7.465999999999992,499279.0441999995,49.92790441999995,268314.5085294161
2024-07-26 16:00:00+00:00,3.34e-05,67528.0,7.465999999999992,504164.0479999995,16.839079203199983,268297.6694502129
2024-07-27 00:00:00+00:00,6.547e-05,67882.6,7.465999999999992,506811.49159999954,33.18094835505197,268264.48850185785
2024-07-27 08:00:00+00:00,8.022e-05,68018.10331915,7.465999999999992,507823.1593807734,40.73757384552564,268223.7509280123
2024-07-27 16:00:00+00:00,9.109e-05,68821.9,7.465999999999992,513824.30539999943,46.80425597888595,268176.9466720334
2024-07-28 00:00:00+00:00,8.18e-05,67873.8,7.465999999999992,506745.7907999995,41.45180568743996,268135.49486634595
2024-07-28 08:00:00+00:00,9.177e-05,67521.26246099,7.755999999999992,523694.9116474379,48.059482041885374,268079.5566296735
2024-07-28 16:00:00+00:00,2.804e-05,67624.3,2.305999999999992,155941.63579999947,4.3726034678319845,272213.04668903723
2024-07-29 00:00:00+00:00,8.361e-05,68217.6007234,8.087999999999992,551743.9546508586,46.13131204835829,272009.36357029114
2024-07-29 08:00:00+00:00,5.623e-05,69510.6,8.087999999999992,562201.7327999995,31.612603435343974,271977.7509668558
2024-07-29 16:00:00+00:00,0.0001,68069.42346099,8.087999999999992,550545.4969524866,55.05454969524866,271922.69641716057
2024-07-30 00:00:00+00:00,3.396e-05,66757.24846809,0.0009999999999923403,66.75724846757866,0.0022670761579589712,272597.30990865163
2024-07-30 08:00:00+00:00,3.562e-05,66914.0,0.0009999999999923403,66.91399999948746,0.0023834766799817435,272597.3075251749
2024-07-30 16:00:00+00:00,7.691e-05,66198.0,0.0009999999999923403,66.19799999949295,0.005091288179961002,272597.30243388674
2024-07-31 00:00:00+00:00,3.063e-05,66159.4,0.0009999999999923403,66.15939999949323,0.002026462421984478,272597.30040742434
2024-07-31 08:00:00+00:00,7.178e-05,66196.4,0.0009999999999923403,66.19639999949295,0.004751577591963604,272597.29565584677
2024-07-31 16:00:00+00:00,3.826e-05,66354.4,0.0009999999999923403,66.35439999949175,0.0025387193439805546,272597.29311712744
2024-08-01 00:00:00+00:00,8.208e-05,64601.8,0.0009999999999923403,64.60179999950518,0.005302515743959384,272597.2878146117
2024-08-01 08:00:00+00:00,0.0001,64307.13363121,0.0009999999999923403,64.30713363071743,0.006430713363071743,272597.28138389834
2024-08-01 16:00:00+00:00,0.0001,62888.5,0.0009999999999923403,62.888499999518295,0.00628884999995183,272597.27509504836
2024-08-02 00:00:00+00:00,0.0001,65328.9,0.0009999999999923403,65.32889999949961,0.006532889999949961,272597.26856215834
2024-08-02 08:00:00+00:00,0.0001,64151.88360993,0.0009999999999923403,64.15188360943863,0.006415188360943863,272597.26214696997
2024-08-02 16:00:00+00:00,0.0001,63400.10768182,0.0009999999999923403,63.400107681334376,0.006340010768133438,272597.2558069592
2024-08-03 00:00:00+00:00,0.0001,61483.7,0.0009999999999923403,61.48369999952905,0.006148369999952905,272597.2496585892
2024-08-03 08:00:00+00:00,9.788e-05,61637.35880303,0.0009999999999923403,61.637358802557884,0.006033064679594366,272597.2436255245
2024-08-03 16:00:00+00:00,4.247e-05,60857.8,0.0009999999999923403,60.85779999953385,0.0025846307659802025,272597.2410408938
2024-08-04 00:00:00+00:00,0.0001,60684.5,0.0009999999999923403,60.68449999953518,0.006068449999953518,272597.2349724438
2024-08-04 08:00:00+00:00,5.343e-05,60349.1,0.0009999999999923403,60.34909999953774,0.0032244524129753016,272597.23174799135
2024-08-04 16:00:00+00:00,0.0001,59062.3,0.0009999999999923403,59.062299999547605,0.005906229999954761,272597.22584176133
2024-08-05 00:00:00+00:00,0.0001,58139.09001515,0.0009999999999923403,58.13909001470468,0.005813909001470468,272597.22002785234
2024-08-05 08:00:00+00:00,4.429e-05,52660.0,0.0009999999999923403,52.65999999959664,0.002332311399982135,272597.2176955409
2024-08-05 16:00:00+00:00,5.967e-05,54294.5,0.0009999999999923403,54.294499999584126,0.003239752814975185,272597.2144557881
2024-08-06 00:00:00+00:00,3.566e-05,53982.27399242,0.0009999999999923403,53.98227399200651,0.0019250078905549523,272597.2125307802
2024-08-06 08:00:00+00:00,-2.845e-05,55979.0,0.0009999999999923403,55.97899999957122,-0.0015926025499878012,272597.2141233827
2024-08-06 16:00:00+00:00,4.485e-05,56380.50887121,0.0009999999999923403,56.380508870778144,0.0025286658228544,272597.2115947169
2024-08-07 00:00:00+00:00,-7.3e-06,56004.64487121,0.0009999999999923403,56.00464487078103,-0.00040883390755670155,272597.2120035508
2024-08-07 08:00:00+00:00,-6.859e-05,56898.7,0.0009999999999923403,56.89869999956417,-0.003902681832970107,272597.2159062326
2024-08-07 16:00:00+00:00,3.241e-05,56070.67645455,0.0009999999999923403,56.070676454120516,0.001817250623878046,272597.214088982
2024-08-08 00:00:00+00:00,2.637e-05,55102.9,0.0009999999999923403,55.102899999577936,0.0014530634729888702,272597.2126359185
2024-08-08 08:00:00+00:00,3.086e-05,57165.6,0.0009999999999923403,57.16559999956213,0.0017641304159864875,272597.2108717881
2024-08-08 16:00:00+00:00,1.147e-05,59389.0,0.0009999999999923403,59.3889999995451,0.0006811918299947823,272597.21019059623
2024-08-09 00:00:00+00:00,4.994e-05,61662.03292424,0.0009999999999923403,61.66203292376769,0.0030794019242129586,272597.2071111943
2024-08-09 08:00:00+00:00,2.184e-05,60844.1,0.0009999999999923403,60.84409999953395,0.0013288351439898216,272597.2057823592
2024-08-09 16:00:00+00:00,4.846e-05,59786.4,0.0009999999999923403,59.786399999542056,0.002897248943977808,272597.2028851102
2024-08-10 00:00:00+00:00,-3.942e-05,60808.7,0.0009999999999923403,60.80869999953423,-0.0023970789539816393,272597.2052821892
2024-08-10 08:00:00+00:00,-1.379e-05,60811.40441223,0.0009999999999923403,60.8114044117642,-0.0008385892668382283,272597.20612077846
2024-08-10 16:00:00+00:00,-1.949e-05,60480.6,0.0009999999999923403,60.480599999536736,-0.001178766893990971,272597.20729954535
2024-08-11 00:00:00+00:00,4.049e-05,60895.445721,0.0009999999999923403,60.89544572053356,0.0024656565972244037,272597.20483388874
2024-08-11 08:00:00+00:00,-1.839e-05,61223.3,0.0009999999999923403,61.22329999953105,-0.001125896486991376,272597.2059597852
2024-08-11 16:00:00+00:00,1.185e-05,60099.9,0.0009999999999923403,60.09989999953966,0.000712183814994545,272597.2052476014
2024-08-12 00:00:00+00:00,1.113e-05,58693.2,0.0009999999999923403,58.69319999955043,0.0006532553159949963,272597.20459434605
2024-08-12 08:00:00+00:00,8.783e-05,58647.19181061,0.0009999999999923403,58.647191810160784,0.005150982856686422,272597.1994433632
2024-08-12 16:00:00+00:00,-2.238e-05,60168.8,0.0009999999999923403,60.16879999953913,-0.0013465777439896857,272597.2007899409
2024-08-13 00:00:00+00:00,6.14e-05,59323.6,0.0009999999999923403,59.3235999995456,0.0036424690399721,272597.19714747183
2024-08-13 08:00:00+00:00,5.21e-06,59209.36612879,0.0009999999999923403,59.20936612833648,0.00030848079752863306,272597.196838991
2024-08-13 16:00:00+00:00,-3.902e-05,59442.45730303,0.0009999999999923403,59.442457302574695,-0.002319444683946465,272597.1991584357
2024-08-14 00:00:00+00:00,1.152e-05,60555.2355721,0.0009999999999923403,60.55523557163617,0.0006975963137852486,272597.1984608394
2024-08-14 08:00:00+00:00,-1.33e-05,60887.3,0.0009999999999923403,60.887299999533624,-0.0008098010899937972,272597.1992706405
2024-08-14 16:00:00+00:00,-7.811e-05,59394.6,0.0009999999999923403,59.39459999954506,-0.004639312205964464,272597.2039099527
2024-08-15 00:00:00+00:00,-8.488e-05,58648.1,0.0009999999999923403,58.64809999955077,-0.00497805072796187,272597.2088880034
2024-08-15 08:00:00+00:00,6.339e-05,58031.9,0.0009999999999923403,58.0318999995555,0.003678642140971823,272597.2052093613
2024-08-15 16:00:00+00:00,-6.181e-05,59650.62388636,0.0009999999999923403,59.6506238859031,-0.003687005062387671,272597.20889636636
2024-08-16 00:00:00+00:00,-0.00011235,57515.28405303,0.0009999999999923403,57.51528405258946,-0.006461842163308426,272597.2153582085
2024-08-16 08:00:00+00:00,-7.387e-05,58423.3,0.0009999999999923403,58.4232999995525,-0.004315729170966943,272597.2196739377
2024-08-16 16:00:00+00:00,-5.57e-06,58045.46367376,0.0009999999999923403,58.045463673315396,-0.00032331323266036676,272597.21999725094
2024-08-17 00:00:00+00:00,1.912e-05,58854.9,0.0009999999999923403,58.8548999995492,0.0011253056879913807,272597.2188719452
2024-08-17 08:00:00+00:00,4.177e-05,59225.59061702,0.0009999999999923403,59.22559061656636,0.002473852920053977,272597.2163980923
2024-08-17 16:00:00+00:00,-1.52e-06,59357.7,0.0009999999999923403,59.35769999954534,-9.022370399930892e-05,272597.21648831596
2024-08-18 00:00:00+00:00,3.966e-05,59468.4,0.0009999999999923403,59.468399999544495,0.002358516743981935,272597.2141297992
2024-08-18 08:00:00+00:00,-1.323e-05,59545.70132624,0.0009999999999923403,59.5457013257839,-0.0007877896285401211,272597.21491758886
2024-08-18 16:00:00+00:00,-3.149e-05,59828.8,0.0009999999999923403,59.82879999954174,-0.0018840089119855693,272597.2168015978
2024-08-19 00:00:00+00:00,-3.616e-05,58390.1,0.0009999999999923403,58.39009999955275,-0.0021113860159838274,272597.21891298384
2024-08-19 08:00:00+00:00,-6.75e-05,58475.4,0.0009999999999923403,58.4753999995521,-0.003947089499969767,272597.2228600733
2024-08-19 16:00:00+00:00,-1.957e-05,58509.2417234,0.0009999999999923403,58.50924172295184,-0.0011450258605181676,272597.22400509915
2024-08-20 00:00:00+00:00,-2.656e-05,59400.1,0.0009999999999923403,59.40009999954501,-0.0015776666559879156,272597.2255827658
2024-08-20 08:00:00+00:00,1.349e-05,60898.32443972,0.0009999999999923403,60.89832443925354,0.0008215183966855303,272597.2247612474
2024-08-20 16:00:00+00:00,1.419e-05,58792.3754539,0.0009999999999923403,58.79237545344967,0.0008342638076844508,272597.2239269836
2024-08-21 00:00:00+00:00,-6.756e-05,58984.6722766,0.0009999999999923403,58.9846722761482,-0.003985004458976572,272597.22791198804
2024-08-21 08:00:00+00:00,-5.91e-06,59691.0,0.0009999999999923403,59.69099999954279,-0.0003527738099972979,272597.22826476186
2024-08-21 16:00:00+00:00,3.96e-06,59485.9,0.0009999999999923403,59.48589999954436,0.00023556416399819568,272597.22802919766
2024-08-22 00:00:00+00:00,-2.229e-05,61120.0,0.0009999999999923403,61.11999999953184,-0.0013623647999895646,272597.22939156246
2024-08-22 08:00:00+00:00,1.338e-05,60950.0282695,0.0009999999999923403,60.95002826903314,0.0008155113782396634,272597.2285760511
2024-08-22 16:00:00+00:00,-7.261e-05,60380.30032624,0.0009999999999923403,60.38030032577751,-0.004384213606654705,272597.23296026466
2024-08-23 00:00:00+00:00,-3.329e-05,60349.9,0.0009999999999923403,60.34989999953774,-0.0020090481709846113,272597.23496931285
2024-08-23 08:00:00+00:00,2.391e-05,61045.0,0.0009999999999923403,61.044999999532415,0.00145958594998882,272597.2335097269
2024-08-23 16:00:00+00:00,-4.317e-05,61506.0,0.0009999999999923403,61.50599999952888,-0.002655214019979662,272597.2361649409
2024-08-24 00:00:00+00:00,-7.72e-06,64019.9,0.0009999999999923403,64.01989999950963,-0.0004942336279962144,272597.23665917455
2024-08-24 08:00:00+00:00,-7.23e-06,64275.98188652,0.0009999999999923403,64.27598188602767,-0.00046471534903598006,272597.2371238899
2024-08-24 16:00:00+00:00,6.395e-05,63943.4,0.0009999999999923403,63.94339999951022,0.004089180429968678,272597.23303470947
2024-08-25 00:00:00+00:00,-4.806e-05,64121.80289362,8.193999999999994,525414.0529103219,-25.251399382870066,272412.10795279755
2024-08-25 08:00:00+00:00,-1.531e-05,63838.2821773,8.193999999999994,523090.88416079583,-8.008521436501784,272420.11647423403
2024-08-25 16:00:00+00:00,3.108e-05,64099.9,8.193999999999994,525234.5805999996,16.32429076504799,272403.792183469
2024-08-26 00:00:00+00:00,2.439e-05,64199.94505674,8.193999999999994,526054.3497949272,12.830465591498273,272390.9617178775
2024-08-26 08:00:00+00:00,3.448e-05,63603.3,8.193999999999994,521165.4401999996,17.969784378095987,272372.9919334994
2024-08-26 16:00:00+00:00,3.789e-05,63497.77413793,8.193999999999994,520300.761286198,19.71419584513404,272353.2777376543
2024-08-27 00:00:00+00:00,2.795e-05,62814.12365957,8.193999999999994,514698.92926651624,14.385835072999129,272338.89190258126
2024-08-27 08:00:00+00:00,1.751e-05,62881.1,9.279999999999994,583536.6079999997,10.217726006079994,272301.3230065931
2024-08-27 16:00:00+00:00,7.753e-05,61677.96703546,0.0009999999999941167,61.67796703509713,0.0047818927842310805,256323.1030401163
2024-08-28 00:00:00+00:00,-6.803e-05,59384.4,0.0009999999999941167,59.384399999650626,-0.004039920731976232,256323.107080037
2024-08-28 08:00:00+00:00,2.433e-05,58576.9877305,0.0009999999999941167,58.57698773015537,0.0014251781114746802,256323.1056548589
2024-08-28 16:00:00+00:00,1.143e-05,58971.68549645,0.0009999999999941167,58.971685496103056,0.000674046365220458,256323.10498081252
2024-08-29 00:00:00+00:00,-9.76e-06,59009.8,0.0009999999999941167,59.009799999652834,-0.0005759356479966116,256323.10555674817
2024-08-29 08:00:00+00:00,-1.644e-05,59548.9,0.0009999999999941167,59.548899999649656,-0.0009789839159942402,256323.10653573208
2024-08-29 16:00:00+00:00,5.59e-06,60751.0,0.0009999999999941167,60.75099999964259,0.00033959808999800204,256323.10619613397
2024-08-30 00:00:00+00:00,9.36e-06,59327.53246099,0.0009999999999941167,59.32753246064096,0.0005553057038315994,256323.10564082826
2024-08-30 08:00:00+00:00,3.578e-05,59250.59241135,0.0009999999999941167,59.25059241100141,0.0021199861964656306,256323.10352084207
2024-08-30 16:00:00+00:00,2.927e-05,58062.7,0.0009999999999941167,58.0626999996584,0.0016994952289900013,256323.10182134685
2024-08-31 00:00:00+00:00,-1.749e-05,59096.3,0.0009999999999941167,59.096299999652324,-0.0010335942869939192,256323.10285494113
2024-08-31 08:00:00+00:00,3.578e-05,59064.62867843,0.0009999999999941167,59.06462867808251,0.0021133324141017922,256323.1007416087
2024-08-31 16:00:00+00:00,3.8e-05,58984.55719149,0.0009999999999941167,58.984557191142976,0.0022414131732634334,256323.09850019554
2024-09-01 00:00:00+00:00,4.113e-05,58946.2,0.0009999999999941167,58.946199999653196,0.002424457205985736,256323.09607573834
2024-09-01 08:00:00+00:00,-3.432e-05,58444.1,0.0009999999999941167,58.44409999965615,-0.002005801511988199,256323.09808153985
2024-09-01 16:00:00+00:00,-3.82e-06,58184.1,0.0009999999999941167,58.18409999965768,-0.00022226326199869235,256323.09830380313
2024-09-02 00:00:00+00:00,-3.386e-05,57280.73864539,0.0009999999999941167,57.280738645053006,-0.0019395258105214946,256323.10024332892
2024-09-02 08:00:00+00:00,2.48e-06,57523.3,0.0009999999999941167,57.523299999661575,0.0001426577839991607,256323.10010067114
2024-09-02 16:00:00+00:00,-3.63e-06,58508.0,0.0009999999999941167,58.50799999965578,-0.0002123840399987505,256323.10031305518
2024-09-03 00:00:00+00:00,6.245e-05,59112.2,0.0009999999999941167,59.11219999965222,0.003691556889978281,256323.0966214983
2024-09-03 08:00:00+00:00,5.123e-05,59081.16408511,0.0009999999999941167,59.08116408476241,0.0030267280360623786,256323.09359477027
2024-09-03 16:00:00+00:00,4.598e-05,57705.33973759,0.0009999999999941167,57.705339737250505,0.0026532915211187782,256323.09094147876
2024-09-04 00:00:00+00:00,2.209e-05,57457.44226241,0.0009999999999941167,57.45744226207196,0.0012692348995691695,256323.08967224386
2024-09-04 08:00:00+00:00,1.05e-05,56717.4,0.0009999999999941167,56.71739999966632,0.0005955326999964963,256323.08907671116
2024-09-04 16:00:00+00:00,-1.47e-05,58106.1663617,0.0009999999999941167,58.10616636135815,-0.0008541606455119648,256323.0899308718
2024-09-05 00:00:00+00:00,9.016e-05,57944.7,0.0009999999999941167,57.94469999965909,0.005224294151969264,256323.08470657765
2024-09-05 08:00:00+00:00,2.025e-05,57131.49844681,0.0009999999999941167,57.13149844647388,0.001156912843541096,256323.0835496648
2024-09-05 16:00:00+00:00,2.49e-05,55956.39174468,0.0009999999999941167,55.95639174435079,0.0013933141544343346,256323.08215635063
2024-09-06 00:00:00+00:00,2.28e-05,56152.37044681,0.0009999999999941167,56.15237044647964,0.0012802740461797357,256323.0808760766
2024-09-06 08:00:00+00:00,-1e-08,55768.6,0.0009999999999941167,55.76859999967189,-5.576859999967189e-07,256323.08087663428
2024-09-06 16:00:00+00:00,1.428e-05,54022.0,0.0009999999999941167,54.02199999968217,0.0007714341599954614,256323.08010520012
2024-09-07 00:00:00+00:00,-5.57e-06,53930.81750355,0.0009999999999941167,53.93081750323271,-0.0003003946534930062,256323.08040559478
2024-09-07 08:00:00+00:00,-7.634e-05,54264.40569504,0.0009999999999941167,54.26440569472074,-0.004142544730734982,256323.0845481395
2024-09-07 16:00:00+00:00,-7.236e-05,54749.73641844,0.0009999999999941167,54.74973641811789,-0.003961690927215011,256323.08850983044
2024-09-08 00:00:00+00:00,3.745e-05,54134.9,0.0009999999999941167,54.13489999968151,0.0020273520049880725,256323.08648247845
2024-09-08 08:00:00+00:00,-5.999e-05,54411.5,0.0009999999999941167,54.41149999967988,-0.003264145884980796,256323.08974662435
2024-09-08 16:00:00+00:00,-5.245e-05,53664.8,0.0009999999999941167,53.66479999968428,-0.0028147187599834402,256323.0925613431
2024-09-09 00:00:00+00:00,-7.585e-05,54843.61724113,0.0009999999999941167,54.84361724080734,-0.004159888367715237,256323.09672123147
2024-09-09 08:00:00+00:00,-7.108e-05,54943.38097163,0.0009999999999941167,54.94338097130675,-0.003905375519440484,256323.100626607
2024-09-09 16:00:00+00:00,-3.875e-05,55360.3,0.0009999999999941167,55.360299999674304,-0.0021452116249873793,256323.1027718186
2024-09-10 00:00:00+00:00,-6.028e-05,57013.68495745,0.0009999999999941167,57.01368495711457,-0.003436784929214866,256323.10620860354
2024-09-10 08:00:00+00:00,-2.93e-05,57184.96580851,0.0009999999999941167,57.184965808173565,-0.0016755194981794856,256323.10788412305
2024-09-10 16:00:00+00:00,-1.126e-05,56563.08885816,0.0009999999999941167,56.563088857827225,-0.0006369003805391346,256323.10852102342
2024-09-11 00:00:00+00:00,-8.953e-05,57609.1,0.0009999999999941167,57.60909999966107,-0.005157742722969655,256323.11367876615
2024-09-11 08:00:00+00:00,-2.247e-05,56675.1,0.0009999999999941167,56.675099999666564,-0.0012734894969925077,256323.11495225565
2024-09-11 16:00:00+00:00,-5.212e-05,56680.82497872,0.0009999999999941167,56.680824978386525,-0.0029542045978735057,256323.11790646025
2024-09-12 00:00:00+00:00,-1.951e-05,57307.1,0.0009999999999941167,57.307099999662846,-0.0011180615209934223,256323.11902452176
2024-09-12 08:00:00+00:00,-5.46e-06,58106.32515603,0.0009999999999941167,58.10632515568814,-0.00031726053535005723,256323.1193417823
2024-09-12 16:00:00+00:00,-2.95e-05,57475.10176596,0.0009999999999941167,57.47510176562185,-0.0016955155020858446,256323.1210372978
2024-09-13 00:00:00+00:00,-6.9e-07,58097.0,0.0009999999999941167,58.096999999658195,-4.008692999976415e-05,256323.1210773847
2024-09-13 08:00:00+00:00,-8.69e-06,58079.8,0.0009999999999941167,58.079799999658306,-0.0005047134619970306,256323.1215820982
2024-09-13 16:00:00+00:00,-2.443e-05,59626.57008804,0.0009999999999941167,59.6265700876892,-0.0014566771072422474,256323.1230387753
2024-09-14 00:00:00+00:00,-8.699e-05,60456.1,0.0009999999999941167,60.456099999644316,-0.005259076138969059,256323.12829785142
2024-09-14 08:00:00+00:00,8.59e-06,60110.4,0.0009999999999941167,60.110399999646354,0.0005163483359969623,256323.12778150308
2024-09-14 16:00:00+00:00,2.326e-05,59845.55360993,0.0009999999999941167,59.84555360957791,0.0013920075769587822,256323.1263894955
2024-09-15 00:00:00+00:00,-4.91e-06,59964.0,0.0009999999999941167,59.963999999647214,-0.00029442323999826777,256323.12668391873
2024-09-15 08:00:00+00:00,1e-08,60167.3181438,0.0009999999999941167,60.16731814344602,6.016731814344602e-07,256323.12668331707
2024-09-15 16:00:00+00:00,4.02e-06,60304.7,0.0009999999999941167,60.30469999964521,0.00024242489399857372,256323.12644089217
2024-09-16 00:00:00+00:00,2.402e-05,59100.61031206,0.0009999999999941167,59.100610311712295,0.0014195966596873293,256323.1250212955
2024-09-16 08:00:00+00:00,3.564e-05,58874.98504255,0.0009999999999941167,58.87498504220362,0.002098304466904137,256323.12292299105
2024-09-16 16:00:00+00:00,6.762e-05,57860.7,0.0009999999999941167,57.86069999965959,0.0039125405339769815,256323.11901045052
2024-09-17 00:00:00+00:00,8.529e-05,58186.9,0.0009999999999941167,58.18689999965767,0.004962760700970803,256323.11404768983
2024-09-17 08:00:00+00:00,1.911e-05,58668.2,0.0009999999999941167,58.66819999965483,0.001121149301993404,256323.11292654052
2024-09-17 16:00:00+00:00,5.327e-05,61111.0,0.0009999999999941167,61.11099999964047,0.003255382969980848,256323.10967115755
2024-09-18 00:00:00+00:00,1.344e-05,60281.0,0.0009999999999941167,60.280999999645346,0.0008101766399952335,256323.10886098092
2024-09-18 08:00:00+00:00,1.678e-05,60402.69697726,0.0009999999999941167,60.40269697690463,0.0010135572552724596,256323.10784742367
2024-09-18 16:00:00+00:00,4.648e-05,59407.05350355,0.0009999999999941167,59.407053503200494,0.002761239846828759,256323.10508618382
2024-09-19 00:00:00+00:00,3.512e-05,61731.12857447,0.0009999999999941167,61.73112857410682,0.002167997235522632,256323.10291818657
2024-09-19 08:00:00+00:00,2.949e-05,62058.67902421,7.311999999999994,453773.06102502317,13.381767569627934,256128.14372730037
2024-09-19 16:00:00+00:00,4.072e-05,63127.98222695,7.311999999999994,461591.806043458,18.79601834208961,256109.3477089583
2024-09-20 00:00:00+00:00,8.065e-05,62929.3,7.311999999999994,460139.04159999965,37.11021370503997,256072.23749525324
2024-09-20 08:00:00+00:00,-5.03e-06,63494.4,7.311999999999994,464271.05279999966,-2.3352833955839984,256074.5727786488
2024-09-20 16:00:00+00:00,5.543e-05,63115.6,7.311999999999994,461501.2671999996,25.58101524089598,256048.99176340792
2024-09-21 00:00:00+00:00,4.638e-05,63181.23063121,7.311999999999994,461981.1583754071,21.426686125451383,256027.56507728246
2024-09-21 08:00:00+00:00,0.0001,63062.63439976,7.311999999999994,461113.98273104476,46.11139827310448,255981.45367900934
2024-09-21 16:00:00+00:00,8.234e-05,63146.6,7.311999999999994,461727.9391999996,38.01867851372797,255943.4350004956
2024-09-22 00:00:00+00:00,6.285e-05,63320.7,7.311999999999994,463000.9583999996,29.09961023543997,255914.33539026018
2024-09-22 08:00:00+00:00,9.254e-05,62909.3,7.311999999999994,459992.80159999966,42.56773386006397,255871.76765640013
2024-09-22 16:00:00+00:00,5.537e-05,62627.35402128,7.311999999999994,457931.212603599,25.355651241861278,255846.41200515826
2024-09-23 00:00:00+00:00,6.546e-05,63558.5,7.311999999999994,464739.75199999963,30.421864165919974,255815.99014099233
2024-09-23 08:00:00+00:00,1.364e-05,63519.9,7.311999999999994,464457.50879999966,6.335200420031995,255809.6549405723
2024-09-23 16:00:00+00:00,5.304e-05,63589.8,7.311999999999994,464968.61759999965,24.66193547750398,255784.9930050948
2024-09-24 00:00:00+00:00,2.324e-05,63303.39994326,7.311999999999994,462874.46038511675,10.757202459350113,255774.23580263543
2024-09-24 08:00:00+00:00,2.895e-05,63532.11997163,7.311999999999994,464546.8612325582,13.44863163268256,255760.78717100274
2024-09-24 16:00:00+00:00,-1.82e-06,63128.9,7.311999999999994,461598.51679999963,-0.8401093005759993,255761.6272803033
2024-09-25 00:00:00+00:00,1.223e-05,64243.2,7.311999999999994,469746.2783999996,5.744996984831995,255755.88228331847
2024-09-25 08:00:00+00:00,1.141e-05,63815.43292199,7.311999999999994,466618.4455255905,5.3241164634469875,255750.55816685501
2024-09-25 16:00:00+00:00,1.336e-05,63470.0,7.311999999999994,464092.6399999996,6.200277670399995,255744.3578891846
2024-09-26 00:00:00+00:00,1.65e-05,63121.13816312,7.311999999999994,461541.7622487331,7.615439077104097,255736.7424501075
2024-09-26 08:00:00+00:00,6.246e-05,63823.4,0.0009999999999932285,63.823399999567826,0.003986409563973006,265532.3780108534
2024-09-26 16:00:00+00:00,0.0001,65196.6611844,9.872999999999994,643686.6358735808,64.36866358735809,265215.90840498987
2024-09-27 00:00:00+00:00,0.0001,65144.34319149,9.872999999999994,643170.1003295804,64.31701003295804,265151.5913949569
2024-09-27 08:00:00+00:00,6.722e-05,65442.82811348,9.872999999999994,646117.0419643876,43.43198756084613,265108.1594073961
2024-09-27 16:00:00+00:00,2.275e-05,65974.49231206,9.872999999999994,651366.162596968,14.818580199081023,265093.340827197
2024-09-28 00:00:00+00:00,5.455e-05,65749.6,9.872999999999994,649145.8007999996,35.41090343363998,265057.9299237634
2024-09-28 08:00:00+00:00,8.3e-05,65794.27307092,9.872999999999994,649586.8580291928,53.915709216423,265004.01421454694
2024-09-28 16:00:00+00:00,1.414e-05,65595.27124823,9.872999999999994,647622.1130337744,9.15737667829757,264994.85683786863
2024-09-29 00:00:00+00:00,7.25e-06,65826.03440426,9.872999999999994,649900.4376732586,4.711778173131125,264990.1450596955
2024-09-29 08:00:00+00:00,3.128e-05,65444.82440426,9.872999999999994,646136.7513432585,20.211157582017126,264969.9339021135
2024-09-29 16:00:00+00:00,7.253e-05,65720.0,9.872999999999994,648853.5599999996,47.06134870679997,264922.87255340675
2024-09-30 00:00:00+00:00,3.077e-05,65571.63340426,9.872999999999994,647388.7366002586,19.920151425189957,264902.9524019816
2024-09-30 08:00:00+00:00,7.939e-05,64539.0,0.0009999999999945608,64.53899999964896,0.005123751209972131,277420.87074950704
2024-09-30 16:00:00+00:00,0.0001,63535.7,0.0009999999999945608,63.53569999965441,0.006353569999965441,277420.86439593707
2024-10-01 00:00:00+00:00,0.0001,63313.79948227,0.0009999999999945608,63.31379948192562,0.0063313799481925625,277420.85806455713
2024-10-01 08:00:00+00:00,0.0001,64017.0,0.0009999999999945608,64.0169999996518,0.00640169999996518,277420.8516628571
2024-10-01 16:00:00+00:00,0.0001,62625.16741844,0.0009999999999945608,62.62516741809937,0.006262516741809937,277420.8454003404
2024-10-02 00:00:00+00:00,6.632e-05,60784.0,0.0009999999999945608,60.78399999966938,0.004031194879978074,277420.8413691455
2024-10-02 08:00:00+00:00,8.409e-05,61703.76767376,0.0009999999999945608,61.70376767342438,0.005188669823658256,277420.83618047566
2024-10-02 16:00:00+00:00,8.191e-05,61852.50133333,0.0009999999999945608,61.852501332993576,0.005066338384185504,277420.83111413725
2024-10-03 00:00:00+00:00,4.381e-05,60622.6,0.0009999999999945608,60.62259999967026,0.0026558761059855543,277420.82845826115
2024-10-03 08:00:00+00:00,3.746e-05,60908.25041844,0.0009999999999945608,60.90825041810871,0.002281623060662352,277420.8261766381
2024-10-03 16:00:00+00:00,4.99e-05,60606.4,0.0009999999999945608,60.60639999967035,0.0030242593599835504,277420.8231523787
2024-10-04 00:00:00+00:00,7.097e-05,60727.2,0.0009999999999945608,60.727199999669686,0.004309809383976558,277420.81884256937
2024-10-04 08:00:00+00:00,2.119e-05,61405.54564539,0.0009999999999945608,61.405545645056,0.0013011835122187366,277420.8175413858
2024-10-04 16:00:00+00:00,2.43e-06,61839.9,0.0009999999999945608,61.83989999966364,0.00015027095699918265,277420.8173911149
2024-10-05 00:00:00+00:00,-1.596e-05,62056.3,0.0009999999999945608,62.056299999662464,-0.0009904185479946129,277420.81838153343
2024-10-05 08:00:00+00:00,1.088e-05,62049.40897872,0.0009999999999945608,62.0494089783825,0.0006750975696848015,277420.81770643586
2024-10-05 16:00:00+00:00,8.61e-06,62137.44147431,0.0009999999999945608,62.13744147397202,0.0005350033710908992,277420.8171714325
2024-10-06 00:00:00+00:00,5.72e-06,62030.75209831,0.0009999999999945608,62.0307520979726,0.0003548159020004033,277420.81681661657
2024-10-06 08:00:00+00:00,3.288e-05,61921.90959612,0.0009999999999945608,61.92190959578319,0.002035992387509351,277420.8147806242
2024-10-06 16:00:00+00:00,4.18e-05,62692.35804255,0.0009999999999945608,62.692358042209,0.002620540566164336,277420.8121600836
2024-10-07 00:00:00+00:00,4.573e-05,62791.83795035,0.0009999999999945608,62.79183795000846,0.0028714707494538866,277420.80928861286
2024-10-07 08:00:00+00:00,-9.52e-06,63510.0,0.0009999999999945608,63.50999999965455,-0.0006046151999967113,277420.80989322806
2024-10-07 16:00:00+00:00,2.177e-05,63633.19230496,0.0009999999999945608,63.633192304613885,0.0013852945964714443,277420.80850793346
2024-10-08 00:00:00+00:00,-1.678e-05,62199.75722695,3.0609999999999955,190393.45687169366,-3.1948022063070196,274429.1031789387
2024-10-08 08:00:00+00:00,7.094e-05,62291.4,3.0609999999999955,190673.97539999973,13.52641181487598,274415.5767671238
2024-10-08 16:00:00+00:00,8.1e-05,62259.9,0.000999999999995449,62.25989999971665,0.005043051899977049,270111.250799661
2024-10-09 00:00:00+00:00,0.0001,62133.03330496,2.8959999999999955,179937.26445116388,17.99372644511639,270021.1455039718
2024-10-09 08:00:00+00:00,5.138e-05,62243.96321986,2.8959999999999955,180258.51748471428,9.26168262836462,270011.8838213434
2024-10-09 16:00:00+00:00,7.939e-05,62285.3,0.0009999999999951992,62.28529999970098,0.004944829966976261,269792.15410017857
2024-10-10 00:00:00+00:00,2.09e-05,60606.37937638,0.0009999999999951992,60.60637937608904,0.0012666733289602608,269792.15283350524
2024-10-10 08:00:00+00:00,1.532e-05,60874.85382979,0.0009999999999951992,60.87485382949775,0.0009326027606679055,269792.1519009025
2024-10-10 16:00:00+00:00,0.0001,60768.62359574,0.0009999999999951992,60.76862359544826,0.006076862359544827,269792.14582404017
2024-10-11 00:00:00+00:00,2.231e-05,60293.8080044,0.0009999999999951992,60.293808004110545,0.0013451548565717065,269792.14447888534
2024-10-11 08:00:00+00:00,-1.874e-05,60648.44109929,0.0009999999999951992,60.64844109899884,-0.0011365517861952382,269792.1456154371
2024-10-11 16:00:00+00:00,1.2e-06,62225.56979433,0.0009999999999951992,62.225569794031266,7.467068375283751e-05,269792.1455407664
2024-10-12 00:00:00+00:00,4.558e-05,62509.0,0.0009999999999951992,62.5089999996999,0.0028491602199863216,269792.1426916062
2024-10-12 08:00:00+00:00,7.664e-05,62734.2733617,0.0009999999999951992,62.73427336139882,0.0048079547104176055,269792.1378836515
2024-10-12 16:00:00+00:00,-1.489e-05,63124.8,0.0009999999999951992,63.124799999696954,-0.0009399282719954876,269792.13882357976
2024-10-13 00:00:00+00:00,6.93e-06,63176.0,0.0009999999999951992,63.1759999996967,0.0004378096799978981,269792.1383857701
2024-10-13 08:00:00+00:00,1.638e-05,62818.9,0.0009999999999951992,62.81889999969842,0.00102897358199506,269792.1373567965
2024-10-13 16:00:00+00:00,3.938e-05,62195.2,0.0009999999999951992,62.19519999970141,0.0024492469759882416,269792.1349075495
2024-10-14 00:00:00+00:00,5.429e-05,62841.10753191,0.0009999999999951992,62.84110753160831,0.003411643727891015,269792.13149590575
2024-10-14 08:00:00+00:00,0.0001,64599.6,10.173999999999996,657236.3303999997,65.72363303999998,269464.79453273554
2024-10-14 16:00:00+00:00,0.0001,65853.81444681,10.173999999999996,669996.7081818448,66.99967081818448,269397.7948619174
2024-10-15 00:00:00+00:00,0.0001,66064.9,10.173999999999996,672144.2925999997,67.21442925999997,269330.5804326574
2024-10-15 08:00:00+00:00,0.0001,65638.3,10.173999999999996,667804.0641999998,66.78040641999998,269263.8000262374
2024-10-15 16:00:00+00:00,0.0001,65994.7,10.173999999999996,671430.0777999997,67.14300777999998,269196.65701845736
2024-10-16 00:00:00+00:00,8.325e-05,67048.6432766,10.173999999999996,682152.8966961282,56.789228649952676,269139.86778980744
2024-10-16 08:00:00+00:00,8.5e-05,66948.9,9.075999999999995,607628.2163999996,51.64839839399997,272088.3418126695
2024-10-16 16:00:00+00:00,0.0001,67726.0,9.075999999999995,614681.1759999996,61.468117599999964,272026.87369506946
2024-10-17 00:00:00+00:00,0.0001,67594.01401418,9.075999999999995,613483.2711926973,61.34832711926974,271965.5253679502
2024-10-17 08:00:00+00:00,0.0001,67281.3107305,9.075999999999995,610645.1761900177,61.064517619001776,271904.4608503312
2024-10-17 16:00:00+00:00,0.0001,67561.8,9.075999999999995,613190.8967999998,61.319089679999976,271843.1417606512
2024-10-18 00:00:00+00:00,0.0001,67405.92765248,9.075999999999995,611776.1993739081,61.177619937390816,271781.9641407138
2024-10-18 08:00:00+00:00,0.0001,67956.3708584,9.075999999999995,616772.0219108381,61.677202191083815,271720.2869385227
2024-10-18 16:00:00+00:00,0.0001,68710.0,9.075999999999995,623611.9599999996,62.361195999999964,271657.9257425227
2024-10-19 00:00:00+00:00,0.0001,68407.9,9.075999999999995,620870.1003999996,62.08701003999997,271595.8387324827
2024-10-19 08:00:00+00:00,0.0001,68328.8,9.075999999999995,620152.1887999997,62.01521887999997,271533.82351360266
2024-10-19 16:00:00+00:00,0.0001,68210.10911959,9.075999999999995,619074.9503693985,61.90749503693985,271471.9160185657
2024-10-20 00:00:00+00:00,0.0001,68357.1,9.075999999999995,620409.0395999997,62.04090395999997,271409.8751146057
2024-10-20 08:00:00+00:00,0.0001,68350.37577495,9.075999999999995,620348.0105334457,62.03480105334458,271347.84031355235
2024-10-20 16:00:00+00:00,0.0001,68605.0,9.075999999999995,622658.9799999996,62.265897999999964,271285.5744155524
2024-10-21 00:00:00+00:00,0.0001,69021.89857667,9.075999999999995,626442.7514818567,62.64427514818567,271222.9301404042
2024-10-21 08:00:00+00:00,0.0001,68513.8873617,9.075999999999995,621832.041694789,62.1832041694789,271160.7469362347
2024-10-21 16:00:00+00:00,0.0001,67349.42313475,9.075999999999995,611263.3643709907,61.12633643709907,271099.6205997976
2024-10-22 00:00:00+00:00,0.0001,67368.7,0.0009999999999941167,67.36869999960365,0.006736869999960365,298540.7373081624
2024-10-22 08:00:00+00:00,0.0001,67387.3,0.0009999999999941167,67.38729999960354,0.006738729999960355,298540.7305694324
2024-10-22 16:00:00+00:00,0.0001,67269.46019858,0.0009999999999941167,67.26946019818423,0.006726946019818424,298540.72384248633
2024-10-23 00:00:00+00:00,0.0001,67409.38339007,0.0009999999999941167,67.40938338967341,0.006740938338967341,298540.717101548
2024-10-23 08:00:00+00:00,0.0001,66838.0,0.0009999999999941167,66.83799999960678,0.006683799999960678,298540.71041774796
2024-10-23 16:00:00+00:00,0.0001,66207.07390071,0.0009999999999941167,66.2070739003205,0.00662070739003205,298540.70379704057
2024-10-24 00:00:00+00:00,0.0001,66649.6489078,0.0009999999999941167,66.64964890740788,0.006664964890740788,298540.6971320757
2024-10-24 08:00:00+00:00,0.0001,67104.5,0.0009999999999941167,67.10449999960521,0.006710449999960521,298540.6904216257
2024-10-24 16:00:00+00:00,0.0001,67672.97595035,0.0009999999999941167,67.67297594995186,0.006767297594995186,298540.6836543281
2024-10-25 00:00:00+00:00,0.0001,68175.58295035,0.0009999999999941167,68.1755829499489,0.006817558294994891,298540.6768367698
2024-10-25 08:00:00+00:00,0.0001,67503.6,11.122999999999994,750842.5427999997,75.08425427999997,298162.0810168933
2024-10-25 16:00:00+00:00,0.0001,67666.98021277,0.0009999999999941167,67.6669802123719,0.00676669802123719,289744.4137947517
2024-10-26 00:00:00+00:00,4.755e-05,66679.6489215,0.0009999999999941167,66.67964892110771,0.0031706173061986716,286878.61401923513
2024-10-26 08:00:00+00:00,7.569e-05,66982.6323489,0.0009999999999941167,66.98263234850593,0.005069915442458414,286878.6089493197
2024-10-26 16:00:00+00:00,0.0001,66864.2,0.0009999999999941167,66.86419999960661,0.006686419999960662,286878.6022628997
2024-10-27 00:00:00+00:00,0.0001,67071.9,0.0009999999999941167,67.07189999960539,0.006707189999960539,286878.5955557097
2024-10-27 08:00:00+00:00,9.724e-05,67174.8,0.0009999999999941167,67.1747999996048,0.006532077551961571,286878.5890236321
2024-10-27 16:00:00+00:00,0.0001,67760.95629735,0.0009999999999941167,67.76095629695135,0.006776095629695136,286878.5822475365
2024-10-28 00:00:00+00:00,9.425e-05,67997.2,0.0009999999999941167,67.99719999959994,0.0064087360999622945,286878.5758388004
2024-10-28 08:00:00+00:00,0.0001,68395.82492199,0.0009999999999941167,68.3958249215876,0.006839582492158761,286878.56899921794
2024-10-28 16:00:00+00:00,8.946e-05,68463.4,0.0009999999999941167,68.4633999995972,0.006124735763963966,286878.5628744822
2024-10-29 00:00:00+00:00,0.0001,69940.0,0.0009999999999941167,69.93999999958852,0.006993999999958853,286878.5558804822
2024-10-29 08:00:00+00:00,0.0001,70992.0787234,0.0009999999999941167,70.99207872298233,0.007099207872298233,286878.5487812743
2024-10-29 16:00:00+00:00,0.0001,72382.8202766,13.694999999999993,991282.7236880366,99.12827236880366,286390.2810531504
2024-10-30 00:00:00+00:00,0.0001,72738.79255319,13.694999999999993,996157.7640159365,99.61577640159366,286290.6652767488
2024-10-30 08:00:00+00:00,0.0001,72244.9,13.694999999999993,989393.9054999994,98.93939054999994,286191.7258861988
2024-10-30 16:00:00+00:00,0.0001,72060.36978723,10.285999999999992,741212.9636314472,74.12129636314472,289222.679066853
2024-10-31 00:00:00+00:00,0.0001,72350.66765957,10.285999999999992,744198.9675463365,74.41989675463365,289148.2591700984
2024-10-31 08:00:00+00:00,0.0001,72417.8,10.285999999999992,744889.4907999994,74.48894907999995,289073.7702210184
2024-10-31 16:00:00+00:00,0.0001,70635.0158474,10.285999999999992,726551.773006356,72.6551773006356,289001.1150437178
2024-11-01 00:00:00+00:00,0.0001,70318.15929787,2.865999999999992,201531.84454769487,20.153184454769487,285670.6221565518
2024-11-01 08:00:00+00:00,0.0001,69300.14068085,0.0009999999999918963,69.30014068028841,0.006930014068028841,283495.3493444039
2024-11-01 16:00:00+00:00,0.0001,69381.0,0.0009999999999918963,69.38099999943775,0.006938099999943775,283495.3424063039
2024-11-02 00:00:00+00:00,0.0001,69496.08103546,2.498999999999992,173670.70650761397,17.3670706507614,283408.6399852171
2024-11-02 08:00:00+00:00,0.0001,69813.85021277,2.498999999999992,174464.8116817117,17.44648116817117,283391.1935040489
2024-11-02 16:00:00+00:00,0.0001,69396.79744681,2.498999999999992,173422.59681957765,17.342259681957767,283373.85124436696
2024-11-03 00:00:00+00:00,0.0001,69366.6,2.498999999999992,173347.13339999947,17.334713339999947,283356.516531027
2024-11-03 08:00:00+00:00,0.0001,68395.14255319,0.0009999999999918963,68.39514255263575,0.006839514255263575,280698.59800073685
2024-11-03 16:00:00+00:00,0.0001,68096.02508511,0.0009999999999918963,68.09602508455816,0.006809602508455817,280698.59119113436
2024-11-04 00:00:00+00:00,0.0001,68762.5,0.0009999999999918963,68.76249999944277,0.006876249999944277,280698.5843148844
2024-11-04 08:00:00+00:00,0.0001,68602.86114394,0.0009999999999918963,68.60286114338406,0.006860286114338406,280698.5774545983
2024-11-04 16:00:00+00:00,0.0001,68623.67407092,0.0009999999999918963,68.62367407036389,0.006862367407036389,280698.5705922309
2024-11-05 00:00:00+00:00,0.0001,67836.571,0.0009999999999918963,67.83657099945026,0.0067836570999450264,280698.56380857376
2024-11-05 08:00:00+00:00,0.0001,68876.0,0.0009999999999918963,68.87599999944185,0.006887599999944185,280698.55692097376
2024-11-05 16:00:00+00:00,0.0001,69612.4,0.0009999999999918963,69.61239999943588,0.006961239999943588,280698.54995973373
2024-11-06 00:00:00+00:00,0.0001,69353.1,2.577999999999992,178792.29179999945,17.879229179999946,280608.8992374973
2024-11-06 08:00:00+00:00,0.0001,73426.39678014,8.840999999999992,649162.7739332172,64.91627739332172,280357.6491288904
2024-11-06 16:00:00+00:00,0.0001,74300.08836879,8.840999999999992,656887.0812684719,65.68870812684719,280291.9604207636
2024-11-07 00:00:00+00:00,0.0001,75575.33189362,8.840999999999992,668161.5092714938,66.81615092714938,280225.1442698364
2024-11-07 08:00:00+00:00,0.0001,74800.0,8.840999999999992,661306.7999999995,66.13067999999996,280159.0135898364
2024-11-07 16:00:00+00:00,0.0001,76075.60378723,8.840999999999992,672584.4130828998,67.25844130828997,280091.75514852814
2024-11-08 00:00:00+00:00,0.0001,75854.83191489,8.840999999999992,670632.568959542,67.0632568959542,280024.6918916322
2024-11-08 08:00:00+00:00,0.0001,76170.9,8.840999999999992,673426.9268999994,67.34269268999994,279957.3491989422
2024-11-08 16:00:00+00:00,0.0001,76425.10489362,8.840999999999992,675674.3523644938,67.56743523644938,279889.7817637057
2024-11-09 00:00:00+00:00,0.0001,76485.96961235,8.840999999999992,676212.4573427858,67.62124573427859,279822.16051797144
2024-11-09 08:00:00+00:00,0.0001,76525.24098582,8.840999999999992,676559.655555634,67.6559655555634,279754.50455241586
2024-11-09 16:00:00+00:00,0.0001,76305.6,8.840999999999992,674617.8095999995,67.46178095999994,279687.0427714559
2024-11-10 00:00:00+00:00,0.0001,76676.09297872,8.840999999999992,677893.3380248629,67.7893338024863,279619.2534376534
2024-11-10 08:00:00+00:00,0.00025603,78858.2,8.840999999999992,697185.3461999993,178.50036418758586,279440.75307346584
2024-11-10 16:00:00+00:00,0.00014113,79735.1,8.840999999999992,704938.0190999995,99.48790263558293,279341.26517083024
2024-11-11 00:00:00+00:00,0.00036878,80409.9,8.840999999999992,710903.9258999993,262.16714979340173,279079.0980210368
2024-11-11 08:00:00+00:00,0.0001,81147.42246809,8.840999999999992,717424.362040383,71.74243620403831,279007.3555848328
2024-11-11 16:00:00+00:00,0.0001,84107.87437589,8.840999999999992,743597.7173572428,74.35977173572428,278932.99581309705
2024-11-12 00:00:00+00:00,0.00049133,88729.0,8.840999999999992,784453.0889999993,385.4253362183697,278547.57047687867
2024-11-12 08:00:00+00:00,0.00043737,89095.4,8.840999999999992,787692.4313999993,344.51303872141773,278203.05743815727
2024-11-12 16:00:00+00:00,0.00038754,86639.63258988,1.9609999999999919,169900.31950875398,65.84316982242252,375670.1189733083
2024-11-13 00:00:00+00:00,0.0001,87964.82392908,1.845999999999993,162383.06497308105,16.238306497308105,403640.4495675492
2024-11-13 08:00:00+00:00,0.00013101,87398.5925627,6.044999999999993,528324.4920415209,69.21579170235965,403423.45626010216
2024-11-13 16:00:00+00:00,0.00021856,92602.7,6.044999999999993,559783.3214999993,122.34624274703984,403301.1100173551
2024-11-14 00:00:00+00:00,0.0001,90413.12446212,5.706999999999993,515987.7013053182,51.598770130531825,408686.97684624797
2024-11-14 08:00:00+00:00,0.0001,90818.9,5.706999999999993,518303.4622999993,51.83034622999993,408635.14650001796
2024-11-14 16:00:00+00:00,0.0001,87998.09286364,5.706999999999993,502205.11597279285,50.220511597279284,408584.92598842067
2024-11-15 00:00:00+00:00,0.0001,87376.26048485,1.6249999999999925,141986.4232878806,14.198642328788061,408574.12139099755
2024-11-15 08:00:00+00:00,0.0001,87691.73393182,1.6389999999999925,143726.75191425232,14.372675191425232,408559.25444280467
2024-11-15 16:00:00+00:00,0.00010977,88485.4,1.6389999999999925,145027.57059999934,15.919676424761928,408543.3347663799
2024-11-16 00:00:00+00:00,0.0001,91074.6,1.6389999999999925,149271.26939999932,14.927126939999933,408528.4076394399
2024-11-16 08:00:00+00:00,0.0001,91172.07627273,1.6389999999999925,149431.03301100378,14.943103301100379,408513.4645361388
2024-11-16 16:00:00+00:00,0.00013231,90578.0,1.6389999999999925,148457.3419999993,19.64239092001991,408493.8221452188
2024-11-17 00:00:00+00:00,0.00015765,90615.7,1.6389999999999925,148519.1322999993,23.41404120709489,408470.4081040117
2024-11-17 08:00:00+00:00,0.0001,90599.9,1.6389999999999925,148493.2360999993,14.849323609999932,408455.55878040165
2024-11-17 16:00:00+00:00,0.00010577,90309.7,1.6389999999999925,148017.5982999993,15.655821372190927,408439.9029590295
2024-11-18 00:00:00+00:00,0.0001,89895.25208333,1.6389999999999925,147338.31816457718,14.73383181645772,408425.169127213
2024-11-18 08:00:00+00:00,0.0003645,91793.86963166,0.0009999999999923403,91.79386963095689,0.03345886548048379,411514.68148101144
2024-11-18 16:00:00+00:00,0.00021318,92413.93032576,2.042999999999993,188801.65965552704,40.24873780536525,403521.1479661702
2024-11-19 00:00:00+00:00,0.00021606,90502.14808333,0.0009999999999927844,90.50214808267698,0.019553894114743186,404659.87611948216
2024-11-19 08:00:00+00:00,0.00030216,91682.2549697,0.0009999999999927844,91.68225496903847,0.02770271016144466,404659.848416772
2024-11-19 16:00:00+00:00,0.00017959,92442.8,0.0009999999999927844,92.44279999933298,0.01660180245188021,404659.83181496954
2024-11-20 00:00:00+00:00,0.0001,92314.05812121,0.0009999999999927844,92.31405812054389,0.009231405812054389,404659.82258356374
2024-11-20 08:00:00+00:00,0.0001,92855.88699242,0.0009999999999927844,92.85588699174998,0.009285588699174998,404659.81329797505
2024-11-20 16:00:00+00:00,0.0001,94737.5,0.0009999999999927844,94.73749999931641,0.009473749999931641,404659.80382422503
2024-11-21 00:00:00+00:00,0.0001,94280.17462879,0.0009999999999927844,94.28017462810972,0.009428017462810972,404659.79439620755
2024-11-21 08:00:00+00:00,0.0001,96950.0,0.0009999999999927844,96.94999999930045,0.009694999999930044,404659.78470120754
2024-11-21 16:00:00+00:00,0.0001,96682.08395768,7.059999999999993,682575.5127412202,68.25755127412202,404314.72188924096
2024-11-22 00:00:00+00:00,0.0001,98365.11095455,7.059999999999993,694457.6833391223,69.44576833391224,404245.27612090704
2024-11-22 08:00:00+00:00,0.0001,99242.76953901,7.059999999999993,700653.9529454099,70.06539529454099,404175.21072561253
2024-11-22 16:00:00+00:00,0.0001,98699.9,7.059999999999993,696821.2939999993,69.68212939999994,404105.5285962125
2024-11-23 00:00:00+00:00,0.0001,98918.67765957,7.059999999999993,698365.8642765636,69.83658642765637,404035.69200978486
2024-11-23 08:00:00+00:00,0.0001,98599.68488652,7.059999999999993,696113.7752988306,69.61137752988306,403966.080632255
2024-11-23 16:00:00+00:00,0.0001,98426.0,7.059999999999993,694887.5599999994,69.48875599999994,403896.591876255
2024-11-24 00:00:00+00:00,0.0001,97725.5,7.059999999999993,689942.0299999993,68.99420299999994,403827.597673255
2024-11-24 08:00:00+00:00,0.00016148,98484.0991844,7.059999999999993,695297.7402418633,112.2766790942561,403715.3209941608
2024-11-24 16:00:00+00:00,0.00023228,95996.21422597,2.627999999999994,252278.0509858486,58.599145682992905,400267.12729773216
2024-11-25 00:00:00+00:00,0.00021035,97960.5,0.0009999999999936726,97.96049999938016,0.020605991174869616,394757.32035378914
2024-11-25 08:00:00+00:00,0.0001,98106.56588652,2.526999999999994,247915.29199523543,24.791529199523545,394633.5300691652
2024-11-25 16:00:00+00:00,0.00025233,96030.47297163,2.526999999999994,242669.00519930845,61.2326700819415,394572.29739908327
2024-11-26 00:00:00+00:00,0.00021902,93064.1,0.0009999999999936726,93.06409999941116,0.02038289918187103,389538.655975495
2024-11-26 08:00:00+00:00,0.00017936,93837.3,0.0009999999999936726,93.83729999940626,0.016830658127893507,389538.63914483687
2024-11-26 16:00:00+00:00,0.00029599,92870.07960284,0.0009999999999936726,92.87007960225237,0.02748861486147068,389538.611656222
2024-11-27 00:00:00+00:00,0.00031205,92013.7,0.0009999999999936726,92.0136999994178,0.028712875084818325,389538.58294334693
2024-11-27 08:00:00+00:00,0.00016795,93652.1,0.0009999999999936726,93.65209999940744,0.01572887019490048,389538.56721447676
2024-11-27 16:00:00+00:00,0.0001,95605.8,0.0009999999999936726,95.60579999939507,0.009560579999939508,389538.55765389674
2024-11-28 00:00:00+00:00,0.0001,95904.65788652,2.0169999999999937,193439.69495711025,19.343969495711026,389442.10161151376
2024-11-28 08:00:00+00:00,0.00014326,95360.15442553,2.0169999999999937,192341.4314762934,27.554833473293794,389414.5467780405
2024-11-28 16:00:00+00:00,0.00011859,95057.36946809,2.0169999999999937,191730.7142171369,22.737345399010266,389391.8094326415
2024-11-29 00:00:00+00:00,0.00020619,95693.94427733,0.000999999999993617,95.6939442767192,0.01973113437041673,388394.8589620293
2024-11-29 08:00:00+00:00,0.00011747,95692.14007801,0.000999999999993617,95.6921400773992,0.011240955694892084,388394.8477210736
2024-11-29 16:00:00+00:00,0.00021921,98075.2,0.000999999999993617,98.075199999374,0.021499064591862772,388394.826222009
2024-11-30 00:00:00+00:00,0.0001,97516.3,0.000999999999993617,97.51629999937757,0.009751629999937757,388394.816470379
2024-11-30 08:00:00+00:00,0.00015909,96843.3,0.000999999999993617,96.84329999938186,0.015406800596901658,388394.8010635784
2024-11-30 16:00:00+00:00,0.00012063,96707.4,0.000999999999993617,96.70739999938272,0.011665813661925538,388394.7893977647
2024-12-01 00:00:00+00:00,0.00015901,96462.18661702,0.000999999999993617,96.46218661640428,0.015338452293874446,388394.7740593124
2024-12-01 08:00:00+00:00,0.00019581,96522.2200922,0.000999999999993617,96.52222009158392,0.018900015916133047,388394.7551592965
2024-12-01 16:00:00+00:00,0.0001,97081.5,0.000999999999993617,97.08149999938034,0.009708149999938034,388394.7454511465
2024-12-02 00:00:00+00:00,0.00025726,97265.1,0.000999999999993617,97.26509999937917,0.025022419625840286,388394.72042872687
2024-12-02 08:00:00+00:00,0.00024556,96046.45249645,0.000999999999993617,96.04645249583695,0.023585166874877717,388394.69684355997
2024-12-02 16:00:00+00:00,0.00013387,97120.0,0.000999999999993617,97.1199999993801,0.013001454399917014,388394.68384210556
2024-12-03 00:00:00+00:00,0.00012779,95889.05078723,0.000999999999993617,95.88905078661794,0.012253661800021907,388394.67158844374
2024-12-03 08:00:00+00:00,0.00024926,95616.2,0.000999999999993617,95.61619999938969,0.023833294011847875,388394.64775514975
2024-12-03 16:00:00+00:00,0.00011952,95746.09226241,0.000999999999993617,95.74609226179886,0.0114435729471302,388394.6363115768
2024-12-04 00:00:00+00:00,0.00026634,95913.4,0.000999999999993617,95.91339999938779,0.025545574955836946,388394.61076600186
2024-12-04 08:00:00+00:00,0.00026254,96652.1,0.000999999999993617,96.65209999938308,0.025375042333838038,388394.5853909595
2024-12-04 16:00:00+00:00,0.00023234,95803.76948936,0.000999999999993617,95.80376948874849,0.02225904780301582,388394.56313191174
2024-12-05 00:00:00+00:00,0.00027625,98689.14430496,0.000999999999993617,98.68914430433009,0.02726287611407119,388394.53586903564
2024-12-05 08:00:00+00:00,0.00072446,102286.97085816,0.000999999999993617,102.28697085750711,0.0741028189074296,388394.46176621673
2024-12-05 16:00:00+00:00,0.00047059,101350.1,0.000999999999993617,101.3500999993531,0.047694343558695576,388394.4140718732
2024-12-06 00:00:00+00:00,0.0001,97001.6,0.000999999999993617,97.00159999938086,0.009700159999938087,388394.4043717132
2024-12-06 08:00:00+00:00,0.00014634,98207.06939007,0.000999999999993617,98.20706938944315,0.01437162253445111,388394.39000009064
2024-12-06 16:00:00+00:00,0.0001,99357.34402837,0.000999999999993617,99.35734402773582,0.009935734402773582,388394.38006435626
2024-12-07 00:00:00+00:00,0.00031972,99802.5,0.000999999999993617,99.80249999936296,0.031908855299796327,388394.34815550095
2024-12-07 08:00:00+00:00,0.00012374,99442.6,0.000999999999993617,99.44259999936527,0.012305027323921459,388394.3358504736
2024-12-07 16:00:00+00:00,0.0001409,99811.5,0.000999999999993617,99.81149999936291,0.014063440349910234,388394.3217870333
2024-12-08 00:00:00+00:00,0.00016985,99899.1,0.000999999999993617,99.89909999936236,0.0169678621348917,388394.30481917114
2024-12-08 08:00:00+00:00,0.00016572,99741.6,0.000999999999993617,99.74159999936336,0.016529177951894496,388394.2882899932
2024-12-08 16:00:00+00:00,0.0001758,99975.0,0.000999999999993617,99.97499999936187,0.017575604999887817,388394.27071438817
2024-12-09 00:00:00+00:00,0.00030413,101193.94399291,0.000999999999993617,101.1939439922641,0.03077611418636728,388394.23993827397
2024-12-09 08:00:00+00:00,0.00021032,99633.40225532,0.000999999999993617,99.63340225468406,0.020954897162205152,388394.2189833768
2024-12-09 16:00:00+00:00,0.00011115,97835.11267376,0.000999999999993617,97.83511267313553,0.010874372773619015,388394.208109004
2024-12-10 00:00:00+00:00,0.0001,97349.1,0.000999999999993617,97.34909999937864,0.009734909999937865,388394.19837409403
2024-12-10 08:00:00+00:00,0.0001,97217.7,0.000999999999993617,97.21769999937946,0.009721769999937947,388394.188652324
2024-12-10 16:00:00+00:00,0.0001,95663.4721844,0.000999999999993617,95.6634721837894,0.00956634721837894,388394.1790859768
2024-12-11 00:00:00+00:00,0.0001,96602.3,0.000999999999993617,96.6022999993834,0.009660229999938342,388394.1694257468
2024-12-11 08:00:00+00:00,0.0001,97336.1817305,0.000999999999993617,97.33618172987872,0.009733618172987872,388394.1596921286
2024-12-11 16:00:00+00:00,0.0001,100360.26170213,0.000999999999993617,100.3602617014894,0.010036026170148942,388394.1496561024
2024-12-12 00:00:00+00:00,0.0001,101106.9,0.000999999999993617,101.10689999935464,0.010110689999935465,388394.1395454124
2024-12-12 08:00:00+00:00,0.0001,100485.98986525,0.000999999999993617,100.48598986460861,0.010048598986460862,388394.1294968134
2024-12-12 16:00:00+00:00,0.0001,101775.1,0.000999999999993617,101.77509999935039,0.010177509999935039,388394.1193193034
2024-12-13 00:00:00+00:00,0.0001,99982.3,0.000999999999993617,99.98229999936183,0.009998229999936183,388394.10932107345
2024-12-13 08:00:00+00:00,0.0001,100099.9,0.000999999999993617,100.09989999936107,0.010009989999936108,388394.09931108344
2024-12-13 16:00:00+00:00,0.0001,99840.1,0.000999999999993617,99.84009999936274,0.009984009999936275,388394.0893270734
2024-12-14 00:00:00+00:00,6.75e-05,101371.9,0.000999999999993617,101.37189999935295,0.006842603249956324,388394.08248447016
2024-12-14 08:00:00+00:00,0.0001,101787.0,0.000999999999993617,101.7869999993503,0.01017869999993503,388394.0723057702
2024-12-14 16:00:00+00:00,0.0001,101610.82598582,0.000999999999993617,101.61082598517143,0.010161082598517144,388394.0621446876
2024-12-15 00:00:00+00:00,0.0001,101391.60376371,0.000999999999993617,101.39160376306282,0.010139160376306283,388394.0520055272
2024-12-15 08:00:00+00:00,8.194e-05,101673.93346099,0.000999999999993617,101.67393346034102,0.008331162107740344,388394.0436743651
2024-12-15 16:00:00+00:00,0.0001,102674.84886525,0.000999999999993617,102.67484886459464,0.010267484886459463,388394.0334068802
2024-12-16 00:00:00+00:00,0.0001,104452.52251773,0.000999999999993617,104.45252251706329,0.01044525225170633,388394.022961628
2024-12-16 08:00:00+00:00,0.0001,104960.9012766,0.000999999999993617,104.96090127593004,0.010496090127593005,388394.0124655379
2024-12-16 16:00:00+00:00,9.181e-05,106285.31279433,2.287999999999994,243180.79567342642,22.32642885077728,380916.47608649655
2024-12-17 00:00:00+00:00,7.866e-05,106023.3,7.289999999999994,772909.8569999994,60.797089351619945,380642.9798417151
2024-12-17 08:00:00+00:00,0.0001,106789.01585106,7.289999999999994,778491.9255542267,77.84919255542268,380565.13064915966
2024-12-17 16:00:00+00:00,0.0001,106438.49711348,7.289999999999994,775936.6439572686,77.59366439572686,380487.5369847639
2024-12-18 00:00:00+00:00,0.0001,106084.11888652,7.289999999999994,773353.2266827301,77.33532266827302,380410.2016620957
2024-12-18 08:00:00+00:00,9.159e-05,104203.79516312,2.089999999999994,217785.93189092018,19.94701350188938,374009.87868896784
2024-12-18 16:00:00+00:00,0.0001,104395.1,0.0009999999999941167,104.39509999938582,0.010439509999938583,370368.633534463
2024-12-19 00:00:00+00:00,0.0001,100181.98887943,0.0009999999999941167,100.1819888788406,0.01001819888788406,366779.60584142845
2024-12-19 08:00:00+00:00,0.0001,101625.15913475,0.0009999999999941167,101.62515913415211,0.010162515913415212,366779.59567891253
2024-12-19 16:00:00+00:00,0.0001,100657.71907801,0.0009999999999941167,100.65771907741781,0.010065771907741782,366779.5856131406
2024-12-20 00:00:00+00:00,0.0001,97434.4,0.0009999999999941167,97.43439999942676,0.009743439999942677,366779.5758697006
2024-12-20 08:00:00+00:00,0.0001,97822.91723404,0.0009999999999941167,97.82291723346448,0.009782291723346449,366779.56608740886
2024-12-20 16:00:00+00:00,0.0001,96968.4557305,0.0009999999999941167,96.96845572992952,0.009696845572992953,366779.5563905633
2024-12-21 00:00:00+00:00,0.0001,97764.5,0.0009999999999941167,97.76449999942483,0.009776449999942483,366779.5466141133
2024-12-21 08:00:00+00:00,1.206e-05,98984.80428369,0.0009999999999941167,98.98480428310764,0.001193756739654278,366779.54542035656
2024-12-21 16:00:00+00:00,0.0001,97486.5,0.0009999999999941167,97.48649999942646,0.009748649999942646,366779.53567170654
2024-12-22 00:00:00+00:00,0.0001,97261.8,0.0009999999999941167,97.26179999942778,0.009726179999942778,366779.52594552655
2024-12-22 08:00:00+00:00,0.0001,96192.1,0.0009999999999941167,96.19209999943408,0.009619209999943408,366779.5163263166
2024-12-22 16:00:00+00:00,9.629e-05,95340.9,0.0009999999999941167,95.34089999943907,0.009180375260945988,366779.5071459413
2024-12-23 00:00:00+00:00,0.0001,95155.88896454,0.0009999999999941167,95.15588896398017,0.009515588896398018,366779.49763035245
2024-12-23 08:00:00+00:00,0.0001,95360.4,0.0009999999999941167,95.36039999943895,0.009536039999943896,366779.48809431243
2024-12-23 16:00:00+00:00,8.981e-05,93217.6,0.0009999999999941167,93.21759999945158,0.008371872655950746,366779.4797224398
2024-12-24 00:00:00+00:00,0.0001,94861.1,0.0009999999999941167,94.8610999994419,0.009486109999944191,366779.47023632977
2024-12-24 08:00:00+00:00,0.0001,94199.9,0.0009999999999941167,94.19989999944579,0.009419989999944579,366779.46081633976
2024-12-24 16:00:00+00:00,0.0001,98247.48837589,0.0009999999999941167,98.24748837531197,0.009824748837531198,366779.4509915909
2024-12-25 00:00:00+00:00,0.0001,98633.61806383,0.0009999999999941167,98.63361806324971,0.009863361806324971,366779.4411282291
2024-12-25 08:00:00+00:00,0.0001,98052.3672695,0.0009999999999941167,98.05236726892313,0.009805236726892314,366779.4313229924
2024-12-25 16:00:00+00:00,0.0001,98485.7,0.0009999999999941167,98.48569999942058,0.009848569999942058,366779.4214744224
2024-12-26 00:00:00+00:00,9.827e-05,99379.6,0.0009999999999941167,99.37959999941533,0.009766033291942545,366779.4117083891
2024-12-26 08:00:00+00:00,7.453e-05,97688.02015603,0.0009999999999941167,97.68802015545528,0.007280688142186083,366779.40442770097
2024-12-26 16:00:00+00:00,8.585e-05,96006.0,0.0009999999999941167,96.00599999943518,0.00824211509995151,366779.3961855859
2024-12-27 00:00:00+00:00,0.0001,95754.23556738,0.0009999999999941167,95.75423556681666,0.009575423556681667,366779.3866101623
2024-12-27 08:00:00+00:00,0.0001,95074.97113475,0.0009999999999941167,95.07497113419065,0.009507497113419066,366779.3771026652
2024-12-27 16:00:00+00:00,0.0001,94534.65060993,0.0009999999999941167,94.53465060937383,0.009453465060937383,366779.36764920014
2024-12-28 00:00:00+00:00,0.0001,94263.83920567,0.0009999999999941167,94.26383920511542,0.009426383920511542,366779.3582228162
2024-12-28 08:00:00+00:00,7.639e-05,94339.82516312,0.0009999999999941167,94.33982516256496,0.007206619244168338,366779.35101619695
2024-12-28 16:00:00+00:00,5.173e-05,94407.99961702,0.0009999999999941167,94.40799961646458,0.004883725820159713,366779.3461324711
2024-12-29 00:00:00+00:00,8.013e-05,95262.82075887,0.0009999999999941167,95.26282075830954,0.0076334098273633435,366779.3384990613
2024-12-29 08:00:00+00:00,0.0001,95233.3,0.0009999999999941167,95.23329999943972,0.009523329999943972,366779.3289757313
2024-12-29 16:00:00+00:00,0.0001,94468.77931206,0.0009999999999941167,94.4687793115042,0.009446877931150422,366779.31952885335
2024-12-30 00:00:00+00:00,-4.2e-07,93699.9,0.0009999999999941167,93.69989999944873,-3.935395799976847e-05,366779.3195682073
2024-12-30 08:00:00+00:00,8.791e-05,93700.13509929,0.0009999999999941167,93.70013509873873,0.008237178876530122,366779.3113310284
2024-12-30 16:00:00+00:00,0.0001,92087.33713475,0.0009999999999941167,92.08733713420823,0.009208733713420823,366779.30212229467
2024-12-31 00:00:00+00:00,0.0001,92760.05741135,0.0009999999999941167,92.76005741080427,0.009276005741080427,366779.29284628894
2024-12-31 08:00:00+00:00,0.0001,92819.5,0.0009999999999941167,92.81949999945391,0.009281949999945392,366779.2835643389
2024-12-31 16:00:00+00:00,0.0001,95389.4,0.0009999999999941167,95.3893999994388,0.00953893999994388,366779.27402539895
2025-01-01 00:00:00+00:00,0.0001,93549.66175177,0.0009999999999941167,93.54966175121963,0.009354966175121963,366779.2646704328
2025-01-01 08:00:00+00:00,0.0001,93660.97108511,0.0009999999999941167,93.66097108455897,0.009366097108455897,366779.2553043357
2025-01-01 16:00:00+00:00,0.0001,94413.6,0.0009999999999941167,94.41359999944454,0.009441359999944455,366779.24586297566
2025-01-02 00:00:00+00:00,0.0001,94581.0,0.0009999999999941167,94.58099999944355,0.009458099999944356,366779.23640487564
2025-01-02 08:00:00+00:00,0.0001,95815.3,0.0009999999999941167,95.81529999943629,0.00958152999994363,366779.22682334564
2025-01-02 16:00:00+00:00,0.0001,96438.3,0.0009999999999941167,96.43829999943263,0.009643829999943263,366779.21717951563
2025-01-03 00:00:00+00:00,0.0001,96967.5,0.0009999999999941167,96.9674999994295,0.00969674999994295,366779.2074827656
2025-01-03 08:00:00+00:00,0.0001,96275.0,0.0009999999999941167,96.27499999943359,0.00962749999994336,366779.1978552656
2025-01-03 16:00:00+00:00,5.242e-05,97481.09407092,0.0009999999999941167,97.48109407034649,0.0051099589511675635,366779.19274530665
2025-01-04 00:00:00+00:00,7.699e-05,98145.8,0.0009999999999941167,98.14579999942258,0.007556245141955545,366779.1851890615
2025-01-04 08:00:00+00:00,0.0001,98244.2,0.0009999999999941167,98.244199999422,0.0098244199999422,366779.17536464153
2025-01-04 16:00:00+00:00,7.98e-06,97632.05677305,0.0009999999999941167,97.63205677247561,0.0007791038130443553,366779.1745855377
2025-01-05 00:00:00+00:00,0.0001,98173.2,0.0009999999999941167,98.17319999942241,0.009817319999942242,366779.1647682177
2025-01-05 08:00:00+00:00,0.0001,98225.72075177,0.0009999999999941167,98.22572075119211,0.009822572075119211,366779.15494564566
2025-01-05 16:00:00+00:00,8.32e-05,97981.8,0.0009999999999941167,97.98179999942354,0.008152085759952039,366779.1467935599
2025-01-06 00:00:00+00:00,0.0001,98340.1,10.646999999999993,1047027.0446999994,104.70270446999994,366256.85460301716
2025-01-06 08:00:00+00:00,0.0001,99280.0,10.646999999999993,1057034.1599999992,105.70341599999993,366151.15118701715
2025-01-06 16:00:00+00:00,0.0001,102093.05065957,10.646999999999993,1086984.710372441,108.6984710372441,366042.4527159799
2025-01-07 00:00:00+00:00,0.0001,102189.23165248,13.828999999999994,1413174.8845221451,141.31748845221452,365771.1533176125
2025-01-07 08:00:00+00:00,8.903e-05,101649.3,13.828999999999994,1405708.1696999993,125.15019834839094,365646.0031192641
2025-01-07 16:00:00+00:00,8.279e-05,97916.2659281,10.100999999999996,989052.2021397376,81.88363181514887,372025.8816897151
2025-01-08 00:00:00+00:00,0.0001,96920.2,0.000999999999995893,96.92019999960195,0.009692019999960196,360501.63768680475
2025-01-08 08:00:00+00:00,0.0001,95628.4,0.000999999999995893,95.62839999960725,0.009562839999960725,360501.62812396477
2025-01-08 16:00:00+00:00,0.0001,95454.56275887,0.000999999999995893,95.45456275847798,0.009545456275847799,360501.6185785085
2025-01-09 00:00:00+00:00,0.0001,95036.11944681,0.000999999999995893,95.03611944641969,0.00950361194464197,360501.60907489655
2025-01-09 08:00:00+00:00,9.834e-05,93180.20612057,0.000999999999995893,93.18020612018732,0.009163341469859221,360501.59991155507
2025-01-09 16:00:00+00:00,-5.44e-06,94195.1,0.000999999999995893,94.19509999961315,-0.0005124213439978955,360501.60042397643
2025-01-10 00:00:00+00:00,3.966e-05,92509.69006383,0.000999999999995893,92.50969006345007,0.0036689343079164298,360501.59675504215
2025-01-10 08:00:00+00:00,-1.06e-05,94460.5,0.000999999999995893,94.46049999961205,-0.0010012812999958879,360501.59775632346
2025-01-10 16:00:00+00:00,8.078e-05,93697.9,0.000999999999995893,93.69789999961519,0.007568916361968914,360501.5901874071
2025-01-11 00:00:00+00:00,5.68e-05,94680.94735461,0.000999999999995893,94.68094735422116,0.005377877809719761,360501.5848095293
2025-01-11 08:00:00+00:00,4.055e-05,94211.97412183,0.000999999999995893,94.21197412144308,0.003820295550624517,360501.58098923374
2025-01-11 16:00:00+00:00,2.608e-05,94365.8,0.000999999999995893,94.36579999961245,0.002461060063989893,360501.5785281737
2025-01-12 00:00:00+00:00,5.009e-05,94565.09497163,0.000999999999995893,94.56509497124162,0.004736765607109493,360501.5737914081
2025-01-12 08:00:00+00:00,3.21e-05,94291.3,0.000999999999995893,94.29129999961276,0.00302675072998757,360501.57076465734
2025-01-12 16:00:00+00:00,6.647e-05,95037.06563121,0.000999999999995893,95.0370656308197,0.006317113752480586,360501.5644475436
2025-01-13 00:00:00+00:00,5.266e-05,94499.9,0.000999999999995893,94.49989999961188,0.004976364733979562,360501.55947117886
2025-01-13 08:00:00+00:00,6.989e-05,93557.9,0.000999999999995893,93.55789999961576,0.006538761630973145,360501.55293241725
2025-01-13 16:00:00+00:00,8.81e-06,92108.14175,0.000999999999995893,92.10814174962171,0.0008114727288141673,360501.55212094454
2025-01-14 00:00:00+00:00,0.0001,94487.60209091,0.000999999999995893,94.48760209052195,0.009448760209052194,360501.54267218435
2025-01-14 08:00:00+00:00,0.0001,94824.19737879,0.000999999999995893,94.82419737840057,0.009482419737840057,360501.5331897646
2025-01-14 16:00:00+00:00,9.496e-05,96420.52184091,0.000999999999995893,96.42052184051401,0.00915609275397521,360501.5240336718
2025-01-15 00:00:00+00:00,4.989e-05,96515.0,0.000999999999995893,96.51499999960362,0.004815133349980225,360501.5192185385
2025-01-15 08:00:00+00:00,8.795e-05,97253.8,0.000999999999995893,97.25379999960059,0.008553471709964872,360501.5106650668
2025-01-15 16:00:00+00:00,5.844e-05,98943.3,0.000999999999995893,98.94329999959365,0.005782246451976253,360501.5048828203
2025-01-16 00:00:00+00:00,7.28e-06,100461.91109848,0.000999999999995893,100.46191109806742,0.0007313627127939308,360501.5041514576
2025-01-16 08:00:00+00:00,7.568e-05,99762.5,0.000999999999995893,99.76249999959028,0.007550025999968991,360501.4966014316
2025-01-16 16:00:00+00:00,4.598e-05,99258.85297727,7.032999999999996,698087.5129891395,32.09806384724063,360188.75404039345
2025-01-17 00:00:00+00:00,4.597e-05,99937.4,7.032999999999996,702859.7341999996,32.31046198117398,360156.4435784123
2025-01-17 08:00:00+00:00,9.386e-05,101406.9,7.032999999999996,713194.7276999996,66.94045714192195,360089.5031212704
2025-01-17 16:00:00+00:00,3.432e-05,103946.3,7.032999999999996,731054.3278999996,25.089784533527983,360064.41333673685
2025-01-18 00:00:00+00:00,6.707e-05,104042.5,10.017999999999995,1042297.7649999995,69.90691109854998,359868.1931665651
2025-01-18 08:00:00+00:00,0.0001,102781.74468182,7.179999999999995,737972.9268154671,73.79729268154671,366658.8763426084
2025-01-18 16:00:00+00:00,0.0001,104537.59208333,7.179999999999995,750579.911158309,75.0579911158309,366583.8183514926
2025-01-19 00:00:00+00:00,0.0001,104535.24325758,7.179999999999995,750563.0465894239,75.0563046589424,366508.76204683364
2025-01-19 08:00:00+00:00,0.0001,105153.39980303,7.179999999999995,755001.4105857549,75.5001410585755,366433.26190577506
2025-01-19 16:00:00+00:00,0.0001,104957.60477273,7.179999999999995,753595.602268201,75.3595602268201,366357.9023455482
2025-01-20 00:00:00+00:00,0.0001,101308.1,7.179999999999995,727392.1579999996,72.73921579999997,366285.1631297482
2025-01-20 08:00:00+00:00,0.0001,107128.89547022,0.0009999999999950049,107.12889546968488,0.010712889546968488,364039.0054834067
2025-01-20 16:00:00+00:00,0.0001,104989.6,1.431999999999995,150345.10719999947,15.034510719999949,363962.6129600804
2025-01-21 00:00:00+00:00,0.0001,102253.89548485,0.0009999999999950049,102.25389548433922,0.010225389548433923,358841.5616294691
2025-01-21 08:00:00+00:00,0.0001,101983.4947197,0.0009999999999950049,101.98349471919057,0.010198349471919058,358841.5514311196
2025-01-21 16:00:00+00:00,0.0001,103929.1,0.0009999999999950049,103.92909999948087,0.010392909999948087,358841.54103820963
2025-01-22 00:00:00+00:00,0.0001,106114.4,1.207999999999995,128186.19519999946,12.818619519999947,358777.0591121941
2025-01-22 08:00:00+00:00,0.0001,105063.8,1.207999999999995,126917.07039999949,12.69170703999995,358764.3674051541
2025-01-22 16:00:00+00:00,0.0001,104139.07094074,0.0009999999999950049,104.13907094021981,0.010413907094021981,356366.90688568004
2025-01-23 00:00:00+00:00,8.654e-05,103665.0,0.0009999999999950049,103.66499999948218,0.008971169099955188,356366.8979145109
2025-01-23 08:00:00+00:00,0.0001,102668.3,0.0009999999999950049,102.66829999948716,0.010266829999948716,356366.88764768094
2025-01-23 16:00:00+00:00,8.616e-05,105209.9,0.0009999999999950049,105.20989999947446,0.00906488498395472,356366.87858279597
2025-01-24 00:00:00+00:00,3.34e-06,103867.57431111,0.0009999999999950049,103.86757431059117,0.0003469176981973745,356366.87823587825
2025-01-24 08:00:00+00:00,7.537e-05,104999.9,0.0009999999999950049,104.9998999994755,0.00791384246296047,356366.8703220358
2025-01-24 16:00:00+00:00,9.54e-05,105821.8,0.0009999999999950049,105.82179999947141,0.010095399719949572,356366.86022663605
2025-01-25 00:00:00+00:00,5.702e-05,104811.48457037,0.0009999999999950049,104.81148456984646,0.005976350850172645,356366.8542502852
2025-01-25 08:00:00+00:00,8.495e-05,104349.4,0.0009999999999950049,104.34939999947876,0.008864481529955722,356366.84538580367
2025-01-25 16:00:00+00:00,7.782e-05,104856.23635556,0.0009999999999950049,104.85623635503623,0.008159912313148918,356366.83722589136
2025-01-26 00:00:00+00:00,8.363e-05,104701.9,0.0009999999999950049,104.70189999947699,0.00875621989695626,356366.8284696715
2025-01-26 08:00:00+00:00,0.0001,104963.8,0.0009999999999950049,104.9637999994757,0.01049637999994757,356366.8179732915
2025-01-26 16:00:00+00:00,8.443e-05,104920.0,0.0009999999999950049,104.91999999947592,0.008858395599955752,356366.8091148959
2025-01-27 00:00:00+00:00,9.084e-05,102590.39013333,0.0009999999999950049,102.59039013281755,0.009319311039665146,356366.7997955848
2025-01-27 08:00:00+00:00,3.712e-05,98996.4,0.0009999999999950049,98.9963999995055,0.003674746367981644,356366.79612083844
2025-01-27 16:00:00+00:00,9.8e-07,101075.16971111,0.9399999999999951,95010.65952844289,0.09311044633787403,356329.62510125985
2025-01-28 00:00:00+00:00,0.0001,102034.28208148,0.2239999999999951,22855.67918625102,2.285567918625102,357968.0898576816
2025-01-28 08:00:00+00:00,3.714e-05,102748.76021481,0.2239999999999951,23015.722288116936,0.854803925780663,357967.2350537558
2025-01-28 16:00:00+00:00,9.848e-05,102732.49048889,0.2239999999999951,23012.077869510857,2.2662294285894293,357964.9688243272
2025-01-29 00:00:00+00:00,0.0001,101292.5435037,0.9059999999999951,91771.04441435171,9.177104441435171,357927.7624071606
2025-01-29 08:00:00+00:00,0.0001,102723.3,0.9059999999999951,93067.30979999951,9.306730979999951,357918.4556761806
2025-01-29 16:00:00+00:00,9.949e-05,101942.29615556,0.9059999999999951,92359.72031693687,9.18886857433205,357909.26680760627
2025-01-30 00:00:00+00:00,7.59e-05,103698.2,0.000999999999995116,103.69819999949353,0.007870693379961559,359487.2799704217
2025-01-30 08:00:00+00:00,0.0001,105085.2,0.000999999999995116,105.08519999948675,0.010508519999948675,359487.2694619017
2025-01-30 16:00:00+00:00,9.499e-05,105521.2,0.000999999999995116,105.52119999948462,0.010023458787951044,359487.2594384429
2025-01-31 00:00:00+00:00,1.225e-05,104677.0,0.000999999999995116,104.67699999948874,0.001282293249993737,359487.25815614965
2025-01-31 08:00:00+00:00,0.0001,104167.68447407,0.000999999999995116,104.16768447356124,0.010416768447356124,359487.2477393812
2025-01-31 16:00:00+00:00,0.0001,105417.4,0.000999999999995116,105.41739999948513,0.010541739999948513,359487.2371976412
2025-02-01 00:00:00+00:00,8.098e-05,102379.7,0.000999999999995116,102.37969999949996,0.008290708105959508,359487.2289069331
2025-02-01 08:00:00+00:00,5.369e-05,102127.0,0.000999999999995116,102.12699999950121,0.00548319862997322,359487.2234237345
2025-02-01 16:00:00+00:00,5.968e-05,102033.74300741,0.000999999999995116,102.03374300691165,0.006089373782652487,359487.2173343607
2025-02-02 00:00:00+00:00,5.824e-05,100603.6,0.000999999999995116,100.60359999950865,0.005859153663971384,359487.21147520706
2025-02-02 08:00:00+00:00,3.38e-05,99595.81932593,0.000999999999995116,99.59581932544357,0.003366338693199993,359487.2081088684
2025-02-02 16:00:00+00:00,-8.61e-06,99298.6,0.000999999999995116,99.29859999951502,-0.0008549609459958244,359487.2089638293
2025-02-03 00:00:00+00:00,0.0001,97666.2923037,0.000999999999995116,97.66629230322299,0.0097666292303223,359487.19919720007
2025-02-03 08:00:00+00:00,0.0001,95278.94922222,0.000999999999995116,95.27894922175466,0.009527894922175466,359487.18966930517
2025-02-03 16:00:00+00:00,4.845e-05,98802.29277778,0.000999999999995116,98.80229277729745,0.0047869710850600615,359487.1848823341
2025-02-04 00:00:00+00:00,2.612e-05,101293.7,0.000999999999995116,101.29369999950526,0.0026457914439870778,359487.18223654263
2025-02-04 08:00:00+00:00,6.8e-05,98428.05392593,0.000999999999995116,98.42805392544926,0.00669310766693055,359487.175543435
2025-02-04 16:00:00+00:00,4.138e-05,99307.83627586,0.000999999999995116,99.30783627537497,0.004109358265075016,359487.17143407674
2025-02-05 00:00:00+00:00,-4.61e-06,97709.9,0.000999999999995116,97.70989999952278,-0.0004504426389978,359487.1718845194
2025-02-05 08:00:00+00:00,4.774e-05,97816.06753333,0.000999999999995116,97.81606753285226,0.004669739064018367,359487.16721478035
2025-02-05 16:00:00+00:00,1.61e-05,98063.3,0.000999999999995116,98.06329999952105,0.0015788191299922888,359487.1656359612
2025-02-06 00:00:00+00:00,2.186e-05,96559.10387407,0.000999999999995116,96.5591038735984,0.002110782010676861,359487.1635251792
2025-02-06 08:00:00+00:00,-2.38e-06,98164.9,0.000999999999995116,98.16489999952054,-0.0002336324619988589,359487.16375881166
2025-02-06 16:00:00+00:00,5.903e-05,97285.6,0.000999999999995116,97.28559999952485,0.005742768967971952,359487.15801604267
2025-02-07 00:00:00+00:00,7.983e-05,96515.0,0.000999999999995116,96.51499999952861,0.007704792449962369,359487.15031125024
2025-02-07 08:00:00+00:00,6.989e-05,96714.18992337,0.000999999999995116,96.71418992289763,0.006759354733711315,359487.1435518955
2025-02-07 16:00:00+00:00,5.167e-05,98249.7,0.000999999999995116,98.24969999952013,0.005076561998975205,359487.1384753335
2025-02-08 00:00:00+00:00,-4.1e-05,96456.01788889,0.000999999999995116,96.4560178884189,-0.0039546967334251745,359487.1424300303
2025-02-08 08:00:00+00:00,1.137e-05,96153.4,0.000999999999995116,96.15339999953038,0.0010932641579946604,359487.14133676613
2025-02-08 16:00:00+00:00,3.24e-06,95798.27433333,0.000999999999995116,95.79827433286212,0.0003103864088384733,359487.1410263797
2025-02-09 00:00:00+00:00,3.873e-05,96411.9,0.000999999999995116,96.41189999952911,0.0037340328869817623,359487.1372923468
2025-02-09 08:00:00+00:00,9.6e-05,97019.9,0.000999999999995116,97.01989999952615,0.00931391039995451,359487.1279784364
2025-02-09 16:00:00+00:00,2.839e-05,96443.79991852,0.000999999999995116,96.44379991804897,0.00273803947967341,359487.12524039694
2025-02-10 00:00:00+00:00,1.802e-05,96424.98096296,0.000999999999995116,96.42498096248906,0.0017375781569440528,359487.1235028188
2025-02-10 08:00:00+00:00,9.176e-05,97393.1,0.000999999999995116,97.39309999952432,0.008936790855956353,359487.11456602794
2025-02-10 16:00:00+00:00,7.457e-05,97187.7,0.000999999999995116,97.18769999952532,0.007247286788964603,359487.10731874115
2025-02-11 00:00:00+00:00,4.218e-05,97384.53994815,0.000999999999995116,97.38453994767437,0.004107679894992905,359487.1032110613
2025-02-11 08:00:00+00:00,7.09e-05,98231.05771852,0.000999999999995116,98.23105771804022,0.006964581992209052,359487.09624647925
2025-02-11 16:00:00+00:00,-2.446e-05,96963.3,0.000999999999995116,96.96329999952643,-0.0023717223179884166,359487.09861820156
2025-02-12 00:00:00+00:00,1.298e-05,95731.4,0.000999999999995116,95.73139999953243,0.001242593571993931,359487.097375608
2025-02-12 08:00:00+00:00,4.899e-05,96032.1,0.000999999999995116,96.03209999953097,0.004704612578977022,359487.0926709954
2025-02-12 16:00:00+00:00,4.96e-05,95767.00291852,0.000999999999995116,95.76700291805226,0.004750043344735392,359487.08792095206
2025-02-13 00:00:00+00:00,0.0001,97828.22523704,0.000999999999995116,97.82822523656219,0.009782822523656219,359487.07813812955
2025-02-13 08:00:00+00:00,4.117e-05,96022.13023704,0.000999999999995116,96.02213023657102,0.0039532311018396285,359487.07418489846
2025-02-13 16:00:00+00:00,8.05e-06,95950.0,0.000999999999995116,95.94999999953137,0.0007723974999962274,359487.07341250096
2025-02-14 00:00:00+00:00,4.1e-05,96560.6,0.000999999999995116,96.56059999952839,0.003958984599980664,359487.06945351633
2025-02-14 08:00:00+00:00,5.51e-05,96894.37776296,0.000999999999995116,96.89437776248676,0.00533888021471302,359487.0641146361
2025-02-14 16:00:00+00:00,7.093e-05,96886.6,0.000999999999995116,96.88659999952681,0.006872166537966437,359487.0572424696
2025-02-15 00:00:00+00:00,5.5e-07,97449.10151111,0.000999999999995116,97.44910151063405,5.359700583084873e-05,359487.05718887254
2025-02-15 08:00:00+00:00,3.297e-05,97312.5,0.000999999999995116,97.31249999952472,0.0032083931249843297,359487.0539804794
2025-02-15 16:00:00+00:00,3.735e-05,97594.4,0.000999999999995116,97.59439999952333,0.0036451508399821964,359487.05033532856
2025-02-16 00:00:00+00:00,3.39e-05,97537.9,0.000999999999995116,97.5378999995236,0.00330653480998385,359487.0470287938
2025-02-16 08:00:00+00:00,1.82e-06,97207.4,0.000999999999995116,97.20739999952522,0.0001769174679991359,359487.0468518763
2025-02-16 16:00:00+00:00,3.799e-05,96859.04714359,0.000999999999995116,96.85904714311692,0.003679675200967012,359487.0431722011
2025-02-17 00:00:00+00:00,6.239e-05,96073.4270963,0.000999999999995116,96.07342709583077,0.005994021116508882,359487.03717817995
2025-02-17 08:00:00+00:00,6.397e-05,96031.56637778,0.000999999999995116,96.03156637731097,0.006143139301156582,359487.0310350406
2025-02-17 16:00:00+00:00,2.009e-05,95610.58525185,0.000999999999995116,95.61058525138303,0.001920816657700285,359487.02911422396
2025-02-18 00:00:00+00:00,9.488e-05,95743.1,0.000999999999995116,95.74309999953239,0.009084105327955633,359487.02003011864
2025-02-18 08:00:00+00:00,0.0001,95416.39865926,0.000999999999995116,95.41639865879398,0.009541639865879399,359487.01048847876
2025-02-18 16:00:00+00:00,0.0001,95507.29938519,0.000999999999995116,95.50729938472352,0.009550729938472353,359487.0009377488
2025-02-19 00:00:00+00:00,7.007e-05,95621.9,0.000999999999995116,95.62189999953297,0.0067002265329672754,359486.9942375223
2025-02-19 08:00:00+00:00,7.779e-05,95640.4,0.000999999999995116,95.64039999953287,0.007439866715963662,359486.9867976556
2025-02-19 16:00:00+00:00,8.96e-05,95895.5,0.000999999999995116,95.89549999953164,0.008592236799958033,359486.9782054188
2025-02-20 00:00:00+00:00,2.42e-05,96605.40166667,0.000999999999995116,96.60540166619818,0.002337850720321996,359486.97586756805
2025-02-20 08:00:00+00:00,3.269e-05,96825.7,0.000999999999995116,96.82569999952709,0.0031652321329845405,359486.9727023359
2025-02-20 16:00:00+00:00,7.346e-05,96860.9,0.000999999999995116,96.86089999952692,0.007115401713965248,359486.9655869342
2025-02-21 00:00:00+00:00,1.23e-06,98252.9,0.000999999999995116,98.25289999952012,0.00012085106699940976,359486.9654660831
2025-02-21 08:00:00+00:00,2.286e-05,98128.4,0.000999999999995116,98.12839999952072,0.0022432152239890437,359486.96322286787
2025-02-21 16:00:00+00:00,-9.7e-07,98057.7,0.000999999999995116,98.05769999952108,-9.511596899953545e-05,359486.96331798384
2025-02-22 00:00:00+00:00,0.0001,96131.40247407,0.000999999999995116,96.13140247360049,0.00961314024736005,359486.9537048436
2025-02-22 08:00:00+00:00,6.466e-05,96241.7,0.000999999999995116,96.24169999952994,0.006222988321969605,359486.9474818553
2025-02-22 16:00:00+00:00,2.318e-05,96552.61577037,0.000999999999995116,96.55261576989842,0.002238089633546246,359486.94524376566
2025-02-23 00:00:00+00:00,4.112e-05,96503.38967407,0.000999999999995116,96.50338967359866,0.003968219383378377,359486.94127554627
2025-02-23 08:00:00+00:00,3.14e-05,96455.96508889,0.000999999999995116,96.4559650884189,0.0030287173037763532,359486.93824682897
2025-02-23 16:00:00+00:00,1.478e-05,95391.4,0.000999999999995116,95.39139999953409,0.0014098848919931138,359486.9368369441
2025-02-24 00:00:00+00:00,-2.97e-05,96218.4,0.000999999999995116,96.21839999953005,-0.0028576864799860426,359486.93969463056
2025-02-24 08:00:00+00:00,6.881e-05,95838.01501481,0.000999999999995116,95.8380150143419,0.006594613813136867,359486.93310001673
2025-02-24 16:00:00+00:00,2.05e-05,94296.0,0.000999999999995116,94.29599999953945,0.0019330679999905586,359486.93116694875
2025-02-25 00:00:00+00:00,0.0001,91524.67726667,0.000999999999995116,91.52467726622298,0.009152467726622298,359486.92201448104
2025-02-25 08:00:00+00:00,5.245e-05,89300.0,0.000999999999995116,89.29999999956385,0.004683784999977124,359486.917330696
2025-02-25 16:00:00+00:00,1.385e-05,87188.93212261,0.000999999999995116,87.18893212218416,0.0012075667098922504,359486.9161231293
2025-02-26 00:00:00+00:00,3.521e-05,88639.1,0.000999999999995116,88.63909999956708,0.0031209827109847568,359486.9130021466
2025-02-26 08:00:00+00:00,6.005e-05,88688.89924444,0.000999999999995116,88.68889924400685,0.005325768399602611,359486.9076763782
2025-02-26 16:00:00+00:00,0.0001,87535.64736398,0.000999999999995116,87.53564736355246,0.008753564736355246,359486.8989228135
2025-02-27 00:00:00+00:00,9.305e-05,84203.99431111,0.000999999999995116,84.20399431069875,0.007835181670610519,359486.8910876318
2025-02-27 08:00:00+00:00,-6.17e-06,86227.86960741,0.000999999999995116,86.22786960698886,-0.0005320259554751213,359486.89161965775
2025-02-27 16:00:00+00:00,9.433e-05,85473.85978519,0.000999999999995116,85.47385978477253,0.008062749193497592,359486.8835569086
2025-02-28 00:00:00+00:00,9.444e-05,84667.5,0.000999999999995116,84.66749999958648,0.007995998699960948,359486.87556090986
2025-02-28 08:00:00+00:00,9.521e-05,79173.04545185,0.000999999999995116,79.17304545146331,0.007538065657433822,359486.8680228442
2025-02-28 16:00:00+00:00,-3.73e-06,83971.85852874,0.000999999999995116,83.97185852832988,-0.0003132150323106704,359486.8683360592
2025-03-01 00:00:00+00:00,-1.4e-07,84300.62248148,0.000999999999995116,84.30062248106826,-1.1802087147349558e-05,359486.8683478613
2025-03-01 08:00:00+00:00,-6.108e-05,84708.13071852,0.000999999999995116,84.70813071810628,-0.005173972624261932,359486.8735218339
2025-03-01 16:00:00+00:00,-8.58e-06,84758.97667407,0.000999999999995116,84.75897667365602,-0.0007272320198599686,359486.87424906594
2025-03-02 00:00:00+00:00,-1.094e-05,86017.81202963,0.000999999999995116,86.01781202920988,-0.0009410348635995561,359486.8751901008
2025-03-02 08:00:00+00:00,-2.783e-05,86191.4,0.000999999999995116,86.19139999957903,-0.0023987066619882845,359486.8775888075
2025-03-02 16:00:00+00:00,-2.869e-05,87376.32577037,0.000999999999995116,87.37632576994324,-0.0025068267863396715,359486.88009563426
2025-03-03 00:00:00+00:00,-5.518e-05,94228.27204444,0.000999999999995116,94.22827204397979,-0.005199516051386804,359486.88529515034
2025-03-03 08:00:00+00:00,7.91e-06,92325.2,0.000999999999995116,92.32519999954907,0.0007302923319964332,359486.884564858
2025-03-03 16:00:00+00:00,5.272e-05,90009.4,0.000999999999995116,90.00939999956039,0.004745295567976824,359486.8798195624
2025-03-04 00:00:00+00:00,-1.526e-05,86181.9,0.000999999999995116,86.18189999957907,-0.0013151357939935767,359486.8811346982
2025-03-04 08:00:00+00:00,-2.7e-06,83159.4,0.000999999999995116,83.15939999959383,-0.00022453037999890335,359486.88135922863
2025-03-04 16:00:00+00:00,1.306e-05,82949.14127407,0.000999999999995116,82.94914127366488,0.0010833157850340634,359486.8802759129
2025-03-05 00:00:00+00:00,4.113e-05,87246.0,0.000999999999995116,87.24599999957388,0.003588427979982474,359486.8766874849
2025-03-05 08:00:00+00:00,2.722e-05,87579.6,0.000999999999995116,87.57959999957225,0.0023839167119883565,359486.8743035682
2025-03-05 16:00:00+00:00,5.028e-05,88312.6,0.000999999999995116,88.31259999956868,0.004440357527978313,359486.8698632107
2025-03-06 00:00:00+00:00,3.538e-05,90567.40845926,0.000999999999995116,90.56740845881765,0.003204274911272968,359486.8666589358
2025-03-06 08:00:00+00:00,6.413e-05,91314.76822222,0.000999999999995116,91.314768221774,0.005856016086062367,359486.8608029197
2025-03-06 16:00:00+00:00,6.818e-05,90776.94748889,0.000999999999995116,90.77694748844664,0.006189172279762292,359486.85461374745
2025-03-07 00:00:00+00:00,-6.12e-06,89887.9,0.000999999999995116,89.88789999956097,-0.0005501139479973131,359486.8551638614
2025-03-07 08:00:00+00:00,-1.539e-05,88311.88999259,0.000999999999995116,88.31188999215868,-0.001359119986979322,359486.8565229814
2025-03-07 16:00:00+00:00,2.028e-05,88417.95212593,0.000999999999995116,88.41795212549815,0.0017931160691051023,359486.8547298654
2025-03-08 00:00:00+00:00,5.328e-05,86753.8,0.000999999999995116,86.75379999957629,0.0046222424639774246,359486.8501076229
2025-03-08 08:00:00+00:00,3.73e-06,86159.9807037,0.000999999999995116,86.15998070327919,0.0003213767280232314,359486.8497862462
2025-03-08 16:00:00+00:00,1.208e-05,86360.0,0.000999999999995116,86.3599999995782,0.0010432287999949047,359486.8487430174
2025-03-09 00:00:00+00:00,-2.779e-05,86184.8,0.000999999999995116,86.18479999957907,-0.0023950755919883025,359486.851138093
2025-03-09 08:00:00+00:00,3.218e-05,85976.48557778,0.000999999999995116,85.97648557736008,0.0027667233058794472,359486.8483713697
2025-03-09 16:00:00+00:00,0.0001,83040.22277037,0.000999999999995116,83.04022276996443,0.008304022276996443,359486.84006734745
2025-03-10 00:00:00+00:00,3.952e-05,80688.7,0.000999999999995116,80.6886999996059,0.0031888174239844253,359486.83687853004
2025-03-10 08:00:00+00:00,1.344e-05,82281.39874074,0.000999999999995116,82.28139874033813,0.0011058619990701446,359486.83577266807
2025-03-10 16:00:00+00:00,4.037e-05,80001.03606667,0.000999999999995116,80.00103606627927,0.0032296418259956943,359486.83254302625
2025-03-11 00:00:00+00:00,4.705e-05,78567.8,0.000999999999995116,78.56779999961627,0.0036966149899819454,359486.82884641126
2025-03-11 08:00:00+00:00,3.26e-05,80395.91354023,0.000999999999995116,80.39591353983734,0.002620906781398697,359486.82622550445
2025-03-11 16:00:00+00:00,8.746e-05,81190.7,0.000999999999995116,81.19069999960345,0.007100938621965319,359486.8191245658
2025-03-12 00:00:00+00:00,5.76e-06,82896.0,0.000999999999995116,82.89599999959513,0.00047748095999766796,359486.8186470849
2025-03-12 08:00:00+00:00,5.815e-05,82405.1,0.000999999999995116,82.40509999959752,0.004791856564976596,359486.8138552283
2025-03-12 16:00:00+00:00,4.013e-05,81703.20626667,0.000999999999995116,81.70320626627095,0.003278749667465453,359486.81057647866
2025-03-13 00:00:00+00:00,4.3e-06,83640.6,0.000999999999995116,83.6405999995915,0.0003596545799982435,359486.81021682406
2025-03-13 08:00:00+00:00,2.069e-05,83118.5,0.000999999999995116,83.11849999959404,0.0017197217649916007,359486.8084971023
2025-03-13 16:00:00+00:00,3.19e-05,81016.0,0.000999999999995116,81.0159999996043,0.0025844103999873775,359486.80591269187
2025-03-14 00:00:00+00:00,5.386e-05,81085.4,0.000999999999995116,81.08539999960396,0.00436725964397867,359486.80154543224
2025-03-14 08:00:00+00:00,5.331e-05,82130.6268659,0.000999999999995116,82.13062686549887,0.004378383718199745,359486.7971670485
2025-03-14 16:00:00+00:00,3.57e-06,84687.64374713,0.000999999999995116,84.68764374671638,0.00030233488817577747,359486.7968647136
2025-03-15 00:00:00+00:00,-6.035e-05,83939.8,0.000999999999995116,83.93979999959004,-0.005065766929975259,359486.8019304805
2025-03-15 08:00:00+00:00,-2.389e-05,83799.04133333,0.000999999999995116,83.79904133292071,-0.002001959097443476,359486.8039324396
2025-03-15 16:00:00+00:00,-3.21e-06,84295.7,0.000999999999995116,84.2956999995883,-0.00027058919699867845,359486.8042030288
2025-03-16 00:00:00+00:00,4.32e-06,84302.9,0.000999999999995116,84.30289999958825,0.00036418852799822125,359486.8038388403
2025-03-16 08:00:00+00:00,4.236e-05,84242.0,0.000999999999995116,84.24199999958856,0.003568491119982571,359486.80027034914
2025-03-16 16:00:00+00:00,1.247e-05,83280.0,0.000999999999995116,83.27999999959326,0.001038501599994928,359486.7992318475
2025-03-17 00:00:00+00:00,1.065e-05,82541.6,0.000999999999995116,82.54159999959687,0.0008790680399957066,359486.7983527795
2025-03-17 08:00:00+00:00,8.474e-05,83525.2,0.000999999999995116,83.52519999959205,0.007077925447965431,359486.79127485404
2025-03-17 16:00:00+00:00,8.59e-06,83499.1,0.000999999999995116,83.49909999959219,0.000717257268996497,359486.7905575968
2025-03-18 00:00:00+00:00,7.03e-06,83966.73803065,0.000999999999995116,83.9667380302399,0.0005902861683525864,359486.7899673106
2025-03-18 08:00:00+00:00,2.059e-05,83124.7,0.000999999999995116,83.12469999959401,0.0017115375729916409,359486.788255773
2025-03-18 16:00:00+00:00,3.514e-05,81570.5,0.000999999999995116,81.57049999960161,0.0028663873699860004,359486.78538938565
2025-03-19 00:00:00+00:00,2e-06,82670.47688148,0.000999999999995116,82.67047688107624,0.00016534095376215247,359486.7852240447
2025-03-19 08:00:00+00:00,5.961e-05,83135.8,0.000999999999995116,83.13579999959396,0.0049557250379757955,359486.78026831965
2025-03-19 16:00:00+00:00,5.024e-05,84693.1,0.000999999999995116,84.69309999958635,0.004254981343979218,359486.7760133383
2025-03-20 00:00:00+00:00,1.944e-05,86809.8,0.000999999999995116,86.80979999957601,0.0016875825119917578,359486.7743257558
2025-03-20 08:00:00+00:00,3.79e-05,85769.99517778,0.000999999999995116,85.7699951773611,0.0032506828172219854,359486.77107507293
2025-03-20 16:00:00+00:00,1.086e-05,84656.4,0.000999999999995116,84.65639999958653,0.0009193685039955097,359486.7701557044
2025-03-21 00:00:00+00:00,1.615e-05,84183.6,0.000999999999995116,84.18359999958885,0.0013595651399933599,359486.7687961393
2025-03-21 08:00:00+00:00,5.324e-05,83892.55460741,0.000999999999995116,83.89255460700026,0.004466439607276694,359486.7643296997
2025-03-21 16:00:00+00:00,2.518e-05,83525.9,0.000999999999995116,83.52589999959204,0.0021031821619897275,359486.76222651755
2025-03-22 00:00:00+00:00,2.836e-05,84050.3,0.000999999999995116,84.0502999995895,0.002383666507988358,359486.759842851
2025-03-22 08:00:00+00:00,-1.77e-05,84235.4,0.000999999999995116,84.23539999958858,-0.001490966579992718,359486.7613338176
2025-03-22 16:00:00+00:00,5.092e-05,84073.5,0.000999999999995116,84.07349999958937,0.004281022619979091,359486.757052795
2025-03-23 00:00:00+00:00,2.099e-05,83804.9,0.000999999999995116,83.80489999959069,0.0017590648509914087,359486.7552937301
2025-03-23 08:00:00+00:00,-1.84e-06,84232.38148148,0.000999999999995116,84.2323814810686,-0.00015498758192516622,359486.7554487177
2025-03-23 16:00:00+00:00,4.02e-05,85153.71642963,0.000999999999995116,85.1537164292141,0.0034231794004544068,359486.7520255383
2025-03-24 00:00:00+00:00,2.039e-05,86052.82711852,0.000999999999995116,86.05282711809971,0.001754617144938053,359486.75027092115
2025-03-24 08:00:00+00:00,5.512e-05,86830.54946667,0.000999999999995116,86.83054946624591,0.004786099886579475,359486.74548482127
2025-03-24 16:00:00+00:00,-3.422e-05,88291.96161481,0.000999999999995116,88.29196161437878,-0.003021350926444042,359486.7485061722
2025-03-25 00:00:00+00:00,-2.47e-06,87463.3,0.000999999999995116,87.46329999957283,-0.00021603435099894487,359486.74872220657
2025-03-25 08:00:00+00:00,1.15e-05,86404.4,0.000999999999995116,86.40439999957799,0.0009936505999951469,359486.747728556
2025-03-25 16:00:00+00:00,-3.776e-05,87727.91471111,0.000999999999995116,87.72791471068153,-0.0033126060594753344,359486.75104116206
2025-03-26 00:00:00+00:00,-2.99e-05,87369.9,10.221999999999996,893095.1177999995,-26.703544022219983,359154.62794625247
2025-03-26 08:00:00+00:00,1.659e-05,88106.7,3.009999999999996,265201.1669999996,4.3996873605299935,355879.97635293746
2025-03-26 16:00:00+00:00,-3.082e-05,86702.65791852,10.010999999999997,867980.3084223034,-26.75115310557539,355659.8875251095
2025-03-27 00:00:00+00:00,3.136e-05,86873.8,0.0009999999999967812,86.87379999972038,0.002724362367991231,341188.60749624885
2025-03-27 08:00:00+00:00,5.512e-05,87363.2,2.8729999999999967,250994.4735999997,13.834815384831984,341074.0905400369
2025-03-27 16:00:00+00:00,-3.76e-05,86931.3,0.0009999999999967812,86.9312999997202,-0.003268616879989479,338807.54720245383
2025-03-28 00:00:00+00:00,1.584e-05,87191.2,0.0009999999999967812,87.19119999971934,0.0013811086079955545,338807.54582134524
2025-03-28 08:00:00+00:00,-4.57e-06,85180.56594074,0.0009999999999967812,85.18056594046583,-0.00038927518634792886,338807.54621062044
2025-03-28 16:00:00+00:00,8.118e-05,84011.1,0.0009999999999967812,84.0110999997296,0.006820021097978049,338807.53939059936
2025-03-29 00:00:00+00:00,5.364e-05,84380.7,0.0009999999999967812,84.38069999972839,0.004526180747985431,338807.5348644186
2025-03-29 08:00:00+00:00,8.214e-05,83699.7761641,0.0009999999999967812,83.69977616383059,0.006875099614097045,338807.527989319
2025-03-29 16:00:00+00:00,2.53e-05,82371.6,0.0009999999999967812,82.37159999973487,0.002084001479993292,338807.5259053175
2025-03-30 00:00:00+00:00,3.41e-06,82608.11504215,0.0009999999999967812,82.6081150418841,0.0002816936722928248,338807.52562362386
2025-03-30 08:00:00+00:00,4.27e-06,83037.5,0.0009999999999967812,83.03749999973272,0.00035457012499885866,338807.52526905376
2025-03-30 16:00:00+00:00,4.588e-05,82699.9,0.0009999999999967812,82.6998999997338,0.003794271411987787,338807.5214747823
2025-03-31 00:00:00+00:00,2.643e-05,82345.3,0.0009999999999967812,82.34529999973495,0.0021763862789929947,338807.519298396
2025-03-31 08:00:00+00:00,6.02e-05,81895.2,0.0009999999999967812,81.89519999973639,0.004930091039984131,338807.514368305
2025-03-31 16:00:00+00:00,1.845e-05,83373.4,0.0009999999999967812,83.37339999973163,0.0015382392299950487,338807.51283006574
2025-04-01 00:00:00+00:00,3.961e-05,82517.67674815,0.0009999999999967812,82.5176767478844,0.003268525175983701,338807.50956154056
2025-04-01 08:00:00+00:00,2.889e-05,83415.2,0.0009999999999967812,83.4151999997315,0.002409865127992243,338807.5071516754
2025-04-01 16:00:00+00:00,3.573e-05,85245.4,0.0009999999999967812,85.2453999997256,0.0030458181419901957,338807.5041058573
2025-04-02 00:00:00+00:00,-2.112e-05,85120.9,0.0009999999999967812,85.120899999726,-0.0017977534079942133,338807.50590361067
2025-04-02 08:00:00+00:00,3.036e-05,84393.10059259,0.0009999999999967812,84.39310059231835,0.002562174533982785,338807.50334143615
2025-04-02 16:00:00+00:00,7.33e-06,86716.9,0.0009999999999967812,86.71689999972088,0.000635634876997954,338807.5027058013
2025-04-03 00:00:00+00:00,5.862e-05,82485.0,0.0009999999999967812,82.4849999997345,0.004835270699984436,338807.4978705306
2025-04-03 08:00:00+00:00,5.038e-05,83423.97282759,0.0009999999999967812,83.42397282732148,0.004202899751040456,338807.4936676308
2025-04-03 16:00:00+00:00,6.484e-05,82008.89970115,0.0009999999999967812,82.00889970088603,0.00531745705660545,338807.48835017375
2025-04-04 00:00:00+00:00,4.283e-05,83168.7,0.0009999999999967812,83.1686999997323,0.003562115420988534,338807.4847880583
2025-04-04 08:00:00+00:00,4.736e-05,83968.1,0.0009999999999967812,83.96809999972973,0.0039767292159872,338807.4808113291
2025-04-04 16:00:00+00:00,8.038e-05,82822.0,0.0009999999999967812,82.82199999973342,0.006657232359978572,338807.47415409674
2025-04-05 00:00:00+00:00,8.559e-05,83861.3,0.0009999999999967812,83.86129999973008,0.007177688666976897,338807.4669764081
2025-04-05 08:00:00+00:00,7.437e-05,83490.0,0.0009999999999967812,83.48999999973127,0.0062091512999800135,338807.4607672568
2025-04-05 16:00:00+00:00,4.08e-06,82582.45056296,0.0009999999999967812,82.58245056269419,0.0003369363982957923,338807.4604303204
2025-04-06 00:00:00+00:00,2.21e-06,83504.73631852,0.0009999999999967812,83.50473631825122,0.0001845454672633352,338807.46024577494
2025-04-06 08:00:00+00:00,5.363e-05,82990.9,0.0009999999999967812,82.99089999973286,0.004450801966985674,338807.45579497295
2025-04-06 16:00:00+00:00,-6.03e-06,82503.84677395,0.0009999999999967812,82.50384677368444,-0.0004974981960453172,338807.45629247115
2025-04-07 00:00:00+00:00,4.946e-05,78392.35042912,0.0009999999999967812,78.39235042886767,0.003877285652211795,338807.4524151855
2025-04-07 08:00:00+00:00,6.857e-05,75088.2541037,0.2719999999999968,20424.00511620616,1.4004740308182566,338797.63153473084
2025-04-07 16:00:00+00:00,4.998e-05,78465.57328148,0.0009999999999967812,78.46557328122744,0.0039217093525957475,338073.8216112746
2025-04-08 00:00:00+00:00,4.074e-05,79140.1,0.0009999999999967812,79.14009999974527,0.0032241676739896224,338073.81838710693
2025-04-08 08:00:00+00:00,3.575e-05,79453.11999259,0.0009999999999967812,79.45311999233427,0.00284044903972595,338073.8155466579
2025-04-08 16:00:00+00:00,3.134e-05,78463.0352963,0.0009999999999967812,78.46303529604745,0.002459031526178127,338073.81308762636
2025-04-09 00:00:00+00:00,9.568e-05,76297.9,0.0009999999999967812,76.2978999997544,0.007300183071976502,338073.8057874433
2025-04-09 08:00:00+00:00,-2.252e-05,77645.5,0.0009999999999967812,77.64549999975007,-0.0017485766599943718,338073.80753601994
2025-04-09 16:00:00+00:00,6.856e-05,77224.48104444,0.0009999999999967812,77.22448104419144,0.005294510420389764,338073.80224150955
2025-04-10 00:00:00+00:00,7.705e-05,82588.0,0.0009999999999967812,82.58799999973417,0.006363405399979517,338073.79587810417
2025-04-10 08:00:00+00:00,1.14e-06,81561.5,0.0009999999999967812,81.56149999973748,9.298010999970073e-05,338073.79578512406
2025-04-10 16:00:00+00:00,6.775e-05,78726.3,0.0009999999999967812,78.7262999997466,0.005333706824982832,338073.7904514172
2025-04-11 00:00:00+00:00,2.065e-05,79576.11047407,0.0009999999999967812,79.57611047381386,0.0016432466812842561,338073.78880817053
2025-04-11 08:00:00+00:00,-4.294e-05,81213.7,0.0009999999999967812,81.2136999997386,-0.003487316277988775,338073.7922954868
2025-04-11 16:00:00+00:00,3.29e-05,82486.7,0.0009999999999967812,82.4866999997345,0.002713812429991265,338073.7895816743
2025-04-12 00:00:00+00:00,3.654e-05,83385.7,0.0009999999999967812,83.3856999997316,0.0030469134779901926,338073.78653476085
2025-04-12 08:00:00+00:00,5.64e-05,83685.4,0.0009999999999967812,83.68539999973063,0.004719856559984808,338073.7818149043
2025-04-12 16:00:00+00:00,5.388e-05,84974.2,0.0009999999999967812,84.97419999972648,0.004578409895985263,338073.7772364944
2025-04-13 00:00:00+00:00,5.057e-05,85240.01548889,0.0009999999999967812,85.24001548861563,0.004310587583259292,338073.7729259068
2025-04-13 08:00:00+00:00,8.429e-05,84383.61757037,0.0009999999999967812,84.3836175700984,0.007112695124983593,338073.7658132117
2025-04-13 16:00:00+00:00,9.642e-05,83820.1,0.0009999999999967812,83.8200999997302,0.008081934041973986,338073.7577312776
2025-04-14 00:00:00+00:00,8.113e-05,83715.61378519,0.0009999999999967812,83.71561378492054,0.0067918477463706035,338073.75093942985
2025-04-14 08:00:00+00:00,7.127e-05,84545.16948148,0.0009999999999967812,84.54516948120786,0.006025534228925685,338073.7449138956
2025-04-14 16:00:00+00:00,2.428e-05,84063.1,0.0009999999999967812,84.06309999972943,0.0020410520679934306,338073.7428728435
2025-04-15 00:00:00+00:00,-2.073e-05,84553.9,0.0009999999999967812,84.55389999972783,-0.0017528023469943579,338073.74462564586
2025-04-15 08:00:00+00:00,6.606e-05,85691.3,6.639999999999997,568990.2319999997,37.58749472591998,337809.43805025157
2025-04-15 16:00:00+00:00,1.883e-05,84871.9,6.639999999999997,563549.4159999997,10.611635503279995,337798.82641474827
2025-04-16 00:00:00+00:00,2.428e-05,83608.7,2.039999999999997,170561.74799999973,4.141239241439994,335257.13191504125
2025-04-16 08:00:00+00:00,6.917e-05,83336.46344828,2.039999999999997,170006.38543449095,11.75934168050374,335245.37257336074
2025-04-16 16:00:00+00:00,1.978e-05,84801.7,2.039999999999997,172995.46799999973,3.421850357039995,335241.9507230037
2025-04-17 00:00:00+00:00,1.404e-05,83994.1836,2.039999999999997,171348.13454399974,2.405727808997756,335239.5449951947
2025-04-17 08:00:00+00:00,5.679e-05,84632.41988091,2.039999999999997,172650.13655705616,9.804801255075219,335229.74019393965
2025-04-17 16:00:00+00:00,3.425e-05,84495.5,2.039999999999997,172370.81999999975,5.903700584999991,335223.83649335464
2025-04-18 00:00:00+00:00,1.788e-05,84916.10982222,7.743999999999996,657590.3544632713,11.757715537803293,335018.5594190978
2025-04-18 08:00:00+00:00,7.071e-05,84622.9,7.743999999999996,655319.7375999996,46.33765864569598,334972.2217604521
2025-04-18 16:00:00+00:00,2.995e-05,84337.39696296,2.545999999999996,214723.01266769582,6.430954229397489,332927.1846904536
2025-04-19 00:00:00+00:00,2.93e-05,84429.71837548,2.545999999999996,214958.06298397173,6.298271245430372,332920.88641920814
2025-04-19 08:00:00+00:00,6.024e-05,85174.5,9.884999999999994,841949.9324999995,50.71906393379997,332620.9835359885
2025-04-19 16:00:00+00:00,-1.953e-05,85146.2,9.884999999999994,841670.1869999995,-16.43781875210999,332637.4213547406
2025-04-20 00:00:00+00:00,-2.98e-06,85046.9,9.884999999999994,840688.6064999995,-2.5052520473699986,332639.926606788
2025-04-20 08:00:00+00:00,-1.078e-05,84739.09365128,9.884999999999994,837645.9407429023,-9.029823241208488,332648.95643002924
2025-04-20 16:00:00+00:00,-2.258e-05,84305.11534074,0.0009999999999945608,84.30511534028145,-0.0019036095043835552,327967.15856908244
2025-04-21 00:00:00+00:00,5.232e-05,85142.30088148,0.0009999999999945608,85.1423008810169,0.004454645182094804,327967.1541144373
2025-04-21 08:00:00+00:00,5.403e-05,87400.6,14.744999999999996,1288721.8469999996,69.62964139340998,327386.1987608709
2025-04-21 16:00:00+00:00,1.553e-05,87998.12642222,10.910999999999996,960147.557392842,14.911091566310835,328119.4490974371
2025-04-22 00:00:00+00:00,7.749e-05,87467.8227037,9.927999999999995,868380.5438023333,67.29080833924282,329270.7704001013
2025-04-22 08:00:00+00:00,-7.44e-06,88436.16399259,9.927999999999995,877994.2361184331,-6.532277116721142,329277.30267721805
2025-04-22 16:00:00+00:00,-7.045e-05,90881.1,9.927999999999995,902267.5607999996,-63.56474965835998,329340.8674268764
2025-04-23 00:00:00+00:00,-1.389e-05,93404.9,13.382999999999996,1250037.7766999996,-17.363024718362997,329232.61373099603
2025-04-23 08:00:00+00:00,1.374e-05,94113.49252874,13.382999999999996,1259520.870512127,17.305816760836624,329215.3079142352
2025-04-23 16:00:00+00:00,4.587e-05,93149.55929437,13.382999999999996,1246620.5520365534,57.1824847219167,329158.1254295133
2025-04-24 00:00:00+00:00,-2.671e-05,93641.27053973,13.382999999999996,1253201.1236332061,-33.47300201224294,329191.5984315255
2025-04-24 08:00:00+00:00,5.21e-05,92167.24875325,9.138999999999998,842316.4863559515,43.88468893914507,348537.2090133123
2025-04-24 16:00:00+00:00,-2.165e-05,93148.88519481,9.138999999999998,851287.6617953684,-18.430377877869727,348555.63939119014
2025-04-25 00:00:00+00:00,-1.764e-05,93931.6,9.138999999999998,858440.8923999998,-15.142897341935997,348570.78228853206
2025-04-25 08:00:00+00:00,1.7e-06,93734.0,9.138999999999998,856635.0259999997,1.4562795441999996,348569.32600898785
2025-04-25 16:00:00+00:00,1.2e-06,95000.28155833,9.138999999999998,868207.5731615776,1.041849087793893,348568.28415990004
2025-04-26 00:00:00+00:00,-0.00010085,94591.8,9.138999999999998,864474.4601999997,-87.18224931116997,348655.4664092112
2025-04-26 08:00:00+00:00,-2.774e-05,94523.02069167,9.138999999999998,863845.8861011718,-23.963084880446505,348679.42949409166
2025-04-26 16:00:00+00:00,2.855e-05,94326.89167892,9.138999999999998,862053.4630536496,24.611626370181696,348654.8178677215
2025-04-27 00:00:00+00:00,-1.5e-05,94575.7,9.138999999999998,864327.3222999998,-12.964909834499997,348667.782777556
2025-04-27 08:00:00+00:00,-6.6e-06,94027.7,9.138999999999998,859319.1502999997,-5.671506391979999,348673.45428394794
2025-04-27 16:00:00+00:00,-4.21e-06,93857.8,9.138999999999998,857766.4341999998,-3.6111966879819994,348677.0654806359
2025-04-28 00:00:00+00:00,3.73e-06,93697.0,9.138999999999998,856296.8829999998,3.1939873735899993,348673.8714932623
2025-04-28 08:00:00+00:00,2.46e-06,94641.5,11.762999999999998,1113267.9644999998,2.7386391926699996,379551.96637294564
2025-04-28 16:00:00+00:00,-5.821e-05,93782.5,11.762999999999998,1103163.5474999999,-64.21515009997499,379616.1815230456
2025-04-29 00:00:00+00:00,-7.73e-06,94969.0,3.2949999999999977,312922.8549999998,-2.4188936691499987,393255.9505231891
2025-04-29 08:00:00+00:00,4.13e-06,94877.9,3.2949999999999977,312622.6804999998,1.291131670464999,393254.6593915186
2025-04-29 16:00:00+00:00,1.305e-05,94800.87365217,3.2949999999999977,312368.87868389994,4.076413866824894,393250.5829776518
2025-04-30 00:00:00+00:00,-5.181e-05,94207.42826812,3.2949999999999977,310413.4761434552,-16.082522198992415,393266.66549985076
2025-04-30 08:00:00+00:00,2.939e-05,94577.6,3.2949999999999977,311633.1919999998,9.158899512879994,393257.50660033786
2025-04-30 16:00:00+00:00,-3.797e-05,93961.60732609,3.2949999999999977,309603.49613946636,-11.755644748415536,393269.26224508625
2025-05-01 00:00:00+00:00,3.519e-05,94130.75027536,0.0009999999999975584,94.13075027513017,0.0033124611021818308,399112.52694250416
2025-05-01 08:00:00+00:00,5.755e-05,94983.01632609,0.0009999999999975584,94.98301632585809,0.005466272589553133,399112.5214762316
2025-05-01 16:00:00+00:00,-8.028e-05,96794.89389805,3.3109999999999977,320487.8936964433,-25.72876810595047,399010.93614469934
2025-05-02 00:00:00+00:00,-0.00012232,96433.84531159,3.3109999999999977,319292.4618266743,-39.055853930638804,399049.99199863
2025-05-02 08:00:00+00:00,-9.382e-05,96302.1,11.168,1075501.8528,-100.903583829696,398845.69636380114
2025-05-02 16:00:00+00:00,-8.689e-05,97277.00616667,3.2839999999999994,319457.68825134425,-27.757678532159304,394296.99352936633
2025-05-03 00:00:00+00:00,-5.953e-05,96831.65852586,3.2839999999999994,317995.16659892414,-18.930252267633954,394315.92378163396
2025-05-03 08:00:00+00:00,3.198e-05,96290.8,3.2839999999999994,316218.9872,10.112683210656,394305.8110984233
2025-05-03 16:00:00+00:00,-1.483e-05,96360.13496232,3.2839999999999994,316446.68321625877,-4.6929043120971174,394310.5040027354
2025-05-04 00:00:00+00:00,3.7e-06,95819.52819239,3.2839999999999994,314671.3305838087,1.1642839231600923,394309.33971881226
2025-05-04 08:00:00+00:00,3.229e-05,95842.1,3.7729999999999992,361612.2433,11.676459336156999,394278.94497388846
2025-05-07 08:00:00+00:00,-2.5e-07,96949.17783333,11.387,1103960.2879881288,-0.2759900719970322,390466.8041952047
2025-05-07 16:00:00+00:00,1.32e-05,96888.9,11.387,1103273.9043,14.563215536760001,390452.2409796679
2025-05-08 00:00:00+00:00,2.318e-05,96990.24909783,11.387,1104427.9664769904,25.60064026293664,390426.640339405
2025-05-08 08:00:00+00:00,4.608e-05,99215.08710145,11.387,1129762.1968242112,52.05944202965965,390374.5808973753
2025-05-08 16:00:00+00:00,5.728e-05,100730.9,11.387,1147022.7582999999,65.70146359542399,390308.87943377986
2025-05-09 00:00:00+00:00,0.0001,103241.74847826,15.171000000000001,1566280.5661636824,156.62805661636824,389999.76252245205
2025-05-09 08:00:00+00:00,0.0001,103628.9027029,15.171000000000001,1572154.082905696,157.2154082905696,389842.5471141615
2025-05-09 16:00:00+00:00,4.378e-05,102852.4,15.171000000000001,1560373.7604,68.313163230312,389774.2339509312
2025-05-10 00:00:00+00:00,9.657e-05,102941.8,15.171000000000001,1561730.0478,150.816270716046,389623.41768021515
2025-05-10 08:00:00+00:00,0.0001,103721.7,15.171000000000001,1573561.9107000001,157.35619107000002,389466.06148914516
2025-05-10 16:00:00+00:00,4.257e-05,103102.7,11.891000000000002,1225994.2057,52.190573336649,407533.93844145193
2025-05-11 00:00:00+00:00,0.0001,104789.0,11.891000000000002,1246045.9990000003,124.60459990000004,407409.3338415519
2025-05-11 08:00:00+00:00,4.15e-05,103336.9,11.755000000000003,1214725.2595000002,50.411098269250004,426404.7757970872
2025-05-11 16:00:00+00:00,0.0001,104089.06693841,11.755000000000003,1223566.98186101,122.356698186101,426282.4190989011
2025-05-12 00:00:00+00:00,4.454e-05,104072.8,11.755000000000003,1223375.7640000002,54.48915652856,426227.92994237255
2025-05-12 08:00:00+00:00,0.0001,104426.2,11.755000000000003,1227529.9810000001,122.75299810000001,426105.17694427253
2025-05-12 16:00:00+00:00,2.301e-05,102484.98667754,11.755000000000003,1204711.018394483,27.720400533257056,426077.4565437393
2025-05-13 00:00:00+00:00,6.847e-05,102739.98641667,3.090000000000002,317466.55802751053,21.736935228143647,449748.4740134166
2025-05-13 08:00:00+00:00,0.0001,102624.0,3.090000000000002,317108.1600000002,31.710816000000023,449716.7631974166
2025-05-13 16:00:00+00:00,7.256e-05,103642.21569565,9.962000000000003,1032483.7527600656,74.91702110027036,449364.21655982186
2025-05-14 00:00:00+00:00,9.921e-05,104082.25016667,9.962000000000003,1036867.3761603668,102.86761238886999,449261.348947433
2025-05-14 08:00:00+00:00,7.542e-05,103662.2,10.275000000000004,1065129.1050000004,80.33203709910003,449173.5273532608
2025-05-14 16:00:00+00:00,3.175e-05,103461.4,10.275000000000004,1063065.8850000002,33.75234184875001,449139.77501141204
2025-05-15 00:00:00+00:00,2.978e-05,103458.2,3.1130000000000035,322065.37660000037,9.59110691514801,455583.18484204705
2025-05-16 00:00:00+00:00,4.504e-05,103731.0,3.107,322292.217,14.516041453680002,455880.4580483087
2025-05-16 08:00:00+00:00,7.535e-05,103646.6,3.107,322029.98620000004,24.264959460170004,455856.1930888485
2025-05-16 16:00:00+00:00,4.768e-05,104152.87767029,3.107,323602.99092159106,15.42939060714146,455840.7636982413
2025-05-17 00:00:00+00:00,2.821e-05,103420.88946739,3.107,321328.7035751808,9.06468272785585,455831.69901551347
2025-05-20 16:00:00+00:00,1.266e-05,105294.5,2.968,312514.076,3.95642820216,456458.6658220949
2025-05-21 00:00:00+00:00,8.767e-05,106800.4,9.969999999999999,1064799.988,93.35101494796,456065.6591423388
2025-05-21 08:00:00+00:00,7.147e-05,106469.35994203,9.969999999999999,1061499.518622039,75.86537059591713,455989.79377174284
2025-05-21 16:00:00+00:00,5.119e-05,108936.7,9.969999999999999,1086098.8989999997,55.59740263980999,455934.19636910304
2025-05-22 00:00:00+00:00,0.0001,109611.43263043,9.969999999999999,1092825.9833253871,109.28259833253871,455824.9137707705
2025-05-22 08:00:00+00:00,0.0001,111005.8,9.969999999999999,1106727.826,110.67278259999999,455714.2409881705
2025-05-22 16:00:00+00:00,0.0001,111236.8,9.969999999999999,1109030.896,110.9030896,455603.3378985705
2025-05-23 00:00:00+00:00,9.321e-05,111663.50596536,9.969999999999999,1113285.154474639,103.76930924858111,455499.5685893219
2025-05-23 08:00:00+00:00,7.261e-05,110685.2,9.969999999999999,1103531.444,80.12741814884,455419.44117117306
2025-05-23 16:00:00+00:00,8.614e-05,108889.2,9.969999999999999,1085625.3239999998,93.51576540935999,455325.92540576373
2025-05-24 00:00:00+00:00,3.524e-05,107273.6267971,9.969999999999999,1069518.0591670868,37.68981640504814,455288.23558935866
2025-05-24 08:00:00+00:00,4.59e-05,107554.85993116,0.0009999999999980025,107.55485993094516,0.004936768070830383,463273.1089126648
2025-05-24 16:00:00+00:00,7.837e-05,108895.88856522,8.396999999999998,914398.7762821522,71.66143209723226,462834.81646290293
2025-05-25 00:00:00+00:00,9.794e-05,107698.9,8.396999999999998,904347.6632999998,88.57181014360198,462746.24465275934
2025-05-25 08:00:00+00:00,5.113e-05,107634.7,0.0009999999999981135,107.63469999979695,0.0055033622109896185,449911.1794588879
2025-05-25 16:00:00+00:00,3.651e-05,106928.0,0.0009999999999981135,106.92799999979829,0.0039039412799926356,449911.17555494665
2025-05-26 00:00:00+00:00,7.331e-05,108955.9,0.0009999999999981135,108.95589999979445,0.007987557028984932,449911.1675673896
2025-05-26 08:00:00+00:00,0.0001,110050.0,8.932999999999998,983076.6499999998,98.30766499999999,449423.632357543
2025-05-26 16:00:00+00:00,9.782e-05,109951.1,8.932999999999998,982193.1762999998,96.07813650566598,449327.5542210373
2025-05-27 00:00:00+00:00,7.65e-05,109398.14212681,2.8469999999999973,311456.5106350278,23.826423063579625,449266.69128769054
2025-05-27 08:00:00+00:00,7.266e-05,109471.8,0.0009999999999970033,109.47179999967194,0.007954220987976164,448784.33271612297
2025-05-27 16:00:00+00:00,2.476e-05,110091.3,0.0009999999999970033,110.09129999967008,0.002725860587991831,448784.3299902624
2025-05-28 00:00:00+00:00,3.26e-05,108889.2,0.0009999999999970033,108.88919999967369,0.0035497879199893625,448784.3264404745
2025-05-28 08:00:00+00:00,2.164e-05,108764.9,0.0009999999999970033,108.76489999967406,0.0023536724359929464,448784.324086802
2025-05-28 16:00:00+00:00,5.368e-05,107066.31867754,0.0009999999999970033,107.06631867721914,0.005747319986593124,448784.318339482
2025-05-29 00:00:00+00:00,3.186e-05,107723.1,0.0009999999999970033,107.72309999967719,0.0034320579659897154,448784.31490742404
2025-05-29 08:00:00+00:00,2.812e-05,107839.5,0.0009999999999970033,107.83949999967683,0.003032446739990912,448784.3118749773
2025-05-29 16:00:00+00:00,8.379e-05,106972.6,0.0009999999999970033,106.97259999967945,0.00896323415397314,448784.3029117432
2025-05-30 00:00:00+00:00,2.622e-05,105540.0,0.0009999999999970033,105.53999999968373,0.0027672587999917073,448784.3001444844
2025-05-30 08:00:00+00:00,3.849e-05,104997.4,0.0009999999999970033,104.99739999968534,0.004041349925987888,448784.29610313446
2025-05-30 16:00:00+00:00,7.392e-05,105503.9,0.0009999999999970033,105.50389999968382,0.007798848287976628,448784.2883042862
2025-05-31 00:00:00+00:00,8.506e-05,103950.0,0.0009999999999970033,103.94999999968849,0.008841986999973503,448784.2794622992
2025-05-31 08:00:00+00:00,7.552e-05,103701.25933333,0.0009999999999970033,103.70125933301924,0.007831519104829612,448784.2716307801
2025-05-31 16:00:00+00:00,4.687e-05,104499.67307246,0.0009999999999970033,104.49967307214685,0.004897899676891523,448784.2667328804
2025-06-01 00:00:00+00:00,-5.82e-06,104544.7,0.0009999999999970033,104.54469999968671,-0.0006084501539981767,448784.26734133053
2025-06-01 08:00:00+00:00,2.335e-05,104231.0,0.0009999999999970033,104.23099999968765,0.0024337938499927065,448784.2649075367
2025-06-01 16:00:00+00:00,4.117e-05,104664.0,0.0009999999999970033,104.66399999968635,0.004309016879987087,448784.2605985198
2025-06-02 00:00:00+00:00,-6.42e-06,105589.61297464,0.0009999999999970033,105.58961297432357,-0.0006778853152951574,448784.26127640513
2025-06-02 08:00:00+00:00,5.593e-05,105346.4,0.0009999999999970033,105.3463999996843,0.0058920241519823426,448784.255384381
2025-06-02 16:00:00+00:00,4.467e-05,104396.9,0.0009999999999970033,104.39689999968715,0.004663409522986025,448784.25072097144
2025-06-03 00:00:00+00:00,5.005e-05,105814.4,0.0009999999999970033,105.8143999996829,0.005296010719984129,448784.24542496074
2025-06-03 08:00:00+00:00,6.066e-05,105134.3,3.3879999999999972,356195.0083999997,21.606789209543983,448619.74915962265
2025-06-03 16:00:00+00:00,4.456e-05,106556.1,0.0009999999999973364,106.55609999971618,0.004748139815987353,447283.556932421
2025-06-04 00:00:00+00:00,-1.1e-07,105330.1,11.538999999999998,1215404.0239,-0.133694442629,446791.97625127126
2025-06-04 08:00:00+00:00,2.611e-05,105260.4656625,3.3719999999999963,354938.29021394963,9.267438757486225,436202.44140591787
2025-06-04 16:00:00+00:00,9.62e-06,105255.92777899,3.3719999999999963,354922.9884707539,3.4143591490886522,436199.02704676875
2025-06-05 00:00:00+00:00,7.4e-07,104646.0376413,0.0009999999999962261,104.64603764090508,7.743806785426976e-05,430380.2611273398
2025-06-05 08:00:00+00:00,2.871e-05,104473.0,0.0009999999999962261,104.47299999960573,0.0029994198299886808,430380.25812792
2025-06-05 16:00:00+00:00,5.156e-05,104485.4,0.0009999999999962261,104.48539999960568,0.005387267223979668,430380.25274065277
2025-06-06 00:00:00+00:00,-3.491e-05,101458.7,0.0009999999999962261,101.45869999961711,-0.0035419232169866337,430380.256282576
2025-06-06 08:00:00+00:00,-3.03e-05,103096.8,0.0009999999999962261,103.09679999961092,-0.003123833039988211,430380.25940640905
2025-06-06 16:00:00+00:00,-2.995e-05,105037.54876812,0.0009999999999962261,105.0375487677236,-0.003145874585593322,430380.26255228365
2025-06-07 00:00:00+00:00,-2.89e-05,104240.1,0.0009999999999962261,104.24009999960661,-0.0030125388899886313,430380.26556482253
2025-06-07 08:00:00+00:00,-3.158e-05,104813.72660507,0.0009999999999962261,104.81372660467444,-0.003310017486175619,430380.26887484
2025-06-07 16:00:00+00:00,2.94e-06,105508.84818333,0.0009999999999962261,105.50884818293183,0.00031019601365781955,430380.268564644
2025-06-08 00:00:00+00:00,4.808e-05,105509.63211957,0.0009999999999962261,105.50963211917183,0.005072903112289782,430380.26349174086
2025-06-08 08:00:00+00:00,5.613e-05,105380.4,0.0009999999999962261,105.3803999996023,0.005915001851977677,430380.257576739
2025-06-08 16:00:00+00:00,-3.602e-05,105923.14248188,0.0009999999999962261,105.92314248148026,-0.0038153515921829184,430380.2613920906
2025-06-09 00:00:00+00:00,-2.164e-05,105679.25375362,0.0009999999999962261,105.67925375322118,-0.0022868990512197062,430380.26367898966
2025-06-09 08:00:00+00:00,4.024e-05,105517.90905797,0.0009999999999962261,105.51790905757179,0.0042460406604766885,430380.259432949
2025-06-09 16:00:00+00:00,3.057e-05,107568.29532246,0.0009999999999962261,107.56829532205406,0.0032883627879951925,430380.2561445862
2025-06-10 00:00:00+00:00,6.374e-05,110227.9,0.0009999999999962261,110.22789999958401,0.007025926345973484,430380.2491186598
2025-06-10 08:00:00+00:00,0.0001,109178.1,0.0009999999999962261,109.17809999958799,0.010917809999958799,430380.2382008498
2025-06-10 16:00:00+00:00,8.165e-05,108970.17962319,12.269999999999998,1337064.103976541,109.17128408968458,429733.5249501399
2025-06-11 00:00:00+00:00,8.779e-05,110235.3,12.269999999999998,1352587.1309999998,118.74362423048998,429614.7813259094
2025-06-11 08:00:00+00:00,8.39e-05,109397.0,12.269999999999998,1342301.1899999997,112.61906984099998,429502.16225606843
2025-06-11 16:00:00+00:00,5.039e-05,109694.9,12.269999999999998,1345956.4229999997,67.82274415496998,429434.3395119135
2025-06-12 00:00:00+00:00,1.856e-05,108610.75909727,12.269999999999998,1332654.0141235027,24.734058502132207,429409.60545341135
2025-06-12 08:00:00+00:00,7.247e-05,107578.64501938,3.341999999999997,359527.8316547676,26.05498196002101,413543.53811024217
2025-06-12 16:00:00+00:00,1.198e-05,106960.7,0.0009999999999967812,106.96069999965572,0.0012813891859958756,404416.41057929775
2025-06-13 00:00:00+00:00,-1.801e-05,105621.56706522,3.2389999999999968,342108.25572424725,-6.161369685593693,404284.2855783739
2025-06-13 08:00:00+00:00,-2.7e-06,104831.4,0.0009999999999967812,104.83139999966257,-0.0002830447799990889,400346.9171848315
2025-06-13 16:00:00+00:00,3.857e-05,105392.0,0.0009999999999967812,105.39199999966077,0.004064969439986916,400346.9131198621
2025-06-14 00:00:00+00:00,1.958e-05,106031.86931159,0.0009999999999967812,106.0318693112487,0.0020761040011142494,400346.9110437581
2025-06-14 08:00:00+00:00,3.858e-05,105029.92172808,0.0009999999999967812,105.02992172774192,0.004052054380256283,400346.9069917037
2025-06-14 16:00:00+00:00,1.135e-05,104785.31052899,0.0009999999999967812,104.78531052865272,0.0011893132745002084,400346.9058023905
2025-06-15 00:00:00+00:00,-3.641e-05,105359.8,0.0009999999999967812,105.35979999966088,-0.0038361503179876527,400346.9096385408
2025-06-15 08:00:00+00:00,1.439e-05,105378.68969203,0.0009999999999967812,105.37868969169082,0.001516399344663431,400346.9081221415
2025-06-15 16:00:00+00:00,7.369e-05,105526.0,0.0009999999999967812,105.52599999966034,0.00777621093997497,400346.90034593054
2025-06-16 00:00:00+00:00,9.36e-06,105546.26833297,0.0009999999999967812,105.54626833263026,0.0009879130715934193,400346.8993580175
2025-06-16 08:00:00+00:00,5.07e-05,107023.8,0.0009999999999967812,107.02379999965552,0.005426106659982535,400346.8939319108
2025-06-16 16:00:00+00:00,2.793e-05,107375.0,0.0009999999999967812,107.37499999965439,0.002998983749990347,400346.890932927
2025-06-17 00:00:00+00:00,1.847e-05,106750.1,11.112999999999996,1186313.8612999995,21.911217018210994,399847.71696148586
2025-06-17 08:00:00+00:00,5.776e-05,106711.1,0.753999999999996,80460.16939999958,4.647379384543976,392582.1193563965
2025-06-17 16:00:00+00:00,2.211e-05,104203.95066304,0.000999999999996004,104.20395066262361,0.002303949349150608,391196.80554800003
2025-06-18 00:00:00+00:00,-1.752e-05,104508.0,0.000999999999996004,104.5079999995824,-0.0018309801599926837,391196.8073789802
2025-06-18 08:00:00+00:00,3.695e-05,104925.6,0.000999999999996004,104.92559999958073,0.0038770009199845076,391196.8035019793
2025-06-18 16:00:00+00:00,6.692e-05,104751.91415217,0.000999999999996004,104.75191415175141,0.0070099980950352045,391196.7964919812
2025-06-19 00:00:00+00:00,8.45e-06,104836.47953623,0.000999999999996004,104.8364795358111,0.0008858682520776037,391196.7956061129
2025-06-19 08:00:00+00:00,6.16e-06,104593.46714493,0.000999999999996004,104.59346714451205,0.0006442957576101942,391196.79496181716
2025-06-19 16:00:00+00:00,2.396e-05,104055.2,0.000999999999996004,104.0551999995842,0.0024931625919900374,391196.7924686546
2025-06-20 00:00:00+00:00,3.565e-05,104612.28734221,0.000999999999996004,104.61228734179197,0.0037294280437348837,391196.7887392265
2025-06-20 08:00:00+00:00,7.862e-05,105763.5,0.000999999999996004,105.76349999957738,0.008315126369966773,391196.7804241002
2025-06-20 16:00:00+00:00,2.4e-05,104168.5,0.000999999999996004,104.16849999958376,0.0025000439999900105,391196.77792405616
2025-06-21 00:00:00+00:00,3.977e-05,103246.0,0.000999999999996004,103.24599999958744,0.004106093419983593,391196.77381796273
2025-06-21 08:00:00+00:00,1.933e-05,103405.77309257,0.000999999999996004,103.4057730921568,0.001998833593871391,391196.7718191291
2025-06-21 16:00:00+00:00,7.44e-05,103516.7,0.000999999999996004,103.51669999958635,0.007701642479969225,391196.76411748666
2025-06-22 00:00:00+00:00,2.883e-05,102072.0,0.000999999999996004,102.07199999959212,0.002942735759988241,391196.7611747509
2025-06-22 08:00:00+00:00,0.0001,102399.0,0.000999999999996004,102.39899999959083,0.010239899999959083,391196.75093485095
2025-06-22 16:00:00+00:00,4.145e-05,98855.01865881,0.000999999999996004,98.85501865841499,0.004097540523391301,391196.74683731043
2025-06-23 00:00:00+00:00,-1.061e-05,100917.08497464,0.000999999999996004,100.91708497423674,-0.0010707302715766518,391196.7479080407
2025-06-23 08:00:00+00:00,-2.809e-05,101874.4,0.000999999999996004,101.87439999959291,-0.002861651895988565,391196.7507696926
2025-06-23 16:00:00+00:00,4.889e-05,101374.2,0.000999999999996004,101.37419999959492,0.004956184637980196,391196.74581350794
2025-06-24 00:00:00+00:00,1.245e-05,105293.94364855,0.000999999999996004,105.29394364812926,0.0013109095984192092,391196.74450259836
2025-06-24 08:00:00+00:00,1.218e-05,104906.02601449,0.000999999999996004,104.9060260140708,0.0012777553968513825,391196.74322484294
2025-06-24 16:00:00+00:00,4.47e-06,105182.47422464,0.000999999999996004,105.1824742242197,0.0004701656597822621,391196.74275467725
2025-06-25 00:00:00+00:00,-3.174e-05,106035.0,0.000999999999996004,106.0349999995763,-0.0033655508999865516,391196.74612022814
2025-06-25 08:00:00+00:00,2.747e-05,106556.27685145,0.000999999999996004,106.55627685102422,0.0029271009250976354,391196.7431931272
2025-06-25 16:00:00+00:00,9.62e-06,106984.14716304,0.000999999999996004,106.9841471626125,0.0010291874957043322,391196.7421639397
2025-06-26 00:00:00+00:00,1.41e-06,107283.48498551,0.000999999999996004,107.2834849850813,0.00015126971382896465,391196.74201267
2025-06-26 08:00:00+00:00,3.805e-05,107768.6,0.000999999999996004,107.76859999956937,0.004100595229983615,391196.7379120747
2025-06-26 16:00:00+00:00,6.82e-06,107259.9,2.7269999999999963,292497.7472999996,1.994834636585997,391077.76112908043
2025-06-27 00:00:00+00:00,1.113e-05,106913.8,2.7269999999999963,291553.9325999996,3.2449952698379954,391074.51613381057
2025-06-27 08:00:00+00:00,2.663e-05,106822.99177536,2.7269999999999963,291306.29857140634,7.757486730956551,391066.75864707964
2025-06-27 16:00:00+00:00,2.557e-05,107261.2,2.7269999999999963,292501.29239999957,7.479258046667989,391059.279389033
2025-06-28 00:00:00+00:00,-1.161e-05,106996.9,2.7269999999999963,291780.5462999996,-3.387572142542995,391062.6669611755
2025-06-28 08:00:00+00:00,6.053e-05,107433.05392391,2.7269999999999963,292969.9380505022,17.7334703501969,391044.9334908253
2025-06-28 16:00:00+00:00,4.434e-05,107407.6,2.7269999999999963,292900.5251999996,12.987209287367984,391031.94628153794
2025-06-29 00:00:00+00:00,1.25e-05,107241.0,0.0009999999999963372,107.2409999996072,0.0013405124999950901,391197.6138424047
2025-06-29 08:00:00+00:00,5.36e-05,107355.6,0.0009999999999963372,107.35559999960678,0.005754260159978924,391197.6080881445
2025-06-29 16:00:00+00:00,0.0001,107694.80147464,0.0009999999999963372,107.69480147424554,0.010769480147424555,391197.59731866437
2025-06-30 00:00:00+00:00,1.084e-05,108310.31981522,0.0009999999999963372,108.31031981482329,0.0011740838667926843,391197.5961445805
2025-06-30 08:00:00+00:00,2.959e-05,107562.6,0.0009999999999963372,107.56259999960602,0.003182777333988342,391197.5929618032
2025-06-30 16:00:00+00:00,4.923e-05,107538.70402174,0.0009999999999963372,107.5387040213461,0.005294130398970869,391197.5876676728
2025-07-01 00:00:00+00:00,1.053e-05,107096.57111594,0.0009999999999963372,107.09657111554772,0.0011277268938467175,391197.58653994586
2025-07-01 08:00:00+00:00,4.334e-05,107122.8,0.0009999999999963372,107.12279999960762,0.004642702151982994,391197.5818972437
2025-07-01 16:00:00+00:00,1.109e-05,105905.4,0.0009999999999963372,105.90539999961207,0.0011744908859956979,391197.5807227528
2025-07-02 00:00:00+00:00,1.807e-05,105638.0,0.0009999999999963372,105.63799999961306,0.001908878659993008,391197.5788138741
2025-07-02 08:00:00+00:00,3.403e-05,107026.0,0.0009999999999963372,107.02599999960798,0.0036420947799866593,391197.5751717793
2025-07-02 16:00:00+00:00,4.13e-05,108695.3,0.0009999999999963372,108.69529999960187,0.0044891158899835575,391197.5706826634
2025-07-03 00:00:00+00:00,4.871e-05,108800.0,0.0009999999999963372,108.79999999960148,0.005299647999980588,391197.56538301543
2025-07-03 08:00:00+00:00,3.562e-05,109235.0408587,0.0009999999999963372,109.23504085829988,0.003890952155372642,391197.5614920633
2025-07-03 16:00:00+00:00,5.028e-05,109089.9,0.0009999999999963372,109.08989999960042,0.005485040171979909,391197.5560070231
2025-07-04 00:00:00+00:00,5.23e-05,109545.2,0.0009999999999963372,109.54519999959875,0.005729213959979014,391197.55027780915
2025-07-04 08:00:00+00:00,5.009e-05,108666.22027536,0.0009999999999963372,108.66622027496197,0.005443090973572846,391197.54483471817
2025-07-04 16:00:00+00:00,1.797e-05,107534.7,0.0009999999999963372,107.53469999960612,0.001932398558992922,391197.54290231963
2025-07-05 00:00:00+00:00,1.066e-05,107935.3,0.0009999999999963372,107.93529999960465,0.0011505902979957855,391197.5417517293
2025-07-05 08:00:00+00:00,3.055e-05,108001.93068165,0.0009999999999963372,108.00193068125441,0.0032994589823123217,391197.5384522703
2025-07-05 16:00:00+00:00,4.005e-05,108012.7,0.0009999999999963372,108.01269999960437,0.0043259086349841545,391197.5341263617
2025-07-06 00:00:00+00:00,1.941e-05,108153.4,0.0009999999999963372,108.15339999960385,0.0020992574939923104,391197.53202710423
2025-07-06 08:00:00+00:00,1.665e-05,107991.4,0.0009999999999963372,107.99139999960444,0.001798056809993414,391197.5302290474
2025-07-06 16:00:00+00:00,1.028e-05,108856.8,0.0009999999999963372,108.85679999960128,0.001119047903995901,391197.5291099995
2025-07-07 00:00:00+00:00,2.36e-05,109145.8,0.0009999999999963372,109.14579999960021,0.002575840879990565,391197.5265341586
2025-07-07 08:00:00+00:00,3.438e-05,109016.3,0.0009999999999963372,109.01629999960069,0.0037479803939862717,391197.5227861782
2025-07-07 16:00:00+00:00,4.271e-05,108252.0,0.0009999999999963372,108.25199999960348,0.004623442919983065,391197.5181627353
2025-07-08 00:00:00+00:00,1.073e-05,108208.86520652,0.0009999999999963372,108.20886520612365,0.0011610811236617067,391197.51700165414
2025-07-08 08:00:00+00:00,4.563e-05,108440.6,0.0009999999999963372,108.44059999960281,0.004948144577981877,391197.51205350953
2025-07-08 16:00:00+00:00,3.601e-05,108216.9,0.0009999999999963372,108.21689999960361,0.0038968905689857262,391197.508156619
2025-07-09 00:00:00+00:00,3.093e-05,108873.1,0.0009999999999963372,108.87309999960122,0.0033674449829876655,391197.504789174
2025-07-09 08:00:00+00:00,3.396e-05,108674.8,0.0009999999999963372,108.67479999960194,0.003690596207986482,391197.5010985778
2025-07-09 16:00:00+00:00,4.253e-05,109020.0,0.0009999999999963372,109.01999999960067,0.0046366205999830165,391197.4964619572
2025-07-10 00:00:00+00:00,0.0001,111199.8,0.0009999999999963372,111.1997999995927,0.01111997999995927,391197.4853419772
2025-07-10 08:00:00+00:00,8.523e-05,111186.1,0.0009999999999963372,111.18609999959274,0.009476391302965289,391197.4758655859
2025-07-10 16:00:00+00:00,1.908e-05,111349.5,0.0009999999999963372,111.34949999959214,0.002124548459992218,391197.4737410374
2025-07-11 00:00:00+00:00,0.0001,115979.2,15.534999999999998,1801736.8719999997,180.1736872,390313.1219605542
2025-07-11 08:00:00+00:00,0.0001,117522.8,15.534999999999998,1825716.6979999999,182.5716698,390130.55029075424
2025-07-11 16:00:00+00:00,0.0001,116897.42130435,15.534999999999998,1816001.4399630772,181.60014399630774,389948.95014675794
2025-07-12 00:00:00+00:00,0.0001,117501.26688406,15.534999999999998,1825382.181043872,182.5382181043872,389766.41192865354
2025-07-12 08:00:00+00:00,0.0001,117689.7,15.534999999999998,1828309.4894999997,182.83094894999996,389583.5809797035
2025-07-12 16:00:00+00:00,0.0001,117075.5,15.534999999999998,1818767.8924999998,181.87678925,389401.7041904535
2025-07-13 00:00:00+00:00,0.0001,117389.4,15.534999999999998,1823644.3289999997,182.36443289999997,389219.33975755353
2025-07-13 08:00:00+00:00,0.0001,117957.51349275,16.516,1948186.292846259,194.8186292846259,388978.31573167414
2025-07-13 16:00:00+00:00,0.0001,118611.53782971,16.516,1958988.1587954902,195.89881587954903,388782.4169157946
2025-07-14 00:00:00+00:00,8.051e-05,119041.56046377,16.516,1966090.4126196252,158.28993912000604,388624.1269766746
2025-07-14 08:00:00+00:00,0.0001,122723.1,16.516,2026894.7196,202.68947196,388421.4375047146
2025-07-14 16:00:00+00:00,0.0001,119867.24231884,12.168999999999999,1458664.4717779637,145.86644717779637,422287.6820816804
2025-07-15 00:00:00+00:00,0.0001,119818.52750362,12.168999999999999,1458071.6611915517,145.80716611915517,422141.87491556123
2025-07-15 08:00:00+00:00,0.0001,116780.52426812,2.941999999999998,343568.3023968088,34.35683023968088,454406.80778503895
2025-07-15 16:00:00+00:00,0.0001,116389.57304348,0.0009999999999978915,116.38957304323459,0.011638957304323459,463543.3189235975
2025-07-16 00:00:00+00:00,0.0001,117738.5,2.8059999999999983,330374.2309999998,33.037423099999984,463379.65507405205
2025-07-16 08:00:00+00:00,0.0001,118184.09413043,2.8059999999999983,331624.5681299864,33.16245681299864,463346.49261723907
2025-07-16 16:00:00+00:00,0.0001,119054.3,2.8059999999999983,334066.3657999998,33.40663657999998,463313.08598065906
2025-07-17 00:00:00+00:00,0.0001,118598.08606159,2.8059999999999983,332786.22948882135,33.27862294888214,463279.8073577102
2025-07-17 08:00:00+00:00,0.0001,118289.1,2.8059999999999983,331919.21459999983,33.19192145999998,463246.6154362502
2025-07-17 16:00:00+00:00,0.0001,118874.61847826,2.8059999999999983,333562.1794499974,33.35621794499974,463213.25921830523
2025-07-18 00:00:00+00:00,0.0001,119176.6,2.8059999999999983,334409.5395999998,33.44095395999998,463179.81826434523
2025-07-18 08:00:00+00:00,0.0001,119356.5,2.8059999999999983,334914.3389999998,33.49143389999998,463146.3268304452
2025-07-18 16:00:00+00:00,0.0001,117851.82027174,2.8059999999999983,330692.2076825022,33.069220768250226,463113.257609677
2025-07-19 00:00:00+00:00,0.0001,117897.67534058,2.8059999999999983,330820.87700566725,33.082087700566724,463080.17552197643
2025-07-19 08:00:00+00:00,0.0001,118135.0,2.779999999999998,328415.29999999976,32.84152999999998,466849.5900681029
2025-07-19 16:00:00+00:00,0.0001,118036.56383986,2.779999999999998,328141.64747481054,32.81416474748106,466816.7759033554
2025-07-20 00:00:00+00:00,0.0001,117814.4,0.0009999999999981135,117.81439999977773,0.011781439999977774,465876.72442680993
2025-07-20 08:00:00+00:00,0.0001,117993.92586594,0.0009999999999981135,117.9939258657174,0.011799392586571741,465876.71262741735
2025-07-20 16:00:00+00:00,0.0001,118669.4,0.0009999999999981135,118.66939999977613,0.011866939999977615,465876.70076047734
2025-07-21 00:00:00+00:00,0.0001,117223.1112971,0.0009999999999981135,117.22311129687886,0.011722311129687886,465876.6890381662
2025-07-21 08:00:00+00:00,0.0001,119352.1,0.0009999999999981135,119.35209999977485,0.011935209999977485,465876.6771029562
2025-07-21 16:00:00+00:00,0.0001,118304.2,0.0009999999999981135,118.30419999977681,0.011830419999977682,465876.6652725362
2025-07-22 00:00:00+00:00,0.0001,117331.09485145,0.0009999999999981135,117.33109485122866,0.011733109485122866,465876.65353942674
2025-07-22 08:00:00+00:00,0.0001,117959.5,0.0009999999999981135,117.95949999977746,0.011795949999977746,465876.64174347674
2025-07-22 16:00:00+00:00,0.0001,118899.8,0.0009999999999981135,118.8997999997757,0.01188997999997757,465876.62985349674
2025-07-23 00:00:00+00:00,0.0001,119993.7,0.0009999999999981135,119.99369999977363,0.011999369999977362,465876.6178541267
2025-07-23 08:00:00+00:00,0.0001,118327.36687681,0.0009999999999981135,118.32736687658678,0.011832736687658678,465876.60602139006
2025-07-23 16:00:00+00:00,0.0001,118531.25132971,0.0009999999999981135,118.53125132948638,0.011853125132948639,465876.59416826494
2025-07-24 00:00:00+00:00,0.0001,118713.5,0.0009999999999981135,118.71349999977605,0.011871349999977606,465876.58229691494
2025-07-24 08:00:00+00:00,0.0001,118368.0,0.0009999999999981135,118.3679999997767,0.01183679999997767,465876.5704601149
2025-07-24 16:00:00+00:00,0.0001,119074.1,0.0009999999999981135,119.07409999977537,0.011907409999977537,465876.5585527049
2025-07-25 00:00:00+00:00,0.0001,118283.4,0.0009999999999981135,118.28339999977685,0.011828339999977686,465876.5467243649
2025-07-25 08:00:00+00:00,0.0001,115312.83280072,0.0009999999999981135,115.31283280050246,0.011531283280050247,465876.53519308165
2025-07-25 16:00:00+00:00,0.0001,115690.67059058,0.0009999999999981135,115.69067059036176,0.011569067059036178,465876.5236240146
2025-07-26 00:00:00+00:00,0.0001,117588.55875092,0.0009999999999981135,117.58855875069817,0.011758855875069817,465876.5118651587
2025-07-26 08:00:00+00:00,0.0001,117288.73869928,0.0009999999999981135,117.28873869905874,0.011728873869905874,465876.5001362848
2025-07-26 16:00:00+00:00,0.0001,118112.87820652,0.0009999999999981135,118.11287820629718,0.011811287820629719,465876.48832499696
2025-07-27 00:00:00+00:00,0.0001,117889.3,0.0009999999999981135,117.8892999997776,0.01178892999997776,465876.47653606697
2025-07-27 08:00:00+00:00,0.0001,118087.08156884,0.0009999999999981135,118.08708156861724,0.011808708156861724,465876.46472735883
2025-07-27 16:00:00+00:00,0.0001,118580.8,0.0009999999999981135,118.5807999997763,0.01185807999997763,465876.45286927884
2025-07-28 00:00:00+00:00,0.0001,119419.44478261,0.0009999999999981135,119.41944478238472,0.011941944478238473,465876.44092733436
2025-07-28 08:00:00+00:00,0.0001,118886.24443841,0.0009999999999981135,118.88624443818571,0.011888624443818573,465876.4290387099
2025-07-28 16:00:00+00:00,0.0001,118158.66325758,0.0009999999999981135,118.15866325735709,0.01181586632573571,465876.41722284356
2025-07-29 00:00:00+00:00,0.0001,118041.8671553,0.0009999999999981135,118.04186715507731,0.011804186715507732,465876.4054186568
2025-07-29 08:00:00+00:00,0.0001,118856.3,0.0009999999999981135,118.85629999977579,0.01188562999997758,465876.3935330268
2025-07-29 16:00:00+00:00,0.0001,117351.43826812,0.0009999999999981135,117.35143826789862,0.011735143826789862,465876.38179788296
2025-07-30 00:00:00+00:00,0.0001,117904.12262319,0.0009999999999981135,117.90412262296756,0.011790412262296757,465876.3700074707
2025-07-30 08:00:00+00:00,0.0001,118083.2,0.0009999999999981135,118.08319999977724,0.011808319999977723,465876.3581991507
2025-07-30 16:00:00+00:00,0.0001,117949.9,0.0009999999999981135,117.94989999977749,0.011794989999977749,465876.3464041607
2025-07-31 00:00:00+00:00,5.694e-05,117772.92036957,0.0009999999999981135,117.77292036934782,0.006705990085830665,465876.33969817066
2025-07-31 08:00:00+00:00,0.0001,118624.0,0.0009999999999981135,118.62399999977622,0.011862399999977622,465876.3278357707
2025-07-31 16:00:00+00:00,0.0001,118263.70708696,0.0009999999999981135,118.2637070867369,0.01182637070867369,465876.31600939995
2025-08-01 00:00:00+00:00,-1.408e-05,115702.16776087,0.0009999999999981135,115.70216776065173,-0.0016290865220699765,465876.31763848645
2025-08-01 08:00:00+00:00,1.549e-05,115035.53571377,0.0009999999999981135,115.03553571355299,0.0017819004482029356,465876.315856586
2025-08-01 16:00:00+00:00,5.681e-05,115305.3,0.0009999999999981135,115.30529999978248,0.006550494092987642,465876.30930609186
2025-08-02 00:00:00+00:00,4.81e-05,113244.7,0.0009999999999981135,113.24469999978636,0.005447070069989724,465876.3038590218
2025-08-02 08:00:00+00:00,8.94e-06,113920.40738768,0.0009999999999981135,113.92040738746509,0.001018448442043938,465876.30284057336
2025-08-02 16:00:00+00:00,4.437e-05,112798.5,0.0009999999999981135,112.79849999978721,0.005004869444990559,465876.29783570394
2025-08-03 00:00:00+00:00,5.633e-05,112509.76593841,0.0009999999999981135,112.50976593819775,0.006337675115298679,465876.29149802885
2025-08-03 08:00:00+00:00,4.533e-05,113647.1,0.0009999999999981135,113.64709999978561,0.005151623042990282,465876.2863464058
2025-08-03 16:00:00+00:00,7.504e-05,113905.36980217,0.0009999999999981135,113.90536980195512,0.008547458949938712,465876.27779894683
2025-08-04 00:00:00+00:00,4.188e-05,114150.84958333,0.0009999999999981135,114.15084958311465,0.004780637580540841,465876.27301830926
2025-08-04 08:00:00+00:00,5.719e-05,114606.9,0.0009999999999981135,114.60689999978379,0.006554368610987635,465876.2664639407
2025-08-04 16:00:00+00:00,3.912e-05,114774.5580471,0.0009999999999981135,114.77455804688348,0.004489980710794082,465876.26197396
2025-08-05 00:00:00+00:00,7.101e-05,115002.1,0.0009999999999981135,115.00209999978306,0.008166299120984594,465876.25380766083
2025-08-05 08:00:00+00:00,8.589e-05,113924.7,0.0009999999999981135,113.92469999978508,0.009784992482981541,465876.24402266834
2025-08-05 16:00:00+00:00,4.784e-05,112890.03634109,0.0009999999999981135,112.89003634087703,0.0054006593385475575,465876.238622009
2025-08-06 00:00:00+00:00,5.172e-05,114077.36580435,0.0009999999999981135,114.0773658041348,0.005900081359389852,465876.23272192763
2025-08-06 08:00:00+00:00,9.275e-05,114180.5031938,0.0009999999999981135,114.1805031935846,0.010590241671204972,465876.22213168594
2025-08-06 16:00:00+00:00,8.288e-05,115389.8435814,0.0009999999999981135,115.38984358118232,0.00956351023600839,465876.2125681757
2025-08-07 00:00:00+00:00,4.843e-05,114945.2239186,0.0009999999999981135,114.94522391838315,0.005566797194367296,465876.20700137847
2025-08-07 08:00:00+00:00,7.574e-05,114751.2,0.0009999999999981135,114.75119999978352,0.008691255887983605,465876.1983101226
2025-08-07 16:00:00+00:00,6.275e-05,116634.6,0.0009999999999981135,116.63459999977998,0.007318821149986193,465876.19099130144
2025-08-08 00:00:00+00:00,2.403e-05,117419.9,0.0009999999999981135,117.41989999977848,0.0028216001969946767,465876.18816970126
2025-08-08 08:00:00+00:00,1.729e-05,116773.122225,0.0009999999999981135,116.77312222477971,0.002019007283266441,465876.186150694
2025-08-08 16:00:00+00:00,7.973e-05,116170.72810417,0.0009999999999981135,116.17072810395085,0.009262292151728002,465876.1768884018
2025-08-09 00:00:00+00:00,8.835e-05,116628.2,0.0009999999999981135,116.62819999977998,0.010304101469980563,465876.16658430034
2025-08-09 08:00:00+00:00,9.087e-05,116703.2,0.0009999999999981135,116.70319999977984,0.010604819783979995,465876.15597948054
2025-08-09 16:00:00+00:00,5.151e-05,116839.01276667,0.0009999999999981135,116.83901276644959,0.006018377547599818,465876.149961103
2025-08-10 00:00:00+00:00,9.849e-05,116422.0,0.0009999999999981135,116.42199999978037,0.011466402779978369,465876.1384947002
2025-08-10 08:00:00+00:00,0.0001,117770.1,0.0009999999999981135,117.77009999977783,0.011777009999977783,465876.1267176902
2025-08-10 16:00:00+00:00,0.0001,118773.19905,13.379999999999999,1589185.4032889998,158.91854032889998,465087.1142830934
2025-08-11 00:00:00+00:00,0.0001,119255.3,13.379999999999999,1595635.9139999999,159.5635914,464927.55069169344
2025-08-11 08:00:00+00:00,0.0001,121533.48217391,18.031999999999996,2191491.7505599447,219.14917505599448,464481.87251992687
2025-08-11 16:00:00+00:00,0.0001,120276.94746739,12.816999999999995,1541589.635689537,154.1589635689537,473206.9778012724
2025-08-12 00:00:00+00:00,0.0001,118642.12869203,12.816999999999995,1520636.163445748,152.0636163445748,473054.9141849278
2025-08-12 08:00:00+00:00,7.988e-05,118931.9,11.779999999999994,1401017.7819999992,111.91330042615994,472911.56336990296
2025-08-12 16:00:00+00:00,8.543e-05,119887.9,11.779999999999994,1412279.4619999991,120.65103443865992,472790.9123354643
2025-08-13 00:00:00+00:00,7.123e-05,120081.0,11.779999999999994,1414554.1799999992,100.75869424139994,472690.1536412229
2025-08-13 08:00:00+00:00,0.0001,119546.71040942,11.779999999999994,1408260.248622967,140.8260248622967,472549.3276163606
2025-08-13 16:00:00+00:00,0.0001,120907.16175725,11.779999999999994,1424286.3655004043,142.42863655004044,472406.8989798106
2025-08-14 00:00:00+00:00,0.0001,123324.0,11.779999999999994,1452756.7199999993,145.27567199999993,472261.6233078106
2025-08-14 08:00:00+00:00,0.0001,121739.29889855,11.779999999999994,1434088.9410249183,143.40889410249184,472118.2144137081
2025-08-14 16:00:00+00:00,0.0001,118206.5,3.3419999999999934,395046.1229999992,39.50461229999992,489810.2704179285
2025-08-15 00:00:00+00:00,1.939e-05,118245.12016304,0.0009999999999932285,118.2451201622393,0.00229277287994582,487619.9292218121
2025-08-15 08:00:00+00:00,7.99e-05,118908.4,0.0009999999999932285,118.90839999919481,0.009500781159935665,487619.919721031
2025-08-15 16:00:00+00:00,3.722e-05,117224.25723551,0.0009999999999932285,117.22425723471622,0.004363086854276137,487619.91535794415
2025-08-16 00:00:00+00:00,8.85e-05,117282.05060833,0.0009999999999932285,117.28205060753582,0.01037946147876692,487619.9049784827
2025-08-16 08:00:00+00:00,8.268e-05,117543.6,0.0009999999999932285,117.54359999920406,0.009718504847934193,487619.89525997784
2025-08-16 16:00:00+00:00,9.023e-05,117626.9,0.0009999999999932285,117.62689999920349,0.01061347518692813,487619.8846465027
2025-08-17 00:00:00+00:00,8.206e-05,117333.60187083,0.0009999999999932285,117.33360187003548,0.00962839536945511,487619.8750181073
2025-08-17 08:00:00+00:00,4.68e-05,117949.9,0.0009999999999932285,117.94989999920129,0.00552005531996262,487619.869498052
2025-08-17 16:00:00+00:00,1.862e-05,118193.93730833,0.0009999999999932285,118.19393730752965,0.002200771112666202,487619.86729728087
2025-08-18 00:00:00+00:00,2.846e-05,117358.84539167,0.0009999999999932285,117.3588453908753,0.003340032739824311,487619.8639572481
2025-08-18 08:00:00+00:00,-6.82e-06,115153.2,0.0009999999999932285,115.15319999922023,-0.0007853448239946819,487619.8647425929
2025-08-18 16:00:00+00:00,5.296e-05,116099.9,0.0009999999999932285,116.09989999921383,0.006148650703958365,487619.8585939422
2025-08-19 00:00:00+00:00,7.137e-05,116183.6,0.0009999999999932285,116.18359999921327,0.008292023531943851,487619.85030191863
2025-08-19 08:00:00+00:00,6.262e-05,114928.8,0.0009999999999932285,114.92879999922177,0.007196841455951266,487619.84310507716
2025-08-19 16:00:00+00:00,3.167e-05,113730.0,0.0009999999999932285,113.72999999922988,0.0036018290999756102,487619.83950324805
2025-08-20 00:00:00+00:00,4.543e-05,112829.16656522,0.0009999999999932285,112.82916656445599,0.005125829037023235,487619.834377419
2025-08-20 08:00:00+00:00,1.364e-05,113436.7,0.0009999999999932285,113.43669999923186,0.0015472765879895225,487619.83283014246
2025-08-20 16:00:00+00:00,4.936e-05,113293.1,0.0009999999999932285,113.29309999923285,0.005592147415962134,487619.82723799505
2025-08-21 00:00:00+00:00,1.143e-05,114221.25347464,0.0009999999999932285,114.22125347386655,0.0013055489272062947,487619.8259324461
2025-08-21 08:00:00+00:00,7.757e-05,113836.8,0.0009999999999932285,113.83679999922916,0.008830320575940206,487619.81710212555
2025-08-21 16:00:00+00:00,7.414e-05,112748.9,0.0009999999999932285,112.74889999923651,0.008359203445943396,487619.8087429221
2025-08-22 00:00:00+00:00,7.296e-05,112461.5,0.0009999999999932285,112.46149999923847,0.008205191039944439,487619.80053773103
2025-08-22 08:00:00+00:00,0.0001,113040.1,0.0009999999999932285,113.04009999923456,0.011304009999923457,487619.78923372104
2025-08-22 16:00:00+00:00,5.867e-05,116319.3,0.0009999999999932285,116.31929999921235,0.006824453330953788,487619.78240926773
2025-08-23 00:00:00+00:00,0.0001,116897.5,0.0009999999999932285,116.89749999920843,0.011689749999920843,487619.7707195177
2025-08-23 08:00:00+00:00,0.0001,115769.9,0.0009999999999932285,115.76989999921607,0.011576989999921607,487619.7591425277
2025-08-23 16:00:00+00:00,9.711e-05,114778.21648188,0.0009999999999932285,114.77821648110277,0.01114611260247989,487619.7479964151
2025-08-24 00:00:00+00:00,0.0001,115377.1,0.0009999999999932285,115.37709999921873,0.011537709999921873,487619.73645870516
2025-08-24 08:00:00+00:00,0.0001,114854.8,0.0009999999999932285,114.85479999922227,0.011485479999922226,487619.72497322515
2025-08-24 16:00:00+00:00,0.0001,114374.74603261,0.0009999999999932285,114.37474603183551,0.011437474603183551,487619.7135357506
2025-08-25 00:00:00+00:00,0.0001,113446.3,0.0009999999999932285,113.4462999992318,0.011344629999923181,487619.7021911206
2025-08-25 08:00:00+00:00,0.0001,111472.74627174,0.0009999999999932285,111.47274627098517,0.011147274627098518,487619.69104384596
2025-08-25 16:00:00+00:00,8.344e-05,112139.1,0.0009999999999932285,112.13909999924066,0.00935688650393664,487619.68168695946
2025-08-26 00:00:00+00:00,4.522e-05,110064.58160507,0.0009999999999932285,110.0645816043247,0.0049771203801475625,487619.6767098391
2025-08-26 08:00:00+00:00,3.9e-05,110246.49650362,0.0009999999999932285,110.24649650287347,0.004299613363612065,487619.6724102257
2025-08-26 16:00:00+00:00,0.0001,109632.32376812,0.0009999999999932285,109.63232376737763,0.010963232376737764,487619.66144699336
2025-08-27 00:00:00+00:00,1.802e-05,111709.9,0.0009999999999932285,111.70989999924355,0.002013012397986369,487619.65943398094
2025-08-27 08:00:00+00:00,5.503e-05,110688.0,0.0009999999999932285,110.68799999925048,0.0060911606399587535,487619.6533428203
2025-08-27 16:00:00+00:00,3.496e-05,111965.1,0.0009999999999932285,111.96509999924184,0.003914299895973495,487619.6494285204
2025-08-28 00:00:00+00:00,5.297e-05,111207.40040217,0.0009999999999932285,111.20740040141696,0.005890655999263057,487619.64353786444
2025-08-28 08:00:00+00:00,9.693e-05,113079.3,0.0009999999999932285,113.0792999992343,0.01096077654892578,487619.6325770879
2025-08-28 16:00:00+00:00,7.512e-05,112642.41844203,0.0009999999999932285,112.64241844126724,0.008461698473307995,487619.6241153894
2025-08-29 00:00:00+00:00,4.261e-05,112509.46216304,0.0009999999999932285,112.50946216227815,0.0047940281827346725,487619.61932136124
2025-08-29 08:00:00+00:00,5.856e-05,109989.38102899,0.0009999999999932285,109.9893810282452,0.00644097815301404,487619.6128803831
2025-08-29 16:00:00+00:00,6.44e-06,108340.47944928,0.0009999999999932285,108.34047944854638,0.0006977126876486386,487619.6121826704
2025-08-30 00:00:00+00:00,7.523e-05,108332.4,0.0009999999999932285,108.33239999926643,0.008149846451944814,487619.60403282393
2025-08-30 08:00:00+00:00,7.979e-05,108466.7,0.0009999999999932285,108.46669999926551,0.008654557992941394,487619.59537826595
2025-08-30 16:00:00+00:00,8.042e-05,108830.0,0.0009999999999932285,108.82999999926307,0.008752108599940736,487619.58662615734
2025-08-31 00:00:00+00:00,-1.232e-05,108758.15376812,0.0009999999999932285,108.75815376738355,-0.0013399004544141654,487619.5879660578
2025-08-31 08:00:00+00:00,4.749e-05,108658.2,0.0009999999999932285,108.65819999926423,0.005160177917965058,487619.5828058799
2025-08-31 16:00:00+00:00,0.0001,108763.86765217,0.0009999999999932285,108.7638676514335,0.01087638676514335,487619.5719294931
2025-09-01 00:00:00+00:00,4.66e-05,108208.3,0.0009999999999932285,108.20829999926727,0.0050425067799658545,487619.5668869863
2025-09-01 08:00:00+00:00,0.0001,109367.8,0.0009999999999932285,109.36779999925942,0.010936779999925943,487619.5559502063
2025-09-01 16:00:00+00:00,4.963e-05,108737.9,0.0009999999999932285,108.73789999926367,0.005396661976963456,487619.5505535443
2025-09-02 00:00:00+00:00,6.946e-05,109193.21343478,0.0009999999999932285,109.1932134340406,0.00758456060512846,487619.5429689837
2025-09-02 08:00:00+00:00,8.805e-05,110190.1,0.0009999999999932285,110.19009999925386,0.009702238304934302,487619.5332667454
2025-09-02 16:00:00+00:00,6.356e-05,110789.9,0.0009999999999932285,110.78989999924978,0.007041806043952316,487619.5262249393
2025-09-03 00:00:00+00:00,7.67e-06,111189.75470652,0.0009999999999932285,111.18975470576709,0.0008528254185932335,487619.5253721139
2025-09-03 08:00:00+00:00,5.127e-05,111045.87517029,0.0009999999999932285,111.04587516953806,0.005693322019942217,487619.51967879187
2025-09-03 16:00:00+00:00,2.344e-05,112171.59743478,0.0009999999999932285,112.17159743402043,0.0026293022438534388,487619.5170494896
2025-09-04 00:00:00+00:00,1.808e-05,111664.20931522,0.0009999999999932285,111.66420931446386,0.0020188889044055066,487619.5150306007
2025-09-04 08:00:00+00:00,4.385e-05,110417.3,0.0009999999999932285,110.41729999925232,0.004841798604967215,487619.5101888021
2025-09-04 16:00:00+00:00,7.941e-05,109464.1,0.0009999999999932285,109.46409999925878,0.008692544180941139,487619.5014962579
2025-09-05 00:00:00+00:00,7.532e-05,110679.5,0.0009999999999932285,110.67949999925054,0.008336379939943551,487619.49315987795
2025-09-05 08:00:00+00:00,0.0001,112906.33317391,0.0009999999999932285,112.90633317314546,0.011290633317314546,487619.48186924466
2025-09-05 16:00:00+00:00,7.872e-05,110672.1,0.0009999999999932285,110.67209999925059,0.008712107711941006,487619.47315713693
2025-09-06 00:00:00+00:00,1.297e-05,110614.9,0.0009999999999932285,110.61489999925097,0.001434675252990285,487619.4717224617
2025-09-06 08:00:00+00:00,5.66e-05,110779.9,0.0009999999999932285,110.77989999924985,0.0062701423399575415,487619.46545231936
2025-09-06 16:00:00+00:00,5.11e-05,110324.2,0.0009999999999932285,110.32419999925294,0.005637566619961825,487619.45981475274
2025-09-07 00:00:00+00:00,1.97e-05,110135.3,0.0009999999999932285,110.13529999925423,0.0021696654099853086,487619.4576450873
2025-09-07 08:00:00+00:00,3.611e-05,110710.8,0.0009999999999932285,110.71079999925033,0.003997766987972929,487619.45364732033
2025-09-07 16:00:00+00:00,6.969e-05,111280.66566667,0.0009999999999932285,111.28066566591647,0.00775514959025772,487619.44589217077
2025-09-08 00:00:00+00:00,9.404e-05,111079.2797029,0.0009999999999932285,111.07927970214783,0.010445895463189981,487619.4354462753
2025-09-08 08:00:00+00:00,6.682e-05,111236.4,0.0009999999999932285,111.23639999924676,0.007432816247949669,487619.428013459
2025-09-08 16:00:00+00:00,7.311e-05,112574.15601812,0.0009999999999932285,112.57415601735771,0.008230296546429022,487619.4197831625
2025-09-09 00:00:00+00:00,3.799e-05,112015.08440217,0.0009999999999932285,112.0150844014115,0.004255453056409623,487619.4155277094
2025-09-09 08:00:00+00:00,0.0001,112952.16761594,0.0009999999999932285,112.95216761517514,0.011295216761517514,487619.40423249267
2025-09-09 16:00:00+00:00,0.0001,110830.1,0.0009999999999932285,110.83009999924953,0.011083009999924953,487619.39314948267
2025-09-10 00:00:00+00:00,5.805e-05,111500.0,0.0009999999999932285,111.49999999924498,0.006472574999956171,487619.38667690766
2025-09-10 08:00:00+00:00,5.026e-05,112503.80590217,0.0009999999999932285,112.50380590140819,0.005654441284604776,487619.38102246635
2025-09-10 16:00:00+00:00,0.0001,113795.6,0.0009999999999932285,113.79559999922944,0.011379559999922944,487619.36964290636
2025-09-11 00:00:00+00:00,5.843e-05,113899.89001087,0.0009999999999932285,113.89989001009873,0.006655170573290069,487619.3629877358
2025-09-11 08:00:00+00:00,4.283e-05,114040.0,0.0009999999999932285,114.03999999922777,0.004884333199966926,487619.3581034026
2025-09-11 16:00:00+00:00,3.326e-05,114133.27581522,0.0009999999999932285,114.13327581444715,0.0037960727535885116,487619.35430732986
2025-09-12 00:00:00+00:00,6.137e-05,115426.9,0.0009999999999932285,115.42689999921838,0.007083748852952032,487619.347223581
2025-09-12 08:00:00+00:00,3.768e-05,115049.0,14.609999999999992,1680865.8899999992,63.33502673519997,486883.44424894993
2025-09-12 16:00:00+00:00,6.891e-05,115064.8,14.609999999999992,1681096.7279999992,115.84437552647995,486767.59987342346
2025-09-13 00:00:00+00:00,-1.554e-05,115978.4,14.609999999999992,1694444.423999999,-26.331666348959985,486793.9315397724
2025-09-13 08:00:00+00:00,2.251e-05,115719.33161349,14.609999999999992,1690659.434873088,38.05674387899321,486755.87479589344
2025-09-13 16:00:00+00:00,3.137e-05,115721.3,14.609999999999992,1690688.192999999,53.03688861440997,486702.837907279
2025-09-14 00:00:00+00:00,8.182e-05,115865.61246739,14.609999999999992,1692796.5981485671,138.50461766051575,486564.3332896185
2025-09-14 08:00:00+00:00,4.78e-05,115747.96161957,14.609999999999992,1691077.7192619168,80.83351498071963,486483.49977463775
2025-09-14 16:00:00+00:00,3.115e-05,115191.27874724,14.609999999999992,1682944.5824971753,52.42372374478701,486431.07605089294
2025-09-15 00:00:00+00:00,6.207e-05,115227.83664493,14.609999999999992,1683478.6933824264,104.4935224982472,486326.5825283947
2025-09-15 08:00:00+00:00,8.259e-05,115769.6,14.609999999999992,1691393.8559999992,139.69221856703993,486186.8903098277
2025-09-15 16:00:00+00:00,8.189e-05,114804.25828986,5.121999999999991,588027.4109606618,48.1535646835686,483986.6654390673
2025-09-16 00:00:00+00:00,9.97e-06,115300.6,5.121999999999991,590569.673199999,5.88797964180399,483980.7774594255
2025-09-16 08:00:00+00:00,6.991e-05,115799.4,5.121999999999991,593124.526799999,41.465335668587926,483939.3121237569
2025-09-16 16:00:00+00:00,6.472e-05,115878.0,5.117999999999991,593063.6039999989,38.38307645087993,478349.28702018526
2025-09-17 00:00:00+00:00,6.972e-05,116747.3,16.67799999999999,1947111.469399999,135.75261164656794,477677.60557039117
2025-09-17 08:00:00+00:00,8.441e-05,117120.5,16.67799999999999,1953335.6989999989,164.8810663525899,477512.7245040386
2025-09-17 16:00:00+00:00,6.303e-05,115825.1,4.9269999999999925,570670.2676999992,35.969346973130946,481039.7359145589
2025-09-18 00:00:00+00:00,4.941e-05,116402.5,0.0009999999999922293,116.40249999909547,0.005751447524955307,480402.0791294951
2025-09-18 08:00:00+00:00,8.928e-05,117042.70206159,13.993999999999993,1637895.5726498896,146.23131672618214,479597.5281372083
2025-09-18 16:00:00+00:00,4.208e-05,117530.2,13.993999999999993,1644717.6187999991,69.20971739910395,479528.3184198092
2025-09-19 00:00:00+00:00,-2.31e-06,117017.51732609,13.993999999999993,1637543.1374613026,-3.7827246475356087,479532.10114445677
2025-09-19 08:00:00+00:00,2.109e-05,116850.1,0.0009999999999919518,116.85009999905957,0.0024643686089801664,470562.85583935765
2025-09-19 16:00:00+00:00,5.264e-05,115827.0,0.0009999999999919518,115.8269999990678,0.006097133279950928,470562.8497422244
2025-09-20 00:00:00+00:00,3.757e-05,115569.76332609,0.0009999999999919518,115.56976332515987,0.004341956008126257,470562.8454002684
2025-09-20 08:00:00+00:00,-2.7e-07,115909.9,0.0009999999999919518,115.90989999906712,-3.1295672999748125e-05,470562.8454315641
2025-09-20 16:00:00+00:00,-1.006e-05,115928.4,0.0009999999999919518,115.92839999906698,-0.001166239703990614,470562.8465978038
2025-09-21 00:00:00+00:00,-5.322e-05,115625.0,0.0009999999999919518,115.62499999906943,-0.0061535624999504756,470562.8527513663
2025-09-21 08:00:00+00:00,2.563e-05,115773.31957246,0.0009999999999919518,115.77331957152822,0.0029672701806182683,470562.8497840961
2025-09-21 16:00:00+00:00,3.742e-05,115473.52326812,0.0009999999999919518,115.47352326719064,0.004321019240658273,470562.8454630769
2025-09-22 00:00:00+00:00,6.665e-05,115183.9,0.0009999999999919518,115.18389999907296,0.007677006934938212,470562.83778606995
2025-09-22 08:00:00+00:00,1.743e-05,112451.62911594,0.0009999999999919518,112.45162911503496,0.0019600318954750597,470562.83582603803
2025-09-22 16:00:00+00:00,4.838e-05,112768.7,0.0009999999999918963,112.76869999908615,0.005455749705955788,470708.7556184278
2025-09-23 00:00:00+00:00,7.062e-05,112604.7,0.0009999999999918963,112.60469999908747,0.007952143913935558,470708.7476662839
2025-09-23 08:00:00+00:00,7.083e-05,113048.1,0.0009999999999918963,113.04809999908389,0.008007196922935111,470708.739659087
2025-09-23 16:00:00+00:00,7.478e-05,112829.13869565,0.0009999999999918963,112.82913869473566,0.008437362991592333,470708.731221724
2025-09-24 00:00:00+00:00,5.794e-05,111947.1,0.0009999999999918963,111.94709999909281,0.006486214973947437,470708.724735509
2025-09-24 08:00:00+00:00,6.267e-05,112544.7,0.0009999999999918963,112.54469999908797,0.007053176348942842,470708.7176823327
2025-09-24 16:00:00+00:00,4.886e-05,113300.0,0.0009999999999918963,113.29999999908185,0.00553583799995514,470708.71214649465
2025-09-25 00:00:00+00:00,-2.2e-06,113254.73047826,0.0009999999999918963,113.2547304773422,-0.00024916040705015287,470708.71239565505
2025-09-25 08:00:00+00:00,1.73e-05,111712.21934783,0.0009999999999918963,111.71221934692471,0.0019326213947017975,470708.71046303364
2025-09-25 16:00:00+00:00,9.56e-05,111546.0067971,0.0009999999999918963,111.54600679619605,0.010663798249716343,470708.6997992354
2025-09-26 00:00:00+00:00,3.143e-05,108944.73728261,0.0009999999999918963,108.94473728172714,0.003424133092764684,470708.69637510227
2025-09-26 08:00:00+00:00,4.36e-05,109257.3,0.0009999999999918963,109.25729999911461,0.004763618279961397,470708.691611484
2025-09-26 16:00:00+00:00,7.716e-05,108983.17127536,0.0009999999999918963,108.98317127447683,0.008409141495538633,470708.6832023425
2025-09-27 00:00:00+00:00,-1e-07,109588.74702899,0.0009999999999918963,109.58874702810192,-1.0958874702810192e-05,470708.68321330135
2025-09-27 08:00:00+00:00,3.425e-05,109354.9,0.0009999999999918963,109.35489999911381,0.003745405324969648,470708.679467896
2025-09-27 16:00:00+00:00,7.821e-05,109348.37457246,0.0009999999999918963,109.34837457157387,0.008552136375242792,470708.67091575963
2025-09-28 00:00:00+00:00,3.314e-05,109577.33157971,0.0009999999999918963,109.57733157882201,0.003631392768522161,470708.66728436685
2025-09-28 08:00:00+00:00,4.976e-05,109468.5,0.0009999999999918963,109.4684999991129,0.005447152559955857,470708.6618372143
2025-09-28 16:00:00+00:00,5.261e-05,109989.9,0.0009999999999918963,109.98989999910866,0.005786568638953106,470708.6560506457
2025-09-29 00:00:00+00:00,2.312e-05,112119.6,0.0009999999999918963,112.11959999909142,0.0025922051519789934,470708.65345844056
2025-09-29 08:00:00+00:00,1.304e-05,111814.8,0.0009999999999918963,111.81479999909388,0.0014580649919881843,470708.65200037556
2025-09-29 16:00:00+00:00,3.2e-07,113753.37049275,0.0009999999999918963,113.75337049182816,3.6401078557385016e-05,470708.65196397447
2025-09-30 00:00:00+00:00,2.353e-05,114261.5775,0.0009999999999918963,114.26157749907405,0.0026885749185532122,470708.64927539957
2025-09-30 08:00:00+00:00,5.893e-05,113662.3,0.0009999999999918963,113.66229999907891,0.00669811933894572,470708.64257728023
2025-09-30 16:00:00+00:00,2.584e-05,113055.5,0.0009999999999918963,113.05549999908382,0.002921354119976326,470708.6396559261
2025-10-01 00:00:00+00:00,3.355e-05,113988.7,0.0009999999999918963,113.98869999907626,0.0038243208849690086,470708.6358316052
2025-10-01 08:00:00+00:00,3.457e-05,114488.84474513,0.0009999999999918963,114.48884474420221,0.003957879362807071,470708.6318737258
2025-10-01 16:00:00+00:00,0.0001,117367.03486232,0.0009999999999918963,117.36703486136888,0.011736703486136889,470708.6201370223
2025-10-02 00:00:00+00:00,7.784e-05,118553.6,17.918999999999993,2124361.9583999994,165.36033484185594,469702.14732895675
2025-10-02 08:00:00+00:00,0.0001,118444.2,17.918999999999993,2122401.619799999,212.24016197999993,469489.9071669768
2025-10-02 16:00:00+00:00,9.543e-05,119876.14928261,17.918999999999993,2148060.718995088,204.98943441370122,469284.91773256304
2025-10-03 00:00:00+00:00,9.926e-05,120481.3,17.918999999999993,2158904.414699999,214.2928522031219,469070.6248803599
2025-10-03 08:00:00+00:00,0.0001,119620.0,17.918999999999993,2143470.7799999993,214.34707799999995,468856.2778023599
2025-10-03 16:00:00+00:00,0.0001,122241.29730885,17.918999999999993,2190441.806477282,219.04418064772824,468637.2336217122
2025-10-04 00:00:00+00:00,0.0001,122182.6,17.918999999999993,2189390.0093999994,218.93900093999994,468418.2946207722
2025-10-04 08:00:00+00:00,0.0001,122274.3698051,17.918999999999993,2191034.432537586,219.1034432537586,468199.1911775184
2025-10-04 16:00:00+00:00,8.312e-05,121740.07963043,17.918999999999993,2181460.4868976744,181.32299567093472,468017.86818184744
2025-10-05 00:00:00+00:00,8.648e-05,122343.2,17.918999999999993,2192267.800799999,189.5873194131839,467828.28086243424
2025-10-05 08:00:00+00:00,0.0001,124692.5,17.918999999999993,2234364.9074999993,223.43649074999993,467604.84437168424
2025-10-05 16:00:00+00:00,9.566e-05,122753.0,13.853999999999992,1700620.061999999,162.6813151309199,491781.2158996333
2025-10-06 00:00:00+00:00,7.672e-05,123426.7,13.853999999999992,1709953.501799999,131.1876326580959,491650.0282669752
2025-10-06 08:00:00+00:00,9.708e-05,123342.84321014,13.853999999999992,1708791.7498332786,165.8895030738147,491484.13876390137
2025-10-06 16:00:00+00:00,5.831e-05,124946.2,13.853999999999992,1731004.654799999,100.93488142138794,491383.20388248
2025-10-07 00:00:00+00:00,0.0001,124619.90012319,13.853999999999992,1726484.0963066733,172.64840963066735,491210.5554728493
2025-10-07 08:00:00+00:00,8.608e-05,123629.13742754,13.853999999999992,1712758.0699211382,147.43421465881158,491063.1212581905
2025-10-07 16:00:00+00:00,6.194e-05,121822.13839855,13.853999999999992,1687723.9053735107,104.53761869883526,490958.58363949164
2025-10-08 00:00:00+00:00,2.542e-05,121286.5,0.0009999999999918963,121.28649999901712,0.0030831028299750153,550768.9393665736
2025-10-08 08:00:00+00:00,0.0001,121555.76018116,0.0009999999999918963,121.55576018017494,0.012155576018017495,550768.9272109976
2025-10-08 16:00:00+00:00,5.396e-05,122140.58355072,3.6689999999999916,448133.8010475906,24.18129990452799,550564.4420507492
2025-10-09 00:00:00+00:00,1.344e-05,123237.94232609,3.6689999999999916,452160.01039442315,6.077030539701047,550558.3650202095
2025-10-09 08:00:00+00:00,5.35e-05,121847.8,3.6689999999999916,447059.578199999,23.917687433699946,550534.4473327758
2025-10-09 16:00:00+00:00,1.455e-05,121084.88746377,0.0009999999999912301,121.08488746270811,0.001761785112582403,549580.7001219739
2025-10-10 00:00:00+00:00,7.85e-06,121582.7910045,0.0009999999999912301,121.58279100343374,0.0009544249093769548,549312.1600636635
2025-10-10 08:00:00+00:00,3.879e-05,120878.7,0.0009999999999912301,120.87869999893991,0.004688884772958879,549312.1553747787
2025-10-10 16:00:00+00:00,1.013e-05,118962.1,0.0009999999999912301,118.96209999895672,0.0012050860729894315,549312.1541696925
2025-10-11 00:00:00+00:00,0.0001,112716.8,0.0009999999999912301,112.71679999901149,0.01127167999990115,549312.1428980125
2025-10-11 08:00:00+00:00,0.0001,110331.91623913,0.0009999999999912301,110.3319162381624,0.011033191623816241,549150.9674036632
2025-10-11 16:00:00+00:00,4.67e-06,111744.4,0.0009999999999912301,111.74439999902,0.0005218463479954235,549150.9668818169
2025-10-12 00:00:00+00:00,-3.055e-05,110579.1,0.0009999999999912301,110.57909999903025,-0.0033781915049703737,549150.9702600084
2025-10-12 08:00:00+00:00,2.865e-05,111468.10705797,0.0009999999999912301,111.46810705699244,0.0031935612671828333,549150.9670664471
2025-10-12 16:00:00+00:00,-0.00010915,113123.87871739,0.0009999999999912301,113.12387871639793,-0.012347471361894834,549150.9794139185
2025-10-13 00:00:00+00:00,-3.942e-05,114894.4,0.0009999999999912301,114.89439999899238,-0.00452913724796028,549150.9839430557
2025-10-13 08:00:00+00:00,2.519e-05,115341.8,0.0009999999999912301,115.34179999898846,0.0029054599419745196,549150.9810375958
2025-10-13 16:00:00+00:00,-2.305e-05,114260.8,0.0009999999999912301,114.26079999899795,-0.002633711439976903,549150.9836713072
2025-10-14 00:00:00+00:00,-4.041e-05,115112.0,0.0009999999999912301,115.11199999899048,-0.004651675919959205,549150.9883229831
2025-10-14 08:00:00+00:00,7.12e-06,111677.04921014,0.0009999999999912301,111.67704920916061,0.0007951405903692235,549150.9875278425
2025-10-14 16:00:00+00:00,-4.498e-05,112817.34618841,0.0009999999999912301,112.8173461874206,-0.005074524231510179,549150.9926023667
2025-10-15 00:00:00+00:00,-5.425e-05,112984.75726812,0.0009999999999912301,112.98475726712914,-0.006129423081741756,549150.9987317898
2025-10-15 08:00:00+00:00,3.973e-05,112526.11848551,0.0009999999999912301,112.52611848452317,0.004470662687390105,549150.9942611271
2025-10-15 16:00:00+00:00,2.25e-06,110757.4,0.0009999999999912301,110.75739999902866,0.0002492041499978145,549150.994011923
2025-10-16 00:00:00+00:00,-2.741e-05,110701.13593478,0.0009999999999912301,110.70113593380917,-0.0030343181359457094,549150.9970462411
2025-10-16 08:00:00+00:00,-2.23e-05,110523.7,0.0009999999999912301,110.52369999903071,-0.0024646785099783847,549150.9995109196
2025-10-16 16:00:00+00:00,-3.004e-05,108493.60663043,0.0009999999999912301,108.49360662947853,-0.003259147943149535,549151.0027700675
2025-10-17 00:00:00+00:00,-2.85e-06,108132.22237681,0.0009999999999912301,108.13222237586169,-0.0003081768337712058,549151.0030782444
2025-10-17 08:00:00+00:00,-6.34e-06,105578.3,0.0009999999999912301,105.57829999907409,-0.0006693664219941298,549151.0037476108
2025-10-17 16:00:00+00:00,-2.91e-06,106764.91873188,0.0009999999999912301,106.76491873094368,-0.0003106859135070461,549151.0040582968
2025-10-18 00:00:00+00:00,-4.819e-05,106378.67421014,0.0009999999999912301,106.37867420920708,-0.005126388310141689,549151.0091846851
2025-10-18 08:00:00+00:00,-6.376e-05,106642.86139855,0.0009999999999912301,106.64286139761475,-0.006799548842711917,549151.0159842339
2025-10-18 16:00:00+00:00,-3.681e-05,106896.91817391,0.0009999999999912301,106.89691817297253,-0.003934875557947119,549151.0199191095
2025-10-19 00:00:00+00:00,-1.411e-05,107117.5,0.0009999999999912301,107.1174999990606,-0.001511427924986745,549151.0214305375
2025-10-19 08:00:00+00:00,1.512e-05,106733.3,0.0009999999999912301,106.73329999906396,0.0016138074959858469,549151.0198167299
2025-10-19 16:00:00+00:00,2.787e-05,108434.7964058,0.0009999999999912301,108.43479640484905,0.003022077775803143,549151.0167946522
2025-10-20 00:00:00+00:00,-2.197e-05,108590.7,0.0009999999999912301,108.59069999904767,-0.0023857376789790776,549151.0191803899
2025-10-20 08:00:00+00:00,-6.65e-06,111144.51395652,0.0009999999999912301,111.14451395554526,-0.000739111017804376,549151.0199195009
2025-10-20 16:00:00+00:00,-1.8e-07,111079.2,0.0009999999999912301,111.07919999902585,-1.9994255999824653e-05,549151.0199394951
2025-10-21 00:00:00+00:00,-5.567e-05,110469.9,0.0009999999999912301,110.46989999903118,-0.006149859332946066,549151.0260893544
2025-10-21 08:00:00+00:00,2.222e-05,108040.11896377,0.0009999999999912301,108.0401189628225,0.0024006514433539163,549151.023688703
2025-10-21 16:00:00+00:00,-2.506e-05,113355.3,0.0009999999999912301,113.3552999990059,-0.002840683817975088,549151.0265293868
2025-10-22 00:00:00+00:00,-4.212e-05,108254.79786957,0.0009999999999912301,108.25479786862061,-0.004559692086226301,549151.0310890789
2025-10-22 08:00:00+00:00,2.445e-05,108286.73970765,0.0009999999999912301,108.28673970670035,0.0026476107858288238,549151.0284414681
2025-10-22 16:00:00+00:00,5.702e-05,108375.0050942,0.0009999999999912301,108.37500509324956,0.00617954279041709,549151.0222619254
2025-10-23 00:00:00+00:00,8.911e-05,107532.0,0.0009999999999912301,107.53199999905696,0.009582176519915967,549151.0126797488
2025-10-23 08:00:00+00:00,2.673e-05,109229.9408913,0.0009999999999912301,109.22994089034206,0.0029197163199988435,549151.0097600325
2025-10-23 16:00:00+00:00,3.933e-05,109849.0,0.0009999999999912301,109.84899999903664,0.00432036116996211,549151.0054396713
2025-10-24 00:00:00+00:00,3.391e-05,110032.13344928,0.0009999999999912301,110.03213344831502,0.003731189645232362,549151.0017084817
2025-10-24 08:00:00+00:00,1.783e-05,111014.12165942,0.0009999999999912301,111.01412165844641,0.0019793817891700996,549150.9997290999
2025-10-24 16:00:00+00:00,3.224e-05,110009.8,0.0009999999999912301,110.00979999903524,0.0035467159519688963,549150.996182384
2025-10-25 00:00:00+00:00,5.02e-05,110965.34494203,0.0009999999999912301,110.96534494105686,0.005570460316041055,549150.9906119236
2025-10-25 08:00:00+00:00,1.484e-05,111445.4,0.0009999999999912301,111.44539999902263,0.0016538497359854958,549150.9889580739
2025-10-25 16:00:00+00:00,5.57e-05,111341.17806667,0.0009999999999912301,111.34117806569355,0.006201703618259131,549150.9827563703
2025-10-26 00:00:00+00:00,1.903e-05,111593.32504348,0.0009999999999912301,111.59332504250133,0.0021236209755588,549150.9806327494
2025-10-26 08:00:00+00:00,5.35e-06,111672.9,0.0009999999999912301,111.67289999902064,0.0005974500149947604,549150.9800352993
2025-10-26 16:00:00+00:00,6.904e-05,113651.90728261,0.0009999999999912301,113.65190728161329,0.007846527678722582,549150.9721887716
2025-10-27 00:00:00+00:00,0.0001,114504.08989855,0.0009999999999912301,114.50408989754581,0.01145040898975458,549150.9607383626
2025-10-27 08:00:00+00:00,0.0001,115522.4,0.0009999999999912301,115.52239999898688,0.011552239999898689,549150.9491861226
2025-10-27 16:00:00+00:00,7.304e-05,114914.5,0.0009999999999912301,114.91449999899221,0.008393355079926392,549150.9407927676
2025-10-28 00:00:00+00:00,6.059e-05,114064.1,0.0009999999999912301,114.06409999899968,0.006911143818939391,549150.9338816238
2025-10-28 08:00:00+00:00,7.806e-05,114132.8762971,13.066999999999991,1491374.2945742046,116.4166774344624,548438.4998935917
2025-10-28 16:00:00+00:00,2.992e-05,114580.1,13.066999999999991,1497218.166699999,44.796767547663976,548393.7031260441
2025-10-29 00:00:00+00:00,-3.2e-07,112840.85371739,3.7869999999999906,427328.31302775483,-0.13674506016888155,543515.0264733786
2025-10-29 08:00:00+00:00,3.588e-05,113512.0,3.7869999999999906,429869.9439999989,15.423733590719962,543499.6027397879
2025-10-29 16:00:00+00:00,5.003e-05,111460.6,3.7869999999999906,422101.292199999,21.11772764876595,543478.4850121391
2025-10-30 00:00:00+00:00,1.097e-05,109985.95808696,0.000999999999990564,109.98595808592218,0.0012065459602025664,533458.6608293641
2025-10-30 08:00:00+00:00,3.449e-05,111319.75046377,0.000999999999990564,111.3197504627196,0.0038394181934591986,533458.6569899459
2025-10-30 16:00:00+00:00,3.562e-05,107670.5,0.000999999999990564,107.67049999898401,0.0038352232099638107,533458.6531547226
2025-10-31 00:00:00+00:00,2.13e-06,108263.5,0.000999999999990564,108.26349999897843,0.00023060125499782405,533458.6529241214
2025-10-31 08:00:00+00:00,0.0001,109400.0,0.000999999999990564,109.3999999989677,0.01093999999989677,533458.6419841214
2025-10-31 16:00:00+00:00,0.0001,110173.78203623,0.000999999999990564,110.1737820351904,0.01101737820351904,533458.6309667432
2025-11-01 00:00:00+00:00,0.0001,109557.3,0.000999999999990564,109.55729999896622,0.010955729999896621,533458.6200110132
2025-11-01 08:00:00+00:00,0.0001,110025.3,0.000999999999990564,110.0252999989618,0.01100252999989618,533458.6090084832
2025-11-01 16:00:00+00:00,9.782e-05,110261.9,0.000999999999990564,110.26189999895956,0.010785819057898225,533458.5982226642
2025-11-02 00:00:00+00:00,8.2e-05,110051.81800725,0.000999999999990564,110.05181800621155,0.009024249076509347,533458.5891984152
2025-11-02 08:00:00+00:00,8.15e-05,110845.76592029,0.000999999999990564,110.84576591924406,0.009033929922418391,533458.5801644853
2025-11-02 16:00:00+00:00,5.635e-05,110066.1,0.000999999999990564,110.06609999896142,0.006202224734941476,533458.5739622605
2025-11-03 00:00:00+00:00,6.098e-05,110497.98432609,0.000999999999990564,110.49798432504734,0.006738167084141387,533458.5672240934
2025-11-03 08:00:00+00:00,6.853e-05,107430.97668116,0.000999999999990564,107.43097668014627,0.007362244831890423,533458.5598618485
2025-11-03 16:00:00+00:00,5.329e-05,105718.8,0.000999999999990564,105.71879999900244,0.00563375485194684,533458.5542280936
2025-11-04 00:00:00+00:00,0.0001,106544.0,0.000999999999990564,106.54399999899465,0.010654399999899465,533458.5435736936
2025-11-04 08:00:00+00:00,5.808e-05,104446.13108696,0.000999999999990564,104.44613108597444,0.006066231293473396,533458.5375074623
2025-11-04 16:00:00+00:00,6.339e-05,103157.2,0.000999999999990564,103.1571999990266,0.006539134907938297,533458.5309683274
2025-11-05 00:00:00+00:00,7.132e-05,101437.3,0.000999999999990564,101.43729999904284,0.007234508235931735,533458.5237338191
2025-11-05 08:00:00+00:00,2.831e-05,101946.1,0.000999999999990564,101.94609999903804,0.0028860940909727667,533458.5208477251
2025-11-05 16:00:00+00:00,2.816e-05,103667.8,0.000999999999990564,103.6677999990218,0.002919285247972454,533458.5179284399
2025-11-06 00:00:00+00:00,3.985e-05,103844.38058696,0.000999999999990564,103.84438058598013,0.004138198566351308,533458.5137902413
2025-11-06 08:00:00+00:00,7.916e-05,103142.7,0.000999999999990564,103.14269999902675,0.008164776131922957,533458.5056254652
2025-11-06 16:00:00+00:00,4.494e-05,101988.1,0.000999999999990564,101.98809999903764,0.004583345213956752,533458.5010421199
2025-11-07 00:00:00+00:00,4.705e-05,101305.6,0.000999999999990564,101.30559999904409,0.004766428479955024,533458.4962756914
2025-11-07 08:00:00+00:00,4.227e-05,101978.8,0.000999999999990564,101.97879999903773,0.004310643875959325,533458.4919650475
2025-11-07 16:00:00+00:00,8.631e-05,100758.1,0.000999999999990564,100.75809999904925,0.00869643161091794,533458.4832686159
2025-11-08 00:00:00+00:00,7.776e-05,103305.2,0.000999999999990564,103.3051999990252,0.0080330123519242,533458.4752356035
2025-11-08 08:00:00+00:00,3.047e-05,102314.41401449,0.000999999999990564,102.31441401352456,0.003117520194992093,533458.4721180833
2025-11-08 16:00:00+00:00,3.74e-05,101678.1,0.000999999999990564,101.67809999904057,0.0038027609399641175,533458.4683153223
2025-11-09 00:00:00+00:00,-1.64e-05,102269.2,0.000999999999990564,102.26919999903498,-0.0016772148799841736,533458.4699925372
2025-11-09 08:00:00+00:00,4.187e-05,101898.2,0.000999999999990564,101.89819999903848,0.004266477633959741,533458.4657260595
2025-11-09 16:00:00+00:00,8.948e-05,103717.71026087,0.000999999999990564,103.7177102598913,0.009280660714055075,533458.4564453987
2025-11-10 00:00:00+00:00,8.87e-05,104670.7,0.000999999999990564,104.67069999901233,0.009284291089912394,533458.4471611077
2025-11-10 08:00:00+00:00,7.355e-05,106421.67538406,0.000999999999990564,106.4216753830558,0.007827314224423754,533458.4393337935
2025-11-10 16:00:00+00:00,4.979e-05,105018.03477536,0.000999999999990564,105.01803477436906,0.005228847951415836,533458.4341049455
2025-11-11 00:00:00+00:00,2.818e-05,105966.2,0.000999999999990564,105.9661999990001,0.002986127515971823,533458.431118818
2025-11-11 08:00:00+00:00,-2.775e-05,104737.0,0.000999999999990564,104.7369999990117,-0.002906451749972575,533458.4340252697
2025-11-11 16:00:00+00:00,5.823e-05,103421.01242754,0.000999999999990564,103.42101242656412,0.006022205553598829,533458.4280030641
2025-11-12 00:00:00+00:00,2.462e-05,103007.53711594,0.000999999999990564,103.00753711496802,0.0025360455637705127,533458.4254670185
2025-11-12 08:00:00+00:00,6.87e-06,103070.02844928,0.000999999999990564,103.07002844830743,0.000708091095439872,533458.4247589274
2025-11-12 16:00:00+00:00,5.786e-05,102156.97811594,0.000999999999990564,102.15697811497604,0.005910802753732514,533458.4188481247
2025-11-13 00:00:00+00:00,1.077e-05,101605.9,0.000999999999990564,101.60589999904124,0.0010942955429896742,533458.4177538292
2025-11-13 08:00:00+00:00,9.352e-05,103431.0,0.000999999999990564,103.43099999902402,0.009672867119908727,533458.408080962
2025-11-13 16:00:00+00:00,7.448e-05,101343.98608696,0.000999999999990564,101.34398608600371,0.007548100083685557,533458.4005328619
2025-11-14 00:00:00+00:00,8.569e-05,99663.82278986,0.000999999999990564,99.66382278891957,0.008540192974782519,533458.391992669
2025-11-14 08:00:00+00:00,9.126e-05,97102.43884783,0.000999999999990564,97.10243884691374,0.008861568569169349,533458.3831311004
2025-11-14 16:00:00+00:00,9.078e-05,96752.6,0.000999999999990564,96.75259999908705,0.008783201027917123,533458.3743478995
2025-11-15 00:00:00+00:00,8.507e-05,94544.9,0.000999999999990564,94.54489999910787,0.008042934642924106,533458.3663049648
2025-11-15 08:00:00+00:00,0.0001,96292.37823188,0.000999999999990564,96.29237823097138,0.009629237823097138,533458.356675727
2025-11-15 16:00:00+00:00,5.923e-05,96222.2,0.000999999999990564,96.22219999909204,0.005699240905946221,533458.350976486
2025-11-16 00:00:00+00:00,7.745e-05,95560.3,0.000999999999990564,95.56029999909829,0.007401145234930163,533458.3435753408
2025-11-16 08:00:00+00:00,0.0001,96065.30980435,0.000999999999990564,96.06530980344354,0.009606530980344355,533458.3339688098
2025-11-16 16:00:00+00:00,7.06e-05,94526.6,0.000999999999990564,94.52659999910806,0.006673577959937028,533458.3272952319
2025-11-17 00:00:00+00:00,0.0001,94234.43224638,0.000999999999990564,94.23443224549081,0.00942344322454908,533458.3178717886
2025-11-17 08:00:00+00:00,9.568e-05,95599.53695652,0.000999999999990564,95.59953695561792,0.009146963695913524,533458.3087248249
2025-11-17 16:00:00+00:00,7.208e-05,93917.48474513,0.000999999999990564,93.9174847442438,0.006769572300365093,533458.3019552527
2025-11-18 00:00:00+00:00,0.0001,92169.7,0.000999999999990564,92.16969999913029,0.00921696999991303,533458.2927382827
2025-11-18 08:00:00+00:00,0.0001,90463.52234058,0.000999999999990564,90.4635223397264,0.00904635223397264,533458.2836919305
2025-11-18 16:00:00+00:00,3.725e-05,92856.83807346,0.000999999999990564,92.85683807258381,0.003458917218203747,533458.2802330132
2025-11-19 00:00:00+00:00,7.496e-05,92916.9,0.000999999999990564,92.91689999912323,0.006965050823934277,533458.2732679624
2025-11-19 08:00:00+00:00,5.012e-05,91831.78731159,0.000999999999990564,91.83178731072347,0.00460260918001346,533458.2686653532
2025-11-19 16:00:00+00:00,3.98e-05,89905.0,0.000999999999990564,89.90499999915166,0.003578218999966236,533458.2650871342
2025-11-20 00:00:00+00:00,4.259e-05,91522.33241304,0.000999999999990564,91.5223324121764,0.0038979361374345926,533458.2611891981
2025-11-20 08:00:00+00:00,0.0001,92268.56732609,0.000999999999990564,92.26856732521935,0.009226856732521936,533458.2519623414
2025-11-20 16:00:00+00:00,8.999e-05,89845.8,0.000999999999990564,89.84579999915222,0.008085223541923708,533458.2438771179
2025-11-21 00:00:00+00:00,4.272e-05,86603.55317391,0.000999999999990564,86.6035531730928,0.0036997037915545245,533458.240177414
2025-11-21 08:00:00+00:00,4.524e-05,84022.8696087,0.000999999999990564,84.02286960790715,0.0038011946210617198,533458.2363762194
2025-11-21 16:00:00+00:00,2.642e-05,82896.5,0.000999999999990564,82.89649999921778,0.0021901255299793337,533458.2341860939
2025-11-22 00:00:00+00:00,1.373e-05,85093.5,0.000999999999990564,85.09349999919706,0.0011683337549889758,533458.2330177601
2025-11-22 08:00:00+00:00,6.735e-05,84537.3,0.000999999999990564,84.5372999992023,0.0056935871549462745,533458.227324173
2025-11-22 16:00:00+00:00,5.057e-05,84241.49595652,0.000999999999990564,84.2414959557251,0.004260092450481018,533458.2230640805
2025-11-23 00:00:00+00:00,3.812e-05,84691.12791304,0.000999999999990564,84.69112791224086,0.0032284257960146215,533458.2198356547
2025-11-23 08:00:00+00:00,1.53e-06,85745.86332609,0.000999999999990564,85.7458633252809,0.00013119117088767975,533458.2197044635
2025-11-23 16:00:00+00:00,-8.93e-06,87043.56694928,0.000999999999990564,87.04356694845865,-0.0007772990528497356,533458.2204817625
2025-11-24 00:00:00+00:00,-6e-08,86807.6,0.000999999999990564,86.8075999991809,-5.208455999950853e-06,533458.220486971
2025-11-24 08:00:00+00:00,-1.34e-06,87004.6,0.000999999999990564,87.00459999917904,-0.00011658616399889992,533458.2206035572
2025-11-24 16:00:00+00:00,5.044e-05,86571.90668116,0.000999999999990564,86.57190668034312,0.004366686972956507,533458.2162368703
2025-11-25 00:00:00+00:00,-5.29e-05,88247.84814093,0.000999999999990564,88.24784814009729,-0.004668311166611146,533458.2209051815
2025-11-25 08:00:00+00:00,1.996e-05,87362.2,0.000999999999990564,87.36219999917564,0.0017437495119835458,533458.219161432
2025-11-25 16:00:00+00:00,-3.019e-05,86946.5,0.000999999999990564,86.94649999917957,-0.002624914834975231,533458.2217863469
2025-11-26 00:00:00+00:00,4.038e-05,87324.1,0.000999999999990564,87.32409999917601,0.0035261471579667277,533458.2182601998
2025-11-26 08:00:00+00:00,5.388e-05,87897.61326087,0.000999999999990564,87.8976132600406,0.004735923402450988,533458.2135242764
2025-11-26 16:00:00+00:00,-4.19e-06,86926.52760145,0.000999999999990564,86.92652760062975,-0.00036422215064663865,533458.2138884985
2025-11-27 00:00:00+00:00,-2.599e-05,90440.1,0.000999999999990564,90.44009999914661,-0.0023505381989778204,533458.2162390366
2025-11-27 08:00:00+00:00,2.408e-05,91362.61701449,0.000999999999990564,91.3626170136279,0.00220001181768816,533458.2140390248
2025-11-27 16:00:00+00:00,4.624e-05,90913.0,0.000999999999990564,90.91299999914214,0.004203817119960333,533458.2098352077
2025-11-28 00:00:00+00:00,1.771e-05,91292.57118441,0.000999999999990564,91.29257118354856,0.0016167914356606452,533458.2082184162
2025-11-28 08:00:00+00:00,6.007e-05,90877.6,0.000999999999990564,90.87759999914249,0.005459017431948489,533458.2027593987
2025-11-28 16:00:00+00:00,-1.703e-05,92310.6888081,0.000999999999990564,92.31068880722896,-0.0015720510303871092,533458.2043314498
2025-11-29 00:00:00+00:00,-1.982e-05,90847.8,0.000999999999990564,90.84779999914277,-0.0018006033959830096,533458.2061320532
2025-11-29 08:00:00+00:00,1.778e-05,90523.5,0.000999999999990564,90.52349999914583,0.0016095078299848127,533458.2045225453
2025-11-29 16:00:00+00:00,2.635e-05,91029.9,0.000999999999990564,91.02989999914104,0.0023986378649773665,533458.2021239075
2025-11-30 00:00:00+00:00,6.082e-05,90765.0,0.000999999999990564,90.76499999914354,0.00552032729994791,533458.1966035803
2025-11-30 08:00:00+00:00,3.556e-05,90924.6,0.000999999999990564,90.92459999914205,0.003233278775969491,533458.1933703015
2025-11-30 16:00:00+00:00,3.88e-05,91411.4,0.000999999999990564,91.41139999913743,0.003546762319966532,533458.1898235392
2025-12-01 00:00:00+00:00,3.593e-05,90327.18313043,0.000999999999990564,90.32718312957768,0.003245455689845726,533458.1865780836
2025-12-01 08:00:00+00:00,3.153e-05,86498.90961019,0.000999999999990564,86.4989096093738,0.0027273106199835555,533458.1838507729
2025-12-01 16:00:00+00:00,1.491e-05,84651.13849275,0.000999999999990564,84.65113849195123,0.0012621484749149928,533458.1825886244
2025-12-02 00:00:00+00:00,-1.009e-05,86251.64706522,0.000999999999990564,86.25164706440613,-0.0008702791188798578,533541.7319728561
2025-12-02 08:00:00+00:00,2.643e-05,86967.63789167,0.000999999999990564,86.96763789084937,0.002298554669455149,533541.7296743015
2025-12-02 16:00:00+00:00,3.999e-05,90816.8987029,0.000999999999990564,90.81689870204305,0.0036317677790947017,533541.7260425336
2025-12-03 00:00:00+00:00,-1.732e-05,91249.1,0.000999999999990564,91.24909999913898,-0.001580434411985087,533541.727622968
2025-12-03 08:00:00+00:00,4.206e-05,92970.0,0.000999999999990564,92.96999999912273,0.003910318199963102,533541.7237126498
2025-12-03 16:00:00+00:00,-8.85e-06,92333.85671014,0.000999999999990564,92.33385670926873,-0.0008171546318770283,533541.7245298044
2025-12-04 00:00:00+00:00,-3.95e-06,93379.17332609,0.000999999999990564,93.37917332520887,-0.00036884773463457507,533541.7248986522
2025-12-04 08:00:00+00:00,7.435e-05,93361.06881884,0.000999999999990564,93.36106881795904,0.006941395466615255,533541.7179572567
2025-12-04 16:00:00+00:00,3.928e-05,92945.25542029,0.000999999999990564,92.94525541941297,0.0036508896328745414,533541.7143063671
2025-12-05 00:00:00+00:00,4.837e-05,92036.81684783,0.000999999999990564,92.03681684696154,0.004451820830887529,533541.7098545462
2025-12-05 08:00:00+00:00,4.944e-05,92219.3,0.000999999999990564,92.21929999912982,0.004559322191956978,533541.7052952241
2025-12-05 16:00:00+00:00,3.91e-06,90414.1392971,0.000999999999990564,90.41413929624686,0.0003535192846483252,533541.7049417048
2025-12-06 00:00:00+00:00,3.693e-05,89288.87393478,0.000999999999990564,89.28887393393747,0.0032974381143803105,533541.7016442666
2025-12-06 08:00:00+00:00,1.919e-05,89549.6,0.000999999999990564,89.54959999915502,0.001718456823983785,533541.6999258097
2025-12-06 16:00:00+00:00,-1.822e-05,89713.4,0.000999999999990564,89.71339999915345,-0.0016345781479845758,533541.7015603879
2025-12-07 00:00:00+00:00,4.192e-05,89190.2,0.000999999999990564,89.1901999991584,0.0037388531839647196,533541.6978215347
2025-12-07 08:00:00+00:00,1.666e-05,89337.94880435,0.000999999999990564,89.337948803507,0.0014883702270664266,533541.6963331645
2025-12-07 16:00:00+00:00,5.212e-05,89509.46367391,0.000999999999990564,89.50946367306538,0.004665233246640168,533541.6916679313
2025-12-08 00:00:00+00:00,-5.39e-06,90347.07469565,0.000999999999990564,90.34707469479748,-0.00048697073260495845,533541.692154902
2025-12-08 08:00:00+00:00,6.545e-05,91519.8,0.000999999999990564,91.51979999913642,0.00598997090994348,533541.6861649312
2025-12-08 16:00:00+00:00,3.395e-05,89921.35480435,0.000999999999990564,89.9213548035015,0.003052829995578876,533541.6831121012
2025-12-09 00:00:00+00:00,8.52e-06,90610.7,0.000999999999990564,90.610699999145,0.0007720031639927154,533541.682340098
2025-12-09 08:00:00+00:00,6.379e-05,90437.5,0.000999999999990564,90.43749999914664,0.005769008124945563,533541.6765710899
2025-12-09 16:00:00+00:00,5.443e-05,92667.54021739,0.000999999999990564,92.66754021651558,0.005043894213984943,533541.6715271957
2025-12-10 00:00:00+00:00,2.777e-05,92638.3,0.000999999999990564,92.63829999912586,0.002572565590975725,533541.6689546301
2025-12-10 08:00:00+00:00,1.996e-05,92744.7,0.000999999999990564,92.74469999912486,0.001851184211982532,533541.667103446
2025-12-10 16:00:00+00:00,3.205e-05,92029.50025362,0.000999999999990564,92.02950025275162,0.0029495454831006893,533541.6641539005
2025-12-11 00:00:00+00:00,2.59e-05,91981.25991304,0.000999999999990564,91.98125991217206,0.0023823146317252563,533541.6617715858
2025-12-11 08:00:00+00:00,-1.577e-05,90231.4,0.000999999999990564,90.23139999914856,-0.001422949177986573,533541.663194535
2025-12-11 16:00:00+00:00,6.1e-05,89838.70794203,0.000999999999990564,89.83870794118228,0.005480161184412119,533541.6577143738
2025-12-12 00:00:00+00:00,6.914e-05,92479.8,0.000999999999990564,92.47979999912737,0.006394053371939667,533541.6513203204
2025-12-12 08:00:00+00:00,4.698e-05,92392.37302174,0.000999999999990564,92.39237302086819,0.004340593684520388,533541.6469797267
2025-12-12 16:00:00+00:00,3.383e-05,89905.2817029,0.000999999999990564,89.90528170205165,0.0030414956799804074,533541.643938231
2025-12-13 00:00:00+00:00,1.21e-06,90229.7,0.000999999999990564,90.2296999991486,0.0001091779369989698,533541.6438290532
2025-12-13 08:00:00+00:00,6.02e-05,90282.74673913,0.000999999999990564,90.28274673827809,0.005435021353644341,533541.6383940318
2025-12-13 16:00:00+00:00,6.041e-05,90055.4,0.000999999999990564,90.05539999915023,0.005440246713948665,533541.6329537851
2025-12-14 00:00:00+00:00,0.0001,90194.2077029,0.000999999999990564,90.19420770204893,0.009019420770204893,533541.6239343644
2025-12-14 08:00:00+00:00,2.898e-05,90205.0,0.000999999999990564,90.20499999914882,0.002614140899975333,533541.6213202236
2025-12-14 16:00:00+00:00,3.773e-05,88985.2,0.000999999999990564,88.98519999916033,0.003357411595968319,533541.617962812
2025-12-15 00:00:00+00:00,1.9e-06,88108.1,0.000999999999990564,88.10809999916862,0.00016740538999842036,533541.6177954066
2025-12-15 08:00:00+00:00,-8.93e-06,89703.0,0.000999999999990564,89.70299999915356,-0.0008010477899924412,533541.6185964544
2025-12-15 16:00:00+00:00,3.081e-05,86995.88862819,0.000999999999990564,86.99588862736911,0.002680343328609242,533541.615916111
2025-12-16 00:00:00+00:00,7.467e-05,86389.99156522,0.000999999999990564,86.38999156440482,0.006450740670114108,533541.6094653704
2025-12-16 08:00:00+00:00,1.35e-05,85964.2,0.000999999999990564,85.96419999918884,0.0011605166999890493,533541.6083048537
2025-12-16 16:00:00+00:00,4.089e-05,87940.4,0.000999999999990564,87.94039999917018,0.0035958829559660692,533541.6047089708
2025-12-17 00:00:00+00:00,6.221e-05,87826.3,0.000999999999990564,87.82629999917127,0.005463674122948445,533541.5992452967
2025-12-17 08:00:00+00:00,8.987e-05,87010.4,0.000999999999990564,87.01039999917896,0.007819624647926213,533541.591425672
2025-12-17 16:00:00+00:00,5.917e-05,87198.3,0.000999999999990564,87.1982999991772,0.005159523410951315,533541.5862661486
2025-12-18 00:00:00+00:00,6.23e-05,86206.73265942,0.000999999999990564,86.20673265860655,0.005370679444631188,533541.5808954692
2025-12-18 08:00:00+00:00,-8.67e-06,86787.5,0.000999999999990564,86.78749999918108,-0.0007524476249928999,533541.5816479168
2025-12-18 16:00:00+00:00,8.355e-05,88487.50223913,0.000999999999990564,88.48750223829504,0.00739313081200955,533541.574254786
2025-12-19 00:00:00+00:00,5.491e-05,85473.71155797,0.000999999999990564,85.47371155716347,0.004693361501603846,533541.5695614245
2025-12-19 08:00:00+00:00,0.0001,87913.9,0.000999999999990564,87.91389999917044,0.008791389999917045,533541.5607700346
2025-12-19 16:00:00+00:00,0.0001,87936.1810045,0.000999999999990564,87.93618100367024,0.008793618100367025,533541.5519764165
2025-12-20 00:00:00+00:00,0.0001,88100.06615217,0.000999999999990564,88.10006615133868,0.008810006615133868,533541.5431664098
2025-12-20 08:00:00+00:00,1.234e-05,88239.9,0.000999999999990564,88.23989999916736,0.0010888803659897253,533541.5420775295
2025-12-20 16:00:00+00:00,7.171e-05,88134.6,0.000999999999990564,88.13459999916837,0.006320132165940364,533541.5357573973
2025-12-21 00:00:00+00:00,9.682e-05,88320.8,0.000999999999990564,88.32079999916661,0.008551219855919312,533541.5272061775
2025-12-21 08:00:00+00:00,8.873e-05,88141.4479058,0.000999999999990564,88.1414479049683,0.007820790672607837,533541.5193853868
2025-12-21 16:00:00+00:00,3.977e-05,88024.7,0.000999999999990564,88.0246999991694,0.0035007423189669673,533541.5158846445
2025-12-22 00:00:00+00:00,4.389e-05,88621.3,0.000999999999990564,88.62129999916377,0.003889588856963298,533541.5119950556
2025-12-22 08:00:00+00:00,4.524e-05,89132.4210942,0.000999999999990564,89.13242109335896,0.004032350730263559,533541.5079627049
2025-12-22 16:00:00+00:00,6.654e-05,89688.5,0.000999999999990564,89.68849999915369,0.005967872789943686,533541.5019948321
2025-12-23 00:00:00+00:00,2.633e-05,88579.9,0.000999999999990564,88.57989999916416,0.0023323087669779924,533541.4996625233
2025-12-23 08:00:00+00:00,5.231e-05,87531.60234783,0.000999999999990564,87.53160234700405,0.004578778118771782,533541.4950837451
2025-12-23 16:00:00+00:00,1.795e-05,87407.18552899,0.000999999999990564,87.40718552816523,0.0015689589802305658,533541.4935147861
2025-12-24 00:00:00+00:00,0.0001,87463.0,0.000999999999990564,87.4629999991747,0.00874629999991747,533541.4847684861
2025-12-24 08:00:00+00:00,8.455e-05,86866.4,0.000999999999990564,86.86639999918032,0.007344554119930695,533541.477423932
2025-12-24 16:00:00+00:00,5.927e-05,87017.48463043,0.000999999999990564,87.0174846296089,0.0051575263139969196,533541.4722664057
2025-12-25 00:00:00+00:00,5.953e-05,87627.3,0.000999999999990564,87.62729999917315,0.005216453168950777,533541.4670499525
2025-12-25 08:00:00+00:00,7.953e-05,87795.9,0.000999999999990564,87.79589999917155,0.006982407926934114,533541.4600675446
2025-12-25 16:00:00+00:00,8.322e-05,88327.2,0.000999999999990564,88.32719999916654,0.00735058958393064,533541.452716955
2025-12-26 00:00:00+00:00,4.378e-05,87185.69548551,0.000999999999990564,87.18569548468732,0.0038169897483196105,533541.4488999653
2025-12-26 08:00:00+00:00,5.427e-05,88433.0,0.000999999999990564,88.43299999916555,0.004799258909954714,533541.4441007064
2025-12-26 16:00:00+00:00,0.0001,87100.0,0.000999999999990564,87.09999999917812,0.008709999999917813,533541.4353907064
2025-12-27 00:00:00+00:00,1.809e-05,87330.0667084,0.000999999999990564,87.33006670757595,0.001579800906740049,533541.4338109056
2025-12-27 08:00:00+00:00,2.788e-05,87490.9,0.000999999999990564,87.49089999917443,0.0024392462919769833,533541.4313716593
2025-12-27 16:00:00+00:00,5.85e-05,87510.2,0.000999999999990564,87.51019999917425,0.005119346699951693,533541.4262523126
2025-12-28 00:00:00+00:00,-3.6e-07,87831.96938406,0.000999999999990564,87.83196938323121,-3.1619508977963234e-05,533541.4262839322
2025-12-28 08:00:00+00:00,7.955e-05,87697.84224167,0.000999999999990564,87.69784224084249,0.00697636335025902,533541.4193075688
2025-12-28 16:00:00+00:00,9.464e-05,87797.6,0.000999999999990564,87.79759999917155,0.008309164863921597,533541.4109984039
2025-12-29 00:00:00+00:00,0.0001,87920.5,0.000999999999990564,87.92049999917037,0.008792049999917038,533541.402206354
2025-12-29 08:00:00+00:00,0.0001,89583.0,0.000999999999990564,89.5829999991547,0.00895829999991547,533541.393248054
2025-12-29 16:00:00+00:00,4.826e-05,87643.76313043,0.000999999999990564,87.64376312960299,0.00422968800863464,533541.389018366
2025-12-30 00:00:00+00:00,0.0001,87208.62016667,0.000999999999990564,87.20862016584711,0.00872086201658471,533541.380297504
2025-12-30 08:00:00+00:00,4.613e-05,87457.5,0.000999999999990564,87.45749999917476,0.004034414474961932,533541.3762630896
2025-12-30 16:00:00+00:00,8.345e-05,88966.8,0.000999999999990564,88.96679999916051,0.007424279459929945,533541.3688388101
2025-12-31 00:00:00+00:00,2.922e-05,88455.3,0.000999999999990564,88.45529999916533,0.002584663865975611,533541.3662541462
2025-12-31 08:00:00+00:00,1.453e-05,88569.0,0.000999999999990564,88.56899999916426,0.0012869075699878567,533541.3649672386
2025-12-31 16:00:00+00:00,3.75e-05,87909.0,0.000999999999990564,87.90899999917049,0.0032965874999688932,533541.3616706511
2026-01-01 00:00:00+00:00,0.0001,87608.3,0.000999999999990564,87.60829999917333,0.008760829999917332,533541.3529098211
2026-01-01 08:00:00+00:00,0.0001,87603.80894203,0.000999999999990564,87.60380894120337,0.008760380894120337,533541.3441494402
2026-01-01 16:00:00+00:00,1.711e-05,87986.8,0.000999999999990564,87.98679999916976,0.0015054541479857947,533541.342643986
2026-01-02 00:00:00+00:00,5.608e-05,88799.9,0.000999999999990564,88.79989999916208,0.004979898391953009,533541.3376640877
2026-01-02 08:00:00+00:00,4.219e-05,88829.2,0.000999999999990564,88.8291999991618,0.0037477039479646363,533541.3339163837
2026-01-02 16:00:00+00:00,4.813e-05,89373.0,0.000999999999990564,89.37299999915668,0.004301522489959411,533541.3296148612
2026-01-03 00:00:00+00:00,3.11e-05,89951.89852174,0.000999999999990564,89.95189852089122,0.0027975040439997168,533541.3268173571
2026-01-03 08:00:00+00:00,1.055e-05,89535.9,0.000999999999990564,89.53589999915513,0.0009446037449910867,533541.3258727534
2026-01-03 16:00:00+00:00,6.938e-05,89931.8,0.000999999999990564,89.93179999915141,0.006239468283941125,533541.3196332852
2026-01-04 00:00:00+00:00,9.488e-05,90595.85826667,0.000999999999990564,90.59585826581514,0.00859573503226054,533541.3110375501
2026-01-04 08:00:00+00:00,5.813e-05,91481.74876087,0.000999999999990564,91.48174876000678,0.005317834055419194,533541.305719716
2026-01-04 16:00:00+00:00,4.436e-05,91295.09684783,19.50999999999999,1781167.3395011625,79.01258318027158,532750.1546432232
2026-01-05 00:00:00+00:00,8.893e-05,91512.43532609,19.50999999999999,1785407.613212015,158.77629904294452,532591.3783441802
2026-01-05 08:00:00+00:00,5.23e-05,92492.27911544,19.50999999999999,1804524.3655422337,94.37662431785881,532497.0017198623
2026-01-05 16:00:00+00:00,7.723e-05,93914.99367316,19.50999999999999,1832281.5265633508,141.5071022964876,532355.4946175659
2026-01-06 00:00:00+00:00,-1.376e-05,93822.4,25.90499999999999,2430469.271999999,-33.44325718271999,532147.8753999883
2026-01-06 08:00:00+00:00,2.816e-05,93208.62138406,19.07699999999999,1778140.8701437118,50.07244690324693,544433.4320675888
2026-01-06 16:00:00+00:00,2.691e-05,93608.2,19.07699999999999,1785763.6313999991,48.05489932097398,544385.3771682678
2026-01-07 00:00:00+00:00,6.582e-05,93708.0,4.941999999999992,463104.9359999993,30.481566887519953,546781.3754730959
2026-01-07 08:00:00+00:00,0.0001,92848.1,4.564999999999989,423851.576499999,42.3851576499999,541830.1974363748
2026-01-07 16:00:00+00:00,2.885e-05,91303.2,0.0009999999999886766,91.30319999896614,0.002634097319970173,536565.4860742406
2026-01-08 00:00:00+00:00,8.693e-05,91328.1,0.0009999999999886766,91.32809999896587,0.007939151732910103,536565.4781350889
2026-01-08 08:00:00+00:00,0.0001,90509.9,0.0009999999999886766,90.50989999897511,0.009050989999897513,536565.4690840989
2026-01-08 16:00:00+00:00,6.436e-05,90763.7241087,0.0009999999999886766,90.76372410767225,0.005841553283569786,536565.4632425456
2026-01-09 00:00:00+00:00,-2.813e-05,91059.8,0.0009999999999886766,91.0597999989689,-0.0025615121739709953,536565.4658040578
2026-01-09 08:00:00+00:00,7.258e-05,90712.2,0.0009999999999886766,90.71219999897282,0.006583891475925447,536565.4592201663
2026-01-09 16:00:00+00:00,2.18e-06,91137.7,0.0009999999999886766,91.137699998968,0.00019868018599775023,536565.4590214861
2026-01-10 00:00:00+00:00,5.643e-05,90604.03880833,0.0009999999999886766,90.60403880730406,0.005112785909896169,536565.4539087001
2026-01-10 08:00:00+00:00,7.657e-05,90627.1,0.0009999999999886766,90.6270999989738,0.006939317046921424,536565.446969383
2026-01-10 16:00:00+00:00,6.235e-05,90622.7,0.0009999999999886766,90.62269999897384,0.005650325344936019,536565.4413190577
2026-01-11 00:00:00+00:00,8.744e-05,90469.7,0.0009999999999886766,90.46969999897557,0.007910670567910423,536565.4334083871
2026-01-11 08:00:00+00:00,4.67e-05,90664.85874094,0.0009999999999886766,90.66485873991337,0.004234048903153954,536565.4291743382
2026-01-11 16:00:00+00:00,1.667e-05,90834.1,0.0009999999999886766,90.83409999897145,0.0015142044469828543,536565.4276601338
2026-01-12 00:00:00+00:00,1.813e-05,90976.6,0.0009999999999886766,90.97659999896985,0.0016494057579813234,536565.426010728
2026-01-12 08:00:00+00:00,2.902e-05,91369.3,0.0009999999999886766,91.36929999896539,0.0026515370859699757,536565.4233591909
2026-01-12 16:00:00+00:00,4.65e-05,91625.1,0.0009999999999886766,91.6250999989625,0.004260567149951756,536565.4190986238
2026-01-13 00:00:00+00:00,2.245e-05,91254.18296377,0.0009999999999886766,91.25418296273669,0.0020486564075134386,536565.4170499673
2026-01-13 08:00:00+00:00,9.838e-05,91920.87575362,0.0009999999999886766,91.92087575257915,0.009043175756538737,536565.4080067916
2026-01-13 16:00:00+00:00,3.445e-05,93407.9,0.0009999999999886766,93.4078999989423,0.003217902154963562,536565.4047888895
2026-01-14 00:00:00+00:00,1.29e-06,95375.2,0.0009999999999886766,95.37519999892002,0.00012303400799860682,536565.4046658555
2026-01-14 08:00:00+00:00,2.497e-05,95170.47196377,0.0009999999999886766,95.17047196269235,0.002376406684908428,536565.4022894488
2026-01-14 16:00:00+00:00,4.076e-05,96691.9,14.81999999999999,1432973.957999999,58.408018528079964,535942.5822246064
2026-01-15 00:00:00+00:00,-3.67e-06,96908.0,19.51799999999999,1891450.343999999,-6.941622762479997,535767.7665251737
2026-01-15 08:00:00+00:00,1.749e-05,96606.59771014,13.890999999999993,1341962.2487915542,23.470919731364283,537639.4200304585
2026-01-15 16:00:00+00:00,1.526e-05,96758.6,13.890999999999993,1344073.7125999995,20.51056485427599,537618.9094656042
2026-01-16 00:00:00+00:00,7.34e-05,95567.4,13.890999999999993,1327526.7533999993,97.44046369955994,537521.4690019047
2026-01-16 08:00:00+00:00,7.337e-05,95608.3,13.890999999999993,1328094.8952999993,97.44232246816094,537424.0266794366
2026-01-16 16:00:00+00:00,2.495e-05,94537.5,13.890999999999993,1313220.4124999994,32.76484929187499,537391.2618301447
2026-01-17 00:00:00+00:00,-1.78e-06,95503.7,4.108999999999993,392424.7032999993,-0.6985159718739987,526764.4883762404
2026-01-17 08:00:00+00:00,3.007e-05,95061.57855072,4.108999999999993,390608.02626490785,11.745583349785779,526752.7427928905
2026-01-17 16:00:00+00:00,2.976e-05,95529.0,4.108999999999993,392528.6609999993,11.681652951359979,526741.0611399391
2026-01-18 00:00:00+00:00,3.503e-05,95108.62485833,4.108999999999993,390801.33954287734,13.689770924186993,526727.371369015
2026-01-18 08:00:00+00:00,9.616e-05,94989.9,4.108999999999993,390313.4990999993,37.53254607345593,526689.8388229415
2026-01-18 16:00:00+00:00,6.571e-05,95072.97801667,4.108999999999993,390654.8666704963,25.669931288918313,526664.1688916526
2026-01-19 00:00:00+00:00,3.473e-05,93614.0,0.0009999999999925624,93.61399999930373,0.0032512142199758185,524326.5538597567
2026-01-19 08:00:00+00:00,1.943e-05,92788.73004348,0.0009999999999925624,92.78873004278987,0.001802885024731407,524326.5520568717
2026-01-19 16:00:00+00:00,2.494e-05,93017.11882609,0.0009999999999925624,93.01711882539817,0.0023198469435054304,524326.5497370247
2026-01-20 00:00:00+00:00,9.819e-05,92590.59439855,0.0009999999999925624,92.59059439786135,0.009091470463926006,524326.5406455542
2026-01-20 08:00:00+00:00,6.626e-05,91136.1,0.0009999999999925624,91.13609999932217,0.006038677985955088,524326.5346068762
2026-01-20 16:00:00+00:00,5.652e-05,90652.79605072,0.0009999999999925624,90.65279605004577,0.0051236960327485865,524326.5294831801
2026-01-21 00:00:00+00:00,0.0001,88390.6,0.0009999999999925624,88.3905999993426,0.00883905999993426,524326.5206441202
2026-01-21 08:00:00+00:00,6.055e-05,89180.30531159,0.0009999999999925624,89.18030531092671,0.005399867486576612,524326.5152442526
2026-01-21 16:00:00+00:00,2.41e-05,90237.2,0.0009999999999925624,90.23719999932885,0.0021747165199838252,524326.5130695361
2026-01-22 00:00:00+00:00,6.355e-05,89419.48837681,0.0009999999999925624,89.41948837614493,0.00568260848630401,524326.5073869276
2026-01-22 08:00:00+00:00,5.11e-05,89772.5,0.0009999999999925624,89.77249999933231,0.004587374749965881,524326.5027995529
2026-01-22 16:00:00+00:00,9.419e-05,88978.66202899,0.0009999999999925624,88.97866202832822,0.008380900176448235,524326.4944186527
2026-01-23 00:00:00+00:00,5.09e-05,89518.5,0.0009999999999925624,89.5184999993342,0.004556491649966111,524326.4898621611
2026-01-23 08:00:00+00:00,3.39e-05,89509.13183333,0.0009999999999925624,89.50913183266427,0.0030343595691273186,524326.4868278016
2026-01-23 16:00:00+00:00,6.968e-05,89713.0,0.0009999999999925624,89.71299999933275,0.006251201839953506,524326.4805765997
2026-01-24 00:00:00+00:00,1.531e-05,89558.7,0.0009999999999925624,89.5586999993339,0.001371143696989802,524326.479205456
2026-01-24 08:00:00+00:00,8.909e-05,89583.16876087,0.0009999999999925624,89.58316876020372,0.00798096450484655,524326.4712244915
2026-01-24 16:00:00+00:00,3.901e-05,89237.32897301,0.0009999999999925624,89.23732897234628,0.003481148203211228,524326.4677433433
2026-01-25 00:00:00+00:00,1.336e-05,89181.09492029,0.0009999999999925624,89.1810949196267,0.0011914594281262128,524326.4665518838
2026-01-25 08:00:00+00:00,8.051e-05,88630.90404348,0.0009999999999925624,88.6309040428208,0.007135674084487503,524326.4594162097
2026-01-25 16:00:00+00:00,4.917e-05,88406.0,0.0009999999999925624,88.40599999934247,0.004346923019967669,524326.4550692867
2026-01-26 00:00:00+00:00,4.067e-05,86629.0,0.0009999999999925624,86.62899999935568,0.003523201429973796,524326.4515460853
2026-01-26 08:00:00+00:00,2.847e-05,87969.0,0.0009999999999925624,87.96899999934573,0.0025044774299813727,524326.4490416079
2026-01-26 16:00:00+00:00,5.606e-05,87609.5,0.0009999999999925624,87.6094999993484,0.004911388569963471,524326.4441302193
2026-01-27 00:00:00+00:00,4.267e-05,88301.36701449,0.0009999999999925624,88.30136701383324,0.0037678193304802646,524326.4403623999
2026-01-27 08:00:00+00:00,6.028e-05,88290.49133841,0.0009999999999925624,88.29049133775332,0.00532215081783977,524326.4350402491
2026-01-27 16:00:00+00:00,7.503e-05,88009.16490255,0.0009999999999925624,88.00916490189542,0.006603327642589214,524326.4284369214
2026-01-28 00:00:00+00:00,6.237e-05,89203.89821739,0.0009999999999925624,89.20389821672654,0.005563647131777235,524326.4228732743
2026-01-28 08:00:00+00:00,6.174e-05,89106.8,0.0009999999999925624,89.10679999933726,0.005501453831959082,524326.4173718204
2026-01-28 16:00:00+00:00,3.83e-05,89446.72848576,0.0009999999999925624,89.44672848509474,0.0034258097009791286,524326.4139460108
2026-01-29 00:00:00+00:00,7.21e-05,89262.92891304,0.0009999999999925624,89.2629289123761,0.006435857174582317,524326.4075101536
2026-01-29 08:00:00+00:00,5.856e-05,88310.9,0.0009999999999925624,88.31089999934318,0.005171486303961537,524326.4023386673
2026-01-29 16:00:00+00:00,4.023e-05,84898.27826087,0.0009999999999925624,84.89827826023857,0.0034154577344093977,524326.3989232095
2026-01-30 00:00:00+00:00,4.478e-05,84617.11086232,0.0009999999999925624,84.61711086169065,0.0037891542243865075,524326.3951340553
2026-01-30 08:00:00+00:00,1.714e-05,82778.82526087,0.0009999999999925624,82.77882526025432,0.001418829064960759,524326.3937152262
2026-01-30 16:00:00+00:00,3.1e-06,82853.51839855,0.0009999999999925624,82.85351839793377,0.0002568459070335947,524326.3934583802
2026-01-31 00:00:00+00:00,9.693e-05,84213.96525362,0.0009999999999925624,84.21396525299365,0.008162859651972674,524326.3852955207
2026-01-31 08:00:00+00:00,3.548e-05,83514.4,0.0009999999999925624,83.51439999937885,0.0029630909119779617,524326.3823324298
2026-01-31 16:00:00+00:00,6.585e-05,81275.68205797,0.0009999999999925624,81.2756820573655,0.005352003663477519,524326.3769804261
2026-02-01 00:00:00+00:00,-3.267e-05,78701.59597101,0.0009999999999925624,78.70159597042465,-0.002571181140353773,524326.3795516073
2026-02-01 08:00:00+00:00,3.421e-05,78320.9,0.0009999999999925624,78.32089999941748,0.0026793579889800717,524326.3768722493
2026-02-01 16:00:00+00:00,1.722e-05,77563.8,0.0009999999999925624,77.56379999942311,0.001335648635990066,524326.3755366007
2026-02-02 00:00:00+00:00,6.8e-07,76931.6,0.0009999999999925624,76.93159999942782,5.2313487999610914e-05,524326.3754842873
2026-02-02 08:00:00+00:00,-3.043e-05,76609.9,0.0009999999999925624,76.6098999994302,-0.002331239256982661,524326.3778155266
2026-02-02 16:00:00+00:00,-5.713e-05,78800.6,0.0009999999999925624,78.80059999941392,-0.004501878277966517,524326.3823174048
2026-02-03 00:00:00+00:00,-2.203e-05,78698.62801349,0.0009999999999925624,78.69862801290468,-0.00173373077512429,524326.3840511356
2026-02-03 08:00:00+00:00,2.245e-05,78745.6,0.0009999999999925624,78.74559999941432,0.0017678387199868517,524326.3822832969
2026-02-03 16:00:00+00:00,-4.65e-06,78099.52176087,0.0009999999999925624,78.09952176028914,-0.0003631627761853445,524326.3826464596
2026-02-04 00:00:00+00:00,1.19e-06,75732.4,0.0009999999999925624,75.73239999943672,9.01215559993297e-05,524326.3825563381
2026-02-04 08:00:00+00:00,3.551e-05,76478.9,0.0009999999999925624,76.47889999943118,0.0027157657389798007,524326.3798405724
2026-02-04 16:00:00+00:00,4.618e-05,74101.9,0.0009999999999925624,74.10189999944885,0.0034220257419745478,524326.3764185467
2026-02-05 00:00:00+00:00,9.173e-05,73153.9,0.0009999999999925624,73.1538999994559,0.00671040724695009,524326.3697081394
2026-02-05 08:00:00+00:00,2.98e-06,70710.7436057,0.0009999999999925624,70.71074360517409,0.00021071801594341877,524326.3694974214
2026-02-05 16:00:00+00:00,-4.957e-05,67455.49563043,0.0009999999999925624,67.4554956299283,-0.0033437689183755458,524326.3728411903
2026-02-06 00:00:00+00:00,-1.597e-05,62887.1415,0.0009999999999925624,62.88714149953227,-0.0010043076497475304,524326.373845498
2026-02-06 08:00:00+00:00,-0.00013688,64791.4,0.0009999999999925624,64.7913999995181,-0.008868646831934038,524326.3827141448
2026-02-06 16:00:00+00:00,-0.00013478,68574.0,0.0009999999999925624,68.57399999948997,-0.009242403719931258,524326.3919565484
2026-02-07 00:00:00+00:00,-0.00015178,70544.4,0.0009999999999925624,70.54439999947532,-0.010707229031920363,524326.4026637775
2026-02-07 08:00:00+00:00,-8.326e-05,68061.70055797,0.0009999999999925624,68.0617005574638,-0.005666817188414435,524326.4083305947
2026-02-07 16:00:00+00:00,-2.907e-05,69122.1,0.0009999999999925624,69.1220999994859,-0.0020093794469850552,524326.4103399741
2026-02-08 00:00:00+00:00,-3.403e-05,69254.2,0.0009999999999925624,69.25419999948491,-0.002356720425982471,524326.4126966945
2026-02-08 08:00:00+00:00,-3.546e-05,69667.5,0.0009999999999925624,69.66749999948183,-0.002470409549981626,524326.415167104
2026-02-08 16:00:00+00:00,-4.864e-05,71152.6,0.0009999999999925624,71.1525999994708,-0.0034608624639742595,524326.4186279664
2026-02-09 00:00:00+00:00,-3.075e-05,70304.73338406,0.0009999999999925624,70.30473338353711,-0.002161870551543766,524326.420789837
2026-02-09 08:00:00+00:00,1.846e-05,70393.4,0.0009999999999925624,70.39339999947643,0.001299462163990335,524326.4194903749
2026-02-09 16:00:00+00:00,-4.284e-05,69538.5,0.0009999999999925624,69.5384999994828,-0.002979029339977843,524326.4224694042
2026-02-10 00:00:00+00:00,-8.798e-05,70110.6,0.0009999999999925624,70.11059999947855,-0.0061683305879541225,524326.4286377347
2026-02-10 08:00:00+00:00,-4.829e-05,68882.1,0.0009999999999925624,68.88209999948769,-0.0033263166089752606,524326.4319640513
2026-02-10 16:00:00+00:00,-8.816e-05,69252.9,0.0009999999999925624,69.25289999948492,-0.006105335663954591,524326.438069387
2026-02-11 00:00:00+00:00,1.4e-05,68805.3,0.0009999999999925624,68.80529999948826,0.0009632741999928355,524326.4371061128
2026-02-11 08:00:00+00:00,-8.417e-05,67000.0,0.0009999999999925624,66.99999999950168,-0.005639389999958056,524326.4427455028
2026-02-11 16:00:00+00:00,-1.169e-05,66489.4,0.0009999999999925624,66.48939999950547,-0.0007772610859942189,524326.4435227639
2026-02-12 00:00:00+00:00,-1.381e-05,67072.2,0.0009999999999925624,67.07219999950114,-0.0009262670819931107,524326.444449031
2026-02-12 08:00:00+00:00,3.499e-05,67200.19716739,0.0009999999999925624,67.20019716689019,0.002351334898869488,524326.4420976961
2026-02-12 16:00:00+00:00,-1.728e-05,67103.7,0.0009999999999925624,67.1036999995009,-0.0011595519359913758,524326.443257248
2026-02-13 00:00:00+00:00,5.834e-05,66243.2,0.0009999999999925624,66.24319999950731,0.0038646282879712564,524326.4393926198
2026-02-13 08:00:00+00:00,7.16e-06,66185.04162319,0.0009999999999925624,66.18504162269774,0.0004738848980185158,524326.4389187349
2026-02-13 16:00:00+00:00,-1.274e-05,68652.4,0.0009999999999925624,68.65239999948939,-0.0008746315759934948,524326.4397933665
2026-02-14 00:00:00+00:00,1.291e-05,68853.38406522,0.0009999999999925624,68.8533840647079,0.0008888971882753789,524326.4389044693
2026-02-14 08:00:00+00:00,3.174e-05,69182.52364493,0.0009999999999925624,69.18252364441544,0.002195853300473746,524326.436708616
2026-02-14 16:00:00+00:00,-3.094e-05,69754.1,0.0009999999999925624,69.7540999994812,-0.002158191853983948,524326.4388668078
2026-02-15 00:00:00+00:00,-1.068e-05,69795.4,0.0009999999999925624,69.79539999948088,-0.0007454148719944557,524326.4396122227
2026-02-15 08:00:00+00:00,4.664e-05,70784.0,0.0009999999999925624,70.78399999947354,0.003301365759975446,524326.436310857
2026-02-15 16:00:00+00:00,-2.371e-05,69068.1,0.0009999999999925624,69.06809999948631,-0.0016376046509878205,524326.4379484616
2026-02-16 00:00:00+00:00,2.659e-05,68798.3,0.0009999999999925624,68.79829999948831,0.0018293467969863941,524326.4361191149
2026-02-16 08:00:00+00:00,-3.277e-05,68554.37742754,0.0009999999999925624,68.55437742703013,-0.0022465269482837774,524326.4383656419
2026-02-16 16:00:00+00:00,-4.112e-05,67505.5,0.0009999999999925624,67.50549999949791,-0.0027758261599793543,524326.441141468
2026-02-17 00:00:00+00:00,5.883e-05,68862.55130435,0.0009999999999925624,68.86255130383782,0.004051183893204779,524326.4370902841
2026-02-17 08:00:00+00:00,2.672e-05,68353.4,0.0009999999999925624,68.35339999949161,0.001826402847986416,524326.4352638812
2026-02-17 16:00:00+00:00,5.077e-05,67363.5,0.0009999999999925624,67.36349999949897,0.0034200448949745625,524326.4318438363
2026-02-18 00:00:00+00:00,3.215e-05,67475.9,0.0009999999999925624,67.47589999949814,0.0021693501849838655,524326.4296744862
2026-02-18 08:00:00+00:00,-1.41e-06,68078.4,0.0009999999999925624,68.07839999949366,-9.599054399928606e-05,524326.4297704767
2026-02-18 16:00:00+00:00,3.604e-05,67673.16080435,0.0009999999999925624,67.67316080384667,0.002438940715370634,524326.427331536
2026-02-19 00:00:00+00:00,-4.014e-05,66430.40573913,0.0009999999999925624,66.43040573863591,-0.0026665164863488456,524326.4299980524
2026-02-19 08:00:00+00:00,2.686e-05,67183.05075362,0.0009999999999925624,67.18305075312033,0.001804536743228812,524326.4281935156
2026-02-19 16:00:00+00:00,-3.052e-05,66367.72373188,0.0009999999999925624,66.36772373138639,-0.0020255429282819127,524326.4302190585
2026-02-20 00:00:00+00:00,5.365e-05,66974.0,0.0009999999999925624,66.97399999950187,0.0035931550999732755,524326.4266259035
2026-02-20 08:00:00+00:00,1.302e-05,67794.7,0.0009999999999925624,67.79469999949576,0.0008826869939934349,524326.4257432164
2026-02-20 16:00:00+00:00,-6.71e-06,67551.9554058,0.0009999999999925624,67.55195540529758,-0.00045327362076954674,524326.4261964901
2026-02-21 00:00:00+00:00,4.456e-05,67988.90528986,0.0009999999999925624,67.98890528935434,0.0030295856196936293,524326.4231669045
2026-02-21 08:00:00+00:00,2.485e-05,67821.0,0.0009999999999925624,67.82099999949557,0.001685351849987465,524326.4214815527
2026-02-21 16:00:00+00:00,3.235e-05,68578.95772864,0.0009999999999925624,68.57895772812994,0.0022185292825050032,524326.4192630234
2026-02-22 00:00:00+00:00,7.3e-06,67946.35192029,0.0009999999999925624,67.94635191978465,0.000496008369014428,524326.4187670151
2026-02-22 08:00:00+00:00,4.2e-07,67974.33214493,0.0009999999999925624,67.97433214442444,2.8549219500658264e-05,524326.4187384659
2026-02-22 16:00:00+00:00,4.972e-05,67660.0,0.0009999999999925624,67.65999999949678,0.0033640551999749796,524326.4153744107
2026-02-23 00:00:00+00:00,6.946e-05,67613.6,0.0009999999999925624,67.61359999949713,0.00469644065596507,524326.41067797
2026-02-23 08:00:00+00:00,-9.317e-05,65915.8,0.0009999999999925624,65.91579999950974,-0.006141375085954323,524326.4168193451
2026-02-23 16:00:00+00:00,2.251e-05,65643.14826812,0.0009999999999925624,65.64314826763177,0.0014776272675043913,524326.4153417178
2026-02-24 00:00:00+00:00,5.706e-05,64630.15072464,0.0009999999999925624,64.63015072415931,0.00368779640032053,524326.4116539214
2026-02-24 08:00:00+00:00,-1.193e-05,63164.8,0.0009999999999925624,63.16479999953021,-0.0007535560639943953,524326.4124074774
2026-02-24 16:00:00+00:00,-1.82e-06,63936.83454348,0.0009999999999925624,63.936834543004466,-0.00011636503886826813,524326.4125238424
2026-02-25 00:00:00+00:00,2.375e-05,64031.3,0.0009999999999925624,64.03129999952377,0.0015207433749886896,524326.411003099
2026-02-25 08:00:00+00:00,3.3e-07,65002.9333913,0.0009999999999925624,65.00293339081654,2.145096801896946e-05,524326.4109816481
2026-02-25 16:00:00+00:00,-9.68e-06,67376.31104348,0.0009999999999925624,67.37631104297888,-0.0006522026908960356,524326.4116338508
2026-02-26 00:00:00+00:00,-1.998e-05,67953.96802174,0.0009999999999925624,67.95396802123459,-0.0013577202810642669,524326.412991571
2026-02-26 08:00:00+00:00,-1.128e-05,67799.9,0.0009999999999925624,67.79989999949572,-0.0007647828719943118,524326.4137563539
2026-02-26 16:00:00+00:00,4.007e-05,67353.4,0.0009999999999925624,67.35339999949905,0.0026988507379799268,524326.4110575032
2026-02-27 00:00:00+00:00,-9.91e-06,67448.49768116,0.0009999999999925624,67.44849768065835,-0.0006684146120153243,524326.4117259178
2026-02-27 08:00:00+00:00,-8.123e-05,67650.26318841,0.0009999999999925624,67.65026318790684,-0.005495230878753673,524326.4172211487
2026-02-27 16:00:00+00:00,-6.56e-06,66073.3764093,0.0009999999999925624,66.07337640880858,-0.0004334413492417843,524326.4176545901
2026-02-28 00:00:00+00:00,4.041e-05,65839.41943778,0.0009999999999925624,65.83941943729032,0.002660570939460902,524326.4149940192
2026-02-28 08:00:00+00:00,-3.727e-05,63790.8,0.0009999999999925624,63.790799999525554,-0.0023774831159823176,524326.4173715023
2026-02-28 16:00:00+00:00,-4.305e-05,64801.17139855,0.0009999999999925624,64.80117139806804,-0.002789690428686829,524326.4201611927
2026-03-01 00:00:00+00:00,-6.88e-06,66952.93531159,0.0009999999999925624,66.95293531109203,-0.0004606361949403132,524326.4206218289
2026-03-01 08:00:00+00:00,4.563e-05,67113.9,0.0009999999999925624,67.11389999950083,0.003062407256977223,524326.4175594216
2026-03-01 16:00:00+00:00,2.948e-05,66802.6,0.0009999999999925624,66.80259999950316,0.001969340647985353,524326.415590081
2026-03-02 00:00:00+00:00,-2.99e-06,65749.9,0.0009999999999925624,65.74989999951097,-0.00019659220099853782,524326.4157866732
2026-03-02 08:00:00+00:00,-1.956e-05,65981.3,0.0009999999999925624,65.98129999950926,-0.001290594227990401,524326.4170772674
2026-03-02 16:00:00+00:00,-1.083e-05,69089.1,0.0009999999999925624,69.08909999948615,-0.000748234952994435,524326.4178255023
2026-03-03 00:00:00+00:00,-1.86e-06,68801.8,0.0009999999999925624,68.80179999948828,-0.0001279713479990482,524326.4179534737
2026-03-03 08:00:00+00:00,1.437e-05,68138.3,0.0009999999999925624,68.13829999949321,0.0009791473709927175,524326.4169743264
2026-03-03 16:00:00+00:00,1.481e-05,67723.95355322,0.0009999999999925624,67.7239535527163,0.0010029917521157284,524326.4159713346
2026-03-04 00:00:00+00:00,-5.39e-05,68300.23849275,0.0009999999999925624,68.300238492242,-0.003681382854731844,524326.4196527174
2026-03-04 08:00:00+00:00,2.52e-05,69469.27951449,0.0009999999999925624,69.46927951397332,0.0017506258437521276,524326.4179020916
2026-03-04 16:00:00+00:00,4.683e-05,73345.0,0.0009999999999925624,73.34499999945449,0.0034347463499744533,524326.4144673453
2026-03-05 00:00:00+00:00,3.567e-05,72641.3,0.0009999999999925624,72.64129999945972,0.0025911151709807284,524326.4118762302
2026-03-05 08:00:00+00:00,4.965e-05,72020.80384058,0.0009999999999925624,72.02080384004434,0.0035758329106582013,524326.4083003972
2026-03-05 16:00:00+00:00,1.74e-06,71613.27335507,0.0009999999999925624,71.61327335453737,0.00012460709563689502,524326.4081757901
2026-03-06 00:00:00+00:00,1.689e-05,70860.02442029,0.0009999999999925624,70.86002441976298,0.0011968258124497966,524326.4069789643
2026-03-06 08:00:00+00:00,-3.061e-05,71026.8,0.0009999999999925624,71.02679999947173,-0.00217413034798383,524326.4091530946
2026-03-06 16:00:00+00:00,-2.176e-05,68469.18147826,0.0009999999999925624,68.46918147775075,-0.0014898893889558563,524326.410642984
2026-03-07 00:00:00+00:00,6.19e-06,68094.46161594,0.0009999999999925624,68.09446161543354,0.00042150471739953367,524326.4102214793
2026-03-07 08:00:00+00:00,3.525e-05,67809.4,0.0009999999999925624,67.80939999949565,0.002390281349982222,524326.407831198
2026-03-07 16:00:00+00:00,-4.217e-05,67844.9,0.0009999999999925624,67.8448999994954,-0.002861019432978721,524326.4106922174
2026-03-08 00:00:00+00:00,-4.496e-05,67232.2,0.0009999999999925624,67.23219999949995,-0.003022759711977518,524326.4137149771
2026-03-08 08:00:00+00:00,-1.115e-05,67287.74237681,0.0009999999999925624,67.28774237630954,-0.0007502583274958514,524326.4144652354
2026-03-08 16:00:00+00:00,-2.868e-05,67176.51471014,0.0009999999999925624,67.17651470964037,-0.0019266224418724859,524326.4163918579
2026-03-09 00:00:00+00:00,-5.77e-05,65935.34171664,0.0009999999999925624,65.93534171614961,-0.0038044692170218324,524326.4201963271
2026-03-09 08:00:00+00:00,-4.579e-05,67505.08897101,0.0009999999999925624,67.50508897050793,-0.003091058023959558,524326.4232873851
2026-03-09 16:00:00+00:00,-3.431e-05,68842.62088406,0.0009999999999925624,68.84262088354798,-0.002361990322514531,524326.4256493754
2026-03-10 00:00:00+00:00,-2.394e-05,68398.94584783,0.0009999999999925624,68.39894584732127,-0.0016374707635848714,524326.4272868462
2026-03-10 08:00:00+00:00,1.23e-05,70374.6,0.0009999999999925624,70.37459999947659,0.0008656075799935621,524326.4264212387
2026-03-10 16:00:00+00:00,1.738e-05,71303.55932609,0.0009999999999925624,71.30355932555968,0.001239255861078227,524326.4251819828
2026-03-11 00:00:00+00:00,-0.00011052,69906.39643478,0.0009999999999925624,69.90639643426007,-0.007726054933914424,524326.4329080378
2026-03-11 08:00:00+00:00,-5.252e-05,69622.2,0.0009999999999925624,69.62219999948218,-0.003656557943972804,524326.4365645958
2026-03-11 16:00:00+00:00,-5.824e-05,70186.9,0.0009999999999925624,70.18689999947797,-0.004087685055969597,524326.4406522808
2026-03-12 00:00:00+00:00,-7.802e-05,70150.0,0.0009999999999925624,70.14999999947825,-0.005473102999959294,524326.4461253838
2026-03-12 08:00:00+00:00,-5.392e-05,69792.81830435,0.0009999999999925624,69.79281830383091,-0.003763228762942563,524326.4498886126
2026-03-12 16:00:00+00:00,-7.381e-05,70285.70086232,0.0009999999999925624,70.28570086179724,-0.005187787580609254,524326.4550764002
2026-03-13 00:00:00+00:00,-2.789e-05,70487.30535507,0.0009999999999925624,70.48730535454574,-0.0019658909463382804,524326.4570422912
2026-03-13 08:00:00+00:00,4.263e-05,71585.2,0.0009999999999925624,71.58519999946758,0.0030516770759773026,524326.4539906142
2026-03-13 16:00:00+00:00,-6.38e-06,71801.52931159,0.0009999999999925624,71.80152931105597,-0.0004580937570045371,524326.4544487079
2026-03-14 00:00:00+00:00,-3.79e-06,70895.6,0.0009999999999925624,70.89559999947271,-0.0002686943239980016,524326.4547174022
2026-03-14 08:00:00+00:00,-3.988e-05,70565.7,0.0009999999999925624,70.56569999947516,-0.0028141601159790692,524326.4575315623
2026-03-14 16:00:00+00:00,-4.851e-05,70556.44462101,0.0009999999999925624,70.55644462048522,-0.0034226931285397384,524326.4609542554
2026-03-15 00:00:00+00:00,-1.883e-05,71174.4,0.0009999999999925624,71.17439999947062,-0.001340213951990032,524326.4622944694
2026-03-15 08:00:00+00:00,-6.461e-05,71421.70264618,0.0009999999999925624,71.4217026456488,-0.004614556207935369,524326.4669090256
2026-03-15 16:00:00+00:00,2.659e-05,71444.5,15.42999999999999,1102388.6349999993,29.31251380464998,523854.9166012415
2026-03-16 00:00:00+00:00,2.513e-05,72778.9,4.685999999999993,341041.9253999994,8.570383585301986,521728.36955649673
2026-03-16 08:00:00+00:00,7.139e-05,73427.8,15.328999999999994,1125574.7461999995,80.35478113121796,521338.1185131998
2026-03-16 16:00:00+00:00,2.015e-05,73241.19793478,15.328999999999994,1122714.3231422422,22.622693611316176,521315.4958195885
2026-03-17 00:00:00+00:00,2.41e-06,74854.37298551,15.328999999999994,1147442.6834948822,2.7653368672226657,521312.73048272124
2026-03-17 08:00:00+00:00,-2.505e-05,74212.7,14.19599999999999,1053523.4891999993,-26.39076340445998,528917.1687133908
2026-03-17 16:00:00+00:00,-1.26e-05,73882.61663043,14.19599999999999,1048837.6256855836,-13.215354083638353,528930.3840674745
2026-03-18 00:00:00+00:00,-6.569e-05,73872.4,14.19599999999999,1048692.5903999992,-68.88861626337595,528999.2726837379
2026-03-18 08:00:00+00:00,-4.813e-05,73840.08823913,14.19599999999999,1048233.8926426887,-50.45149725289261,529049.7241809908
2026-03-18 16:00:00+00:00,2.418e-05,71438.64453523,4.102999999999991,293112.75852804806,7.087466501208202,527825.5631972644
2026-03-19 00:00:00+00:00,-9.74e-06,71208.72342754,0.000999999999990564,71.20872342686808,-0.0006935729661776951,521313.7021659272
2026-03-19 08:00:00+00:00,-3.012e-05,70147.53643478,0.000999999999990564,70.1475364341181,-0.002112843797395637,521313.704278771
2026-03-19 16:00:00+00:00,1.205e-05,69372.7,0.000999999999990564,69.3726999993454,0.0008359410349921121,521313.70344282995
2026-03-20 00:00:00+00:00,6.25e-06,69894.95645652,0.000999999999990564,69.89495645586047,0.00043684347784912796,521313.70300598646
2026-03-20 08:00:00+00:00,7.53e-06,70811.9,0.000999999999990564,70.81189999933181,0.0005332136069949685,521313.70247277286
2026-03-20 16:00:00+00:00,-2.23e-06,69838.04147826,0.000999999999990564,69.83804147760101,-0.00015573883249505024,521313.7026285117
2026-03-21 00:00:00+00:00,-1.493e-05,70475.05032609,0.000999999999990564,70.475050325425,-0.0010521925013585952,521313.70368070423
2026-03-21 08:00:00+00:00,-7.38e-06,70681.53331884,0.000999999999990564,70.68153331817304,-0.000521629715888117,521313.70420233393
2026-03-21 16:00:00+00:00,1.093e-05,70599.1,0.000999999999990564,70.59909999933383,0.0007716481629927188,521313.7034306858
2026-03-22 00:00:00+00:00,8.06e-06,68881.72855072,0.000999999999990564,68.88172855007004,0.0005551867321135646,521313.7028754991
2026-03-22 08:00:00+00:00,-4.425e-05,68884.4,0.000999999999990564,68.88439999935,-0.0030481346999712373,521313.70592363377
2026-03-22 16:00:00+00:00,-6.837e-05,68819.5744058,0.000999999999990564,68.81957440515062,-0.004705194302080148,521313.7106288281
2026-03-23 00:00:00+00:00,-2.079e-05,67834.34094203,0.000999999999990564,67.83434094138991,-0.0014102759481714963,521313.712039104
2026-03-23 08:00:00+00:00,-2.863e-05,68290.8,0.000999999999990564,68.29079999935561,-0.001955165603981551,521313.7139942696
2026-03-23 16:00:00+00:00,1.6e-06,70112.2,0.000999999999990564,70.11219999933842,0.00011217951999894146,521313.7138820901
2026-03-24 00:00:00+00:00,4.229e-05,70868.68562319,0.000999999999990564,70.86868562252128,0.0029970367149764255,521313.7108850534
2026-03-24 08:00:00+00:00,3.675e-05,71264.0,0.000999999999990564,71.26399999932755,0.0026189519999752875,521313.70826610137
2026-03-24 16:00:00+00:00,3.056e-05,69842.4,0.000999999999990564,69.84239999934096,0.0021343837439798596,521313.7061317176
2026-03-25 00:00:00+00:00,2.31e-05,70525.71787681,0.000999999999990564,70.52571787614451,0.0016291440829389382,521313.7045025735
2026-03-25 08:00:00+00:00,1.074e-05,70899.9,0.000999999999990564,70.89989999933098,0.0007614649259928148,521313.7037411086
2026-03-25 16:00:00+00:00,4.721e-05,70803.40069565,0.000999999999990564,70.80340069498189,0.003342628546810095,521313.70039848005
2026-03-26 00:00:00+00:00,2.448e-05,71297.6,0.000999999999990564,71.29759999932725,0.0017453652479835309,521313.6986531148
2026-03-26 08:00:00+00:00,1.379e-05,70053.8,0.000999999999990564,70.05379999933898,0.0009660419019908845,521313.69768707285
2026-03-26 16:00:00+00:00,-2.103e-05,69060.85853623,0.000999999999990564,69.06085853557833,-0.0014523498550032125,521313.69913942274
2026-03-27 00:00:00+00:00,2.925e-05,68788.1,0.000999999999990564,68.78809999935092,0.0020120519249810145,521313.6971273708
2026-03-27 08:00:00+00:00,-6.298e-05,68496.9,0.000999999999990564,68.49689999935366,-0.004313934761959294,521313.7014413056
2026-03-27 16:00:00+00:00,-5.841e-05,66091.9,0.000999999999990564,66.09189999937635,-0.0038604278789635725,521313.70530173345
2026-03-28 00:00:00+00:00,-8.088e-05,66364.2,0.000999999999990564,66.36419999937378,-0.005367536495949351,521313.71066926996
2026-03-28 08:00:00+00:00,-7.604e-05,66523.61742029,0.000999999999990564,66.52361741966229,-0.00505845586859112,521313.7157277258
2026-03-28 16:00:00+00:00,-1.73e-06,66998.7120942,0.000999999999990564,66.9987120935678,-0.0001159077719218723,521313.7158436336
2026-03-29 00:00:00+00:00,-3.68e-05,66337.79104948,0.000999999999990564,66.33779104885404,-0.002441230710597829,521313.71828486427
2026-03-29 08:00:00+00:00,-1.2e-07,66633.22935507,0.000999999999990564,66.63322935444124,-7.995987522532948e-06,521313.71829286026
2026-03-29 16:00:00+00:00,2.677e-05,66500.0,0.000999999999990564,66.4999999993725,0.001780204999983202,521313.71651265526
2026-03-30 00:00:00+00:00,3e-06,65973.4,0.000999999999990564,65.97339999937746,0.0001979201999981324,521313.71631473507
2026-03-30 08:00:00+00:00,4.92e-06,67596.70016667,0.000999999999990564,67.59670016603215,0.0003325757648168782,521313.7159821593
2026-03-30 16:00:00+00:00,7.58e-06,67595.59310345,0.000999999999990564,67.59559310281216,0.0005123745957193162,521313.7154697847
2026-03-31 00:00:00+00:00,1.16e-06,66764.4,0.000999999999990564,66.76439999937,7.744670399926919e-05,521313.715392338
2026-03-31 08:00:00+00:00,-1.921e-05,67343.9,0.000999999999990564,67.34389999936454,-0.0012936763189877929,521313.7166860143
2026-03-31 16:00:00+00:00,-2.763e-05,66700.0,0.000999999999990564,66.69999999937062,-0.0018429209999826102,521313.71852893534
2026-04-01 00:00:00+00:00,-3.449e-05,68241.4,0.000999999999990564,68.24139999935606,-0.0023536458859777904,521313.7208825812
2026-04-01 08:00:00+00:00,-4.61e-06,68668.6,0.000999999999990564,68.66859999935205,-0.00031656224599701296,521313.72119914345
2026-04-01 16:00:00+00:00,5.77e-06,68876.81806522,0.000999999999990564,68.87681806457007,0.00039741924023256934,521313.7208017242
2026-04-02 00:00:00+00:00,3.521e-05,68086.5,0.000999999999990564,68.08649999935753,0.0023973256649773783,521313.71840439853
2026-04-02 08:00:00+00:00,8.45e-06,66888.22165942,0.000999999999990564,66.88822165878884,0.0005652054730167657,521313.71783919306
2026-04-02 16:00:00+00:00,-7.398e-05,66819.54021739,0.000999999999990564,66.81954021675948,-0.004943309585235867,521313.72278250265
2026-04-03 00:00:00+00:00,-8.31e-06,66869.74346667,0.000999999999990564,66.86974346603901,-0.0005556875682027842,521313.72333819023
2026-04-03 08:00:00+00:00,-5.99e-06,67008.7,0.000999999999990564,67.0086999993677,-0.0004013821129962126,521313.72373957234
2026-04-03 16:00:00+00:00,3.51e-06,66809.33805072,0.000999999999990564,66.8093380500896,0.00023450077655581445,521313.72350507154
2026-04-04 00:00:00+00:00,3.761e-05,66930.0,0.000999999999990564,66.92999999936845,0.0025172372999762473,521313.7209878342
2026-04-04 08:00:00+00:00,4.115e-05,66983.97831934,0.000999999999990564,66.98397831870794,0.0027563907078148315,521313.7182314435
2026-04-04 16:00:00+00:00,1.651e-05,67357.3,0.000999999999990564,67.35729999936441,0.0011120690229895064,521313.7171193745
2026-04-05 00:00:00+00:00,2.407e-05,67271.0,0.000999999999990564,67.27099999936523,0.001619212969984721,521313.7155001615
2026-04-05 08:00:00+00:00,3.812e-05,66787.4,0.000999999999990564,66.78739999936978,0.002545935687975976,521313.71295422583
2026-04-05 16:00:00+00:00,1.889e-05,67278.50018741,0.000999999999990564,67.27850018677516,0.0012708908685281827,521313.71168333496
2026-04-06 00:00:00+00:00,7.073e-05,68997.4,0.000999999999990564,68.99739999934893,0.0048801861019539495,521313.70680314885
2026-04-06 08:00:00+00:00,5.544e-05,69087.63507246,0.000999999999990564,69.0876350718081,0.0038302184883810407,521313.70297293033
2026-04-06 16:00:00+00:00,4.23e-06,69925.21210145,0.000999999999990564,69.92521210079019,0.00029578364718634253,521313.7026771467
2026-04-07 00:00:00+00:00,-3.15e-06,68822.2,0.000999999999990564,68.82219999935059,-0.00021678992999795435,521313.70289393666
2026-04-07 08:00:00+00:00,3.703e-05,68594.78186657,0.000999999999990564,68.59478186592274,0.0025400647724951194,521313.70035387186
2026-04-07 16:00:00+00:00,7.393e-05,68141.01094203,0.000999999999990564,68.14101094138702,0.005037664938896743,521313.6953162069
2026-04-08 00:00:00+00:00,6.02e-05,71907.34283333,0.000999999999990564,71.90734283265148,0.004328822038525619,521313.6909873849
2026-04-08 08:00:00+00:00,1.563e-05,71612.1,0.000999999999990564,71.61209999932427,0.0011192971229894385,521313.68986808776
2026-04-08 16:00:00+00:00,4.048e-05,71275.78223188,20.068999999999996,1430433.6736115995,57.90395510779754,520680.12512071186
2026-04-09 00:00:00+00:00,-1.47e-06,71038.1,20.068999999999996,1425663.6289,-2.095725534483,520682.22084624635
2026-04-09 08:00:00+00:00,5.239e-05,70945.0,19.209999999999994,1362853.4499999995,71.39989224549997,519912.9064951723
2026-04-09 16:00:00+00:00,-1.986e-05,72108.0,19.209999999999994,1385194.6799999995,-27.509966344799988,519940.4164615171
2026-04-10 00:00:00+00:00,4.11e-06,71755.54984058,19.209999999999994,1378424.1124375414,5.665323102118294,519934.751138415
2026-04-10 08:00:00+00:00,2.458e-05,71461.2,19.209999999999994,1372769.6519999995,33.74267804615999,519901.00846036884
2026-04-10 16:00:00+00:00,-2.187e-05,72415.7,19.209999999999994,1391105.5969999996,-30.42347940638999,519931.43193977524
2026-04-11 00:00:00+00:00,-7.225e-05,72917.4,19.209999999999994,1400743.2539999995,-101.20370010149996,520032.63563987677
2026-04-11 08:00:00+00:00,-6.083e-05,72707.7,19.209999999999994,1396714.9169999994,-84.96216840110996,520117.5978082779
2026-04-11 16:00:00+00:00,-6.755e-05,72818.88436957,19.209999999999994,1398850.7687394393,-94.49236942834912,520212.0901777062
2026-04-12 00:00:00+00:00,-8.108e-05,73013.4,19.209999999999994,1402587.4139999994,-113.72178752711996,520325.81196523336
2026-04-12 08:00:00+00:00,-3.69e-05,71630.81856072,4.785999999999994,342825.0976316055,-12.650246102606244,520150.12467610074
2026-04-12 16:00:00+00:00,-3.35e-06,70856.2,4.785999999999994,339117.7731999996,-1.1360445402199986,520151.26072064094
2026-04-13 00:00:00+00:00,-2.34e-06,70709.4,0.0009999999999940334,70.7093999995781,-0.00016545999599901275,515774.0454993061
2026-04-13 08:00:00+00:00,-1.83e-06,70780.10027736,0.0009999999999940334,70.78010027693769,-0.00012952758350679596,515774.0456288337
2026-04-13 16:00:00+00:00,-5.409e-05,71823.7,0.0009999999999940334,71.82369999957146,-0.00388494393297682,515774.04951377766
2026-04-14 00:00:00+00:00,-5.854e-05,74386.5,16.481999999999996,1226038.2929999996,-71.77228167221998,515365.6355537406
2026-04-14 08:00:00+00:00,2.732e-05,74513.4,16.481999999999996,1228129.8587999996,33.55250774241599,515332.0830459982
2026-04-14 16:00:00+00:00,-5.234e-05,75274.9,16.481999999999996,1240680.9017999996,-64.93723840021198,515397.0202843984
2026-04-15 00:00:00+00:00,-9.313e-05,74106.9,16.481999999999996,1221429.9257999996,-113.75176898975396,515510.7720533882
2026-04-15 08:00:00+00:00,-5.085e-05,73705.2,16.481999999999996,1214809.1063999997,-61.77304306043999,515572.5450964486
2026-04-15 16:00:00+00:00,-7.151e-05,73812.31591304,16.481999999999996,1216574.590878725,-86.99724899373763,515659.54234544234
2026-04-16 00:00:00+00:00,-3.418e-05,74776.2,16.481999999999996,1232461.3283999995,-42.12552820471198,515701.66787364706
2026-04-16 08:00:00+00:00,-2.841e-05,74667.7,16.481999999999996,1230673.0313999997,-34.96342082207399,515736.6312944691
2026-04-16 16:00:00+00:00,-2.225e-05,74659.57926087,16.481999999999996,1230539.185377659,-27.37949687465291,515764.01079134375
2026-04-17 00:00:00+00:00,3.297e-05,75114.94794928,16.481999999999996,1238044.5721000326,40.81832954213807,515723.19246180163
2026-04-17 08:00:00+00:00,2.781e-05,75047.4,16.481999999999996,1236931.2467999996,34.399057973507986,515688.7934038281
2026-04-17 16:00:00+00:00,-0.00010789,77734.4,16.481999999999996,1281218.3807999995,-138.23065110451194,515827.02405493264
2026-04-18 00:00:00+00:00,-8.098e-05,77044.7975942,21.569999999999997,1661856.284106894,-134.57712188697627,515803.39900250925
2026-04-18 08:00:00+00:00,-7.082e-05,76952.44826812,21.569999999999997,1659864.3091433481,-117.55159037353192,515920.95059288276
2026-04-18 16:00:00+00:00,-4.586e-05,76124.8,16.014999999999997,1219138.6719999998,-55.90969949791999,527132.6822464439
2026-04-19 00:00:00+00:00,-8.395e-05,75653.8,16.014999999999997,1211595.6069999998,-101.71345120764998,527234.3956976515
2026-04-19 08:00:00+00:00,-7.219e-05,75205.6,17.235999999999997,1296243.7215999998,-93.57583426230399,527291.0972670506
2026-04-19 16:00:00+00:00,-0.00012276,75807.7,0.0009999999999973364,75.80769999979807,-0.00930615325197521,545207.5427399242
2026-04-21 00:00:00+00:00,-7.937e-05,75792.27184783,4.68,354707.8322478444,-28.153160645511406,526812.3518949202
2026-04-21 08:00:00+00:00,-5.824e-05,76050.1,4.68,355914.468,-20.728458616319998,526833.0803535365
2026-04-21 16:00:00+00:00,-4.242e-05,75799.9,4.68,354743.53199999995,-15.048220627439997,526848.128574164
2026-05-04 08:00:00+00:00,-1.58e-06,79663.3,27.645,2202291.9285,-3.47962124703,522506.9042431989
2026-05-04 16:00:00+00:00,-3.16e-05,79981.2,19.564,1564752.1968,-49.446169418880004,520300.7442276551
2026-05-05 00:00:00+00:00,-3.83e-06,79826.1,19.564,1561717.8204,-5.981379252132,520306.7256069073
2026-05-05 08:00:00+00:00,-4.626e-05,80825.76716667,19.564,1581275.308848732,-73.14979578734234,520379.8754026946
2026-05-05 16:00:00+00:00,-8.24e-05,81488.7,19.564,1594244.9268,-131.36578196832,520511.24118466297
2026-05-06 00:00:00+00:00,-9.153e-05,80861.9,19.564,1581982.2115999998,-144.798831827748,520656.04001649073
2026-05-06 08:00:00+00:00,-6.15e-05,81333.3,19.564,1591204.6812,-97.85908789380001,520753.89910438453
2026-05-06 16:00:00+00:00,-3.756e-05,81656.9427971,19.564,1597536.4288824643,-60.00346826882536,520813.9025726534
2026-05-07 00:00:00+00:00,-5.856e-05,81396.64037069,19.564,1592443.8722121792,-93.25351315674521,520907.1560858101
2026-05-07 08:00:00+00:00,-4.568e-05,81484.03733333,19.564,1594153.706389268,-72.82094130786176,520979.977027118
2026-05-07 16:00:00+00:00,-3.014e-05,79860.0,19.564,1562381.04,-47.0901645456,521027.06719166355
2026-05-08 00:00:00+00:00,-7.406e-05,79969.4,4.788000000000001,382893.4872000001,-28.35709166203201,519804.8672271198
2026-05-08 16:00:00+00:00,-1.542e-05,80114.8,5.004,400894.4592,-6.181792560864,517864.76599457645
2026-05-09 00:00:00+00:00,1.841e-05,80155.2,5.004,401096.6208,7.384188788928,517857.3818057875
2026-05-09 08:00:00+00:00,-3.792e-05,80182.43582759,5.366,430258.9506508479,-16.315419408680153,517862.06165076327
2026-05-09 16:00:00+00:00,3.645e-05,80488.4,5.366,431900.7543999999,15.742782497879997,517846.31886826537
2026-05-10 00:00:00+00:00,9e-07,80634.04530435,5.366,432682.28710314207,0.38941405839282783,517845.92945420695
2026-05-10 08:00:00+00:00,4.626e-05,80697.26381884,5.366,433021.5176518954,20.031575406576682,517825.8978788004
2026-05-10 16:00:00+00:00,5.764e-05,81383.17274363,5.366,436702.1049423185,25.17150932887524,517800.7263694715
2026-05-11 00:00:00+00:00,5.798e-05,82177.7,22.289,1831658.7553,106.199574632294,517143.4619340232
2026-05-11 08:00:00+00:00,2.592e-05,80708.8,1.3610000000000015,109844.67680000013,2.847174022656003,506507.13577899593
2026-05-11 16:00:00+00:00,4.555e-05,81404.77673913,5.645000000000001,459529.96469238895,20.93158989173832,506347.0278346198
2026-05-12 00:00:00+00:00,-1.15e-06,81699.58897101,5.645000000000001,461194.1797413516,-0.5303733067025543,506347.5582079265
2026-05-12 08:00:00+00:00,3.877e-05,80813.6676087,5.645000000000001,456193.1536511116,17.686608567053597,506329.87159935944
2026-05-15 00:00:00+00:00,-4.239e-05,81049.04343328,16.404,1329528.5084795253,-56.35871347444708,503201.9958631215
2026-05-15 08:00:00+00:00,-1.893e-05,80783.27976812,16.404,1325168.9213162404,-25.08544768051643,503227.081310802
2026-05-28 08:00:00+00:00,5.011e-05,73467.69744203,2.613,191971.09341602438,9.619671491076982,489849.15863254195
2026-05-28 16:00:00+00:00,0.0001,72906.82058696,2.613,190505.5221937265,19.05055221937265,489830.10808032256
2026-05-29 00:00:00+00:00,0.0001,73591.4,2.613,192294.3282,19.22943282,489810.87864750257
2026-06-25 00:00:00+00:00,-1.423e-05,61051.2,0.63,38462.256,-0.54731790288,490631.50257210096
2026-07-08 00:00:00+00:00,4.846e-05,63331.2,16.813000000000002,1064787.4656,51.599600582976,490499.10708919907
2026-07-15 16:00:00+00:00,4.457e-05,65392.88324638,19.775,1293144.2661971643,57.635439944407615,476543.01405972696
2026-07-16 00:00:00+00:00,2.426e-05,64722.2135982,19.775,1279881.773904405,31.04993183492087,476511.96412789205
2026-07-16 08:00:00+00:00,7.584e-05,64204.07755072,19.775,1269635.633565488,96.28916644960663,476415.6749614424
2026-07-16 16:00:00+00:00,6.102e-05,64677.7,19.775,1279001.5174999998,78.04467259785,476337.6302888446
2026-07-17 00:00:00+00:00,7.639e-05,63804.35297101,19.775,1261731.0800017226,96.3836372013316,476241.24665164325
2026-07-17 08:00:00+00:00,1.52e-05,62792.8,19.775,1241727.6199999999,18.874259824,476222.37239181926
2026-07-17 16:00:00+00:00,6.045e-05,63432.5,0.0009999999999977804,63.43249999985921,0.003834494624991489,438415.98602150014
2026-07-18 00:00:00+00:00,3.074e-05,63910.0,17.0,1086470.0,33.3980878,437947.11460254656
2026-07-18 08:00:00+00:00,6.955e-05,63991.55073913,18.158,1161958.5783211226,80.81421912223406,437836.65616423805
2026-07-18 16:00:00+00:00,3.326e-05,64090.0,18.158,1163746.22,38.70619927719999,437797.94996496086
2026-07-19 00:00:00+00:00,4.06e-06,64806.7,18.158,1176760.0586,4.777645837916,437793.17231912294
2026-07-19 08:00:00+00:00,6.905e-05,64692.2,18.158,1174680.9676,81.11172081278,437712.06059831014
2026-07-19 16:00:00+00:00,5.235e-05,64552.14477536,18.158,1172137.844830987,61.36141617690217,437650.69918213325
2026-07-20 00:00:00+00:00,4.89e-05,64694.8,18.158,1174728.1784,57.44420792376001,437593.25497420947
2026-07-20 08:00:00+00:00,5.278e-05,64250.0,18.158,1166651.5,61.57586617,437531.6791080395
2026-07-20 16:00:00+00:00,6.518e-05,65573.71997826,20.78,1362621.9011482426,88.81569551684245,439283.5492899608
2026-07-21 00:00:00+00:00,5.4e-05,65227.20347101,20.78,1355421.2881275879,73.19274955888974,439210.35654040193
2026-07-21 08:00:00+00:00,8.926e-05,66168.77917391,20.78,1374987.2312338501,122.73136025993345,439087.625180142
2026-07-21 16:00:00+00:00,1.894e-05,66648.5,20.78,1384955.83,26.231063420200005,439061.3941167218
2026-07-22 00:00:00+00:00,3.928e-05,66522.4,20.78,1382335.472,54.29813734016,439007.09597938164
2026-07-22 08:00:00+00:00,5.448e-05,65813.4,20.78,1367602.452,74.50698158496,438932.5889977967
2026-07-22 16:00:00+00:00,1.443e-05,66016.32605797,20.78,1371819.2554846166,19.79535185664302,438912.7936459401
2026-07-23 00:00:00+00:00,-3.43e-06,66084.47942754,20.78,1373235.4825042814,-4.710197704989685,438917.50384364504
2026-07-23 08:00:00+00:00,2.71e-06,65405.48600725,6.333999999999996,414278.34836992127,1.1226943240824865,451814.2831602722
2026-07-23 16:00:00+00:00,8.458e-05,64940.4,6.333999999999996,411332.49359999975,34.790502308687984,451779.49265796354
2026-07-24 00:00:00+00:00,7.598e-05,65069.66,0.0009999999999964482,65.06965999976889,0.00494399276678244,453041.8552631005
2026-07-24 08:00:00+00:00,5.149e-05,65470.0,0.0009999999999964482,65.46999999976747,0.003371050299988027,453041.8518920502
2026-07-24 16:00:00+00:00,5.879e-05,64068.7,0.0009999999999959486,64.06869999974043,0.00376659887298474,449573.6959056
2026-07-25 00:00:00+00:00,6.074e-05,64116.5,0.0009999999999959486,64.11649999974024,0.003894436209984222,449573.69201116374
2026-07-25 08:00:00+00:00,5.425e-05,63973.15203623,0.0009999999999959486,63.97315203597082,0.0034705434979514166,449573.68854062026
2026-07-25 16:00:00+00:00,7.29e-06,64150.04874638,0.0009999999999959486,64.1500487461201,0.00046765385535921553,449573.6880729664
2026-07-26 00:00:00+00:00,3.878e-05,64343.23595652,0.0009999999999959486,64.34323595625932,0.0024952306903837365,449573.6855777357
2026-07-26 08:00:00+00:00,5.884e-05,64342.33015217,0.0009999999999959486,64.34233015190932,0.0037859027061383447,449573.681791833
2026-07-26 16:00:00+00:00,5.819e-05,64733.6,0.0009999999999959486,64.73359999973773,0.0037668481839847386,449573.67802498484
2026-07-27 00:00:00+00:00,6.147e-05,65375.2,0.0009999999999959486,65.37519999973513,0.004018613543983719,449573.6740063713
2026-07-27 08:00:00+00:00,6.452e-05,65196.12289855,7.944999999999996,517983.19642897946,33.420275833597756,449332.5679977398
2026-07-27 16:00:00+00:00,5.04e-05,64519.25484058,7.944999999999996,512605.47970840783,25.835316177303753,449306.73268156254
2026-07-28 00:00:00+00:00,4.208e-05,63720.85151449,0.000999999999995338,63.72085151419293,0.0026813734317172383,442303.4983288186
2026-07-28 08:00:00+00:00,1.25e-06,63476.8,0.000999999999995338,63.47679999970407,7.934599999963009e-05,442303.4982494726
2026-07-28 16:00:00+00:00,6.689e-05,63903.52981159,0.000999999999995338,63.90352981129208,0.004274507109077327,442303.4939749655
2026-07-29 00:00:00+00:00,0.0001,63903.6,0.000999999999995338,63.903599999702074,0.006390359999970207,442303.48758460546
2026-07-29 08:00:00+00:00,0.0001,64534.35597101,0.000999999999995338,64.53435597070914,0.006453435597070915,442303.4811311699
2026-07-29 16:00:00+00:00,3.665e-05,63950.19780435,0.000999999999995338,63.95019780405186,0.002343774749518501,442303.4787873951
2026-07-30 00:00:00+00:00,8.462e-05,63959.0,0.000999999999995338,63.95899999970182,0.005412210579974768,442303.4733751845
2026-07-30 08:00:00+00:00,7.278e-05,63984.18664493,0.000999999999995338,63.984186644631706,0.004656769103996296,442303.4687184154
2026-07-30 16:00:00+00:00,9.029e-05,64698.14499275,0.000999999999995338,64.69814499244838,0.005841595511368165,442303.4628768199
2026-07-31 00:00:00+00:00,0.0001,64750.50672464,0.000999999999995338,64.75050672433812,0.006475050672433813,442303.4564017692
2026-07-31 08:00:00+00:00,9.405e-05,63912.92723188,0.000999999999995893,63.912927231617516,0.0060110108061336275,439112.9240177268
2026-07-31 16:00:00+00:00,5.664e-05,62696.71869565,0.000999999999995893,62.69671869539251,0.003551142146907032,439112.9204665846
