timestamp,reason,side,quantity,price,notional,fee,slippage_bps,participation,realized_pnl,position_after,liquidity,limit_price,trigger_price
2020-01-23 16:00:00+00:00,signal,sell,0.12,8366.49,1003.9788,0.014055703200000002,-0.0,0.0009911156019185255,0.0,-0.12,maker,8366.49,
2020-01-23 20:00:00+00:00,signal,sell,0.011,8379.15,92.17065,0.0012903891000000001,-0.0,0.00010970250399283998,0.0,-0.131,maker,8379.15,
2020-01-24 20:00:00+00:00,signal,buy,0.131,8505.10909130122,1114.1692909604599,0.31196740146892876,1.3041995545861458,0.0014458963907876485,-18.01984096045997,0.0,taker,,
2020-01-27 16:00:00+00:00,signal,buy,1.976,8780.31,17349.89256,0.24289849584000003,-0.0,0.007643201941743846,0.0,1.976,maker,8780.31,
2020-01-28 04:00:00+00:00,signal,buy,0.497,9124.53,4534.89141,0.06348847974,-0.0,0.006831649388973286,0.0,2.473,maker,9124.53,
2020-01-28 08:00:00+00:00,signal,sell,0.676,9046.438478484715,6115.392411455668,1.7123098752075867,1.7479200038086895,0.008740380189018598,133.13848354624523,1.7969999999999997,taker,,
2020-01-28 12:00:00+00:00,signal,sell,1.175,9087.784382829866,10678.146649825094,2.989881061951026,1.7774739478213484,0.009444777180326762,279.9981804559049,0.6219999999999997,taker,,
2020-01-28 16:00:00+00:00,signal,buy,1.076,9030.0,9716.28,0.13602792000000002,-0.0,0.0064013353086313715,0.0,1.6979999999999997,maker,9030.0,
2020-01-28 17:32:00+00:00,stop_loss,sell,1.6979999999999997,8916.062718285662,15139.474495649052,4.239052858781735,1.0,,-81.18707707233641,0.0,taker,,8916.954413727035
2020-01-28 20:00:00+00:00,signal,buy,0.58,9018.42,5230.683599999999,0.0732295704,-0.0,0.0009556199423192366,0.0,0.58,maker,9018.42,
2020-01-28 23:36:00+00:00,take_profit,sell,0.58,9293.695579700983,5390.34343622657,1.5092961621434393,1.0,,159.6598362265702,0.0,taker,,9294.625042205203
2020-01-29 16:00:00+00:00,signal,buy,0.709,9292.99,6588.729909999999,0.09224221873999999,-0.0,0.011561834412961807,0.0,0.709,maker,9292.99,
2020-01-30 08:00:00+00:00,signal,buy,1.359,9397.97,12771.841229999998,0.17880577722,-0.0,0.012601738582003745,0.0,2.068,maker,9397.97,
2020-01-30 12:00:00+00:00,signal,sell,1.339,9348.723518603785,12517.940791410469,3.505023421594931,1.5790907105907732,0.005239782048320727,-17.74816239030352,0.7290000000000001,taker,,
2020-01-30 16:00:00+00:00,signal,buy,1.3760000000000001,9392.41,12923.956160000002,0.18093538624000005,-0.0,0.013864133707536004,0.0,2.1050000000000004,maker,9392.41,
2020-01-30 20:00:00+00:00,signal,sell,1.3960000000000001,9513.539870862827,13280.901659724508,3.718652464722862,1.5555712307206746,0.004822803006320076,183.8098158793219,0.7090000000000003,taker,,
2020-01-31 00:00:00+00:00,signal,buy,1.342,9525.67,12783.44914,0.17896828796000003,-0.0,0.011862495425810965,0.0,2.051,maker,9525.67,
2020-01-31 04:00:00+00:00,signal,sell,1.516,9453.425692960676,14331.393350528386,4.012790138147948,1.8448182733072793,0.011151842420529577,-34.163252986349995,0.5350000000000001,taker,,
2020-01-31 08:00:00+00:00,signal,buy,0.999,9380.64,9371.25936,0.13119763104,-0.0,0.007517221388323994,0.0,1.5340000000000003,maker,9380.64,
2020-01-31 12:00:00+00:00,signal,sell,0.999,9336.392202545334,9327.055810342788,2.6115756268959807,1.5611703493494686,0.004920502515453195,-77.41452892739602,0.5350000000000003,taker,,
2020-01-31 12:41:00+00:00,stop_loss,sell,0.5350000000000003,9281.066650698664,4965.3706581237875,1.3903037842746604,1.0,,-71.0574014453329,0.0,taker,,9281.994850183683
2020-02-01 12:00:00+00:00,signal,buy,0.5730000000000001,9364.88,5366.07624,0.07512506736,-0.0,0.0030034601660036977,0.0,0.5730000000000001,maker,9364.88,
2020-02-01 20:00:00+00:00,signal,sell,0.009000000000000001,9374.004432097463,84.36603988887718,0.02362249116888561,1.061939096038671,5.99445565326206e-05,0.08211988887717417,0.5640000000000001,taker,,
2020-02-02 00:00:00+00:00,signal,buy,0.046,9392.99,432.07754,0.00604908556,-0.0,0.0005942652427958401,0.0,0.6100000000000001,maker,9392.99,
2020-02-02 04:00:00+00:00,signal,sell,0.46,9272.255028779346,4265.237313238499,1.1942664477067797,1.709077599630147,0.007856110035894549,-43.582581187730106,0.15000000000000008,taker,,
2020-02-02 04:08:00+00:00,stop_loss,sell,0.15000000000000008,9178.38480569119,1376.7577208536793,0.3854921618390302,1.0,,-28.292244720091837,0.0,taker,,9179.302735964786
2020-02-02 08:00:00+00:00,signal,buy,1.653,9379.4,15504.1482,0.21705807480000003,-0.0,0.01881572688379506,0.0,1.653,maker,9379.4,
2020-02-02 12:00:00+00:00,signal,sell,1.063,9441.352041549317,10036.157220166922,2.810124021646738,1.5969297974171628,0.005567580985070235,65.85502016692405,0.5900000000000001,taker,,
2020-02-02 16:00:00+00:00,signal,buy,1.112,9457.83,10517.106960000001,0.14723949744000003,-0.0,0.00494445975691173,0.0,1.7020000000000002,maker,9457.83,
2020-02-02 20:00:00+00:00,signal,sell,1.091,9448.505454537253,10308.319450900142,2.8863294462520397,1.5815295902079543,0.00528401037949111,19.488851981223373,0.6110000000000002,taker,,
2020-02-03 00:00:00+00:00,signal,sell,0.46,9339.154247497005,4296.010953848622,1.202883067077614,1.4300668412418975,0.0028899607489966156,-42.08444074597283,0.1510000000000002,taker,,
2020-02-03 17:00:00+00:00,stop_loss,sell,0.1510000000000002,9244.034839838976,1395.849260815687,0.39083779302839233,1.0,,-28.177705670801267,0.0,taker,,9244.959335772553
2020-02-06 00:00:00+00:00,signal,buy,1.6560000000000001,9630.0,15947.28,0.22326192000000003,-0.0,0.0049111947411781525,0.0,1.6560000000000001,maker,9630.0,
2020-02-06 04:00:00+00:00,signal,sell,1.066,9642.633425964383,10279.047232078032,2.8781332249818488,1.520695591727589,0.004236310925696004,13.467232078031953,0.5900000000000001,taker,,
2020-02-06 12:00:00+00:00,signal,buy,0.025,9707.41,242.68525,0.0033975935,-0.0,5.620534918409154e-05,0.0,0.6150000000000001,maker,9707.41,
2020-02-07 16:00:00+00:00,signal,buy,1.139,9810.47,11174.125329999999,0.15643775462,-0.0,0.004592461168017688,0.0,1.754,maker,9810.47,
2020-02-07 20:00:00+00:00,signal,sell,1.117,9781.65484321076,10926.108459866418,3.059310368762597,2.131247139887103,0.01999562642973047,37.26221251179948,0.637,taker,,
2020-02-07 20:01:00+00:00,signal,sell,0.013000000000000001,9784.849398597653,127.2030421817695,0.03561685181089546,1.1042398651400258,0.00016978046069391817,0.4751986583943381,0.624,taker,,
2020-02-08 00:00:00+00:00,signal,buy,1.179,9821.52,11579.572080000002,0.16211400912000004,-0.0,0.005857192271695272,0.0,1.803,maker,9821.52,
2020-02-08 04:00:00+00:00,signal,sell,1.192,9725.40111276131,11592.678126411482,3.2459498753952145,1.6334829568967801,0.006270322760604496,-84.36580836025179,0.611,taker,,
2020-02-08 08:00:00+00:00,signal,buy,1.163,9779.01,11372.98863,0.15922184082000002,-0.0,0.010417743554827991,0.0,1.774,maker,9779.01,
2020-02-08 12:00:00+00:00,signal,sell,1.141,9823.728980209535,11208.87476641908,3.1384849345973422,1.9144051010226686,0.013064635762129323,44.27771195252764,0.633,taker,,
2020-02-09 04:00:00+00:00,signal,sell,0.633,10058.510142139725,6367.0369199744455,1.7827703375928445,1.2623117605702723,0.0010751165583355608,173.18071009072358,0.0,taker,,
2020-02-09 20:00:00+00:00,signal,buy,0.653,10092.24,6590.23272,0.09226325808000001,-0.0,0.00561643897973906,0.0,0.653,maker,10092.24,
2020-02-10 04:00:00+00:00,signal,buy,0.006,10106.31,60.637859999999996,0.0008489300400000001,-0.0,3.520362007508026e-05,0.0,0.659,maker,10106.31,
2020-02-10 05:58:00+00:00,stop_loss,sell,0.659,9968.050086370225,6568.945006917979,1.839304601937034,1.0,,-81.92557308202073,0.0,taker,,9969.046991069332
2020-02-10 08:00:00+00:00,signal,buy,0.147,9985.69,1467.89643,0.020550550020000002,-0.0,0.000970072183332296,0.0,0.147,maker,9985.69,
2020-02-10 08:00:00+00:00,stop_loss,sell,0.147,9968.050086370225,1465.3033626964232,0.41028494155499845,1.0,,-2.5930673035769303,0.0,taker,,9969.046991069332
2020-02-12 00:00:00+00:00,signal,buy,0.518,10230.74,5299.52332,0.07419332648000002,-0.0,0.0006074695258045021,0.0,0.518,maker,10230.74,
2020-02-12 08:00:00+00:00,signal,buy,0.024,10371.76,248.92224000000002,0.0034849113600000006,-0.0,4.228648539100569e-05,0.0,0.542,maker,10371.76,
2020-02-13 08:14:00+00:00,stop_loss,sell,0.542,10159.994546795304,5506.717044363055,1.5418807724216552,1.0,,-41.72851563694473,0.0,taker,,10161.01064786009
2020-02-14 04:00:00+00:00,signal,buy,0.54,10266.98,5544.1692,0.07761836880000002,-0.0,0.0034453766170338103,0.0,0.54,maker,10266.98,
2020-02-14 08:00:00+00:00,signal,sell,0.417,10134.54640050554,4226.10584901081,1.1833096377230266,1.3650444453149029,0.0020821476102385185,-55.224810989189606,0.12300000000000005,taker,,
2020-02-14 12:00:00+00:00,signal,buy,0.367,10280.15,3772.8150499999997,0.0528194107,-0.0,0.002155039568847439,0.0,0.49000000000000005,maker,10280.15,
2020-02-15 08:00:00+00:00,signal,sell,0.362,10234.803483936485,3704.998861185007,1.0373996811318018,1.3056836498085314,0.0014600389650041383,-15.218688978257443,0.12800000000000006,taker,,
2020-02-15 15:52:00+00:00,stop_loss,sell,0.12800000000000006,10115.379422681863,1294.768566103279,0.3625351985089181,1.0,,-20.667473733456116,0.0,taker,,10116.391061788041
2020-02-26 04:00:00+00:00,signal,sell,0.098,9178.92,899.53416,0.012593478240000002,-0.0,0.0005167914197714266,0.0,-0.098,maker,9178.92,
2020-02-26 12:00:00+00:00,signal,sell,0.01,9170.0,91.7,0.0012838,-0.0,4.5656985341473214e-05,0.0,-0.108,maker,9170.0,
2020-02-26 16:45:00+00:00,take_profit,buy,0.108,8641.809349257874,933.3154097198503,0.26132831472155804,1.0,,57.918750280149766,0.0,taker,,8640.9452547324
2020-02-29 04:00:00+00:00,signal,sell,0.114,8725.24,994.67736,0.013925483040000002,-0.0,0.001130539065938109,0.0,-0.114,maker,8725.24,
2020-03-01 04:00:00+00:00,signal,buy,0.011,8628.585844312818,94.914444287441,0.026576044400483476,1.0962955255633449,0.00014488794130501263,1.063195712558998,-0.10300000000000001,taker,,
2020-03-02 13:21:00+00:00,stop_loss,buy,0.10300000000000001,8803.09250085982,906.7185275885616,0.25388118772479723,1.0,,-8.018807588561542,0.0,taker,,8802.212279631858
2020-03-08 20:00:00+00:00,signal,sell,0.037,8286.74,306.60938,0.00429253132,-0.0,0.0004981207678490331,0.0,-0.037,maker,8286.74,
2020-03-09 04:34:00+00:00,take_profit,buy,0.037,7817.298344306591,289.24003873934385,0.08098721084701627,1.0,,17.36934126065611,0.0,taker,,7816.516692637328
2020-03-10 04:00:00+00:00,signal,sell,0.038,7912.35,300.6693,0.0042093702000000005,-0.0,0.0001557688083178101,0.0,-0.038,maker,7912.35,
2020-03-12 07:14:00+00:00,take_profit,buy,0.038,7351.149802180848,279.34369248287226,0.07821623389520423,1.0,,21.325607517127775,0.0,taker,,7350.414760704778
2020-03-13 04:00:00+00:00,signal,sell,0.058,5153.62,298.90996,0.004184739440000001,-0.0,7.606327994080913e-05,0.0,-0.058,maker,5153.62,
2020-03-13 13:34:00+00:00,stop_loss,buy,0.058,5919.791124889724,343.347885243604,0.09613740786820912,1.0,,-44.43792524360403,0.0,taker,,5919.199204969227
2020-03-17 08:00:00+00:00,signal,sell,0.002,5342.31,10.68462,0.00014958468000000002,-0.0,6.629041994092698e-06,0.0,-0.002,maker,5342.31,
2020-03-17 20:00:00+00:00,signal,buy,0.002,5372.523966760116,10.745047933520233,0.003008613421385665,1.0126001215876999,2.480672875387843e-06,-0.06042793352023182,0.0,taker,,
2020-03-18 08:00:00+00:00,signal,sell,0.011,5144.26,56.58686,0.0007922160400000002,-0.0,2.626631235938957e-05,0.0,-0.011,maker,5144.26,
2020-03-19 04:00:00+00:00,signal,buy,0.011,5283.020311046244,58.113223421508685,0.01627170255802243,1.0796335909372408,9.908607508687207e-05,-1.5263634215086859,0.0,taker,,
2020-03-29 04:00:00+00:00,signal,sell,0.079,6197.42,489.59618,0.00685434652,-0.0,0.0010431867888864282,0.0,-0.079,maker,6197.42,
2020-03-29 12:00:00+00:00,signal,sell,0.008,6136.08,49.08864,0.00068724096,-0.0,1.042337178827103e-05,0.0,-0.087,maker,6136.08,
2020-03-30 05:13:00+00:00,stop_loss,buy,0.087,6198.102780812248,539.2349419306655,0.15098578374058633,1.0,,-0.5501219306655648,0.0,taker,,6197.483032508997
2020-04-04 16:00:00+00:00,signal,buy,0.058,6725.22,390.06276,0.005460878640000001,-0.0,7.018336892387142e-05,0.0,0.058,maker,6725.22,
2020-04-05 08:00:00+00:00,signal,sell,0.058,6768.429565371361,392.56891479153893,0.10991929614163089,1.0938337028606344,0.00013757443425840347,2.5061547915389055,0.0,taker,,
2020-04-06 00:00:00+00:00,signal,buy,0.065,6768.9,439.9785,0.006159699,-0.0,0.00016459630853030377,0.0,0.065,maker,6768.9,
2020-04-06 04:00:00+00:00,signal,buy,0.179,6840.85,1224.51215,0.0171431701,-0.0,0.00020994092894155965,0.0,0.244,maker,6840.85,
2020-04-06 12:00:00+00:00,signal,buy,0.018000000000000002,7095.09,127.71162000000001,0.0017879626800000002,-0.0,4.211514505351992e-05,0.0,0.262,maker,7095.09,
2020-04-06 23:57:00+00:00,take_profit,sell,0.262,7311.551554409325,1915.6265072552433,0.536375422031468,1.0,,123.42423725524317,0.0,taker,,7312.282782687594
2020-04-07 16:00:00+00:00,signal,buy,0.255,7312.81,1864.76655,0.026106731700000003,-0.0,0.0006618584786232375,0.0,0.255,maker,7312.81,
2020-04-08 00:00:00+00:00,signal,sell,0.255,7192.027043082303,1833.9668959859873,0.5135107308760765,1.2136369443426915,0.0007131366248137863,-30.799654014012848,0.0,taker,,
2020-04-08 16:00:00+00:00,signal,buy,0.256,7273.81,1862.09536,0.026069335040000002,-0.0,0.0010306641548714687,0.0,0.256,maker,7273.81,
2020-04-09 04:00:00+00:00,signal,sell,0.256,7279.817365549676,1863.6332455807171,0.5218173087626008,1.2946923814606457,0.0013569312451710417,1.5378855807168874,0.0,taker,,
2020-04-09 20:00:00+00:00,signal,buy,0.069,7258.01,500.80269000000004,0.007011237660000002,-0.0,7.939615093698676e-05,0.0,0.069,maker,7258.01,
2020-04-10 04:00:00+00:00,signal,buy,0.003,7172.69,21.518069999999998,0.00030125298,-0.0,1.471908865297375e-06,0.0,0.07200000000000001,maker,7172.69,
2020-04-10 05:01:00+00:00,stop_loss,sell,0.07200000000000001,7022.585956593712,505.6261888747473,0.14157533288492924,1.0,,-16.694571125252757,0.0,taker,,7023.2882854222535
2020-04-23 20:00:00+00:00,signal,buy,1.536,7521.26,11552.65536,0.16173717504000001,-0.0,0.005476645742265596,0.0,1.536,maker,7521.26,
2020-04-28 20:00:00+00:00,signal,buy,0.532,7713.6,4103.635200000001,0.057450892800000014,-0.0,0.008212587007745974,0.0,2.068,maker,7713.6,
2020-04-29 10:06:00+00:00,take_profit,sell,2.068,7985.8228591112265,16514.68167264202,4.6241108683397645,1.0,,858.3911126420147,0.0,taker,,7986.621521263352
2020-04-30 04:00:00+00:00,signal,buy,1.823,9306.03,16964.89269,0.23750849766000004,-0.0,0.00021916565854027877,0.0,1.823,maker,9306.03,
2020-04-30 08:00:00+00:00,signal,sell,0.231,9179.254197095233,2120.407719528999,0.5937141614681197,1.1173982762699697,0.00021534930111187693,-29.28521047100124,1.5919999999999999,taker,,
2020-04-30 09:06:00+00:00,stop_loss,sell,1.5919999999999999,8981.030818777377,14297.801063493584,4.0033842977782035,1.0,,-517.3986965064166,0.0,taker,,8981.929011678545
2020-05-01 00:00:00+00:00,signal,buy,0.966,8623.61,8330.40726,0.11662570164000001,-0.0,0.001980606153789058,0.0,0.966,maker,8623.61,
2020-05-03 14:50:00+00:00,stop_loss,sell,0.966,8795.351889049402,8496.309924821722,2.378966778950082,1.0,,165.9026648217213,0.0,taker,,8796.231512200622
2020-05-03 16:00:00+00:00,signal,buy,0.27,8817.73,2380.7871,0.0333310194,-0.0,0.00036935781501166846,0.0,0.27,maker,8817.73,
2020-05-03 16:00:00+00:00,stop_loss,sell,0.27,8795.351889049402,2374.7450100433384,0.6649286028121347,1.0,,-6.042089956661476,0.0,taker,,8796.231512200622
2020-05-04 20:00:00+00:00,signal,buy,0.281,8830.78,2481.4491800000005,0.03474028852000001,-0.0,0.0005403121869007988,0.0,0.281,maker,8830.78,
2020-05-06 12:00:00+00:00,signal,buy,0.906,9321.83,8445.57798,0.11823809172000001,-0.0,0.0005040741992044048,0.0,1.187,maker,9321.83,
2020-05-07 13:22:00+00:00,take_profit,sell,1.187,9490.527320400828,11265.255929315783,3.154271660208419,1.0,,338.2287693157824,0.0,taker,,9491.476468047633
2020-05-08 08:00:00+00:00,signal,buy,1.413,9818.61,13873.695930000002,0.19423174302000004,-0.0,0.0016718500053008185,0.0,1.413,maker,9818.61,
2020-05-08 20:00:00+00:00,signal,sell,1.024,9952.389987891207,10191.247347600596,2.853549257328167,1.8986929328819957,0.012619515431438173,136.99070760059544,0.389,taker,,
2020-05-09 00:00:00+00:00,signal,buy,0.71,9809.63,6964.837299999999,0.0975077222,-0.0,0.0007047453984412614,0.0,1.099,maker,9809.63,
2020-05-09 04:00:00+00:00,signal,sell,0.71,9873.318808390839,7010.056353957495,1.9628157791080985,1.3379643300011543,0.0017846857555176442,42.96228762446535,0.389,taker,,
2020-05-09 07:55:00+00:00,stop_loss,sell,0.389,9592.81762624266,3731.606056608395,1.0448496958503506,1.0,,-85.5764670585752,0.0,taker,,9593.777003943054
2020-05-14 12:00:00+00:00,signal,buy,0.225,9681.38,2178.3105,0.030496347000000004,-0.0,0.00024946299148443214,0.0,0.225,maker,9681.38,
2020-05-15 02:33:00+00:00,stop_loss,sell,0.225,9348.931595331773,2103.5096089496487,0.5889826905059016,1.0,,-74.80089105035096,0.0,taker,,9349.866581989972
2020-05-16 12:00:00+00:00,signal,buy,0.23,9410.0,2164.3,0.030300200000000006,-0.0,0.0006779526607227772,0.0,0.23,maker,9410.0,
2020-05-17 16:00:00+00:00,signal,buy,0.753,9818.43,7393.27779,0.10350588906000001,-0.0,0.0008482911159806185,0.0,0.983,maker,9818.43,
2020-05-18 12:00:00+00:00,signal,sell,0.983,9628.058467921786,9464.381473967116,2.6500268127107924,1.3308618017569,0.0017104614353409724,-93.1963160328833,0.0,taker,,
2020-05-19 20:00:00+00:00,signal,buy,0.253,9643.6,2439.8308,0.0341576312,-0.0,0.0007474453376135957,0.0,0.253,maker,9643.6,
2020-05-20 04:00:00+00:00,signal,buy,0.021,9722.78,204.17838000000003,0.0028584973200000007,-0.0,2.4732583429916158e-05,0.0,0.274,maker,9722.78,
2020-05-20 15:50:00+00:00,stop_loss,sell,0.274,9426.535409070626,2582.8707020853517,0.7232037965838984,1.0,,-61.13847791464848,0.0,taker,,9427.478156886315
2020-05-26 16:00:00+00:00,signal,sell,0.105,8720.59,915.6619499999999,0.012819267300000001,-0.0,3.934114560261777e-05,0.0,-0.105,maker,8720.59,
2020-05-27 10:29:00+00:00,stop_loss,buy,0.105,8987.460877238369,943.6833921100288,0.26423134979080803,1.0,,-28.02144211002873,0.0,taker,,8986.562221016267
2020-05-29 08:00:00+00:00,signal,buy,1.471,9516.52,13998.800920000001,0.19598321288000004,-0.0,0.009165098749793653,0.0,1.471,maker,9516.52,
2020-05-31 15:31:00+00:00,stop_loss,sell,1.471,9446.113395012278,13895.232804063062,3.890665185137657,1.0,,-103.568115936939,0.0,taker,,9447.05810082236
2020-06-01 16:00:00+00:00,signal,buy,1.563,9542.44,14914.83372,0.20880767208000003,-0.0,0.010748613023067892,0.0,1.563,maker,9542.44,
2020-06-01 20:00:00+00:00,signal,sell,1.407,9565.460820982174,13458.60337512192,3.768408945034137,2.131360353096884,0.019999628883742276,32.39029512191878,0.15599999999999992,taker,,
2020-06-01 20:01:00+00:00,signal,sell,0.156,9570.886329701969,1493.0582674335071,0.41805631488138195,1.2992618132320863,0.00139933801342119,4.4376274335070605,0.0,taker,,
2020-06-02 08:00:00+00:00,signal,buy,1.792,10126.33,18146.38336,0.25404936704000003,-0.0,0.0063085740562145035,0.0,1.792,maker,10126.33,
2020-06-02 12:00:00+00:00,signal,sell,1.1460000000000001,10120.18527871748,11597.732329410233,3.247365052234865,1.4668738286479523,0.0034057995605687123,-7.041850589768551,0.6459999999999999,taker,,
2020-06-02 14:46:00+00:00,stop_loss,sell,0.6459999999999999,9848.922489528017,6362.403928235098,1.7814730999058273,1.0,,-179.2052517649011,0.0,taker,,9849.907480276044
2020-06-15 12:00:00+00:00,signal,sell,0.166,9111.41,1512.49406,0.021174916840000002,-0.0,0.000809149100887527,0.0,-0.166,maker,9111.41,
2020-06-15 16:04:00+00:00,stop_loss,buy,0.166,9338.343125126125,1550.1649587709367,0.43404618845586224,1.0,,-37.670898770936695,0.0,taker,,9337.409384187706
2020-06-20 00:00:00+00:00,signal,sell,0.037,9307.0,344.359,0.004821026,-0.0,0.0002161800757295065,0.0,-0.037,maker,9307.0,
2020-06-20 04:00:00+00:00,signal,buy,0.037,9324.964538136133,345.0236879110369,0.09660663261509032,1.1095515905118278,0.00018752423411986242,-0.6646879110369336,0.0,taker,,
2020-06-24 00:00:00+00:00,signal,buy,1.885,9631.65,18155.66025,0.25417924350000004,-0.0,0.019994549361161275,0.0,1.885,maker,9631.65,
2020-06-24 00:01:00+00:00,signal,buy,0.404,9632.0,3891.3280000000004,0.05447859200000001,-0.0,0.003417924156605291,0.0,2.289,maker,9632.0,
2020-06-24 08:00:00+00:00,signal,sell,1.739,9517.730852890114,16551.33395317591,4.634373506889254,1.207229327279436,0.0006709999075732447,-198.2128212889246,0.55,taker,,
2020-06-24 08:00:00+00:00,stop_loss,sell,0.55,9495.494224733502,5222.521823603426,1.4623061106089592,1.0,,-74.91965193174238,0.0,taker,,9496.443869120414
2020-06-26 04:00:00+00:00,signal,sell,0.145,9241.99,1340.08855,0.0187612397,-0.0,0.0004045301995864742,0.0,-0.145,maker,9241.99,
2020-06-27 12:00:00+00:00,signal,buy,0.145,9158.251584284568,1327.9464797212622,0.37182501432195336,1.421416830458513,0.0027748772655265498,12.142070278737636,0.0,taker,,
2020-06-28 00:00:00+00:00,signal,sell,0.128,9008.0,1153.0240000000001,0.016142336000000004,-0.0,0.0018630157085212657,0.0,-0.128,maker,9008.0,
2020-06-28 08:00:00+00:00,signal,sell,0.012,9021.73,108.26075999999999,0.00151565064,-0.0,7.945826362147091e-05,0.0,-0.14,maker,9021.73,
2020-06-28 14:52:00+00:00,stop_loss,buy,0.14,9176.021639513452,1284.6430295318835,0.3597000482689273,1.0,,-23.35826953188338,0.0,taker,,9175.104129100542
2020-06-29 04:00:00+00:00,signal,sell,0.149,9093.0,1354.857,0.018967998000000003,-0.0,0.0004932182607836554,0.0,-0.149,maker,9093.0,
2020-06-29 17:59:00+00:00,stop_loss,buy,0.149,9159.280616951026,1364.732811925703,0.38212518733919676,1.0,,-9.875811925702855,0.0,taker,,9158.364780472979
2020-06-30 12:00:00+00:00,signal,sell,0.148,9150.75,1354.311,0.018960354000000002,-0.0,0.000648250442531628,0.0,-0.148,maker,9150.75,
2020-06-30 20:00:00+00:00,signal,buy,0.148,9134.507459212016,1351.9071039633784,0.3785339891097459,1.245388298093147,0.0009408658881414239,2.403896036621583,0.0,taker,,
2020-07-04 16:00:00+00:00,signal,sell,0.214,9066.49,1940.22886,0.027163204040000003,-0.0,0.001085022138035293,0.0,-0.214,maker,9066.49,
2020-07-05 00:00:00+00:00,signal,buy,0.158,9138.293930491624,1443.8504410176765,0.4042781234849494,1.219118471588478,0.0007502016342386029,-11.345021017676554,-0.055999999999999994,taker,,
2020-07-06 06:20:00+00:00,stop_loss,buy,0.055999999999999994,9152.999437110457,512.5679684781855,0.14351903117389195,1.0,,-4.8445284781855875,0.0,taker,,9152.084228687589
2020-07-22 08:00:00+00:00,signal,buy,3.665,9301.44,34089.7776,0.4772568864000001,-0.0,0.005859552712894133,0.0,3.665,maker,9301.44,
2020-07-22 22:32:00+00:00,take_profit,sell,3.665,9494.194105045233,34796.22139499078,9.742941990597418,1.0,,706.4437949907782,0.0,taker,,9495.143619407174
2020-07-23 16:00:00+00:00,signal,buy,4.76,9527.39,45350.376399999994,0.6349052695999999,-0.0,0.00952015704990116,0.0,4.76,maker,9527.39,
2020-07-23 20:00:00+00:00,signal,sell,0.39,9596.073353429683,3742.4686078375767,1.0478912101945215,1.2676980380058982,0.0011197224930032397,26.7865078375767,4.37,taker,,
2020-07-24 06:46:00+00:00,stop_loss,sell,4.37,9484.030232167961,41445.21211457399,11.604659392080716,1.0,,-189.48218542600787,0.0,taker,,9484.978730040964
2020-07-24 08:00:00+00:00,signal,buy,1.039,9514.3,9885.357699999999,0.1383950078,-0.0,0.019982017740755066,0.0,1.039,maker,9514.3,
2020-07-24 08:01:00+00:00,signal,buy,1.379,9514.17,13120.040430000001,0.18368056602000002,-0.0,0.019988933972247862,0.0,2.418,maker,9514.17,
2020-07-24 08:02:00+00:00,signal,buy,0.725,9515.05,6898.411249999999,0.0965777575,-0.0,0.009161754473771808,0.0,3.1430000000000002,maker,9515.05,
2020-07-26 08:48:00+00:00,take_profit,sell,3.1430000000000002,9747.517096658794,30636.44623479859,8.578204945743604,1.0,,732.6368547985904,0.0,taker,,9748.491945853379
2020-07-27 04:00:00+00:00,signal,buy,0.935,10277.22,9609.2007,0.1345288098,-0.0,0.0010388730026993972,0.0,0.935,maker,10277.22,
2020-07-27 08:00:00+00:00,signal,buy,1.6360000000000001,10167.99,16634.83164,0.23288764296000003,-0.0,0.0016533489967803044,0.0,2.571,maker,10167.99,
2020-07-27 12:00:00+00:00,signal,sell,1.682,10268.133398265274,17271.00037588219,4.835880105247013,1.389155654891372,0.002366283183342698,101.62565947612549,0.8890000000000002,taker,,
2020-07-27 17:01:00+00:00,take_profit,sell,0.8890000000000002,10854.964923929712,9650.063817373517,2.7020178688645844,1.0,,575.4061937795832,0.0,taker,,10856.05052898261
2020-07-27 20:00:00+00:00,signal,buy,0.774,10806.52,8364.24648,0.11709945072000001,-0.0,0.0011653690776238165,0.0,0.774,maker,10806.52,
2020-07-27 21:38:00+00:00,take_profit,sell,0.774,10854.964923929712,8401.742851121597,2.352487998314047,1.0,,37.496371121596994,0.0,taker,,10856.05052898261
2020-07-28 16:00:00+00:00,signal,buy,0.595,11165.07,6643.216649999999,0.0930050331,-0.0,0.0005472637694204193,0.0,0.595,maker,11165.07,
2020-07-30 13:05:00+00:00,stop_loss,sell,0.595,10853.752926471781,6457.982991250709,1.8082352375501984,1.0,,-185.2336587492899,0.0,taker,,10854.838410312812
2020-08-01 08:00:00+00:00,signal,buy,1.572,11666.32,18339.45504,0.25675237056000005,-0.0,0.0031194866070482705,0.0,1.572,maker,11666.32,
2020-08-01 12:00:00+00:00,signal,sell,1.0170000000000001,11666.976334843599,11865.31493253594,3.3222881811100633,1.7342232894003198,0.008423184979653525,0.6674925359405134,0.5549999999999999,taker,,
2020-08-01 16:00:00+00:00,signal,buy,1.033,11642.13,12026.320289999998,0.16836848406,-0.0,0.0038817335579381957,0.0,1.5879999999999999,maker,11642.13,
2020-08-01 20:00:00+00:00,signal,sell,1.033,11789.211345548289,12178.25531995138,3.4099114895863862,1.4491273384185772,0.003151802595546175,143.2017240005017,0.5549999999999999,taker,,
2020-08-02 00:00:00+00:00,signal,buy,1.035,11811.43,12224.830049999999,0.1711476207,-0.0,0.0020683936205626663,0.0,1.5899999999999999,maker,11811.43,
2020-08-02 04:00:00+00:00,signal,sell,1.027,12024.926068449704,12349.599072297844,3.457887740243396,1.2338940301352985,0.0008547877708270621,276.92060604725214,0.563,taker,,
2020-08-02 04:38:00+00:00,stop_loss,sell,0.563,11457.720172199957,6450.696456948575,1.8061950079456008,1.0,,-167.52942084994822,0.0,taker,,11458.866058805837
2020-08-28 00:00:00+00:00,signal,buy,0.016,11335.83,181.37328,0.00253922592,-0.0,3.831184382087091e-05,0.0,0.016,maker,11335.83,
2020-08-28 04:00:00+00:00,signal,sell,0.016,11382.650984450669,182.1224157512107,0.05099427641033899,1.0708270116684753,7.838227471697414e-05,0.7491357512107061,0.0,taker,,
2020-09-04 04:00:00+00:00,signal,sell,0.029,10269.79,297.82391,0.00416953474,-0.0,0.00030227970837055543,0.0,-0.029,maker,10269.79,
2020-09-07 22:41:00+00:00,stop_loss,buy,0.029,10340.930337488746,299.88697978717363,0.08396835434040861,1.0,,-2.063069787173605,0.0,taker,,10339.89634785396
2020-09-08 16:00:00+00:00,signal,sell,0.029,10102.36,292.96844000000004,0.004101558160000001,-0.0,0.00021583110236133283,0.0,-0.029,maker,10102.36,
2020-09-09 08:00:00+00:00,signal,buy,0.029,10193.006115923954,295.5971773617947,0.08276720966130251,1.0656637061060978,6.737066093106236e-05,-2.628737361794649,0.0,taker,,
2020-09-10 12:00:00+00:00,signal,sell,0.023,10293.11,236.74153,0.0033143814200000004,-0.0,0.00017241212817667575,0.0,-0.023,maker,10293.11,
2020-09-10 16:00:00+00:00,signal,sell,0.002,10414.51,20.82902,0.00029160628000000005,-0.0,3.842743126297938e-06,0.0,-0.025,maker,10414.51,
2020-09-11 08:00:00+00:00,signal,buy,0.025,10261.184208568835,256.5296052142209,0.07182828945998185,1.1541993848302416,0.0003715226606566403,1.0409447857791292,0.0,taker,,
2020-09-22 12:00:00+00:00,signal,sell,0.034,10449.99,355.29966,0.004974195240000001,-0.0,9.268303547726786e-05,0.0,-0.034,maker,10449.99,
2020-09-22 20:00:00+00:00,signal,sell,0.12,10487.06,1258.4471999999998,0.0176182608,-0.0,0.002683528239989316,0.0,-0.154,maker,10487.06,
2020-09-24 15:23:00+00:00,stop_loss,buy,0.154,10459.567427562568,1610.7733838446354,0.4510165474764979,1.0,,2.9734761553642057,0.0,taker,,10458.521575405028
2020-10-09 20:00:00+00:00,signal,buy,1.72,11035.02,18980.2344,0.2657232816,-0.0,0.019997352780603002,0.0,1.72,maker,11035.02,
2020-10-09 20:01:00+00:00,signal,buy,1.663,11043.99,18366.15537,0.25712617518,-0.0,0.018020534691413855,0.0,3.383,maker,11043.99,
2020-10-10 02:07:00+00:00,take_profit,sell,3.383,11363.573745420323,38442.96998075695,10.764031594611945,1.0,,1096.580210756951,0.0,taker,,11364.710216441967
2020-10-10 20:00:00+00:00,signal,buy,3.166,11353.93,35946.54238,0.50325159332,-0.0,0.012106626968618289,0.0,3.166,maker,11353.93,
2020-10-12 10:42:00+00:00,stop_loss,sell,3.166,11220.703267890718,35524.746546142014,9.946929032919764,1.0,,-421.79583385798753,0.0,taker,,11221.825450435761
2020-10-12 12:00:00+00:00,signal,buy,2.367,11246.31,26620.015769999998,0.37268022078,-0.0,0.008600087099872408,0.0,2.367,maker,11246.31,
2020-10-12 16:00:00+00:00,signal,buy,0.634,11551.67,7323.75878,0.10253262292000001,-0.0,0.0010668058924484844,0.0,3.001,maker,11551.67,
2020-10-13 04:00:00+00:00,signal,sell,0.86,11458.888316365214,9854.643952074084,2.759300306580743,1.7901530195480533,0.009755340535951661,127.33768316371956,2.141,taker,,
2020-10-13 13:40:00+00:00,stop_loss,sell,2.141,11343.778444773752,24287.029650260603,6.800368302072968,1.0,,70.5613691709645,0.0,taker,,11344.91293606736
2020-10-14 16:00:00+00:00,signal,buy,2.0100000000000002,11319.81,22752.8181,0.31853945340000006,-0.0,0.0016898904931151814,0.0,2.0100000000000002,maker,11319.81,
2020-10-15 04:00:00+00:00,signal,buy,0.223,11378.41,2537.38543,0.03552339602,-0.0,0.003303250005074132,0.0,2.233,maker,11378.41,
2020-10-15 16:00:00+00:00,signal,sell,0.6890000000000001,11393.541566543401,7850.150139348404,2.198042039017553,1.6484109024498796,0.006569323412747928,46.76893371920551,1.544,taker,,
2020-10-15 20:00:00+00:00,signal,buy,0.7000000000000001,11518.48,8062.936000000001,0.11288110400000002,-0.0,0.002437902711973066,0.0,2.244,maker,11518.48,
2020-10-16 04:19:00+00:00,stop_loss,sell,2.244,11305.18696929885,25368.839559106622,7.103275076549854,1.0,,-180.91876526418187,0.0,taker,,11306.317601058956
2020-10-17 00:00:00+00:00,signal,buy,0.498,11319.51,5637.1159800000005,0.07891962372000001,-0.0,0.006664275158190985,0.0,0.498,maker,11319.51,
2020-10-17 04:00:00+00:00,signal,sell,0.498,11356.898222958076,5655.735315033122,1.583605888209274,1.5950552852591966,0.005532668633045372,18.61933503312178,0.0,taker,,
2020-10-19 20:00:00+00:00,signal,buy,2.281,11687.68,26659.598080000003,0.3732343731200001,-0.0,0.014872487106493162,0.0,2.281,maker,11687.68,
2020-10-21 02:57:00+00:00,take_profit,sell,2.281,12076.849347683668,27547.293362066448,7.713242141378605,1.0,,887.695282066447,0.0,taker,,12078.057153399008
2020-10-21 20:00:00+00:00,signal,buy,2.2,12680.0,27896.000000000004,0.3905440000000001,-0.0,0.011863909600665799,0.0,2.2,maker,12680.0,
2020-10-23 16:41:00+00:00,stop_loss,sell,2.2,12743.52682317081,28035.759010975784,7.850012523073219,1.0,,139.75901097578318,0.0,taker,,12744.801303301141
2020-10-25 20:00:00+00:00,signal,buy,0.359,13038.34,4680.7640599999995,0.06553069684,-0.0,0.0022479583335620534,0.0,0.359,maker,13038.34,
2020-10-26 12:00:00+00:00,signal,buy,1.195,13139.8,15702.061,0.21982885400000002,-0.0,0.005382526440906002,0.0,1.554,maker,13139.8,
2020-10-26 16:00:00+00:00,signal,sell,1.185,12972.353710441866,15372.239146873613,4.304226961124611,1.2689144120032272,0.0011299212653600233,-170.64868845457335,0.369,taker,,
2020-10-26 16:39:00+00:00,stop_loss,sell,0.369,12819.6219036602,4730.440482450614,1.3245233350861718,1.0,,-109.49674222120093,0.0,taker,,12820.903994059605
2020-10-27 04:00:00+00:00,signal,buy,0.377,13079.14,4930.835779999999,0.06903170092,-0.0,0.0022657476051508034,0.0,0.377,maker,13079.14,
2020-10-27 12:00:00+00:00,signal,buy,1.091,13448.85,14672.69535,0.2054177349,-0.0,0.0012317534959075697,0.0,1.468,maker,13448.85,
2020-10-27 16:00:00+00:00,signal,buy,0.032,13605.16,435.36512,0.00609511168,-0.0,1.0333593256722059e-05,0.0,1.5,maker,13605.16,
2020-10-27 17:35:00+00:00,take_profit,sell,1.5,13663.357892422882,20495.036838634325,5.738610314817611,1.0,,456.14058863432456,0.0,taker,,13664.724364859369
2020-10-27 20:00:00+00:00,signal,buy,1.443,13650.01,19696.96443,0.27575750202000004,-0.0,0.006598413358503867,0.0,1.443,maker,13650.01,
2020-10-27 20:16:00+00:00,take_profit,sell,1.443,13663.357892422882,19716.22543876622,5.520543122854542,1.0,,19.261008766218826,0.0,taker,,13664.724364859369
2020-11-01 00:00:00+00:00,signal,buy,1.184,13783.73,16319.936319999999,0.22847910848,-0.0,0.0003940612574512283,0.0,1.184,maker,13783.73,
2020-11-01 04:00:00+00:00,signal,sell,0.013000000000000001,13678.671387613642,177.82272803897735,0.04979036385091365,1.0662269922566092,6.853147661495262e-05,-1.3657619610226504,1.171,taker,,
2020-11-01 08:00:00+00:00,signal,buy,0.026000000000000002,13784.71,358.40246,0.005017634440000001,-0.0,0.00018941054315969546,0.0,1.197,maker,13784.71,
2020-11-02 11:22:00+00:00,stop_loss,sell,1.197,13412.25399944554,16054.468037336312,4.495251050454167,1.0,,-444.6822526636894,0.0,taker,,13413.595358981438
2020-11-03 04:00:00+00:00,signal,buy,0.311,13386.49,4163.19839,0.05828477746,-0.0,0.0008764806594104194,0.0,0.311,maker,13386.49,
2020-11-04 00:00:00+00:00,signal,buy,0.934,14016.55,13091.4577,0.18328040780000004,-0.0,0.0009075887707765218,0.0,1.245,maker,14016.55,
2020-11-04 07:47:00+00:00,stop_loss,sell,1.245,13620.356974160384,16957.34443282968,4.748056441192309,1.0,,-297.31165717031956,0.0,taker,,13621.719146074991
2020-11-05 00:00:00+00:00,signal,buy,0.272,14134.32,3844.53504,0.053823490560000006,-0.0,0.0010717976724009437,0.0,0.272,maker,14134.32,
2020-11-05 04:00:00+00:00,signal,buy,0.8310000000000001,14300.55,11883.75705,0.1663725987,-0.0,0.0006833143195870577,0.0,1.1030000000000002,maker,14300.55,
2020-11-05 12:00:00+00:00,signal,buy,0.046,14713.97,676.84262,0.00947579668,-0.0,7.407897835522933e-05,0.0,1.1490000000000002,maker,14713.97,
2020-11-05 13:25:00+00:00,take_profit,sell,1.1490000000000002,14964.833391074691,17194.593566344825,4.81448619857655,1.0,,789.4588563448215,0.0,taker,,14966.330024077099
2020-11-06 08:00:00+00:00,signal,buy,0.969,15738.0,15250.122,0.213501708,-0.0,0.0032468891109911553,0.0,0.969,maker,15738.0,
2020-11-07 15:21:00+00:00,stop_loss,sell,0.969,15195.755734451817,14724.68730668381,4.122912445871466,1.0,,-525.434693316189,0.0,taker,,15197.275461998017
2020-11-08 20:00:00+00:00,signal,buy,0.184,15342.5,2823.02,0.03952228000000001,-0.0,0.0002848149709965096,0.0,0.184,maker,15342.5,
2020-11-09 04:00:00+00:00,signal,buy,0.025,15433.37,385.83425000000005,0.005401679500000001,-0.0,6.79062044123596e-05,0.0,0.209,maker,15433.37,
2020-11-09 12:00:00+00:00,signal,buy,0.604,15807.89,9547.965559999999,0.13367151784,-0.0,0.000356214630936043,0.0,0.813,maker,15807.89,
2020-11-09 13:47:00+00:00,stop_loss,sell,0.813,15209.19823895077,12365.078168266975,3.4622218871147528,1.0,,-391.74164173302387,0.0,taker,,15210.719310881857
2020-11-13 04:00:00+00:00,signal,buy,0.846,16432.35,13901.768099999998,0.1946247534,-0.0,0.010269921381148772,0.0,0.846,maker,16432.35,
2020-11-13 08:00:00+00:00,signal,sell,0.635,16250.599662419114,10319.130785636138,2.8893566199781184,1.6429540522535477,0.006459217395457155,-115.41146436386177,0.21099999999999997,taker,,
2020-11-13 12:00:00+00:00,signal,buy,0.001,16221.99,16.22199,0.00022710786000000005,-0.0,3.532095574345299e-06,0.0,0.21199999999999997,maker,16221.99,
2020-11-13 16:00:00+00:00,signal,buy,0.002,16101.81,32.20362,0.0004508506800000001,-0.0,3.0385180564294974e-06,0.0,0.21399999999999997,maker,16101.81,
2020-11-13 20:00:00+00:00,signal,buy,0.645,16282.0,10501.89,0.14702646,-0.0,0.005162215953910573,0.0,0.859,maker,16282.0,
2020-11-14 04:00:00+00:00,signal,sell,0.636,16174.455796536742,10286.953886597368,2.880347088247263,1.58509012368059,0.005348913325446378,-91.57506399634462,0.22299999999999998,taker,,
2020-11-14 08:21:00+00:00,stop_loss,sell,0.22299999999999998,15926.82275045414,3551.681473351273,0.9944708125383563,1.0,,-87.33103605501299,0.0,taker,,15928.41559201334
2020-11-15 04:00:00+00:00,signal,buy,0.225,15923.8,3582.855,0.050159970000000005,-0.0,0.0012670155396755053,0.0,0.225,maker,15923.8,
2020-11-15 16:00:00+00:00,signal,sell,0.225,16019.79316268335,3604.453461603754,1.009246969249051,1.3773794261949126,0.002225237989300022,21.59846160375405,0.0,taker,,
2020-11-17 20:00:00+00:00,signal,buy,1.183,17693.48,20931.38684,0.29303941576000003,-0.0,0.004709176201760164,0.0,1.183,maker,17693.48,
2020-11-18 12:00:00+00:00,signal,sell,0.8190000000000001,18257.620829559233,14952.991459409013,4.186837608634523,1.2974653550022244,0.0013825880847906145,462.03133940901245,0.364,taker,,
2020-11-18 15:19:00+00:00,stop_loss,sell,0.364,17469.27016165215,6358.814338841383,1.780468014875587,1.0,,-81.61238115861661,0.0,taker,,17471.01726337849
2020-11-18 16:00:00+00:00,signal,buy,0.71,17880.9,12695.439,0.177736146,-0.0,0.00048154756248350967,0.0,0.71,maker,17880.9,
2020-11-18 19:51:00+00:00,stop_loss,sell,0.71,17595.38600437719,12492.724063107804,3.4979627376701847,1.0,,-202.71493689219668,0.0,taker,,17597.145718949083
2020-11-19 20:00:00+00:00,signal,buy,0.242,17974.75,4349.8895,0.06089845300000001,-0.0,0.0016112024104444412,0.0,0.242,maker,17974.75,
2020-11-20 00:00:00+00:00,signal,buy,0.448,17811.68,7979.632640000001,0.11171485696000003,-0.0,0.00164699878411086,0.0,0.69,maker,17811.68,
2020-11-20 04:00:00+00:00,signal,sell,0.444,17966.167376195426,7976.978315030769,2.2335539282086154,1.559701977672139,0.004894785997032869,43.19885103076782,0.24599999999999994,taker,,
2020-11-20 08:00:00+00:00,signal,buy,0.455,18221.69,8290.86895,0.11607216530000002,-0.0,0.0011154150592799146,0.0,0.701,maker,18221.69,
2020-11-20 12:00:00+00:00,signal,sell,0.451,18281.588413287416,8244.996374392626,2.308598984829935,1.3025544849308546,0.0014303002554964801,82.85394454098413,0.24999999999999994,taker,,
2020-11-20 16:00:00+00:00,signal,buy,0.451,18678.74,8424.11174,0.11793756436000001,-0.0,0.0005702132833578034,0.0,0.701,maker,18678.74,
2020-11-20 20:00:00+00:00,signal,sell,0.457,18637.31993304852,8517.255209403173,2.3848314586328883,1.4378041585194519,0.0029948825190144576,75.74096144340002,0.24399999999999994,taker,,
2020-11-21 00:00:00+00:00,signal,buy,0.47000000000000003,18662.85,8771.539499999999,0.122801553,-0.0,0.0012908006841538641,0.0,0.714,maker,18662.85,
2020-11-21 20:00:00+00:00,signal,sell,0.461,18706.951040286174,8623.904429571927,2.414693240280139,1.437205480076505,0.0029866973720144886,50.462618990780015,0.25299999999999995,taker,,
2020-11-22 00:00:00+00:00,signal,buy,0.485,18721.99,9080.16515,0.12712231210000002,-0.0,0.0012482307223018161,0.0,0.738,maker,18721.99,
2020-11-22 04:00:00+00:00,signal,sell,0.482,18583.647988012577,8957.318330222062,2.5080491324621774,1.3676885835247719,0.002112420225850831,-46.10827181965304,0.256,taker,,
2020-11-22 09:00:00+00:00,stop_loss,sell,0.256,18175.45280259655,4652.915917464717,1.3028164568901206,1.0,,-128.98700810100792,0.0,taker,,18177.27052964951
2020-11-23 00:00:00+00:00,signal,buy,0.055,18434.17,1013.8793499999999,0.0141943109,-0.0,9.268406280321121e-05,0.0,0.055,maker,18434.17,
2020-11-23 04:00:00+00:00,signal,buy,0.004,18390.41,73.56164,0.0010298629600000002,-0.0,9.757406192377644e-06,0.0,0.059,maker,18390.41,
2020-11-25 04:00:00+00:00,signal,sell,0.059000000000000004,18823.009254846922,1110.5575460359685,0.31095611289007113,1.0575007453268028,5.166149551777863e-05,23.11655603596842,0.0,taker,,
2020-11-25 20:00:00+00:00,signal,buy,0.057,18995.44,1082.74008,0.015158361120000002,-0.0,0.00018238764215114357,0.0,0.057,maker,18995.44,
2020-11-26 00:00:00+00:00,signal,sell,0.057,18739.659068296773,1068.160566892916,0.29908495873001645,1.0676384606407165,7.148377121634001e-05,-14.579513107083887,0.0,taker,,
2020-11-30 16:00:00+00:00,signal,buy,0.602,19340.45,11642.9509,0.1630013126,-0.0,0.00035276106980980447,0.0,0.602,maker,19340.45,
2020-12-01 12:00:00+00:00,signal,sell,0.403,19437.772554992585,7833.422339662013,2.1933582551053634,1.140661598804761,0.00030915133403611774,39.220989662011604,0.19899999999999995,taker,,
2020-12-01 12:26:00+00:00,stop_loss,sell,0.19899999999999995,18948.86539033309,3770.824212676284,1.0558307795493593,1.0,,-77.92533732371547,0.0,taker,,18950.760466379725
2020-12-01 16:00:00+00:00,signal,buy,0.516,19276.0,9946.416000000001,0.13924982400000002,-0.0,0.0015998602157063044,0.0,0.516,maker,19276.0,
2020-12-01 17:06:00+00:00,stop_loss,sell,0.516,18948.86539033309,9777.614541411875,2.7377320715953246,1.0,,-168.80145858812622,0.0,taker,,18950.760466379725
2020-12-02 16:00:00+00:00,signal,buy,0.519,18898.98,9808.57062,0.13731998868000003,-0.0,0.001838667132468122,0.0,0.519,maker,18898.98,
2020-12-02 20:00:00+00:00,signal,sell,0.519,19103.172717489484,9914.546640377042,2.776073059305572,1.4797877685102137,0.0035968172314376637,105.97602037704246,0.0,taker,,
2020-12-03 00:00:00+00:00,signal,buy,0.529,19207.01,10160.50829,0.14224711606,-0.0,0.0032839013470930723,0.0,0.529,maker,19207.01,
2020-12-03 04:00:00+00:00,signal,sell,0.529,19093.17999221563,10100.29221588207,2.8280818204469793,1.4715172056379664,0.0034738824251974425,-60.21607411793009,0.0,taker,,
2020-12-13 04:00:00+00:00,signal,buy,0.844,18777.16,15847.92304,0.22187092256000002,-0.0,0.009581536346330207,0.0,0.844,maker,18777.16,
2020-12-15 20:00:00+00:00,signal,sell,0.844,19530.22648937091,16483.511157029046,4.615383123968132,1.522285457113983,0.0042622202923869095,635.5881170290487,0.0,taker,,
2020-12-16 16:00:00+00:00,signal,buy,1.129,20666.49,23332.467210000003,0.32665454094000007,-0.0,0.0008759582589593038,0.0,1.129,maker,20666.49,
2020-12-17 05:58:00+00:00,take_profit,sell,1.129,22269.225901063375,25141.95604230055,7.039747691844153,1.0,,1809.488832300549,0.0,taker,,22271.453046368013
2020-12-18 00:00:00+00:00,signal,buy,0.803,22816.99,18322.042970000002,0.25650860158000005,-0.0,0.004755096798406567,0.0,0.803,maker,22816.99,
2020-12-18 12:00:00+00:00,signal,sell,0.525,22906.77102780846,12026.054789599442,3.3672953410878437,1.4094160591619285,0.0026190860859325597,47.13503959944046,0.278,taker,,
2020-12-18 16:00:00+00:00,signal,sell,0.278,22561.07221567507,6271.978075957671,1.7561538612681475,1.204489283462502,0.0006533729226719925,-71.14514404233078,0.0,taker,,
2020-12-19 08:00:00+00:00,signal,buy,0.607,22876.11,13885.79877,0.19440118278000001,-0.0,0.0012783670249925892,0.0,0.607,maker,22876.11,
2020-12-19 16:00:00+00:00,signal,buy,0.232,23569.03,5468.01496,0.07655220944000002,-0.0,0.0003279736228815009,0.0,0.839,maker,23569.03,
2020-12-19 20:00:00+00:00,signal,sell,0.549,23821.73134027667,13078.130505811892,3.6618765416273296,1.392928754956189,0.0024123907261159503,413.954417885789,0.2899999999999999,taker,,
2020-12-21 00:00:00+00:00,signal,buy,0.301,23472.96,7065.360959999999,0.09891505344,-0.0,0.0012601027611961744,0.0,0.591,maker,23472.96,
2020-12-21 04:00:00+00:00,signal,sell,0.384,23959.48666818631,9200.442880583543,2.5761240065633917,1.3826981044330446,0.002288403736510086,263.1849056319762,0.20699999999999996,taker,,
2020-12-21 08:00:00+00:00,signal,buy,0.393,23997.36,9430.96248,0.13203347472000002,-0.0,0.0017113515193751972,0.0,0.6,maker,23997.36,
2020-12-21 10:16:00+00:00,stop_loss,sell,0.6,23062.348845422264,13837.409307253358,3.87447460603094,1.0,,-411.2937998689704,0.0,taker,,23064.65531095336
2020-12-27 00:00:00+00:00,signal,buy,0.529,26508.84,14023.176360000001,0.19632446904000003,-0.0,0.001013774567675613,0.0,0.529,maker,26508.84,
2020-12-27 20:00:00+00:00,signal,sell,0.367,27114.329488582644,9950.95892230983,2.786268498246752,1.228170652392723,0.0008134663533331373,222.2146423098301,0.16200000000000003,taker,,
2020-12-27 20:46:00+00:00,stop_loss,sell,0.16200000000000003,26529.14722528213,4297.721850495705,1.2033621181387975,1.0,,3.289770495704958,0.0,taker,,26531.80040532266
2020-12-28 16:00:00+00:00,signal,buy,0.444,26944.25,11963.247,0.167485458,-0.0,0.0007542457003144174,0.0,0.444,maker,26944.25,
2020-12-28 20:00:00+00:00,signal,sell,0.28600000000000003,27024.574311175544,7729.028252996206,2.1641279108389373,1.2785574177824623,0.0012124099219005197,22.9727529962055,0.15799999999999997,taker,,
2020-12-29 08:00:00+00:00,signal,buy,0.294,26457.74,7778.57556,0.10890005784000001,-0.0,0.0019353653004175878,0.0,0.45199999999999996,maker,26457.74,
2020-12-29 12:00:00+00:00,signal,sell,0.289,26901.652281872226,7774.577509461073,2.1768817026491,1.1439319880828565,0.00032369401864817986,79.1423759654982,0.16299999999999998,taker,,
2020-12-29 16:00:00+00:00,signal,buy,0.304,26636.84,8097.59936,0.11336639104000001,-0.0,0.0008551642483836902,0.0,0.46699999999999997,maker,26636.84,
2020-12-29 20:00:00+00:00,signal,sell,0.302,26954.003829871323,8140.109156621139,2.2792305638539188,1.1633912680184952,0.0004171360385108091,96.73603344268918,0.16499999999999998,taker,,
2020-12-30 00:00:00+00:00,signal,buy,0.312,27402.83,8549.68296,0.11969556144000001,-0.0,0.0003112969707458715,0.0,0.477,maker,27402.83,
2020-12-30 04:00:00+00:00,signal,sell,0.31,28107.423605501084,8713.301317705336,2.439724368957494,1.1370771967719897,0.0002935962167947934,300.9014262356256,0.16699999999999998,taker,,
2020-12-30 08:00:00+00:00,signal,buy,0.308,28437.38,8758.71304,0.12262198256000002,-0.0,0.0008401210040203339,0.0,0.475,maker,28437.38,
2020-12-30 12:00:00+00:00,signal,sell,0.317,27868.431009711752,8834.292630078626,2.473601936422015,1.323541333865926,0.0016356092924959796,-35.40358924439785,0.15799999999999997,taker,,
2021-01-01 01:14:00+00:00,take_profit,sell,0.15799999999999997,29377.871642904734,4641.703719578947,1.299677041482105,1.0,,220.8456670457061,0.0,taker,,29380.809723877122
2021-01-01 08:00:00+00:00,signal,buy,0.459,29107.72,13360.443480000002,0.18704620872000005,-0.0,0.0012096896093149378,0.0,0.459,maker,29107.72,
2021-01-01 11:22:00+00:00,take_profit,sell,0.459,29377.871642904734,13484.443084093275,3.7756440635461166,1.0,,123.9996040932726,0.0,taker,,29380.809723877122
2021-01-03 00:00:00+00:00,signal,buy,0.179,32198.41,5763.51539,0.08068921546,-0.0,0.0004159667269579025,0.0,0.179,maker,32198.41,
2021-01-03 16:00:00+00:00,signal,sell,0.179,33535.11735041458,6002.786005724209,1.6807800816027783,1.1010079324279944,0.00015941566270903575,239.27061572420934,0.0,taker,,
2021-01-07 08:00:00+00:00,signal,buy,0.088,36909.86,3248.0676799999997,0.04547294752,-0.0,0.0001821474866022824,0.0,0.088,maker,36909.86,
2021-01-08 11:09:00+00:00,take_profit,sell,0.088,41443.16044665024,3646.998119305221,1.0211594734054616,1.0,,398.930439305221,0.0,taker,,41447.30517716795
2021-01-10 00:00:00+00:00,signal,buy,0.083,40136.05,3331.29215,0.04663809010000001,-0.0,0.0001621670131827051,0.0,0.083,maker,40136.05,
2021-01-10 17:22:00+00:00,stop_loss,sell,0.083,38315.9780890737,3180.2261813931173,0.8904633307900728,1.0,,-151.065968606883,0.0,taker,,38319.81007008071
2021-01-23 16:00:00+00:00,signal,sell,0.019,31883.57,605.78783,0.00848102962,-0.0,5.725725236317838e-05,0.0,-0.019,maker,31883.57,
2021-01-25 03:47:00+00:00,stop_loss,buy,0.019,33438.41466468076,635.3298786289344,0.17789236601610162,1.0,,-29.54204862893438,0.0,taker,,33435.071157565
2021-02-04 08:00:00+00:00,signal,buy,0.114,37884.42,4318.82388,0.060463534320000005,-0.0,0.00044119702369207684,0.0,0.114,maker,37884.42,
2021-02-04 16:00:00+00:00,signal,sell,0.114,36601.42136609682,4172.562035735038,1.1683173700058105,1.095092696131421,0.0001412909508991053,-146.26184426496192,0.0,taker,,
2021-02-05 08:00:00+00:00,signal,buy,0.114,37708.46,4298.76444,0.060182702160000004,-0.0,0.0005081565374140313,0.0,0.114,maker,37708.46,
2021-02-06 16:00:00+00:00,signal,buy,0.01,40886.91,408.86910000000006,0.0057241674000000015,-0.0,7.90902324073354e-06,0.0,0.124,maker,40886.91,
2021-02-06 20:00:00+00:00,signal,sell,0.004,40254.770590469976,161.0190823618799,0.04508534306132637,1.048066414488678,3.609969065308415e-05,9.159935910266999,0.12,taker,,
2021-02-06 23:41:00+00:00,stop_loss,sell,0.12,39118.079949623054,4694.169593954766,1.3143674863073345,1.0,,138.3952004063793,0.0,taker,,39121.99214883794
2021-02-08 04:00:00+00:00,signal,buy,0.027,38120.84,1029.2626799999998,0.014409677519999999,-0.0,6.483925846938777e-05,0.0,0.027,maker,38120.84,
2021-02-08 12:00:00+00:00,signal,sell,0.002,39491.30806435345,78.9826161287069,0.022115132516037927,1.0233953228796138,8.55220519752152e-06,2.7409361287069043,0.025,taker,,
2021-02-08 12:51:00+00:00,take_profit,sell,0.025,41765.180769292405,1044.1295192323103,0.29235626538504683,1.0,,91.10851923231021,0.0,taker,,41769.35770506291
2021-02-09 08:00:00+00:00,signal,buy,0.114,47614.65,5428.0701,0.0759929814,-0.0,0.00019064580580459097,0.0,0.114,maker,47614.65,
2021-02-10 12:39:00+00:00,stop_loss,sell,0.114,45054.87820232484,5136.256115065033,1.438151712218209,1.0,,-291.8139849349682,0.0,taker,,45059.38414073892
2021-02-11 08:00:00+00:00,signal,buy,0.11900000000000001,44750.11,5325.26309,0.07455368326000002,-0.0,0.00029530885819903477,0.0,0.11900000000000001,maker,44750.11,
2021-02-14 12:15:00+00:00,take_profit,sell,0.11900000000000001,49774.02040070207,5923.108427683547,1.658470359751393,1.0,,597.8453376835466,0.0,taker,,49778.99830053213
2021-02-15 20:00:00+00:00,signal,buy,0.113,48722.76,5505.671880000001,0.07707940632000002,-0.0,0.001292866064051801,0.0,0.113,maker,48722.76,
2021-02-16 00:00:00+00:00,signal,sell,0.113,47976.20839315827,5421.311548426885,1.5179672335595276,1.1236821701917117,0.0002390199878645549,-84.36033157311601,0.0,taker,,
2021-02-16 04:00:00+00:00,signal,buy,0.09,49716.61,4474.4949,0.06264292860000001,-0.0,0.00018461224135886883,0.0,0.09,maker,49716.61,
2021-02-19 16:25:00+00:00,take_profit,sell,0.09,54287.87319628175,4885.908587665357,1.3680544045463,1.0,,411.4136876653572,0.0,taker,,54293.3025265344
2021-02-20 12:00:00+00:00,signal,buy,0.126,56448.5,7112.511,0.09957515400000001,-0.0,0.00031378797384097595,0.0,0.126,maker,56448.5,
2021-02-20 22:42:00+00:00,stop_loss,sell,0.126,54175.69583302673,6826.137674961368,1.9113185489891829,1.0,,-286.37332503863206,0.0,taker,,54181.11394442117
2021-03-01 08:00:00+00:00,signal,sell,0.003,46315.28,138.94584,0.0019452417600000003,-0.0,1.8352062952310418e-05,0.0,-0.003,maker,46315.28,
2021-03-01 16:00:00+00:00,signal,buy,0.003,49189.48928390082,147.56846785170245,0.041319170998476686,1.0123683047403946,2.3902337836135308e-06,-8.622627851702456,0.0,taker,,
2021-03-10 08:00:00+00:00,signal,buy,0.262,54202.1,14200.9502,0.1988133028,-0.0,0.0006918009231775574,0.0,0.262,maker,54202.1,
2021-03-10 12:00:00+00:00,signal,sell,0.17,54921.40837288205,9336.639423389948,2.6142590385491853,1.1982282836041973,0.0006139758190729077,122.28242338994839,0.092,taker,,
2021-03-10 16:00:00+00:00,signal,buy,0.17200000000000001,56374.82,9696.46904,0.13575056656,-0.0,0.00014722719775448224,0.0,0.264,maker,56374.82,
2021-03-10 20:00:00+00:00,signal,sell,0.171,56818.110605324975,9715.89691351057,2.7204511357829597,1.2088688240677117,0.0006816591510535732,205.2770535105714,0.093,taker,,
2021-03-11 08:15:00+00:00,stop_loss,sell,0.093,54482.273409340654,5066.851427068681,1.4187183995792305,1.0,,-105.5909529313188,0.0,taker,,54487.72218155881
2021-03-14 04:00:00+00:00,signal,buy,0.11800000000000001,61432.39,7249.02202,0.10148630828000002,-0.0,0.0002628310848150045,0.0,0.11800000000000001,maker,61432.39,
2021-03-14 16:00:00+00:00,signal,sell,0.11800000000000001,59747.24641657947,7050.175077156378,1.9740490216037858,1.1151711110672073,0.0002072560128821097,-198.84694284362206,0.0,taker,,
2021-03-26 08:00:00+00:00,signal,sell,0.001,53572.31,53.57231,0.0007500123400000001,-0.0,1.5031884488039875e-06,0.0,-0.001,maker,53572.31,
2021-03-26 12:00:00+00:00,signal,sell,0.003,52759.33,158.27799000000002,0.0022158918600000007,-0.0,4.830098604242803e-06,0.0,-0.004,maker,52759.33,
2021-03-26 16:00:00+00:00,signal,buy,0.003,53333.6725863985,160.0010177591955,0.04480028497257473,1.0224579778762843,7.880637035807425e-06,-1.1132927591955013,-0.001,taker,,
2021-03-27 00:00:00+00:00,stop_loss,buy,0.001,55129.6408679416,55.129640867941596,0.015436299443023646,1.0,,-2.1670658679416013,0.0,taker,,55124.12845509609
2021-03-27 12:00:00+00:00,signal,sell,0.005,54480.01,272.40005,0.0038136007000000006,-0.0,1.4322246532421931e-05,0.0,-0.005,maker,54480.01,
2021-03-27 20:00:00+00:00,signal,buy,0.005,55790.071853357185,278.95035926678594,0.07810610059470005,1.036466244742365,2.0777921962657085e-05,-6.550309266785916,0.0,taker,,
2021-04-10 16:00:00+00:00,signal,buy,0.125,60348.7,7543.5875,0.105610225,-0.0,0.00020667239103419466,0.0,0.125,maker,60348.7,
2021-04-10 20:55:00+00:00,stop_loss,sell,0.125,58649.838824378014,7331.229853047252,2.0527443588532304,1.0,,-212.35764695274793,0.0,taker,,58655.7043948175
2021-04-11 04:00:00+00:00,signal,buy,0.121,60343.27,7301.535669999999,0.10222149938,-0.0,0.000610101857175959,0.0,0.121,maker,60343.27,
2021-04-13 15:43:00+00:00,take_profit,sell,0.121,63625.01682356991,7698.627035651959,2.1556155699825483,1.0,,397.0913656519594,0.0,taker,,63631.37996156607
2021-04-13 16:00:00+00:00,signal,buy,0.166,63421.77,10528.01382,0.14739219348000002,-0.0,0.0002246699226304116,0.0,0.166,maker,63421.77,
2021-04-13 16:01:00+00:00,take_profit,sell,0.166,63625.01682356991,10561.752792712605,2.957290781959529,1.0,,33.73897271260548,0.0,taker,,63631.37996156607
2021-04-13 20:00:00+00:00,signal,buy,0.159,63084.72,10030.47048,0.14042658672000002,-0.0,0.0007255706898074851,0.0,0.159,maker,63084.72,
2021-04-13 23:55:00+00:00,take_profit,sell,0.159,63625.01682356991,10116.377674947616,2.8325857489853323,1.0,,85.9071949476154,0.0,taker,,63631.37996156607
2021-04-14 16:00:00+00:00,signal,buy,0.027,63132.48,1704.57696,0.023864077440000003,-0.0,4.976376051979019e-05,0.0,0.027,maker,63132.48,
2021-04-14 20:00:00+00:00,signal,sell,0.027,62235.86155788722,1680.368262062955,0.47050311337762735,1.0617255569681874,5.9531943484889875e-05,-24.20869793704516,0.0,taker,,
2021-04-15 12:00:00+00:00,signal,buy,0.028,62461.25,1748.915,0.024484810000000003,-0.0,0.0001203540002993818,0.0,0.028,maker,62461.25,
2021-04-16 05:00:00+00:00,stop_loss,sell,0.028,61577.18984191853,1724.1613155737189,0.48276516836064126,1.0,,-24.753684426281136,0.0,taker,,61583.3481767362
2021-04-25 04:00:00+00:00,signal,sell,0.017,49680.01,844.5601700000001,0.011823842380000003,-0.0,9.657226436557377e-05,0.0,-0.017,maker,49680.01,
2021-04-25 16:00:00+00:00,signal,buy,0.017,50278.6678980455,854.7373542667737,0.2393264591946966,1.071722005307933,8.037571945923706e-05,-10.177184266773526,0.0,taker,,
2021-04-26 04:00:00+00:00,signal,sell,0.001,52419.73,52.41973,0.00073387622,-0.0,4.984352642126808e-07,0.0,-0.001,maker,52419.73,
2021-04-27 11:50:00+00:00,stop_loss,buy,0.001,55061.361154423204,55.0613611544232,0.015417181123238496,1.0,,-2.641631154423201,0.0,taker,,55055.85556886632
2021-04-28 04:00:00+00:00,signal,sell,0.001,54788.89,54.78889,0.0007670444600000002,-0.0,3.552776263255854e-06,0.0,-0.001,maker,54788.89,
2021-04-28 16:00:00+00:00,signal,buy,0.001,54372.589482490024,54.37258948249003,0.015224325055097207,1.0207439084458032,6.723589650122838e-06,0.4163005175099752,0.0,taker,,
2021-05-13 04:00:00+00:00,signal,sell,0.004,50477.05,201.90820000000002,0.0028267148000000004,-0.0,1.6958659594349495e-06,0.0,-0.004,maker,50477.05,
2021-05-13 12:00:00+00:00,signal,sell,0.001,49813.31,49.81331,0.0006973863400000001,-0.0,6.042196015289779e-06,0.0,-0.005,maker,49813.31,
2021-05-15 04:00:00+00:00,signal,sell,0.012,49677.54,596.13048,0.008345826720000001,-0.0,6.850402286654921e-05,0.0,-0.017,maker,49677.54,
2021-05-16 10:46:00+00:00,stop_loss,buy,0.017,49622.90884082473,843.5894502940205,0.2362050460823257,1.0,,4.262539705979594,0.0,taker,,49617.94704612012
2021-05-17 20:00:00+00:00,signal,sell,0.019,44246.99,840.6928099999999,0.01176969934,-0.0,8.502001762768766e-05,0.0,-0.019,maker,44246.99,
2021-05-19 11:30:00+00:00,take_profit,buy,0.019,37799.529361826695,718.1910578747072,0.201093496204918,1.0,,122.50175212529275,0.0,taker,,37795.74978684801
2021-05-20 08:00:00+00:00,signal,sell,0.021,39946.92,838.88532,0.011744394480000002,-0.0,7.732591287208953e-05,0.0,-0.021,maker,39946.92,
2021-05-23 16:43:00+00:00,take_profit,buy,0.021,31123.915376075016,653.6022228975754,0.1830086224113211,1.0,,185.28309710242465,0.0,taker,,31120.80329574544
2021-05-25 08:00:00+00:00,signal,sell,0.003,38985.22,116.95566000000001,0.0016373792400000003,-0.0,1.4248442514600692e-05,0.0,-0.003,maker,38985.22,
2021-05-26 06:25:00+00:00,stop_loss,buy,0.003,40163.674886555826,120.49102465966747,0.03373748690470689,1.0,,-3.5353646596674735,0.0,taker,,40159.65892066376
2021-06-07 00:00:00+00:00,signal,sell,0.028,35801.71,1002.4478799999999,0.01403427032,-0.0,6.781820660870689e-05,0.0,-0.028,maker,35801.71,
2021-06-08 02:52:00+00:00,take_profit,buy,0.028,32352.616090138723,905.8732505238843,0.2536445101466876,1.0,,96.57462947611573,0.0,taker,,32349.38115202352
2021-06-09 08:00:00+00:00,signal,sell,0.029,34143.5,990.1615,0.013862261000000002,-0.0,3.321972604282268e-05,0.0,-0.029,maker,34143.5,
2021-06-09 12:00:00+00:00,signal,buy,0.029,34936.55480497356,1013.1600893442333,0.2836848250163853,1.0204694684210227,6.546861522488279e-06,-22.99858934423321,0.0,taker,,
2021-06-19 12:00:00+00:00,signal,sell,0.027,35920.0,969.84,0.013577760000000001,-0.0,1.535326642985385e-05,0.0,-0.027,maker,35920.0,
2021-06-19 20:00:00+00:00,signal,sell,0.002,35932.5,71.865,0.00100611,-0.0,3.669578064667426e-06,0.0,-0.028999999999999998,maker,35932.5,
2021-06-20 19:38:00+00:00,stop_loss,buy,0.028999999999999998,35566.799823546266,1031.4371948828416,0.28880241456719563,1.0,,10.267805117158218,0.0,taker,,35563.243499196346
2021-06-21 16:00:00+00:00,signal,sell,0.032,32664.09,1045.25088,0.014633512320000002,-0.0,1.84559871264122e-05,0.0,-0.032,maker,32664.09,
2021-06-22 13:53:00+00:00,take_profit,buy,0.032,28904.58558917469,924.9467388535901,0.2589850868790052,1.0,,120.3041411464099,0.0,taker,,28901.695419632728
2021-06-23 20:00:00+00:00,signal,sell,0.005,32872.71,164.36355,0.0023010897000000003,-0.0,2.790772947379104e-06,0.0,-0.005,maker,32872.71,
2021-06-24 17:00:00+00:00,stop_loss,buy,0.005,34679.03961608205,173.39519808041027,0.04855065546251487,1.0,,-9.03164808041027,0.0,taker,,34675.57205887617
2021-06-26 00:00:00+00:00,signal,sell,0.024,31569.18,757.6603200000001,0.010607244480000002,-0.0,1.4433168050644122e-05,0.0,-0.024,maker,31569.18,
2021-06-26 04:00:00+00:00,signal,buy,0.024,31958.77226841311,767.0105344419147,0.2147629496437361,1.061564097534758,5.92209078948313e-05,-9.350214441914664,0.0,taker,,
2021-06-26 08:00:00+00:00,signal,sell,0.024,30700.0,736.8000000000001,0.010315200000000002,-0.0,1.574742599952611e-05,0.0,-0.024,maker,30700.0,
2021-06-27 01:30:00+00:00,stop_loss,buy,0.024,32810.15043347198,787.4436104033275,0.2204842109129317,1.0,,-50.64361040332751,0.0,taker,,32806.86974649733
2021-07-19 12:00:00+00:00,signal,buy,0.001,31262.94,31.26294,0.00043768116000000005,-0.0,1.2530793159207705e-06,0.0,0.001,maker,31262.94,
2021-07-19 16:00:00+00:00,signal,sell,0.001,30669.891584746936,30.669891584746935,0.008587569643729141,1.0101445125068065,1.6079864687617805e-06,-0.5930484152530626,0.0,taker,,
2021-07-20 08:00:00+00:00,signal,sell,0.011,29797.81,327.77591,0.0045888627400000005,-0.0,2.8894944044262395e-05,0.0,-0.011,maker,29797.81,
2021-07-20 16:00:00+00:00,signal,sell,0.001,29860.12,29.86012,0.00041804168,-0.0,1.3227802722436781e-06,0.0,-0.012,maker,29860.12,
2021-07-21 04:30:00+00:00,stop_loss,buy,0.012,30640.26554802538,367.6831865763046,0.10295129224136527,1.0,,-10.047156576304594,0.0,taker,,30637.201827842597
2021-07-29 04:00:00+00:00,signal,buy,0.292,39595.02,11561.745839999998,0.16186444175999998,-0.0,0.0012169806959952763,0.0,0.292,maker,39595.02,
2021-07-30 04:00:00+00:00,signal,sell,0.292,39946.01059199412,11664.235092862282,3.2659858260014385,1.3014394322161325,0.0014197770514810038,102.48925286228389,0.0,taker,,
2021-07-30 08:00:00+00:00,signal,buy,0.336,39730.0,13349.28,0.18688992000000004,-0.0,0.0012563274431698188,0.0,0.336,maker,39730.0,
2021-07-30 12:00:00+00:00,signal,sell,0.336,38632.77815044157,12980.613458548369,3.634571768393543,1.1780963017971133,0.0004955983236532574,-368.6665414516329,0.0,taker,,
2021-07-31 04:00:00+00:00,signal,buy,0.317,41824.69,13258.426730000001,0.18561797422000004,-0.0,0.001759827806847922,0.0,0.317,maker,41824.69,
2021-08-01 16:00:00+00:00,signal,sell,0.317,41298.60697483851,13091.65841102381,3.6656643550866663,1.2379091184749176,0.0008843866977111299,-166.76831897619226,0.0,taker,,
2021-08-03 20:00:00+00:00,signal,buy,0.09,38015.27,3421.3742999999995,0.0478992402,-0.0,0.00022597468400634854,0.0,0.09,maker,38015.27,
2021-08-04 16:00:00+00:00,signal,buy,0.296,39289.95,11629.8252,0.16281755280000001,-0.0,0.0005446218031638103,0.0,0.386,maker,39289.95,
2021-08-05 08:00:00+00:00,signal,sell,0.386,38884.27920161911,15009.331771824976,4.202612896110993,1.2319138464594026,0.0008403755028061772,-41.86772817502375,0.0,taker,,
2021-08-06 00:00:00+00:00,signal,buy,0.089,40882.39,3638.53271,0.05093945794,-0.0,0.00018030784710405733,0.0,0.089,maker,40882.39,
2021-08-06 04:00:00+00:00,signal,sell,0.089,40221.84316273622,3579.7440414835237,1.0023283316153866,1.1153981145643224,0.00020807382570313222,-58.78866851647615,0.0,taker,,
2021-08-07 00:00:00+00:00,signal,buy,0.33,42825.43,14132.3919,0.19785348660000002,-0.0,0.0005500879365526501,0.0,0.33,maker,42825.43,
2021-08-07 04:00:00+00:00,signal,buy,0.015,43670.29,655.05435,0.009170760900000002,-0.0,2.287932414405416e-05,0.0,0.34500000000000003,maker,43670.29,
2021-08-07 08:00:00+00:00,signal,sell,0.008,43202.80797431288,345.622463794503,0.09677428986246084,1.030388339164896,1.4428924331261676e-05,2.7251594466769604,0.337,taker,,
2021-08-07 12:00:00+00:00,signal,buy,0.014,43801.58,613.22212,0.008585109680000001,-0.0,2.6609643970170248e-05,0.0,0.35100000000000003,maker,43801.58,
2021-08-09 01:07:00+00:00,stop_loss,sell,0.35100000000000003,42950.100556911595,15075.485295475972,4.221135882733272,1.0,,17.714229823796263,0.0,taker,,42954.395996511244
2021-08-12 00:00:00+00:00,signal,buy,0.332,45522.13,15113.34716,0.21158686024,-0.0,0.00013406803152907104,0.0,0.332,maker,45522.13,
2021-08-12 08:00:00+00:00,signal,sell,0.244,45224.46547995668,11034.76957710943,3.08973548159064,1.2236391871141388,0.0007814763439542615,-72.63014289056996,0.08800000000000002,taker,,
2021-08-12 14:23:00+00:00,stop_loss,sell,0.08800000000000002,44229.18880296572,3892.1686146609845,1.0898072121050755,1.0,,-113.77882533901642,0.0,taker,,44233.61216418214
2021-08-15 00:00:00+00:00,signal,buy,0.364,47083.75,17138.485,0.23993879000000004,-0.0,0.0008028112042406329,0.0,0.364,maker,47083.75,
2021-08-15 08:00:00+00:00,signal,sell,0.364,45783.0071040181,16665.014585862587,4.666204084041524,1.145030871871516,0.00032865552805956414,-473.47041413741186,0.0,taker,,
2021-08-21 00:00:00+00:00,signal,buy,0.356,49332.99,17562.544439999998,0.24587562216,-0.0,0.0006242431196685623,0.0,0.356,maker,49332.99,
2021-08-22 16:00:00+00:00,signal,sell,0.356,48543.82292079655,17281.60095980357,4.838848268744999,1.2723129152325239,0.0011586613094130595,-280.9434801964279,0.0,taker,,
2021-08-23 08:00:00+00:00,signal,buy,0.372,50180.26,18667.05672,0.26133879408000005,-0.0,0.003090616820463058,0.0,0.372,maker,50180.26,
2021-08-24 01:06:00+00:00,stop_loss,sell,0.372,48942.491390706746,18206.60679734291,5.097849903256014,1.0,,-460.44992265709135,0.0,taker,,48947.386129319675
2021-09-23 04:00:00+00:00,signal,sell,0.001,44053.95,44.05395,0.0006167553000000001,-0.0,1.8343929720362379e-06,0.0,-0.001,maker,44053.95,
2021-09-25 00:00:00+00:00,signal,buy,0.001,42802.823472309596,42.8028234723096,0.011984790572246686,1.012529252690156,2.4528464527153142e-06,1.2511265276904013,0.0,taker,,
2021-09-25 04:00:00+00:00,signal,sell,0.005,42588.73,212.94365000000002,0.0029812111000000006,-0.0,5.0516970739082314e-05,0.0,-0.005,maker,42588.73,
2021-09-26 09:47:00+00:00,stop_loss,buy,0.005,43080.00313864144,215.40001569320722,0.06031200439409802,1.0,,-2.45636569320719,0.0,taker,,43075.695569084535
2021-09-27 20:00:00+00:00,signal,sell,0.006,42994.81,257.96886,0.0036115640400000005,-0.0,2.441731748867693e-05,0.0,-0.006,maker,42994.81,
2021-09-30 01:10:00+00:00,stop_loss,buy,0.006,42634.95936168558,255.80975617011347,0.07162673172763176,1.0,,2.159103829886517,0.0,taker,,42630.696292056375
2021-10-07 04:00:00+00:00,signal,buy,0.393,54853.63,21557.47659,0.30180467226,-0.0,0.002124021696733772,0.0,0.393,maker,54853.63,
2021-10-10 12:00:00+00:00,signal,sell,0.393,55174.55710302111,21683.600941487297,6.071408263616442,1.3922771128705111,0.0024043958325316223,126.12435148729598,0.0,taker,,
2021-10-10 16:00:00+00:00,signal,buy,0.321,55383.23,17778.01683,0.24889223562000004,-0.0,0.002211614208807951,0.0,0.321,maker,55383.23,
2021-10-12 04:00:00+00:00,signal,sell,0.321,56735.1815679486,18211.9932833115,5.09935811932722,1.421919268176738,0.0027814979509186593,433.9764533115004,0.0,taker,,
2021-10-15 20:00:00+00:00,signal,buy,0.277,61507.6,17037.6052,0.23852647280000006,-0.0,0.0018730448200600521,0.0,0.277,maker,61507.6,
2021-10-16 20:00:00+00:00,signal,sell,0.181,60876.050400656866,11018.565122518892,3.0851982343052895,1.3615322664466356,0.0020422746825318927,-114.31047748110694,0.09600000000000003,taker,,
2021-10-17 00:00:00+00:00,signal,buy,0.183,60925.56,11149.37748,0.15609128472,-0.0,0.002403017877629237,0.0,0.279,maker,60925.56,
2021-10-17 12:00:00+00:00,signal,sell,0.179,61013.471387414895,10921.411378347266,3.057995185937234,1.2419669253658072,0.0009148123901715961,-20.11251885703446,0.10000000000000003,taker,,
2021-10-17 16:00:00+00:00,signal,buy,0.19,60820.55,11555.9045,0.16178266300000002,-0.0,0.001631985083945394,0.0,0.29000000000000004,maker,60820.55,
2021-10-17 20:00:00+00:00,signal,sell,0.187,60555.34666158375,11323.849825716163,3.1706779512005254,1.3016707358980457,0.0014219567640198188,-69.2784387072711,0.10300000000000004,taker,,
2021-10-17 20:02:00+00:00,stop_loss,sell,0.10300000000000004,59854.822855275124,6165.04675409334,1.7262130911461349,1.0,,-110.31266427892746,0.0,taker,,59860.80893616874
2021-10-18 00:00:00+00:00,signal,buy,0.272,61571.45,16747.434400000002,0.23446408160000004,-0.0,0.0006707871451654866,0.0,0.272,maker,61571.45,
2021-10-18 04:00:00+00:00,signal,sell,0.176,62167.17947372212,10941.423587375093,3.063598604465026,1.2578248939086873,0.0010386511862347785,104.84838737509375,0.09600000000000003,taker,,
2021-10-18 08:00:00+00:00,signal,buy,0.182,61929.38,11271.147159999999,0.15779606024,-0.0,0.0004953825233829423,0.0,0.278,maker,61929.38,
2021-10-18 12:00:00+00:00,signal,sell,0.278,60976.09829035035,16951.3553247174,4.746379490920871,1.2514337266098152,0.0009877956074515518,-230.65103528259908,0.0,taker,,
2021-10-19 04:00:00+00:00,signal,buy,0.27,62634.83,16911.404100000003,0.23675965740000007,-0.0,0.0007835886110063958,0.0,0.27,maker,62634.83,
2021-10-20 14:50:00+00:00,take_profit,sell,0.27,66836.59620044805,18045.880974120977,5.052846672753873,1.0,,1134.4768741209741,0.0,taker,,66843.28052850091
2021-10-21 08:00:00+00:00,signal,buy,0.097,65128.88,6317.50136,0.08844501904000002,-0.0,0.0003423617192599519,0.0,0.097,maker,65128.88,
2021-10-21 15:29:00+00:00,stop_loss,sell,0.097,62976.06062071744,6108.677880209592,1.7104298064586858,1.0,,-208.82347979040784,0.0,taker,,62982.3588566031
2021-11-08 08:00:00+00:00,signal,buy,0.447,65996.72,29500.53384,0.41300747376,-0.0,0.0033704919450308593,0.0,0.447,maker,65996.72,
2021-11-08 12:00:00+00:00,signal,sell,0.289,66089.55346137176,19099.88095033644,5.3479666660942025,1.2778811201915103,0.0012065299524826353,26.82887033643857,0.15800000000000003,taker,,
2021-11-08 16:00:00+00:00,signal,buy,0.289,66443.68,19202.223519999996,0.26883112927999997,-0.0,0.0008189784058187591,0.0,0.447,maker,66443.68,
2021-11-08 20:00:00+00:00,signal,sell,0.33,65880.23726299343,21740.47829678783,6.0873339231005925,1.1690662975013895,0.00044661582735669285,-133.80076898398025,0.11699999999999999,taker,,
2021-11-09 00:00:00+00:00,signal,buy,0.308,67606.96,20822.94368,0.29152121152000005,-0.0,0.0007568448366791392,0.0,0.425,maker,67606.96,
2021-11-09 04:00:00+00:00,signal,sell,0.275,68555.9351817821,18852.882174990078,5.278807008997221,1.174788430180693,0.000477359301953609,360.9957728424266,0.14999999999999997,taker,,
2021-11-09 08:00:00+00:00,signal,buy,0.279,67898.7,18943.7373,0.2652123222,-0.0,0.002397532102916479,0.0,0.429,maker,67898.7,
2021-11-09 12:00:00+00:00,signal,sell,0.278,67670.790034551,18812.47962960518,5.26749429628945,1.263305086750021,0.001083274511069314,0.35520023830360153,0.15099999999999997,taker,,
2021-11-09 15:07:00+00:00,stop_loss,sell,0.15099999999999997,66715.03184500203,10073.969808595304,2.820711546406685,1.0,,-144.1265541183556,0.0,taker,,66721.70401540356
2021-11-09 16:00:00+00:00,signal,buy,0.317,66874.99,21199.371830000004,0.2967912056200001,-0.0,0.0010534873357047915,0.0,0.317,maker,66874.99,
2021-11-09 16:09:00+00:00,stop_loss,sell,0.317,66715.03184500203,21148.665094865642,5.921626226562379,1.0,,-50.70673513435888,0.0,taker,,66721.70401540356
2021-11-09 20:00:00+00:00,signal,buy,0.111,66862.55,7421.74305,0.10390440270000001,-0.0,0.0009215534349931819,0.0,0.111,maker,66862.55,
2021-11-09 20:19:00+00:00,stop_loss,sell,0.111,66715.03184500203,7405.368534795225,2.073503189742663,1.0,,-16.37451520477525,0.0,taker,,66721.70401540356
2021-11-10 20:00:00+00:00,signal,buy,0.116,66740.07,7741.8481200000015,0.10838587368000004,-0.0,9.230612748627885e-05,0.0,0.116,maker,66740.07,
2021-11-10 21:20:00+00:00,stop_loss,sell,0.116,64682.59118676551,7503.1805776648,2.100890561746144,1.0,,-238.66754233520183,0.0,taker,,64689.06009277479
2021-11-23 04:00:00+00:00,signal,sell,0.005,56973.83,284.86915,0.0039881681,-0.0,4.870415693012232e-05,0.0,-0.005,maker,56973.83,
2021-11-23 12:00:00+00:00,signal,buy,0.005,56181.86088955874,280.9093044477937,0.07865460524538223,1.041528146753589,2.6946671449806707e-05,3.959845552206316,0.0,taker,,
2021-11-27 00:00:00+00:00,signal,sell,0.007,53755.66,376.28962,0.005268054680000001,-0.0,1.5036183062619672e-05,0.0,-0.007,maker,53755.66,
2021-11-27 08:00:00+00:00,signal,buy,0.002,54418.73793781452,108.83747587562904,0.030474493245176128,1.0526779927290437,4.335892059314363e-05,-1.3261558756290324,-0.005,taker,,
2021-11-28 21:26:00+00:00,stop_loss,buy,0.005,55537.50724354267,277.68753621771333,0.07775251014095973,1.0,,-8.909236217713334,0.0,taker,,55531.95404813786
2021-12-04 04:00:00+00:00,signal,sell,0.004,52014.66,208.05864000000003,0.0029128209600000005,-0.0,4.541677122063359e-06,0.0,-0.004,maker,52014.66,
2021-12-04 05:21:00+00:00,take_profit,buy,0.004,47572.076882369336,190.28830752947735,0.053280726108253657,1.0,,17.77033247052267,0.0,taker,,47567.3201503543
2021-12-05 00:00:00+00:00,signal,sell,0.002,49135.66,98.27132,0.0013757984800000002,-0.0,1.0614364925820567e-05,0.0,-0.002,maker,49135.66,
2021-12-06 20:00:00+00:00,signal,buy,0.002,49100.3803461576,98.20076069231521,0.027496212993848256,1.0286815787987487,1.2853640037325394e-05,0.07055930768480176,0.0,taker,,
2021-12-07 12:00:00+00:00,signal,sell,0.017,51433.34,874.36678,0.01224113492,-0.0,6.866154262129426e-05,0.0,-0.017,maker,51433.34,
2021-12-07 20:00:00+00:00,signal,sell,0.001,50880.69,50.88069,0.0007123296600000001,-0.0,1.313784362213775e-05,0.0,-0.018000000000000002,maker,50880.69,
2021-12-09 00:00:00+00:00,signal,buy,0.018000000000000002,50465.24537533686,908.3744167560636,0.2543448366916978,1.1168091344464621,0.00021319334203330706,16.873053243936333,0.0,taker,,
2021-12-09 04:00:00+00:00,signal,sell,0.02,49506.76,990.1352,0.013861892800000003,-0.0,5.128696524773887e-05,0.0,-0.02,maker,49506.76,
2021-12-09 08:00:00+00:00,signal,buy,0.02,49993.40920745906,999.8681841491812,0.2799630915617707,1.100107497805538,0.00015658611120134095,-9.732984149181139,0.0,taker,,
2021-12-09 12:00:00+00:00,signal,sell,0.02,49150.0,983.0,0.013762000000000002,-0.0,0.00010621257372376311,0.0,-0.02,maker,49150.0,
2021-12-10 12:00:00+00:00,signal,buy,0.02,48702.70985519623,974.0541971039247,0.2727351751890989,1.0903775553168549,0.00012762660164142422,8.94580289607533,0.0,taker,,
2021-12-10 16:00:00+00:00,signal,sell,0.005,47973.4,239.86700000000002,0.0033581380000000005,-0.0,1.1046970077286478e-05,0.0,-0.005,maker,47973.4,
2021-12-11 23:12:00+00:00,stop_loss,buy,0.005,49364.005787560156,246.8200289378008,0.06910960810258422,1.0,,-6.953028937800773,0.0,taker,,49359.0698805721
2021-12-12 08:00:00+00:00,signal,sell,0.005,49276.19,246.38095,0.0034493333000000007,-0.0,6.406547581651041e-05,0.0,-0.005,maker,49276.19,
2021-12-12 12:00:00+00:00,signal,buy,0.005,49109.02144279908,245.5451072139954,0.06875263001991871,1.0429808628401298,2.886491516378192e-05,0.835842786004614,0.0,taker,,
2021-12-29 08:00:00+00:00,signal,sell,0.031,47561.68,1474.41208,0.020641769120000004,-0.0,0.0001528392881575623,0.0,-0.031,maker,47561.68,
2021-12-29 16:00:00+00:00,signal,sell,0.001,47941.37,47.941370000000006,0.0006711791800000002,-0.0,6.525254464397983e-06,0.0,-0.032,maker,47941.37,
2021-12-31 08:27:00+00:00,stop_loss,buy,0.032,47879.11606229034,1532.131713993291,0.42899687991812147,1.0,,-9.778263993290953,0.0,taker,,47874.3286294274
2022-01-01 08:00:00+00:00,signal,sell,0.007,47186.83,330.30781,0.0046243093400000004,-0.0,3.677755466502344e-05,0.0,-0.007,maker,47186.83,
2022-01-02 00:00:00+00:00,signal,buy,0.007,47709.33865288646,333.9653705702052,0.09351030375965745,1.0457438129771015,3.269525665131324e-05,-3.6575605702051908,0.0,taker,,
2022-01-06 04:00:00+00:00,signal,sell,0.004,42821.05,171.28420000000003,0.0023979788000000005,-0.0,1.0299566795706566e-05,0.0,-0.004,maker,42821.05,
2022-01-06 12:00:00+00:00,signal,sell,0.005,42865.14,214.3257,0.0030005598000000006,-0.0,1.5803785869288045e-05,0.0,-0.009000000000000001,maker,42865.14,
2022-01-09 19:25:00+00:00,stop_loss,buy,0.009000000000000001,42381.111663664786,381.4300049729831,0.10680040139243527,1.0,,4.179895027016923,0.0,taker,,42376.87397626716
2022-01-10 12:00:00+00:00,signal,sell,0.007,41564.26,290.94982000000005,0.004073297480000001,-0.0,2.4243590062827224e-05,0.0,-0.007,maker,41564.26,
2022-01-11 08:24:00+00:00,stop_loss,buy,0.007,42523.17974380694,297.6622582066486,0.0833454322978616,1.0,,-6.712438206648571,0.0,taker,,42518.927851021836
2022-01-19 00:00:00+00:00,signal,sell,0.009000000000000001,42337.58,381.0382200000001,0.005334535080000002,-0.0,3.565939559197745e-05,0.0,-0.009000000000000001,maker,42337.58,
2022-01-19 08:00:00+00:00,signal,sell,0.001,41271.21,41.27121,0.0005777969400000001,-0.0,3.3518767506454164e-06,0.0,-0.010000000000000002,maker,41271.21,
2022-01-19 14:37:00+00:00,stop_loss,buy,0.010000000000000002,42408.258280705624,424.0825828070563,0.11874312318597575,1.0,,-1.7731528070562494,0.0,taker,,42404.01787891773
2022-01-21 08:00:00+00:00,signal,sell,0.003,39106.43,117.31929000000001,0.0016424700600000002,-0.0,6.64514945912001e-06,0.0,-0.003,maker,39106.43,
2022-01-21 16:00:00+00:00,signal,sell,0.004,38831.88,155.32752,0.0021745852800000003,-0.0,7.357613421796132e-06,0.0,-0.007,maker,38831.88,
2022-01-21 21:51:00+00:00,take_profit,buy,0.007,36298.99854050039,254.09298978350273,0.07114603713938075,1.0,,18.55382021649726,0.0,taker,,36295.36900360003
2022-01-23 00:00:00+00:00,signal,sell,0.008,35043.73,280.34984000000003,0.0039248977600000005,-0.0,2.8015194672228084e-05,0.0,-0.008,maker,35043.73,
2022-01-24 18:08:00+00:00,stop_loss,buy,0.008,35580.28773363684,284.64230186909475,0.07969984452334652,1.0,,-4.292461869094695,0.0,taker,,35576.730060630776
2022-01-25 12:00:00+00:00,signal,sell,0.001,36384.99,36.38499,0.0005093898600000001,-0.0,5.428157465057543e-06,0.0,-0.001,maker,36384.99,
2022-01-26 00:00:00+00:00,signal,buy,0.001,36938.00112882102,36.93800112882102,0.010342640316069886,1.0129156022144135,2.6064496962649993e-06,-0.5530111288210247,0.0,taker,,
2022-01-26 04:00:00+00:00,signal,sell,0.006,37363.81,224.18285999999998,0.00313856004,-0.0,2.4805800042955493e-05,0.0,-0.006,maker,37363.81,
2022-01-27 00:00:00+00:00,signal,buy,0.006,36791.26138364215,220.7475683018529,0.061809319124518806,1.0442112119176385,3.054111342541151e-05,3.4352916981470774,0.0,taker,,
2022-02-21 04:00:00+00:00,signal,sell,0.037,38900.0,1439.3,0.0201502,-0.0,0.0001908753667749411,0.0,-0.037,maker,38900.0,
2022-02-21 15:08:00+00:00,stop_loss,buy,0.037,38902.71259528717,1439.4003660256253,0.403032102487175,1.0,,-0.10036602562536427,0.0,taker,,38898.82271301587
2022-02-24 04:00:00+00:00,signal,sell,0.008,34907.8,279.2624,0.003909673600000001,-0.0,4.859619833604145e-06,0.0,-0.008,maker,34907.8,
2022-02-24 12:00:00+00:00,signal,sell,0.001,35425.4,35.4254,0.0004959556000000001,-0.0,2.398790666054181e-06,0.0,-0.009000000000000001,maker,35425.4,
2022-02-24 18:51:00+00:00,stop_loss,buy,0.009000000000000001,36600.14688916407,329.40132200247666,0.09223237016069345,1.0,,-14.713522002476596,0.0,taker,,36596.48724044002
2022-03-07 12:00:00+00:00,signal,sell,0.029,38314.3,1111.1147,0.015555605800000002,-0.0,0.00016124646662040554,0.0,-0.029,maker,38314.3,
2022-03-07 16:00:00+00:00,signal,buy,0.022,39066.470785125304,859.4623572727567,0.24064946003637183,1.0677264588364872,7.166989416453729e-05,-16.547757272756627,-0.007000000000000003,taker,,
2022-03-08 02:48:00+00:00,stop_loss,buy,0.007000000000000003,38914.65339454411,272.40257376180887,0.07627272065330648,1.0,,-4.202473761808762,0.0,taker,,38910.76231831228
2022-03-20 00:00:00+00:00,signal,buy,0.47600000000000003,42188.2,20081.5832,0.28114216480000004,-0.0,0.0034660965084844777,0.0,0.47600000000000003,maker,42188.2,
2022-03-20 17:37:00+00:00,stop_loss,sell,0.47600000000000003,41061.39246747261,19545.22281451696,5.472662388064749,1.0,,-536.3603854830374,0.0,taker,,41065.49901737434
2022-03-21 20:00:00+00:00,signal,buy,0.122,41168.1,5022.508199999999,0.0703151148,-0.0,0.00034498926337501085,0.0,0.122,maker,41168.1,
2022-03-22 04:00:00+00:00,signal,buy,0.369,42230.0,15582.869999999999,0.21816018,-0.0,0.000999911575628315,0.0,0.491,maker,42230.0,
2022-03-22 04:27:00+00:00,take_profit,sell,0.491,43285.32387287737,21253.09402158279,5.95086632604318,1.0,,647.7158215827884,0.0,taker,,43289.652838161186
2022-03-25 08:00:00+00:00,signal,buy,0.63,43902.4,27658.512000000002,0.38721916800000006,-0.0,0.0008068478639565852,0.0,0.63,maker,43902.4,
2022-03-27 04:00:00+00:00,signal,buy,0.179,44691.0,7999.688999999999,0.111995646,-0.0,0.0027336746206317775,0.0,0.8089999999999999,maker,44691.0,
2022-03-27 12:00:00+00:00,signal,sell,0.166,44549.98202300979,7395.297015819626,2.070683164429495,1.440416413851076,0.003030728399835037,78.53389344632444,0.6429999999999999,taker,,
2022-03-27 20:38:00+00:00,take_profit,sell,0.6429999999999999,46098.25186283606,29641.175947803586,8.299529265385003,1.0,,1299.7380701768873,0.0,taker,,46102.86214905097
2022-03-28 16:00:00+00:00,signal,buy,0.789,47410.9,37407.2001,0.5237008014000001,-0.0,0.002150696386046821,0.0,0.789,maker,47410.9,
2022-03-29 00:00:00+00:00,signal,sell,0.255,47115.99491064981,12014.578702215702,3.3640820366203963,1.2319328527763882,0.0008405132530780275,-75.20079778429889,0.534,taker,,
2022-03-29 12:00:00+00:00,signal,buy,0.213,47873.4,10197.0342,0.1427584788,-0.0,0.00031518527658967347,0.0,0.747,maker,47873.4,
2022-03-29 16:00:00+00:00,signal,sell,0.198,47418.520988115255,9388.867155646822,2.62888280358111,1.1553247057919043,0.00037696506608346297,-24.602791341131816,0.5489999999999999,taker,,
2022-03-30 01:43:00+00:00,stop_loss,sell,0.5489999999999999,46782.39443332984,25683.53454389808,7.191389672291462,1.0,,-417.4503091139661,0.0,taker,,46787.07314064391
2022-03-31 04:00:00+00:00,signal,buy,0.56,47088.3,26369.448000000004,0.3691722720000001,-0.0,0.008751263093969276,0.0,0.56,maker,47088.3,
2022-03-31 14:00:00+00:00,stop_loss,sell,0.56,46879.43741778832,26252.484953961462,7.350695787109209,1.0,,-116.96304603854138,0.0,taker,,46884.12583037136
2022-04-14 04:00:00+00:00,signal,sell,0.002,41303.9,82.60780000000001,0.0011565092000000003,-0.0,1.2906418911434665e-05,0.0,-0.002,maker,41303.9,
2022-04-16 16:00:00+00:00,signal,buy,0.002,40043.79360792082,80.08758721584165,0.02242452442043566,1.0223872608490194,7.831085130031808e-06,2.520212784158357,0.0,taker,,
2022-04-18 00:00:00+00:00,signal,sell,0.052000000000000005,39649.1,2061.7532,0.028864544800000006,-0.0,0.0001885813917173215,0.0,-0.052000000000000005,maker,39649.1,
2022-04-18 17:10:00+00:00,stop_loss,buy,0.052000000000000005,39856.51189558714,2072.538618570531,0.5803108131997486,1.0,,-10.785418570531183,0.0,taker,,39852.52664292284
2022-04-23 04:00:00+00:00,signal,sell,0.04,39439.8,1577.592,0.022086288000000003,-0.0,0.0007875204189989612,0.0,-0.04,maker,39439.8,
2022-04-23 12:00:00+00:00,signal,sell,0.005,39583.3,197.9165,0.0027708310000000005,-0.0,8.352759749202412e-05,0.0,-0.045,maker,39583.3,
2022-04-25 16:15:00+00:00,stop_loss,buy,0.045,39470.05672773603,1776.1525527481213,0.49732271476947393,1.0,,-0.6440527481212485,0.0,taker,,39466.11011672436
2022-04-27 12:00:00+00:00,signal,sell,0.01,38998.5,389.985,0.005459790000000001,-0.0,2.5501385029048153e-05,0.0,-0.01,maker,38998.5,
2022-04-28 12:00:00+00:00,signal,buy,0.01,39670.77115507512,396.7077115507512,0.11107815923421033,1.0515534669254065,4.152749925045285e-05,-6.722711550751192,0.0,taker,,
2022-04-28 16:00:00+00:00,signal,sell,0.039,39428.1,1537.6959,0.0215277426,-0.0,7.241340500150495e-05,0.0,-0.039,maker,39428.1,
2022-04-29 12:00:00+00:00,signal,buy,0.039,38742.07011895275,1510.9407346391574,0.42306340569896406,1.1023132322316618,0.0001635624607764055,26.755165360842554,0.0,taker,,
2022-04-29 20:00:00+00:00,signal,sell,0.039,38315.2,1494.2928,0.0209200992,-0.0,0.00010613645282215735,0.0,-0.039,maker,38315.2,
2022-05-01 16:17:00+00:00,stop_loss,buy,0.039,38636.929745990885,1506.8402600936445,0.42191527282622043,1.0,,-12.547460093644622,0.0,taker,,38633.06643934695
2022-05-03 00:00:00+00:00,signal,sell,0.011,38525.5,423.78049999999996,0.005932927,-0.0,0.00011697150195365186,0.0,-0.011,maker,38525.5,
2022-05-03 20:00:00+00:00,signal,buy,0.011,37711.24526748158,414.8236979422974,0.11615063542384325,1.046287451389547,3.347700243968244e-05,8.956802057702625,0.0,taker,,
2022-05-05 20:00:00+00:00,signal,sell,0.005,36281.3,181.40650000000002,0.0025396910000000006,-0.0,8.036157680881478e-06,0.0,-0.005,maker,36281.3,
2022-05-06 04:00:00+00:00,signal,sell,0.007,36442.5,255.0975,0.0035713650000000004,-0.0,3.6400091064530744e-05,0.0,-0.012,maker,36442.5,
2022-05-09 02:28:00+00:00,take_profit,buy,0.012,33668.82523181025,404.02590278172306,0.11312725277888244,1.0,,32.47809721827699,0.0,taker,,33665.45868594166
2022-05-09 20:00:00+00:00,signal,sell,0.014,30930.2,433.0228,0.006062319200000001,-0.0,6.5060846506944606e-06,0.0,-0.014,maker,30930.2,
2022-05-10 04:00:00+00:00,signal,buy,0.004,30643.908029802347,122.57563211920939,0.034321176993378624,1.0143435557655223,3.2146498749788698e-06,1.1451678807906138,-0.01,taker,,
2022-05-10 05:34:00+00:00,stop_loss,buy,0.01,31538.680228583773,315.38680228583775,0.08830830464003456,1.0,,-6.084802285837723,0.0,taker,,31535.526675916182
2022-05-11 00:00:00+00:00,signal,sell,0.01,31002.1,310.021,0.004340294000000001,-0.0,2.823787839083761e-05,0.0,-0.01,maker,31002.1,
2022-05-12 04:22:00+00:00,take_profit,buy,0.01,27749.48799222335,277.4948799222335,0.07769856637822538,1.0,,32.5261200777665,0.0,taker,,27746.71332089126
2022-05-13 20:00:00+00:00,signal,sell,0.01,30076.0,300.76,0.004210640000000001,-0.0,3.852652739613617e-05,0.0,-0.01,maker,30076.0,
2022-05-15 16:00:00+00:00,signal,buy,0.01,30006.529655917548,300.06529655917547,0.08401828303656912,1.043100421134967,2.9025723468929835e-05,0.6947034408245236,0.0,taker,,
2022-05-27 16:00:00+00:00,signal,sell,0.048,28835.6,1384.1088,0.019377523200000003,-0.0,0.00015350825766976823,0.0,-0.048,maker,28835.6,
2022-05-29 12:11:00+00:00,stop_loss,buy,0.048,29422.6285111053,1412.2861685330545,0.3954401271892552,1.0,,-28.177368533054484,0.0,taker,,29419.686542451054
2022-06-03 08:00:00+00:00,signal,sell,0.012,30424.2,365.0904,0.0051112656000000005,-0.0,9.470889419903435e-05,0.0,-0.012,maker,30424.2,
2022-06-03 16:00:00+00:00,signal,sell,0.04,29486.8,1179.472,0.016512608,-0.0,0.00014162088339916994,0.0,-0.052000000000000005,maker,29486.8,
2022-06-05 20:00:00+00:00,signal,buy,0.052000000000000005,30039.663564581013,1562.0625053582128,0.4373775015002995,1.1198331955051168,0.00022437491789011797,-17.500105358212767,0.0,taker,,
2022-06-12 04:00:00+00:00,signal,sell,0.061,27538.2,1679.8302,0.023517622800000006,-0.0,0.0001205997512287857,0.0,-0.061,maker,27538.2,
2022-06-12 12:00:00+00:00,signal,sell,0.006,27443.9,164.66340000000002,0.0023052876000000007,-0.0,4.247509684534646e-05,0.0,-0.067,maker,27443.9,
2022-06-13 01:57:00+00:00,take_profit,buy,0.067,25620.861011125027,1716.597687745377,0.4806473525687055,1.0,,127.89591225462327,0.0,taker,,25618.29918120691
2022-06-13 20:00:00+00:00,signal,sell,0.08,23200.1,1856.0079999999998,0.025984112,-0.0,7.281884936790199e-05,0.0,-0.08,maker,23200.1,
2022-06-15 08:03:00+00:00,take_profit,buy,0.08,20417.376214656644,1633.3900971725316,0.4573492272083088,1.0,,222.61790282746836,0.0,taker,,20415.334681188524
2022-06-16 16:00:00+00:00,signal,sell,0.089,21067.7,1875.0253,0.026250354200000003,-0.0,0.00011337862965953797,0.0,-0.089,maker,21067.7,
2022-06-18 20:10:00+00:00,take_profit,buy,0.089,17792.140436144673,1583.5004988168757,0.4433801396687252,1.0,,291.52480118312417,0.0,taker,,17790.361400004673
2022-06-19 04:00:00+00:00,signal,sell,0.008,18299.8,146.3984,0.0020495776000000005,-0.0,1.8625538105946356e-05,0.0,-0.008,maker,18299.8,
2022-06-19 10:20:00+00:00,stop_loss,buy,0.008,19522.88911625988,156.18311293007906,0.04373127162042213,1.0,,-9.784712930079055,0.0,taker,,19520.937022557624
2022-06-20 08:00:00+00:00,signal,sell,0.001,20076.7,20.076700000000002,0.00028107380000000007,-0.0,1.3000104747910006e-06,0.0,-0.001,maker,20076.7,
2022-06-20 16:00:00+00:00,signal,sell,0.001,20815.4,20.8154,0.00029141560000000004,-0.0,1.3255414839799037e-06,0.0,-0.002,maker,20815.4,
2022-06-21 13:44:00+00:00,stop_loss,buy,0.002,21529.067155951554,43.05813431190311,0.01205627760733287,1.0,,-2.1660343119031094,0.0,taker,,21526.914464505102
2022-06-30 16:00:00+00:00,signal,sell,0.082,19133.4,1568.9388000000001,0.021965143200000006,-0.0,0.0001889390338778525,0.0,-0.082,maker,19133.4,
2022-06-30 23:51:00+00:00,stop_loss,buy,0.082,19691.497844407575,1614.7028232414211,0.4521167905075979,1.0,,-45.764023241421036,0.0,taker,,19689.528891518425
2022-07-01 16:00:00+00:00,signal,sell,0.003,19279.4,57.83820000000001,0.0008097348000000002,-0.0,2.9029892716040134e-06,0.0,-0.003,maker,19279.4,
2022-07-02 20:00:00+00:00,signal,buy,0.003,19265.57366325741,57.79672098977223,0.016183081877136223,1.0245557722403693,9.42165547376394e-06,0.04147901022776932,0.0,taker,,
2022-07-04 04:00:00+00:00,signal,buy,0.002,19094.0,38.188,0.0005346320000000001,-0.0,5.1009205843266835e-06,0.0,0.002,maker,19094.0,
2022-07-04 12:00:00+00:00,signal,sell,0.002,19792.20505216134,39.58441010432268,0.01108363482921035,1.0078446406840946,9.615373041023638e-07,1.3964101043226764,0.0,taker,,
2022-07-12 04:00:00+00:00,signal,sell,0.066,19934.2,1315.6572,0.018419200800000004,-0.0,0.0004788568576068006,0.0,-0.066,maker,19934.2,
2022-07-12 12:00:00+00:00,signal,sell,0.006,19765.0,118.59,0.0016602600000000002,-0.0,1.4114339287957515e-05,0.0,-0.07200000000000001,maker,19765.0,
2022-07-13 12:25:00+00:00,stop_loss,buy,0.07200000000000001,20016.13477431197,1441.161703750462,0.40352527705012936,1.0,,-6.914503750461911,0.0,taker,,20014.133360975873
2022-07-29 00:00:00+00:00,signal,buy,0.684,23836.2,16303.960800000003,0.22825545120000007,-0.0,0.0014723885044985027,0.0,0.684,maker,23836.2,
2022-07-29 04:00:00+00:00,signal,buy,0.038,23905.6,908.4128,0.012717779200000001,-0.0,0.00021561412361862503,0.0,0.7220000000000001,maker,23905.6,
2022-07-30 22:00:00+00:00,stop_loss,sell,0.7220000000000001,23638.080245139714,17066.693936990876,4.7786743023574445,1.0,,-145.6796630091281,0.0,taker,,23640.44428956867
2022-08-01 04:00:00+00:00,signal,buy,0.182,23366.2,4252.6484,0.05953707760000001,-0.0,0.000499129188115463,0.0,0.182,maker,23366.2,
2022-08-01 16:00:00+00:00,signal,buy,0.011,23315.1,256.4661,0.0035905254,-0.0,3.80671169438765e-05,0.0,0.193,maker,23315.1,
2022-08-01 20:00:00+00:00,signal,sell,0.193,22941.9845466187,4427.803017497409,1.2397848448992745,1.3142093620830273,0.001542617550322233,-81.31148250259048,0.0,taker,,
2022-08-08 16:00:00+00:00,signal,buy,1.046,23986.8,25090.1928,0.35126269920000003,-0.0,0.0017861335486259095,0.0,1.046,maker,23986.8,
2022-08-09 04:00:00+00:00,signal,buy,0.045,23819.0,1071.855,0.015005970000000002,-0.0,0.00019637536316170854,0.0,1.091,maker,23819.0,
2022-08-09 10:15:00+00:00,stop_loss,sell,1.091,23433.105561826083,25565.518167952257,7.158345087026632,1.0,,-596.5296320477445,0.0,taker,,23435.449106736756
2022-08-12 16:00:00+00:00,signal,buy,0.879,23966.7,21066.7293,0.2949342102,-0.0,0.0008603785029036525,0.0,0.879,maker,23966.7,
2022-08-13 20:00:00+00:00,signal,sell,0.879,24385.742919834403,21435.06802653444,6.001819047429644,1.417463535334923,0.0027230594270989446,368.33872653443996,0.0,taker,,
2022-08-19 12:00:00+00:00,signal,sell,0.021,21453.7,450.52770000000004,0.006307387800000001,-0.0,2.665774709701485e-05,0.0,-0.021,maker,21453.7,
2022-08-19 16:00:00+00:00,signal,sell,0.002,21431.0,42.862,0.000600068,-0.0,4.371944688073742e-06,0.0,-0.023,maker,21431.0,
2022-08-21 08:11:00+00:00,stop_loss,buy,0.023,21475.177641594186,493.92908575666627,0.13830014401186655,1.0,,-0.5393857566661936,0.0,taker,,21473.03033856033
2022-08-22 04:00:00+00:00,signal,sell,0.023,21406.5,492.3495,0.006892893000000001,-0.0,7.407391634132002e-05,0.0,-0.023,maker,21406.5,
2022-08-23 16:00:00+00:00,signal,buy,0.023,21462.975345474057,493.6484329459033,0.1382215612248529,1.0602382373635109,5.6697581885354465e-05,-1.2989329459033032,0.0,taker,,
2022-08-27 04:00:00+00:00,signal,sell,0.098,20189.9,1978.6102000000003,0.02770054280000001,-0.0,0.0004151991919793984,0.0,-0.098,maker,20189.9,
2022-08-27 12:00:00+00:00,signal,sell,0.01,20198.5,201.985,0.0028277900000000006,-0.0,3.3857939618173305e-05,0.0,-0.108,maker,20198.5,
2022-08-29 13:36:00+00:00,stop_loss,buy,0.108,20079.51600801409,2168.5877288655215,0.607204564082346,1.0,,12.007471134478518,0.0,taker,,20077.50825718837
2022-08-30 04:00:00+00:00,signal,sell,0.021,20261.4,425.48940000000005,0.005956851600000001,-0.0,4.041060463884717e-05,0.0,-0.021,maker,20261.4,
2022-08-30 12:00:00+00:00,signal,sell,0.002,20395.9,40.7918,0.0005710852000000001,-0.0,2.0503107246888416e-05,0.0,-0.023,maker,20395.9,
2022-08-31 02:05:00+00:00,stop_loss,buy,0.023,20309.519122489593,467.11893981726064,0.13079330314883297,1.0,,-0.8377398172605536,0.0,taker,,20307.488373652228
2022-08-31 12:00:00+00:00,signal,sell,0.005,20307.9,101.5395,0.0014215530000000003,-0.0,7.454970020776306e-06,0.0,-0.005,maker,20307.9,
2022-08-31 16:00:00+00:00,signal,buy,0.005,20132.655040629088,100.66327520314545,0.02818571705688072,1.0208541370298263,6.795234863418326e-06,0.8762247968545671,0.0,taker,,
2022-09-05 08:00:00+00:00,signal,buy,0.003,19739.9,59.2197,0.0008290758000000001,-0.0,1.4614153858134804e-05,0.0,0.003,maker,19739.9,
2022-09-06 00:00:00+00:00,signal,sell,0.003,19782.882643059656,59.34864792917897,0.01661762142017011,1.0196447494530962,6.029940329295758e-06,0.12894792917896483,0.0,taker,,
2022-09-07 08:00:00+00:00,signal,sell,0.03,18791.4,563.7420000000001,0.007892388000000002,-0.0,9.767116260405275e-05,0.0,-0.03,maker,18791.4,
2022-09-07 12:00:00+00:00,signal,buy,0.001,18731.311417456636,18.731311417456638,0.0052447671968878585,1.020543881081801,6.5945476547372376e-06,0.060088582543365195,-0.028999999999999998,taker,,
2022-09-07 16:00:00+00:00,signal,sell,0.002,18863.3,37.7266,0.0005281724000000001,-0.0,7.537723633329067e-06,0.0,-0.031,maker,18863.3,
2022-09-07 20:26:00+00:00,stop_loss,buy,0.031,19248.75556582257,596.7114225404996,0.16707919831133988,1.0,,-14.034222540499675,0.0,taker,,19246.830882734295
2022-09-08 16:00:00+00:00,signal,sell,0.03,19240.5,577.215,0.008081010000000001,-0.0,5.460873759676455e-05,0.0,-0.03,maker,19240.5,
2022-09-09 03:34:00+00:00,stop_loss,buy,0.03,19754.360495761117,592.6308148728335,0.16593662816439336,1.0,,-15.415814872833506,0.0,taker,,19752.385257235394
2022-09-16 00:00:00+00:00,signal,sell,0.08,19690.8,1575.264,0.022053696,-0.0,0.00018841236707979223,0.0,-0.08,maker,19690.8,
2022-09-16 08:00:00+00:00,signal,sell,0.01,19730.4,197.30400000000003,0.0027622560000000007,-0.0,3.616812053270163e-05,0.0,-0.09,maker,19730.4,
2022-09-19 13:45:00+00:00,stop_loss,buy,0.09,19096.457269230898,1718.6811542307807,0.48123072318461857,1.0,,53.886845769219285,0.0,taker,,19094.547814449452
2022-09-20 08:00:00+00:00,signal,sell,0.004,19349.9,77.3996,0.0010835944000000001,-0.0,1.3550728671073627e-05,0.0,-0.004,maker,19349.9,
2022-09-20 16:00:00+00:00,signal,sell,0.068,19225.7,1307.3476,0.018302866400000003,-0.0,5.262741306004827e-05,0.0,-0.07200000000000001,maker,19225.7,
2022-09-21 17:43:00+00:00,stop_loss,buy,0.07200000000000001,19532.44157248998,1406.3357932192787,0.393774022101398,1.0,,-21.58859321927873,0.0,taker,,19530.488523637618
2022-09-23 12:00:00+00:00,signal,sell,0.073,18854.4,1376.3712,0.019269196800000003,-0.0,5.1715707112541706e-05,0.0,-0.073,maker,18854.4,
2022-09-24 08:00:00+00:00,signal,buy,0.073,18987.810357523635,1386.1101560992252,0.388110843707783,1.1642284276696098,0.00042142150710675405,-9.738956099225218,0.0,taker,,
2022-10-10 12:00:00+00:00,signal,sell,0.135,19323.3,2608.6455,0.036521037000000006,-0.0,0.0007491231962645488,0.0,-0.135,maker,19323.3,
2022-10-10 16:00:00+00:00,signal,buy,0.008,19263.681611042237,154.1094528883379,0.04315064680873461,1.0287830473092396,1.2944747068842711e-05,0.4769471116620989,-0.127,taker,,
2022-10-10 20:00:00+00:00,signal,sell,0.007,19205.0,134.435,0.0018820900000000003,-0.0,2.647846777195212e-05,0.0,-0.134,maker,19205.0,
2022-10-13 10:31:00+00:00,take_profit,buy,0.134,18620.340984881954,2495.125691974182,0.6986351937527708,1.0,,93.36840802581793,0.0,taker,,18618.479136968257
2022-10-22 00:00:00+00:00,signal,sell,0.035,19151.0,670.2850000000001,0.009383990000000002,-0.0,9.374905766093406e-05,0.0,-0.035,maker,19151.0,
2022-10-23 17:53:00+00:00,stop_loss,buy,0.035,19405.97963386904,679.2092871854164,0.1901786004119166,1.0,,-8.924287185416379,0.0,taker,,19404.039229946044
2022-10-26 12:00:00+00:00,signal,buy,2.099,20596.0,43231.004,0.605234056,-0.0,0.004684396101277922,0.0,2.099,maker,20596.0,
2022-10-27 20:18:00+00:00,stop_loss,sell,2.099,20406.57124263145,42833.393038283415,11.993350050719355,1.0,,-397.6109617165877,0.0,taker,,20408.612103841835
2022-10-28 12:00:00+00:00,signal,buy,0.333,20163.4,6714.412200000001,0.09400177080000002,-0.0,0.0014275492339771347,0.0,0.333,maker,20163.4,
2022-10-28 16:00:00+00:00,signal,buy,0.906,20473.2,18548.7192,0.2596820688,-0.0,0.002208930966735742,0.0,1.239,maker,20473.2,
2022-10-29 00:00:00+00:00,signal,buy,0.098,20582.7,2017.1046000000001,0.028239464400000004,-0.0,0.000276771839994542,0.0,1.3370000000000002,maker,20582.7,
2022-10-29 10:22:00+00:00,take_profit,sell,1.3370000000000002,21004.03252496426,28082.39148587722,7.86306961604562,1.0,,802.1554858772213,0.0,taker,,21006.133138278088
2022-11-05 04:00:00+00:00,signal,buy,1.842,21436.4,39485.84880000001,0.5528018832000001,-0.0,0.0076178570847012465,0.0,1.842,maker,21436.4,
2022-11-05 16:00:00+00:00,signal,sell,0.396,21286.969974902117,8429.640110061238,2.3602992308171467,1.2823220138773501,0.0012454018674962907,-59.174289938762435,1.4460000000000002,taker,,
2022-11-06 04:00:00+00:00,signal,buy,0.089,21226.9,1889.1941,0.026448717400000002,-0.0,0.003563568615083129,0.0,1.5350000000000001,maker,21226.9,
2022-11-06 22:17:00+00:00,stop_loss,sell,1.5350000000000001,21070.396365154364,32343.058420511952,9.056056357743346,1.0,,-543.1700794880558,0.0,taker,,21072.503615515914
2022-11-12 04:00:00+00:00,signal,sell,0.002,16899.1,33.798199999999994,0.0004731748,-0.0,1.223019805826889e-05,0.0,-0.002,maker,16899.1,
2022-11-14 13:13:00+00:00,stop_loss,buy,0.002,16938.8550911733,33.877710182346604,0.009485758851057048,1.0,,-0.07951018234660297,0.0,taker,,16937.161375035797
2022-11-21 08:00:00+00:00,signal,sell,0.109,16032.1,1747.4989,0.024464984600000003,-0.0,0.00032393991090104126,0.0,-0.109,maker,16032.1,
2022-11-21 16:00:00+00:00,signal,sell,0.008,16122.6,128.98080000000002,0.0018057312000000004,-0.0,2.1510907312632014e-05,0.0,-0.11699999999999999,maker,16122.6,
2022-11-22 13:51:00+00:00,stop_loss,buy,0.11699999999999999,16156.245392090366,1890.2807108745728,0.5292785990448804,1.0,,-13.801010874572707,0.0,taker,,16154.629929097457
2022-12-18 16:00:00+00:00,signal,sell,0.163,16676.4,2718.2532000000006,0.038055544800000014,-0.0,0.0016740078030591985,0.0,-0.163,maker,16676.4,
2022-12-19 00:00:00+00:00,signal,sell,0.014,16730.4,234.22560000000001,0.0032791584000000005,-0.0,3.6630719953404e-05,0.0,-0.17700000000000002,maker,16730.4,
2022-12-19 08:00:00+00:00,signal,buy,0.177,16716.570971038625,2958.8330618738364,0.8284732573246741,1.2390266167860016,0.0008927144301900326,-6.354261873836541,0.0,taker,,
2022-12-19 20:00:00+00:00,signal,sell,0.187,16549.3,3094.7191,0.0433260674,-0.0,0.0013593442545830959,0.0,-0.187,maker,16549.3,
2022-12-20 02:43:00+00:00,stop_loss,buy,0.187,16712.708139670525,3125.2764221183884,0.8750773981931487,1.0,,-30.557322118388363,0.0,taker,,16711.03703596693
2022-12-31 00:00:00+00:00,signal,sell,0.263,16601.2,4366.1156,0.061125618400000005,-0.0,0.000702310225586277,0.0,-0.263,maker,16601.2,
2022-12-31 16:00:00+00:00,signal,buy,0.263,16588.23349162732,4362.705408297986,1.2215575143234358,1.2863130134995218,0.0012808615890496449,3.410191702014716,0.0,taker,,
2023-01-01 04:00:00+00:00,signal,sell,0.302,16529.2,4991.8184,0.0698854576,-0.0,0.004711015486819031,0.0,-0.302,maker,16529.2,
2023-01-02 00:00:00+00:00,signal,buy,0.302,16612.698151321674,5017.0348416991455,1.4047697556757606,1.3835616972954834,0.0022987433692530017,-25.2164416991454,0.0,taker,,
2023-01-07 16:00:00+00:00,signal,buy,2.7720000000000002,16934.5,46942.434,0.6571940760000001,-0.0,0.019997075556763517,0.0,2.7720000000000002,maker,16934.5,
2023-01-07 16:01:00+00:00,signal,buy,1.19,16933.0,20150.27,0.28210378,-0.0,0.019989106723641948,0.0,3.962,maker,16933.0,
2023-01-07 16:02:00+00:00,signal,buy,0.101,16931.9,1710.1219000000003,0.023941706600000008,-0.0,0.003277949698296925,0.0,4.063000000000001,maker,16931.9,
2023-01-08 04:00:00+00:00,signal,buy,0.41500000000000004,16938.9,7029.643500000001,0.09841500900000003,-0.0,0.004595345757983904,0.0,4.478000000000001,maker,16938.9,
2023-01-08 20:00:00+00:00,signal,sell,1.32,16917.264253049358,22330.788814025153,6.2526208679270425,1.7941448736971108,0.00985415750655313,-22.685863956089015,3.1580000000000004,taker,,
2023-01-09 00:00:00+00:00,signal,buy,2.488,17124.6,42606.004799999995,0.5964840672,-0.0,0.0010732077756182802,0.0,5.646000000000001,maker,17124.6,
2023-01-09 02:30:00+00:00,take_profit,sell,5.646000000000001,17222.033423111792,97235.60070688919,27.22596819792897,1.0,,1150.6011848704425,0.0,taker,,17223.75579869166
2023-01-09 04:00:00+00:00,signal,buy,2.571,17188.1,44190.6051,0.6186684714,-0.0,0.019998509585207637,0.0,2.571,maker,17188.1,
2023-01-09 04:01:00+00:00,signal,buy,2.844,17191.0,48891.204,0.6844768560000001,-0.0,0.01999721437278866,0.0,5.415,maker,17191.0,
2023-01-09 04:02:00+00:00,signal,buy,0.445,17190.3,7649.6835,0.10709556900000002,-0.0,0.005634300205887903,0.0,5.86,maker,17190.3,
2023-01-09 04:27:00+00:00,take_profit,sell,5.86,17222.033423111792,100921.11585943511,28.257912440641828,1.0,,189.62325943511323,0.0,taker,,17223.75579869166
2023-01-09 08:00:00+00:00,signal,buy,3.297,17189.8,56674.7706,0.7934467884000002,-0.0,0.019997581275433045,0.0,3.297,maker,17189.8,
2023-01-09 08:01:00+00:00,signal,buy,2.433,17190.3,41823.999899999995,0.5855359985999999,-0.0,0.013238270462108232,0.0,5.73,maker,17190.3,
2023-01-09 08:53:00+00:00,take_profit,sell,5.73,17222.033423111792,98682.25151443058,27.63103042404056,1.0,,183.48101443057678,0.0,taker,,17223.75579869166
2023-01-10 04:00:00+00:00,signal,buy,2.477,17199.9,42604.1523,0.5964581322000001,-0.0,0.01999956067313083,0.0,2.477,maker,17199.9,
2023-01-10 04:01:00+00:00,signal,buy,1.484,17200.3,25525.245199999998,0.3573534328,-0.0,0.00980747084336972,0.0,3.961,maker,17200.3,
2023-01-10 20:00:00+00:00,signal,buy,0.20600000000000002,17424.1,3589.3646,0.0502511044,-0.0,0.0010646913794225108,0.0,4.167,maker,17424.1,
2023-01-11 00:00:00+00:00,signal,sell,0.133,17426.80983288329,2317.7657077734775,0.6489743981765737,1.14188418979632,0.0003145488017837208,28.68594792226574,4.034,taker,,
2023-01-11 18:11:00+00:00,take_profit,sell,4.034,17516.620944584593,70662.04889045424,19.785373689327187,1.0,,1232.3665503054629,0.0,taker,,17518.372781862778
2023-01-12 12:00:00+00:00,signal,buy,3.769,18194.4,68574.69360000001,0.9600457104000003,-0.0,0.018221756560505092,0.0,3.769,maker,18194.4,
2023-01-12 14:53:00+00:00,stop_loss,sell,3.769,17946.842410419787,67641.64904487217,18.939661732564208,1.0,,-933.0445551278265,0.0,taker,,17948.6372741472
2023-01-12 16:00:00+00:00,signal,buy,3.238,18077.6,58535.2688,0.8194937632000001,-0.0,0.004582016092006666,0.0,3.238,maker,18077.6,
2023-01-12 17:37:00+00:00,take_profit,sell,3.238,18669.457547973754,60451.70354033902,16.926476991294923,1.0,,1916.4347403390204,0.0,taker,,18671.324680441798
2023-01-13 12:00:00+00:00,signal,buy,2.831,18911.7,53539.0227,0.7495463178000001,-0.0,0.00831207285940344,0.0,2.831,maker,18911.7,
2023-01-13 20:00:00+00:00,signal,sell,0.007,19352.121931750688,135.46485352225483,0.037930158986231345,1.0220409367066425,7.590670170409728e-06,3.0829535222548077,2.824,taker,,
2023-01-13 21:37:00+00:00,take_profit,sell,2.824,19580.523257487057,55295.39767914345,15.482711350160164,1.0,,1888.7568791434467,0.0,taker,,19582.48150563762
2023-01-14 16:00:00+00:00,signal,buy,1.864,20796.9,38765.4216,0.5427159024000001,-0.0,0.0019940588748323094,0.0,1.864,maker,20796.9,
2023-01-18 00:00:00+00:00,signal,sell,0.505,21128.338754644774,10669.811071095612,2.987547099906771,1.1647667647341997,0.00042418885564023655,167.37657109561007,1.359,taker,,
2023-01-18 16:20:00+00:00,stop_loss,sell,1.359,20774.419839155693,28232.436561412585,7.905082237195523,1.0,,-30.55053858741533,0.0,taker,,20776.497488904584
2023-01-19 16:00:00+00:00,signal,buy,1.346,20870.8,28092.0968,0.3932893552,-0.0,0.005245754502414828,0.0,1.346,maker,20870.8,
2023-01-20 20:37:00+00:00,take_profit,sell,1.346,21975.296618937144,29578.749249089396,8.282049789745031,1.0,,1486.6524490893964,0.0,taker,,21977.49436837398
2023-01-21 16:00:00+00:00,signal,buy,1.857,22996.2,42703.943400000004,0.5978552076000001,-0.0,0.001182585614648683,0.0,1.857,maker,22996.2,
2023-01-22 00:00:00+00:00,signal,sell,0.577,22778.988529445105,13143.476381489825,3.6801733868171507,1.234086224483712,0.0008561931327037316,-125.33101851017477,1.28,taker,,
2023-01-22 02:44:00+00:00,stop_loss,sell,1.28,22612.897206564165,28944.50842440213,8.104462358832595,1.0,,-490.6275755978702,0.0,taker,,22615.15872243641
2023-01-26 04:00:00+00:00,signal,buy,1.246,23129.5,28819.357,0.403470998,-0.0,0.0059943626106871385,0.0,1.246,maker,23129.5,
2023-01-26 16:00:00+00:00,signal,buy,0.097,22947.2,2225.8784,0.031162297600000003,-0.0,8.005217796769661e-05,0.0,1.343,maker,22947.2,
2023-01-27 04:00:00+00:00,signal,sell,1.0070000000000001,22758.83677259752,22918.148630005704,6.417081616401597,1.477549359236885,0.0035633342266806166,-359.9988367106054,0.33599999999999985,taker,,
2023-01-27 08:00:00+00:00,signal,buy,1.0170000000000001,23068.1,23460.257700000002,0.32844360780000004,-0.0,0.001778825068992758,0.0,1.353,maker,23068.1,
2023-01-30 09:07:00+00:00,stop_loss,sell,1.353,23376.038910856456,31627.780646388783,8.855778580988858,1.0,,400.4350131050957,0.0,taker,,23378.376748531307
2023-02-11 16:00:00+00:00,signal,sell,0.19,21726.9,4128.111,0.057793554000000004,-0.0,0.0006583635896374935,0.0,-0.19,maker,21726.9,
2023-02-12 00:00:00+00:00,signal,buy,0.034,21853.50914825047,743.019311040516,0.20804540709134445,1.0567603840834296,5.0339706270288415e-05,-4.304711040515882,-0.156,taker,,
2023-02-12 04:00:00+00:00,signal,buy,0.156,21774.831539205155,3396.8737201160043,0.9511246416324811,1.2546052999732482,0.0010128727933510578,-7.477320116004019,0.0,taker,,
2023-02-15 20:00:00+00:00,signal,buy,2.323,23310.6,54150.523799999995,0.7581073332,-0.0,0.0010345769000396012,0.0,2.323,maker,23310.6,
2023-02-16 00:15:00+00:00,take_profit,sell,2.323,24660.05127931596,57285.29912185098,16.03988375411827,1.0,,3134.7753218509815,0.0,taker,,24662.51753106907
2023-02-16 20:00:00+00:00,signal,buy,2.1710000000000003,24879.1,54012.5261,0.7561753654000001,-0.0,0.007131256814130691,0.0,2.1710000000000003,maker,24879.1,
2023-02-16 22:31:00+00:00,stop_loss,sell,2.1710000000000003,24258.824521754395,52665.9080367288,14.746454250284062,1.0,,-1346.6180632712046,0.0,taker,,24261.250646819077
2023-02-17 12:00:00+00:00,signal,buy,0.322,23792.6,7661.2172,0.10725704080000001,-0.0,0.0011171457442864835,0.0,0.322,maker,23792.6,
2023-02-19 16:14:00+00:00,take_profit,sell,0.322,25133.903866017597,8093.117044857667,2.2660727725601464,1.0,,431.8998448576669,0.0,taker,,25136.417507768376
2023-02-20 16:00:00+00:00,signal,buy,0.313,24944.7,7807.6911,0.10930767540000001,-0.0,0.001156565379897893,0.0,0.313,maker,24944.7,
2023-02-21 16:18:00+00:00,stop_loss,sell,0.313,24353.156885114575,7622.538105040862,2.134310669411441,1.0,,-185.1529949591383,0.0,taker,,24355.592444359012
2023-03-03 12:00:00+00:00,signal,sell,0.04,22333.9,893.3560000000001,0.012506984000000002,-0.0,0.0003854504629084601,0.0,-0.04,maker,22333.9,
2023-03-05 04:00:00+00:00,signal,buy,0.04,22376.692269159255,895.0676907663702,0.2506189534145836,1.1139031381041193,0.00020271757609322016,-1.7116907663701568,0.0,taker,,
2023-03-09 04:00:00+00:00,signal,sell,0.217,21762.6,4722.4842,0.06611477880000001,-0.0,0.003070685623827122,0.0,-0.217,maker,21762.6,
2023-03-09 19:04:00+00:00,take_profit,buy,0.217,20910.47425413038,4537.572913146292,1.2705204156809617,1.0,,184.91128685370754,0.0,taker,,20908.3834157888
2023-03-10 12:00:00+00:00,signal,sell,0.241,19749.9,4759.7259,0.0666361626,-0.0,0.0003137473026838327,0.0,-0.241,maker,19749.9,
2023-03-11 01:04:00+00:00,stop_loss,buy,0.241,20305.517841742785,4893.629799860011,1.370216343960803,1.0,,-133.90389986001085,0.0,taker,,20303.487492993485
2023-03-11 20:00:00+00:00,signal,sell,0.234,20209.9,4729.1166,0.06620763240000001,-0.0,0.0008991748031480272,0.0,-0.234,maker,20209.9,
2023-03-12 17:46:00+00:00,stop_loss,buy,0.234,20765.599218061052,4859.150217026287,1.36056206076736,1.0,,-130.0336170262858,0.0,taker,,20763.522865774474
2023-03-18 04:00:00+00:00,signal,buy,0.769,27293.4,20988.624600000003,0.2938407444000001,-0.0,0.0037547725920242386,0.0,0.769,maker,27293.4,
2023-03-20 03:31:00+00:00,stop_loss,sell,0.769,27148.725820077067,20877.370155639266,5.845663643578994,1.0,,-111.25444436073691,0.0,taker,,27151.440964173482
2023-03-20 20:00:00+00:00,signal,buy,0.752,27769.6,20882.7392,0.29235834880000006,-0.0,0.0020520679701655446,0.0,0.752,maker,27769.6,
2023-03-22 19:05:00+00:00,stop_loss,sell,0.752,27601.743816194263,20756.511349778084,5.811823177937863,1.0,,-126.22785022191331,0.0,taker,,27604.504266620923
2023-03-30 08:00:00+00:00,signal,buy,0.261,28706.5,7492.3965,0.10489355100000002,-0.0,0.0007497946108711295,0.0,0.261,maker,28706.5,
2023-03-30 17:31:00+00:00,stop_loss,sell,0.261,27872.466402749953,7274.713731117738,2.0369198447129664,1.0,,-217.68276888226228,0.0,taker,,27875.253928142767
2023-03-31 12:00:00+00:00,signal,buy,0.266,27916.0,7425.656,0.10395918400000001,-0.0,0.0009467472795978989,0.0,0.266,maker,27916.0,
2023-04-02 19:42:00+00:00,stop_loss,sell,0.266,27889.54338761643,7418.618541105971,2.0772131915096717,1.0,,-7.037458894029202,0.0,taker,,27892.33262087852
2023-04-11 00:00:00+00:00,signal,buy,2.1390000000000002,29623.1,63363.810900000004,0.8870933526000001,-0.0,0.003607128410682123,0.0,2.1390000000000002,maker,29623.1,
2023-04-12 20:00:00+00:00,signal,sell,0.708,29785.508977938454,21088.140356380423,5.904679299786518,1.3397412046341803,0.0018035013457231867,114.9855563804267,1.4310000000000003,taker,,
2023-04-13 16:00:00+00:00,signal,buy,0.583,30422.6,17736.375799999998,0.2483092612,-0.0,0.0011667906541213923,0.0,2.0140000000000002,maker,30422.6,
2023-04-13 20:00:00+00:00,signal,sell,0.492,30319.038591178414,14916.96698685978,4.176750756320738,1.3064039908944198,0.001466928213062933,228.53615528083446,1.5220000000000002,taker,,
2023-04-14 04:00:00+00:00,signal,buy,0.501,30684.5,15372.9345,0.215221083,-0.0,0.0027456336069238327,0.0,2.023,maker,30684.5,
2023-04-14 15:28:00+00:00,stop_loss,sell,2.023,30187.580362170676,61069.47507267128,17.09945302034796,1.0,,257.9395042502304,0.0,taker,,30190.599422112886
2023-04-14 16:00:00+00:00,signal,buy,0.356,30226.7,10760.7052,0.15064987280000003,-0.0,0.0005667269447454298,0.0,0.356,maker,30226.7,
2023-04-14 16:06:00+00:00,stop_loss,sell,0.356,30187.580362170676,10746.77860893276,3.0090980105011726,1.0,,-13.926591067239467,0.0,taker,,30190.599422112886
2023-04-15 04:00:00+00:00,signal,buy,0.363,30367.0,11023.221,0.15432509400000002,-0.0,0.0008452832883401403,0.0,0.363,maker,30367.0,
2023-04-15 17:21:00+00:00,stop_loss,sell,0.363,30223.45959798179,10971.11583406739,3.071912433538869,1.0,,-52.10516593261039,0.0,taker,,30226.48224620641
2023-04-16 20:00:00+00:00,signal,buy,0.363,30306.0,11001.078,0.15401509200000002,-0.0,0.00043062525898383884,0.0,0.363,maker,30306.0,
2023-04-17 00:39:00+00:00,stop_loss,sell,0.363,29819.957667067512,10824.644633145506,3.0309004972807414,1.0,,-176.43336685449302,0.0,taker,,29822.939961063617
2023-05-01 20:00:00+00:00,signal,sell,0.08700000000000001,27833.9,2421.5493,0.03390169020000001,-0.0,0.00013110786319440817,0.0,-0.08700000000000001,maker,27833.9,
2023-05-02 00:00:00+00:00,signal,buy,0.08700000000000001,28057.487354633922,2441.0013998531513,0.6834803919588823,1.0648397347746485,6.569048758823089e-05,-19.452099853151108,0.0,taker,,
2023-05-09 12:00:00+00:00,signal,sell,0.101,27663.9,2794.0539000000003,0.03911675460000001,-0.0,0.00013330313932535237,0.0,-0.101,maker,27663.9,
2023-05-09 20:00:00+00:00,signal,sell,0.006,27704.7,166.22820000000002,0.0023271948000000006,-0.0,8.61536192920169e-06,0.0,-0.10700000000000001,maker,27704.7,
2023-05-10 12:32:00+00:00,stop_loss,buy,0.10700000000000001,28001.58990370178,2996.1701196960908,0.8389276335149053,1.0,,-35.88801969609056,0.0,taker,,27998.790024699312
2023-05-11 08:00:00+00:00,signal,sell,0.107,27437.5,2935.8125,0.041101375,-0.0,0.00020598745333299688,0.0,-0.107,maker,27437.5,
2023-05-12 19:25:00+00:00,take_profit,buy,0.107,26028.532309815357,2785.052957150243,0.7798148280020679,1.0,,150.75954284975683,0.0,taker,,26025.92971684367
2023-05-25 04:00:00+00:00,signal,sell,0.139,26171.1,3637.7829,0.05092896060000001,-0.0,0.000558558615981686,0.0,-0.139,maker,26171.1,
2023-05-25 12:00:00+00:00,signal,sell,0.014,26282.5,367.955,0.005151370000000001,-0.0,2.1771864432757883e-05,0.0,-0.15300000000000002,maker,26282.5,
2023-05-25 19:10:00+00:00,stop_loss,buy,0.15300000000000002,26589.362706327196,4068.1724940680615,1.1390882983390571,1.0,,-62.43459406806163,0.0,taker,,26586.704035923605
2023-05-30 16:00:00+00:00,signal,buy,0.444,27665.0,12283.26,0.17196564000000003,-0.0,0.001406953630776432,0.0,0.444,maker,27665.0,
2023-05-30 20:00:00+00:00,signal,buy,1.288,27836.4,35853.283200000005,0.5019459648000001,-0.0,0.006187726145951695,0.0,1.732,maker,27836.4,
2023-05-31 00:00:00+00:00,signal,sell,1.294,27675.25934634996,35811.78559417685,10.027299966369517,1.7126638909108127,0.00793577845950217,-151.65949866380132,0.43799999999999994,taker,,
2023-05-31 04:00:00+00:00,signal,sell,0.438,27642.147575856237,12107.260638225032,3.3900329787030086,1.5743128944933789,0.005153676574708796,-65.83746893432303,0.0,taker,,
2023-06-06 00:00:00+00:00,signal,sell,0.043000000000000003,25714.6,1105.7278000000001,0.015480189200000003,-0.0,7.034224166874652e-05,0.0,-0.043000000000000003,maker,25714.6,
2023-06-06 08:00:00+00:00,signal,sell,0.005,25706.3,128.5315,0.0017994410000000001,-0.0,1.40316041522767e-05,0.0,-0.048,maker,25706.3,
2023-06-06 16:03:00+00:00,stop_loss,buy,0.048,26147.259092128847,1255.0684364221847,0.3514191621982117,1.0,,-20.80913642218447,0.0,taker,,26144.64462766608
2023-06-11 16:00:00+00:00,signal,sell,0.126,25741.1,3243.3786,0.0454073004,-0.0,0.0012265856412574504,0.0,-0.126,maker,25741.1,
2023-06-11 20:00:00+00:00,signal,buy,0.093,26024.07340422038,2420.2388265924956,0.6776668714458987,1.1426896712197954,0.0003181303480127077,-26.316526592495507,-0.033,taker,,
2023-06-12 00:00:00+00:00,signal,buy,0.033,25912.847544986045,855.1239689845395,0.23943471131567104,1.0990138888632466,0.00015318359668473953,-5.667668984539541,0.0,taker,,
2023-06-15 04:00:00+00:00,signal,sell,0.044,25054.8,1102.4112,0.015433756800000002,-0.0,6.381431589627265e-05,0.0,-0.044,maker,25054.8,
2023-06-15 08:00:00+00:00,signal,buy,0.002,24977.16959849275,49.9543391969855,0.013987214975155938,1.0288847440009308,1.3036381812489095e-05,0.15526080301449838,-0.041999999999999996,taker,,
2023-06-15 12:00:00+00:00,signal,sell,0.003,25007.0,75.021,0.0010502940000000002,-0.0,6.658826014673217e-06,0.0,-0.045,maker,25007.0,
2023-06-15 19:09:00+00:00,stop_loss,buy,0.045,25455.829790266267,1145.512340561982,0.32074345535735493,1.0,,-18.189740561982287,0.0,taker,,25453.284461820087
2023-06-21 04:00:00+00:00,signal,buy,1.857,28704.6,53304.4422,0.7462621908,-0.0,0.0048289903121009285,0.0,1.857,maker,28704.6,
2023-06-21 16:29:00+00:00,take_profit,sell,1.857,30493.98769923469,56627.33515747882,15.855653844094068,1.0,,3322.8929574788235,0.0,taker,,30497.037402974987
2023-06-22 16:00:00+00:00,signal,buy,1.695,29837.3,50574.2235,0.7080391290000001,-0.0,0.0028191256615201564,0.0,1.695,maker,29837.3,
2023-06-23 15:16:00+00:00,take_profit,sell,1.695,30493.98769923469,51687.309150202804,14.472446562056783,1.0,,1113.0856502028023,0.0,taker,,30497.037402974987
2023-06-24 08:00:00+00:00,signal,buy,1.719,30563.3,52538.3127,0.7355363778000001,-0.0,0.009713896179293377,0.0,1.719,maker,30563.3,
2023-06-24 16:00:00+00:00,signal,sell,0.41600000000000004,30387.233288624244,12641.089048067686,3.539504933458952,1.1736154940818238,0.0004709740591449346,-73.24375193231425,1.303,taker,,
2023-06-26 01:20:00+00:00,stop_loss,sell,1.303,30038.79858394132,39140.55455487554,10.95935527536515,1.0,,-683.4253451244597,0.0,taker,,30041.80276421774
2023-06-26 20:00:00+00:00,signal,buy,1.307,30233.9,39515.7073,0.5532199022000001,-0.0,0.005104438508221667,0.0,1.307,maker,30233.9,
2023-06-27 08:00:00+00:00,signal,buy,0.215,30404.5,6536.9675,0.091517545,-0.0,0.0009397513834308648,0.0,1.522,maker,30404.5,
2023-06-28 08:00:00+00:00,signal,sell,1.1440000000000001,30172.289423816484,34517.09910084606,9.664787748236897,1.2296448116101493,0.0008240115546790765,-98.05199718285161,0.3779999999999999,taker,,
2023-06-28 12:56:00+00:00,stop_loss,sell,0.3779999999999999,30065.416985226937,11364.727620415779,3.1821237337164177,1.0,,-72.79608155530865,0.0,taker,,30068.4238276097
2023-07-14 00:00:00+00:00,signal,buy,1.629,31441.6,51218.3664,0.7170571296,-0.0,0.0039739318671839765,0.0,1.629,maker,31441.6,
2023-07-14 08:00:00+00:00,signal,sell,0.055,31092.562439803303,1710.0909341891818,0.47882546157297085,1.0733119789743835,8.397884783031928e-05,-19.19706581081824,1.574,taker,,
2023-07-14 12:00:00+00:00,signal,buy,0.076,31206.4,2371.6864,0.0332036096,-0.0,0.0005253530041648523,0.0,1.6500000000000001,maker,31206.4,
2023-07-14 17:40:00+00:00,stop_loss,sell,1.6500000000000001,30845.7448927479,50895.47907303404,14.250734140449529,1.0,,-965.2857269659568,0.0,taker,,30848.829775725473
2023-08-17 04:00:00+00:00,signal,sell,0.075,28643.5,2148.2625,0.030075675,-0.0,0.0003054181493781305,0.0,-0.075,maker,28643.5,
2023-08-17 12:00:00+00:00,signal,sell,0.007,28540.0,199.78,0.0027969200000000005,-0.0,1.5815160216647634e-05,0.0,-0.082,maker,28540.0,
2023-08-17 15:44:00+00:00,take_profit,buy,0.082,28023.861908020997,2297.956676457722,0.6434278694081621,1.0,,50.08582354227826,0.0,taker,,28021.059802040792
2023-08-18 08:00:00+00:00,signal,sell,0.089,26413.8,2350.8282,0.0329115948,-0.0,0.00040861079587337383,0.0,-0.089,maker,26413.8,
2023-08-21 20:00:00+00:00,signal,buy,0.089,26089.09018162985,2321.9290261650567,0.6501401273262158,1.1079350882264971,0.0001820309886009646,28.899173834943273,0.0,taker,,
2023-08-22 12:00:00+00:00,signal,sell,0.181,26039.0,4713.059,0.06598282600000001,-0.0,0.0022559458167936332,0.0,-0.181,maker,26039.0,
2023-08-23 16:13:00+00:00,stop_loss,buy,0.181,26200.402157279783,4742.27279046764,1.3278363813309393,1.0,,-29.213790467640692,0.0,taker,,26197.78237904188
2023-08-27 08:00:00+00:00,signal,sell,0.052000000000000005,26028.5,1353.4820000000002,0.018948748000000005,-0.0,0.0014274363148224856,0.0,-0.052000000000000005,maker,26028.5,
2023-08-27 16:00:00+00:00,signal,sell,0.007,26110.9,182.77630000000002,0.0025588682000000007,-0.0,6.021229615650683e-05,0.0,-0.059000000000000004,maker,26110.9,
2023-08-28 12:26:00+00:00,stop_loss,buy,0.059000000000000004,26231.000421308545,1547.6290248572043,0.43333612696001717,1.0,,-11.370724857204095,0.0,taker,,26228.37758355019
2023-09-01 04:00:00+00:00,signal,sell,0.008,26071.4,208.5712,0.0029199968000000005,-0.0,0.00012606828694895173,0.0,-0.008,maker,26071.4,
2023-09-01 12:00:00+00:00,signal,sell,0.001,26033.6,26.0336,0.0003644704,-0.0,7.739967692211908e-06,0.0,-0.009000000000000001,maker,26033.6,
2023-09-02 04:00:00+00:00,signal,sell,0.026000000000000002,25786.1,670.4386000000001,0.009386140400000001,-0.0,0.0003949360169643675,0.0,-0.035,maker,25786.1,
2023-09-03 20:50:00+00:00,stop_loss,buy,0.035,26069.230809972574,912.4230783490402,0.2554784619377312,1.0,,-7.379678349040114,0.0,taker,,26066.624147557817
2023-09-05 04:00:00+00:00,signal,sell,0.047,25681.7,1207.0399,0.016898558600000002,-0.0,0.0003235691315311387,0.0,-0.047,maker,25681.7,
2023-09-06 17:55:00+00:00,stop_loss,buy,0.047,25925.111608987994,1218.4802456224356,0.3411744687742819,1.0,,-11.440345622435697,0.0,taker,,25922.51935705229
2023-09-07 12:00:00+00:00,signal,sell,0.055,25695.5,1413.2525,0.019785535000000003,-0.0,0.0005451841093435107,0.0,-0.055,maker,25695.5,
2023-09-07 20:00:00+00:00,signal,buy,0.055,25870.052877089707,1422.8529082399339,0.39839881430718144,1.1415570704520677,0.0003131000655464322,-9.600408239933895,0.0,taker,,
2023-09-11 20:00:00+00:00,signal,sell,0.063,25008.2,1575.5166000000002,0.022057232400000005,-0.0,0.0001490872223128338,0.0,-0.063,maker,25008.2,
2023-09-12 03:13:00+00:00,stop_loss,buy,0.063,25391.227409667285,1599.647326809039,0.4479012515065309,1.0,,-24.13072680903888,0.0,taker,,25388.688540813204
2023-09-17 12:00:00+00:00,signal,buy,0.48,26553.9,12745.872,0.17844220800000002,-0.0,0.004385025980579477,0.0,0.48,maker,26553.9,
2023-09-18 00:00:00+00:00,signal,buy,0.049,26514.2,1299.1958000000002,0.018188741200000004,-0.0,0.0001737163859734532,0.0,0.529,maker,26514.2,
2023-09-18 12:00:00+00:00,signal,buy,2.6550000000000002,27184.6,72175.113,1.0104515820000002,-0.0,0.002660670530897262,0.0,3.184,maker,27184.6,
2023-09-18 12:31:00+00:00,take_profit,sell,3.184,27317.80849504154,86979.90224821227,24.354372629499434,1.0,,759.7214482122644,0.0,taker,,27320.540549096448
2023-09-19 12:00:00+00:00,signal,buy,2.209,27224.4,60138.69960000001,0.8419417944000002,-0.0,0.003183811159406704,0.0,2.209,maker,27224.4,
2023-09-20 04:00:00+00:00,signal,sell,2.209,27101.270966300217,59866.70756455718,16.76267811807601,1.8921854985472746,0.012437421309657014,-271.9920354428239,0.0,taker,,
2023-09-28 20:00:00+00:00,signal,buy,2.274,27088.5,61599.249,0.8623894860000001,-0.0,0.004825351081455861,0.0,2.274,maker,27088.5,
2023-09-29 14:09:00+00:00,stop_loss,sell,2.274,26726.720614227772,60776.56267675395,17.017437549491106,1.0,,-822.6863232460468,0.0,taker,,26729.39355358313
2023-10-01 00:00:00+00:00,signal,buy,1.3760000000000001,26951.0,37084.576,0.5191840640000001,-0.0,0.01999508864110153,0.0,1.3760000000000001,maker,26951.0,
2023-10-01 00:01:00+00:00,signal,buy,1.213,26948.6,32688.6518,0.45764112520000005,-0.0,0.013575251253023895,0.0,2.5890000000000004,maker,26948.6,
2023-10-02 00:00:00+00:00,signal,buy,0.614,27981.4,17180.5796,0.24052811440000005,-0.0,0.0009518445377964864,0.0,3.2030000000000003,maker,27981.4,
2023-10-02 04:00:00+00:00,signal,buy,0.079,28114.9,2221.0771,0.031095079400000003,-0.0,0.00020288314241717823,0.0,3.2820000000000005,maker,28114.9,
2023-10-02 07:40:00+00:00,take_profit,sell,3.2820000000000005,28316.384051811387,92934.37245804498,26.021624288252593,1.0,,3759.4879580449965,0.0,taker,,28319.215973408725
2023-10-02 12:00:00+00:00,signal,buy,3.057,28183.1,86155.7367,1.2061803138,-0.0,0.008505105328951679,0.0,3.057,maker,28183.1,
2023-10-02 12:58:00+00:00,take_profit,sell,3.057,28316.384051811387,86563.1860463874,24.23769209298847,1.0,,407.44934638741324,0.0,taker,,28319.215973408725
2023-10-03 12:00:00+00:00,signal,buy,2.105,27549.1,57990.8555,0.811871977,-0.0,0.01436160395148702,0.0,2.105,maker,27549.1,
2023-10-04 00:00:00+00:00,signal,buy,0.005,27412.0,137.06,0.0019188400000000002,-0.0,1.248605724492072e-05,0.0,2.11,maker,27412.0,
2023-10-04 16:00:00+00:00,signal,sell,1.559,27383.700300965753,42691.188769205604,11.953532855377569,1.6794394081582982,0.007213092333726538,-257.3516405100312,0.5509999999999999,taker,,
2023-10-04 20:00:00+00:00,signal,buy,1.608,27606.3,44390.930400000005,0.6214730256000002,-0.0,0.004714598469974958,0.0,2.159,maker,27606.3,
2023-10-05 16:00:00+00:00,signal,sell,1.631,27536.01165889363,44911.23501565551,12.575145804383542,1.448199385028555,0.0031387920115621077,-90.69562568483956,0.5279999999999998,taker,,
2023-10-06 04:00:00+00:00,signal,buy,1.446,27544.8,39829.7808,0.5576169312000001,-0.0,0.01998997475416912,0.0,1.9739999999999998,maker,27544.8,
2023-10-06 04:01:00+00:00,signal,buy,0.081,27541.8,2230.8858,0.031232401200000003,-0.0,0.002476851732229604,0.0,2.0549999999999997,maker,27541.8,
2023-10-06 12:58:00+00:00,stop_loss,sell,2.0549999999999997,27283.79172051011,56068.19198564827,15.699093755981515,1.0,,-560.8494632957446,0.0,taker,,27286.520372547366
2023-10-08 00:00:00+00:00,signal,buy,0.851,27943.0,23779.493,0.332912902,-0.0,0.019991177113598973,0.0,0.851,maker,27943.0,
2023-10-08 00:01:00+00:00,signal,buy,0.749,27943.0,20929.307,0.29301029800000006,-0.0,0.019988310410824845,0.0,1.6,maker,27943.0,
2023-10-08 00:02:00+00:00,signal,buy,0.789,27940.9,22045.370100000004,0.30863518140000007,-0.0,0.018602313250178793,0.0,2.3890000000000002,maker,27940.9,
2023-10-08 08:00:00+00:00,signal,sell,1.431,27886.456194111524,39905.51881377359,11.173545267856603,2.1309768569490313,0.019986072671161093,-79.921710755497,0.9580000000000002,taker,,
2023-10-08 08:01:00+00:00,signal,sell,0.343,27886.117283643318,9564.938228289659,2.678182703921104,1.6430983649331674,0.0064621172965580185,-19.272882760989972,0.6150000000000002,taker,,
2023-10-09 08:00:00+00:00,signal,sell,0.615,27801.019636741737,17097.627076596167,4.787335581446927,1.2876873820376176,0.0012931879653696585,-86.89138782408956,0.0,taker,,
2023-10-16 20:00:00+00:00,signal,buy,2.1550000000000002,28457.9,61326.77450000001,0.8585748430000002,-0.0,0.00417273124247867,0.0,2.1550000000000002,maker,28457.9,
2023-10-18 00:00:00+00:00,signal,sell,0.452,28378.187084378686,12826.940562139167,3.5915433573989666,1.3434273910630545,0.0018428495770683785,-36.030237860834795,1.7030000000000003,taker,,
2023-10-20 04:00:00+00:00,signal,buy,0.679,29222.9,19842.349100000003,0.2777928874000001,-0.0,0.001800998286669413,0.0,2.3820000000000006,maker,29222.9,
2023-10-21 18:01:00+00:00,take_profit,sell,2.3820000000000006,30308.068906162895,72193.82013448003,20.214269637654407,1.0,,3887.6673344800247,0.0,taker,,30311.10001616451
2023-10-21 20:00:00+00:00,signal,buy,2.426,30128.7,73092.2262,1.0232911668000002,-0.0,0.019998695777812863,0.0,2.426,maker,30128.7,
2023-10-21 20:01:00+00:00,signal,buy,0.20800000000000002,30130.1,6267.0608,0.08773885120000001,-0.0,0.001303187225354904,0.0,2.6340000000000003,maker,30130.1,
2023-10-22 00:00:00+00:00,signal,sell,0.743,29890.815097915456,22208.875617751182,6.218485172970331,1.5336480142575784,0.004449690673766508,-176.8306240863248,1.8910000000000005,taker,,
2023-10-23 01:24:00+00:00,take_profit,sell,1.8910000000000005,30308.068906162895,57312.55830155405,16.047516324435133,1.0,,338.97754339154517,0.0,taker,,30311.10001616451
2023-10-23 20:00:00+00:00,signal,buy,2.281,31340.3,71487.2243,1.0008211402000002,-0.0,0.0051397694207489355,0.0,2.281,maker,31340.3,
2023-10-23 22:41:00+00:00,take_profit,sell,2.281,33400.84855262244,76187.33554853179,21.3324539535889,1.0,,4700.111248531786,0.0,taker,,33404.188971519594
2023-10-24 00:00:00+00:00,signal,buy,1.7530000000000001,33074.0,57978.722,0.8117021080000001,-0.0,0.002595555733913272,0.0,1.7530000000000001,maker,33074.0,
2023-10-24 00:31:00+00:00,take_profit,sell,1.7530000000000001,33400.84855262244,58551.68751274714,16.394472503569197,1.0,,572.9655127471364,0.0,taker,,33404.188971519594
2023-10-24 20:00:00+00:00,signal,buy,1.046,33792.0,35346.432,0.49485004800000004,-0.0,0.0019287167166782337,0.0,1.046,maker,33792.0,
2023-10-25 16:00:00+00:00,signal,buy,0.406,34841.5,14145.649000000001,0.19803908600000003,-0.0,0.0005525110941550399,0.0,1.452,maker,34841.5,
2023-10-26 12:00:00+00:00,signal,sell,1.452,34099.20725279259,49512.048931054844,13.863373700695355,1.4346507333156544,0.00295189468705994,19.967931054841696,0.0,taker,,
2023-10-27 04:00:00+00:00,signal,buy,1.442,34124.1,49206.9522,0.6888973308,-0.0,0.018930622478754162,0.0,1.442,maker,34124.1,
2023-10-30 00:00:00+00:00,signal,buy,0.41300000000000003,34528.6,14260.311800000001,0.19964436520000003,-0.0,0.003142771549327381,0.0,1.855,maker,34528.6,
2023-11-01 04:00:00+00:00,signal,buy,0.14100000000000001,34429.9,4854.615900000001,0.06796462260000001,-0.0,0.001316444631971057,0.0,1.996,maker,34429.9,
2023-11-01 16:00:00+00:00,signal,sell,1.5170000000000001,34290.53586741852,52018.742910873894,14.56524801504469,1.8555999467840594,0.01143830107713883,92.74501092398262,0.47899999999999987,taker,,
2023-11-01 20:00:00+00:00,signal,buy,1.438,34564.1,49703.1758,0.6958444612,-0.0,0.005740829124731898,0.0,1.9169999999999998,maker,34564.1,
2023-11-02 00:00:00+00:00,signal,buy,0.522,35437.5,18498.375,0.25897725000000005,-0.0,0.0016054213294319866,0.0,2.439,maker,35437.5,
2023-11-02 04:00:00+00:00,signal,buy,0.081,35577.9,2881.8099,0.04034533860000001,-0.0,0.00044004795984177984,0.0,2.52,maker,35577.9,
2023-11-02 08:00:00+00:00,signal,sell,0.739,35275.67328223991,26068.722555575296,7.299242315561082,1.3964382011882175,0.0024556757400210874,415.0874939336251,1.7810000000000001,taker,,
2023-11-02 13:44:00+00:00,stop_loss,sell,1.7810000000000001,34776.14615420287,61936.31630063531,17.342168564177886,1.0,,110.70866222690027,0.0,taker,,34779.624116614534
2023-11-09 20:00:00+00:00,signal,buy,1.374,36399.4,50012.77560000001,0.7001788584000002,-0.0,0.006824151845628619,0.0,1.374,maker,36399.4,
2023-11-12 12:00:00+00:00,signal,buy,0.421,37087.6,15613.879599999998,0.2185943144,-0.0,0.007198360121918759,0.0,1.7950000000000002,maker,37087.6,
2023-11-13 08:00:00+00:00,signal,sell,1.247,36974.617887261134,46107.34850541464,12.910057581516098,2.1313087916887232,0.01999780597112812,516.0175670302331,0.548,taker,,
2023-11-13 08:01:00+00:00,signal,sell,0.548,36984.22520899557,20267.355414529575,5.67485951606828,1.8584986670924208,0.011515936896866613,232.03115291397478,0.0,taker,,
2023-11-13 12:00:00+00:00,signal,buy,1.444,36837.5,53193.35,0.7447069000000001,-0.0,0.008145498809559237,0.0,1.444,maker,36837.5,
2023-11-13 20:00:00+00:00,signal,buy,0.497,36877.6,18328.1672,0.25659434080000004,-0.0,0.007458466099726597,0.0,1.9409999999999998,maker,36877.6,
2023-11-14 00:00:00+00:00,signal,sell,1.472,36480.87307586811,53699.84516767786,15.0359566469498,1.4599832626815246,0.0033060094054240693,-540.068958236624,0.46899999999999986,taker,,
2023-11-14 12:00:00+00:00,signal,sell,0.46900000000000003,36284.28990471464,17017.33196531117,4.764852950287127,1.2703871666974844,0.001142331561167082,-264.2711087743583,0.0,taker,,
2023-11-16 00:00:00+00:00,signal,buy,1.453,37885.5,55047.6315,0.7706668410000002,-0.0,0.0027813919695698955,0.0,1.453,maker,37885.5,
2023-11-16 08:00:00+00:00,signal,sell,0.004,37456.66722312973,149.8266688925189,0.04195146728990529,1.0498435343448793,3.881840493733057e-05,-1.7153311074810917,1.449,taker,,
2023-11-16 12:00:00+00:00,signal,buy,0.022,37272.0,819.9839999999999,0.011479776,-0.0,3.431309400833172e-05,0.0,1.471,maker,37272.0,
2023-11-16 13:16:00+00:00,stop_loss,sell,1.471,36955.95770758124,54362.21378785201,15.22141986059856,1.0,,-1353.859712147992,0.0,taker,,36959.65367294854
2023-12-02 00:00:00+00:00,signal,buy,1.925,38659.9,74420.30750000001,1.0418843050000002,-0.0,0.010965283853935118,0.0,1.925,maker,38659.9,
2023-12-02 20:00:00+00:00,signal,buy,0.769,39416.4,30311.211600000002,0.4243569624000001,-0.0,0.0013582818014115448,0.0,2.694,maker,39416.4,
2023-12-03 04:00:00+00:00,signal,sell,0.646,39370.19066999852,25433.143172819044,7.121280088389332,1.475347928047279,0.0035305570734193927,319.3490604953597,2.048,taker,,
2023-12-03 08:00:00+00:00,signal,buy,0.455,39474.1,17960.7155,0.251450017,-0.0,0.019990119041836923,0.0,2.503,maker,39474.1,
2023-12-03 08:01:00+00:00,signal,buy,0.303,39476.3,11961.3189,0.16745846460000002,-0.0,0.005813035324062588,0.0,2.806,maker,39476.3,
2023-12-03 20:00:00+00:00,signal,sell,0.637,39549.24786348286,25192.870889038582,7.054003848930803,1.5047671398806937,0.0039810916484896205,325.8620757991604,2.169,taker,,
2023-12-03 22:33:00+00:00,take_profit,sell,2.169,40011.21145307709,86784.31764172422,24.29960893968278,1.0,,2111.5670672873166,0.0,taker,,40015.21297437453
2023-12-04 00:00:00+00:00,signal,buy,2.7760000000000002,39979.8,110983.92480000002,1.5537749472000004,-0.0,0.008905475042656447,0.0,2.7760000000000002,maker,39979.8,
2023-12-04 00:01:00+00:00,take_profit,sell,2.7760000000000002,40011.21145307709,111071.12299374201,31.09991443824776,1.0,,87.19819374200016,0.0,taker,,40015.21297437453
2023-12-04 20:00:00+00:00,signal,buy,2.234,42000.9,93830.01060000001,1.3136201484000003,-0.0,0.007231561725375108,0.0,2.234,maker,42000.9,
2023-12-05 20:00:00+00:00,signal,sell,0.07200000000000001,43829.15458455328,3155.6991300878367,0.8835957564245942,1.1054011604500387,0.00017358444725335605,131.63433008783622,2.162,taker,,
2023-12-05 22:29:00+00:00,take_profit,sell,2.162,44484.64122896396,96175.79433702008,26.929222414365622,1.0,,5369.848537020084,0.0,taker,,44489.09013797776
2023-12-06 04:00:00+00:00,signal,buy,2.068,43757.6,90490.7168,1.2668700352,-0.0,0.013661405287500735,0.0,2.068,maker,43757.6,
2023-12-07 09:26:00+00:00,stop_loss,sell,2.068,43110.00723425128,89151.49496043165,24.96241858892086,1.0,,-1339.2218395683512,0.0,taker,,43114.31866611789
2023-12-08 04:00:00+00:00,signal,buy,1.565,43402.7,67925.22549999999,0.9509531569999999,-0.0,0.016110978778330766,0.0,1.565,maker,43402.7,
2023-12-10 08:00:00+00:00,signal,buy,0.371,43995.8,16322.4418,0.22851418520000003,-0.0,0.0020322598471697877,0.0,1.936,maker,43995.8,
2023-12-11 01:08:00+00:00,stop_loss,sell,1.936,43425.33586317774,84071.4502311121,23.54000606471139,1.0,,-176.21706888789544,0.0,taker,,43429.678831060846
2023-12-19 08:00:00+00:00,signal,buy,1.47,43062.1,63301.287,0.886218018,-0.0,0.0133487428757255,0.0,1.47,maker,43062.1,
2023-12-19 16:00:00+00:00,signal,sell,1.112,42505.884219091015,47266.54325162921,13.234632110456179,1.6502710727767895,0.0066070698139105745,-618.5119483707903,0.3579999999999999,taker,,
2023-12-19 17:12:00+00:00,stop_loss,sell,0.3579999999999999,42012.23625923668,15040.380580806725,4.211306562625882,1.0,,-375.85121919326895,0.0,taker,,42016.43790302698
2023-12-19 20:00:00+00:00,signal,buy,0.357,42379.7,15129.552899999999,0.2118137406,-0.0,0.0016538179056540105,0.0,0.357,maker,42379.7,
2023-12-20 08:00:00+00:00,signal,buy,1.1400000000000001,42950.0,48963.00000000001,0.6854820000000001,-0.0,0.006592485970833794,0.0,1.497,maker,42950.0,
2023-12-23 04:00:00+00:00,signal,sell,1.497,43535.46758937364,65172.59498129235,18.248326594761856,1.775802106036648,0.009404201683295291,1080.0420812923358,0.0,taker,,
2024-01-02 08:00:00+00:00,signal,buy,0.762,45495.6,34667.6472,0.48534706080000006,-0.0,0.0034046125787571464,0.0,0.762,maker,45495.6,
2024-01-02 16:00:00+00:00,signal,buy,1.314,45215.0,59412.51,0.8317751400000001,-0.0,0.003428949721656934,0.0,2.076,maker,45215.0,
2024-01-02 20:00:00+00:00,signal,sell,1.358,45066.63273180799,61200.48724979526,17.13613642994267,1.4792056920634586,0.003588095239156538,-341.349685464861,0.718,taker,,
2024-01-03 00:00:00+00:00,signal,buy,1.307,44979.7,58788.467899999996,0.8230385506000001,-0.0,0.005673560460944222,0.0,2.025,maker,44979.7,
2024-01-03 04:00:00+00:00,signal,sell,1.303,45288.8007230388,59011.30734211956,16.523166055793475,1.9866918396038609,0.015211887286575798,246.4653773511364,0.722,taker,,
2024-01-03 08:00:00+00:00,signal,buy,0.846,45030.5,38095.803,0.5333412420000001,-0.0,0.0036269051649092197,0.0,1.568,maker,45030.5,
2024-01-03 11:24:00+00:00,stop_loss,sell,1.568,44534.995104754824,69830.87232425557,19.55264425079156,1.0,,-826.8768757158919,0.0,taker,,44539.44904965979
2024-01-09 00:00:00+00:00,signal,buy,1.461,46972.6,68626.96860000001,0.9607775604000002,-0.0,0.006468993075669416,0.0,1.461,maker,46972.6,
2024-01-09 12:00:00+00:00,signal,buy,0.091,46624.4,4242.8204,0.0593994856,-0.0,0.0005480212352882689,0.0,1.552,maker,46624.4,
2024-01-09 12:56:00+00:00,stop_loss,sell,1.552,45672.496419735486,70883.71444342948,19.84744004416025,1.0,,-1986.07455657053,0.0,taker,,45677.0641261481
2024-01-10 00:00:00+00:00,signal,buy,0.927,46113.9,42747.585300000006,0.5984661942000001,-0.0,0.005367526299142801,0.0,0.927,maker,46113.9,
2024-01-10 01:16:00+00:00,stop_loss,sell,0.927,45672.496419735486,42338.4041810948,11.854753170706543,1.0,,-409.1811189052061,0.0,taker,,45677.0641261481
2024-01-11 04:00:00+00:00,signal,buy,0.91,46502.3,42317.093,0.5924393020000001,-0.0,0.005136628989571865,0.0,0.91,maker,46502.3,
2024-01-12 14:40:00+00:00,stop_loss,sell,0.91,45328.53042010178,41248.96268229262,11.549709551041934,1.0,,-1068.130317707384,0.0,taker,,45333.06372647443
2024-01-17 16:00:00+00:00,signal,buy,0.01,42478.2,424.782,0.0059469480000000005,-0.0,3.357428058250355e-05,0.0,0.01,maker,42478.2,
2024-01-18 04:00:00+00:00,signal,sell,0.01,42589.12213182832,425.8912213182832,0.11924954196911929,1.1452007728027274,0.0003294260066017072,1.1092213182832347,0.0,taker,,
2024-01-19 04:00:00+00:00,signal,sell,0.023,41049.8,944.1454,0.0132180356,-0.0,0.00033979250374994394,0.0,-0.023,maker,41049.8,
2024-01-19 12:00:00+00:00,signal,sell,0.002,41471.7,82.9434,0.0011612076,-0.0,2.02125459853305e-05,0.0,-0.025,maker,41471.7,
2024-01-19 20:09:00+00:00,stop_loss,buy,0.025,42019.610493999186,1050.4902623499797,0.2941372734579943,1.0,,-23.401462349979738,0.0,taker,,42015.40895310388
2024-01-20 04:00:00+00:00,signal,sell,0.024,41638.1,999.3144,0.0139904016,-0.0,0.0004600572468610321,0.0,-0.024,maker,41638.1,
2024-01-21 10:48:00+00:00,stop_loss,buy,0.024,41805.5980196409,1003.3343524713816,0.28093361869198685,1.0,,-4.019952471381636,0.0,taker,,41801.41787785311
2024-01-25 00:00:00+00:00,signal,sell,0.024,40078.8,961.8912000000001,0.013466476800000004,-0.0,0.00012116554581243993,0.0,-0.024,maker,40078.8,
2024-01-25 04:00:00+00:00,signal,sell,0.002,40002.8,80.0056,0.0011200784000000002,-0.0,5.038498023225386e-05,0.0,-0.026000000000000002,maker,40002.8,
2024-01-26 10:58:00+00:00,stop_loss,buy,0.026000000000000002,40743.36585174188,1059.327512145289,0.2966117034006809,1.0,,-17.430712145288695,0.0,taker,,40739.29192254963
2024-02-08 08:00:00+00:00,signal,buy,1.782,44500.8,79300.4256,1.1102059584000001,-0.0,0.011286619040556535,0.0,1.782,maker,44500.8,
2024-02-08 12:00:00+00:00,signal,buy,0.08,44677.9,3574.232,0.050039248,-0.0,0.0004120512431583552,0.0,1.862,maker,44677.9,
2024-02-08 16:00:00+00:00,signal,buy,0.582,45406.4,26426.5248,0.3699713472,-0.0,0.001655307546734043,0.0,2.444,maker,45406.4,
2024-02-09 02:45:00+00:00,take_profit,sell,2.444,45987.10701911582,112392.48955471907,31.469897075321338,1.0,,3091.3071547190575,0.0,taker,,45991.706189734796
2024-02-09 20:00:00+00:00,signal,buy,2.266,47486.3,107603.95580000001,1.5064553812000003,-0.0,0.017039378984124515,0.0,2.266,maker,47486.3,
2024-02-11 04:00:00+00:00,signal,sell,0.016,48512.60908023161,776.2017452837058,0.2173364886794376,1.028682327319153,1.2854310944422343e-05,16.42094528370572,2.25,taker,,
2024-02-11 08:00:00+00:00,signal,sell,0.11800000000000001,48163.4473241856,5683.286784253902,1.5913202995910924,1.2565369817820835,0.0010283003597165784,79.90338425390082,2.132,taker,,
2024-02-11 16:00:00+00:00,signal,sell,0.512,48133.14654814375,24644.1710326496,6.900367889141887,1.569036564954881,0.005059415816494539,331.18543264959754,1.62,taker,,
2024-02-12 16:00:00+00:00,signal,buy,0.385,49925.5,19221.3175,0.269098445,-0.0,0.0001839911236407178,0.0,2.005,maker,49925.5,
2024-02-12 17:31:00+00:00,take_profit,sell,2.005,50331.6779818432,100915.0143535956,28.256204019006766,1.0,,4765.890853595593,0.0,taker,,50336.7116530085
2024-02-14 08:00:00+00:00,signal,buy,1.4020000000000001,49844.9,69882.54980000001,0.9783556972000003,-0.0,0.0057793376437292095,0.0,1.4020000000000001,maker,49844.9,
2024-02-15 00:22:00+00:00,take_profit,sell,1.4020000000000001,52125.46268400452,73079.89868297434,20.462371631232813,1.0,,3197.3488829743305,0.0,taker,,52130.67575157967
2024-02-15 20:00:00+00:00,signal,buy,1.433,52022.1,74547.6693,1.0436673702,-0.0,0.012935287020415725,0.0,1.433,maker,52022.1,
2024-02-17 13:34:00+00:00,stop_loss,sell,1.433,51154.127675553915,73303.86495906876,20.52508218853925,1.0,,-1243.8043409312381,0.0,taker,,51159.243599913905
2024-02-18 08:00:00+00:00,signal,buy,1.48,51703.7,76521.476,1.071300664,-0.0,0.014628236203221262,0.0,1.48,maker,51703.7,
2024-02-19 04:00:00+00:00,signal,sell,1.48,52093.530623693856,77098.42532306691,21.587559090458733,2.00932295143298,0.015917700317021586,576.949323066911,0.0,taker,,
2024-02-27 00:00:00+00:00,signal,buy,2.186,54511.7,119162.5762,1.6682760668,-0.0,0.003927209981080123,0.0,2.186,maker,54511.7,
2024-02-27 02:07:00+00:00,take_profit,sell,2.186,56564.409992878485,123649.80024443236,34.62194406844106,1.0,,4487.224044432375,0.0,taker,,56570.06699957844
2024-02-27 04:00:00+00:00,signal,buy,2.012,55773.1,112215.4772,1.5710166808000001,-0.0,0.0015352215928200325,0.0,2.012,maker,55773.1,
2024-02-27 09:31:00+00:00,take_profit,sell,2.012,56564.409992878485,113807.59290567151,31.86612601358802,1.0,,1592.1157056715156,0.0,taker,,56570.06699957844
2024-02-28 04:00:00+00:00,signal,buy,0.749,56963.3,42665.5117,0.5973171638000001,-0.0,0.0199890701365837,0.0,0.749,maker,56963.3,
2024-02-28 04:01:00+00:00,signal,buy,1.205,56955.8,68631.739,0.9608443460000001,-0.0,0.011769787993833797,0.0,1.9540000000000002,maker,56955.8,
2024-02-28 08:57:00+00:00,take_profit,sell,1.9540000000000002,59522.92066914068,116307.7869875009,32.56618035650025,1.0,,5010.536287500893,0.0,taker,,59528.87355649633
2024-02-28 12:00:00+00:00,signal,buy,2.098,58997.4,123776.5452,1.7328716328,-0.0,0.003342388114426483,0.0,2.098,maker,58997.4,
2024-02-28 13:06:00+00:00,take_profit,sell,2.098,59522.92066914068,124879.08756385715,34.96614451788,1.0,,1102.542363857143,0.0,taker,,59528.87355649633
2024-02-29 08:00:00+00:00,signal,buy,0.485,62761.6,30439.376,0.42615126400000003,-0.0,0.000762754203668835,0.0,0.485,maker,62761.6,
2024-02-29 17:42:00+00:00,stop_loss,sell,0.485,60849.18101025339,29511.852789972894,8.26331878119241,1.0,,-927.5232100271038,0.0,taker,,60855.26653690708
2024-03-01 12:00:00+00:00,signal,buy,0.484,61927.7,29973.0068,0.41962209520000004,-0.0,0.003934042618528293,0.0,0.484,maker,61927.7,
2024-03-02 08:00:00+00:00,signal,buy,0.582,62071.9,36125.845799999996,0.5057618412,-0.0,0.0034421640270918654,0.0,1.0659999999999998,maker,62071.9,
2024-03-02 12:00:00+00:00,signal,sell,0.683,61891.158816766,42271.661471851185,11.836065212118331,1.4283010071085407,0.002866277385784222,-78.72907767978221,0.3829999999999998,taker,,
2024-03-03 12:00:00+00:00,signal,sell,0.383,61890.96704105984,23704.24037672592,6.637187305483257,1.4592825428370262,0.003295944596169449,-44.22167374312633,0.0,taker,,
2024-03-03 16:00:00+00:00,signal,buy,1.284,62210.8,79878.66720000001,1.1183013408000002,-0.0,0.0023082557354421303,0.0,1.284,maker,62210.8,
2024-03-03 20:00:00+00:00,signal,sell,0.8280000000000001,62785.12318512929,51986.08199728706,14.556102959240375,1.9072241983636546,0.012860246032758994,475.5395972870502,0.45599999999999996,taker,,
2024-03-04 00:00:00+00:00,signal,buy,0.873,63178.5,55154.8305,0.7721676270000001,-0.0,0.004004189047658544,0.0,1.329,maker,63178.5,
2024-03-04 04:00:00+00:00,signal,sell,0.886,63513.328382968844,56272.8089473104,15.75638650524691,1.6799346752648594,0.007223611916055152,590.8387473103916,0.44299999999999995,taker,,
2024-03-04 08:00:00+00:00,signal,buy,0.018000000000000002,64120.6,1154.1708,0.016158391200000004,-0.0,4.771498017959789e-05,0.0,0.46099999999999997,maker,64120.6,
2024-03-04 08:44:00+00:00,take_profit,sell,0.46099999999999997,65479.636647835025,30186.112494651945,8.452111498502545,1.0,,1190.9565946519472,0.0,taker,,65486.18526636166
2024-03-11 16:00:00+00:00,signal,buy,0.352,72061.3,25365.5776,0.35511808640000003,-0.0,0.00044659967088272264,0.0,0.352,maker,72061.3,
2024-03-11 20:00:00+00:00,signal,buy,0.003,72041.3,216.12390000000002,0.0030257346000000006,-0.0,4.0410181597056516e-06,0.0,0.355,maker,72041.3,
2024-03-12 00:00:00+00:00,signal,buy,0.005,72153.9,360.7695,0.005050773000000001,-0.0,1.8056292568609213e-05,0.0,0.36,maker,72153.9,
2024-03-12 17:06:00+00:00,stop_loss,sell,0.36,70034.93401296745,25212.576244668282,7.059521348507118,1.0,,-729.8947553317167,0.0,taker,,70041.93820678814
2024-03-13 08:00:00+00:00,signal,buy,0.9590000000000001,72964.1,69972.57190000001,0.9796160066000003,-0.0,0.003216783497507281,0.0,0.9590000000000001,maker,72964.1,
2024-03-13 12:00:00+00:00,signal,sell,0.616,73139.7710392753,45054.09896019359,12.615147708854204,1.3710168345909595,0.0021508358054671156,108.21336019358552,0.3430000000000001,taker,,
2024-03-14 08:00:00+00:00,signal,buy,0.6970000000000001,73280.7,51076.6479,0.7150730706000001,-0.0,0.0037670269274812786,0.0,1.04,maker,73280.7,
2024-03-14 12:00:00+00:00,signal,sell,0.673,72928.08005080225,49080.597874189916,13.742567404773176,1.5519663169340685,0.0047604189848400105,-167.04050715624962,0.367,taker,,
2024-03-14 14:51:00+00:00,stop_loss,sell,0.367,71284.09982927244,26161.264637342985,7.325154098456035,1.0,,-694.4311813108666,0.0,taker,,71291.22895216766
2024-03-25 20:00:00+00:00,signal,buy,0.879,71019.6,62426.22840000001,0.8739671976000002,-0.0,0.0004656577924961788,0.0,0.879,maker,71019.6,
2024-03-26 00:00:00+00:00,signal,sell,0.02,69913.14303264325,1398.262860652865,0.39151360098280213,1.066490756195344,6.907844780357342e-05,-22.129139347135204,0.859,taker,,
2024-03-26 04:00:00+00:00,signal,buy,0.028,70473.7,1973.2636,0.027625690400000003,-0.0,0.000198720019546881,0.0,0.887,maker,70473.7,
2024-03-27 14:12:00+00:00,stop_loss,sell,0.887,68761.97804968474,60991.87453007037,17.0777248684197,1.0,,-1987.2254699296416,0.0,taker,,68768.85493517826
2024-03-27 16:00:00+00:00,signal,buy,0.219,68922.1,15093.939900000001,0.21131515860000005,-0.0,0.000111822362416777,0.0,0.219,maker,68922.1,
2024-03-27 16:13:00+00:00,stop_loss,sell,0.219,68761.97804968474,15058.873192880958,4.216484494006668,1.0,,-35.06670711904367,0.0,taker,,68768.85493517826
2024-03-29 00:00:00+00:00,signal,buy,0.918,70838.8,65030.01840000001,0.9104202576000002,-0.0,0.011102932051748346,0.0,0.918,maker,70838.8,
2024-03-29 04:00:00+00:00,signal,buy,0.088,70491.7,6203.2696,0.0868457744,-0.0,0.0013591656771473155,0.0,1.006,maker,70491.7,
2024-03-29 08:00:00+00:00,signal,sell,0.753,69846.48244062411,52594.401277789955,14.726432357781187,1.3052009253235113,0.0014554313252863687,-724.3520661464313,0.253,taker,,
2024-03-29 12:00:00+00:00,signal,buy,0.782,70183.0,54883.106,0.7683634840000001,-0.0,0.004352541669419819,0.0,1.0350000000000001,maker,70183.0,
2024-03-29 16:00:00+00:00,signal,sell,1.035,69231.70064327738,71654.81016579208,20.06334684642178,1.2563989697656255,0.0010271942452636587,-1142.8304902715252,0.0,taker,,
2024-04-01 00:00:00+00:00,signal,buy,1.369,71363.0,97695.947,1.3677432580000002,-0.0,0.0021678791544951456,0.0,1.369,maker,71363.0,
2024-04-01 04:00:00+00:00,signal,sell,1.2570000000000001,70635.61943028867,88788.97362387287,24.860912614684402,2.035466342721639,0.016752977295458233,-914.3173761271388,0.11199999999999988,taker,,
2024-04-01 05:47:00+00:00,stop_loss,sell,0.11199999999999988,69871.39871997674,7825.596656637386,2.191167063858468,1.0,,-167.05934336260455,0.0,taker,,69878.3865586326
2024-04-08 00:00:00+00:00,signal,buy,0.291,69362.7,20184.5457,0.2825836398,-0.0,0.0021912937826510572,0.0,0.291,maker,69362.7,
2024-04-08 08:00:00+00:00,signal,buy,0.861,70745.4,60911.789399999994,0.8527650516,-0.0,0.001509317764546597,0.0,1.152,maker,70745.4,
2024-04-08 09:28:00+00:00,take_profit,sell,1.152,72688.78168408724,83737.4765000685,23.446493420019177,1.0,,2641.141400068497,0.0,taker,,72696.05128921616
2024-04-09 04:00:00+00:00,signal,buy,1.173,71339.0,83680.647,1.1715290580000002,-0.0,0.017189537290517365,0.0,1.173,maker,71339.0,
2024-04-09 06:56:00+00:00,stop_loss,sell,1.173,70676.98968239693,82904.1088974516,23.213150491286445,1.0,,-776.5381025483988,0.0,taker,,70684.05808820575
2024-04-14 04:00:00+00:00,signal,sell,0.019,63428.5,1205.1415,0.016871981,-0.0,0.0001078836208996981,0.0,-0.019,maker,63428.5,
2024-04-14 12:00:00+00:00,signal,buy,0.004,64156.92333436458,256.6276933374583,0.07185575413448832,1.0480613255428752,3.6092047077159987e-05,-2.9136933374583314,-0.015,taker,,
2024-04-15 06:18:00+00:00,stop_loss,buy,0.015,66050.52428460577,990.7578642690864,0.27741220199534417,1.0,,-39.330364269086495,0.0,taker,,66043.91989261651
2024-04-16 00:00:00+00:00,signal,sell,0.015,63392.8,950.892,0.013312488000000003,-0.0,5.6043952285940315e-05,0.0,-0.015,maker,63392.8,
2024-04-18 11:25:00+00:00,stop_loss,buy,0.015,62988.443243344955,944.8266486501743,0.2645514616220488,1.0,,6.065351349825724,0.0,taker,,62982.145028842075
2024-04-27 16:00:00+00:00,signal,sell,0.106,62928.3,6670.3998,0.09338559720000002,-0.0,0.00093929520326716,0.0,-0.106,maker,62928.3,
2024-04-29 04:00:00+00:00,signal,sell,0.009000000000000001,62259.9,560.3391,0.007844747400000001,-0.0,1.0018056065592806e-05,0.0,-0.11499999999999999,maker,62259.9,
2024-04-29 22:30:00+00:00,stop_loss,buy,0.11499999999999999,63619.302748642505,7316.219816093888,2.0485415485062886,1.0,,-85.48091609388727,0.0,taker,,63612.94145449706
2024-04-30 12:00:00+00:00,signal,sell,0.025,61182.3,1529.5575000000001,0.021413805000000005,-0.0,7.451467163850848e-05,0.0,-0.025,maker,61182.3,
2024-04-30 22:35:00+00:00,stop_loss,buy,0.025,60962.51410102347,1524.062852525587,0.4267375987071643,1.0,,5.4946474744132505,0.0,taker,,60956.418459177556
2024-05-02 00:00:00+00:00,signal,sell,0.026000000000000002,58307.7,1516.0002,0.021224002800000002,-0.0,2.7354636298761544e-05,0.0,-0.026000000000000002,maker,58307.7,
2024-05-02 18:49:00+00:00,stop_loss,buy,0.026000000000000002,59548.201346018206,1548.2532349964736,0.4335109057990126,1.0,,-32.25303499647344,0.0,taker,,59542.24712130608
2024-05-19 04:00:00+00:00,signal,buy,1.161,67133.1,77941.52910000001,1.0911814074000004,-0.0,0.019997056893780576,0.0,1.161,maker,67133.1,
2024-05-19 04:01:00+00:00,signal,buy,0.434,67132.8,29135.6352,0.4078988928000001,-0.0,0.0031660131364838655,0.0,1.595,maker,67132.8,
2024-05-19 19:11:00+00:00,stop_loss,sell,1.595,66035.24284419873,105326.21233649697,29.49133945421915,1.0,,-1750.9519635030513,0.0,taker,,66041.84702890161
2024-05-20 12:00:00+00:00,signal,buy,0.381,66974.0,25517.094,0.35723931600000003,-0.0,0.005872226545546247,0.0,0.381,maker,66974.0,
2024-05-20 16:00:00+00:00,signal,buy,1.193,67382.1,80386.84530000002,1.1254158342000002,-0.0,0.0054428568663852815,0.0,1.574,maker,67382.1,
2024-05-20 19:31:00+00:00,take_profit,sell,1.574,69435.89211803785,109292.09419379159,30.601786374261643,1.0,,3388.1548937915654,0.0,taker,,69442.83640167803
2024-05-21 12:00:00+00:00,signal,buy,1.725,71163.0,122756.175,1.7185864500000003,-0.0,0.01566359026581112,0.0,1.725,maker,71163.0,
2024-05-21 16:00:00+00:00,signal,sell,0.47900000000000004,69865.88129022002,33465.75713801539,9.370411998644308,1.2763843016340843,0.0011935669092150083,-621.3198619846128,1.246,taker,,
2024-05-21 18:23:00+00:00,stop_loss,sell,1.246,69587.1975812,86705.6481861752,24.277581492129052,1.0,,-1963.4498138247977,0.0,taker,,69594.15699689969
2024-05-22 08:00:00+00:00,signal,buy,1.2550000000000001,69759.6,87548.29800000001,1.2256761720000002,-0.0,0.009409944283663839,0.0,1.2550000000000001,maker,69759.6,
2024-05-23 13:37:00+00:00,stop_loss,sell,1.2550000000000001,68930.02884109816,86507.1861955782,24.222012134761894,1.0,,-1041.1118044218174,0.0,taker,,68936.92253335149
2024-06-05 04:00:00+00:00,signal,buy,1.479,70994.0,105000.126,1.4700017640000003,-0.0,0.015696923963963674,0.0,1.479,maker,70994.0,
2024-06-05 12:00:00+00:00,signal,buy,0.039,71008.4,2769.3275999999996,0.0387705864,-0.0,0.00018180167647833243,0.0,1.518,maker,71008.4,
2024-06-05 16:00:00+00:00,signal,buy,0.466,71625.2,33377.3432,0.4672828048000001,-0.0,0.0020381405845274836,0.0,1.984,maker,71625.2,
2024-06-05 20:00:00+00:00,signal,sell,0.513,71304.69412848826,36579.308087914476,10.242206264616053,1.4170791352896686,0.002718046954593402,83.185729849962,1.471,taker,,
2024-06-06 20:00:00+00:00,signal,sell,1.078,70516.77301224701,76017.08130720229,21.284782766016637,1.3083100917389046,0.0014852361354383077,-674.575421829984,0.393,taker,,
2024-06-06 20:01:00+00:00,stop_loss,sell,0.393,70391.42983712937,27663.831925991843,7.7458729392777155,1.0,,-295.1857869113842,0.0,taker,,70398.46968409778
2024-06-07 04:00:00+00:00,signal,buy,1.36,71032.8,96604.60800000001,1.3524645120000003,-0.0,0.019995994680759847,0.0,1.36,maker,71032.8,
2024-06-07 04:01:00+00:00,signal,buy,0.23800000000000002,71050.0,16909.9,0.23673860000000005,-0.0,0.001219281006822367,0.0,1.598,maker,71050.0,
2024-06-07 08:00:00+00:00,signal,sell,0.983,71132.73684080849,69923.48031451475,19.578574488064127,2.1312166896716884,0.019994549984246452,95.71976132325487,0.6150000000000001,taker,,
2024-06-07 08:01:00+00:00,signal,sell,0.615,71154.61699770956,43760.089453591376,12.252825047005585,1.8383342851374365,0.010981318338076512,73.34200678286689,0.0,taker,,
2024-06-11 16:00:00+00:00,signal,sell,0.165,66266.0,10933.890000000001,0.15307446000000002,-0.0,0.00019035812482463412,0.0,-0.165,maker,66266.0,
2024-06-11 19:48:00+00:00,stop_loss,buy,0.165,67447.21045046703,11128.78972432706,3.1160611228115767,1.0,,-194.8997243270596,0.0,taker,,67440.46640382665
2024-06-11 20:00:00+00:00,signal,sell,0.031,67420.5,2090.0355,0.029260497000000003,-0.0,9.210530663713505e-05,0.0,-0.031,maker,67420.5,
2024-06-11 20:08:00+00:00,stop_loss,buy,0.031,67447.21045046703,2090.8635239644777,0.5854417867100538,1.0,,-0.8280239644778631,0.0,taker,,67440.46640382665
2024-06-19 04:00:00+00:00,signal,sell,0.028,65377.0,1830.556,0.025627784000000004,-0.0,0.0002565659713114973,0.0,-0.028,maker,65377.0,
2024-06-20 10:56:00+00:00,stop_loss,buy,0.028,66096.95799995452,1850.7148239987266,0.5182001507196434,1.0,,-20.15882399872667,0.0,taker,,66090.34896505802
2024-06-24 08:00:00+00:00,signal,sell,0.151,62433.6,9427.4736,0.1319846304,-0.0,0.0012154604236436052,0.0,-0.151,maker,62433.6,
2024-06-24 16:00:00+00:00,signal,sell,0.029,60823.3,1763.8757000000003,0.024694259800000007,-0.0,7.712574503491132e-05,0.0,-0.18,maker,60823.3,
2024-06-24 16:38:00+00:00,take_profit,buy,0.18,60563.07610402981,10901.353698725365,3.052379035643102,1.0,,289.99560127463394,0.0,taker,,60557.02040198961
2024-06-25 16:00:00+00:00,signal,sell,0.025,61775.9,1544.3975,0.021621565000000002,-0.0,0.0001813109267628118,0.0,-0.025,maker,61775.9,
2024-06-26 00:00:00+00:00,signal,sell,0.001,61777.9,61.7779,0.0008648906000000001,-0.0,1.3624117591641653e-05,0.0,-0.026000000000000002,maker,61777.9,
2024-06-27 14:01:00+00:00,stop_loss,buy,0.026000000000000002,62112.24366840435,1614.9183353785131,0.45217713390598363,1.0,,-8.742935378513081,0.0,taker,,62106.03306509784
2024-06-27 20:00:00+00:00,signal,sell,0.029,61445.9,1781.9311000000002,0.024947035400000005,-0.0,0.00022743301901953543,0.0,-0.029,maker,61445.9,
2024-06-28 00:00:00+00:00,signal,buy,0.029,61689.08417437441,1788.983441056858,0.5009153634959203,1.1322854400886424,0.0002734287134288403,-7.052341056857833,0.0,taker,,
2024-07-03 16:00:00+00:00,signal,sell,0.11800000000000001,60176.1,7100.7798,0.09941091720000002,-0.0,0.0010051105461041322,0.0,-0.11800000000000001,maker,60176.1,
2024-07-04 00:00:00+00:00,signal,sell,0.003,60208.0,180.624,0.002528736,-0.0,2.9360120741830756e-05,0.0,-0.12100000000000001,maker,60208.0,
2024-07-04 08:40:00+00:00,take_profit,buy,0.12100000000000001,57766.87800930141,6989.792239125471,1.9571418269551315,1.0,,291.61156087452963,0.0,taker,,57761.1018991115
2024-07-05 04:00:00+00:00,signal,sell,0.133,55214.7,7343.5551,0.1028097714,-0.0,0.0001985380896794599,0.0,-0.133,maker,55214.7,
2024-07-05 15:05:00+00:00,stop_loss,buy,0.133,56291.850510118886,7486.816117845812,2.0963085129968273,1.0,,-143.2610178458122,0.0,taker,,56286.22188793009
2024-07-06 08:00:00+00:00,signal,sell,0.129,56571.1,7297.6719,0.10216740660000001,-0.0,0.0014208118019122474,0.0,-0.129,maker,56571.1,
2024-07-06 12:00:00+00:00,signal,buy,0.129,56720.884613171555,7316.994115099131,2.0487583522277566,1.354995516308867,0.0019690908843656104,-19.32221509913072,0.0,taker,,
2024-07-07 00:00:00+00:00,signal,sell,0.005,58216.0,291.08,0.00407512,-0.0,1.2216854392405296e-05,0.0,-0.005,maker,58216.0,
2024-07-07 08:00:00+00:00,signal,sell,0.017,57344.5,974.8565000000001,0.013647991000000003,-0.0,0.00016919422136410164,0.0,-0.022000000000000002,maker,57344.5,
2024-07-08 01:03:00+00:00,take_profit,buy,0.022000000000000002,54810.43096531217,1205.8294812368679,0.33763225474632297,1.0,,60.10701876313221,0.0,taker,,54804.95047026514
2024-07-21 04:00:00+00:00,signal,buy,0.858,67145.8,57611.0964,0.8065553496000001,-0.0,0.01998675839558154,0.0,0.858,maker,67145.8,
2024-07-21 04:01:00+00:00,signal,buy,0.446,67125.6,29938.017600000003,0.4191322464000001,-0.0,0.00888741490947596,0.0,1.304,maker,67125.6,
2024-07-22 14:58:00+00:00,stop_loss,sell,1.304,66621.91106591561,86874.97202995396,24.32499216838711,1.0,,-674.1419700460438,0.0,taker,,66628.57392330795
2024-07-27 12:00:00+00:00,signal,buy,1.298,68184.7,88503.7406,1.2390523684,-0.0,0.015211540401430296,0.0,1.298,maker,68184.7,
2024-07-27 20:21:00+00:00,stop_loss,sell,1.298,67254.0059134594,87295.69967567032,24.442795909187687,1.0,,-1208.0409243296888,0.0,taker,,67260.73198665807
2024-07-28 08:00:00+00:00,signal,buy,0.28,67517.6,18904.928000000004,0.2646689920000001,-0.0,0.0019382315546589467,0.0,0.28,maker,67517.6,
2024-07-28 08:39:00+00:00,stop_loss,sell,0.28,67254.0059134594,18831.121655768635,5.272714063615218,1.0,,-73.80634423136829,0.0,taker,,67260.73198665807
2024-07-28 20:00:00+00:00,signal,buy,0.998,68090.0,67953.82,0.9513534800000002,-0.0,0.019989410423372364,0.0,0.998,maker,68090.0,
2024-07-28 20:01:00+00:00,signal,buy,0.176,68127.9,11990.510399999997,0.1678671456,-0.0,0.005994147940312653,0.0,1.174,maker,68127.9,
2024-07-29 15:07:00+00:00,stop_loss,sell,1.174,67983.1068074079,79812.16739189686,22.34740686973112,1.0,,-132.16300810315047,0.0,taker,,67989.9057979877
2024-07-29 16:00:00+00:00,signal,buy,0.28,68067.3,19058.844,0.26682381600000005,-0.0,0.0008401847640360471,0.0,0.28,maker,68067.3,
2024-07-29 16:01:00+00:00,stop_loss,sell,0.28,67983.1068074079,19035.269906074212,5.329875573700779,1.0,,-23.574093925790514,0.0,taker,,67989.9057979877
2024-08-01 04:00:00+00:00,signal,sell,0.083,63912.7,5304.7541,0.07426655740000002,-0.0,0.0003741806151222655,0.0,-0.083,maker,63912.7,
2024-08-01 08:00:00+00:00,signal,sell,0.006,64297.5,385.785,0.005400990000000001,-0.0,4.614275128775356e-05,0.0,-0.08900000000000001,maker,64297.5,
2024-08-01 20:51:00+00:00,stop_loss,buy,0.08900000000000001,64635.607111682606,5752.569032939753,1.6107193292231308,1.0,,-62.02993293975238,0.0,taker,,64629.14419726288
2024-08-03 00:00:00+00:00,signal,sell,0.016,61483.7,983.7392,0.0137723488,-0.0,1.9630372920923397e-05,0.0,-0.016,maker,61483.7,
2024-08-03 04:00:00+00:00,signal,buy,0.016,61868.870751567905,989.9019320250865,0.2771725409670242,1.0783243350403229,9.585471030482446e-05,-6.16273202508653,0.0,taker,,
2024-08-03 08:00:00+00:00,signal,sell,0.018000000000000002,61636.0,1109.448,0.015532272000000003,-0.0,0.0002466017343980573,0.0,-0.018000000000000002,maker,61636.0,
2024-08-04 04:00:00+00:00,signal,buy,0.018000000000000002,60712.298332122635,1092.8213699782075,0.30598998359389806,1.1528370871465023,0.0003649871126160552,16.626630021792575,0.0,taker,,
2024-08-07 04:00:00+00:00,signal,sell,0.003,56826.9,170.4807,0.0023867298000000005,-0.0,8.702682435548065e-06,0.0,-0.003,maker,56826.9,
2024-08-08 02:29:00+00:00,stop_loss,buy,0.003,57572.24924169852,172.71674772509556,0.04836068936302675,1.0,,-2.2360477250955517,0.0,taker,,57566.492592439274
2024-08-24 08:00:00+00:00,signal,buy,1.111,64269.3,71403.19230000001,0.9996446922000003,-0.0,0.0037621655045635646,0.0,1.111,maker,64269.3,
2024-08-26 21:22:00+00:00,stop_loss,sell,1.111,62908.98576896615,69891.8831893214,19.56972729300999,1.0,,-1511.3091106786092,0.0,taker,,62915.27729669582
2024-08-31 12:00:00+00:00,signal,sell,0.09,59093.1,5318.379,0.074457306,-0.0,0.0019964697320605596,0.0,-0.09,maker,59093.1,
2024-08-31 16:00:00+00:00,signal,buy,0.003,58990.084413695586,176.97025324108677,0.04955167090750429,1.0654474102355966,6.692755478978882e-05,0.3090467589132386,-0.087,taker,,
2024-08-31 20:00:00+00:00,signal,sell,0.009000000000000001,58834.3,529.5087000000001,0.007413121800000002,-0.0,0.00017286461332619596,0.0,-0.096,maker,58834.3,
2024-09-02 14:35:00+00:00,stop_loss,buy,0.096,58755.022963536685,5640.482204499522,1.579335017259866,1.0,,30.12619550047838,0.0,taker,,58749.14804873181
2024-09-03 12:00:00+00:00,signal,sell,0.024,59038.5,1416.924,0.019836936000000003,-0.0,0.0005286128058404568,0.0,-0.024,maker,59038.5,
2024-09-03 16:00:00+00:00,signal,sell,0.076,57695.1,4384.8276,0.0613875864,-0.0,0.0002782782042595779,0.0,-0.1,maker,57695.1,
2024-09-03 20:00:00+00:00,signal,buy,0.1,58027.88024761732,5802.788024761732,1.6247806469332848,1.1858202404854867,0.0005395181527200651,-1.0364247617326328,0.0,taker,,
2024-09-04 04:00:00+00:00,signal,sell,0.093,56632.9,5266.8597,0.0737360358,-0.0,0.0007471421951018535,0.0,-0.093,maker,56632.9,
2024-09-04 15:52:00+00:00,stop_loss,buy,0.093,58054.26950028621,5399.047063526617,1.5117331777874528,1.0,,-132.18736352661733,0.0,taker,,58048.464653820825
2024-09-05 08:00:00+00:00,signal,sell,0.092,57126.9,5255.6748,0.07357944720000001,-0.0,0.0008615508579110384,0.0,-0.092,maker,57126.9,
2024-09-06 15:19:00+00:00,take_profit,buy,0.092,54055.352388396284,4973.092419732458,1.3924658775250882,1.0,,282.58238026754196,0.0,taker,,54049.94739365692
2024-09-07 08:00:00+00:00,signal,sell,0.097,54258.0,5263.026,0.073682364,-0.0,0.0007665251390561659,0.0,-0.097,maker,54258.0,
2024-09-08 22:21:00+00:00,stop_loss,buy,0.097,55116.90112773333,5346.3394093901325,1.496975034629237,1.0,,-83.31340939013268,0.0,taker,,55111.38998873445
2024-09-20 04:00:00+00:00,signal,buy,1.159,63723.2,73855.1888,1.0339726432000003,-0.0,0.0020209884222041,0.0,1.159,maker,63723.2,
2024-09-22 08:00:00+00:00,signal,buy,0.229,62909.2,14406.2068,0.20168689520000002,-0.0,0.003851411882479723,0.0,1.3880000000000001,maker,62909.2,
2024-09-22 14:04:00+00:00,stop_loss,sell,1.3880000000000001,62509.395743282184,86763.04129167568,24.293651561669186,1.0,,-1498.354308324326,0.0,taker,,62515.64730801299
2024-09-27 16:00:00+00:00,signal,buy,1.272,65974.1,83919.0552,1.1748667728000002,-0.0,0.0032453738342275206,0.0,1.272,maker,65974.1,
2024-09-29 08:00:00+00:00,signal,buy,0.249,65436.9,16293.7881,0.22811303340000003,-0.0,0.0024813116994214716,0.0,1.521,maker,65436.9,
2024-09-30 00:00:00+00:00,signal,sell,1.108,65557.18849289654,72637.36485012938,20.338462158036226,1.6793974980941073,0.007212202506508322,-364.49601535386637,0.4129999999999998,taker,,
2024-09-30 01:46:00+00:00,stop_loss,sell,0.4129999999999998,65024.815880439506,26855.248958621505,7.519469708414021,1.0,,-355.73347589525025,0.0,taker,,65031.31901234074
2024-10-07 20:00:00+00:00,signal,buy,0.326,63349.4,20651.9044,0.2891266616,-0.0,0.002209716010973709,0.0,0.326,maker,63349.4,
2024-10-08 00:00:00+00:00,signal,sell,0.326,62183.44469129622,20271.80296936257,5.676104831421519,1.1505450508238453,0.0003541220676180337,-380.1014306374318,0.0,taker,,
2024-10-08 16:00:00+00:00,signal,buy,0.315,62259.9,19611.8685,0.27456615900000003,-0.0,0.0017888142537868512,0.0,0.315,maker,62259.9,
2024-10-08 20:00:00+00:00,signal,sell,0.315,62220.51120244692,19599.46102877078,5.487849088055818,1.2837843677856613,0.0012583369906173038,-12.407471229220683,0.0,taker,,
2024-10-09 00:00:00+00:00,signal,buy,0.317,62131.8,19695.780600000002,0.27574092840000003,-0.0,0.0020017810245811316,0.0,0.317,maker,62131.8,
2024-10-09 18:57:00+00:00,stop_loss,sell,0.317,61160.04700056316,19387.734899178522,5.428565771769986,1.0,,-308.0457008214799,0.0,taker,,61166.16361692485
2024-10-11 04:00:00+00:00,signal,sell,0.023,60572.6,1393.1698,0.0195043772,-0.0,0.0002969663036845234,0.0,-0.023,maker,60572.6,
2024-10-11 12:00:00+00:00,signal,sell,0.002,61140.1,122.2802,0.0017119228000000001,-0.0,1.0323851899417008e-05,0.0,-0.025,maker,61140.1,
2024-10-11 14:06:00+00:00,stop_loss,buy,0.025,61859.3103060729,1546.4827576518226,0.4330151721425103,1.0,,-31.032757651822614,0.0,taker,,61853.12499357354
2024-10-15 00:00:00+00:00,signal,buy,1.225,66064.9,80929.5025,1.133013035,-0.0,0.0038951408267042876,0.0,1.225,maker,66064.9,
2024-10-18 08:00:00+00:00,signal,sell,1.225,67942.65642957123,83229.75412622477,23.304331155342933,1.8311459226413591,0.010793805386302441,2300.2516262247645,0.0,taker,,
2024-10-18 20:00:00+00:00,signal,buy,1.1480000000000001,68582.3,78732.48040000001,1.1022547256000004,-0.0,0.006907831799117647,0.0,1.1480000000000001,maker,68582.3,
2024-10-19 08:00:00+00:00,signal,buy,0.133,68328.9,9087.743699999999,0.1272284118,-0.0,0.0029865614723463023,0.0,1.2810000000000001,maker,68328.9,
2024-10-20 08:00:00+00:00,signal,buy,0.254,68347.0,17360.138,0.24304193200000002,-0.0,0.003693252831685735,0.0,1.5350000000000001,maker,68347.0,
2024-10-21 13:17:00+00:00,stop_loss,sell,1.5350000000000001,67955.34899051316,104311.4607004377,29.207208996122553,1.0,,-868.9013995623244,0.0,taker,,67962.14520503367
2024-10-29 00:00:00+00:00,signal,buy,1.352,69939.9,94558.7448,1.3238224272,-0.0,0.002649289142906253,0.0,1.352,maker,69939.9,
2024-10-29 04:00:00+00:00,signal,buy,0.45,70927.4,31917.329999999998,0.44684262,-0.0,0.0028667142966261063,0.0,1.802,maker,70927.4,
2024-10-29 19:08:00+00:00,take_profit,sell,1.802,73461.40140944104,132377.44533981275,37.06568469514757,1.0,,5901.370539812763,0.0,taker,,73468.74828426946
2024-10-30 12:00:00+00:00,signal,buy,1.431,71994.9,103024.7019,1.4423458266000002,-0.0,0.005094682858388157,0.0,1.431,maker,71994.9,
2024-10-31 13:49:00+00:00,stop_loss,sell,1.431,71403.75742499968,102178.77687517455,28.61005752504887,1.0,,-845.9250248254449,0.0,taker,,71410.89851485117
2024-11-01 20:00:00+00:00,signal,buy,0.278,69278.6,19259.450800000002,0.2696323112000001,-0.0,0.001120566273051261,0.0,0.278,maker,69278.6,
2024-11-02 00:00:00+00:00,signal,buy,0.015,69495.4,1042.4309999999998,0.014594033999999999,-0.0,0.00022790667633916016,0.0,0.29300000000000004,maker,69495.4,
2024-11-03 02:23:00+00:00,stop_loss,sell,0.29300000000000004,68391.38244937986,20038.6750576683,5.6108290161471235,1.0,,-263.20674233170007,0.0,taker,,68398.22227160702
2024-11-06 08:00:00+00:00,signal,buy,1.178,73435.8,86507.3724,1.2111032136,-0.0,0.0024154569860722636,0.0,1.178,maker,73435.8,
2024-11-09 08:00:00+00:00,signal,buy,0.329,76523.9,25176.3631,0.3524690834,-0.0,0.0054567498192000805,0.0,1.507,maker,76523.9,
2024-11-10 04:33:00+00:00,take_profit,sell,1.507,77638.61913359271,117001.39903432422,32.76039172961078,1.0,,5317.663534324212,0.0,taker,,77646.38377196991
2024-11-11 00:00:00+00:00,signal,buy,1.5270000000000001,80409.9,122785.9173,1.7190028422,-0.0,0.007956214181615425,0.0,1.5270000000000001,maker,80409.9,
2024-11-11 04:00:00+00:00,signal,sell,0.081,81652.78851085201,6613.875869379013,1.8518852434261235,1.1647344182064159,0.00042402232096572386,100.67396937901354,1.4460000000000002,taker,,
2024-11-11 08:00:00+00:00,signal,sell,0.076,81138.29419029565,6166.510358462469,1.7266229003694913,1.1714192749967451,0.00045913387250640173,55.35795846246997,1.37,taker,,
2024-11-11 16:00:00+00:00,signal,buy,0.052000000000000005,84114.1,4373.9332,0.06123506480000001,-0.0,8.222086899934046e-05,0.0,1.4220000000000002,maker,84114.1,
2024-11-11 19:06:00+00:00,take_profit,sell,1.4220000000000002,86224.55185595465,122611.31273916752,34.331167566966904,1.0,,8075.816539167533,0.0,taker,,86233.17517347199
2024-11-12 16:00:00+00:00,signal,buy,0.799,86660.0,69241.34,0.96937876,-0.0,0.0016240636404994124,0.0,0.799,maker,86660.0,
2024-11-12 20:00:00+00:00,signal,sell,0.529,88750.64579211423,46949.09162402843,13.145745654727959,1.3805551515069143,0.0022628472396632906,1105.9516240284267,0.27,taker,,
2024-11-13 00:00:00+00:00,signal,buy,0.488,87972.0,42930.335999999996,0.601024704,-0.0,0.0028846095085080553,0.0,0.758,maker,87972.0,
2024-11-13 15:47:00+00:00,take_profit,sell,0.758,92487.9506626589,70105.86660229544,19.629642648642722,1.0,,3777.3306022954525,0.0,taker,,92497.20038269716
2024-11-14 08:00:00+00:00,signal,buy,0.771,90818.9,70021.3719,0.9802992066,-0.0,0.0016826575528330835,0.0,0.771,maker,90818.9,
2024-11-14 15:51:00+00:00,stop_loss,sell,0.771,88117.24120430154,67938.39296851649,19.022750031184614,1.0,,-2082.9789314835116,0.0,taker,,88126.0538096825
2024-11-15 08:00:00+00:00,signal,buy,0.18,87693.9,15784.901999999998,0.220988628,-0.0,0.00093081821201039,0.0,0.18,maker,87693.9,
2024-11-15 16:00:00+00:00,signal,sell,0.014,88476.05164539345,1238.6647230355084,0.3468261224499423,1.0677856379339503,7.179519859550942e-05,10.95012303550844,0.16599999999999998,taker,,
2024-11-15 20:00:00+00:00,signal,buy,0.009000000000000001,90418.5,813.7665000000001,0.011392731000000001,-0.0,4.566847236205867e-05,0.0,0.175,maker,90418.5,
2024-11-18 08:00:00+00:00,signal,buy,0.749,91795.9,68755.12909999999,0.9625718073999999,-0.0,0.01044129359719735,0.0,0.9239999999999999,maker,91795.9,
2024-11-18 12:00:00+00:00,signal,sell,0.7020000000000001,90326.58089534607,63409.259788532945,17.754592740789224,1.3415186020967278,0.00182242118090786,-504.7123608177028,0.22199999999999986,taker,,
2024-11-18 16:00:00+00:00,signal,buy,0.634,92407.8,58586.5452,0.8202116328000001,-0.0,0.0008756416426588552,0.0,0.8559999999999999,maker,92407.8,
2024-11-18 20:00:00+00:00,signal,sell,0.654,90644.18860151518,59281.29934539093,16.598763816709457,1.4903751677804171,0.00375730945586988,-922.3467493808871,0.20199999999999985,taker,,
2024-11-19 20:00:00+00:00,signal,buy,0.666,93271.6,62118.88560000001,0.8696643984000002,-0.0,0.0015063581718459309,0.0,0.8679999999999999,maker,93271.6,
2024-11-20 00:00:00+00:00,signal,sell,0.658,92322.8117065273,60748.410102894966,17.00955482881059,1.4174653057701698,0.0027230825237778335,-437.9300765605988,0.20999999999999985,taker,,
2024-11-20 13:31:00+00:00,take_profit,sell,0.20999999999999985,94431.56540669406,19830.62873540574,5.552576045913606,1.0,,303.07335898376573,0.0,taker,,94441.00950764482
2024-11-21 08:00:00+00:00,signal,buy,0.888,96950.0,86091.6,1.2052824000000002,-0.0,0.0059697173727952324,0.0,0.888,maker,96950.0,
2024-11-21 12:00:00+00:00,signal,buy,0.062,98014.0,6076.868,0.08507615200000002,-0.0,0.000242639133908465,0.0,0.95,maker,98014.0,
2024-11-21 16:00:00+00:00,signal,sell,0.08,96673.36483770871,7733.869187016697,2.1654833723646747,1.1103337871791132,0.00019021163427009153,-27.686012983304682,0.87,taker,,
2024-11-24 08:00:00+00:00,signal,buy,0.28300000000000003,98490.1,27872.698300000004,0.3902177762000001,-0.0,0.0007140888358705447,0.0,1.153,maker,98490.1,
2024-11-24 12:00:00+00:00,signal,sell,0.87,97322.2013004119,84670.31513135837,23.707688236780342,1.581988829403789,0.0052923593367311325,-50.64033871970998,0.28300000000000003,taker,,
2024-11-24 12:29:00+00:00,stop_loss,sell,0.28300000000000003,97088.11444630587,27475.936388304566,7.693262188725278,1.0,,-82.71924161738443,0.0,taker,,97097.82422872874
2024-12-05 08:00:00+00:00,signal,buy,1.1340000000000001,102292.1,115999.24140000001,1.6239893796000004,-0.0,0.0028439041182072213,0.0,1.1340000000000001,maker,102292.1,
2024-12-05 12:00:00+00:00,signal,sell,0.721,102650.94510444824,74011.33142030718,20.723172797686008,1.6806465440863505,0.0072387455933858175,258.7273203071777,0.41300000000000014,taker,,
2024-12-05 19:44:00+00:00,stop_loss,sell,0.41300000000000014,99935.2784461955,41273.26999827876,11.556515599518052,1.0,,-973.3673017212606,0.0,taker,,99945.27297349284
2024-12-12 16:00:00+00:00,signal,buy,0.883,101775.1,89867.4133,1.2581437862000002,-0.0,0.0004342734925231026,0.0,0.883,maker,101775.1,
2024-12-12 20:00:00+00:00,signal,sell,0.883,99441.02638314046,87806.42629631303,24.585799362967645,1.4150724155472858,0.002691954846066542,-2060.9870036869797,0.0,taker,,
2024-12-13 12:00:00+00:00,signal,buy,0.21,100331.3,21069.573,0.29497402200000006,-0.0,0.0029621656739131667,0.0,0.21,maker,100331.3,
2024-12-14 16:00:00+00:00,signal,sell,0.21,101587.6246430049,21333.40117503103,5.973352329008688,1.4050285472107655,0.002563251938369739,263.8281750310298,0.0,taker,,
2024-12-16 08:00:00+00:00,signal,buy,0.997,104950.0,104635.15,1.4648921000000001,-0.0,0.01806508918384847,0.0,0.997,maker,104950.0,
2024-12-16 12:00:00+00:00,signal,sell,0.753,103704.73495453982,78089.66542076848,21.865106317815172,1.2693127666647572,0.0011332713482597812,-937.6845792315175,0.244,taker,,
2024-12-16 16:00:00+00:00,signal,buy,0.685,106281.1,72802.55350000001,1.0192357490000001,-0.0,0.0029114347987683445,0.0,0.929,maker,106281.1,
2024-12-18 04:00:00+00:00,signal,sell,0.929,104701.56031523322,97267.74953285167,27.234969869198466,1.4553237653158404,0.00323937080095929,-1142.6039671483481,0.0,taker,,
2025-01-06 04:00:00+00:00,signal,buy,1.381,99005.0,136725.905,1.9141626700000003,-0.0,0.0024739369136792763,0.0,1.381,maker,99005.0,
2025-01-06 12:00:00+00:00,signal,buy,0.005,99219.2,496.096,0.006945344000000001,-0.0,7.715668874984387e-05,0.0,1.386,maker,99219.2,
2025-01-06 15:52:00+00:00,take_profit,sell,1.386,102175.05219803964,141614.62234648294,39.65209425701522,1.0,,4392.621346482956,0.0,taker,,102185.27072511216
2025-01-06 16:00:00+00:00,signal,buy,1.727,102104.5,176334.4715,2.4686826010000003,-0.0,0.005333602769937332,0.0,1.727,maker,102104.5,
2025-01-06 16:06:00+00:00,take_profit,sell,1.727,102175.05219803964,176456.31514601447,49.407768240884046,1.0,,121.84364601446568,0.0,taker,,102185.27072511216
2025-01-07 12:00:00+00:00,signal,buy,1.323,100787.0,133341.201,1.8667768140000003,-0.0,0.008130992535468626,0.0,1.323,maker,100787.0,
2025-01-07 14:34:00+00:00,stop_loss,sell,1.323,100376.45455687068,132798.0493787399,37.18345382604717,1.0,,-543.1516212600881,0.0,taker,,100386.4932061913
2025-01-09 16:00:00+00:00,signal,sell,0.074,94195.1,6970.4374,0.0975861236,-0.0,0.00011530230711025798,0.0,-0.074,maker,94195.1,
2025-01-10 00:00:00+00:00,signal,buy,0.056,92516.45242569229,5180.921335838768,1.4506579740348549,1.1299186747108914,0.0002637322193536623,94.00426416123216,-0.017999999999999995,taker,,
2025-01-10 07:36:00+00:00,stop_loss,buy,0.017999999999999995,94400.33708764163,1699.206067577549,0.4757776989217137,1.0,,-3.6942675775492377,0.0,taker,,94390.89799784185
2025-01-11 04:00:00+00:00,signal,sell,0.004,94168.3,376.6732,0.005273424800000001,-0.0,0.00011208332461193892,0.0,-0.004,maker,94168.3,
2025-01-13 00:00:00+00:00,signal,buy,0.004,94509.67096635797,378.0386838654319,0.10585083148232093,1.0339657881088569,1.8026168153996312e-05,-1.3654838654318593,0.0,taker,,
2025-01-13 20:00:00+00:00,signal,sell,0.019,92274.9,1753.2231,0.0245451234,-0.0,0.00013739283157251223,0.0,-0.019,maker,92274.9,
2025-01-14 00:18:00+00:00,stop_loss,buy,0.019,94711.79179277027,1799.524044062635,0.5038667323375378,1.0,,-46.30094406263515,0.0,taker,,94702.3215606142
2025-01-16 00:00:00+00:00,signal,buy,0.967,100460.0,97144.81999999999,1.36002748,-0.0,0.0029690351594025607,0.0,0.967,maker,100460.0,
2025-01-16 08:00:00+00:00,signal,buy,0.007,99756.5,698.2955000000001,0.009776137000000002,-0.0,7.599640757070303e-05,0.0,0.974,maker,99756.5,
2025-01-16 12:00:00+00:00,signal,buy,0.005,99107.1,495.5355,0.006937497000000001,-0.0,2.0820278794539877e-05,0.0,0.979,maker,99107.1,
2025-01-16 14:45:00+00:00,stop_loss,sell,0.979,98043.41523384339,95984.50351393268,26.87566098390115,1.0,,-2354.147486067307,0.0,taker,,98053.22055589898
2025-01-18 12:00:00+00:00,signal,buy,0.917,103547.0,94952.599,1.3293363860000003,-0.0,0.004082498968631174,0.0,0.917,maker,103547.0,
2025-01-19 21:58:00+00:00,stop_loss,sell,0.917,103691.5918365566,95085.1897141224,26.62385311995427,1.0,,132.59071412240505,0.0,taker,,103701.96203275988
2025-01-20 12:00:00+00:00,signal,buy,0.16,108267.6,17322.816000000003,0.24251942400000007,-0.0,0.0013763938719217877,0.0,0.16,maker,108267.6,
2025-01-20 16:00:00+00:00,signal,sell,0.018000000000000002,104990.40960281731,1889.8273728507118,0.5291516643981993,1.0371678429410263,2.1585133576387406e-05,-58.98942714928857,0.14200000000000002,taker,,
2025-01-20 16:13:00+00:00,stop_loss,sell,0.14200000000000002,104476.82384141648,14835.708985481142,4.1539985159347195,1.0,,-538.2902145188606,0.0,taker,,104487.27256867335
2025-02-03 04:00:00+00:00,signal,sell,0.019,94001.6,1786.0304,0.025004425600000005,-0.0,5.910280516727644e-05,0.0,-0.019,maker,94001.6,
2025-02-03 12:00:00+00:00,signal,sell,0.001,95070.9,95.0709,0.0013309926,-0.0,5.096056324344739e-06,0.0,-0.02,maker,95070.9,
2025-02-03 15:17:00+00:00,stop_loss,buy,0.02,96971.74700729082,1939.4349401458164,0.5430417832408285,1.0,,-58.33364014581632,0.0,taker,,96962.0508022106
2025-02-04 04:00:00+00:00,signal,sell,0.003,100597.2,301.7916,0.004225082400000001,-0.0,6.0526822047119445e-05,0.0,-0.003,maker,100597.2,
2025-02-04 20:00:00+00:00,signal,buy,0.003,98822.07125411637,296.4662137623491,0.08301053985345774,1.0192339104933188,5.780364263515582e-06,5.325386237650892,0.0,taker,,
2025-02-23 12:00:00+00:00,signal,sell,0.126,96064.2,12104.0892,0.16945724880000002,-0.0,0.002591153985958996,0.0,-0.126,maker,96064.2,
2025-02-24 00:00:00+00:00,signal,buy,0.126,96230.45036001067,12125.036745361343,3.395010288701176,1.2523966321067106,0.00099537593591891,-20.947545361344673,0.0,taker,,
2025-02-24 04:00:00+00:00,signal,sell,0.126,95388.0,12018.888,0.16826443200000002,-0.0,0.0007767222298750551,0.0,-0.126,maker,95388.0,
2025-02-24 08:00:00+00:00,signal,buy,0.126,95846.73269169872,12076.688319154038,3.3814727293631304,1.3077473071947239,0.0014798188294625574,-57.800319154038995,0.0,taker,,
2025-02-24 12:00:00+00:00,signal,sell,0.126,95774.9,12067.6374,0.16894692360000002,-0.0,0.001696803352655665,0.0,-0.126,maker,95774.9,
2025-02-24 22:17:00+00:00,take_profit,buy,0.126,92962.48605444902,11713.273242860578,3.2797165080009614,1.0,,354.3641571394225,0.0,taker,,92953.19073537548
2025-02-25 16:00:00+00:00,signal,sell,0.139,87206.8,12121.745200000001,0.16970443280000003,-0.0,0.0002698490272432055,0.0,-0.139,maker,87206.8,
2025-02-26 20:19:00+00:00,take_profit,buy,0.139,82499.2843517961,11467.400524899658,3.210872146971904,1.0,,654.3446751003424,0.0,taker,,82491.03524827128
2025-02-28 04:00:00+00:00,signal,sell,0.152,80429.2,12225.238399999998,0.17115333759999998,-0.0,0.0003567076727970214,0.0,-0.152,maker,80429.2,
2025-02-28 14:46:00+00:00,stop_loss,buy,0.152,82443.25547253771,12531.374831825731,3.5087849529112045,1.0,,-306.1364318257327,0.0,taker,,82435.01197134057
2025-03-01 04:00:00+00:00,signal,sell,0.003,85279.1,255.83730000000003,0.003581722200000001,-0.0,1.8152846558128612e-05,0.0,-0.003,maker,85279.1,
2025-03-01 12:00:00+00:00,signal,sell,0.011,84593.6,930.5296,0.013027414400000001,-0.0,0.00021716530438357733,0.0,-0.013999999999999999,maker,84593.6,
2025-03-02 15:34:00+00:00,stop_loss,buy,0.013999999999999999,87404.75801501017,1223.6666122101424,0.34262665141883986,1.0,,-37.29971221014234,0.0,taker,,87396.01841316886
2025-03-09 20:00:00+00:00,signal,sell,0.054,82605.0,4460.67,0.062449380000000006,-0.0,0.0004889182095728428,0.0,-0.054,maker,82605.0,
2025-03-11 13:28:00+00:00,stop_loss,buy,0.054,82130.79891375444,4435.063141342739,1.2418176795759668,1.0,,25.606858657260485,0.0,taker,,82122.58665508893
2025-03-13 00:00:00+00:00,signal,sell,0.013000000000000001,83640.7,1087.3291000000002,0.015222607400000004,-0.0,0.00011910223269085183,0.0,-0.013000000000000001,maker,83640.7,
2025-03-13 20:00:00+00:00,signal,buy,0.013000000000000001,80185.98449474714,1042.417798431713,0.2918769835608796,1.0582139312322276,5.295096546110191e-05,44.91130156828711,0.0,taker,,
2025-03-24 16:00:00+00:00,signal,buy,0.291,88283.7,25690.556699999997,0.3596677938,-0.0,0.0005407463842650263,0.0,0.291,maker,88283.7,
2025-03-25 03:17:00+00:00,stop_loss,sell,0.291,86691.06598454897,25227.10020150375,7.063588056421049,1.0,,-463.45649849624834,0.0,taker,,86699.73595814478
2025-03-25 20:00:00+00:00,signal,buy,0.28,88054.0,24655.120000000003,0.3451716800000001,-0.0,0.0008038339577086146,0.0,0.28,maker,88054.0,
2025-03-26 00:00:00+00:00,signal,sell,0.212,87359.37981699826,18520.188521203632,5.185652785937017,1.204096948917745,0.0006508681962114477,-147.25947879636846,0.06800000000000003,taker,,
2025-03-26 08:00:00+00:00,signal,buy,0.20400000000000001,88106.7,17973.7668,0.25163273520000007,-0.0,0.0017411522812212528,0.0,0.272,maker,88106.7,
2025-03-26 14:22:00+00:00,stop_loss,sell,0.272,86458.7954349185,23516.792358297833,6.584701860323393,1.0,,-444.64644170216985,0.0,taker,,86467.44217913641
2025-03-29 20:00:00+00:00,signal,sell,0.101,82722.9,8355.0129,0.11697018060000001,-0.0,0.0003617182815811429,0.0,-0.101,maker,82722.9,
2025-03-30 04:00:00+00:00,signal,sell,0.009000000000000001,83042.8,747.3852000000002,0.010463392800000004,-0.0,0.00011362632062267359,0.0,-0.11000000000000001,maker,83042.8,
2025-03-31 12:51:00+00:00,stop_loss,buy,0.11000000000000001,83084.83994633918,9139.332394097311,2.559013070347247,1.0,,-36.93429409731151,0.0,taker,,83076.53229310988
2025-04-07 00:00:00+00:00,signal,sell,0.025,78390.1,1959.7525000000003,0.02743653500000001,-0.0,5.0880490994021964e-05,0.0,-0.025,maker,78390.1,
2025-04-07 08:00:00+00:00,signal,buy,0.001,75091.7165709791,75.0917165709791,0.021025680639874148,1.0144053107234807,3.242390266250435e-06,3.2983834290209053,-0.024,taker,,
2025-04-07 12:30:00+00:00,stop_loss,buy,0.024,77564.26875286493,1861.5424500687582,0.5212318860192522,1.0,,19.819949931241922,0.0,taker,,77556.51310155477
2025-04-15 16:00:00+00:00,signal,buy,0.23600000000000002,84871.9,20029.7684,0.28041675760000007,-0.0,0.0007765226486502327,0.0,0.23600000000000002,maker,84871.9,
2025-04-15 20:00:00+00:00,signal,buy,0.009000000000000001,83954.5,755.5905000000001,0.010578267000000002,-0.0,6.68794574121537e-05,0.0,0.24500000000000002,maker,83954.5,
2025-04-17 20:00:00+00:00,signal,buy,0.87,84797.0,73773.39,1.03282746,-0.0,0.0031605638375458156,0.0,1.115,maker,84797.0,
2025-04-18 08:00:00+00:00,signal,sell,0.809,84610.83654294777,68450.16676324475,19.166046693708527,1.4255546728160413,0.0028296371805557495,-157.92997227095373,0.30599999999999994,taker,,
2025-04-18 12:00:00+00:00,signal,sell,0.306,84617.73848531538,25893.027976506506,7.250047833421821,1.3897653518714441,0.0023737035862417283,-57.62418797780121,0.0,taker,,
2025-04-21 08:00:00+00:00,signal,buy,2.129,87400.7,186076.09029999998,2.6050652642,-0.0,0.01338209153518325,0.0,2.129,maker,87400.7,
2025-04-21 12:00:00+00:00,signal,sell,0.5750000000000001,86922.7400144313,49980.575508298,13.99456114232344,1.5827627715297048,0.005306444498140359,-274.82699170200107,1.5539999999999998,taker,,
2025-04-21 16:00:00+00:00,signal,buy,0.466,87997.3,41006.7418,0.5740943852000001,-0.0,0.001902996805228848,0.0,2.02,maker,87997.3,
2025-04-21 20:00:00+00:00,signal,sell,0.599,87358.06792149699,52327.48268497669,14.651695151793472,1.2741422037748804,0.0011742804357898144,-107.97787462725975,1.421,taker,,
2025-04-22 16:00:00+00:00,signal,buy,0.442,90881.1,40169.446200000006,0.5623722468000001,-0.0,0.0005321885808441281,0.0,1.863,maker,90881.1,
2025-04-22 17:58:00+00:00,take_profit,sell,1.863,91417.10985324474,170310.07565659494,47.68682118384658,1.0,,5748.660416198886,0.0,taker,,91426.25247849258
2025-04-22 20:00:00+00:00,signal,buy,1.958,91356.3,178875.6354,2.5042588956,-0.0,0.007434593912492848,0.0,1.958,maker,91356.3,
2025-04-22 20:00:00+00:00,take_profit,sell,1.958,91417.10985324474,178994.70109265318,50.11851630594288,1.0,,119.06569265318711,0.0,taker,,91426.25247849258
2025-04-23 16:00:00+00:00,signal,buy,1.701,93140.3,158431.6503,2.2180431042000004,-0.0,0.005054746222095947,0.0,1.701,maker,93140.3,
2025-04-24 04:00:00+00:00,signal,sell,0.503,92619.89467422426,46587.8070211348,13.044585965917744,1.39317021354677,0.002415356512818951,-261.76387886520115,1.198,taker,,
2025-04-24 08:48:00+00:00,stop_loss,sell,1.198,91628.16572850574,109770.54254274988,30.735751911969967,1.0,,-1811.5368572501216,0.0,taker,,91637.32946145188
2025-04-27 12:00:00+00:00,signal,buy,1.447,93871.1,135831.4817,1.9016407438000003,-0.0,0.012168899641271005,0.0,1.447,maker,93871.1,
2025-04-27 13:07:00+00:00,stop_loss,sell,1.447,93570.51955201234,135396.54179176185,37.91103170169331,1.0,,-434.9399082381554,0.0,taker,,93579.87753976631
2025-04-28 00:00:00+00:00,signal,buy,0.372,93697.0,34855.284,0.48797397600000003,-0.0,0.0024710122794999534,0.0,0.372,maker,93697.0,
2025-04-28 00:03:00+00:00,stop_loss,sell,0.372,93629.84843754626,34830.303618767204,9.752485013254816,1.0,,-24.980381232792162,0.0,taker,,93639.21235878214
2025-04-28 04:00:00+00:00,signal,buy,1.468,93800.0,137698.4,1.9277776000000002,-0.0,0.013280189180958529,0.0,1.468,maker,93800.0,
2025-04-28 15:28:00+00:00,stop_loss,sell,1.468,93634.27921050336,137455.12188101892,38.487434126685294,1.0,,-243.27811898106953,0.0,taker,,93643.64357486085
2025-04-28 16:00:00+00:00,signal,buy,0.342,93772.7,32070.2634,0.44898368760000007,-0.0,0.0009832102478882895,0.0,0.342,maker,93772.7,
2025-04-28 16:02:00+00:00,stop_loss,sell,0.342,93634.27921050336,32022.92348999215,8.966418577197802,1.0,,-47.33991000785036,0.0,taker,,93643.64357486085
2025-05-07 20:00:00+00:00,signal,buy,1.469,96124.5,141206.8905,1.9768964670000004,-0.0,0.0061098060760343565,0.0,1.469,maker,96124.5,
2025-05-08 04:00:00+00:00,signal,sell,0.025,99087.7139811597,2477.1928495289926,0.6936139978681178,1.03796432221733,2.2520152522207074e-05,74.08034952899253,1.4440000000000002,taker,,
2025-05-08 04:00:00+00:00,take_profit,sell,1.4440000000000002,99205.36411989448,143252.54578912765,40.11071282095574,1.0,,4448.7677891276335,0.0,taker,,99215.28564845932
2025-05-09 04:00:00+00:00,signal,buy,1.063,102419.5,108871.9285,1.524206999,-0.0,0.01999160319208914,0.0,1.063,maker,102419.5,
2025-05-09 04:01:00+00:00,signal,buy,0.759,102389.2,77713.4028,1.0879876392,-0.0,0.008389184429428629,0.0,1.822,maker,102389.2,
2025-05-10 12:00:00+00:00,signal,sell,0.458,103359.10922758865,47338.472026235606,13.254772167345969,1.5081806681273897,0.004035118616537505,436.1220068064091,1.364,taker,,
2025-05-11 00:00:00+00:00,signal,buy,0.49,104788.8,51346.512,0.7188511680000002,-0.0,0.0009309994394573781,0.0,1.854,maker,104788.8,
2025-05-11 04:00:00+00:00,signal,sell,0.507,103928.50607582813,52691.75258044487,14.753690722524562,1.8561166443036383,0.011452120447714412,452.29568009460326,1.347,taker,,
2025-05-12 14:29:00+00:00,stop_loss,sell,1.347,102862.91129858799,138556.34151919803,38.79577562537545,1.0,,-233.6948610224891,0.0,taker,,102873.19861844984
2025-05-21 04:00:00+00:00,signal,buy,1.1380000000000001,106791.0,121528.15800000001,1.7013942120000003,-0.0,0.01112654308348266,0.0,1.1380000000000001,maker,106791.0,
2025-05-21 08:00:00+00:00,signal,buy,0.008,106463.7,851.7096,0.0119239344,-0.0,7.170843042068492e-06,0.0,1.1460000000000001,maker,106463.7,
2025-05-22 03:42:00+00:00,take_profit,sell,1.1460000000000001,111004.41293373756,127211.05722206326,35.61909602217771,1.0,,4831.189622063257,0.0,taker,,111015.51448518608
2025-05-22 20:00:00+00:00,signal,buy,1.178,111136.2,130918.44359999998,1.8328582104,-0.0,0.011433134113739453,0.0,1.178,maker,111136.2,
2025-05-23 11:52:00+00:00,stop_loss,sell,1.178,109249.88020493346,128696.35888141161,36.03498048679525,1.0,,-2222.0847185883777,0.0,taker,,109260.80628556202
2025-05-24 16:00:00+00:00,signal,buy,1.0070000000000001,108889.1,109651.32370000002,1.5351185318000005,-0.0,0.005697918840721834,0.0,1.0070000000000001,maker,108889.1,
2025-05-25 00:00:00+00:00,signal,sell,0.747,107682.97006722853,80439.1786402197,22.522970019261514,1.4884012638437023,0.003727121789439464,-900.979059780296,0.2600000000000001,taker,,
2025-05-25 15:31:00+00:00,stop_loss,sell,0.2600000000000001,106552.71672980624,27703.706349749635,7.757037777929897,1.0,,-607.459650250379,0.0,taker,,106563.37306711295
2025-05-26 00:00:00+00:00,signal,buy,1.076,108956.0,117236.656,1.6413131840000001,-0.0,0.007730972940239297,0.0,1.076,maker,108956.0,
2025-05-26 20:00:00+00:00,signal,sell,0.79,109056.3504684745,86154.51687009486,24.12326472362656,1.6547908148466068,0.0066992345501169295,79.2768700948538,0.28600000000000003,taker,,
2025-05-27 01:21:00+00:00,stop_loss,sell,0.28600000000000003,107826.0486076747,30838.24990179497,8.634709972502591,1.0,,-323.16609820503476,0.0,taker,,107836.8322909038
2025-05-27 16:00:00+00:00,signal,buy,1.1340000000000001,110091.3,124843.53420000001,1.7478094788000003,-0.0,0.010223947642262983,0.0,1.1340000000000001,maker,110091.3,
2025-05-27 20:00:00+00:00,signal,sell,0.848,109806.81143616681,93116.17609786945,26.072529307403443,1.6379327650217599,0.006358722073254808,-241.24630213054573,0.28600000000000014,taker,,
2025-05-28 12:00:00+00:00,signal,sell,0.28600000000000003,108806.28012643766,31118.596116161174,8.713206912525129,1.3802328737420395,0.0022590162230332776,-367.5156838388298,0.0,taker,,
2025-06-01 04:00:00+00:00,signal,sell,0.10400000000000001,104336.4,10850.9856,0.15191379840000002,-0.0,0.002214262385841602,0.0,-0.10400000000000001,maker,104336.4,
2025-06-01 16:00:00+00:00,signal,buy,0.10400000000000001,104677.15592274554,10886.424215965537,3.04819878047035,1.2665229124411859,0.0011099134821270632,-35.438615965537146,0.0,taker,,
2025-06-10 04:00:00+00:00,signal,buy,1.482,109525.9,162317.38379999998,2.2724433732,-0.0,0.016480444474041036,0.0,1.482,maker,109525.9,
2025-06-11 18:15:00+00:00,stop_loss,sell,1.482,108574.90648154258,160908.0114056461,45.0542431935809,1.0,,-1409.3723943538864,0.0,taker,,108585.76505804839
2025-06-22 04:00:00+00:00,signal,sell,0.099,102340.0,10131.66,0.14184324,-0.0,0.001365834382521274,0.0,-0.099,maker,102340.0,
2025-06-22 12:00:00+00:00,signal,sell,0.01,102693.7,1026.937,0.014377118,-0.0,0.0001822105737384284,0.0,-0.109,maker,102693.7,
2025-06-22 16:25:00+00:00,take_profit,buy,0.109,98719.55068319918,10760.431024468711,3.012920686851239,1.0,,398.1659755312886,0.0,taker,,98709.67971522766
2025-06-23 20:00:00+00:00,signal,sell,0.005,103114.2,515.571,0.007217994000000001,-0.0,2.0246136337271614e-05,0.0,-0.005,maker,103114.2,
2025-06-23 22:24:00+00:00,stop_loss,buy,0.005,105532.07375368469,527.6603687684235,0.14774490325515857,1.0,,-12.089368768423446,0.0,taker,,105521.52160152454
2025-06-24 00:00:00+00:00,signal,sell,0.018000000000000002,105291.0,1895.2380000000003,0.026533332000000007,-0.0,5.177718715515134e-05,0.0,-0.018000000000000002,maker,105291.0,
2025-06-24 04:00:00+00:00,signal,buy,0.014,104882.25881804041,1468.3516234525657,0.4111384545667184,1.1689537561178822,0.00044602143291157514,5.722376547434222,-0.004000000000000002,taker,,
2025-06-24 06:32:00+00:00,stop_loss,buy,0.004000000000000002,105532.07375368469,422.1282950147389,0.11819592260412688,1.0,,-0.964295014738746,0.0,taker,,105521.52160152454
2025-07-03 20:00:00+00:00,signal,buy,0.806,109743.8,88453.5028,1.2383490392,-0.0,0.01998030846113724,0.0,0.806,maker,109743.8,
2025-07-03 20:01:00+00:00,signal,buy,0.243,109760.1,26671.7043,0.37340386020000005,-0.0,0.019996715339649508,0.0,1.049,maker,109760.1,
2025-07-03 20:02:00+00:00,signal,buy,0.51,109760.1,55977.651000000005,0.7836871140000001,-0.0,0.015275321267581571,0.0,1.559,maker,109760.1,
2025-07-04 13:45:00+00:00,stop_loss,sell,1.559,108248.41981512828,168759.28649178497,47.252600217699786,1.0,,-2343.571608215025,0.0,taker,,108259.24573970225
2025-07-11 00:00:00+00:00,signal,buy,1.714,115979.2,198788.34879999998,2.7830368832,-0.0,0.005517971685285548,0.0,1.714,maker,115979.2,
2025-07-13 04:00:00+00:00,signal,buy,0.195,117711.6,22953.762000000002,0.32135266800000006,-0.0,0.009318944259364602,0.0,1.909,maker,117711.6,
2025-07-13 12:00:00+00:00,signal,sell,0.28200000000000003,118018.30692701609,33281.162553418544,9.318725514957192,1.4989556562329156,0.003889949170106555,525.1252325175482,1.627,taker,,
2025-07-13 16:00:00+00:00,signal,buy,0.373,118610.6,44241.7538,0.6193845532000001,-0.0,0.0025706348716228425,0.0,2.0,maker,118610.6,
2025-07-13 20:00:00+00:00,signal,buy,0.08700000000000001,118922.9,10346.292300000001,0.14484809220000003,-0.0,0.0005035191287545482,0.0,2.087,maker,118922.9,
2025-07-14 00:00:00+00:00,signal,sell,0.083,119023.33698792156,9878.93696999749,2.7661023515992973,1.2569914118767214,0.0010319466527873543,191.9930672350487,2.004,taker,,
2025-07-14 03:43:00+00:00,take_profit,sell,2.004,121258.88312029922,243002.80177307964,68.0407844964623,1.0,,9115.626096743103,0.0,taker,,121271.01022132134
2025-07-15 20:00:00+00:00,signal,buy,0.304,116428.8,35394.3552,0.4955209728,-0.0,0.0026244148838176235,0.0,0.304,maker,116428.8,
2025-07-18 14:24:00+00:00,stop_loss,sell,0.304,117747.52469087762,35795.2475060268,10.022669301687502,1.0,,400.8923060267947,0.0,taker,,117759.30062093971
2025-07-19 12:00:00+00:00,signal,buy,0.301,118300.0,35608.299999999996,0.49851619999999996,-0.0,0.01075827420935092,0.0,0.301,maker,118300.0,
2025-07-20 08:00:00+00:00,signal,sell,0.301,117965.19848832674,35507.524744986345,9.942106928596177,1.618987583369865,0.005986650443219778,-100.77525501365028,0.0,taker,,
2025-07-28 00:00:00+00:00,signal,buy,0.395,119423.5,47172.2825,0.660411955,-0.0,0.0027366766583082603,0.0,0.395,maker,119423.5,
2025-07-28 04:00:00+00:00,signal,sell,0.009000000000000001,119256.81453749552,1073.3113308374598,0.3005271726344887,1.0719799936020171,8.095499185853783e-05,-1.5001691625403184,0.386,taker,,
2025-07-28 12:00:00+00:00,signal,buy,0.021,118813.4,2495.0814,0.0349311396,-0.0,0.00019769264957491774,0.0,0.40700000000000003,maker,118813.4,
2025-07-28 16:00:00+00:00,signal,sell,0.40700000000000003,118137.14840168272,48081.81939948487,13.462909431855762,1.3331537623936436,0.0017342410843287548,-510.73300051513013,0.0,taker,,
2025-08-02 20:00:00+00:00,signal,sell,0.138,112175.5,15480.219000000001,0.21672306600000005,-0.0,0.0009839689399018011,0.0,-0.138,maker,112175.5,
2025-08-03 04:00:00+00:00,signal,buy,0.03,113563.847592012,3406.9154277603598,0.9539363197729006,1.1402456530063718,0.00030732567479974424,-41.65042776035989,-0.10800000000000001,taker,,
2025-08-03 11:12:00+00:00,stop_loss,buy,0.10800000000000001,114127.88406737195,12325.811479276172,3.4512272141973277,1.0,,-210.85747927617098,0.0,taker,,114116.47242012994
2025-08-10 16:00:00+00:00,signal,buy,1.2730000000000001,118766.0,151189.11800000002,2.1166476520000006,-0.0,0.01999347977942463,0.0,1.2730000000000001,maker,118766.0,
2025-08-10 16:01:00+00:00,signal,buy,0.397,118824.5,47173.3265,0.6604265710000001,-0.0,0.014986876747047274,0.0,1.6700000000000002,maker,118824.5,
2025-08-10 20:00:00+00:00,signal,buy,0.024,118624.6,2846.9904,0.03985786560000001,-0.0,0.00028541526786320516,0.0,1.6940000000000002,maker,118624.6,
2025-08-11 00:00:00+00:00,signal,buy,0.006,119255.3,715.5318,0.0100174452,-0.0,1.678155714851275e-05,0.0,1.7000000000000002,maker,119255.3,
2025-08-11 03:00:00+00:00,take_profit,sell,1.7000000000000002,121920.70415051904,207265.1970558824,58.03425517564707,1.0,,5340.230355882373,0.0,taker,,121932.89744026307
2025-08-11 04:00:00+00:00,signal,buy,2.14,121700.1,260438.21400000004,3.6461349960000007,-0.0,0.014185046747524077,0.0,2.14,maker,121700.1,
2025-08-11 04:51:00+00:00,take_profit,sell,2.14,121920.70415051904,260910.30688211077,73.054885926991,1.0,,472.092882110739,0.0,taker,,121932.89744026307
2025-08-11 12:00:00+00:00,signal,buy,1.594,120545.0,192148.73,2.6900822200000003,-0.0,0.005723684201081042,0.0,1.594,maker,120545.0,
2025-08-11 12:31:00+00:00,stop_loss,sell,1.594,119889.76966456739,191104.29284532042,53.50920199668971,1.0,,-1044.437154679587,0.0,taker,,119901.75984055144
2025-08-12 08:00:00+00:00,signal,buy,0.621,118931.9,73856.7099,1.0339939386,-0.0,0.01996838499172307,0.0,0.621,maker,118931.9,
2025-08-12 08:01:00+00:00,signal,buy,0.918,118957.7,109203.1686,1.5288443604000002,-0.0,0.018473920468418826,0.0,1.5390000000000001,maker,118957.7,
2025-08-12 20:00:00+00:00,signal,buy,0.012,119600.3,1435.2036,0.020092850400000004,-0.0,0.00023348731469345722,0.0,1.5510000000000002,maker,119600.3,
2025-08-13 19:30:00+00:00,take_profit,sell,1.5510000000000002,122545.19465486388,190067.5969096939,53.21892713471429,1.0,,5572.514809693896,0.0,taker,,122557.45039990387
2025-08-14 12:00:00+00:00,signal,buy,0.364,120947.8,44024.9992,0.6163499888,-0.0,0.0013976179200163618,0.0,0.364,maker,120947.8,
2025-08-14 12:34:00+00:00,stop_loss,sell,0.364,118821.64474636462,43251.07868767672,12.110302032549482,1.0,,-773.92051232328,0.0,taker,,118833.52809917454
2025-08-25 00:00:00+00:00,signal,sell,0.028,113446.2,3176.4936,0.0444709104,-0.0,0.00016094978526675927,0.0,-0.028,maker,113446.2,
2025-08-25 08:00:00+00:00,signal,sell,0.001,111469.7,111.4697,0.0015605758000000003,-0.0,3.621363028986333e-06,0.0,-0.029,maker,111469.7,
2025-08-25 20:34:00+00:00,take_profit,buy,0.029,109515.35860321955,3175.945399493367,0.8892647118581427,1.0,,112.01790050663298,0.0,taker,,109504.40816240331
2025-08-27 20:00:00+00:00,signal,sell,0.028,112032.9,3136.9211999999998,0.0439168968,-0.0,0.0006272383118024615,0.0,-0.028,maker,112032.9,
2025-08-28 08:00:00+00:00,signal,buy,0.028,113091.8883061591,3166.572872572455,0.8866404043202872,1.1132281645793116,0.00020032214459374514,-29.65167257245508,0.0,taker,,
2025-08-30 12:00:00+00:00,signal,sell,0.112,108638.6,12167.523200000001,0.17034532480000003,-0.0,0.001646791371076833,0.0,-0.112,maker,108638.6,
2025-08-30 20:00:00+00:00,signal,sell,0.014,108769.5,1522.7730000000001,0.021318822000000005,-0.0,0.0017047310014371105,0.0,-0.126,maker,108769.5,
2025-09-01 07:56:00+00:00,stop_loss,buy,0.126,109353.18597793841,13778.501433220239,3.8579804013016665,1.0,,-88.20523322023905,0.0,taker,,109342.25175276313
2025-09-12 08:00:00+00:00,signal,buy,1.1300000000000001,115048.9,130005.25700000001,1.8200735980000005,-0.0,0.0199975134571323,0.0,1.1300000000000001,maker,115048.9,
2025-09-12 08:01:00+00:00,signal,buy,0.447,115086.4,51443.6208,0.7202106912,-0.0,0.019968733755320295,0.0,1.5770000000000002,maker,115086.4,
2025-09-12 08:02:00+00:00,signal,buy,0.392,115086.3,45113.829600000005,0.6315936144000002,-0.0,0.010934499268158464,0.0,1.9690000000000003,maker,115086.3,
2025-09-13 16:43:00+00:00,stop_loss,sell,1.9690000000000003,115141.97396701961,226714.54674106167,63.48007308749726,1.0,,151.83934106163449,0.0,taker,,115153.48931595121
2025-09-14 00:00:00+00:00,signal,buy,0.6,115862.7,69517.62,0.97324668,-0.0,0.019993327547225003,0.0,0.6,maker,115862.7,
2025-09-14 00:01:00+00:00,signal,buy,0.628,115892.2,72780.30159999999,1.0189242224,-0.0,0.019972237777547287,0.0,1.228,maker,115892.2,
2025-09-14 00:02:00+00:00,signal,buy,1.044,115858.9,120956.6916,1.6933936824000002,-0.0,0.018578866619245092,0.0,2.2720000000000002,maker,115858.9,
2025-09-14 13:31:00+00:00,stop_loss,sell,2.2720000000000002,115287.01280827828,261932.09310040827,73.3409860681143,1.0,,-1322.5200995917662,0.0,taker,,115298.54266254453
2025-09-15 08:00:00+00:00,signal,buy,1.28,115769.6,148185.08800000002,2.0745912320000004,-0.0,0.019999485333116847,0.0,1.28,maker,115769.6,
2025-09-15 08:01:00+00:00,signal,buy,0.9560000000000001,115752.7,110659.5812,1.5492341368000002,-0.0,0.005232225640015059,0.0,2.236,maker,115752.7,
2025-09-15 12:00:00+00:00,signal,sell,0.8280000000000001,114984.48958843925,95207.1573792277,26.658004066183754,2.131173348238905,0.019993017871343974,-644.088639376945,1.4080000000000001,taker,,
2025-09-15 12:01:00+00:00,signal,sell,0.86,115005.48367908478,98904.71596401291,27.693320469923613,1.9400806513926445,0.013808619236294043,-650.9260359870814,0.5480000000000002,taker,,
2025-09-15 13:43:00+00:00,stop_loss,sell,0.5480000000000002,114448.33993398493,62717.69028382376,17.560953279470652,1.0,,-720.090897571602,0.0,taker,,114459.78591257619
2025-09-24 04:00:00+00:00,signal,sell,0.039,111639.8,4353.9522,0.060955330800000006,-0.0,0.0002770720222147429,0.0,-0.039,maker,111639.8,
2025-09-24 11:12:00+00:00,stop_loss,buy,0.039,113126.63307796349,4411.938690040576,1.2353428332113612,1.0,,-57.98649004057592,0.0,taker,,113115.32154580891
2025-09-25 08:00:00+00:00,signal,sell,0.151,111708.5,16867.9835,0.236151769,-0.0,0.001879363804979864,0.0,-0.151,maker,111708.5,
2025-09-25 12:00:00+00:00,signal,buy,0.01,111328.0660129379,1113.280660129379,0.31171858483622605,1.0839423746712573,0.00011009878539765211,3.804339870621043,-0.141,taker,,
2025-09-25 16:00:00+00:00,signal,sell,0.008,111538.4,892.3072,0.012492300800000002,-0.0,5.209942765597207e-05,0.0,-0.149,maker,111538.4,
2025-09-25 17:57:00+00:00,take_profit,buy,0.149,108711.66228352065,16198.037680244577,4.5354505504684814,1.0,,445.16801975542234,0.0,taker,,108700.79220430022
2025-10-02 04:00:00+00:00,signal,buy,0.41100000000000003,118697.0,48784.467000000004,0.6829825380000001,-0.0,0.0199714529832398,0.0,0.41100000000000003,maker,118697.0,
2025-10-02 04:01:00+00:00,signal,buy,0.894,118692.7,106111.2738,1.4855578332000001,-0.0,0.01999810364731886,0.0,1.3050000000000002,maker,118692.7,
2025-10-02 04:02:00+00:00,signal,buy,0.997,118650.0,118294.05,1.6561167,-0.0,0.008761024570629201,0.0,2.302,maker,118650.0,
2025-10-03 15:53:00+00:00,take_profit,sell,2.302,121973.2131158186,280782.3365926144,78.61905424593203,1.0,,7592.545792614398,0.0,taker,,121985.41165698429
2025-10-04 08:00:00+00:00,signal,buy,0.587,122271.4,71773.3118,1.0048263652,-0.0,0.01999181462572977,0.0,0.587,maker,122271.4,
2025-10-04 08:01:00+00:00,signal,buy,1.079,122243.9,131901.16809999998,1.8466163534,-0.0,0.019994295132408375,0.0,1.666,maker,122243.9,
2025-10-04 08:02:00+00:00,signal,buy,0.587,122288.4,71783.29079999999,1.0049660712,-0.0,0.01909224059322925,0.0,2.253,maker,122288.4,
2025-10-05 00:00:00+00:00,signal,buy,0.313,122343.2,38293.4216,0.5361079024000001,-0.0,0.008019184850846597,0.0,2.5660000000000003,maker,122343.2,
2025-10-05 08:00:00+00:00,signal,sell,0.024,124678.71379252,2992.28913102048,0.8378409566857343,1.105616414780604,0.00017429417298607183,57.74953039694159,2.5420000000000003,taker,,
2025-10-05 12:00:00+00:00,signal,sell,0.853,123396.27414834037,105257.02184853434,29.471966117589613,1.379579969066321,0.002251264889318584,958.5935430394102,1.6890000000000003,taker,,
2025-10-05 14:43:00+00:00,stop_loss,sell,1.6890000000000003,122718.27066042619,207271.15914545988,58.03592456072876,1.0,,752.9347515783326,0.0,taker,,122730.54371479766
2025-10-06 08:00:00+00:00,signal,buy,1.1280000000000001,123332.4,139118.9472,1.9476652608000002,-0.0,0.019984167141930218,0.0,1.1280000000000001,maker,123332.4,
2025-10-06 08:01:00+00:00,signal,buy,0.539,123417.6,66522.0864,0.9313092096000001,-0.0,0.008586798274450644,0.0,1.6670000000000003,maker,123417.6,
2025-10-07 08:19:00+00:00,stop_loss,sell,1.6670000000000003,123424.93602521344,205749.36835403083,57.60982313912863,1.0,,108.33475403082325,0.0,taker,,123437.27975318875
2025-10-17 04:00:00+00:00,signal,sell,0.021,109121.9,2291.5599,0.03208183860000001,-0.0,0.0007180056850714171,0.0,-0.021,maker,109121.9,
2025-10-19 09:50:00+00:00,stop_loss,buy,0.021,108099.68026821772,2270.093285632572,0.6356261199771202,1.0,,21.466614367427713,0.0,taker,,108088.87138107962
2025-10-31 00:00:00+00:00,signal,sell,0.023,108263.6,2490.0628,0.03486087920000001,-0.0,0.00024291992533952692,0.0,-0.023,maker,108263.6,
2025-10-31 08:00:00+00:00,signal,sell,0.001,109400.0,109.4,0.0015316000000000001,-0.0,9.234517182014833e-06,0.0,-0.024,maker,109400.0,
2025-10-31 14:56:00+00:00,stop_loss,buy,0.024,110872.08896622244,2660.9301351893387,0.7450604378530148,1.0,,-61.46733518933819,0.0,taker,,110861.00286593585
2025-11-04 12:00:00+00:00,signal,sell,0.033,104530.7,3449.5131,0.04829318340000001,-0.0,0.0003918738466202824,0.0,-0.033,maker,104530.7,
2025-11-04 20:00:00+00:00,signal,buy,0.001,100517.27857569807,100.51727857569807,0.02814483800119546,1.02267261962659,8.031995011437997e-06,4.0134214243019235,-0.032,taker,,
2025-11-04 20:18:00+00:00,take_profit,buy,0.032,99826.01944066698,3194.4326221013434,0.8944411341883761,1.0,,150.54977789865669,0.0,taker,,99816.03783688329
2025-11-06 08:00:00+00:00,signal,sell,0.092,103138.6,9488.7512,0.13284251680000003,-0.0,0.0022467281333209167,0.0,-0.092,maker,103138.6,
2025-11-06 16:00:00+00:00,signal,sell,0.007,101981.6,713.8712,0.009994196800000002,-0.0,5.080539907097468e-05,0.0,-0.099,maker,101981.6,
2025-11-07 19:38:00+00:00,stop_loss,buy,0.099,103024.30376855783,10199.406073087226,2.855833700464423,1.0,,3.216326912774894,0.0,taker,,103014.002368321
2025-11-08 12:00:00+00:00,signal,sell,0.099,101805.6,10078.754400000002,0.14110256160000004,-0.0,0.0011494223534214113,0.0,-0.099,maker,101805.6,
2025-11-08 20:00:00+00:00,signal,buy,0.099,101948.95204769968,10092.94625272227,2.826024950762235,1.4275894790867012,0.0028567619160255707,-14.191852722268145,0.0,taker,,
2025-11-09 08:00:00+00:00,signal,sell,0.029,101898.3,2955.0507000000002,0.04137070980000001,-0.0,0.0014379252058858635,0.0,-0.029,maker,101898.3,
2025-11-09 16:00:00+00:00,signal,buy,0.029,103727.23161457555,3008.089716822691,0.8422651207103534,1.102205698221117,0.00016321882420103218,-53.039016822690776,0.0,taker,,
2025-11-15 04:00:00+00:00,signal,sell,0.02,96388.5,1927.77,0.026988780000000004,-0.0,0.00022270667534802873,0.0,-0.02,maker,96388.5,
2025-11-15 12:00:00+00:00,signal,sell,0.002,95657.3,191.3146,0.0026784044000000003,-0.0,8.902267743618326e-06,0.0,-0.022,maker,95657.3,
2025-11-18 03:02:00+00:00,take_profit,buy,0.022,90443.87126553436,1989.7651678417558,0.5571342469956916,1.0,,129.31943215824438,0.0,taker,,90434.82778275608
2025-11-19 12:00:00+00:00,signal,sell,0.023,91372.3,2101.5629,0.029421880600000002,-0.0,0.0005116536045318539,0.0,-0.023,maker,91372.3,
2025-11-19 23:55:00+00:00,stop_loss,buy,0.023,91532.77115774972,2105.2537366282436,0.5894710462559082,1.0,,-3.6908366282436034,0.0,taker,,91523.61879587013
2025-11-20 16:00:00+00:00,signal,sell,0.005,89835.5,449.1775,0.006288485000000001,-0.0,1.1492521224935904e-05,0.0,-0.005,maker,89835.5,
2025-11-21 00:00:00+00:00,signal,sell,0.017,86601.4,1472.2238,0.020611133200000003,-0.0,7.94223885802788e-05,0.0,-0.022000000000000002,maker,86601.4,
2025-11-21 07:33:00+00:00,take_profit,buy,0.022000000000000002,84433.98526247671,1857.5476757744877,0.5201133492168565,1.0,,63.853624225512156,0.0,taker,,84425.54270820589
2025-11-22 00:00:00+00:00,signal,sell,0.022,85093.6,1872.0592,0.0262088288,-0.0,0.0003794668605005878,0.0,-0.022,maker,85093.6,
2025-11-23 04:00:00+00:00,signal,buy,0.022,86270.0959835321,1897.942111637706,0.5314237912585577,1.0544723029063887,4.6362996623833795e-05,-25.882911637706012,0.0,taker,,
2025-11-23 16:00:00+00:00,signal,sell,0.02,87042.8,1740.856,0.024371984000000003,-0.0,8.80480679439556e-05,0.0,-0.02,maker,87042.8,
2025-11-24 00:00:00+00:00,signal,sell,0.002,86807.6,173.61520000000002,0.0024306128000000007,-0.0,1.031348543668026e-05,0.0,-0.022,maker,86807.6,
2025-11-24 20:49:00+00:00,stop_loss,buy,0.022,89054.35089212701,1959.1957196267942,0.5485748014955023,1.0,,-44.72451962679423,0.0,taker,,89045.44634749227
2025-12-01 08:00:00+00:00,signal,sell,0.04,86487.3,3459.492,0.04843288800000001,-0.0,0.00032869424997903176,0.0,-0.04,maker,86487.3,
2025-12-01 22:46:00+00:00,stop_loss,buy,0.04,86783.30281946796,3471.3321127787185,0.9719729915780411,1.0,,-11.840112778718467,0.0,taker,,86774.62535693227
2025-12-07 08:00:00+00:00,signal,sell,0.032,89337.1,2858.7872,0.04002302080000001,-0.0,0.0004770676070900407,0.0,-0.032,maker,89337.1,
2025-12-07 16:00:00+00:00,signal,sell,0.002,89505.0,179.01,0.00250614,-0.0,6.314459585146577e-06,0.0,-0.034,maker,89505.0,
2025-12-07 17:35:00+00:00,stop_loss,buy,0.034,90956.30244764086,3092.5142832197894,0.8659039993015409,1.0,,-54.717083219789586,0.0,taker,,90947.20772686818
2025-12-14 16:00:00+00:00,signal,sell,0.138,88985.2,12279.9576,0.1719194064,-0.0,0.0026696588653802107,0.0,-0.138,maker,88985.2,
2025-12-15 00:00:00+00:00,signal,sell,0.008,88118.8,704.9504000000001,0.009869305600000001,-0.0,3.353454767689191e-05,0.0,-0.14600000000000002,maker,88118.8,
2025-12-15 02:18:00+00:00,stop_loss,buy,0.14600000000000002,89915.32425046577,13127.637340568004,3.6757384553590406,1.0,,-142.72934056800372,0.0,taker,,89906.33361710406
2025-12-17 08:00:00+00:00,signal,sell,0.148,87010.4,12877.5392,0.1802855488,-0.0,0.0023030751392700503,0.0,-0.148,maker,87010.4,
2025-12-17 14:54:00+00:00,stop_loss,buy,0.148,88907.5426525478,13158.316312577073,3.6843285675215802,1.0,,-280.77711257707466,0.0,taker,,88898.65278726906
2025-12-17 20:00:00+00:00,signal,sell,0.115,85982.7,9888.0105,0.138432147,-0.0,0.0006967318152925869,0.0,-0.115,maker,85982.7,
2025-12-18 08:00:00+00:00,signal,buy,0.115,86798.38915229526,9981.814752513956,2.794908130703907,1.2546913202087573,0.001013557321713746,-93.80425251395543,0.0,taker,,
2026-01-04 20:00:00+00:00,signal,buy,0.654,91102.9,59581.2966,0.8341381524000001,-0.0,0.019979521251945492,0.0,0.654,maker,91102.9,
2026-01-04 20:01:00+00:00,signal,buy,0.316,91096.1,28786.3676,0.4030091464000001,-0.0,0.0199810318029692,0.0,0.97,maker,91096.1,
2026-01-04 20:02:00+00:00,signal,buy,0.519,91096.1,47278.87590000001,0.6619042626000001,-0.0,0.019977180696893387,0.0,1.4889999999999999,maker,91096.1,
2026-01-04 20:03:00+00:00,signal,buy,0.184,91120.5,16766.172,0.234726408,-0.0,0.01992018882973321,0.0,1.6729999999999998,maker,91120.5,
2026-01-04 20:04:00+00:00,signal,buy,0.895,91134.0,81564.93000000001,1.1419090200000002,-0.0,0.019981639041453166,0.0,2.5679999999999996,maker,91134.0,
2026-01-04 20:05:00+00:00,signal,buy,0.033,91100.1,3006.3033000000005,0.04208824620000001,-0.0,0.0009203702617486206,0.0,2.6009999999999995,maker,91100.1,
2026-01-05 00:00:00+00:00,signal,buy,0.07100000000000001,91497.2,6496.301200000001,0.09094821680000002,-0.0,0.00021509350982026263,0.0,2.6719999999999997,maker,91497.2,
2026-01-05 04:00:00+00:00,signal,sell,0.092,92823.98456626546,8539.806580096421,2.391145842426998,1.2188718875840596,0.000748514112103269,156.50467620420636,2.5799999999999996,taker,,
2026-01-05 14:55:00+00:00,take_profit,sell,2.5799999999999996,93518.4168845059,241277.5155620252,67.55770435736704,1.0,,6180.570865917446,0.0,taker,,93527.76966147205
2026-01-06 08:00:00+00:00,signal,buy,1.983,93207.4,184830.27419999999,2.5876238388,-0.0,0.019991269547892775,0.0,1.983,maker,93207.4,
2026-01-06 08:01:00+00:00,signal,buy,0.443,93213.1,41293.403300000005,0.5781076462000001,-0.0,0.006184464724963437,0.0,2.426,maker,93213.1,
2026-01-06 16:44:00+00:00,stop_loss,sell,2.426,92375.64545406103,224103.31587155207,62.748928444034576,1.0,,-2020.3616284479117,0.0,taker,,92384.88394245527
2026-01-14 08:00:00+00:00,signal,buy,1.985,95166.6,188905.70100000003,2.6446798140000007,-0.0,0.013607683222621441,0.0,1.985,maker,95166.6,
2026-01-14 16:00:00+00:00,signal,buy,0.605,96691.9,58498.5995,0.818980393,-0.0,0.0034530764034078356,0.0,2.59,maker,96691.9,
2026-01-15 04:00:00+00:00,signal,sell,0.736,95924.0252382079,70600.08257532102,19.768023121089886,1.988132736185121,0.01525634850501085,295.2311591047929,1.8539999999999999,taker,,
2026-01-15 19:31:00+00:00,stop_loss,sell,1.8539999999999999,95397.81953496157,176867.55741781875,49.52291607698925,1.0,,-231.89166596505464,0.0,taker,,95407.36027098866
2026-01-17 04:00:00+00:00,signal,buy,0.197,95324.1,18778.847700000002,0.2629038678000001,-0.0,0.019982416626818305,0.0,0.197,maker,95324.1,
2026-01-17 04:01:00+00:00,signal,buy,0.263,95319.2,25068.9496,0.3509652944,-0.0,0.01011539922747392,0.0,0.46,maker,95319.2,
2026-01-17 16:00:00+00:00,signal,buy,0.08700000000000001,95529.0,8311.023000000001,0.11635432200000002,-0.0,0.0025613298457085967,0.0,0.547,maker,95529.0,
2026-01-18 12:00:00+00:00,signal,sell,0.541,95113.03170942767,51456.15015480037,14.407722043344103,2.1305148220797516,0.019969746295968944,-130.54414556526356,0.006000000000000005,taker,,
2026-01-18 12:01:00+00:00,signal,sell,0.006,95134.9115646316,570.8094693877896,0.15982665142858107,1.1549037182248747,0.0003749244049983022,-1.3165302465796704,0.0,taker,,
2026-01-26 04:00:00+00:00,signal,sell,0.041,87233.1,3576.5571000000004,0.05007179940000001,-0.0,0.00044884893925088926,0.0,-0.041,maker,87233.1,
2026-01-26 08:00:00+00:00,signal,sell,0.003,87969.0,263.907,0.003694698,-0.0,4.387018757507216e-05,0.0,-0.044000000000000004,maker,87969.0,
2026-01-26 15:15:00+00:00,stop_loss,buy,0.044000000000000004,88766.80191130366,3905.739284097361,1.093606999547261,1.0,,-65.27518409736054,0.0,taker,,88757.92611869179
2026-01-27 20:00:00+00:00,signal,sell,0.157,88378.1,13875.361700000001,0.19425506380000004,-0.0,0.0019799295854633753,0.0,-0.157,maker,88378.1,
2026-01-28 00:00:00+00:00,signal,buy,0.116,89208.82375724844,10348.22355584082,2.8975025956354292,1.2358777064499091,0.0008693483187510865,-96.3639558408179,-0.040999999999999995,taker,,
2026-01-28 11:54:00+00:00,stop_loss,buy,0.040999999999999995,89948.03101554298,3687.8692716372616,1.032603396058433,1.0,,-64.36717163726178,0.0,taker,,89939.0371118318
2026-01-29 16:00:00+00:00,signal,sell,0.046,84897.9,3905.3034,0.0546742476,-0.0,3.535770534701983e-05,0.0,-0.046,maker,84897.9,
2026-01-30 01:43:00+00:00,take_profit,buy,0.046,81201.94612145124,3735.289521586757,1.0458810660442919,1.0,,170.01387841324262,0.0,taker,,81193.82673877737
2026-02-01 12:00:00+00:00,signal,sell,0.05,78712.1,3935.6050000000005,0.05509847000000001,-0.0,0.0005249002445150896,0.0,-0.05,maker,78712.1,
2026-02-02 15:40:00+00:00,stop_loss,buy,0.05,79076.33563838921,3953.8167819194605,1.1070686989374487,1.0,,-18.21178191946019,0.0,taker,,79068.42879550967
2026-02-05 16:00:00+00:00,signal,sell,0.059000000000000004,67452.0,3979.668,0.05571535200000001,-0.0,7.340421885249458e-05,0.0,-0.059000000000000004,maker,67452.0,
2026-02-06 00:09:00+00:00,take_profit,buy,0.059000000000000004,61319.98832460896,3617.879311151929,1.01300620712254,1.0,,361.78868884807144,0.0,taker,,61313.856938915065
2026-02-07 04:00:00+00:00,signal,sell,0.004,70887.2,283.54879999999997,0.0039696832,-0.0,5.541411676184044e-06,0.0,-0.004,maker,70887.2,
2026-02-07 12:00:00+00:00,signal,sell,0.013000000000000001,67935.0,883.1550000000001,0.012364170000000002,-0.0,1.9455437018187168e-05,0.0,-0.017,maker,67935.0,
2026-02-08 13:19:00+00:00,stop_loss,buy,0.017,71358.12019130572,1213.0880432521972,0.3396646521106152,1.0,,-46.38424325219721,0.0,taker,,71350.98509279644
2026-02-09 20:00:00+00:00,signal,sell,0.021,70912.6,1489.1646000000003,0.020848304400000007,-0.0,0.00014034072087455566,0.0,-0.021,maker,70912.6,
2026-02-10 00:00:00+00:00,signal,buy,0.021,70118.3883173162,1472.4861546636403,0.4122961233058192,1.1108615981318144,0.0001920358428178112,16.67844533635986,0.0,taker,,
2026-02-11 12:00:00+00:00,signal,sell,0.093,67022.9,6233.1296999999995,0.0872638158,-0.0,0.0009654717789981035,0.0,-0.093,maker,67022.9,
2026-02-11 20:00:00+00:00,signal,buy,0.07,67555.95897794876,4728.917128456414,1.3240967959677956,1.237494440773664,0.0008813063968499289,-37.31412845641346,-0.022999999999999993,taker,,
2026-02-13 12:00:00+00:00,signal,buy,0.023,67145.13287515385,1544.3380561285385,0.43241465571599075,1.0922126065869502,0.00013286195021186954,-2.8113561285387543,0.0,taker,,
2026-02-23 08:00:00+00:00,signal,sell,0.042,65915.7,2768.4594,0.038758431600000004,-0.0,0.00033091283982037106,0.0,-0.042,maker,65915.7,
2026-02-24 05:24:00+00:00,take_profit,buy,0.042,62790.235274666535,2637.1898815359946,0.7384131668300784,1.0,,131.26951846400544,0.0,taker,,62783.956878978635
2026-03-08 16:00:00+00:00,signal,sell,0.033,67174.6,2216.7618,0.031034665200000006,-0.0,0.0008710028837217826,0.0,-0.033,maker,67174.6,
2026-03-09 00:00:00+00:00,signal,sell,0.107,65934.3,7054.9701000000005,0.09876958140000001,-0.0,0.0004786241550533151,0.0,-0.14,maker,65934.3,
2026-03-09 05:43:00+00:00,stop_loss,buy,0.14,67880.71178024108,9503.299649233752,2.6609239017854502,1.0,,-231.5677492337514,0.0,taker,,67873.9243878023
2026-03-15 20:00:00+00:00,signal,buy,0.521,71515.2,37259.4192,0.5216318688,-0.0,0.016135990535726612,0.0,0.521,maker,71515.2,
2026-03-16 00:00:00+00:00,signal,buy,1.579,72778.8,114917.7252,1.6088481528000003,-0.0,0.0023765580179701306,0.0,2.1,maker,72778.8,
2026-03-16 21:36:00+00:00,take_profit,sell,2.1,74529.00413333601,156510.90868000564,43.82305443040158,1.0,,4333.764280005654,0.0,taker,,74536.45777911393
2026-03-17 16:00:00+00:00,signal,buy,1.949,73878.5,143989.1965,2.015848751,-0.0,0.014376512391047,0.0,1.949,maker,73878.5,
2026-03-18 12:00:00+00:00,signal,sell,1.949,72895.79818566178,142073.91066385483,39.78069498587935,1.4541678560757791,0.0032229443983198386,-1915.2858361451824,0.0,taker,,
2026-03-27 16:00:00+00:00,signal,sell,0.139,66091.9,9186.7741,0.12861483740000001,-0.0,0.0003182889548549566,0.0,-0.139,maker,66091.9,
2026-03-28 00:00:00+00:00,signal,sell,0.015,66364.1,995.4615,0.013936461,-0.0,0.00013806514810702037,0.0,-0.15400000000000003,maker,66364.1,
2026-03-30 04:00:00+00:00,signal,buy,0.111,67148.61732945815,7453.4965235698555,2.0869790265995594,1.2834866634129447,0.0012556982552031901,-114.35268201141542,-0.043000000000000024,taker,,
2026-03-30 04:11:00+00:00,stop_loss,buy,0.043000000000000024,67470.4448118877,2901.229126911173,0.8123441555351283,1.0,,-58.137368469613655,0.0,taker,,67463.6984420435
2026-03-31 00:00:00+00:00,signal,sell,0.043000000000000003,66764.4,2870.8692,0.040192168800000004,-0.0,9.691447625879034e-05,0.0,-0.043000000000000003,maker,66764.4,
2026-03-31 01:34:00+00:00,stop_loss,buy,0.043000000000000003,68344.49275139724,2938.8131883100814,0.8228676927268227,1.0,,-67.94398831008141,0.0,taker,,68337.65898549868
2026-03-31 20:00:00+00:00,signal,sell,0.039,67803.0,2644.317,0.037020438,-0.0,0.00021876583308934103,0.0,-0.039,maker,67803.0,
2026-04-01 00:00:00+00:00,signal,buy,0.039,68249.21591765355,2661.7194207884886,0.7452814378207767,1.1453337202267388,0.0003300295349210001,-17.40242078848844,0.0,taker,,
2026-04-08 16:00:00+00:00,signal,buy,2.717,71274.9,193653.90329999998,2.7111546462,-0.0,0.018588239439758333,0.0,2.717,maker,71274.9,
2026-04-10 20:00:00+00:00,signal,sell,2.717,73174.25021028705,198814.43782134991,55.66804258997797,1.7967286326541478,0.009918383032671063,5160.5345213499295,0.0,taker,,
2026-04-11 08:00:00+00:00,signal,buy,1.1280000000000001,72707.8,82014.3984,1.1482015776000003,-0.0,0.019984528124830803,0.0,1.1280000000000001,maker,72707.8,
2026-04-11 08:01:00+00:00,signal,buy,0.44,72687.8,31982.632,0.44775684800000004,-0.0,0.01996434687547686,0.0,1.568,maker,72687.8,
2026-04-11 08:02:00+00:00,signal,buy,0.259,72677.2,18823.3948,0.2635275272,-0.0,0.019947711423071737,0.0,1.827,maker,72677.2,
2026-04-11 08:03:00+00:00,signal,buy,0.124,72679.1,9012.208400000001,0.12617091760000004,-0.0,0.019954953023103596,0.0,1.951,maker,72679.1,
2026-04-11 08:04:00+00:00,signal,buy,0.67,72679.0,48694.93,0.6817290200000001,-0.0,0.019996316515925983,0.0,2.621,maker,72679.0,
2026-04-11 08:05:00+00:00,signal,buy,0.24,72683.8,17444.112,0.24421756800000005,-0.0,0.019933118802984602,0.0,2.8609999999999998,maker,72683.8,
2026-04-11 08:06:00+00:00,signal,buy,0.124,72687.6,9013.262400000001,0.12618567360000002,-0.0,0.019846876738170982,0.0,2.985,maker,72687.6,
2026-04-11 08:07:00+00:00,signal,buy,0.1,72683.8,7268.380000000001,0.10175732000000003,-0.0,0.011865122608302867,0.0,3.085,maker,72683.8,
2026-04-11 20:00:00+00:00,signal,buy,0.295,73635.9,21722.5905,0.304116267,-0.0,0.004282782239005806,0.0,3.38,maker,73635.9,
2026-04-12 00:00:00+00:00,signal,sell,0.865,72999.33823124766,63144.42757002923,17.68043971960818,1.9259161677618661,0.013395636714419068,194.97169650850964,2.5149999999999997,taker,,
2026-04-12 01:36:00+00:00,stop_loss,sell,2.5149999999999997,72163.90632669388,181492.22441163508,50.817822835257815,1.0,,-1534.228214844212,0.0,taker,,72171.12343903778
2026-04-14 04:00:00+00:00,signal,buy,0.662,74408.8,49258.62560000001,0.6896207584000001,-0.0,0.019972571111203763,0.0,0.662,maker,74408.8,
2026-04-14 04:01:00+00:00,signal,buy,1.113,74376.8,82781.3784,1.1589392976000001,-0.0,0.019988207975101053,0.0,1.775,maker,74376.8,
2026-04-14 04:02:00+00:00,signal,buy,0.537,74350.7,39926.3259,0.5589685626000002,-0.0,0.01642711530125187,0.0,2.312,maker,74350.7,
2026-04-15 07:17:00+00:00,stop_loss,sell,2.312,73654.01172342333,170288.07510455474,47.68066102927532,1.0,,-1678.2547954452818,0.0,taker,,73661.37786120945
2026-04-17 08:00:00+00:00,signal,buy,2.112,75047.4,158500.1088,2.2190015232,-0.0,0.019486572046996362,0.0,2.112,maker,75047.4,
2026-04-17 12:00:00+00:00,signal,buy,0.11800000000000001,75542.1,8913.967800000002,0.12479554920000005,-0.0,0.0007817793335420071,0.0,2.23,maker,75542.1,
2026-04-17 16:00:00+00:00,signal,buy,0.641,77736.2,49828.9042,0.6976046588,-0.0,0.0036707293712738846,0.0,2.871,maker,77736.2,
2026-04-17 16:21:00+00:00,take_profit,sell,2.871,78082.49390969369,224174.84001473058,62.76895520412456,1.0,,6931.85921473058,0.0,taker,,78090.30293998768
2026-05-02 04:00:00+00:00,signal,buy,0.278,78377.7,21789.0006,0.3050460084,-0.0,0.019957840064709933,0.0,0.278,maker,78377.7,
2026-05-02 04:01:00+00:00,signal,buy,0.44,78400.7,34496.308,0.482948312,-0.0,0.007316288236864321,0.0,0.718,maker,78400.7,
2026-05-02 16:00:00+00:00,signal,buy,0.078,78449.8,6119.084400000001,0.08566718160000002,-0.0,0.0008279183688062371,0.0,0.7959999999999999,maker,78449.8,
2026-05-04 04:00:00+00:00,signal,buy,3.3930000000000002,80278.7,272385.6291,3.8133988074000005,-0.0,0.011194087371050095,0.0,4.189,maker,80278.7,
2026-05-04 08:00:00+00:00,signal,sell,1.188,79651.08847125634,94625.49310385252,26.495138069078706,1.5454435466793675,0.004648572853346364,-320.9251952164593,3.0010000000000003,taker,,
2026-05-04 10:06:00+00:00,stop_loss,sell,3.0010000000000003,79021.03668309713,237142.1310859745,66.39979670407286,1.0,,-2701.472714956524,0.0,taker,,79028.93957705484
2026-05-05 04:00:00+00:00,signal,buy,1.798,80836.8,145344.5664,2.0348239296000004,-0.0,0.019999758835034586,0.0,1.798,maker,80836.8,
2026-05-05 04:01:00+00:00,signal,buy,1.102,80804.5,89046.55900000001,1.2466518260000004,-0.0,0.009522811461604063,0.0,2.9000000000000004,maker,80804.5,
2026-05-06 16:00:00+00:00,signal,sell,0.41600000000000004,81643.98602508646,33963.89818643597,9.509891492202069,1.5202696804572422,0.004229383443798139,340.8953704359676,2.4840000000000004,taker,,
2026-05-06 23:03:00+00:00,stop_loss,sell,2.4840000000000004,80977.57779717947,201148.30324819384,56.32152490949427,1.0,,380.18066419381876,0.0,taker,,80985.67636481595
2026-05-11 20:00:00+00:00,signal,buy,0.709,81917.8,58079.720199999996,0.8131160828,-0.0,0.0045311214998326795,0.0,0.709,maker,81917.8,
2026-05-12 10:32:00+00:00,stop_loss,sell,0.709,80631.85202105816,57167.98308293024,16.007035263220466,1.0,,-911.7371170697646,0.0,taker,,80639.91601265942
2026-05-18 08:00:00+00:00,signal,sell,0.233,77039.5,17950.2035,0.251302849,-0.0,0.0013199110137439329,0.0,-0.233,maker,77039.5,
2026-05-20 04:00:00+00:00,signal,buy,0.233,76699.84211550036,17871.063212911584,5.003897699615243,1.3355286114880713,0.0017590538926111432,79.14028708841617,0.0,taker,,
2026-05-28 08:00:00+00:00,signal,sell,0.264,73467.0,19395.288,0.27153403200000004,-0.0,0.001903302062620941,0.0,-0.264,maker,73467.0,
2026-05-28 16:00:00+00:00,signal,sell,0.021,72899.0,1530.8790000000001,0.021432306000000005,-0.0,0.00015192405878420169,0.0,-0.28500000000000003,maker,72899.0,
2026-05-29 04:00:00+00:00,signal,buy,0.069,73278.11063468143,5056.189633793019,1.4157330974620452,1.2298001041940043,0.0008251263732433637,10.145534628033538,-0.21600000000000003,taker,,
2026-05-29 17:12:00+00:00,stop_loss,buy,0.21600000000000003,74236.95305604345,16035.181860105387,4.489850920829508,1.0,,-175.35002852643842,0.0,taker,,74229.53010303315
2026-05-31 20:00:00+00:00,signal,sell,0.215,73521.9,15807.208499999999,0.221300919,-0.0,0.004901766324524993,0.0,-0.215,maker,73521.9,
2026-06-01 08:00:00+00:00,signal,buy,0.215,72785.4534177679,15648.872484820098,4.381684295749627,1.2852320704047684,0.0012712083435529797,158.3360151798999,0.0,taker,,
2026-06-01 12:00:00+00:00,signal,sell,0.333,72452.7,24126.7491,0.33777448740000005,-0.0,0.000251733017898758,0.0,-0.333,maker,72452.7,
2026-06-02 02:07:00+00:00,take_profit,buy,0.333,70198.25915086815,23376.020297239094,6.545285683226946,1.0,,750.7288027609048,0.0,taker,,70191.24002686546
2026-06-03 00:00:00+00:00,signal,sell,0.365,66730.1,24356.486500000003,0.34099081100000006,-0.0,0.0003789424760458609,0.0,-0.365,maker,66730.1,
2026-06-04 00:29:00+00:00,take_profit,buy,0.365,63552.43455134441,23196.63861124071,6.495058811147398,1.0,,1159.8478887592912,0.0,taker,,63546.07994335008
2026-06-05 04:00:00+00:00,signal,sell,0.393,62700.0,24641.100000000002,0.34497540000000004,-0.0,0.005587366005868923,0.0,-0.393,maker,62700.0,
2026-06-07 08:23:00+00:00,stop_loss,buy,0.393,62447.67145613393,24541.934882260637,6.871741767032978,1.0,,99.16511773936465,0.0,taker,,62441.42731340259
2026-06-08 12:00:00+00:00,signal,sell,0.008,63450.1,507.6008,0.007106411200000001,-0.0,9.364005881141018e-06,0.0,-0.008,maker,63450.1,
2026-06-09 08:00:00+00:00,signal,buy,0.008,63177.84213835451,505.42273710683605,0.14151836638991408,1.0989456149115595,0.00015297241734729106,2.1780628931639368,0.0,taker,,
2026-06-10 00:00:00+00:00,signal,sell,0.009000000000000001,61694.9,555.2541000000001,0.007773557400000002,-0.0,0.00011083393191819465,0.0,-0.009000000000000001,maker,61694.9,
2026-06-11 06:21:00+00:00,stop_loss,buy,0.009000000000000001,62926.17332284969,566.3355599056473,0.15857395677358124,1.0,,-11.081459905647186,0.0,taker,,62919.88133471622
2026-06-11 16:00:00+00:00,signal,sell,0.041,62721.2,2571.5692,0.036001968800000006,-0.0,0.0001868308206828655,0.0,-0.041,maker,62721.2,
2026-06-11 20:00:00+00:00,signal,buy,0.041,63574.610039487205,2606.5590116189755,0.729836523253313,1.0870362601146166,0.00011836422773030009,-34.98981161897551,0.0,taker,,
2026-06-24 20:00:00+00:00,signal,sell,0.062,59923.7,3715.2693999999997,0.0520137716,-0.0,0.00023504917162254122,0.0,-0.062,maker,59923.7,
2026-06-25 04:00:00+00:00,signal,buy,0.013000000000000001,60860.6216222508,791.1880810892604,0.22153266270499292,1.0881161880567742,0.00012131972808838774,-12.179981089260451,-0.049,taker,,
2026-06-25 05:02:00+00:00,stop_loss,buy,0.049,61427.62442363287,3009.953596758011,0.842787007092243,1.0,,-73.69229675801084,0.0,taker,,61421.48227540533
2026-06-25 20:00:00+00:00,signal,sell,0.04,59299.9,2371.996,0.033207944,-0.0,5.8725808581664316e-05,0.0,-0.04,maker,59299.9,
2026-06-26 04:00:00+00:00,signal,sell,0.001,60015.0,60.015,0.0008402100000000001,-0.0,6.337346590398889e-07,0.0,-0.041,maker,60015.0,
2026-06-30 04:00:00+00:00,signal,sell,0.157,59596.1,9356.5877,0.13099222780000003,-0.0,0.001411989979723924,0.0,-0.198,maker,59596.1,
2026-06-30 08:00:00+00:00,signal,buy,0.198,59506.13868884395,11782.215460391102,3.299020328909508,1.4183218584850208,0.0027342683950994035,6.383239608897668,0.0,taker,,
2026-06-30 20:00:00+00:00,signal,sell,0.198,58794.0,11641.212000000001,0.16297696800000003,-0.0,0.001032039673467803,0.0,-0.198,maker,58794.0,
2026-07-01 04:00:00+00:00,signal,sell,0.01,59169.7,591.697,0.008283758,-0.0,5.2411087635013636e-05,0.0,-0.20800000000000002,maker,59169.7,
2026-07-01 14:15:00+00:00,stop_loss,buy,0.20800000000000002,59990.81738481992,12478.090016042544,3.4938652044919123,1.0,,-245.18101604254383,0.0,taker,,59984.818902929626
2026-07-21 20:00:00+00:00,signal,buy,3.129,66409.5,207795.3255,2.9091345570000002,-0.0,0.019998759397462124,0.0,3.129,maker,66409.5,
2026-07-21 20:01:00+00:00,signal,buy,0.34400000000000003,66327.7,22816.7288,0.31943420320000004,-0.0,0.008389742664932759,0.0,3.473,maker,66327.7,
2026-07-23 04:00:00+00:00,signal,sell,2.515,65612.7139541588,165015.9755947094,46.204473166518625,2.1311517783473484,0.01999225540091201,-1983.5396844441102,0.9579999999999997,taker,,
2026-07-23 04:01:00+00:00,signal,sell,0.075,65586.6174539898,4918.996309049236,1.377318966533786,1.2474382131197013,0.0009566510829979794,-61.108520348979795,0.8829999999999998,taker,,
2026-07-23 07:11:00+00:00,stop_loss,sell,0.8829999999999998,65498.312166540956,57835.00964305565,16.19380270005558,1.0,,-797.424548392656,0.0,taker,,65504.86265280624
